timestamp,ch3,ch4,ch5,ch6,ch7,ch8,ch9,ch10,ch11,ch12,ch13,ch14,ch22,ch23,ch24,ch25,ch26,ch27,ch28,ch29,ch30,ch35,ch36,ch37,ch38,ch39,ch40,ch41,ch42,ch43,ch44,ch45,ch46,ch51,ch52,ch53,ch54,ch55,ch56,ch57,ch58,ch59,ch60,ch61,ch62,humidity,temperature,location
2024-04-12T19:41:13Z,2473.6,2473.0,2473.1,2776.3,2775.9,2776.5,5934.2,5934.0,5933.6,2429.5,2429.7,2429.8,3668.1,3668.1,3667.1,4638.4,4638.0,4637.7,6528.8,6527.3,6527.7,8983.1,8979.7,8982.2,5441.5,5440.1,5441.8,7714.4,7713.0,7714.1,6350.1,6350.7,6350.1,1934.0,1932.1,1932.4,3851.4,3851.4,3852.1,2742.3,2740.8,2741.0,3004.9,3004.6,3004.9,25.709999,29.770000,desks 1 2 3
2024-04-12T19:41:15Z,2451.1,2450.3,2450.4,2736.6,2736.2,2736.8,5872.6,5872.1,5872.4,2406.6,2407.0,2407.8,3627.3,3626.4,3626.5,4574.3,4574.2,4574.5,6433.8,6434.9,6434.1,8908.0,8907.5,8909.8,5388.1,5388.2,5387.9,7631.2,7632.7,7632.2,6291.3,6289.5,6290.3,1914.9,1913.5,1913.4,3816.0,3815.9,3816.8,2708.9,2709.3,2709.2,2980.1,2979.3,2979.8,25.340000,30.020000,desks 1 2 3
2024-04-12T19:41:17Z,2450.9,2450.4,2450.7,2736.3,2736.3,2737.2,5873.0,5872.9,5872.8,2406.9,2406.6,2407.6,3627.0,3626.8,3627.3,4574.2,4574.5,4574.0,6435.5,6435.3,6434.7,8910.3,8911.2,8911.1,5387.5,5387.7,5387.4,7632.3,7630.8,7631.7,6290.0,6288.5,6287.2,1915.4,1914.0,1913.8,3816.8,3816.1,3817.1,2709.9,2709.2,2708.9,2980.6,2981.1,2981.8,25.360001,29.969999,desks 1 2 3
2024-04-12T19:41:19Z,2450.8,2449.8,2449.9,2736.2,2736.0,2736.3,5872.6,5872.1,5872.4,2408.2,2407.9,2409.1,3626.7,3626.5,3626.6,4574.5,4574.2,4574.3,6436.7,6435.3,6434.9,8909.1,8911.2,8909.5,5384.6,5384.2,5385.1,7630.1,7630.0,7630.3,6285.6,6286.8,6286.7,1914.7,1913.0,1913.4,3816.0,3816.6,3817.0,2709.2,2708.1,2708.6,2981.2,2980.0,2980.2,25.340000,29.950001,desks 1 2 3
2024-04-12T19:41:21Z,2450.6,2450.2,2450.5,2736.8,2736.6,2737.1,5872.6,5872.6,5872.1,2407.9,2407.7,2408.4,3626.8,3626.2,3626.6,4574.2,4573.7,4573.7,6435.1,6432.9,6436.2,8908.1,8912.6,8908.4,5385.1,5386.2,5385.2,7631.8,7629.9,7629.9,6288.7,6287.5,6287.0,1914.6,1912.9,1913.0,3816.4,3816.6,3817.6,2709.2,2708.4,2708.5,2980.1,2980.4,2980.0,25.330000,29.969999,desks 1 2 3
2024-04-12T19:41:23Z,2450.8,2449.6,2450.3,2736.7,2736.7,2737.3,5872.4,5871.9,5871.9,2407.9,2407.4,2408.2,3627.8,3627.0,3626.8,4574.2,4574.0,4574.1,6432.2,6432.2,6433.2,8912.4,8910.3,8911.7,5386.4,5386.5,5386.4,7630.2,7630.2,7630.4,6288.6,6287.8,6286.9,1914.5,1913.0,1913.5,3816.3,3816.5,3817.2,2708.9,2708.5,2708.6,2981.0,2980.2,2980.7,25.340000,29.980000,desks 1 2 3
2024-04-12T19:41:25Z,2450.7,2449.9,2450.0,2736.3,2736.2,2736.5,5872.8,5871.9,5872.7,2408.5,2408.4,2408.2,3626.3,3626.7,3626.8,4574.4,4573.6,4574.2,6433.2,6432.5,6433.5,8909.2,8908.3,8910.8,5388.0,5387.1,5387.0,7627.3,7626.6,7627.8,6289.1,6288.4,6289.3,1914.5,1913.1,1912.7,3815.5,3815.7,3816.9,2710.0,2708.9,2708.5,2980.5,2980.7,2980.6,25.360001,29.940001,desks 1 2 3
2024-04-12T19:41:28Z,2451.5,2451.0,2450.9,2737.2,2736.5,2736.9,5872.5,5871.4,5871.9,2407.8,2408.1,2408.4,3626.9,3627.0,3626.4,4574.7,4573.7,4574.1,6434.7,6433.3,6432.3,8910.8,8911.5,8911.6,5384.0,5386.8,5388.2,7631.2,7628.8,7629.7,6288.0,6286.5,6288.9,1914.3,1912.9,1912.8,3815.7,3816.1,3816.8,2709.9,2708.8,2708.9,2981.4,2980.0,2979.7,25.340000,29.969999,desks 1 2 3
2024-04-12T19:41:35Z,2450.7,2450.0,2450.4,2736.7,2736.2,2736.7,5872.1,5872.1,5872.4,2408.2,2408.3,2408.8,3626.5,3626.3,3626.0,4574.1,4574.2,4573.9,6432.2,6430.4,6432.3,8908.9,8910.1,8909.7,5386.1,5385.4,5386.9,7626.7,7627.9,7627.0,6287.7,6288.1,6289.0,1914.7,1913.3,1912.7,3815.0,3814.9,3815.7,2709.8,2709.1,2709.2,2977.9,2977.8,2978.3,25.340000,29.959999,going to desks 5 6 7
2024-04-12T19:41:40Z,2449.9,2449.8,2450.2,2737.2,2737.0,2736.7,5872.0,5872.0,5871.8,2407.2,2407.5,2407.8,3627.4,3627.1,3627.8,4574.4,4574.1,4573.9,6436.4,6432.3,6433.6,8911.0,8908.8,8907.9,5384.9,5385.5,5386.2,7629.7,7628.6,7630.0,6291.6,6290.7,6290.6,1914.6,1913.1,1913.0,3815.1,3814.9,3816.2,2709.0,2708.5,2708.4,2979.6,2978.6,2979.2,25.340000,29.940001,going to desks 5 6 7
2024-04-12T19:41:45Z,2450.5,2450.0,2450.5,2736.9,2737.1,2737.0,5872.2,5872.1,5872.0,2408.2,2407.6,2408.2,3626.7,3627.1,3627.4,4574.0,4574.1,4573.9,6430.6,6431.2,6432.9,8909.9,8909.7,8909.5,5385.2,5385.2,5384.9,7630.3,7628.5,7628.8,6289.7,6287.9,6287.9,1914.9,1913.5,1912.8,3815.4,3815.3,3815.9,2708.6,2707.9,2707.7,2980.6,2980.1,2980.2,25.360001,29.930000,going to desks 5 6 7
2024-04-12T19:41:50Z,2450.5,2449.9,2449.9,2736.9,2736.2,2737.1,5871.4,5870.6,5870.7,2408.2,2408.1,2408.7,3627.1,3627.1,3627.2,4573.6,4573.8,4573.8,6433.6,6434.4,6433.5,8909.7,8907.8,8910.3,5384.6,5384.6,5385.3,7627.0,7626.6,7625.9,6290.0,6289.6,6291.0,1914.2,1913.0,1912.8,3815.0,3814.7,3815.6,2708.1,2707.8,2708.0,2978.4,2978.3,2978.0,25.360001,29.900000,going to desks 5 6 7
2024-04-12T19:41:53Z,2449.9,2449.7,2449.5,2736.1,2736.1,2736.7,5871.6,5870.8,5870.7,2407.7,2407.4,2408.0,3627.7,3626.9,3626.1,4573.5,4573.6,4573.0,6430.5,6428.9,6428.9,8911.1,8910.1,8908.8,5385.3,5384.7,5386.1,7631.4,7631.2,7630.9,6287.4,6287.8,6290.0,1914.3,1912.7,1912.7,3815.3,3815.9,3816.3,2709.1,2708.7,2708.2,2980.6,2979.7,2980.3,25.360001,29.940001,desks 5 6 7
2024-04-12T19:41:55Z,2450.7,2449.8,2450.3,2736.8,2736.9,2736.9,5871.6,5870.8,5870.8,2407.6,2407.6,2408.2,3627.3,3626.8,3625.9,4573.7,4573.7,4573.6,6431.5,6430.5,6431.5,8913.5,8910.9,8910.4,5384.7,5385.4,5385.7,7631.5,7630.5,7628.3,6285.5,6287.0,6287.1,1913.9,1912.6,1912.4,3815.8,3815.3,3815.9,2708.6,2707.9,2707.8,2980.5,2980.2,2980.3,25.370001,29.930000,desks 5 6 7
2024-04-12T19:41:57Z,2450.5,2449.6,2449.9,2736.6,2736.1,2736.2,5870.8,5870.2,5871.2,2407.8,2407.6,2407.2,3627.7,3628.2,3627.6,4573.9,4573.4,4573.2,6430.6,6432.9,6434.0,8907.3,8908.1,8909.3,5385.8,5386.1,5386.6,7630.3,7629.8,7629.8,6285.0,6285.7,6286.7,1914.1,1912.7,1912.2,3814.8,3814.6,3815.5,2708.0,2707.2,2707.2,2979.8,2980.5,2980.1,25.370001,29.930000,desks 5 6 7
2024-04-12T19:41:59Z,2450.1,2449.4,2449.7,2736.7,2736.2,2737.0,5870.0,5870.0,5870.0,2407.2,2407.3,2408.3,3627.1,3627.0,3627.3,4573.8,4572.8,4573.0,6433.3,6434.0,6433.9,8907.0,8907.1,8909.1,5387.3,5385.3,5386.6,7631.7,7632.6,7631.5,6284.9,6285.0,6284.5,1913.9,1912.7,1912.5,3814.8,3814.8,3815.9,2707.4,2706.3,2706.5,2980.9,2980.3,2980.8,25.360001,29.940001,desks 5 6 7
2024-04-12T19:42:01Z,2450.0,2449.4,2449.7,2735.9,2735.8,2736.2,5870.9,5870.0,5870.4,2407.4,2407.1,2407.6,3627.1,3626.7,3626.2,4574.2,4573.3,4573.9,6434.3,6434.1,6432.8,8908.2,8908.2,8907.8,5383.8,5384.1,5383.7,7630.9,7630.2,7627.9,6289.4,6288.3,6287.8,1913.7,1912.2,1912.6,3814.0,3814.1,3814.8,2708.0,2706.6,2706.9,2981.3,2980.3,2981.1,25.370001,29.910000,desks 5 6 7
2024-04-12T19:42:03Z,2450.0,2449.3,2449.7,2736.7,2736.3,2737.0,5870.7,5870.3,5870.0,2407.6,2407.6,2408.2,3625.9,3625.7,3626.6,4573.2,4573.4,4573.3,6430.5,6429.7,6430.7,8908.8,8908.4,8908.0,5386.1,5385.3,5386.5,7628.8,7630.3,7629.6,6287.3,6286.9,6286.0,1913.8,1912.3,1912.3,3814.9,3814.8,3815.8,2707.6,2706.6,2706.7,2981.2,2980.8,2981.1,25.360001,29.930000,desks 5 6 7
2024-04-12T19:42:10Z,2450.1,2449.2,2449.8,2736.3,2736.1,2736.9,5870.7,5870.6,5870.8,2407.4,2407.3,2407.6,3626.8,3626.7,3626.9,4573.4,4573.5,4573.4,6434.2,6433.3,6431.7,8906.6,8909.6,8907.5,5385.8,5386.1,5386.7,7629.5,7628.3,7628.8,6281.9,6282.3,6285.5,1913.9,1912.7,1912.5,3814.6,3814.7,3815.3,2707.2,2706.5,2707.3,2980.5,2980.1,2981.1,25.360001,29.879999,going to desks 9 10 11
2024-04-12T19:42:15Z,2449.8,2448.9,2449.0,2736.3,2736.5,2736.8,5870.2,5870.1,5869.8,2407.7,2408.2,2408.3,3626.4,3626.9,3626.6,4573.5,4573.3,4573.1,6432.5,6433.8,6432.5,8907.5,8907.4,8907.0,5385.4,5386.0,5386.2,7631.1,7628.6,7629.0,6284.5,6284.7,6284.8,1914.2,1912.8,1912.6,3815.1,3814.9,3815.7,2706.3,2706.6,2706.9,2981.1,2980.5,2981.0,25.370001,29.930000,going to desks 9 10 11
2024-04-12T19:42:20Z,2449.7,2448.8,2449.2,2736.4,2736.3,2736.4,5870.0,5869.2,5869.7,2407.7,2408.1,2407.8,3626.6,3626.2,3626.7,4573.2,4573.1,4572.9,6430.6,6429.8,6429.5,8906.4,8907.2,8907.1,5384.2,5384.5,5385.5,7627.3,7627.3,7628.0,6285.7,6284.8,6284.9,1914.0,1912.7,1912.7,3813.6,3814.0,3815.0,2707.0,2706.6,2705.7,2981.3,2980.5,2980.7,25.389999,29.910000,going to desks 9 10 11
2024-04-12T19:42:25Z,2450.1,2449.4,2449.3,2735.6,2735.4,2735.1,5870.1,5869.3,5869.6,2407.2,2407.0,2407.2,3626.3,3625.3,3626.0,4572.4,4572.6,4571.9,6429.0,6428.9,6429.5,8907.4,8908.0,8905.7,5384.9,5383.8,5385.7,7629.1,7626.9,7626.4,6285.7,6288.7,6289.0,1913.5,1911.9,1911.7,3813.1,3813.1,3814.0,2707.2,2706.4,2706.2,2981.0,2979.7,2981.1,25.389999,29.940001,going to desks 9 10 11
2024-04-12T19:42:30Z,2449.5,2449.3,2449.1,2735.0,2735.4,2735.3,5869.8,5869.3,5869.2,2407.1,2407.0,2407.1,3625.7,3625.5,3626.3,4572.2,4571.4,4571.6,6428.6,6428.4,6428.9,8905.2,8907.1,8906.6,5384.0,5384.6,5384.5,7630.6,7628.3,7628.2,6288.7,6288.5,6289.7,1913.8,1912.4,1912.1,3813.8,3813.6,3814.7,2707.4,2706.2,2706.2,2981.4,2980.2,2980.9,25.389999,29.910000,going to desks 9 10 11
2024-04-12T19:42:35Z,2449.1,2448.7,2448.9,2734.9,2734.6,2735.3,5869.9,5869.9,5869.8,2407.2,2407.1,2407.9,3626.4,3625.5,3625.4,4571.9,4571.7,4571.5,6427.0,6424.5,6424.6,8904.9,8906.3,8905.9,5384.2,5384.3,5384.5,7625.8,7624.9,7624.7,6288.6,6288.7,6290.1,1913.6,1912.1,1912.0,3813.3,3813.7,3813.9,2706.4,2706.0,2706.1,2980.1,2980.2,2981.6,25.389999,29.940001,going to desks 9 10 11
2024-04-12T19:42:40Z,2449.9,2449.2,2449.5,2735.3,2735.3,2735.8,5869.7,5868.7,5868.7,2407.3,2407.0,2407.3,3626.9,3626.7,3625.8,4571.4,4571.0,4571.2,6428.0,6428.8,6430.5,8905.7,8906.1,8906.0,5383.1,5383.3,5383.9,7627.8,7625.7,7625.2,6288.9,6287.8,6288.2,1914.0,1912.8,1912.2,3812.8,3812.6,3813.1,2706.1,2705.5,2705.4,2980.6,2979.9,2980.1,25.370001,30.010000,going to desks 9 10 11
2024-04-12T19:42:45Z,2449.3,2448.6,2448.8,2734.8,2735.1,2734.8,5869.8,5869.5,5869.6,2406.6,2406.9,2407.6,3625.5,3625.1,3625.4,4571.4,4571.4,4571.4,6430.2,6429.2,6431.5,8905.3,8904.8,8908.3,5384.6,5384.5,5384.5,7627.8,7626.8,7625.5,6290.4,6290.5,6289.0,1914.1,1912.8,1913.1,3812.3,3812.8,3813.9,2706.4,2705.6,2706.1,2981.6,2980.6,2981.1,25.389999,30.000000,going to desks 9 10 11
2024-04-12T19:42:50Z,2449.2,2448.9,2448.7,2734.5,2734.5,2734.6,5870.0,5869.2,5869.7,2406.6,2406.6,2407.0,3625.0,3625.6,3626.0,4571.4,4571.2,4571.4,6429.0,6429.3,6429.8,8905.3,8904.6,8904.6,5384.1,5384.5,5385.7,7626.0,7625.0,7625.1,6285.0,6284.4,6287.5,1913.9,1912.5,1912.2,3813.1,3813.0,3813.8,2706.7,2706.0,2705.9,2979.3,2978.6,2979.2,25.389999,30.030001,going to desks 9 10 11
2024-04-12T19:42:56Z,2450.3,2449.5,2449.6,2734.7,2734.6,2735.1,5869.5,5869.5,5868.9,2406.2,2405.9,2406.6,3625.3,3624.7,3624.5,4571.7,4571.1,4571.0,6428.6,6428.1,6428.8,8904.9,8905.7,8906.0,5383.7,5384.1,5384.1,7623.2,7623.6,7623.6,6287.8,6286.4,6289.1,1913.5,1912.1,1911.8,3812.0,3812.2,3812.9,2707.5,2706.6,2706.7,2979.3,2979.1,2979.3,25.420000,30.100000,going to desks 9 10 11
2024-04-12T19:43:00Z,2449.2,2448.7,2448.8,2734.9,2734.8,2735.0,5869.0,5868.9,5868.9,2406.4,2406.9,2406.2,3624.9,3624.6,3624.3,4571.6,4571.3,4571.6,6427.0,6429.6,6428.2,8905.2,8905.7,8904.7,5384.5,5384.5,5384.4,7627.4,7626.9,7627.6,6287.1,6287.1,6289.2,1914.0,1912.5,1912.4,3813.5,3813.8,3814.2,2707.0,2706.3,2706.3,2979.6,2979.7,2979.0,25.389999,30.030001,going to desks 9 10 11
2024-04-12T19:43:05Z,2449.5,2448.9,2449.3,2734.4,2734.3,2734.7,5869.0,5868.4,5868.8,2406.8,2406.6,2406.8,3626.3,3626.4,3625.2,4571.0,4570.9,4570.9,6428.1,6427.1,6428.1,8902.2,8902.3,8902.9,5382.4,5381.5,5382.5,7628.1,7627.3,7625.6,6287.5,6286.8,6289.2,1913.6,1912.3,1912.1,3812.7,3813.3,3813.8,2707.2,2705.6,2705.6,2980.2,2979.1,2980.4,25.400000,30.010000,going to desks 9 10 11
2024-04-12T19:43:10Z,2449.4,2448.5,2448.9,2734.9,2734.7,2734.8,5868.2,5867.8,5867.6,2406.9,2407.2,2407.0,3625.6,3624.9,3624.8,4571.0,4570.2,4570.9,6426.8,6428.0,6428.8,8902.3,8900.7,8902.7,5384.5,5383.6,5384.4,7626.2,7625.7,7624.0,6286.0,6286.4,6285.3,1913.4,1911.9,1912.0,3812.6,3812.7,3813.7,2706.4,2706.1,2706.3,2980.2,2980.2,2979.6,25.420000,30.010000,going to kristen caroline 15
2024-04-12T19:43:15Z,2448.7,2448.8,2449.0,2734.3,2733.9,2734.7,5868.3,5867.5,5868.1,2406.4,2406.1,2406.9,3625.9,3625.8,3625.3,4571.0,4570.6,4571.1,6428.8,6428.7,6430.0,8907.6,8905.2,8904.8,5385.0,5385.1,5384.7,7625.6,7625.2,7624.7,6285.4,6285.8,6284.6,1913.6,1912.2,1912.0,3812.8,3812.9,3813.6,2706.8,2706.2,2706.0,2980.1,2979.4,2979.7,25.400000,30.070000,going to kristen caroline 15
2024-04-12T19:43:20Z,2449.1,2448.7,2448.7,2734.6,2734.0,2734.6,5868.4,5868.3,5868.2,2407.0,2406.9,2407.4,3625.4,3624.9,3625.5,4570.3,4570.9,4570.3,6425.1,6425.6,6427.8,8903.1,8902.9,8902.4,5383.9,5382.1,5383.0,7626.0,7624.8,7624.7,6287.8,6286.9,6288.0,1913.7,1912.2,1911.8,3812.3,3812.3,3813.3,2706.7,2705.9,2705.8,2979.8,2979.4,2979.9,25.430000,30.030001,going to kristen caroline 15
2024-04-12T19:43:25Z,2449.3,2448.4,2448.4,2733.7,2733.3,2733.9,5867.6,5867.7,5867.9,2405.6,2406.0,2406.5,3623.9,3623.9,3623.6,4570.6,4569.9,4569.5,6426.1,6425.8,6425.5,8900.9,8901.2,8901.1,5383.4,5383.9,5383.9,7628.0,7625.8,7625.8,6283.8,6284.7,6284.5,1913.4,1912.2,1911.9,3812.9,3812.8,3814.1,2707.3,2706.5,2705.9,2979.0,2978.5,2977.6,25.420000,30.049999,going to kristen caroline 15
2024-04-12T19:43:30Z,2449.0,2448.0,2448.0,2733.1,2733.4,2733.3,5868.0,5867.8,5868.0,2406.3,2406.1,2406.7,3625.7,3624.7,3625.1,4570.0,4569.7,4570.0,6424.4,6424.8,6425.4,8902.0,8903.2,8901.3,5383.7,5382.1,5382.4,7626.2,7625.9,7625.4,6284.7,6284.2,6283.9,1912.9,1911.7,1911.6,3812.9,3812.4,3813.3,2706.8,2705.9,2705.7,2977.8,2977.6,2978.4,25.430000,30.030001,going to kristen caroline 15
2024-04-12T19:43:35Z,2448.9,2448.4,2448.5,2733.9,2733.7,2733.6,5867.5,5867.6,5867.4,2405.4,2406.0,2406.4,3624.9,3624.5,3624.9,4570.4,4570.3,4570.3,6425.3,6425.7,6426.6,8903.5,8903.5,8904.0,5382.0,5382.3,5383.3,7626.3,7625.6,7625.9,6284.2,6284.8,6285.0,1913.5,1911.9,1911.8,3812.9,3812.8,3813.3,2707.6,2706.6,2706.6,2978.4,2978.0,2978.0,25.420000,30.010000,kristen caroline 15
2024-04-12T19:43:37Z,2448.3,2448.0,2448.3,2733.5,2733.0,2733.6,5868.0,5867.6,5867.4,2405.8,2405.6,2406.4,3625.2,3624.5,3624.4,4569.5,4569.6,4569.2,6428.9,6427.9,6429.2,8901.1,8902.1,8901.3,5381.5,5382.7,5382.7,7625.4,7625.2,7624.0,6283.8,6281.9,6283.3,1913.5,1911.9,1911.8,3812.2,3812.6,3812.9,2707.3,2706.7,2706.5,2978.9,2977.6,2976.8,25.400000,29.969999,kristen caroline 15
2024-04-12T19:43:49Z,2448.2,2447.6,2447.8,2733.3,2733.2,2733.3,5866.5,5866.6,5866.5,2405.7,2405.5,2405.3,3624.8,3624.4,3624.1,4570.1,4570.2,4570.1,6427.2,6428.6,6430.3,8902.0,8902.2,8902.3,5382.4,5382.0,5382.8,7621.6,7622.9,7623.3,6286.4,6284.6,6285.7,1913.5,1911.9,1912.0,3812.1,3811.7,3812.7,2706.5,2705.9,2706.2,2977.5,2977.5,2977.6,25.430000,29.910000,going to desks 17 18 19
2024-04-12T19:43:54Z,2447.8,2447.2,2447.4,2733.5,2733.6,2733.8,5866.9,5866.3,5866.4,2405.5,2405.7,2406.3,3624.3,3624.7,3624.5,4570.4,4569.9,4570.0,6429.3,6429.2,6429.4,8901.9,8899.3,8898.7,5382.2,5381.5,5382.7,7624.5,7624.7,7623.7,6284.7,6284.0,6283.9,1913.2,1911.5,1911.8,3812.1,3811.8,3812.9,2707.2,2705.4,2706.1,2979.0,2977.4,2977.9,25.420000,29.889999,going to desks 17 18 19
2024-04-12T19:43:59Z,2448.3,2447.4,2447.6,2733.3,2733.8,2733.7,5866.8,5866.1,5866.5,2405.3,2405.4,2405.8,3625.0,3624.4,3624.3,4570.1,4570.6,4570.7,6427.1,6425.6,6429.9,8901.6,8901.2,8900.5,5383.2,5382.1,5383.4,7625.4,7623.9,7624.3,6282.7,6285.0,6285.7,1913.4,1912.0,1911.9,3811.3,3811.4,3812.1,2706.6,2705.8,2706.1,2978.6,2977.4,2977.6,25.430000,29.889999,going to desks 17 18 19
2024-04-12T19:44:04Z,2448.9,2448.1,2448.4,2733.5,2733.1,2733.7,5866.7,5865.7,5866.3,2406.6,2406.1,2406.6,3623.9,3624.2,3622.9,4569.5,4569.2,4569.9,6426.3,6426.8,6425.7,8901.5,8899.6,8901.2,5381.6,5380.7,5381.8,7626.4,7625.2,7626.2,6287.3,6286.2,6287.7,1913.1,1912.1,1911.7,3811.6,3811.6,3812.6,2706.4,2705.4,2706.1,2978.3,2977.4,2977.7,25.440001,30.000000,going to desks 17 18 19
2024-04-12T19:44:20Z,2447.8,2447.4,2447.6,2733.5,2733.3,2733.1,5865.7,5865.0,5865.6,2406.1,2405.4,2406.5,3624.6,3624.0,3624.3,4569.6,4568.9,4569.3,6424.3,6424.8,6426.7,8898.4,8897.9,8896.4,5380.9,5381.8,5382.3,7622.7,7622.4,7621.6,6284.5,6283.9,6284.4,1912.9,1911.6,1911.3,3810.6,3810.6,3811.7,2705.4,2704.5,2704.1,2980.0,2979.2,2978.5,25.440001,29.879999,going to annotation station
2024-04-12T19:44:25Z,2448.6,2447.6,2448.2,2733.0,2732.8,2733.0,5865.1,5865.0,5865.6,2406.3,2406.0,2406.1,3623.6,3623.3,3623.1,4569.2,4569.6,4569.5,6425.9,6426.6,6425.5,8896.4,8896.8,8897.2,5381.2,5380.8,5382.4,7623.1,7622.3,7622.1,6285.0,6284.1,6285.9,1912.7,1911.2,1911.1,3810.7,3810.9,3811.9,2705.6,2704.8,2704.2,2978.9,2978.0,2978.7,25.440001,29.879999,going to annotation station
2024-04-12T19:44:30Z,2448.3,2447.5,2447.9,2732.0,2731.9,2732.2,5865.7,5864.8,5864.9,2405.6,2405.9,2406.3,3624.7,3623.8,3623.7,4569.3,4568.9,4569.1,6426.7,6426.6,6425.2,8900.4,8903.5,8903.1,5380.7,5379.0,5381.2,7623.9,7622.8,7624.4,6282.0,6282.4,6284.0,1912.7,1911.2,1911.3,3810.7,3811.5,3812.5,2705.1,2703.8,2704.1,2978.4,2978.3,2979.2,25.459999,29.870001,going to annotation station
2024-04-12T19:44:35Z,2448.1,2447.6,2447.9,2732.2,2731.9,2732.4,5865.3,5864.5,5864.6,2405.5,2405.2,2405.8,3623.0,3622.9,3622.9,4568.6,4568.4,4568.3,6423.7,6425.0,6423.7,8896.2,8896.6,8898.0,5381.7,5380.4,5381.0,7623.9,7622.8,7623.3,6282.5,6282.7,6284.0,1912.6,1911.7,1911.0,3810.0,3810.5,3811.8,2705.4,2704.5,2704.4,2978.4,2977.4,2976.8,25.500000,29.850000,going to annotation station
2024-04-12T19:44:40Z,2448.7,2447.9,2448.4,2732.2,2732.4,2732.4,5865.5,5865.2,5865.2,2405.2,2405.6,2405.7,3622.2,3622.0,3622.0,4568.2,4568.4,4568.3,6426.1,6426.4,6425.6,8900.5,8900.2,8899.3,5382.4,5381.0,5381.9,7622.7,7621.5,7621.8,6283.7,6282.8,6284.3,1912.8,1911.4,1911.6,3809.6,3809.5,3810.2,2705.3,2704.8,2704.6,2977.3,2976.2,2976.7,25.500000,29.860001,going to annotation station
2024-04-12T19:44:45Z,2448.3,2447.7,2447.8,2732.8,2732.4,2732.5,5864.4,5863.9,5864.3,2405.4,2405.3,2406.3,3623.1,3622.5,3622.5,4568.2,4567.8,4567.1,6427.3,6426.5,6425.9,8900.9,8900.8,8899.6,5380.2,5380.6,5381.2,7622.9,7622.5,7621.8,6280.7,6282.2,6282.6,1912.7,1911.3,1911.2,3809.9,3809.9,3810.8,2704.6,2703.8,2704.0,2980.1,2979.0,2979.0,25.469999,29.920000,going to annotation station
2024-04-12T19:44:50Z,2447.7,2447.3,2447.4,2732.7,2732.3,2732.8,5864.7,5864.3,5864.1,2405.2,2405.0,2405.5,3622.6,3622.1,3622.0,4568.0,4567.8,4567.5,6425.6,6425.6,6425.8,8901.4,8899.9,8900.1,5379.2,5378.7,5380.0,7619.3,7620.1,7619.5,6281.7,6281.6,6282.8,1911.7,1910.4,1910.3,3809.2,3809.3,3809.7,2704.4,2704.0,2704.4,2977.8,2977.7,2978.4,25.500000,29.980000,going to annotation station
2024-04-12T19:45:00Z,2447.6,2447.0,2446.9,2732.3,2732.4,2732.9,5863.9,5864.1,5863.7,2405.3,2405.3,2405.7,3623.1,3622.9,3622.7,4568.1,4568.0,4567.9,6424.4,6425.0,6426.8,8897.7,8897.2,8899.6,5379.2,5378.9,5379.6,7621.7,7620.9,7620.2,6283.9,6283.6,6283.1,1912.9,1911.3,1911.6,3809.5,3809.4,3810.3,2705.4,2704.7,2705.2,2976.2,2975.6,2976.7,25.490000,29.910000,going to annotation station
2024-04-12T19:45:05Z,2448.5,2447.8,2448.0,2732.7,2732.7,2732.6,5864.2,5863.7,5864.2,2405.6,2405.2,2405.6,3622.3,3623.0,3622.4,4568.5,4568.2,4567.6,6423.8,6423.7,6424.6,8898.6,8899.2,8898.1,5379.1,5379.8,5379.9,7623.4,7623.2,7623.0,6285.5,6284.0,6285.1,1911.8,1910.5,1910.1,3808.6,3808.3,3808.7,2703.9,2704.1,2703.9,2977.3,2976.6,2977.2,25.500000,29.910000,going to annotation station
2024-04-12T19:45:10Z,2448.4,2447.7,2448.2,2731.9,2731.6,2732.1,5863.7,5863.6,5863.1,2406.5,2405.9,2406.3,3622.6,3622.9,3623.4,4568.2,4567.8,4567.8,6422.6,6423.3,6423.7,8895.8,8896.7,8896.4,5378.3,5377.6,5379.1,7622.9,7620.9,7620.3,6282.3,6282.9,6283.0,1912.1,1910.5,1910.7,3808.7,3808.7,3809.4,2703.0,2703.0,2703.1,2976.5,2976.9,2977.2,25.500000,29.900000,going to annotation station
2024-04-12T19:45:15Z,2448.2,2447.0,2447.3,2731.8,2732.0,2732.2,5864.1,5863.6,5863.9,2404.7,2405.3,2405.7,3623.4,3623.3,3623.2,4567.6,4568.2,4568.0,6424.2,6426.2,6426.3,8899.9,8897.5,8895.3,5379.6,5379.8,5380.6,7620.1,7621.9,7622.7,6284.3,6283.3,6285.1,1912.7,1911.4,1911.0,3809.1,3809.3,3809.9,2704.8,2703.7,2703.9,2977.7,2976.8,2976.4,25.500000,29.870001,going to annotation station
2024-04-12T19:45:20Z,2448.5,2447.7,2447.8,2732.1,2732.3,2732.6,5864.0,5863.4,5863.7,2404.0,2403.5,2404.1,3623.8,3622.6,3622.5,4567.8,4568.3,4568.3,6423.6,6423.0,6422.2,8894.3,8892.8,8892.7,5379.9,5379.3,5380.3,7619.4,7618.5,7619.8,6282.4,6283.8,6284.3,1912.4,1911.1,1911.1,3809.3,3808.9,3809.9,2703.7,2703.1,2703.2,2977.8,2976.0,2977.3,25.510000,29.900000,going to vidya
2024-04-12T19:45:25Z,2448.9,2448.2,2448.2,2732.7,2732.2,2732.5,5863.1,5863.8,5863.6,2404.6,2405.0,2404.9,3622.7,3623.2,3622.9,4568.0,4568.4,4568.0,6423.2,6424.0,6422.9,8894.8,8894.5,8894.6,5379.2,5379.5,5380.1,7620.7,7620.6,7622.0,6281.7,6281.7,6281.9,1912.5,1911.0,1911.1,3808.6,3808.4,3809.8,2703.8,2703.4,2703.4,2977.5,2976.9,2977.9,25.500000,29.840000,going to vidya
2024-04-12T19:45:30Z,2447.7,2446.9,2447.1,2731.5,2731.5,2731.5,5864.2,5863.8,5863.4,2405.5,2405.4,2405.3,3622.7,3623.1,3622.5,4567.3,4568.4,4568.1,6422.5,6423.2,6422.9,8898.8,8893.1,8895.1,5379.8,5379.2,5380.2,7620.9,7620.4,7619.9,6287.2,6285.8,6286.9,1912.3,1910.8,1910.6,3808.7,3808.9,3810.2,2703.9,2703.6,2703.0,2979.2,2979.5,2978.8,25.540001,29.840000,going to vidya
2024-04-12T19:45:35Z,2447.2,2446.6,2446.7,2731.1,2731.2,2731.3,5863.1,5862.9,5862.9,2405.7,2405.3,2405.2,3622.8,3622.4,3622.3,4567.9,4568.5,4568.0,6425.2,6423.7,6424.5,8896.5,8897.5,8896.9,5378.7,5378.4,5379.4,7623.2,7621.4,7621.5,6285.3,6284.1,6285.9,1912.7,1911.4,1910.9,3809.9,3809.6,3810.3,2703.6,2703.0,2703.4,2978.2,2977.1,2977.9,25.510000,29.840000,going to vidya
2024-04-12T19:45:40Z,2447.4,2446.7,2446.7,2730.7,2730.4,2731.0,5863.3,5863.1,5862.9,2404.8,2404.8,2406.1,3622.1,3622.2,3622.2,4567.5,4567.1,4567.7,6427.1,6425.8,6423.3,8893.9,8895.0,8899.2,5380.0,5378.8,5378.6,7623.2,7622.4,7621.3,6286.5,6286.6,6286.6,1912.2,1910.7,1910.8,3809.2,3809.4,3810.6,2704.0,2703.5,2703.3,2978.1,2977.7,2978.0,25.559999,29.860001,going to vidya
2024-04-12T19:45:45Z,2447.8,2446.7,2447.2,2731.1,2730.8,2730.5,5863.5,5863.1,5863.1,2405.2,2405.4,2405.6,3623.4,3622.4,3622.2,4567.9,4567.1,4567.7,6424.2,6423.6,6425.3,8895.5,8895.5,8896.0,5379.1,5379.2,5379.3,7622.9,7621.3,7620.6,6283.8,6283.9,6283.7,1912.8,1911.2,1911.4,3810.1,3809.9,3810.9,2704.6,2704.0,2704.2,2978.1,2977.9,2977.9,25.530001,29.870001,going to vidya
2024-04-12T19:45:50Z,2446.9,2446.4,2446.6,2730.8,2730.7,2731.3,5863.6,5863.2,5863.1,2405.3,2405.9,2406.2,3623.0,3622.4,3622.0,4567.9,4567.8,4568.4,6426.6,6427.0,6425.8,8895.9,8898.1,8896.2,5380.7,5380.2,5382.3,7622.7,7621.3,7621.3,6283.4,6285.3,6285.1,1912.2,1911.0,1910.9,3809.2,3809.5,3810.3,2704.5,2703.8,2703.5,2978.6,2978.7,2978.7,25.570000,29.870001,going to aaron mahmut noah
2024-04-12T19:45:55Z,2447.1,2446.8,2446.7,2730.8,2730.8,2731.1,5864.0,5863.3,5863.5,2405.4,2405.2,2405.4,3621.9,3622.0,3622.0,4567.3,4566.9,4567.4,6421.8,6421.6,6420.5,8896.5,8898.2,8897.7,5379.3,5380.7,5379.4,7619.8,7620.1,7620.4,6281.4,6281.4,6281.9,1912.4,1911.2,1910.9,3808.6,3809.1,3809.8,2705.0,2703.8,2704.0,2978.5,2978.0,2978.1,25.530001,29.930000,going to aaron mahmut noah
2024-04-12T19:46:00Z,2447.4,2446.8,2446.7,2731.6,2731.4,2731.4,5863.7,5863.6,5863.3,2405.7,2405.6,2406.0,3621.9,3622.1,3622.3,4567.8,4567.5,4567.4,6423.2,6421.7,6423.9,8893.5,8896.8,8896.0,5378.7,5379.2,5380.1,7622.6,7622.5,7621.9,6282.8,6281.8,6282.1,1912.3,1910.6,1910.4,3809.8,3809.4,3810.6,2704.6,2703.4,2703.6,2978.0,2978.1,2978.0,25.540001,29.830000,going to aaron mahmut noah
2024-04-12T19:46:05Z,2447.2,2446.8,2447.0,2731.6,2731.9,2731.6,5863.5,5863.1,5863.1,2405.1,2405.1,2405.6,3622.3,3621.5,3621.9,4567.5,4567.4,4567.6,6426.0,6424.1,6427.3,8895.8,8896.1,8896.0,5379.8,5380.1,5381.2,7625.2,7623.4,7622.1,6283.3,6283.9,6283.0,1912.3,1910.7,1910.7,3809.2,3809.3,3809.9,2704.4,2703.4,2703.5,2978.6,2977.3,2978.5,25.559999,29.889999,going to aaron mahmut noah
2024-04-12T19:46:15Z,2447.2,2446.3,2446.8,2732.3,2731.8,2731.8,start,27836.4,27835.7,2447.3,2446.6,2446.8,2405.5,2405.9,3870.4,3870.3,90897.5,90904.5,14900.0,14896.7,14899.2,4567.3,4567.0,6419.5,6418.8,6419.0,17234.8,17238.0,34875.7,34868.7,8894.7,8894.8,8895.4,7619.8,7619.2,6285.1,6284.6,6284.8,46737.9,46727.5,3837.7,3839.0,1912.7,1911.3,1910.9,3809.0,2703.8,going to desks 33 34 35
2024-04-12T19:46:25Z,2447.6,2446.9,2447.3,2731.6,2731.1,2731.5,5862.9,5862.5,5862.8,2404.8,2405.2,2405.8,3620.9,3621.5,3622.1,4567.0,4567.2,4567.0,6423.2,6423.6,6422.8,8894.3,8894.7,8893.0,5379.5,5379.6,5380.4,7622.7,7623.8,7622.8,6285.7,6284.2,6285.8,1912.5,1911.0,1910.9,3808.0,3808.9,3809.6,2703.5,2702.9,2702.6,2979.4,2978.7,2978.9,25.540001,29.760000,going to desks 33 34 35
2024-04-12T19:46:30Z,2447.3,2446.4,2446.8,2731.4,2730.8,2731.4,5863.4,5862.9,5862.9,2404.4,2404.8,2405.5,3623.0,3622.7,3622.7,4567.9,4567.7,4567.5,6425.2,6422.5,6422.8,8894.4,8894.3,8898.6,5377.8,5377.6,5378.2,7620.8,7621.3,7621.3,6282.7,6282.5,6283.4,1912.5,1911.3,1911.0,3806.8,3806.7,3807.9,2703.4,2702.7,2702.6,2978.5,2978.8,2978.2,25.600000,29.760000,going to mitchell vaiden lincoln
2024-04-12T19:46:35Z,2447.4,2446.9,2446.7,2731.6,2731.2,2731.7,5863.7,5862.9,5862.8,2404.8,2404.6,2405.1,3622.8,3622.7,3622.6,4567.4,4567.0,4567.2,6421.5,6421.3,6421.7,8893.9,8892.9,8893.0,5380.0,5379.1,5379.4,7621.7,7622.3,7623.2,6283.1,6283.4,6284.0,1912.3,1910.8,1911.1,3807.5,3807.4,3808.5,2703.3,2702.4,2703.1,2979.4,2979.0,2978.8,25.590000,29.740000,going to mitchell vaiden lincoln
2024-04-12T19:46:40Z,2447.2,2446.8,2447.1,2730.8,2731.2,2731.0,5862.6,5862.4,5862.4,2404.9,2405.2,2405.3,3622.2,3621.5,3621.5,4567.3,4567.1,4567.3,6421.2,6422.5,6422.8,8893.5,8891.1,8893.6,5378.8,5376.8,5378.8,7620.3,7621.9,7620.9,6280.4,6280.7,6281.3,1912.2,1910.8,1910.8,3807.1,3807.1,3807.5,2702.9,2701.9,2703.1,2979.4,2978.3,2978.6,25.610001,29.780001,going to mitchell vaiden lincoln
2024-04-12T19:46:45Z,2447.1,2446.0,2446.5,2730.3,2730.6,2730.7,5862.8,5862.3,5862.3,2404.0,2404.0,2404.9,3622.8,3622.1,3622.3,4566.7,4566.5,4566.6,6419.8,6418.7,6418.9,8891.2,8890.9,8889.8,5377.5,5378.2,5377.6,7621.7,7619.8,7618.9,6281.2,6281.5,6283.5,1912.1,1910.6,1910.4,3805.8,3806.1,3806.7,2702.3,2701.6,2701.6,2977.4,2976.4,2976.4,25.600000,29.700001,going to mitchell vaiden lincoln
2024-04-12T19:46:55Z,2446.9,2446.2,2446.6,2731.0,2731.1,2731.5,5862.5,5862.0,5862.5,2404.7,2405.1,2405.2,3622.0,3621.3,3621.7,4566.5,4566.4,4566.4,6418.5,6417.4,6418.0,8892.2,8892.3,8890.2,5378.9,5378.2,5379.1,7619.7,7619.0,7618.9,6280.9,6281.6,6281.5,1912.9,1910.9,1911.1,3805.8,3806.0,3806.6,2702.9,2702.1,2702.4,2977.2,2976.4,29start,2446.6,2446.1,going to bram and 46
2024-04-12T19:47:05Z,2446.8,2446.1,2446.2,2730.7,2730.7,2730.4,5862.3,5862.3,5862.1,2403.7,2404.0,2404.0,3622.2,3621.3,3621.8,4565.6,4566.0,4565.8,6417.2,6416.2,6416.7,8891.5,8892.7,8891.0,5377.7,5377.4,5377.9,7620.9,7618.7,7618.8,6280.6,6280.9,6281.2,1911.9,1910.9,1910.6,3806.7,3806.2,3807.4,2703.1,2701.7,2702.0,2977.0,2977.0,2977.0,25.629999,29.709999,going to bram and 46
2024-04-12T19:47:10Z,2446.7,2445.9,2446.5,2729.5,2729.3,2729.5,5861.3,5860.6,5860.7,2403.4,2403.0,2404.1,3622.1,3622.1,3622.2,4566.1,4566.4,4566.6,6419.4,6418.8,6419.7,8892.6,8891.9,8893.3,5376.5,5376.0,5376.7,7618.8,7618.3,7617.5,6282.2,6281.4,6282.6,1911.8,1910.8,1910.9,3807.0,3806.4,3807.7,2702.6,2702.0,2702.0,2976.8,2975.6,2975.7,25.670000,29.670000,going to desks 41 42 43
2024-04-12T19:47:15Z,2446.6,2446.3,2446.1,2729.6,2729.8,2729.9,5861.5,5860.8,5861.0,2404.9,2405.3,2404.7,3621.8,3621.2,3621.8,4566.0,4565.7,4566.4,6421.5,6419.5,6420.2,8891.8,8892.5,8890.8,5377.1,5376.9,5376.6,7615.5,7616.8,7614.9,6281.3,6280.0,6280.9,1911.7,1910.2,1910.0,3806.3,3806.5,3807.7,2701.7,2701.0,2700.8,2976.7,2975.6,2976.3,25.639999,29.670000,going to desks 41 42 43
2024-04-12T19:47:20Z,2446.5,2446.0,2446.2,2729.6,2730.0,2729.8,5861.0,5860.4,5860.5,2404.0,2404.1,2404.7,3622.1,3621.8,3621.6,4566.1,4566.3,4566.2,6419.1,6418.6,6417.6,8890.8,8891.2,8893.1,5377.3,5376.4,5377.6,7617.5,7616.4,7616.5,6283.3,6283.1,6283.6,1912.0,1910.3,1910.2,3806.1,3806.5,3807.1,2702.6,2701.4,2701.8,2976.3,2976.1,2974.8,25.660000,29.660000,going to desks 41 42 43
2024-04-12T19:47:25Z,2446.9,2446.1,2446.2,2729.4,2729.6,2729.9,5860.4,5860.1,5860.2,2404.0,2404.3,2404.3,3622.3,3622.2,3621.8,4565.9,4565.6,4566.1,6416.7,6418.5,6417.8,8891.2,8892.3,8888.6,5376.5,5377.0,5376.4,7616.5,7616.0,7617.2,6280.4,6279.2,6280.4,1911.9,1910.4,1910.3,3805.7,3805.3,3806.3,2703.1,2702.7,2703.0,2975.5,2975.8,2976.8,25.690001,29.629999,going to desks 41 42 43
2024-04-12T19:47:30Z,2446.8,2446.2,2446.5,2729.3,2729.6,2729.5,5860.3,5860.2,5860.3,2403.8,2403.9,2404.4,3621.7,3621.9,3622.0,4566.2,4566.0,4565.9,6422.4,6418.4,6421.3,8890.8,8889.4,8890.5,5377.0,5378.1,5378.0,7615.1,7615.1,7616.2,6280.5,6281.2,6282.9,1912.1,1910.8,1911.0,3804.1,3804.7,3805.5,2702.0,2701.0,2701.5,2974.8,2973.5,2974.1,25.700001,29.660000,going to end of hall1
2024-04-12T19:47:35Z,2447.1,2446.6,2446.7,2729.4,2729.0,2729.5,5860.2,5859.6,5859.1,2403.1,2404.0,2403.7,3621.7,3621.4,3621.5,4565.2,4565.4,4565.2,6422.5,6420.8,6421.6,8891.6,8889.5,8890.3,5375.6,5376.1,5375.0,7616.1,7615.7,7614.5,6281.9,6282.5,6282.3,1911.1,1910.0,1909.6,3804.6,3804.1,3804.8,2702.4,2701.0,2701.0,2974.5,2974.3,2974.7,25.690001,29.620001,going to end of hall1
2024-04-12T19:47:40Z,2446.8,2446.1,2446.2,2730.4,2730.1,2730.4,5859.6,5859.1,5859.9,2403.4,2403.7,2403.8,3621.6,3621.1,3621.0,4564.8,4565.1,4564.9,6417.3,6416.8,6416.8,8889.5,8888.8,8890.3,5375.2,5375.5,5375.9,7615.9,7614.6,7614.9,6282.0,6282.5,6282.2,1911.3,1910.0,1909.9,3804.9,3804.8,3805.7,2701.3,2700.1,2700.5,2974.1,2973.2,2974.0,25.690001,29.610001,going to end of hall1
2024-04-12T19:47:45Z,2446.9,2446.0,2446.4,2729.2,2728.7,2729.6,5859.0,5858.7,5858.8,2403.4,2402.9,2403.4,3621.3,3621.0,3620.9,4565.3,4565.2,4565.3,6419.3,6418.8,6419.4,8890.6,8889.9,8890.5,5376.5,5376.6,5377.1,7615.8,7614.7,7614.7,6280.9,6281.4,6280.5,1912.0,1910.4,1910.4,3805.5,3805.5,3806.4,2701.6,2701.0,2701.1,2974.0,2973.1,2972.7,25.700001,29.620001,going to end of hall1
2024-04-12T19:47:50Z,2447.7,2446.8,2446.9,2728.0,2728.8,2728.4,5859.3,5859.1,5858.6,2403.6,2403.4,2403.5,3622.2,3621.7,3621.7,4565.0,4565.3,4564.7,6415.9,6420.1,6420.2,8891.0,8889.7,8890.7,5376.7,5375.2,5375.8,7613.5,7615.6,7614.8,6279.8,6279.7,6280.4,1912.2,1910.7,1910.2,3804.7,3804.8,3805.3,2701.3,2700.7,2700.3,2974.9,2974.3,2973.7,25.709999,29.590000,going to end of hall
2024-04-12T19:47:55Z,2446.6,2445.7,2446.3,2728.8,2729.1,2729.3,5859.2,5858.6,5858.5,2403.9,2403.7,2403.6,3621.0,3621.0,3619.9,4565.5,4565.4,4564.8,6417.0,6416.5,6416.6,8891.3,8894.4,8891.8,5375.0,5374.2,5375.4,7616.2,7614.9,7613.7,6277.4,6278.3,6279.7,1911.6,1910.5,1910.0,3804.6,3804.6,3805.4,2701.2,2700.0,2701.1,2974.1,2973.1,2974.4,25.709999,29.620001,going to end of hall
2024-04-12T19:48:00Z,2446.7,2446.0,2445.9,2728.8,2728.9,2729.3,5858.9,5858.7,5859.0,2403.5,2403.6,2403.9,3620.5,3620.2,3620.8,4564.7,4564.6,4565.0,6419.2,6419.2,6419.3,8889.1,8889.0,8889.7,5372.1,5372.2,5373.0,7617.3,7618.2,7617.1,6277.4,6278.0,6281.0,1911.2,1909.9,1909.4,3805.0,3805.1,3806.4,2700.9,2699.9,2700.6,2975.7,2974.5,2975.0,25.730000,29.650000,going to end of hall
2024-04-12T19:48:05Z,2445.8,2445.2,2445.4,2728.1,2727.8,2728.7,5859.0,5859.1,5859.1,2403.6,2403.5,2403.8,3620.7,3620.4,3619.6,4564.6,4564.7,4564.8,6418.2,6417.0,6417.9,8891.2,8891.4,8891.3,5375.0,5373.8,5375.9,7616.3,7614.5,7615.0,6277.0,6277.0,6277.9,1910.9,1909.3,1909.6,3805.7,3806.0,3806.9,2701.3,2700.6,2700.9,2975.8,2974.9,2974.9,25.709999,29.610001,going to end of hall
2024-04-12T19:48:10Z,2445.9,2445.2,2445.4,2727.8,2728.2,2728.7,5858.4,5858.2,5858.3,2403.6,2402.9,2403.2,3620.8,3620.4,3620.7,4564.5,4564.3,4564.4,6420.0,6419.3,6418.1,8887.6,8887.1,8887.7,5374.5,5374.3,5375.2,7614.5,7613.7,7612.9,6277.7,6277.3,6278.7,1911.0,1909.4,1909.5,3805.4,3806.0,3805.9,2701.2,2700.2,2700.0,2975.3,2975.2,2975.7,25.740000,29.580000,going to end of hall
2024-04-12T19:48:15Z,2446.2,2445.7,2445.8,2728.7,2728.8,2728.5,5859.0,5858.8,5858.6,2403.4,2402.8,2403.7,3620.8,3621.0,3620.5,4564.9,4564.5,4564.2,6418.0,6418.3,6417.5,8887.6,8888.4,8890.1,5375.2,5374.4,5375.4,7613.7,7612.5,7614.0,6277.2,6279.7,6279.2,1910.8,1909.6,1909.5,3805.2,3804.9,3806.0,2700.9,2700.5,2700.4,2975.0,2975.6,2975.0,25.730000,29.590000,going to sam
2024-04-12T19:48:20Z,2446.2,2445.5,2445.8,2729.0,2728.8,2728.8,5858.9,5859.0,5858.6,2403.9,2402.8,2403.3,3620.8,3619.9,3620.7,4564.7,4563.7,4564.3,6416.7,6417.1,6416.9,8888.3,8889.0,8888.7,5374.6,5374.9,5375.0,7616.0,7613.2,7614.3,6279.7,6280.2,6281.6,1910.9,1909.4,1909.7,3805.8,3805.9,3806.4,2700.9,2700.0,2699.7,2976.4,2975.0,2975.6,25.750000,29.639999,going to sam
2024-04-12T19:48:25Z,2445.5,2444.9,2445.2,2728.9,2728.3,2729.2,5858.6,5858.5,5858.5,2403.4,2403.3,2403.8,3620.3,3619.9,3620.3,4564.3,4563.5,4563.9,6416.4,6416.8,6418.9,8890.1,8889.4,8890.5,5373.9,5374.6,5375.5,7615.9,7616.2,7616.2,6279.0,6277.7,6278.3,1910.9,1909.4,1909.3,3804.5,3804.9,3805.3,2700.7,2699.9,2700.2,2974.7,2974.3,2974.9,25.740000,29.570000,going to sam
2024-04-12T19:48:30Z,2445.8,2445.2,2445.6,2727.9,2727.8,2728.9,5858.3,5858.0,5857.7,2403.5,2403.9,2404.4,3621.0,3621.3,3620.1,4563.7,4563.6,4563.4,6417.6,6418.7,6417.9,8889.6,8889.1,8888.6,5375.7,5374.7,5375.7,7616.1,7615.8,7615.9,6280.1,6278.0,6277.7,1910.7,1909.4,1909.2,3804.3,3804.7,3805.6,2700.9,2700.0,2700.4,2973.8,2972.9,2974.0,25.780001,29.600000,going to sam
2024-04-12T19:48:35Z,2445.9,2445.5,2445.6,2728.3,2728.7,2729.0,5858.1,5857.7,5857.8,2403.6,2403.2,2404.5,3620.4,3619.9,3619.7,4564.1,4563.8,4563.5,6418.5,6417.8,6416.5,8892.0,8891.9,8890.8,5374.7,5374.6,5376.4,7614.4,7612.9,7613.3,6279.6,6279.7,6278.8,1910.8,1909.5,1909.9,3803.9,3803.9,3804.8,2700.6,2700.0,2699.9,2974.5,2973.9,2973.9,25.770000,29.559999,going to home base
2024-04-12T19:48:40Z,2446.1,2445.6,2446.1,2728.5,2728.9,2728.8,5858.0,5857.4,5857.7,2402.9,2402.9,2403.2,3619.4,3619.0,3619.0,4563.8,4564.0,4564.2,6418.4,6417.8,6417.9,8891.2,8888.2,8888.1,5374.9,5374.5,5375.7,7613.4,7613.2,7612.3,6280.7,6280.6,6282.0,1910.8,1909.1,1908.9,3803.7,3803.8,3804.8,2700.0,2699.3,2698.9,2974.8,2974.7,2974.4,25.770000,29.540001,going to home base
2024-04-12T19:48:45Z,2446.2,2445.5,2445.6,2728.7,2728.1,2728.0,5857.8,5856.7,5856.9,2402.3,2402.0,2402.8,3619.9,3620.0,3620.3,4563.7,4562.9,4563.4,6416.0,6416.0,6414.8,8887.3,8886.8,8889.5,5374.4,5373.7,5376.1,7615.1,7614.7,7614.3,6275.7,6276.3,6277.5,1911.2,1909.6,1909.4,3804.3,3803.8,3804.7,2701.5,2700.3,2700.6,2975.0,2974.8,2974.8,25.770000,29.570000,going to home base
2024-04-12T19:48:50Z,2445.5,2445.4,2445.5,2727.8,2727.9,2728.3,5857.1,5856.9,5857.0,2403.6,2403.6,2403.4,3619.4,3619.4,3619.4,4563.2,4563.5,4563.6,6414.0,6415.8,6415.4,8887.2,8886.1,8886.7,5374.7,5374.7,5375.9,7615.7,7614.0,7614.7,6280.6,6278.6,6278.6,1911.3,1910.2,1910.2,3805.9,3805.8,3806.8,2700.0,2699.0,2698.8,2973.5,2972.4,2974.1,25.780001,29.500000,going to home base
2024-04-12T19:48:55Z,2445.4,2444.7,2444.9,2728.3,2728.3,2728.9,5857.3,5856.6,5856.7,2402.9,2403.0,2402.6,3618.6,3618.7,3618.7,4562.7,4562.8,4562.5,6414.6,6413.5,6414.4,8885.5,8886.0,8885.3,5374.5,5374.7,5374.9,7613.8,7612.6,7613.4,6280.5,6279.2,6279.7,1911.1,1909.4,1909.2,3804.9,3804.8,3806.2,2700.6,2699.9,2699.8,2975.6,2974.7,2975.3,25.780001,29.480000,going to home base
2024-04-12T19:49:00Z,2445.9,2445.5,2445.4,2728.3,2728.0,2728.1,5857.1,5856.5,5857.3,2402.1,2403.0,2402.8,3619.8,3619.1,3619.0,4562.8,4562.3,4562.4,6414.6,6414.7,6415.7,8886.0,8883.3,8883.8,5374.7,5374.1,5374.0,7613.3,7612.7,7613.9,6276.9,6277.3,6278.3,1911.0,1909.4,1909.3,3804.9,3804.8,3805.3,2699.7,2699.1,2699.1,2972.8,2972.6,2972.6,25.780001,29.490000,going to home base
2024-04-12T19:49:05Z,2445.2,2445.0,2445.4,2727.4,2727.4,2727.9,5857.2,5856.9,5857.0,2402.6,2402.5,2402.7,3619.3,3619.3,3619.0,4563.7,4563.9,4562.9,6413.9,6414.9,6414.3,8887.1,8886.6,8888.1,5374.7,5373.8,5374.3,7612.4,7611.8,7611.1,6279.0,6278.5,6277.9,1910.5,1908.7,1909.0,3804.6,3804.9,3805.9,2700.6,2699.5,2699.1,2975.3,2974.3,2974.2,25.809999,29.500000,going to home base
2024-04-12T19:49:10Z,2446.0,2445.4,2445.2,2727.9,2728.4,2728.3,5856.7,5856.5,5856.8,2402.4,2402.9,2403.5,3618.8,3618.8,3618.4,4563.4,4563.1,4563.1,6413.4,6415.2,6414.3,8885.4,8886.5,8885.4,5373.0,5372.6,5372.7,7614.2,7613.2,7612.2,6277.6,6277.7,6277.7,1910.7,1909.1,1908.9,3804.3,3804.1,3804.9,2699.6,2698.8,2698.4,2975.7,2974.6,2975.6,25.799999,29.559999,going to home base
2024-04-12T19:49:15Z,2444.8,2444.3,2445.0,2728.0,2727.8,2728.1,5857.0,5856.5,5856.8,2403.5,2403.0,2403.1,3619.2,3618.7,3619.2,4563.1,4563.2,4563.3,6416.1,6416.0,6416.1,8886.4,8884.6,8885.6,5375.0,5374.2,5375.2,7614.2,7613.5,7613.1,6282.1,6278.9,6280.4,1911.3,1909.4,1909.8,3804.0,3804.6,3804.1,2700.1,2699.0,2698.9,2975.2,2974.0,2974.5,25.809999,29.490000,going to home base
2024-04-12T19:49:20Z,2445.7,2445.1,2445.4,2727.5,2727.7,2727.8,5856.2,5855.8,5855.9,2402.2,2402.3,2402.5,3619.1,3618.3,3619.0,4562.8,4563.1,4562.5,6417.3,6415.2,6414.0,8887.4,8886.5,8886.9,5374.1,5373.7,5374.5,7613.9,7614.5,7612.9,6276.7,6277.3,6278.8,1911.0,1909.5,1909.2,3803.7,3804.1,3804.8,2701.2,2700.2,2700.0,2974.5,2973.0,2973.5,25.820000,29.480000,going to home base
2024-04-12T19:49:25Z,2445.2,2444.5,2445.0,2728.2,2727.5,2728.3,5856.2,5855.7,5855.5,2402.5,2401.9,2402.7,3618.7,3618.6,3618.5,4562.5,4562.4,4562.3,6413.5,6414.2,6416.3,8885.6,8886.7,8887.0,5373.6,5372.9,5373.6,7615.0,7613.6,7614.8,6274.7,6278.6,6277.0,1910.6,1909.3,1909.1,3804.0,3803.9,3804.7,2699.4,2698.5,2698.9,2973.1,2972.8,2972.7,25.809999,29.420000,going to home base
2024-04-12T19:49:30Z,2445.5,2445.1,2445.4,2728.0,2727.8,2728.2,5855.9,5856.0,5856.4,2403.5,2403.5,2404.1,3619.5,3618.8,3618.5,4563.0,4562.4,4562.4,6419.8,6417.6,6419.0,8885.8,8885.4,8885.0,5372.0,5371.8,5373.8,7613.5,7612.1,7613.6,6274.1,6276.5,6278.2,1911.0,1909.1,1909.6,3804.3,3803.8,3804.6,2699.7,2699.0,2699.5,2974.2,2972.7,2972.8,25.820000,29.450001,going to home base
2024-04-12T19:49:35Z,2444.9,2444.4,2444.5,2728.0,2727.4,2727.4,5856.5,5856.2,5855.9,2402.2,2401.9,2402.6,3618.6,3618.2,3618.6,4563.1,4562.7,4562.2,6415.3,6415.2,6415.0,8883.4,8883.3,8882.8,5373.9,5373.3,5373.9,7615.1,7613.7,7613.3,6278.9,6278.6,6279.4,1910.9,1910.0,1909.7,3803.1,3802.5,3803.5,2700.0,2699.1,2700.3,2973.4,2973.6,2973.8,25.840000,29.510000,going to home base
2024-04-12T19:49:40Z,2445.5,2444.4,2444.8,2728.0,2727.7,2728.0,5855.9,5855.9,5855.8,2402.6,2402.2,2402.9,3619.8,3619.7,3619.6,4562.4,4562.0,4562.4,6414.7,6414.4,6414.8,8885.5,8886.1,8885.5,5372.2,5371.2,5372.4,7614.8,7613.4,7616.6,6278.8,6275.9,6278.6,1909.6,1908.8,1908.9,3804.0,3803.6,3804.7,2700.0,2699.5,2699.4,2975.6,2974.9,2975.6,25.820000,29.469999,going to home base
2024-04-12T19:49:45Z,2445.4,2444.7,2444.9,2726.6,2726.3,2726.5,5856.1,5855.7,5855.7,2401.6,2402.0,2402.3,3619.6,3619.1,3619.5,4562.3,4561.7,4562.1,6413.9,6413.0,6414.9,8884.2,8882.4,8883.1,5373.8,5373.8,5374.4,7613.7,7612.5,7612.1,6276.7,6275.9,6274.1,1910.4,1908.5,1908.4,3802.5,3803.4,3803.8,2700.2,2699.6,2699.0,2974.4,2974.0,2974.9,25.820000,29.480000,going to home base
2024-04-12T19:49:50Z,2444.9,2444.8,2445.4,2727.0,2727.2,2727.3,5855.9,5855.7,5855.7,2402.5,2402.0,2402.9,3619.9,3619.3,3619.5,4562.6,4562.2,4562.2,6414.9,6414.8,6414.6,8881.0,8880.3,8882.5,5374.0,5372.8,5374.1,7611.7,7610.3,7612.6,6277.1,6276.6,6278.2,1910.1,1908.8,1908.7,3803.8,3804.0,3805.3,2699.9,2699.2,2698.5,2974.0,2973.8,2975.4,25.870001,29.450001,going to home base
2024-04-12T19:49:55Z,2444.9,2444.5,2444.9,2727.4,2727.2,2727.1,5855.9,5855.3,5855.6,2402.5,2402.2,2402.9,3619.5,3619.1,3619.6,4562.3,4562.7,4562.2,6414.5,6414.4,6415.2,8881.5,8883.1,8881.8,5373.6,5371.5,5373.0,7613.6,7613.0,7611.9,6277.5,6276.8,6277.4,1910.5,1908.4,1908.5,3803.9,3804.0,3804.7,2699.4,2698.5,2699.3,2974.6,2973.8,2973.7,25.870001,29.400000,going to home base
2024-04-12T19:50:00Z,2444.6,2444.4,2444.4,2727.4,2727.1,2727.9,5855.5,5855.0,5855.1,2402.2,2402.0,2402.3,3619.0,3619.2,3619.6,4561.7,4561.3,4562.0,6409.7,6409.8,6409.9,8885.3,8883.7,8883.1,5373.9,5374.0,5373.5,7615.0,7613.8,7614.5,6279.8,6278.2,6280.1,1910.2,1908.5,1908.6,3803.6,3803.9,3804.6,2699.8,2699.2,2699.5,2974.6,2974.0,2974.3,25.870001,29.379999,going to home base
2024-04-12T19:50:05Z,2445.1,2444.5,2444.7,2727.4,2727.4,2727.0,5855.2,5854.8,5854.8,2402.0,2401.8,2402.2,3619.4,3618.8,3618.6,4561.8,4561.8,4562.1,6412.7,6412.2,6411.5,8881.2,8882.5,8881.1,5373.4,5373.3,5373.7,7614.6,7612.6,7614.3,6279.3,6278.4,6278.4,1910.3,1908.9,1908.7,3803.6,3803.9,3804.7,2700.9,2699.6,2699.4,2974.3,2973.6,2974.1,25.870001,29.340000,going to home base
2024-04-12T19:50:10Z,2444.5,2443.9,2444.2,2726.5,2726.4,2726.7,5855.0,5854.4,5854.9,2401.6,2401.5,2401.6,3619.2,3618.2,3617.8,4561.8,4561.2,4561.7,6409.8,6410.8,6410.1,8883.3,8882.7,8884.3,5372.7,5373.3,5373.3,7615.1,7614.5,7614.6,6276.7,6276.7,6277.7,1910.3,1909.1,1908.6,3803.8,3803.9,3804.6,2699.0,2698.5,2698.7,2973.5,2972.7,2973.9,25.900000,29.400000,going to home base
2024-04-12T19:50:15Z,2444.7,2444.0,2444.2,2726.8,2726.6,2727.2,5854.5,5854.3,5854.1,2402.2,2402.5,2402.7,3618.6,3618.6,3618.3,4561.3,4561.4,4561.5,6412.2,6410.4,6410.3,8885.1,8884.4,8884.7,5372.8,5372.7,5373.8,7613.0,7610.5,7610.6,6275.4,6275.0,6275.6,1910.1,1908.4,1908.3,3803.6,3803.3,3804.6,2699.1,2698.8,2698.3,2972.9,2973.0,2973.3,25.910000,29.350000,going to home base
2024-04-12T19:50:20Z,2444.6,2443.8,2443.9,2726.7,2727.1,2727.5,5854.4,5853.7,5853.7,2401.0,2401.1,2401.9,3619.4,3618.5,3618.5,4562.1,4561.8,4561.9,6412.3,6410.8,6410.5,8883.5,8883.0,8884.0,5371.3,5370.6,5371.9,7613.6,7611.3,7611.2,6276.6,6277.3,6277.6,1910.2,1909.0,1908.9,3803.6,3803.8,3804.6,2699.2,2699.2,2699.4,2973.3,2973.0,2973.5,25.910000,29.370001,going to home base
2024-04-12T19:50:25Z,2445.2,2444.7,2444.7,2726.7,2726.7,2726.6,5854.4,5854.2,5854.0,2401.2,2401.1,2401.1,3619.3,3619.2,3618.4,4561.5,4561.4,4561.3,6409.8,6410.0,6412.3,8882.1,8882.3,8882.0,5372.4,5371.5,5372.7,7613.8,7611.9,7612.4,6277.0,6274.2,6276.7,1910.0,1908.8,1908.7,3803.5,3803.8,3805.5,2699.4,2698.4,2698.1,2973.4,2973.5,2974.1,25.940001,29.280001,going to home base
2024-04-12T19:50:30Z,2444.6,2444.1,2444.2,2725.8,2726.3,2726.8,5854.1,5853.8,5854.2,2402.3,2402.4,2402.2,3618.6,3617.6,3617.8,4561.3,4561.4,4561.4,6408.7,6409.5,6409.4,8883.1,8881.9,8883.1,5371.6,5372.1,5373.8,7611.5,7611.2,7612.3,6277.3,6277.6,6277.9,1909.6,1908.7,1908.5,3803.3,3803.6,3804.1,2699.8,2699.3,2699.0,2973.6,2972.8,2972.7,25.879999,29.379999,going to home base
2024-04-12T19:50:35Z,2445.0,2444.1,2444.1,2726.5,2726.5,2726.6,5853.1,5852.8,5852.8,2401.9,2401.9,2402.0,3617.3,3617.0,3617.0,4560.8,4560.9,4560.9,6410.1,6408.4,6408.6,8882.6,8883.1,8882.0,5372.1,5372.3,5372.9,7611.6,7611.2,7612.4,6276.3,6276.0,6276.8,1910.1,1908.4,1908.4,3802.8,3802.9,3803.8,2699.4,2698.7,2698.5,2973.9,2973.5,2973.9,25.920000,29.309999,going to home base
2024-04-12T19:50:40Z,2444.5,2443.4,2443.7,2726.0,2726.2,2726.5,5853.3,5853.3,5853.4,2402.1,2401.9,2402.6,3618.1,3617.6,3617.3,4561.8,4561.3,4561.6,6409.9,6412.1,6412.2,8881.2,8880.9,8882.1,5372.5,5372.9,5373.4,7611.5,7611.0,7610.8,6276.2,6277.1,6276.2,1909.8,1908.3,1908.2,3803.0,3802.9,3803.6,2698.8,2698.1,2697.9,2974.7,2973.0,2973.7,25.920000,29.240000,going to home base
2024-04-12T19:50:50Z,2444.7,2443.7,2444.4,2726.0,2725.8,2725.9,5852.1,5851.4,5852.1,2402.4,2402.7,2403.2,3617.4,3617.3,3617.1,4560.8,4560.6,4560.6,6412.5,6411.6,6411.3,8start,27769.0,27774.8,2444.7,2444.2,2444.6,2726.2,2726.0,2726.3,5853.1,5852.4,5852.8,3863.2,90600.3,90741.1,14884.4,14882.5,14877.9,3617.0,3616.7,3617.2,4560.4,4560.2,4560.1,6412.9,17207.1,going to home base
2024-04-12T19:51:00Z,2444.5,2443.5,2444.2,2725.9,2725.9,2726.7,5853.0,5852.4,5851.9,2401.0,2400.8,2401.5,3617.3,3617.1,3616.9,4560.3,4560.6,4560.5,6412.1,6410.1,6412.7,8880.5,8878.7,8880.1,5371.7,5372.8,5372.5,7612.4,7612.5,7611.0,6275.4,6274.6,6276.6,1910.2,1908.4,1908.6,3803.6,3803.1,3804.0,2698.7,2697.8,2698.0,2974.1,2973.3,2974.5,25.940001,29.280001,going to home base
2024-04-12T19:51:05Z,2444.1,2443.5,2443.5,2726.2,2725.8,2725.9,5852.7,5852.4,5852.3,2401.4,2401.3,2402.2,3617.2,3616.2,3616.5,4559.6,4559.4,4560.5,6414.4,6412.3,6411.4,8879.3,8878.6,8877.5,5369.7,5369.3,5371.2,7611.3,7610.9,7610.4,6275.2,6274.4,6276.0,1909.7,1908.2,1908.0,3801.2,3801.6,3802.7,2698.7,2697.9,2698.1,2972.8,2972.6,2973.0,25.950001,29.240000,going to home base
2024-04-12T19:51:10Z,2444.2,2443.7,2443.9,2726.1,2725.7,2726.2,5851.8,5851.7,5851.7,2401.1,2401.2,2401.7,3616.6,3615.9,3616.9,4559.8,4559.8,4559.9,6412.8,6411.3,6413.1,8879.8,8880.4,8880.9,5369.9,5369.6,5370.1,7610.0,7609.7,7610.2,6276.2,6275.9,6274.5,1909.9,1908.6,1908.2,3801.8,3801.7,3802.6,2699.2,2698.0,2698.1,2973.3,2973.2,2972.9,25.969999,29.230000,going to home base
2024-04-12T19:51:15Z,2444.4,2443.5,2443.7,2726.0,2725.9,2726.3,5852.3,5851.5,5852.0,2401.3,2401.5,2401.8,3616.9,3615.7,3615.9,4559.4,4559.4,4559.5,6410.2,6408.6,6409.6,8879.1,8880.8,8880.0,5369.8,5370.0,5370.9,7612.3,7610.1,7610.2,6276.6,6275.4,6278.0,1909.4,1908.0,1907.9,3801.7,3802.2,3802.7,2699.9,2698.6,2699.0,2974.1,2973.1,2973.5,25.980000,29.200001,going to home base
2024-04-12T19:51:20Z,2444.1,2443.7,2444.0,2726.9,2726.8,2727.2,5852.5,5851.5,5851.9,2402.1,2401.9,2402.0,3617.8,3617.6,3618.2,4559.2,4559.3,4558.5,6405.6,6406.5,6407.8,8881.3,8881.1,8879.7,5368.4,5368.5,5368.5,7610.1,7608.2,7609.1,6276.9,6274.7,6276.8,1909.4,1907.8,1908.1,3802.0,3802.0,3802.7,2698.0,2697.1,2697.7,2973.2,2972.7,2973.1,25.969999,29.190001,going to home base
2024-04-12T19:51:25Z,2443.3,2443.0,2443.2,2725.6,2725.9,2726.2,5852.2,5852.0,5852.1,2401.0,2401.0,2401.3,3616.7,3616.8,3616.5,4559.9,4559.6,4559.0,6408.1,6407.0,6405.5,8879.5,8879.1,8879.8,5369.7,5370.2,5370.7,7612.1,7610.3,7609.1,6271.4,6275.0,6273.2,1909.7,1908.6,1908.3,3801.6,3801.7,3802.3,2699.2,2698.7,2698.4,2973.3,2973.0,2973.4,25.980000,29.240000,going to home base
2024-04-12T19:51:30Z,2443.8,2443.1,2443.4,2725.8,2725.8,2726.1,5851.7,5851.4,5851.4,2401.1,2400.8,2401.4,3617.9,3617.0,3617.3,4559.5,4559.1,4559.4,6408.8,6408.7,6409.5,8877.3,8878.2,8877.8,5371.8,5371.1,5372.1,7611.1,7608.3,7609.2,6275.3,6274.0,6272.8,1909.7,1908.3,1908.3,3801.6,3801.1,3802.0,2698.6,2698.2,2698.7,2972.3,2972.3,2973.2,25.969999,29.190001,going to home base
2024-04-12T19:51:35Z,2444.0,2443.7,2443.7,2725.2,2725.6,2726.3,5851.7,5851.0,5851.0,2401.5,2401.4,2401.7,3617.6,3616.9,3617.0,4559.5,4559.1,4559.4,6408.4,6407.8,6408.6,8879.4,8878.9,8877.6,5369.8,5371.0,5372.3,7611.8,7610.9,7609.4,6275.5,6274.2,6274.9,1909.8,1908.6,1908.4,3801.3,3801.5,3802.8,2698.5,2697.5,2697.7,2971.6,2971.4,2972.0,25.980000,29.219999,going to home base
2024-04-12T19:51:40Z,2444.8,2444.1,2444.5,2725.7,2725.9,2726.0,5852.2,5851.7,5851.3,2401.2,2401.5,2402.1,3617.2,3616.6,3616.8,4559.9,4559.9,4559.6,6407.2,6409.2,6407.9,8880.8,8879.0,8879.5,5370.9,5369.7,5370.9,7609.4,7608.5,7610.5,6273.6,6273.2,6274.4,1909.9,1908.4,1908.5,3800.8,3800.8,3801.6,2697.7,2696.2,2696.9,2972.5,2972.0,2972.4,25.980000,29.240000,going to home base
2024-04-12T19:51:45Z,2444.1,2443.6,2443.8,2725.6,2725.5,2726.1,5851.4,5850.9,5851.4,2401.2,2401.2,2401.1,3617.8,3617.8,3617.5,4559.2,4558.5,4559.3,6408.3,6407.5,6407.7,8878.7,8879.3,8878.5,5369.7,5369.1,5370.0,7608.6,7607.8,7607.8,6275.4,6276.3,6277.6,1909.5,1907.8,1907.7,3800.4,3800.2,3801.3,2698.2,2697.7,2697.5,2971.8,2970.9,2971.8,26.020000,29.219999,going to home base
2024-04-12T19:51:50Z,2444.2,2443.3,2443.4,2725.5,2725.5,2726.0,5851.2,5851.1,5850.9,2400.1,2399.9,2401.2,3617.7,3617.2,3616.9,4559.7,4559.5,4559.5,6409.9,6409.7,6408.6,8877.4,8878.1,8877.9,5370.1,5369.7,5371.0,7611.1,7608.5,7609.4,6276.4,6276.0,6275.4,1909.4,1907.7,1907.9,3801.2,3801.0,3801.2,2698.3,2697.4,2697.8,2971.6,2971.7,2972.2,26.010000,29.190001,going to home base
2024-04-12T19:51:55Z,2444.0,2443.4,2443.7,2724.9,2724.9,2725.7,5851.5,5851.2,5851.4,2400.6,2400.2,2400.5,3616.4,3616.2,3616.8,4558.9,4559.1,4559.0,6407.8,6407.5,6409.3,8878.7,8877.3,8878.4,5368.6,5368.6,5370.2,7607.0,7607.4,7609.0,6274.1,6276.9,6276.0,1909.5,1908.1,1907.9,3800.6,3800.7,3801.8,2698.3,2697.3,2697.2,2972.1,2971.9,2972.5,26.010000,29.219999,going to home base
2024-04-12T19:52:00Z,2443.8,2443.2,2443.9,2725.3,2725.2,2725.9,5851.6,5850.7,5851.0,2400.6,2400.5,2400.4,3617.5,3616.9,3616.6,4559.0,4559.1,4558.8,6407.8,6409.2,6407.3,8880.2,8880.4,8878.3,5368.8,5368.7,5369.5,7609.5,7609.1,7607.7,6276.3,6275.1,6276.2,1909.2,1907.8,1907.9,3800.7,3801.0,3801.6,2698.4,2697.5,2697.6,2972.1,2971.5,2971.9,26.020000,29.150000,going to home base
2024-04-12T19:52:05Z,2443.7,2443.3,2443.5,2725.8,2725.7,2726.1,5851.0,5850.1,5850.5,2400.4,2400.5,2400.4,3617.6,3617.3,3617.3,4559.2,4559.0,4558.7,6405.7,6406.7,6406.4,8876.3,8875.6,8875.1,5369.1,5369.0,5370.6,7610.5,7608.2,7608.8,6274.9,6275.2,6276.1,1909.2,1907.7,1907.5,3801.1,3801.0,3802.3,2698.7,2698.0,2697.6,2973.0,2972.0,2972.8,26.020000,29.180000,going to home base
2024-04-12T19:52:10Z,2443.5,2443.0,2443.1,2725.2,2725.9,2725.7,5851.1,5851.0,5850.9,2400.1,2400.3,2401.0,3616.5,3615.9,3616.3,4559.7,4559.4,4558.8,6405.2,6403.1,6404.6,8878.1,8876.8,8878.1,5367.3,5367.7,5368.4,7608.1,7608.0,7608.0,6273.7,6274.6,6275.0,1909.2,1907.6,1907.9,3801.4,3801.3,3802.1,2697.6,2696.2,2696.6,2972.5,2972.3,2972.6,26.049999,29.190001,going to home base
2024-04-12T19:52:15Z,2443.1,2442.6,2442.8,2725.4,2725.2,2725.4,5850.6,5850.2,5849.9,2400.4,2400.7,2400.8,3616.5,3616.2,3615.7,4559.4,4559.3,4559.0,6402.6,6401.8,6405.6,8878.3,8877.2,8876.3,5369.6,5369.2,5369.0,7609.4,7609.3,7608.6,6274.7,6273.8,6274.2,1909.1,1907.9,1907.4,3801.7,3801.5,3802.1,2697.7,2696.9,2696.8,2971.6,2970.9,2971.7,26.049999,29.120001,going to home base
2024-04-12T19:52:20Z,2444.0,2443.4,2443.9,2725.5,2725.4,2725.5,5849.9,5849.9,5850.7,2400.1,2400.1,2400.6,3617.2,3617.0,3616.3,4559.0,4558.6,4558.9,6402.0,6403.7,6403.2,8875.5,8873.2,8876.1,5370.6,5369.5,5369.5,7608.6,7609.2,7608.8,6274.0,6272.9,6273.6,1909.0,1907.5,1907.4,3800.9,3801.2,3801.9,2697.4,2696.3,2696.4,2971.5,2971.0,2971.6,26.049999,29.110001,going to home base
2024-04-12T19:52:25Z,2443.6,2443.0,2443.0,2725.2,2725.0,2725.5,5850.2,5849.4,5849.7,2401.0,2401.1,2401.6,3616.7,3616.4,3616.4,4559.0,4559.0,4558.7,6406.4,6404.7,6404.8,8878.4,8878.3,8877.2,5369.7,5369.8,5371.7,7610.8,7609.2,7609.2,6275.3,6273.6,6273.8,1910.4,1908.7,1908.7,3801.0,3800.5,3802.0,2696.6,2695.9,2696.4,2973.4,2972.4,2972.5,26.049999,29.110001,going to home base
2024-04-12T19:52:30Z,2442.7,2441.8,2442.2,2725.4,2725.6,2726.2,5849.7,5849.1,5849.5,2400.4,2400.0,2400.9,3616.3,3616.1,3616.2,4558.7,4559.0,4558.4,6404.7,6405.0,6404.3,8875.7,8875.1,8875.7,5366.7,5367.2,5369.5,7609.1,7607.9,7607.1,6272.5,6273.8,6273.3,1909.8,1908.1,1908.4,3800.5,3800.3,3801.5,2696.9,2696.2,2696.0,2971.7,2971.5,2972.5,26.059999,29.100000,going to home base
2024-04-12T19:52:35Z,2442.9,2442.5,2442.9,2724.7,2724.4,2725.4,5849.8,5849.6,5849.7,2400.4,2400.4,2400.9,3616.3,3616.4,3615.7,4558.8,4558.8,4558.4,6403.1,6403.1,6401.9,8875.1,8874.6,8876.3,5367.4,5368.8,5368.8,7609.2,7610.5,7609.8,6269.7,6270.9,6270.4,1909.2,1907.6,1907.3,3800.5,3800.8,3801.8,2696.5,2695.6,2696.3,2973.8,2972.9,2973.1,26.080000,29.059999,going to home base
2024-04-12T19:52:40Z,2442.5,2442.4,2442.8,2725.0,2725.0,2724.7,5848.3,5848.3,5849.0,2400.0,2400.1,2400.9,3615.8,3616.2,3616.0,4558.5,4558.3,4558.0,6404.0,6404.0,6404.2,8875.3,8874.9,8874.9,5367.0,5368.9,5369.0,7610.7,7610.0,7608.1,6272.0,6273.2,6272.9,1909.4,1907.8,1908.0,3799.7,3800.0,3800.9,2696.7,2695.8,2696.0,2972.1,2971.7,2972.1,26.080000,29.070000,going to home base
2024-04-12T19:52:45Z,2443.5,2442.7,2443.0,2724.0,2724.4,2725.1,5849.9,5849.0,5848.9,2399.3,2399.3,2399.9,3616.3,3615.8,3616.0,4557.8,4557.5,4558.2,6403.0,6403.1,6404.4,8875.8,8874.6,8876.8,5367.9,5367.1,5368.8,7607.8,7606.4,7606.7,6272.3,6271.4,6271.7,1908.3,1907.1,1906.8,3800.4,3800.2,3800.9,2696.6,2696.3,2695.6,2972.2,2971.6,2971.5,26.090000,29.040001,going to home base
2024-04-12T19:52:50Z,2442.9,2441.7,2441.9,2724.0,2723.6,2724.4,5849.3,5848.6,5849.1,2400.2,2400.2,2400.9,3615.6,3614.9,3615.2,4559.0,4558.2,4558.6,6401.4,6400.8,6401.1,8876.3,8877.0,8876.2,5366.9,5366.0,5368.6,7609.0,7608.5,7608.8,6274.3,6274.3,6273.4,1909.5,1908.0,1907.7,3799.9,3800.4,3801.3,2696.2,2695.2,2695.4,2971.8,2972.1,2971.2,26.080000,29.030001,going to home base
2024-04-12T19:52:55Z,2442.8,2442.3,2442.5,2724.5,2724.0,2724.3,5849.1,5848.3,5848.4,2399.8,2400.6,2400.4,3616.1,3615.5,3615.5,4558.8,4557.8,4558.3,6403.0,6403.1,6405.0,8876.5,8875.5,8877.0,5367.1,5367.5,5367.7,7606.5,7605.2,7606.2,6274.6,6273.7,6273.4,1909.1,1907.5,1907.6,3800.7,3800.5,3801.1,2695.8,2695.1,2695.5,2970.8,2970.4,2970.7,26.110001,29.059999,going to home base
2024-04-12T19:53:00Z,2441.9,2441.6,2441.9,2724.3,2723.9,2724.4,5848.9,5848.8,5848.5,2399.8,2399.5,2399.8,3615.6,3615.3,3615.0,4558.6,4558.3,4558.6,6401.5,6401.3,6400.3,8878.1,8878.8,8878.4,5368.0,5366.3,5368.5,7609.5,7608.4,7607.8,6271.0,6272.5,6274.3,1908.9,1907.5,1907.2,3799.5,3799.9,3800.3,2696.5,2695.9,2695.7,2972.3,2971.4,2971.3,26.110001,29.090000,going to home base
2024-04-12T19:53:05Z,2442.5,2441.7,2441.8,2724.3,2724.6,2724.9,5848.1,5847.8,5848.0,2399.7,2399.8,2399.8,3616.1,3615.2,3614.9,4558.5,4558.3,4558.7,6402.9,6404.0,6403.5,8875.8,8875.3,8874.6,5368.1,5368.1,5368.5,7607.7,7607.0,7608.1,6271.4,6270.5,6273.1,1908.9,1907.6,1907.4,3798.6,3799.5,3800.0,2695.9,2695.0,2694.8,2971.4,2970.2,2971.2,26.090000,29.070000,going to home base
2024-04-12T19:53:10Z,2442.6,2442.3,2442.4,2724.9,2725.0,2725.3,5848.0,5847.8,5847.6,2399.9,2400.3,2400.2,3615.3,3614.9,3614.6,4558.2,4558.0,4558.1,6401.8,6401.8,6403.0,8875.2,8873.6,8875.5,5367.8,5367.9,5369.2,7607.7,7607.5,7608.5,6272.9,6272.6,6273.0,1908.9,1907.5,1907.5,3799.4,3799.7,3800.0,2696.3,2695.7,2695.4,2971.5,2970.9,2971.9,26.090000,29.030001,going to home base
2024-04-12T19:53:15Z,2442.1,2441.3,2441.3,2725.1,2725.0,2725.2,5848.2,5847.4,5848.0,2400.0,2399.8,2400.2,3615.7,3615.9,3615.6,4558.5,4558.2,4558.2,6402.1,6402.2,6403.8,8874.4,8872.6,8874.4,5367.5,5366.6,5368.3,7605.4,7605.1,7605.8,6269.8,6271.1,6272.2,1909.0,1907.7,1907.1,3799.1,3799.1,3800.5,2696.2,2695.2,2695.4,2972.6,2971.1,2972.2,26.090000,29.059999,going to home base
2024-04-12T19:53:20Z,2442.1,2441.2,2441.3,2724.4,2724.3,2725.0,5847.9,5847.6,5847.5,2399.2,2399.5,2399.8,3616.0,3615.7,3615.5,4558.0,4557.3,4557.5,6402.5,6402.9,6403.9,8876.7,8875.1,8875.8,5368.9,5368.0,5367.5,7606.2,7605.2,7603.8,6272.2,6273.0,6270.6,1908.4,1906.9,1907.2,3798.9,3799.7,3799.8,2695.3,2694.5,2694.4,2970.8,2970.8,2971.1,26.110001,29.049999,going to home base
2024-04-12T19:53:25Z,2442.1,2441.6,2441.5,2723.7,2723.7,2724.3,5847.6,5847.6,5847.4,2399.9,2399.8,2400.7,3615.8,3615.9,3615.2,4557.8,4557.8,4558.1,6399.7,6399.9,6400.9,8872.3,8870.6,8872.6,5367.0,5367.1,5367.3,7607.0,7605.5,7605.6,6274.1,6272.9,6273.3,1908.4,1906.9,1907.1,3799.2,3800.0,3800.2,2696.0,2694.7,2694.7,2971.5,2969.7,2970.6,26.139999,29.049999,going to home base
2024-04-12T19:53:30Z,2442.3,2441.4,2441.9,2723.6,2723.9,2724.0,5848.8,5848.1,5848.3,2400.8,2400.1,2400.3,3616.3,3615.6,3615.6,4557.6,4557.4,4557.7,6400.6,6397.3,6398.7,8874.7,8873.6,8874.0,5365.0,5364.9,5365.8,7606.9,7606.9,7605.9,6272.8,6273.4,6273.1,1908.6,1907.5,1907.2,3798.7,3798.8,3800.0,2694.8,2694.0,2694.1,2971.6,2971.2,2971.7,26.139999,29.090000,going to home base
2024-04-12T19:53:35Z,2442.0,2441.4,2441.5,2723.9,2724.3,2724.1,5848.0,5848.0,5848.2,2399.9,2399.3,2399.8,3616.2,3616.2,3615.7,4557.1,4557.1,4557.1,6399.2,6400.0,6399.3,8873.4,8872.3,8873.3,5366.5,5365.8,5367.0,7603.8,7603.2,7603.3,6271.0,6270.0,6271.5,1908.1,1906.5,1906.7,3799.2,3799.0,3799.6,2696.5,2695.3,2694.9,2971.4,2970.9,2970.6,26.120001,29.010000,going to home base
2024-04-12T19:53:40Z,2442.0,2441.4,2441.7,2723.7,2723.6,2724.2,5848.0,5847.4,5847.7,2400.3,2400.4,2400.9,3615.4,3615.8,3615.4,4557.3,4557.9,4557.7,6403.0,6403.4,6403.1,8871.8,8870.2,8870.8,5365.9,5366.5,5365.7,7605.7,7604.2,7606.2,6271.9,6272.7,6273.1,1908.8,1907.5,1907.5,3799.1,3799.6,3800.2,2696.3,2695.3,2695.7,2970.8,2970.3,2970.3,26.139999,28.980000,going to home base
2024-04-12T19:53:45Z,2441.4,2441.1,2441.3,2724.2,2724.2,2724.1,5848.3,5847.1,5847.4,2399.6,2400.1,2400.7,3615.1,3615.2,3615.7,4556.8,4556.7,4557.2,6401.3,6400.9,6399.7,8872.0,8872.9,8873.6,5366.7,5365.7,5366.7,7607.0,7607.3,7606.7,6272.9,6273.1,6271.7,1908.8,1906.8,1907.7,3798.3,3798.5,3799.3,2695.8,2694.8,2695.0,2971.8,2971.5,2971.5,26.139999,28.990000,going to home base
2024-04-12T19:53:50Z,2442.5,2441.9,2441.8,2724.2,2724.3,2724.5,5848.0,5847.3,5847.4,2400.5,2400.3,2401.1,3615.8,3615.6,3615.4,4557.2,4557.2,4557.1,6399.8,6399.3,6400.7,8873.5,8872.3,8873.4,5366.7,5366.7,5367.1,7605.6,7604.5,7606.2,6268.9,6270.4,6269.7,1908.9,1907.3,1907.4,3799.0,3798.6,3800.1,2694.8,2693.9,2694.2,2972.3,2970.6,2971.6,26.150000,28.980000,going to home base
2024-04-12T19:53:55Z,2442.1,2441.3,2441.4,2723.7,2723.7,2723.8,5847.0,5846.7,5846.9,2400.7,2400.4,2400.6,3615.2,3614.4,3614.5,4556.3,4556.3,4556.8,6394.7,6397.8,6396.9,8873.0,8872.3,8874.4,5366.4,5366.7,5368.4,7604.2,7604.0,7603.7,6270.3,6269.4,6270.4,1908.1,1906.8,1907.0,3798.4,3798.8,3799.0,2694.5,2694.0,2693.7,2972.2,2971.3,2971.1,26.139999,28.980000,going to home base
2024-04-12T19:54:00Z,2441.7,2440.8,2441.4,2723.6,2723.4,2723.9,5847.0,5846.7,5846.1,2399.4,2400.0,2400.2,3615.0,3615.2,3615.9,4556.8,4556.9,4557.2,6399.0,6399.7,6398.0,8870.5,8871.2,8871.1,5366.8,5365.7,5367.9,7603.8,7602.1,7603.2,6267.8,6269.3,6269.8,1908.3,1906.7,1906.9,3797.7,3797.5,3799.1,2695.2,2694.5,2695.2,2971.4,2972.0,2971.3,26.150000,28.940001,going to home base
2024-04-12T19:54:05Z,2441.6,2441.0,2441.1,2723.2,2723.2,2723.3,5846.4,5845.6,5846.5,2399.5,2400.2,2400.2,3615.5,3615.6,3615.3,4556.4,4556.3,4556.3,6401.0,6399.2,6399.7,8870.9,8870.6,8871.0,5367.0,5367.3,5367.1,7602.7,7602.7,7603.6,6270.1,6270.9,6269.4,1908.5,1906.6,1906.4,3798.4,3798.0,3798.4,2695.5,2694.3,2694.3,2970.7,2970.4,2970.7,26.170000,28.940001,going to home base
2024-04-12T19:54:10Z,2441.8,2440.9,2441.3,2723.3,2722.8,2723.4,5846.6,5846.3,5846.5,2399.5,2399.7,2400.3,3615.2,3614.4,3614.5,4556.9,4556.5,4556.5,6397.8,6398.1,6398.2,8869.0,8868.5,8868.4,5367.4,5366.7,5367.2,7604.8,7604.1,7604.8,6269.6,6269.7,6269.1,1908.4,1907.1,1907.2,3797.3,3797.7,3798.3,2695.2,2694.3,2694.5,2971.7,2970.7,2971.6,26.180000,28.940001,going to home base
2024-04-12T19:54:15Z,2441.7,2441.1,2441.5,2722.5,2723.3,2723.7,5846.5,5846.1,5846.6,2400.5,2400.1,2400.6,3615.5,3615.9,3615.9,4557.0,4556.3,4556.4,6398.7,6398.5,6399.5,8871.3,8869.8,8870.0,5365.4,5366.4,5367.7,7603.4,7604.4,7605.2,6267.9,6268.8,6267.0,1907.6,1906.4,1906.4,3797.9,3797.5,3799.0,2694.0,2693.3,2693.9,2971.5,2971.1,2972.2,26.170000,28.930000,going to home base
2024-04-12T19:54:20Z,2441.6,2441.1,2441.2,2723.2,2723.6,2723.7,5847.5,5846.5,5846.5,2399.3,2399.3,2399.7,3615.4,3615.1,3614.6,4556.5,4556.2,4556.3,6398.5,6399.2,6398.6,8871.3,8870.4,8870.1,5364.9,5366.4,5365.8,7604.4,7603.4,7604.1,6267.3,6268.6,6269.9,1908.2,1906.4,1906.5,3797.1,3797.2,3798.1,2694.2,2693.4,2694.0,2970.7,2970.3,2970.4,26.180000,28.910000,going to home base
2024-04-12T19:54:25Z,2442.1,2440.8,2441.2,2723.0,2722.6,2723.4,5846.0,5845.7,5846.3,2399.6,2400.3,2400.1,3614.7,3614.1,3614.5,4556.5,4556.0,4556.3,6399.7,6398.9,6398.4,8871.1,8870.6,8871.6,5365.7,5366.1,5366.2,7604.2,7603.1,7604.1,6270.1,6269.5,6269.6,1908.4,1906.9,1906.6,3797.1,3797.1,3797.9,2695.0,2694.2,2694.0,2970.9,2969.6,2970.1,26.190001,28.910000,going to home base
2024-04-12T19:54:30Z,2441.7,2440.6,2441.6,2723.0,2722.9,2723.6,5846.6,5846.0,5846.1,2399.6,2399.0,2399.1,3616.2,3615.6,3614.9,4556.3,4556.3,4556.6,6398.6,6397.3,6397.7,8870.5,8871.2,8872.6,5364.3,5364.5,5365.1,7603.0,7603.4,7603.3,6273.7,6273.0,6271.2,1908.1,1907.1,1906.8,3796.9,3796.7,3797.5,2695.8,2694.6,2694.9,2970.9,2971.1,2971.1,26.190001,28.950001,going to home base
2024-04-12T19:54:35Z,2441.8,2441.2,2441.1,2723.3,2723.0,2723.6,5846.0,5845.7,5846.3,2399.0,2398.7,2399.3,3614.5,3614.0,3614.4,4556.2,4555.9,4556.2,6397.6,6398.1,6399.3,8870.7,8870.1,8869.2,5363.8,5363.8,5365.1,7602.8,7603.9,7603.9,6270.5,6270.8,6271.0,1907.7,1906.5,1906.5,3796.4,3796.5,3797.4,2694.7,2694.2,2694.0,2971.1,2970.4,2970.3,26.219999,28.969999,going to home base
2024-04-12T19:54:45Z,2441.8,2440.9,2441.4,2723.4,2723.0,2723.6,5846.5,5846.2,5846.5,2399.3,2399.2,2399.6,2441.2,2441.3,2722.6,2722.5,2722.8,5846.2,5845.3,5845.5,2399.0,90573.9,90578.2,14853.7,14847.3,14845.1,3612.7,3612.9,3612.5,4556.0,4555.9,4556.7,6400.4,34723.6,34753.0,8870.6,8871.1,8870.6,5363.4,5364.2,5364.7,7605.0,7604.5,7604.6,6268.4,46479.2,46470.7,going to home base
2024-04-12T19:54:55Z,2441.6,2441.2,2441.5,2722.8,2722.6,2723.3,5845.7,5845.4,5844.9,2398.5,2398.9,2399.3,3613.6,3614.3,3613.3,4555.7,4555.7,4556.0,6399.6,6397.5,6397.8,8872.1,8871.6,8871.5,5363.1,5364.2,5364.1,7605.7,7605.9,7605.2,6267.0,6267.0,6267.8,1907.4,1906.1,1905.9,3795.4,3795.9,3796.4,2693.8,2693.0,2693.4,2970.9,2970.5,2970.7,26.240000,28.860001,going to home base
2024-04-12T19:55:00Z,2441.3,2440.8,2441.0,2722.9,2722.7,2722.8,5845.8,5844.9,5844.9,2399.2,2399.4,2399.5,3612.2,3611.8,3611.6,4555.6,4555.8,4555.2,6398.9,6399.0,6399.2,8867.9,8867.6,8867.8,5363.0,5363.6,5365.4,7604.3,7603.9,7604.4,6267.7,6268.1,6266.6,1907.4,1906.0,1905.6,3796.7,3796.9,3797.7,2694.3,2692.9,2693.4,2971.5,2970.6,2971.0,26.240000,28.840000,going to home base
2024-04-12T19:55:05Z,2441.5,2441.0,2441.1,2722.7,2722.5,2722.7,5844.9,5845.2,5845.0,2399.3,2399.0,2399.5,3612.3,3612.8,3612.1,4556.0,4555.9,4556.2,6398.5,6399.3,6399.9,8869.0,8866.9,8867.3,5364.2,5362.4,5362.3,7603.0,7604.4,7602.6,6267.2,6265.4,6265.5,1907.4,1905.6,1905.7,3796.7,3797.1,3797.3,2693.7,2692.0,2693.0,2970.5,2970.3,2970.0,26.260000,28.879999,going to home base
2024-04-12T19:55:10Z,2441.5,2440.8,2441.0,2722.0,2722.5,2722.6,5845.2,5844.9,5844.9,2398.9,2399.0,2399.4,3613.5,3612.8,3612.9,4555.2,4555.3,4555.1,6398.4,6398.7,6399.1,8869.2,8868.6,8868.7,5363.0,5363.1,5364.5,7602.2,7601.1,7600.9,6267.2,6267.8,6266.7,1907.3,1906.2,1906.0,3795.7,3795.6,3796.7,2694.6,2693.5,2693.9,2968.6,2968.6,2969.6,26.250000,28.850000,going to home base
2024-04-12T19:55:15Z,2441.3,2440.5,2440.6,2722.6,2722.2,2722.4,5844.6,5844.3,5844.4,2398.4,2398.8,2398.9,3613.7,3612.9,3612.9,4555.0,4554.5,4554.6,6395.6,6394.9,6395.2,8868.7,8868.5,8867.8,5363.5,5363.3,5362.9,7600.7,7601.8,7602.1,6267.5,6266.6,6267.2,1907.6,1906.1,1906.0,3795.6,3796.1,3797.0,2693.9,2693.7,2693.4,2970.9,2970.1,2969.6,26.250000,28.860001,going to home base
2024-04-12T19:55:20Z,2440.8,2440.3,2440.6,2722.6,2722.3,2722.9,5844.5,5843.5,5844.2,2398.7,2399.0,2399.0,3612.8,3612.5,3612.4,4554.8,4555.3,4554.6,6396.7,6397.7,6398.2,8869.6,8867.5,8868.5,5361.4,5361.6,5362.4,7600.7,7602.9,7601.1,6266.4,6267.1,6267.4,1908.2,1906.9,1906.4,3795.7,3795.6,3796.5,2694.0,2692.9,2693.8,2972.4,2972.0,2971.5,26.260000,28.850000,going to home base
2024-04-12T19:55:25Z,2440.9,2440.7,2440.6,2722.9,2722.5,2722.8,5844.9,5844.0,5843.9,2398.8,2399.0,2399.2,3612.0,3612.1,3611.7,4555.4,4555.5,4555.3,6397.5,6397.6,6400.2,8867.7,8870.1,8871.3,5362.2,5361.7,5363.2,7603.1,7602.9,7599.9,6266.1,6267.1,6266.7,1907.7,1906.1,1905.9,3795.2,3794.9,3795.9,2694.3,2693.7,2693.4,2972.0,2971.8,2971.5,26.250000,28.860001,going to home base
2024-04-12T19:55:30Z,2441.0,2440.8,2440.3,2721.9,2721.9,2721.7,5843.8,5843.4,5843.7,2398.7,2398.9,2399.2,3613.2,3612.2,3612.7,4554.7,4554.8,4555.1,6398.7,6395.6,6394.8,8869.1,8867.3,8868.9,5363.2,5362.7,5363.7,7602.1,7601.3,7601.7,6265.6,6267.3,6266.9,1908.4,1906.7,1906.6,3795.9,3796.2,3796.7,2693.0,2692.6,2692.8,2972.3,2972.1,2973.0,26.260000,28.790001,going to home base
2024-04-12T19:55:35Z,2440.8,2440.4,2440.5,2722.2,2722.4,2723.0,5844.2,5843.5,5843.5,2399.2,2398.5,2399.1,3613.0,3612.2,3611.9,4555.9,4555.1,4554.8,6394.7,6396.0,6397.3,8866.7,8866.7,8866.8,5362.0,5361.6,5363.0,7601.0,7600.3,7601.1,6265.1,6266.4,6266.8,1907.2,1906.0,1905.6,3796.5,3796.0,3796.4,2693.8,2693.0,2693.1,2972.1,2971.5,2971.9,26.260000,28.809999,going to home base
2024-04-12T19:55:40Z,2441.3,2440.4,2441.0,2721.9,2722.3,2722.5,5844.4,5843.0,5843.6,2398.9,2398.9,2398.6,3613.4,3612.5,3612.9,4555.2,4554.4,4554.4,6399.2,6397.3,6397.9,8868.4,8866.9,8866.9,5364.3,5364.5,5364.7,7601.8,7602.1,7602.6,6267.8,6267.9,6267.9,1907.5,1906.1,1905.9,3795.1,3795.0,3796.1,2693.2,2692.4,2692.7,2973.3,2973.2,2973.7,26.280001,28.850000,going to home base
2024-04-12T19:55:45Z,2441.2,2440.4,2440.2,2721.8,2722.0,2721.6,5843.3,5842.9,5843.2,2398.5,2398.2,2398.7,3613.7,3612.9,3613.7,4554.1,4554.3,4553.7,6397.3,6396.5,6395.7,8868.8,8868.8,8868.4,5362.8,5363.2,5364.2,7602.6,7601.6,7603.1,6270.0,6269.2,6269.5,1907.3,1905.9,1906.0,3794.2,3794.2,3795.3,2693.7,2692.9,2692.9,2970.6,2970.8,2970.9,26.290001,28.750000,going to home base
2024-04-12T19:55:50Z,2440.2,2440.0,2440.7,2722.2,2722.0,2722.2,5843.3,5842.5,5842.5,2399.3,2399.5,2399.5,3613.1,3613.3,3612.4,4554.3,4554.2,4553.9,6396.5,6398.2,6397.9,8865.6,8866.8,8865.8,5364.2,5363.9,5363.7,7603.9,7603.6,7601.2,6268.2,6268.5,6269.8,1907.1,1905.7,1905.3,3794.9,3795.5,3795.9,2693.3,2692.6,2692.7,2971.1,2970.4,2970.9,26.260000,28.780001,going to home base
2024-04-12T19:55:55Z,2440.9,2440.3,2440.1,2721.4,2721.1,2721.7,5842.9,5842.4,5842.7,2398.3,2398.1,2398.3,3612.2,3611.7,3612.1,4554.4,4554.3,4554.3,6396.5,6397.3,6396.9,8863.8,8863.2,8864.0,5362.8,5363.5,5363.5,7601.1,7598.8,7600.5,6265.5,6267.9,6267.9,1907.2,1905.9,1905.6,3794.8,3794.8,3795.5,2693.1,2691.8,2692.3,2970.3,2969.9,2969.9,26.290001,28.730000,going to home base
2024-04-12T19:56:00Z,2440.7,2439.8,2440.2,2722.0,2722.0,2722.5,5842.7,5842.4,5842.6,2398.9,2397.9,2399.0,3613.1,3613.0,3612.6,4553.5,4553.8,4553.4,6393.8,6393.4,6394.7,8863.4,8863.5,8863.5,5362.6,5362.5,5362.3,7601.1,7602.8,7602.0,6266.0,6268.5,6269.1,1907.4,1906.2,1906.2,3794.1,3794.6,3795.6,2692.2,2691.8,2691.7,2969.3,2969.8,2970.5,26.320000,28.790001,going to home base
2024-04-12T19:56:05Z,2441.6,2440.2,2440.6,2721.3,2721.2,2721.5,5843.4,5842.9,5843.0,2399.3,2398.8,2399.4,3613.3,3613.4,3612.4,4553.8,4553.8,4553.9,6395.9,6393.7,6395.4,8864.1,8863.9,8863.7,5361.8,5361.4,5362.2,7602.0,7600.6,7601.4,6263.8,6265.4,6265.9,1906.8,1905.6,1905.5,3794.9,3795.5,3796.3,2693.0,2692.5,2692.3,2970.5,2970.0,2970.6,26.330000,28.780001,going to home base
2024-04-12T19:56:10Z,2440.8,2439.9,2440.0,2722.0,2721.9,2722.3,5843.2,5842.7,5842.6,2398.0,2397.7,2397.7,3612.5,3612.5,3613.0,4553.7,4554.0,4554.0,6397.2,6396.6,6396.9,8864.7,8862.1,8862.5,5359.5,5359.6,5359.8,7601.2,7600.2,7600.6,6266.7,6263.5,6265.3,1907.0,1905.3,1905.3,3794.5,3794.8,3795.6,2692.8,2692.0,2693.0,2970.4,2969.1,2970.2,26.309999,28.799999,going to home base
2024-04-12T19:56:15Z,2440.8,2439.6,2440.1,2721.5,2722.1,2721.6,5842.8,5842.3,5842.4,2398.8,2398.4,2399.0,3612.9,3611.7,3612.3,4553.6,4553.6,4553.7,6396.5,6397.7,6399.4,8863.8,8863.8,8863.4,5358.7,5358.8,5359.5,7601.2,7600.1,7598.8,6259.8,6261.3,6262.1,1907.8,1905.4,1904.9,3794.5,3794.8,3795.0,2693.7,2692.7,2692.7,2969.0,2969.5,2969.7,26.309999,28.760000,going to home base
2024-04-12T19:56:20Z,2440.9,2440.1,2440.6,2721.9,2721.5,2721.7,5841.6,5841.5,5841.7,2398.8,2399.1,2399.1,3612.3,3611.9,3612.5,4553.6,4553.6,4553.6,6396.0,6395.7,6396.9,8866.3,8864.1,8865.0,5360.2,5360.9,5361.7,7602.2,7598.5,7599.1,6264.3,6265.6,6266.9,1906.5,1905.0,1904.8,3795.1,3794.5,3795.8,2692.4,2691.4,2691.2,2969.7,2968.8,2968.8,26.320000,28.799999,going to home base
2024-04-12T19:56:25Z,2440.5,2440.2,2440.7,2721.1,2721.0,2721.4,5842.5,5842.0,5842.1,2399.1,2398.5,2399.0,3613.1,3612.3,3612.3,4553.4,4553.9,4553.6,6394.9,6392.7,6394.0,8863.9,8866.2,8864.8,5359.2,5359.0,5359.3,7601.2,7600.3,7599.7,6264.7,6264.6,6264.8,1907.1,1905.5,1905.4,3794.9,3794.7,3795.1,2692.8,2691.7,2692.1,2970.3,2969.7,2970.2,26.320000,28.770000,going to home base
2024-04-12T19:56:30Z,2440.8,2439.7,2439.9,2721.0,2721.2,2721.3,5841.9,5841.5,5841.4,2398.7,2398.2,2399.0,3612.9,3612.4,3612.6,4552.7,4553.1,4552.9,6394.9,6395.7,6395.2,8864.2,8864.0,8863.2,5361.5,5361.3,5362.3,7601.6,7601.2,7600.8,6265.3,6267.2,6268.2,1906.6,1905.1,1905.5,3795.1,3795.1,3796.0,2693.1,2692.2,2692.5,2969.4,2969.6,2969.0,26.320000,28.750000,going to home base
2024-04-12T19:56:35Z,2440.7,2440.0,2440.2,2721.5,2720.9,2721.6,5840.9,5840.8,5841.0,2399.2,2399.7,2399.6,3613.3,3612.7,3612.6,4553.5,4552.9,4552.8,6396.0,6394.0,6395.0,8864.3,8862.7,8861.1,5361.0,5361.4,5361.3,7603.3,7602.1,7601.3,6264.1,6261.7,6262.3,1906.7,1905.2,1905.6,3795.1,3795.4,3796.7,2692.3,2691.1,2692.0,2968.5,2968.2,2969.2,26.350000,28.760000,going to home base
2024-04-12T19:56:40Z,2439.9,2439.7,2439.7,2721.4,2720.6,2721.5,5841.5,5841.5,5841.1,2398.3,2398.7,2399.1,3612.6,3613.3,3612.6,4553.4,4552.9,4553.0,6393.8,6394.8,6394.4,8865.2,8864.1,8862.9,5360.2,5360.9,5361.9,7601.5,7600.6,7598.9,6263.7,6263.0,6264.3,1906.5,1905.2,1905.2,3794.2,3794.8,3796.1,2691.9,2691.0,2690.9,2968.3,2967.6,2968.4,26.350000,28.660000,going to home base
2024-04-12T19:56:45Z,2439.7,2439.3,2439.5,2721.3,2721.6,2721.9,5841.2,5840.6,5840.7,2398.3,2398.1,2398.5,3613.5,3613.0,3612.7,4553.0,4552.9,4552.8,6394.9,6394.5,6394.3,8861.0,8861.2,8862.2,5361.8,5362.1,5362.7,7600.0,7597.5,7598.3,6265.8,6266.7,6266.7,1906.2,1904.7,1904.8,3792.7,3792.8,3794.2,2693.1,2691.3,2691.4,2968.5,2968.0,2968.0,26.330000,28.709999,going to home base
2024-04-12T19:56:50Z,2440.5,2439.6,2440.0,2721.0,2721.4,2721.4,5841.0,5840.6,5840.7,2398.0,2398.3,2398.2,3612.0,3611.5,3611.2,4553.5,4552.9,4553.0,6391.8,6391.1,6391.6,8861.7,8860.9,8863.4,5359.7,5359.8,5360.6,7601.3,7598.5,7597.7,6267.5,6267.0,6267.5,1906.5,1905.2,1905.0,3794.0,3793.8,3794.9,2691.4,2691.0,2690.2,2969.8,2968.9,2969.1,26.360001,28.709999,going to home base
2024-04-12T19:56:55Z,2440.3,2439.6,2439.9,2720.7,2721.0,2721.3,5841.1,5841.2,5841.0,2398.3,2398.5,2398.6,3611.9,3611.6,3611.7,4553.0,4552.5,4552.8,6394.1,6392.5,6392.4,8862.3,8862.7,8863.0,5362.1,5362.4,5361.1,7600.3,7599.7,7599.9,6264.7,6264.9,6264.9,1906.2,1905.0,1904.9,3792.9,3793.7,3794.5,2692.3,2691.4,2691.5,2966.6,2966.9,2966.7,26.360001,28.730000,going to home base
2024-04-12T19:57:00Z,2440.1,2439.3,2439.5,2721.4,2721.1,2721.4,5841.3,5840.7,5840.9,2399.1,2399.4,2400.0,3612.7,3612.1,3612.0,4552.8,4552.4,4552.7,6390.8,6390.3,6392.6,8862.4,8862.4,8862.6,5361.8,5360.8,5361.7,7599.3,7597.4,7597.4,6266.9,6266.9,6267.3,1906.8,1905.2,1905.1,3794.4,3794.3,3795.0,2692.6,2692.1,2692.0,2967.7,2967.5,2967.8,26.350000,28.680000,going to home base
2024-04-12T19:57:05Z,2440.7,2439.9,2440.2,2721.1,2721.1,2721.6,5840.7,5840.5,5840.8,2398.1,2397.7,2398.5,3612.1,3612.4,3612.2,4552.9,4552.9,4552.7,6392.5,6393.8,6393.4,8862.9,8862.3,8861.4,5359.5,5360.0,5360.6,7599.4,7598.0,7599.6,6266.8,6266.9,6266.2,1906.1,1904.3,1904.6,3793.8,3794.1,3794.8,2691.7,2691.4,2690.9,2966.6,2965.9,2967.6,26.360001,28.730000,going to home base
2024-04-12T19:57:10Z,2440.1,2439.2,2439.4,2721.0,2721.1,2720.7,5840.7,5840.6,5840.9,2398.5,2398.3,2398.9,3613.3,3611.9,3611.2,4552.0,4552.1,4552.0,6390.8,6388.6,6392.2,8862.2,8861.5,8862.4,5361.2,5360.8,5362.0,7598.7,7599.0,7598.0,6266.3,6265.8,6267.2,1906.7,1905.2,1905.2,3793.6,3794.4,3794.8,2691.9,2691.2,2691.2,2966.5,2966.4,2966.7,26.379999,28.709999,going to home base
2024-04-12T19:57:15Z,2439.6,2439.2,2439.3,2720.5,2721.0,2720.8,5840.2,5839.8,5839.1,2397.3,2397.3,2397.5,3611.7,3611.3,3612.1,4552.3,4552.6,4552.9,6391.2,6390.3,6391.9,8862.7,8863.0,8862.5,5362.7,5360.5,5360.9,7598.8,7599.2,7599.2,6265.1,6266.6,6265.9,1906.7,1904.7,1904.5,3793.3,3792.9,3794.4,2692.0,2691.6,2691.0,2967.3,2967.7,2968.1,26.360001,28.680000,going to home base
2024-04-12T19:57:20Z,2439.8,2439.0,2439.4,2720.4,2719.9,2720.7,5839.9,5839.5,5839.6,2397.6,2397.8,2398.4,3611.4,3611.5,3611.3,4553.1,4552.8,4553.0,6392.1,6391.5,6391.9,8859.6,8861.0,8861.6,5361.7,5361.0,5362.8,7598.2,7598.5,7598.0,6266.1,6267.4,6267.4,1905.7,1904.4,1904.4,3793.2,3793.2,3794.0,2691.6,2690.7,2690.5,2968.2,2967.7,2968.2,26.389999,28.709999,going to home base
2024-04-12T19:57:25Z,2439.7,2438.8,2438.8,2720.2,2720.4,2720.7,5840.0,5839.7,5840.2,2397.9,2397.9,2398.3,3613.2,3612.5,3612.8,4552.9,4553.1,4552.6,6394.2,6392.3,6393.5,8860.6,8860.9,8858.6,5362.1,5361.8,5362.0,7599.1,7598.7,7599.9,6264.8,6265.2,6264.2,1906.1,1904.3,1904.6,3792.7,3793.2,3794.2,2691.6,2691.1,2690.7,2967.5,2967.1,2967.3,26.389999,28.709999,going to home base
2024-04-12T19:57:30Z,2439.8,2439.6,2440.0,2719.8,2720.4,2720.2,5840.3,5839.8,5839.9,2397.2,2396.9,2397.9,3611.3,3611.0,3610.8,4552.6,4553.0,4552.7,6392.2,6394.0,6392.2,8861.3,8861.0,8861.6,5360.1,5359.8,5361.2,7598.9,7598.8,7598.3,6266.3,6264.4,6264.7,1906.7,1904.8,1904.7,3792.5,3792.9,3793.5,2691.9,2690.7,2691.1,2969.3,2968.2,2968.4,26.389999,28.670000,going to home base
2024-04-12T19:57:35Z,2439.8,2438.8,2439.0,2720.3,2719.8,2720.3,5839.7,5839.8,5839.7,2397.6,2398.0,2397.9,3612.4,3611.9,3612.0,4552.8,4552.5,4552.4,6392.6,6392.4,6391.7,8860.7,8859.1,8859.5,5360.0,5359.2,5358.8,7596.2,7597.7,7594.9,6267.1,6265.1,6266.1,1906.6,1905.0,1904.8,3792.7,3792.8,3793.6,2690.4,2689.3,2689.9,2969.4,2968.6,2968.3,26.389999,28.629999,going to home base
2024-04-12T19:57:40Z,2439.4,2438.8,2439.2,2720.1,2719.9,2720.1,5839.8,5839.5,5840.0,2397.1,2396.8,2397.6,3610.6,3610.4,3610.3,4552.7,4552.6,4552.4,6392.9,6391.6,6392.7,8858.8,8858.9,8858.9,5359.3,5358.7,5359.1,7600.1,7599.0,7598.3,6266.5,6266.8,6266.4,1906.3,1904.4,1904.6,3792.8,3792.8,3793.9,2690.0,2689.5,2689.3,2967.2,2966.6,2966.8,26.420000,28.610001,going to home base
2024-04-12T19:57:45Z,2439.3,2438.8,2438.6,2719.9,2719.4,2720.2,5839.3,5839.2,5839.4,2397.2,2396.7,2397.4,3612.1,3610.8,3610.7,4552.4,4552.3,4552.3,6394.7,6393.9,6394.3,8856.6,8857.3,8857.3,5360.4,5359.3,5360.4,7598.4,7596.7,7596.3,6264.2,6263.3,6265.2,1905.9,1904.9,1904.6,3792.7,3792.5,3793.1,2691.0,2689.8,2690.4,2968.0,2967.7,2968.3,26.430000,28.629999,going to home base
2024-04-12T19:57:50Z,2439.5,2438.7,2439.1,2719.2,2719.0,2719.8,5839.4,5839.3,5838.9,2396.6,2396.2,2396.9,3611.1,3611.2,3610.9,4552.4,4552.2,4552.2,6394.5,6395.7,6397.1,8859.7,8859.5,8859.7,5359.1,5357.3,5359.0,7598.6,7599.2,7596.2,6264.1,6264.2,6263.7,1905.7,1904.4,1903.9,3791.7,3791.7,3792.5,2690.2,2689.1,2689.5,2968.9,2968.4,2968.3,26.400000,28.610001,going to home base
2024-04-12T19:57:55Z,2438.7,2438.5,2438.4,2719.6,2719.2,2719.8,5838.3,5838.2,5838.6,2397.1,2397.6,2397.5,3611.5,3610.9,3610.8,4552.2,4551.9,4552.1,6393.6,6394.4,6394.8,8860.9,8861.0,8860.4,5357.9,5359.2,5360.1,7600.3,7597.9,7599.5,6263.5,6264.5,6263.9,1905.9,1904.6,1904.4,3792.4,3792.2,3792.8,2690.1,2689.6,2689.7,2969.5,2968.9,2969.1,26.430000,28.639999,going to home base
2024-04-12T19:58:00Z,2439.3,2438.8,2439.0,2719.2,2719.1,2719.0,5838.9,5838.4,5838.1,2398.0,2397.5,2398.2,3611.0,3610.7,3610.6,4551.5,4551.7,4551.3,6392.2,6392.6,6394.1,8858.1,8857.2,8857.7,5359.2,5358.5,5359.3,7598.9,7595.9,7598.3,6264.8,6262.8,6264.6,1905.9,1904.3,1904.5,3791.9,3792.2,3792.9,2689.7,2689.3,2689.9,2970.0,2968.9,2968.8,26.420000,28.639999,going to home base
2024-04-12T19:58:05Z,2439.4,2438.3,2438.5,2719.5,2719.5,2719.7,5838.8,5839.0,5838.6,2397.7,2397.7,2397.9,3611.1,3611.0,3610.3,4552.4,4552.0,4551.6,6393.5,6391.5,6392.9,8858.8,8860.0,8859.3,5359.6,5358.0,5359.3,7596.6,7595.8,7595.8,6265.2,6264.5,6263.4,1905.7,1904.5,1904.1,3792.5,3792.7,3793.6,2690.3,2689.4,2689.7,2968.5,2967.2,2968.3,26.420000,28.629999,going to home base
2024-04-12T19:58:10Z,2438.6,2438.2,2438.1,2719.7,2719.2,2719.4,5838.7,5838.3,5837.9,2397.0,2396.7,2397.6,3611.5,3610.3,3609.8,4551.1,4550.9,4550.5,6391.2,6390.7,6390.5,8860.5,8859.3,8861.0,5359.1,5358.3,5359.5,7599.3,7598.1,7597.2,6263.6,6263.0,6264.1,1906.0,1904.5,1904.3,3792.9,3792.6,3793.6,2690.4,2690.0,2690.0,2969.2,2968.7,2968.4,26.430000,28.549999,going to home base
2024-04-12T19:58:15Z,2439.2,2438.6,2438.8,2719.3,2719.3,2719.6,5837.9,5837.5,5837.4,2396.9,2397.6,2397.5,3610.8,3610.5,3610.0,4551.2,4551.4,4551.1,6390.5,6391.4,6391.7,8858.1,8858.7,8858.7,5357.8,5358.0,5358.3,7599.1,7598.7,7597.6,6265.9,6264.2,6263.7,1905.4,1903.7,1903.4,3791.6,3792.5,3793.5,2691.1,2690.7,2690.4,2967.3,2966.3,2966.9,26.450001,28.590000,going to home base
2024-04-12T19:58:20Z,2438.0,2437.5,2438.1,2719.3,2719.4,2719.1,5836.9,5836.6,5837.2,2396.7,2396.6,2397.5,3609.6,3609.5,3609.7,4550.5,4550.3,4550.9,6392.7,6391.1,6388.3,8856.5,8857.4,8857.2,5358.5,5358.6,5358.6,7598.8,7597.7,7596.0,6261.0,6263.8,6264.7,1905.8,1904.4,1904.0,3791.5,3791.7,3792.4,2690.9,2689.8,2689.8,2966.3,2966.7,2967.2,26.459999,28.590000,going to home base
2024-04-12T19:58:25Z,2438.9,2438.6,2438.1,2718.4,2718.5,2718.5,5837.3,5836.7,5837.3,2396.1,2396.7,2396.7,3610.3,3609.9,3609.8,4550.6,4550.5,4550.6,6392.2,6391.0,6392.5,8860.0,8858.9,8859.6,5359.0,5358.7,5359.0,7597.1,7595.1,7597.0,6263.2,6261.9,6262.6,1905.4,1903.9,1903.8,3791.9,3791.7,3792.3,2689.9,2690.2,2689.7,2965.9,2964.5,2965.1,26.430000,28.570000,going to home base
2024-04-12T19:58:30Z,2438.7,2438.2,2438.4,2719.4,2719.3,2719.9,5837.8,5837.0,5836.7,2396.9,2396.4,2397.0,3610.3,3610.0,3610.4,4550.7,4550.8,4550.6,6393.4,6391.9,6392.8,8860.9,8858.8,8859.2,5358.8,5359.5,5359.7,7598.1,7597.0,7597.7,6263.9,6263.8,6263.8,1905.5,1904.0,1903.8,3790.3,3790.0,3791.2,2689.7,2688.8,2689.2,2965.8,2965.0,2965.2,26.450001,28.570000,going to home base
2024-04-12T19:58:35Z,2438.5,2438.2,2438.2,2719.3,2719.0,2718.7,5836.7,5836.5,5836.4,2397.0,2396.4,2397.0,3610.5,3609.4,3610.4,4550.8,4550.2,4550.1,6391.2,6392.2,6392.6,8856.6,8857.4,8858.7,5357.8,5356.7,5358.3,7597.0,7597.1,7597.9,6259.5,6259.5,6259.7,1905.5,1904.2,1904.1,3790.7,3791.0,3791.7,2689.8,2689.1,2689.7,2965.0,2964.7,2965.3,26.450001,28.530001,going to home base
2024-04-12T19:58:40Z,2438.6,2438.2,2438.0,2718.9,2718.8,2719.4,5837.2,5836.3,5836.5,2396.2,2396.3,2397.0,3610.8,3610.0,3610.2,4550.5,4550.0,4550.2,6392.4,6391.1,6392.2,8858.5,8858.5,8856.8,5358.1,5358.4,5358.5,7597.2,7595.8,7594.9,6263.0,6262.9,6262.5,1906.0,1904.4,1904.1,3790.7,3790.6,3791.0,2690.2,2688.6,2689.3,2965.2,2964.3,2965.5,26.459999,28.530001,going to home base
2024-04-12T19:58:45Z,2439.6,2438.4,2438.8,2718.3,2718.7,2718.8,5836.3,5836.6,5836.9,2396.8,2397.0,2397.4,3610.9,3609.6,3609.5,4550.2,4550.4,4550.5,6388.6,6388.4,6390.4,8858.7,8856.3,8857.1,5357.2,5357.3,5358.6,7598.6,7597.6,7597.9,6264.6,6264.1,6264.2,1905.5,1904.1,1903.9,3791.1,3791.2,3792.3,2690.0,2688.4,2688.8,2964.1,2964.5,2964.8,26.450001,28.549999,going to home base
2024-04-12T19:58:50Z,2438.6,2437.9,2438.1,2718.9,2718.9,2719.3,5836.5,5835.7,5836.0,2397.0,2396.9,2397.6,3611.4,3610.8,3610.0,4550.8,4550.5,4550.6,6390.8,6391.0,6391.6,8857.8,8855.2,8856.1,5357.8,5356.3,5357.0,7598.2,7597.8,7597.5,6266.0,6262.7,6264.6,1905.5,1903.9,1903.7,3790.3,3790.8,3791.2,2689.9,2689.3,2689.4,2965.8,2965.2,2965.7,26.450001,28.570000,going to home base
2024-04-12T19:58:55Z,2438.4,2438.1,2438.2,2719.0,2718.5,2718.9,5836.6,5836.5,5836.6,2397.3,2397.3,2397.6,3610.5,3610.0,3610.1,4550.4,4550.2,4550.5,6393.4,6394.0,6395.2,8856.7,8856.2,8856.5,5358.0,5356.5,5359.1,7597.3,7595.8,7596.1,6262.8,6262.9,6263.0,1905.0,1903.8,1903.1,3790.9,3790.8,3791.5,2689.3,2688.8,2688.8,2967.2,2966.4,2965.7,26.480000,28.530001,going to home base
2024-04-12T19:59:00Z,2438.5,2437.8,2437.9,2719.0,2718.5,2719.4,5836.7,5836.0,5835.7,2396.8,2396.8,2397.2,3610.2,3608.9,3609.8,4550.0,4549.8,4549.8,6393.0,6392.3,6392.6,8857.8,8856.8,8856.8,5358.0,5358.1,5359.0,7596.7,7595.2,7595.9,6262.1,6260.5,6260.5,1905.5,1904.0,1904.0,3790.7,3790.4,3792.0,2690.2,2688.5,2688.8,2965.1,2965.2,2965.5,26.480000,28.510000,going to home base
2024-04-12T19:59:05Z,2438.9,2438.1,2438.4,2719.6,2719.3,2719.5,5836.8,5836.3,5836.1,2395.9,2396.2,2396.8,3610.5,3610.0,3609.4,4550.0,4550.0,4549.8,6391.5,6391.7,6390.5,8855.8,8857.8,8857.1,5358.0,5358.4,5360.5,7597.5,7594.5,7596.4,6263.7,6263.4,6263.8,1905.3,1903.7,1903.3,3790.3,3790.0,3790.8,2689.5,2689.6,2688.6,2964.0,2963.0,2964.6,26.500000,28.540001,going to home base
2024-04-12T19:59:10Z,2438.0,2437.3,2438.0,2718.8,2718.6,2718.5,5836.7,5836.8,5836.2,2396.7,2396.3,2397.1,3610.1,3609.2,3609.5,4549.9,4550.0,4549.8,6387.1,6387.7,6387.4,8855.1,8855.6,8854.1,5357.4,5357.5,5358.8,7593.6,7594.2,7593.4,6262.6,6262.9,6262.6,1905.4,1904.0,1904.0,3791.3,3790.8,3791.0,2690.2,2689.5,2689.4,2964.4,2963.7,2963.3,26.480000,28.510000,going to home base
2024-04-12T19:59:15Z,2438.5,2438.1,2437.5,2718.3,2718.0,2718.4,5835.9,5835.4,5835.5,2396.8,2396.9,2396.5,3610.3,3609.9,3609.3,4550.5,4549.7,4549.6,6388.9,6389.7,6389.5,8853.9,8855.1,8856.1,5358.6,5357.7,5358.8,7597.1,7598.1,7597.0,6262.5,6260.9,6261.2,1905.0,1903.6,1903.8,3790.3,3790.8,3791.3,2690.1,2689.4,2689.4,2964.6,2964.6,2963.9,26.500000,28.510000,going to home base
2024-04-12T19:59:20Z,2438.5,2438.1,2438.5,2718.5,2718.8,2718.7,5836.2,5835.9,5836.0,2396.2,2396.4,2396.9,3610.7,3610.5,3610.5,4550.2,4550.2,4549.8,6387.6,6387.0,6387.2,8856.9,8856.5,8856.2,5358.3,5358.1,5359.5,7596.3,7596.0,7596.2,6263.0,6261.2,6263.7,1905.6,1904.1,1903.4,3789.4,3790.2,3791.2,2690.3,2689.3,2689.2,2965.8,2965.7,2965.4,26.490000,28.510000,going to home base
2024-04-12T19:59:25Z,2438.5,2437.8,2438.1,2718.0,2718.2,2718.8,5836.2,5835.8,5835.9,2395.8,2396.5,2396.9,3609.9,3609.5,3609.5,4549.9,4549.7,4549.9,6386.5,6386.5,6387.7,8854.6,8854.7,8854.6,5358.8,5358.4,5358.7,7596.8,7593.5,7594.3,6264.2,6264.7,6264.1,1905.3,1903.9,1904.0,3789.9,3789.9,3790.9,2689.8,2688.9,2688.9,2965.4,2964.9,2964.9,26.500000,28.510000,going to home base
2024-04-12T19:59:30Z,2438.0,2437.3,2437.7,2718.4,2718.3,2719.2,5837.0,5836.2,5836.4,2396.1,2395.3,2395.8,3610.2,3610.2,3609.6,4549.6,4549.3,4549.2,6385.7,6387.5,6385.6,8853.2,8852.8,8854.3,5358.1,5358.1,5358.9,7595.2,7594.0,7593.9,6264.9,6264.4,6263.4,1904.7,1903.6,1903.4,3789.6,3789.9,3791.1,2689.2,2688.7,2688.6,2964.8,2963.8,2964.7,26.490000,28.469999,going to home base
2024-04-12T19:59:35Z,2437.8,2437.2,2437.6,2718.6,2718.2,2718.4,5836.1,5835.5,5835.8,2395.7,2395.8,2396.1,3610.0,3609.4,3609.7,4549.2,4548.9,4548.9,6385.6,6385.8,6385.0,8852.7,8851.5,8853.9,5356.8,5355.4,5355.5,7596.1,7594.4,7593.7,6261.5,6261.5,6261.2,1905.1,1903.3,1903.9,3791.0,3790.7,3792.0,2688.7,2687.7,2688.1,2965.3,2965.5,2965.8,26.520000,28.520000,going to home base
2024-04-12T19:59:40Z,2438.6,2437.8,2438.0,2718.4,2718.7,2718.9,5835.5,5835.1,5835.1,2396.5,2396.4,2396.8,3609.8,3609.6,3609.3,4549.9,4549.2,4549.2,6389.6,6390.6,6387.9,8854.3,8852.7,8854.4,5354.3,5353.3,5353.6,7596.2,7594.7,7593.7,6259.7,6258.8,6258.8,1905.4,1903.7,1903.6,3789.5,3789.7,3790.7,2688.9,2688.3,2688.6,2966.0,2965.7,2965.4,26.500000,28.440001,going to home base
2024-04-12T19:59:45Z,2438.1,2437.6,2437.8,2718.5,2718.4,2718.7,5835.6,5835.5,5835.5,2396.5,2396.4,2396.7,3610.1,3609.5,3609.1,4549.4,4548.7,4548.8,6391.4,6390.8,6391.1,8854.3,8854.2,8855.1,5356.6,5354.7,5355.1,7594.9,7593.6,7593.1,6261.9,6260.8,6261.2,1904.4,1902.9,1903.1,3789.1,3789.4,3790.3,2689.1,2688.2,2688.5,2965.0,2964.6,2964.8,26.549999,28.450001,going to home base
2024-04-12T19:59:50Z,2438.4,2437.8,2437.8,2718.1,2717.6,2718.1,5835.7,5834.6,5835.1,2396.0,2395.6,2396.3,3609.7,3609.2,3608.3,4549.2,4549.1,4549.0,6389.9,6388.3,6388.6,8851.8,8852.0,8852.0,5355.7,5355.3,5355.0,7596.5,7594.7,7594.1,6258.1,6258.1,6259.2,1904.9,1903.4,1903.3,3789.1,3789.1,3789.8,2688.6,2686.8,2687.6,2965.7,2965.1,2965.1,26.500000,28.480000,going to home base
2024-04-12T19:59:55Z,2438.1,2437.8,2437.7,2718.2,2717.9,2718.5,5835.3,5834.9,5835.2,2395.8,2395.5,2395.7,3608.4,3607.6,3608.0,4548.1,4548.6,4548.9,6389.9,6388.8,6389.5,8848.6,8850.6,8851.0,5355.8,5356.8,5357.8,7595.9,7594.7,7595.5,6258.6,6258.0,6258.3,1905.3,1903.9,1903.9,3789.0,3789.4,3790.3,2688.8,2687.7,2688.2,2964.8,2965.9,2965.2,26.530001,28.469999,going to home base
2024-04-12T20:00:00Z,2437.9,2437.4,2437.5,2717.4,2717.7,2717.8,5835.3,5834.7,5834.4,2396.0,2396.0,2396.3,3607.9,3607.7,3608.9,4548.5,4549.0,4549.1,6390.1,6386.8,6388.1,8852.4,8849.5,8852.1,5354.9,5354.7,5355.8,7594.5,7594.2,7594.2,6256.9,6255.4,6255.8,1904.9,1903.7,1903.6,3788.0,3788.2,3789.6,2688.9,2688.3,2688.1,2965.5,2964.7,2964.9,26.549999,28.450001,going to home base
2024-04-12T20:00:05Z,2438.1,2437.0,2437.1,2718.0,2717.7,2718.1,5835.7,5834.7,5835.7,2396.6,2396.6,2397.4,3607.0,3607.5,3607.7,4548.7,4548.2,4548.5,6388.6,6387.1,6387.0,8851.9,8851.9,8851.2,5356.0,5355.0,5356.1,7592.7,7592.4,7593.2,6260.6,6261.4,6262.3,1905.6,1904.1,1903.9,3789.3,3789.0,3790.1,2688.0,2687.9,2687.4,2965.3,2964.9,2965.6,26.559999,28.480000,going to home base
2024-04-12T20:00:10Z,2437.9,2437.4,2437.7,2718.1,2718.0,2718.3,5835.7,5835.2,5834.9,2396.1,2396.1,2397.1,3609.0,3608.7,3608.6,4548.5,4548.3,4548.3,6389.6,6387.9,6388.6,8853.5,8852.9,8853.9,5356.8,5356.4,5356.5,7593.9,7591.9,7592.9,6260.4,6261.4,6260.7,1905.3,1903.6,1903.5,3788.3,3788.5,3789.1,2688.7,2687.6,2687.6,2966.0,2965.2,2964.9,26.530001,28.480000,going to home base
2024-04-12T20:00:15Z,2438.2,2437.4,2437.5,2718.0,2717.2,2718.1,5835.4,5834.5,5834.9,2396.5,2396.6,2397.4,3607.4,3607.4,3607.3,4549.0,4548.9,4548.5,6392.2,6390.5,6391.7,8852.0,8852.8,8851.7,5355.3,5355.7,5356.1,7593.1,7592.1,7593.8,6261.2,6261.7,6262.5,1905.2,1903.7,1903.5,3788.8,3788.5,3789.3,2688.4,2687.6,2687.8,2964.4,2964.5,2965.2,26.559999,28.510000,going to home base
2024-04-12T20:00:20Z,2438.0,2437.3,2437.8,2718.1,2717.7,2718.4,5835.2,5834.8,5834.7,2395.5,2395.4,2395.8,3608.0,3608.0,3607.9,4549.2,4549.0,4549.3,6390.7,6388.5,6389.5,8852.3,8850.7,8852.2,5354.7,5354.8,5355.1,7593.7,7592.8,7592.4,6261.6,6261.3,6262.0,1905.2,1903.6,1903.7,3788.3,3788.6,3789.9,2688.9,2688.3,2688.9,2964.1,2964.4,2965.1,26.570000,28.510000,going to home base
2024-04-12T20:00:25Z,2437.1,2436.1,2436.6,2717.8,2717.7,2718.1,5835.0,5834.2,5834.6,2395.6,2395.3,2395.7,3607.9,3607.5,3607.2,4549.0,4548.6,4549.2,6391.1,6392.4,6393.3,8848.4,8847.4,8849.2,5355.3,5355.2,5355.5,7592.9,7594.1,7593.4,6261.1,6259.7,6260.6,1905.0,1903.4,1903.5,3789.1,3789.5,3790.2,2687.8,2687.1,2686.9,2965.0,2963.6,2964.4,26.559999,28.490000,going to home base
2024-04-12T20:00:30Z,2437.4,2436.9,2437.4,2717.6,2717.9,2718.4,5834.8,5834.2,5835.0,2396.0,2395.5,2395.8,3607.4,3608.0,3607.3,4548.7,4548.4,4549.5,6389.5,6388.9,6390.0,8850.6,8850.0,8849.4,5354.5,5353.1,5354.7,7593.1,7592.9,7593.5,6258.2,6260.3,6259.1,1904.9,1903.6,1903.4,3789.2,3789.0,3789.8,2687.5,2686.9,2686.7,2964.3,2964.3,2964.4,26.549999,28.459999,going to home base
2024-04-12T20:00:35Z,2437.5,2437.2,2437.4,2718.1,2717.6,2718.1,5835.4,5834.8,5835.5,2396.5,2397.1,2397.2,3607.2,3606.9,3606.4,4549.0,4548.9,4548.7,6390.6,6390.1,6391.8,8851.0,8850.1,8851.5,5354.6,5354.2,5355.2,7594.9,7593.5,7593.7,6257.2,6257.5,6257.8,1904.9,1903.3,1903.1,3789.8,3789.9,3789.9,2687.2,2686.7,2687.0,2963.4,2963.2,2964.1,26.570000,28.459999,going to home base
2024-04-12T20:00:40Z,2438.2,2437.4,2437.2,2717.5,2717.7,2718.2,5834.6,5834.2,5834.2,2396.7,2396.7,2397.1,3606.8,3606.4,3607.3,4548.9,4549.1,4548.7,6389.6,6390.0,6389.2,8850.8,8850.2,8849.7,5355.0,5354.9,5354.3,7594.1,7591.9,7592.5,6260.1,6259.2,6258.4,1904.6,1903.4,1903.6,3789.6,3789.9,3790.7,2687.2,2686.5,2687.0,2964.6,2965.1,2965.3,26.570000,28.400000,going to home base
2024-04-12T20:00:45Z,2437.3,2436.7,2437.1,2717.3,2717.2,2717.3,5834.3,5833.7,5834.3,2397.0,2396.5,2396.8,3607.7,3607.2,3606.6,4548.7,4548.9,4548.7,6390.6,6390.7,6391.7,8848.9,8850.3,8850.6,5353.2,5353.9,5354.5,7595.7,7594.1,7593.1,6261.1,6261.1,6261.3,1905.1,1903.5,1903.4,3789.6,3789.3,3790.3,2687.7,2687.3,2687.1,2963.2,2962.9,2964.0,26.559999,28.360001,going to home base
2024-04-12T20:00:50Z,2437.1,2436.3,2436.4,2717.5,2717.8,2718.4,5834.3,5834.0,5833.7,2396.7,2396.8,2397.2,3607.7,3607.0,3607.0,4548.1,4548.3,4547.6,6388.0,6388.0,6389.2,8850.2,8850.1,8848.9,5354.7,5353.8,5354.6,7595.7,7594.3,7594.7,6256.5,6258.6,6258.4,1906.0,1904.0,1904.1,3789.3,3789.1,3790.1,2687.9,2686.8,2686.7,2963.5,2963.3,2963.4,26.570000,28.430000,going to home base
2024-04-12T20:00:55Z,2437.5,2436.9,2437.1,2717.3,2717.5,2717.0,5834.2,5833.9,5833.9,2395.8,2396.1,2396.4,3606.8,3606.4,3606.6,4548.9,4548.7,4548.8,6387.6,6387.1,6388.3,8851.6,8851.1,8851.7,5355.4,5354.9,5356.1,7594.6,7594.2,7591.8,6255.2,6257.0,6257.1,1904.9,1903.4,1903.5,3788.8,3789.6,3790.0,2687.6,2686.6,2687.2,2964.0,2964.3,2964.3,26.549999,28.420000,going to home base
2024-04-12T20:01:00Z,2437.7,2436.9,2437.1,2716.7,2717.0,2717.8,5833.9,5833.3,5833.4,2395.7,2395.4,2396.2,3607.3,3607.1,3607.6,4548.8,4548.4,4548.6,6385.8,6386.7,6385.3,8852.3,8850.9,8850.7,5351.5,5351.3,5351.6,7594.3,7593.7,7593.5,6259.9,6259.8,6259.8,1905.4,1903.8,1903.4,3788.5,3788.2,3789.7,2687.5,2686.6,2687.3,2965.7,2965.3,2965.6,26.570000,28.430000,going to home base
2024-04-12T20:01:05Z,2437.3,2436.4,2436.8,2716.6,2717.2,2717.7,5833.2,5832.9,5833.2,2396.7,2396.4,2396.9,3608.2,3608.8,3608.0,4548.6,4548.2,4548.3,6386.5,6385.7,6386.9,8850.6,8850.7,8850.5,5355.0,5353.9,5353.4,7594.4,7592.6,7591.5,6258.6,6259.6,6261.0,1904.7,1903.3,1903.3,3788.2,3788.9,3788.9,2687.3,2686.2,2686.2,2965.7,2965.5,2964.9,26.600000,28.389999,going to home base
2024-04-12T20:01:10Z,2437.2,2436.3,2437.0,2717.1,2717.1,2717.3,5833.1,5832.6,5832.9,2396.2,2395.9,2396.3,3607.4,3606.7,3606.8,4548.1,4547.9,4548.3,6388.3,6386.9,6387.8,8852.0,8851.6,8853.6,5353.0,5352.0,5353.9,7593.1,7592.1,7591.6,6260.8,6258.7,6258.9,1905.0,1903.4,1903.2,3788.7,3789.0,3789.3,2686.9,2686.3,2686.4,2965.6,2964.7,2965.1,26.600000,28.360001,going to home base
2024-04-12T20:01:15Z,2437.0,2435.9,2436.4,2717.0,2716.6,2717.3,5833.1,5832.2,5832.2,2396.3,2396.9,2397.1,3608.1,3607.9,3607.3,4547.9,4548.1,4548.0,6385.7,6385.8,6386.3,8852.7,8854.0,8851.0,5353.1,5353.3,5352.9,7594.5,7592.9,7593.3,6258.8,6257.6,6259.5,1905.3,1903.4,1903.3,3788.2,3788.4,3789.3,2687.6,2687.2,2687.1,2965.0,2964.2,2965.0,26.600000,28.420000,going to home base
2024-04-12T20:01:20Z,2437.0,2436.6,2436.5,2716.6,2716.6,2717.0,5832.7,5832.2,5832.4,2396.6,2396.6,2397.0,3607.0,3606.6,3607.1,4548.1,4547.5,4547.5,6386.7,6385.4,6386.9,8849.0,8848.8,8849.2,5352.8,5353.9,5353.8,7593.6,7592.2,7591.9,6258.5,6258.4,6258.2,1904.8,1903.1,1902.8,3788.4,3788.7,3789.7,2688.3,2687.3,2687.8,2964.7,2965.2,2965.3,26.610001,28.360001,going to home base
2024-04-12T20:01:25Z,2436.2,2435.7,2435.4,2716.7,2716.4,2716.8,5832.8,5832.8,5832.6,2396.7,2396.8,2397.0,3607.4,3607.9,3607.2,4547.3,4547.4,4548.0,6386.1,6384.3,6385.3,8847.0,8849.7,8849.3,5353.3,5353.2,5353.1,7591.9,7591.8,7593.0,6255.7,6257.5,6259.3,1904.7,1903.0,1903.1,3788.3,3788.4,3789.5,2686.8,2686.9,2686.6,2964.9,2963.8,2963.9,26.610001,28.389999,going to home base
2024-04-12T20:01:30Z,2436.6,2435.9,2436.0,2716.2,2716.4,2716.7,5832.9,5832.1,5832.5,2395.6,2395.8,2396.4,3606.8,3606.5,3606.8,4547.9,4548.0,4547.9,6387.2,6386.3,6386.8,8849.2,8850.4,8851.9,5352.0,5352.6,5353.3,7593.0,7592.8,7593.4,6261.6,6260.2,6260.7,1904.9,1903.3,1903.1,3788.4,3788.1,3789.3,2687.9,2686.6,2687.3,2964.5,2963.6,2964.2,26.600000,28.360001,going to home base
2024-04-12T20:01:35Z,2436.1,2435.5,2435.7,2716.7,2716.3,2716.6,5833.2,5832.5,5832.7,2396.2,2395.5,2396.0,3607.5,3606.8,3606.2,4547.8,4547.3,4547.8,6381.4,6385.5,6385.9,8850.6,8849.9,8850.0,5351.2,5351.2,5353.3,7592.4,7591.2,7591.7,6258.3,6259.6,6259.5,1904.4,1903.1,1902.9,3787.3,3787.2,3787.9,2687.2,2687.0,2686.8,2963.3,2963.1,2963.1,26.600000,28.379999,going to home base
2024-04-12T20:01:40Z,2436.7,2436.3,2436.3,2716.1,2715.9,2716.1,5833.0,5832.6,5832.6,2395.1,2395.2,2395.8,3608.4,3607.5,3608.0,4547.5,4547.4,4547.3,6385.0,6385.4,6387.1,8849.5,8850.1,8848.5,5349.6,5349.2,5350.7,7589.2,7589.6,7588.2,6258.0,6258.6,6258.8,1905.1,1903.4,1903.5,3788.0,3788.1,3788.6,2687.3,2686.5,2686.7,2965.4,2964.0,2963.8,26.610001,28.330000,going to home base
2024-04-12T20:01:45Z,2436.1,2435.8,2436.5,2717.3,2716.4,2717.1,5832.2,5832.1,5832.7,2395.3,2395.2,2395.7,3607.9,3607.6,3607.2,4548.0,4547.4,4547.7,6382.4,6383.1,6385.0,8849.4,8850.7,8849.8,5351.7,5352.7,5355.6,7588.5,7587.9,7587.2,6259.8,6258.5,6257.7,1904.1,1902.8,1903.0,3789.3,3789.8,3790.3,2687.3,2686.6,2686.8,2963.9,2964.1,2964.7,26.600000,28.340000,going to home base
2024-04-12T20:01:50Z,2436.8,2435.6,2436.0,2716.3,2715.9,2716.7,5832.0,5831.9,5832.4,2395.0,2395.6,2395.7,3606.6,3606.3,3605.5,4547.0,4547.2,4547.0,6383.8,6384.1,6384.1,8847.9,8845.8,8848.2,5352.1,5352.5,5352.0,7589.3,7589.3,7588.6,6257.3,6254.1,6256.2,1903.9,1902.8,1902.5,3788.2,3788.9,3789.5,2687.5,2686.5,2686.4,2963.9,2963.4,2964.8,26.610001,28.360001,going to home base
2024-04-12T20:01:55Z,2436.4,2435.1,2435.6,2716.5,2716.1,2716.4,5832.3,5831.8,5832.3,2395.6,2395.8,2396.0,3605.7,3606.0,3606.2,4547.0,4547.3,4547.2,6386.6,6383.7,6385.5,8847.6,8848.4,8848.7,5352.2,5352.9,5352.8,7590.1,7589.2,7589.7,6257.0,6258.2,6259.0,1903.9,1902.7,1902.5,3788.1,3787.9,3789.4,2686.8,2686.3,2686.1,2963.2,2963.7,2963.2,26.610001,28.360001,going to home base
2024-04-12T20:02:00Z,2436.5,2435.6,2436.1,2716.3,2715.2,2715.9,5832.4,5831.8,5831.8,2395.9,2395.7,2395.8,3606.3,3605.9,3606.2,4547.5,4547.2,4547.2,6384.0,6384.5,6385.2,8851.1,8850.7,8850.8,5353.3,5351.9,5351.7,7589.6,7588.7,7588.5,6257.5,6256.2,6257.6,1903.7,1902.6,1902.1,3787.9,3788.7,3789.1,2687.0,2686.0,2686.1,2964.6,2964.1,2964.5,26.639999,28.330000,going to home base
2024-04-12T20:02:05Z,2436.9,2436.2,2436.3,2716.1,2715.8,2716.5,5831.6,5831.3,5831.3,2396.3,2396.4,2396.6,3606.5,3606.0,3606.1,4547.9,4547.8,4547.5,6381.7,6382.6,6383.0,8848.0,8847.3,8846.6,5352.8,5352.2,5353.3,7588.7,7590.1,7590.1,6257.1,6257.4,6258.6,1903.6,1902.5,1902.2,3786.6,3786.6,3787.5,2686.6,2686.2,2685.7,2964.9,2963.4,2964.3,26.660000,28.340000,going to home base
2024-04-12T20:02:10Z,2436.7,2435.9,2436.1,2714.9,2715.4,2716.1,5831.7,5831.4,5831.7,2396.2,2395.7,2396.3,3606.6,3606.1,3606.4,4547.4,4547.4,4547.5,6383.4,6384.0,6385.3,8846.1,8845.8,8845.8,5352.5,5352.7,5352.7,7590.4,7588.3,7589.3,6258.0,6257.9,6256.9,1903.9,1903.2,1902.1,3787.0,3787.5,3787.9,2686.2,2685.4,2685.1,2963.4,2962.7,2964.0,26.639999,28.309999,going to home base
2024-04-12T20:02:15Z,2436.4,2435.7,2435.6,2715.8,2716.0,2716.0,5831.7,5831.3,5831.2,2396.5,2395.9,2396.1,3606.0,3604.9,3605.7,4547.0,4547.1,4546.8,6380.3,6381.1,6382.8,8844.7,8844.3,8844.7,5353.0,5352.1,5352.5,7592.0,7590.6,7592.1,6259.4,6258.6,6257.4,1903.5,1902.0,1901.6,3787.4,3787.7,3787.9,2686.4,2685.7,2685.7,2963.4,2963.6,2963.2,26.629999,28.340000,going to home base
2024-04-12T20:02:20Z,2436.8,2436.1,2436.2,2716.0,2716.3,2716.2,5830.7,5830.5,5830.7,2396.0,2396.5,2396.7,3605.7,3606.0,3605.4,4546.7,4546.4,4546.8,6383.6,6383.3,6383.5,8846.0,8848.3,8846.5,5352.8,5352.0,5353.5,7591.2,7589.6,7589.4,6258.7,6259.4,6259.4,1903.9,1902.8,1902.7,3787.1,3787.7,3788.2,2685.8,2684.9,2685.1,2963.2,2963.0,2963.7,26.639999,28.290001,going to home base
2024-04-12T20:02:25Z,2436.5,2436.0,2436.2,2715.7,2715.8,2716.3,5831.3,5830.6,5830.6,2395.6,2395.6,2395.9,3605.6,3605.8,3606.0,4546.7,4546.4,4546.8,6384.1,6383.3,6384.3,8847.6,8847.6,8848.2,5351.7,5351.4,5353.3,7591.4,7591.1,7590.7,6258.3,6258.8,6258.7,1904.1,1902.3,1902.4,3786.5,3786.5,3787.7,2685.7,2685.0,2684.6,2961.7,2961.2,2961.5,26.629999,28.340000,going to home base
2024-04-12T20:02:30Z,2436.6,2435.9,2436.2,2716.6,2716.2,2716.8,5831.2,5830.3,5830.5,2396.2,2395.8,2396.3,3606.6,3606.1,3606.5,4546.9,4546.6,4546.5,6381.9,6380.4,6380.4,8847.3,8846.0,8846.5,5352.0,5351.0,5352.5,7589.9,7590.8,7590.5,6260.0,6259.3,6260.4,1903.7,1902.2,1901.9,3786.3,3786.6,3787.6,2685.9,2684.2,2684.6,2963.3,2962.2,2962.7,26.639999,28.340000,going to home base
2024-04-12T20:02:35Z,2436.6,2435.7,2436.3,2715.8,2716.2,2716.2,5831.6,5830.6,5831.0,2394.7,2395.0,2395.1,3607.2,3606.7,3606.9,4546.3,4546.2,4546.1,6379.6,6381.2,6380.2,8848.3,8845.5,8847.4,5350.9,5351.9,5352.1,7592.5,7592.0,7591.0,6259.1,6260.4,6257.6,1903.9,1902.1,1902.3,3786.2,3786.3,3787.0,2684.2,2683.8,2684.1,2963.2,2962.9,2963.3,26.670000,28.299999,going to home base
2024-04-12T20:02:40Z,2436.2,2435.5,2435.8,2715.4,2715.7,2715.9,5830.8,5830.1,5830.4,2395.8,2395.3,2395.6,3606.7,3606.5,3606.3,4546.4,4546.6,4546.7,6382.3,6382.9,6382.7,8851.0,8849.8,8848.8,5351.9,5352.3,5352.7,7593.3,7591.8,7592.2,6258.1,6256.0,6257.3,1903.9,1902.2,1902.2,3786.5,3786.2,3787.3,2685.9,2684.4,2684.4,2963.9,2963.8,2963.4,26.670000,28.330000,going to home base
2024-04-12T20:02:45Z,2436.5,2435.8,2436.2,2716.5,2716.8,2717.4,5831.3,5830.8,5830.9,2395.1,2395.0,2395.1,3607.0,3607.5,3607.0,4546.1,4545.5,4545.6,6381.5,6380.3,6380.7,8847.9,8845.8,8846.8,5353.1,5352.5,5353.0,7591.0,7589.7,7592.1,6258.4,6258.7,6260.8,1903.9,1902.5,1901.9,3786.7,3787.0,3787.4,2685.7,2684.1,2684.7,2962.9,2962.6,2962.8,26.660000,28.299999,going to home base
2024-04-12T20:02:50Z,2436.5,2435.7,2435.9,2716.3,2716.0,2715.9,5831.2,5830.6,5830.7,2395.9,2395.6,2396.1,3607.8,3606.8,3606.4,4546.3,4545.6,4545.9,6379.9,6381.7,6382.2,8845.5,8844.9,8845.2,5353.1,5352.6,5353.4,7590.3,7590.3,7591.1,6258.9,6260.0,6259.7,1904.0,1902.3,1902.7,3786.6,3786.2,3787.0,2685.6,2685.3,2684.2,2962.2,2961.9,2962.1,26.670000,28.350000,going to home base
2024-04-12T20:02:55Z,2436.1,2435.8,2436.0,2716.3,2716.4,2716.7,5831.3,5831.0,5831.3,2395.9,2395.2,2396.2,3606.9,3607.1,3607.1,4546.8,4546.2,4546.5,6381.4,6380.9,6381.5,8846.2,8844.4,8845.3,5352.7,5352.3,5353.0,7589.7,7589.3,7588.2,6258.1,6258.6,6258.9,1903.8,1902.4,1902.6,3786.6,3786.7,3787.7,2685.0,2684.2,2685.1,2961.9,2960.9,2961.8,26.660000,28.379999,going to home base
2024-04-12T20:03:00Z,2436.5,2435.7,2436.3,2716.5,2715.9,2716.5,5832.2,5831.6,5831.9,2395.7,2395.7,2396.0,3607.1,3606.5,3606.2,4546.2,4546.3,4546.3,6382.7,6383.2,6383.6,8848.2,8848.0,8847.7,5352.2,5352.2,5352.1,7591.5,7589.8,7590.1,6258.1,6258.3,6258.9,1903.9,1902.3,1902.5,3786.7,3786.5,3787.1,2685.2,2684.3,2684.3,2964.0,2963.9,2962.7,26.660000,28.340000,going to home base
2024-04-12T20:03:05Z,2435.9,2435.6,2435.7,2715.9,2716.3,2716.2,5831.2,5830.7,5830.3,2395.1,2395.6,2395.7,3606.5,3606.6,3605.9,4546.0,4545.5,4546.0,6381.0,6382.0,6381.7,8845.6,8846.7,8847.0,5352.2,5351.3,5353.1,7593.9,7592.3,7591.0,6257.9,6258.0,6258.6,1903.8,1902.3,1902.6,3786.2,3786.1,3787.8,2684.9,2683.8,2684.0,2962.3,2961.6,2962.0,26.660000,28.299999,going to home base
2024-04-12T20:03:10Z,2436.7,2436.1,2436.3,2715.6,2715.7,2716.1,5830.7,5830.7,5830.6,2395.3,2395.1,2395.5,3605.5,3605.5,3604.7,4546.5,4546.2,4546.1,6380.9,6381.2,6380.2,8846.3,8845.7,8843.0,5351.5,5352.0,5352.5,7591.6,7589.6,7590.9,6258.5,6259.0,6260.1,1904.3,1902.4,1902.5,3786.9,3786.8,3787.8,2684.6,2684.4,2684.4,2962.7,2963.0,2963.0,26.670000,28.299999,going to home base
2024-04-12T20:03:15Z,2436.9,2435.9,2436.4,2715.7,2715.3,2716.6,5832.0,5831.6,5831.7,2394.8,2395.0,2395.8,3606.1,3605.4,3605.8,4546.2,4545.6,4545.7,6381.1,6379.6,6379.6,8846.8,8847.1,8848.1,5351.1,5350.2,5351.9,7591.2,7589.8,7590.9,6255.5,6255.4,6256.1,1903.7,1902.4,1902.2,3786.1,3786.6,3787.1,2684.8,2683.9,2684.1,2963.0,2962.4,2963.5,26.690001,28.299999,going to home base
2024-04-12T20:03:20Z,2437.1,2436.0,2436.1,2715.6,2715.7,2716.1,5831.7,5830.9,5831.1,2395.7,2395.8,2396.1,3605.4,3605.1,3605.5,4545.9,4546.1,4546.3,6383.7,6383.3,6382.4,8845.2,8845.7,8844.6,5351.8,5352.3,5353.4,7590.9,7590.5,7589.6,6256.6,6258.4,6258.3,1904.5,1903.0,1902.8,3786.5,3786.0,3786.9,2684.8,2684.2,2684.6,2962.5,2963.5,2963.6,26.690001,28.309999,going to home base
2024-04-12T20:03:25Z,2435.9,2435.6,2435.4,2715.8,2715.2,2715.7,5831.5,5831.0,5830.9,2395.3,2395.3,2395.6,3605.3,3604.9,3604.6,4546.4,4545.9,4546.2,6382.2,6383.0,6383.2,8846.1,8845.7,8847.7,5352.2,5351.7,5351.6,7589.0,7587.5,7590.9,6256.0,6256.5,6258.9,1904.1,1902.8,1902.6,3786.3,3786.5,3787.3,2685.2,2685.1,2684.8,2962.7,2961.8,2962.0,26.670000,28.290001,going to home base
2024-04-12T20:03:30Z,2436.5,2435.9,2435.8,2716.6,2715.6,2715.9,5831.4,5830.7,5831.0,2395.3,2395.4,2396.6,3605.8,3605.7,3605.5,4546.5,4546.7,4546.9,6382.8,6382.2,6383.8,8845.9,8845.6,8846.1,5351.8,5351.5,5352.0,7592.4,7590.8,7590.5,6255.0,6256.2,6257.8,1903.9,1902.6,1903.0,3787.1,3786.9,3788.1,2685.2,2684.1,2683.4,2963.9,2962.9,2962.4,26.700001,28.309999,going to home base
2024-04-12T20:03:35Z,2436.1,2435.2,2435.7,2716.1,2715.5,2715.6,5831.5,5831.1,5831.6,2395.1,2394.8,2395.9,3606.6,3606.1,3606.0,4546.3,4546.5,4546.5,6382.9,6383.0,6383.7,8843.3,8844.2,8843.7,5353.2,5352.9,5353.4,7590.2,7589.9,7590.1,6257.5,6257.7,6258.0,1904.7,1903.1,1903.1,3787.1,3786.4,3787.6,2683.9,2683.5,2683.9,2963.6,2962.2,2963.3,26.719999,28.260000,going to home base
2024-04-12T20:03:40Z,2436.3,2436.0,2435.7,2716.1,2716.3,2716.0,5831.0,5830.6,5830.7,2395.4,2395.3,2396.2,3604.9,3604.7,3604.8,4546.7,4546.6,4546.5,6380.9,6379.8,6382.2,8846.6,8846.2,8846.6,5351.8,5351.9,5352.0,7591.1,7590.8,7589.6,6255.6,6257.0,6257.2,1904.1,1902.6,1902.3,3786.7,3787.2,3788.0,2684.2,2683.7,2683.9,2963.3,2962.4,2962.8,26.700001,28.299999,going to home base
2024-04-12T20:03:45Z,2435.8,2435.2,2435.7,2715.9,2715.7,2716.0,5831.1,5830.9,5830.5,2396.0,2395.6,2396.1,3605.7,3605.3,3605.4,4547.1,4547.2,4546.8,6382.2,6382.3,6381.7,8846.1,8846.6,8846.7,5351.0,5350.4,5351.7,7591.5,7591.0,7591.0,6260.0,6259.3,6258.6,1904.0,1902.6,1902.3,3786.1,3786.1,3787.4,2684.2,2683.1,2683.0,2965.2,2963.7,2964.8,26.719999,28.250000,going to home base
2024-04-12T20:03:50Z,2435.6,2435.2,2435.5,2716.1,2715.7,2716.3,5831.6,5830.7,5830.8,2395.4,2395.3,2395.9,3605.6,3604.6,3604.7,4546.4,4546.5,4546.4,6382.2,6382.4,6383.8,8844.7,8845.2,8843.6,5351.4,5351.2,5352.8,7590.6,7589.3,7589.4,6259.4,6257.3,6259.4,1903.5,1901.7,1901.9,3786.7,3786.6,3787.6,2685.2,2683.9,2684.4,2962.8,2962.8,2962.6,26.719999,28.219999,going to home base
2024-04-12T20:03:55Z,2435.8,2435.4,2435.8,2715.0,2715.0,2715.7,5831.0,5830.5,5830.6,2395.3,2394.8,2395.2,3606.4,3606.0,3606.2,4547.0,4546.9,4546.8,6382.5,6382.6,6384.1,8845.6,8845.7,8845.5,5353.1,5352.2,5352.7,7590.8,7590.4,7588.8,6256.6,6255.8,6255.4,1904.0,1902.3,1902.2,3786.1,3786.7,3787.1,2684.2,2683.3,2683.7,2963.9,2963.1,2963.0,26.719999,28.219999,going to home base
2024-04-12T20:04:00Z,2435.7,2434.6,2434.8,2715.3,2715.5,2715.9,5831.0,5830.8,5830.7,2394.6,2394.9,2395.2,3605.2,3605.5,3605.7,4547.0,4546.8,4546.7,6382.3,6383.3,6382.6,8844.2,8845.0,8845.1,5349.9,5349.4,5350.2,7591.5,7588.6,7589.7,6255.9,6254.3,6253.0,1904.2,1902.6,1902.0,3786.9,3786.1,3787.0,2684.7,2684.5,2683.7,2963.5,2962.8,2964.1,26.700001,28.260000,going to home base
2024-04-12T20:04:05Z,2436.0,2435.0,2435.8,2715.7,2715.7,2715.9,5830.5,5830.4,5829.9,2394.1,2394.2,2395.2,3604.2,3604.6,3604.1,4545.9,4546.1,4546.2,6379.9,6380.6,6382.2,8844.1,8844.7,8845.0,5351.2,5350.2,5352.4,7590.2,7589.6,7589.2,6257.5,6257.2,6257.6,1903.8,1902.2,1902.2,3786.7,3786.7,3787.7,2684.4,2683.6,2683.8,2962.8,2962.8,2962.8,26.750000,28.320000,going to home base
2024-04-12T20:04:10Z,2435.8,2434.8,2435.3,2715.3,2715.1,2715.8,5830.7,5830.5,5830.1,2395.3,2395.1,2395.9,3605.3,3603.6,3603.6,4546.9,4546.2,4546.2,6381.6,6380.0,6381.3,8842.6,8842.0,8841.3,5350.5,5350.7,5351.4,7591.9,7591.9,7591.4,6256.9,6258.4,6256.6,1903.9,1902.2,1902.3,3786.4,3786.5,3787.3,2684.3,2683.7,2683.1,2962.9,2963.3,2962.9,26.750000,28.219999,going to home base
2024-04-12T20:04:15Z,2435.0,2434.3,2434.5,2715.4,2715.5,2715.3,5830.9,5830.3,5830.0,2394.5,2394.8,2395.2,3605.4,3604.8,3604.8,4546.3,4545.8,4545.3,6378.8,6378.6,6378.3,8842.4,8842.7,8842.0,5350.9,5351.2,5350.8,7590.7,7589.1,7589.7,6256.1,6256.4,6258.0,1903.9,1902.7,1902.6,3786.1,3786.1,3786.7,2684.5,2683.2,2683.6,2962.6,2961.9,2962.8,26.730000,28.219999,going to home base
2024-04-12T20:04:20Z,2435.4,2434.8,2434.7,2715.4,2715.2,2715.8,5830.5,5830.5,5830.3,2395.2,2395.4,2394.5,3605.9,3604.9,3604.8,4546.8,4546.7,4546.3,6379.6,6378.6,6380.5,8844.3,8843.4,8843.8,5352.3,5351.9,5354.1,7592.1,7591.3,7590.7,6258.9,6257.4,6258.5,1903.9,1902.5,1902.1,3786.4,3786.0,3787.6,2684.6,2683.1,2684.3,2964.1,2962.7,2962.7,26.730000,28.250000,going to home base
2024-04-12T20:04:25Z,2435.8,2435.0,2435.3,2715.0,2714.5,2715.2,5830.4,5830.3,5830.7,2394.4,2394.7,2395.2,3605.5,3604.6,3603.9,4546.5,4546.6,4546.5,6382.2,6381.1,6379.9,8844.5,8841.2,8841.4,5353.2,5353.7,5354.4,7590.4,7591.1,7591.3,6258.9,6258.3,6258.9,1904.4,1902.7,1902.7,3785.9,3785.9,3786.7,2683.5,2682.2,2682.1,2962.3,2962.2,2962.9,26.719999,28.250000,going to home base
2024-04-12T20:04:30Z,2435.2,2434.6,2434.8,2714.5,2714.6,2714.8,5830.5,5829.8,5830.2,2395.0,2394.7,2395.9,3604.7,3604.8,3605.2,4545.7,4545.8,4545.6,6380.9,6379.7,6378.4,8843.6,8842.6,8844.2,5352.2,5351.4,5352.3,7595.1,7593.4,7593.3,6258.3,6258.4,6261.3,1903.6,1902.3,1902.3,3786.2,3786.3,3787.1,2682.0,2681.6,2681.4,2963.7,2962.8,2963.5,26.750000,28.250000,going to home base
2024-04-12T20:04:35Z,2434.6,2433.9,2434.2,2715.2,2714.9,2715.6,5829.6,5829.4,5829.7,2395.1,2394.6,2395.2,3605.0,3605.0,3604.8,4545.4,4545.4,4545.9,6377.8,6377.1,6378.2,8842.8,8840.5,8840.9,5351.9,5352.5,5353.6,7591.4,7589.9,7590.5,6255.6,6256.6,6257.9,1903.9,1902.6,1902.2,3786.3,3785.7,3786.5,2684.2,2683.2,2683.6,2962.5,2962.4,2962.6,26.750000,28.190001,going to home base
2024-04-12T20:04:40Z,2434.7,2434.2,2434.7,2714.3,2714.5,2715.3,5829.6,5829.3,5829.5,2394.9,2395.5,2395.5,3604.9,3604.8,3604.7,4546.5,4546.0,4545.9,6376.7,6375.8,6376.2,8843.4,8842.6,8842.5,5351.9,5352.0,5352.1,7594.2,7593.7,7593.8,6258.6,6257.0,6256.3,1904.5,1903.0,1902.6,3785.8,3786.0,3786.8,2682.9,2682.6,2682.1,2963.8,2962.4,2963.1,26.750000,28.250000,going to home base
2024-04-12T20:04:45Z,2435.0,2434.2,2434.6,2715.2,2714.9,2715.9,5829.4,5829.2,5828.8,2394.4,2394.1,2394.6,3604.3,3604.1,3603.5,4545.5,4545.5,4545.7,6381.4,6381.0,6380.8,8844.0,8845.2,8843.3,5351.2,5350.2,5351.6,7591.1,7588.8,7589.2,6259.4,6260.6,6260.8,1903.6,1902.2,1902.4,3786.3,3786.1,3787.0,2683.3,2682.6,2682.8,2962.9,2962.4,2963.0,26.750000,28.150000,going to home base
2024-04-12T20:04:50Z,2435.1,2434.4,2434.9,2714.9,2714.8,2714.9,5829.3,5829.4,5829.3,2394.0,2393.8,2394.4,3604.1,3603.1,3603.9,4545.6,4545.7,4545.7,6378.0,6378.4,6377.9,8844.0,8843.7,8845.0,5351.2,5350.3,5350.2,7591.7,7591.9,7592.6,6254.7,6254.7,6256.1,1903.9,1902.3,1902.3,3785.8,3786.1,3786.7,2684.0,2683.0,2683.1,2963.4,2962.7,2962.6,26.760000,28.139999,going to home base
2024-04-12T20:04:55Z,2435.4,2434.5,2434.8,2714.5,2714.3,2714.6,5829.3,5828.7,5828.9,2394.1,2394.1,2394.0,3604.6,3603.4,3603.7,4545.5,4545.5,4545.6,6378.2,6379.0,6379.2,8844.1,8844.1,8845.0,5349.5,5350.8,5350.2,7592.0,7591.0,7589.1,6257.4,6256.2,6256.6,1903.0,1901.6,1901.7,3785.9,3786.1,3787.1,2683.6,2682.7,2683.3,2964.1,2963.6,2964.4,26.750000,28.170000,going to home base
2024-04-12T20:05:00Z,2435.4,2434.4,2435.2,2714.1,2714.0,2714.1,5830.2,5829.5,5829.6,2393.6,2393.5,2394.2,3603.3,3602.9,3602.9,4545.6,4544.9,4545.4,6377.8,6377.8,6378.3,8843.2,8843.6,8841.7,5351.1,5350.5,5350.3,7592.2,7590.2,7591.4,6256.9,6257.5,6257.6,1904.0,1902.2,1902.0,3785.6,3785.6,3786.8,2682.2,2681.5,2681.9,2963.6,2962.9,2963.9,26.760000,28.170000,going to home base
2024-04-12T20:05:05Z,2435.6,2434.6,2434.8,2715.4,2715.0,2715.7,5829.4,5828.9,5829.5,2393.3,2393.2,2394.1,3604.7,3604.0,3603.9,4545.1,4546.0,4545.7,6378.8,6379.2,6378.1,8843.6,8842.4,8841.9,5351.3,5350.9,5351.2,7588.3,7589.9,7588.0,6258.9,6257.4,6259.8,1903.6,1901.9,1901.8,3784.8,3784.5,3785.2,2682.5,2682.2,2682.7,2962.0,2962.1,2961.9,26.760000,28.170000,going to home base
2024-04-12T20:05:10Z,2435.2,2434.3,2434.7,2714.5,2714.6,2714.8,5829.2,5828.8,5828.8,2393.5,2393.3,2393.8,3604.2,3603.2,3603.3,4545.4,4545.4,4544.8,6379.9,6378.8,6377.2,8841.1,8840.9,8838.6,5349.8,5350.7,5351.1,7589.5,7589.5,7590.4,6258.2,6257.9,6260.8,1903.3,1901.8,1901.9,3784.9,3785.1,3786.0,2682.4,2681.8,2681.7,2962.4,2961.6,2962.1,26.760000,28.139999,going to home base
2024-04-12T20:05:15Z,2435.5,2434.2,2434.9,2714.4,2715.0,2715.2,5828.6,5828.2,5828.3,2394.1,2394.0,2394.2,3604.3,3603.7,3604.0,4544.3,4544.5,4544.6,6376.4,6375.2,6375.0,8841.1,8841.4,8840.1,5349.9,5349.7,5351.0,7591.0,7590.3,7589.1,6258.0,6258.5,6258.0,1903.7,1902.5,1902.4,3783.9,3784.5,3785.1,2682.1,2680.6,2681.1,2961.7,2962.0,2962.1,26.760000,28.200001,going to home base
2024-04-12T20:05:20Z,2435.2,2434.3,2434.5,2714.3,2714.2,2714.5,5828.3,5827.8,5828.0,2393.9,2393.5,2393.7,3604.0,3604.0,3604.0,4545.5,4545.2,4544.7,6377.5,6376.8,6377.4,8839.2,8839.5,8841.9,5349.5,5349.8,5350.1,7588.9,7589.9,7589.3,6258.6,6258.2,6258.0,1903.6,1902.2,1901.8,3785.1,3784.4,3785.6,2682.7,2682.0,2682.4,2962.4,2962.2,2962.7,26.770000,28.190001,going to home base
2024-04-12T20:05:25Z,2435.4,2434.8,2435.2,2714.3,2714.0,2714.4,5828.8,5828.2,5828.6,2393.6,2393.7,2394.2,3604.8,3603.7,3604.4,4544.8,4544.5,4544.0,6378.2,6377.5,6377.4,8842.1,8842.1,8842.6,5350.6,5350.8,5351.3,7589.0,7591.4,7591.1,6258.9,6256.9,6258.4,1903.2,1901.9,1901.5,3785.8,3785.6,3786.3,2682.2,2681.9,2681.6,2962.4,2960.6,2961.6,26.770000,28.129999,going to home base
2024-04-12T20:05:30Z,2435.0,2434.9,2434.7,2713.8,2713.7,2714.4,5828.4,5828.1,5828.4,2393.7,2393.3,2394.0,3605.0,3604.7,3604.4,4544.9,4544.6,4544.9,6376.5,6376.8,6375.5,8841.1,8840.8,8840.8,5350.7,5349.2,5350.8,7588.2,7588.5,7586.7,6257.6,6257.3,6258.6,1903.8,1902.4,1901.9,3784.2,3784.3,3785.2,2681.9,2681.0,2680.6,2962.2,2962.4,2962.3,26.760000,28.170000,going to home base
2024-04-12T20:05:35Z,2435.3,2434.9,2434.8,2714.9,2714.9,2715.0,5828.5,5828.1,5828.0,2393.9,2393.5,2394.1,3604.6,3604.7,3604.7,4544.5,4545.0,4544.6,6379.9,6380.7,6382.1,8840.0,8841.1,8840.9,5348.2,5347.6,5348.0,7590.8,7590.3,7590.3,6259.0,6261.3,6259.6,1904.1,1902.5,1902.4,3784.5,3784.7,3785.1,2681.5,2681.0,2680.5,2962.3,2962.3,2962.3,26.770000,28.139999,going to home base
2024-04-12T20:05:40Z,2435.6,2434.7,2435.4,2714.1,2713.9,2714.5,5828.7,5828.1,5827.9,2393.3,2394.0,2394.0,3604.7,3604.5,3604.3,4544.4,4544.4,4544.6,6376.6,6376.4,6377.2,8843.6,8842.2,8843.6,5349.2,5349.0,5350.3,7589.5,7590.8,7591.1,6257.0,6255.3,6257.4,1903.0,1901.5,1901.5,3784.1,3783.9,3785.2,2681.8,2681.4,2681.7,2961.9,2961.7,2962.1,26.770000,28.100000,going to home base
2024-04-12T20:05:45Z,2435.4,2434.9,2434.8,2714.6,2714.4,2714.6,5828.4,5828.3,5827.7,2393.3,2393.5,2393.7,3604.6,3604.2,3603.8,4544.6,4544.1,4544.3,6378.4,6378.5,6375.4,8842.8,8841.0,8843.3,5349.2,5349.1,5349.9,7590.2,7588.0,7589.8,6259.0,6258.9,6258.1,1902.8,1901.4,1901.6,3785.2,3785.6,3786.3,2681.5,2680.7,2680.7,2962.6,2962.0,2962.6,26.790001,28.139999,going to home base
2024-04-12T20:05:50Z,2434.9,2434.1,2434.5,2713.4,2714.0,2713.9,5828.8,5828.1,5828.8,2393.9,2393.5,2393.8,3605.4,3605.0,3604.7,4544.8,4544.3,4544.2,6376.8,6377.5,6378.8,8842.8,8840.8,8839.2,5349.4,5350.5,5350.7,7593.1,7590.5,7592.9,6261.1,6257.3,6256.8,1903.6,1901.7,1901.9,3783.9,3784.6,3785.2,2680.0,2679.5,2679.4,2961.7,2962.1,2963.0,26.799999,28.129999,going to home base
2024-04-12T20:05:55Z,2435.0,2434.4,2434.6,2714.0,2714.0,2713.8,5828.1,5827.5,5827.8,2393.6,2394.1,2394.1,3605.9,3605.5,3605.7,4544.7,4544.5,4544.4,6377.4,6376.7,6378.5,8843.6,8841.2,8842.5,5348.4,5347.5,5348.9,7591.3,7589.9,7589.0,6257.0,6257.6,6257.4,1903.0,1901.6,1902.1,3784.2,3784.7,3784.7,2681.0,2680.3,2680.4,2964.9,2963.2,2963.7,26.790001,28.129999,going to home base
2024-04-12T20:06:00Z,2434.9,2434.0,2434.5,2714.8,2714.6,2715.3,5827.3,5826.8,5827.0,2393.1,2393.3,2393.5,3605.0,3604.7,3605.3,4544.8,4544.6,4544.5,6376.7,6375.4,6374.5,8840.4,8840.8,8840.5,5349.0,5348.3,5349.3,7588.9,7588.0,7586.5,6258.7,6258.7,6258.6,1903.1,1901.6,1901.3,3784.6,3784.7,3785.4,2681.7,2680.3,2680.6,2962.9,2962.9,2963.1,26.790001,28.129999,going to home base
2024-04-12T20:06:10Z,2434.4,2433.9,2434.1,2714.1,2714.7,2714.3,5827.2,5827.0,5827.1,2393.3,2393.5,2393.6,3603.5,3603.7,3604.0,4544.1,4544.1,4543.9,6373.1,6374.1,6374.9,8840.0,8838.6,8839.8,5349.2,5348.5,5349.2,7590.3,7589.2,7590.3,6259.5,6259.3,6259.6,1903.1,1901.6,1start,27619.5,27621.6,2434.6,2433.9,2433.9,2714.2,2713.6,2713.8,5827.4,2392.0,2392.5,going to home base
2024-04-12T20:06:20Z,2435.2,2434.8,2434.9,2713.7,2713.8,2714.0,5827.5,5826.9,5826.7,2393.0,2393.2,2393.6,3604.2,3603.9,3603.6,4544.2,4544.5,4544.0,6376.0,6375.2,6376.5,8840.6,8839.4,8838.4,5349.5,5348.5,5350.6,7590.8,7591.0,7588.6,6254.2,6256.0,6255.5,1902.7,1901.7,1901.3,3783.7,3783.9,3784.3,2682.3,2681.6,2681.4,2963.4,2962.3,2962.1,26.799999,28.209999,going to home base
2024-04-12T20:06:25Z,2435.0,2434.4,2434.2,2714.3,2713.7,2714.3,5827.7,5827.2,5827.4,2393.6,2393.6,2393.6,3604.6,3603.8,3604.0,4543.7,4544.4,4544.1,6376.5,6377.0,6375.8,8841.2,8840.2,8840.1,5350.1,5349.0,5349.0,7586.7,7585.3,7586.1,6256.9,6257.2,6256.5,1903.0,1901.5,1901.2,3785.0,3785.3,3786.0,2683.4,2682.2,2682.0,2963.2,2962.6,2962.9,26.790001,28.150000,going to home base
2024-04-12T20:06:30Z,2434.6,2433.8,2434.2,2713.7,2714.0,2714.4,5827.9,5827.1,5826.7,2392.8,2393.4,2393.7,3604.0,3604.2,3604.1,4543.5,4543.7,4543.7,6377.2,6376.3,6376.5,8841.1,8838.7,8839.6,5349.3,5347.8,5349.2,7589.6,7586.9,7587.0,6258.8,6257.9,6256.1,1903.0,1901.5,1901.6,3784.6,3784.5,3785.7,2681.8,2681.6,2682.0,2964.5,2963.7,2964.3,26.830000,28.100000,going to home base
2024-04-12T20:06:35Z,2434.5,2433.8,2434.4,2713.2,2713.2,2713.9,5827.2,5826.6,5827.3,2393.3,2393.1,2393.7,3604.3,3604.3,3603.6,4543.7,4543.2,4543.4,6373.6,6374.2,6374.7,8838.8,8840.0,8839.7,5348.9,5347.4,5348.6,7589.0,7588.6,7588.2,6254.1,6255.0,6254.8,1902.9,1901.4,1901.5,3784.7,3784.9,3785.7,2681.5,2680.8,2681.0,2962.9,2962.1,2963.0,26.820000,28.129999,going to home base
2024-04-12T20:06:40Z,2434.1,2433.8,2433.8,2714.0,2713.8,2713.8,5826.9,5826.2,5825.6,2393.5,2393.3,2393.7,3604.5,3603.8,3603.0,4543.6,4543.5,4543.7,6373.7,6373.1,6373.2,8841.9,8841.2,8842.3,5348.2,5348.6,5349.5,7590.7,7590.0,7590.3,6254.1,6254.2,6254.9,1902.4,1901.3,1900.7,3784.3,3784.2,3785.1,2682.4,2681.3,2681.6,2963.2,2963.5,2963.2,26.790001,28.049999,going to home base
2024-04-12T20:06:45Z,2434.4,2433.8,2434.1,2713.7,2713.3,2713.8,5827.0,5826.5,5826.8,2393.2,2392.6,2392.8,3604.3,3604.4,3603.5,4543.4,4543.3,4543.6,6373.9,6373.1,6373.9,8839.0,8840.4,8839.6,5348.2,5348.7,5350.3,7590.1,7589.7,7591.2,6254.2,6254.3,6255.4,1902.8,1901.5,1901.5,3784.2,3784.4,3785.1,2682.6,2680.6,2680.0,2963.3,2962.0,2962.9,26.830000,28.070000,going to home base
2024-04-12T20:06:50Z,2434.5,2434.2,2434.6,2713.4,2713.1,2713.5,5827.1,5827.0,5827.2,2393.1,2392.7,2393.3,3602.7,3602.6,3602.8,4543.8,4543.5,4543.4,6375.3,6375.4,6373.5,8840.4,8839.4,8840.7,5350.0,5349.8,5351.3,7590.2,7592.0,7590.1,6253.0,6253.2,6254.6,1903.6,1902.0,1901.4,3783.7,3784.0,3784.8,2680.9,2680.6,2680.9,2962.5,2962.3,2962.4,26.840000,28.059999,going to home base
2024-04-12T20:06:55Z,2434.7,2433.7,2433.8,2713.7,2713.7,2713.9,5826.8,5826.4,5826.4,2393.2,2393.6,2394.0,3604.3,3603.4,3603.0,4543.6,4543.2,4543.4,6374.0,6374.2,6373.9,8839.9,8841.4,8841.0,5348.4,5348.4,5349.2,7591.4,7590.7,7589.6,6250.9,6252.1,6252.8,1903.0,1901.8,1901.6,3783.9,3784.3,3785.5,2680.9,2679.9,2680.4,2963.5,2963.0,2963.3,26.830000,28.100000,going to home base
2024-04-12T20:07:00Z,2434.6,2433.7,2433.9,2713.6,2713.2,2713.8,5827.0,5826.4,5826.4,2392.6,2392.8,2393.1,3603.7,3603.0,3603.5,4543.0,4543.1,4542.8,6376.0,6376.1,6374.7,8840.1,8842.1,8839.7,5348.0,5347.5,5348.4,7589.4,7588.3,7588.6,6253.7,6253.3,6256.0,1903.0,1901.9,1901.7,3784.7,3784.9,3786.0,2681.3,2680.5,2681.2,2963.0,2962.1,2962.5,26.860001,28.049999,going to home base
2024-04-12T20:07:05Z,2434.2,2433.6,2433.7,2714.0,2713.3,2713.7,5827.2,5826.5,5827.0,2393.0,2392.8,2393.8,3603.5,3603.3,3603.3,4543.6,4543.8,4543.7,6377.3,6377.7,6378.2,8839.6,8839.7,8838.8,5347.8,5347.6,5349.4,7590.2,7591.8,7591.6,6253.5,6251.6,6255.5,1903.7,1902.2,1902.0,3784.3,3784.2,3784.7,2682.1,2681.3,2681.2,2963.4,2963.3,2963.8,26.840000,28.059999,going to home base
2024-04-12T20:07:10Z,2434.1,2433.5,2433.9,2713.2,2712.5,2712.9,5826.2,5825.9,5826.3,2392.6,2392.8,2392.8,3603.7,3603.0,3603.0,4543.6,4544.1,4543.5,6373.8,6374.0,6374.3,8840.3,8839.3,8839.6,5349.3,5349.4,5349.9,7590.2,7591.0,7591.0,6255.7,6254.6,6256.2,1902.5,1901.4,1901.0,3785.0,3785.5,3785.8,2682.1,2681.3,2681.8,2963.1,2962.6,2963.2,26.840000,28.090000,going to home base
2024-04-12T20:07:15Z,2434.6,2434.1,2434.3,2712.6,2712.9,2713.4,5826.9,5826.1,5826.4,2392.5,2392.7,2392.8,3603.2,3603.1,3603.5,4543.9,4543.6,4543.7,6377.5,6374.0,6376.0,8840.9,8839.0,8839.2,5347.4,5346.6,5348.3,7592.8,7591.2,7591.9,6258.1,6258.5,6256.9,1903.3,1901.5,1901.5,3784.4,3784.3,3785.5,2681.9,2681.2,2681.1,2963.6,2963.4,2963.4,26.860001,28.080000,going to home base
2024-04-12T20:07:20Z,2434.7,2434.0,2434.3,2712.1,2712.1,2712.7,5825.9,5825.7,5825.9,2392.6,2392.7,2393.0,3603.3,3602.1,3601.6,4543.3,4542.7,4542.9,6373.7,6374.5,6376.1,8842.5,8839.4,8839.9,5348.5,5348.2,5348.9,7590.5,7590.3,7589.8,6254.7,6254.4,6254.7,1902.7,1901.8,1901.6,3784.6,3783.8,3785.0,2680.8,2679.7,2680.3,2963.2,2962.1,2962.9,26.840000,28.080000,going to home base
2024-04-12T20:07:25Z,2434.5,2434.1,2434.3,2712.2,2712.2,2712.6,5826.5,5825.6,5825.7,2391.9,2392.1,2392.3,3603.4,3602.8,3603.1,4543.5,4543.2,4543.1,6374.8,6373.0,6375.4,8840.0,8839.8,8838.9,5349.4,5346.8,5350.2,7591.3,7590.9,7588.1,6255.7,6256.5,6256.8,1902.4,1901.2,1901.0,3784.6,3784.7,3786.0,2680.1,2679.9,2679.6,2962.1,2960.5,2961.9,26.840000,28.049999,going to home base
2024-04-12T20:07:30Z,2434.5,2434.0,2434.0,2713.1,2712.9,2713.5,5825.9,5825.4,5825.3,2392.4,2392.4,2393.0,3603.2,3603.5,3603.0,4543.4,4543.0,4543.1,6374.7,6375.0,6374.2,8838.1,8838.6,8839.2,5347.3,5346.7,5347.7,7589.4,7586.5,7588.5,6258.0,6257.0,6257.0,1902.5,1901.0,1900.6,3784.6,3784.6,3784.7,2680.8,2679.4,2679.9,2961.7,2961.0,2961.6,26.840000,28.090000,going to home base
2024-04-12T20:07:35Z,2434.2,2433.5,2434.0,2713.1,2712.8,2713.0,5826.0,5825.6,5825.3,2393.3,2393.5,2393.5,3604.2,3603.5,3604.2,4543.0,4542.8,4543.0,6373.7,6372.8,6374.0,8839.7,8838.5,8838.5,5349.1,5348.8,5349.2,7588.9,7588.8,7589.1,6251.0,6253.9,6256.5,1901.9,1901.5,1900.4,3784.9,3784.9,3785.6,2681.2,2680.2,2680.2,2962.6,2961.6,2961.4,26.860001,28.120001,going to home base
2024-04-12T20:07:40Z,2433.9,2433.5,2434.1,2711.7,2711.7,2712.4,5825.9,5825.1,5825.1,2392.2,2392.3,2393.0,3604.8,3603.6,3603.6,4542.5,4542.1,4542.9,6375.5,6376.9,6376.4,8836.5,8835.5,8834.9,5348.6,5348.1,5348.8,7591.3,7590.7,7590.5,6256.8,6257.0,6256.9,1902.1,1900.8,1900.4,3784.6,3784.5,3785.5,2680.4,2679.8,2680.0,2961.5,2960.9,2962.0,26.840000,28.049999,going to home base
2024-04-12T20:07:45Z,2434.2,2433.5,2433.5,2712.6,2712.2,2713.0,5826.1,5825.9,5825.6,2392.9,2392.6,2393.3,3603.3,3602.5,3603.0,4543.2,4543.1,4543.1,6375.8,6372.9,6374.6,8838.4,8835.6,8839.1,5346.9,5346.5,5347.2,7589.5,7588.1,7589.1,6257.2,6257.0,6258.5,1901.9,1900.4,1900.6,3783.3,3782.9,3784.3,2680.2,2678.9,2679.1,2962.7,2961.4,2961.9,26.879999,28.020000,going to home base
2024-04-12T20:07:50Z,2433.6,2432.9,2433.0,2712.5,2712.5,2712.5,5825.2,5824.9,5825.1,2392.4,2392.8,2393.1,3603.0,3603.0,3602.9,4543.8,4543.2,4543.1,6374.9,6374.5,6375.4,8837.8,8837.6,8838.6,5347.8,5347.7,5349.1,7590.8,7589.3,7588.4,6254.7,6254.3,6256.8,1902.7,1900.8,1901.1,3784.6,3784.8,3785.0,2679.5,2679.1,2679.5,2959.9,2960.7,2962.0,26.870001,28.049999,going to home base
2024-04-12T20:07:55Z,2434.0,2433.7,2433.6,2712.8,2712.2,2712.4,5825.6,5824.8,5825.3,2393.1,2392.9,2393.3,3604.1,3603.6,3603.9,4543.5,4542.9,4542.7,6374.7,6372.1,6371.9,8838.7,8837.8,8837.2,5347.9,5348.0,5348.5,7590.5,7588.8,7588.6,6259.0,6257.7,6256.5,1902.5,1901.0,1901.1,3784.1,3783.9,3785.4,2680.8,2679.7,2680.0,2960.9,2960.3,2961.2,26.840000,28.049999,going to home base
2024-04-12T20:08:00Z,2433.4,2432.9,2432.9,2712.6,2712.9,2713.2,5825.7,5825.7,5825.5,2394.1,2393.9,2394.3,3604.3,3603.6,3603.4,4543.3,4543.1,4543.2,6374.2,6372.6,6373.2,8839.2,8839.4,8839.2,5346.9,5347.6,5349.0,7588.8,7587.7,7588.8,6256.1,6253.8,6253.9,1902.3,1900.6,1900.6,3784.4,3784.4,3785.3,2680.4,2679.7,2680.7,2961.2,2960.0,2960.7,26.870001,28.049999,going to home base
2024-04-12T20:08:05Z,2434.0,2433.4,2433.5,2712.7,2712.6,2713.5,5826.0,5825.7,5825.5,2393.8,2393.7,2393.7,3603.9,3603.8,3603.7,4542.8,4542.9,4542.9,6373.6,6373.1,6375.6,8841.9,8839.5,8840.5,5347.7,5346.2,5347.7,7587.4,7586.2,7587.8,6255.2,6256.2,6255.4,1902.7,1901.1,1901.4,3784.5,3784.4,3785.6,2680.2,2679.4,2679.9,2963.5,2963.5,2962.8,26.870001,28.070000,going to home base
2024-04-12T20:08:15Z,2433.6,2433.1,2433.5,2712.6,2712.4,2712.7,5825.9,5825.3,5825.4,2393.7,2393.8,2393.9,3603.8,3603.6,3602.6,4544.5,4544.2,4544.0,6372.0,6372.6,6372.6,8start,27593.9,27595.2,2434.0,2433.4,2433.8,2711.9,2711.8,2711.9,5825.8,5825.1,5825.0,3844.7,90109.3,90105.9,14794.7,14792.5,14793.0,3603.9,3603.6,3603.4,4542.9,4542.5,4543.2,6372.5,17096.2,going to home base
2024-04-12T20:08:25Z,2434.0,2433.2,2433.3,2712.3,2711.8,2712.4,5825.5,5825.0,5825.2,2393.6,2393.3,2393.4,3602.5,3602.5,3602.2,4543.3,4543.0,4543.2,6371.7,6371.6,6373.3,8839.7,8838.5,8838.8,5347.9,5347.0,5348.5,7586.2,7587.1,7585.6,6256.2,6256.5,6255.5,1902.3,1900.9,1900.9,3784.5,3784.4,3785.0,2680.3,2679.9,2679.2,2961.2,2961.6,2961.6,26.879999,28.010000,going to home base
2024-04-12T20:08:30Z,2434.1,2433.3,2433.6,2712.4,2712.2,2712.8,5825.5,5825.2,5825.6,2393.6,2393.6,2393.8,3604.4,3602.7,3602.9,4542.8,4542.3,4542.7,6374.2,6373.7,6373.4,8836.9,8836.7,8835.5,5346.1,5346.6,5347.5,7588.6,7588.6,7588.8,6254.8,6253.8,6254.6,1901.6,1900.3,1900.7,3784.4,3784.5,3785.0,2680.9,2680.1,2680.0,2961.9,2961.7,2961.9,26.900000,28.080000,going to home base
2024-04-12T20:08:35Z,2433.5,2432.8,2433.3,2713.1,2712.5,2713.0,5825.5,5824.6,5824.9,2393.0,2393.5,2393.5,3604.2,3604.1,3603.5,4543.5,4543.0,4543.2,6371.1,6371.5,6373.0,8839.6,8838.6,8838.4,5346.6,5346.8,5347.6,7589.8,7588.2,7588.5,6254.8,6254.9,6255.0,1902.0,1900.4,1901.0,3783.1,3783.0,3783.9,2680.1,2679.6,2680.1,2961.1,2961.1,2962.2,26.879999,28.040001,going to home base
2024-04-12T20:08:40Z,2432.6,2432.2,2432.2,2712.3,2712.0,2712.5,5825.4,5825.0,5825.2,2393.5,2393.6,2393.8,3603.8,3603.4,3602.8,4543.3,4542.5,4543.0,6370.9,6369.4,6372.4,8840.6,8837.5,8839.1,5345.8,5346.6,5346.8,7589.6,7588.0,7587.5,6254.4,6252.9,6254.7,1902.5,1900.9,1901.0,3783.1,3782.8,3784.3,2679.1,2678.1,2678.6,2962.9,2962.3,2962.2,26.879999,28.010000,going to home base
2024-04-12T20:08:45Z,2433.5,2433.1,2433.0,2711.6,2711.9,2712.3,5825.2,5824.8,5825.1,2393.3,2393.3,2393.5,3602.2,3602.3,3602.1,4543.3,4543.0,4543.6,6372.3,6371.6,6371.9,8839.5,8838.7,8839.1,5345.7,5345.7,5347.1,7589.7,7588.0,7588.8,6250.5,6251.5,6251.9,1902.2,1900.7,1900.8,3783.0,3782.8,3783.4,2679.7,2679.5,2679.8,2960.8,2959.7,2960.3,26.879999,28.059999,going to home base
2024-04-12T20:08:50Z,2433.5,2432.6,2433.2,2712.3,2713.0,2713.0,5824.8,5824.3,5824.6,2391.6,2392.1,2392.1,3603.3,3603.1,3602.8,4542.5,4542.4,4542.4,6373.1,6371.2,6371.9,8839.6,8838.2,8839.0,5348.5,5346.8,5348.0,7587.3,7587.0,7587.7,6252.9,6252.2,6253.8,1901.9,1900.3,1900.5,3783.4,3783.2,3783.8,2680.1,2679.4,2679.3,2962.8,2961.8,2961.7,26.879999,28.070000,going to home base
2024-04-12T20:08:55Z,2433.3,2432.9,2433.1,2712.0,2712.4,2712.4,5826.2,5825.5,5825.8,2393.2,2393.4,2393.8,3603.3,3603.7,3603.0,4542.8,4542.6,4542.5,6371.6,6370.5,6370.2,8837.9,8838.3,8837.4,5347.5,5347.2,5348.3,7588.4,7587.5,7587.0,6254.6,6256.0,6255.7,1901.6,1900.3,1900.0,3782.3,3782.3,3783.4,2680.4,2679.5,2679.2,2961.2,2961.4,2961.2,26.910000,28.010000,going to home base
2024-04-12T20:09:00Z,2433.1,2432.6,2433.2,2712.2,2712.3,2712.2,5825.5,5825.1,5824.9,2392.9,2392.7,2393.1,3603.3,3603.0,3602.5,4543.8,4543.5,4542.8,6371.7,6372.4,6372.1,8836.6,8836.2,8835.5,5346.6,5346.5,5347.3,7587.8,7588.0,7587.2,6253.7,6255.2,6253.9,1902.5,1900.5,1900.6,3782.5,3782.0,3783.3,2679.6,2679.1,2679.1,2960.4,2960.0,2960.2,26.900000,28.059999,going to home base
2024-04-12T20:09:05Z,2433.7,2432.9,2433.3,2712.3,2711.0,2711.8,5825.1,5824.6,5824.5,2393.1,2392.4,2393.4,3602.4,3602.1,3601.5,4543.1,4542.8,4542.2,6371.8,6370.6,6371.5,8836.3,8836.8,8836.4,5346.1,5346.4,5347.3,7588.5,7589.0,7587.5,6255.2,6252.8,6255.5,1901.9,1900.1,1900.2,3782.7,3783.0,3784.1,2680.0,2679.2,2679.1,2962.2,2962.0,2962.8,26.900000,28.040001,going to home base
2024-04-12T20:09:10Z,2433.2,2432.4,2433.2,2711.7,2711.2,2711.5,5825.0,5824.3,5824.4,2392.7,2392.4,2392.9,3602.9,3602.9,3602.9,4542.7,4542.4,4542.4,6373.2,6372.9,6374.4,8837.0,8837.0,8835.8,5346.3,5346.4,5347.5,7590.2,7588.0,7587.8,6251.8,6250.8,6252.3,1902.7,1901.2,1900.6,3782.5,3782.7,3783.2,2681.2,2679.6,2680.5,2961.3,2960.5,2961.8,26.900000,28.040001,going to home base
2024-04-12T20:09:15Z,2432.9,2432.5,2432.6,2712.4,2711.9,2712.1,5824.4,5824.1,5824.4,2392.9,2393.0,2393.8,3603.8,3603.0,3603.4,4542.7,4542.3,4541.7,6373.0,6372.5,6374.2,8835.0,8834.0,8834.0,5348.4,5348.6,5348.7,7591.3,7590.4,7589.7,6254.7,6254.1,6254.4,1901.9,1900.5,1900.3,3782.7,3782.6,3783.8,2678.9,2678.2,2678.0,2960.5,2959.1,2960.8,26.879999,28.040001,going to home base
2024-04-12T20:09:20Z,2433.5,2432.9,2432.8,2712.2,2711.7,2712.5,5825.1,5824.3,5825.3,2392.5,2392.8,2392.8,3603.0,3602.1,3602.1,4542.7,4542.0,4542.1,6371.9,6371.9,6371.5,8837.9,8838.2,8838.3,5348.1,5346.8,5347.4,7589.6,7588.6,7589.3,6253.6,6251.4,6253.7,1901.3,1900.2,1900.0,3783.1,3782.6,3784.1,2680.0,2679.6,2679.2,2960.2,2958.7,2959.9,26.910000,28.030001,going to home base
2024-04-12T20:09:25Z,2434.0,2433.1,2433.3,2712.1,2711.7,2712.1,5824.7,5824.5,5824.9,2392.8,2392.5,2393.0,3601.9,3601.9,3601.3,4542.5,4542.3,4542.5,6373.2,6372.2,6372.3,8837.4,8836.3,8837.5,5345.8,5346.3,5346.3,7591.1,7589.3,7589.1,6253.5,6252.8,6254.4,1901.6,1900.5,1900.4,3782.7,3783.0,3783.3,2679.5,2678.0,2678.7,2962.9,2962.3,2961.6,26.930000,27.980000,going to home base
2024-04-12T20:09:30Z,2433.8,2433.3,2433.5,2712.4,2712.1,2712.0,5824.3,5824.2,5824.1,2392.7,2392.8,2393.1,3602.5,3602.2,3601.9,4542.6,4542.6,4542.7,6375.7,6373.9,6373.9,8835.8,8834.0,8834.5,5347.0,5346.8,5347.2,7592.6,7590.2,7590.3,6256.5,6255.3,6256.8,1902.1,1900.4,1900.4,3782.9,3783.2,3783.8,2680.4,2678.8,2679.0,2961.1,2960.7,2961.1,26.910000,27.980000,going to home base
2024-04-12T20:09:35Z,2433.4,2433.1,2433.3,2711.7,2711.5,2712.0,5825.0,5824.0,5824.0,2392.4,2392.2,2392.8,3601.0,3601.5,3601.2,4542.4,4542.1,4541.8,6371.6,6372.3,6373.8,8837.7,8836.4,8837.6,5347.8,5346.4,5347.8,7590.4,7589.2,7589.5,6254.4,6255.1,6255.1,1901.7,1900.2,1900.0,3782.8,3782.5,3783.5,2679.1,2677.9,2678.1,2961.1,2961.1,2960.6,26.930000,27.969999,going to home base
2024-04-12T20:09:40Z,2433.8,2433.8,2433.7,2711.5,2711.7,2711.8,5824.7,5824.1,5824.8,2392.7,2392.6,2392.6,3602.0,3601.3,3601.7,4542.4,4542.6,4542.4,6372.3,6371.9,6373.1,8834.1,8836.7,8834.4,5347.2,5346.3,5347.4,7588.4,7588.6,7588.3,6256.4,6255.7,6255.0,1901.5,1900.4,1900.4,3783.6,3783.2,3784.5,2678.7,2678.8,2678.4,2960.1,2959.5,2959.9,26.930000,27.980000,going to home base
2024-04-12T20:09:45Z,2433.9,2433.1,2433.4,2711.5,2711.2,2711.8,5824.6,5824.2,5824.2,2393.2,2392.9,2393.0,3601.9,3600.8,3601.1,4542.8,4542.7,4542.7,6370.3,6371.0,6369.7,8835.5,8836.0,8834.9,5347.1,5346.5,5347.2,7587.1,7586.1,7586.7,6254.0,6253.5,6252.2,1902.2,1901.1,1900.7,3783.9,3783.5,3784.0,2679.6,2678.4,2678.8,2960.9,2960.9,2961.0,26.959999,27.940001,going to home base
2024-04-12T20:09:50Z,2433.3,2432.8,2432.9,2711.2,2711.0,2711.2,5824.2,5823.7,5824.0,2392.5,2392.5,2392.6,3602.5,3602.3,3600.9,4542.2,4542.3,4542.6,6375.6,6376.4,6374.6,8833.6,8834.7,8832.9,5347.5,5347.1,5348.3,7589.7,7589.0,7588.8,6253.3,6252.7,6255.1,1901.5,1900.6,1900.0,3783.7,3783.6,3785.1,2679.3,2678.6,2678.5,2960.8,2960.3,2961.4,26.930000,27.980000,going to home base
2024-04-12T20:09:55Z,2433.3,2432.7,2433.2,2711.3,2711.5,2711.9,5824.7,5824.4,5824.3,2392.2,2392.4,2393.3,3601.5,3600.9,3600.7,4542.2,4542.0,4542.2,6372.9,6372.3,6372.3,8836.1,8834.7,8834.9,5346.7,5346.5,5346.6,7590.0,7589.8,7591.1,6254.5,6255.1,6253.3,1902.0,1900.3,1900.6,3783.7,3784.0,3785.0,2677.5,2676.4,2677.3,2961.4,2961.1,2961.0,26.930000,28.000000,going to home base
2024-04-12T20:10:00Z,2433.7,2432.9,2433.0,2711.2,2711.0,2711.1,5824.4,5823.7,5824.1,2392.5,2392.6,2392.7,3601.3,3601.4,3601.7,4542.2,4541.8,4541.5,6370.3,6373.2,6372.9,8836.0,8835.8,8835.7,5347.7,5348.1,5348.6,7591.3,7589.9,7590.7,6251.7,6254.0,6255.5,1901.9,1900.3,1900.3,3783.5,3783.7,3784.6,2679.0,2678.1,2678.3,2960.9,2960.2,2961.1,26.930000,27.950001,going to home base
2024-04-12T20:10:05Z,2433.6,2432.8,2432.8,2710.7,2710.5,2710.9,5824.7,5824.2,5824.2,2392.4,2392.3,2393.3,3601.7,3601.8,3601.4,4542.5,4542.0,4541.7,6370.3,6371.1,6371.1,8830.8,8830.9,8830.6,5347.8,5347.1,5347.8,7589.5,7588.3,7588.4,6253.6,6252.8,6252.6,1902.1,1900.7,1900.4,3783.7,3783.5,3783.9,2679.2,2678.4,2678.2,2960.0,2960.1,2960.7,26.910000,27.959999,going to home base
2024-04-12T20:10:10Z,2433.3,2432.9,2432.8,2711.3,2711.5,2711.0,5824.0,5823.5,5823.6,2392.9,2392.7,2393.5,3601.3,3601.0,3600.6,4542.4,4541.9,4542.3,6370.8,6370.9,6371.0,8834.0,8833.5,8833.6,5347.8,5347.4,5347.3,7588.7,7587.5,7586.8,6252.6,6251.6,6252.2,1902.0,1900.4,1900.1,3782.7,3783.2,3784.0,2678.1,2677.8,2677.9,2962.1,2961.9,2962.0,26.940001,27.959999,going to home base
2024-04-12T20:10:20Z,2433.2,2432.7,2433.3,2710.2,2710.2,2710.6,start,27587.0,27586.5,2433.5,2432.6,2433.0,2392.1,2392.8,3842.6,3842.9,90073.6,90097.5,14790.8,14790.2,14794.8,4541.6,4541.6,6375.4,6375.5,6376.8,17083.4,17086.9,34574.0,34579.0,8834.2,8833.0,8833.7,7587.0,7588.4,6253.2,6254.4,6253.5,46108.6,46105.1,3808.7,3809.6,1902.0,1900.4,1900.4,3783.4,2678.5,going to home base
2024-04-12T20:10:30Z,2433.2,2433.0,2432.8,2710.7,2710.2,2711.0,5823.9,5823.4,5823.5,2392.0,2391.9,2392.2,3601.0,3600.4,3600.7,4542.1,4542.6,4542.5,6373.4,6372.1,6373.9,8836.2,8835.7,8836.2,5346.8,5345.9,5346.7,7586.7,7586.4,7585.5,6253.7,6253.6,6253.6,1901.9,1900.1,1900.4,3782.4,3782.9,3783.8,2678.1,2677.1,2677.1,2960.3,2959.8,2961.5,26.930000,27.950001,going to home base
2024-04-12T20:10:35Z,2433.8,2433.4,2433.4,2711.0,2710.9,2711.7,5823.3,5822.6,5822.7,2391.9,2392.2,2392.7,3600.4,3599.8,3600.0,4541.5,4541.6,4541.5,6372.5,6371.8,6371.7,8833.5,8833.0,8834.9,5346.9,5346.7,5346.8,7589.4,7589.1,7589.1,6254.0,6251.2,6254.0,1902.0,1900.5,1900.9,3781.7,3782.1,3782.9,2678.1,2678.3,2677.4,2961.7,2961.3,2962.0,26.959999,27.959999,going to home base
2024-04-12T20:10:40Z,2433.4,2432.8,2433.2,2710.9,2710.9,2710.9,5823.3,5823.1,5823.2,2393.2,2393.7,2393.7,3601.9,3601.3,3600.8,4541.9,4542.0,4542.3,6373.7,6373.4,6372.8,8835.7,8835.9,8835.9,5346.0,5346.4,5346.1,7589.7,7590.2,7588.7,6254.7,6254.1,6254.4,1901.8,1900.6,1900.4,3782.3,3782.3,3783.3,2678.5,2677.3,2677.6,2960.7,2960.5,2961.0,26.940001,27.959999,going to home base
2024-04-12T20:10:45Z,2433.3,2432.9,2433.6,2711.3,2711.4,2711.6,5823.7,5822.8,5823.1,2392.6,2392.3,2392.8,3601.5,3601.6,3600.9,4541.9,4541.7,4542.5,6371.9,6372.4,6371.2,8835.7,8835.4,8835.0,5346.2,5345.5,5346.2,7588.1,7586.0,7589.5,6254.8,6255.5,6253.3,1901.8,1900.6,1900.7,3783.7,3783.0,3784.3,2679.4,2678.5,2678.1,2962.0,2961.3,2961.4,26.959999,27.950001,going to home base
2024-04-12T20:10:50Z,2432.9,2432.5,2432.6,2711.5,2711.0,2711.4,5823.1,5823.1,5822.7,2392.5,2391.9,2392.9,3601.6,3601.4,3600.5,4542.1,4541.5,4541.9,6371.7,6370.4,6369.8,8833.9,8832.6,8833.2,5346.2,5345.4,5347.6,7589.3,7590.3,7589.2,6249.0,6248.2,6249.7,1901.7,1900.2,1900.0,3783.4,3782.2,3783.2,2678.0,2677.1,2677.1,2962.7,2962.5,2961.3,26.959999,27.959999,going to home base
2024-04-12T20:10:55Z,2433.5,2433.0,2433.1,2710.4,2710.7,2711.4,5823.6,5823.2,5822.8,2392.3,2392.0,2392.8,3600.6,3600.4,3600.4,4541.7,4541.4,4541.6,6369.7,6371.0,6371.8,8832.2,8832.6,8832.5,5345.9,5346.1,5346.0,7589.9,7589.2,7588.2,6251.4,6250.8,6252.5,1901.0,1899.4,1899.8,3783.3,3783.2,3783.5,2677.9,2677.2,2677.6,2961.3,2960.9,2961.5,26.959999,27.950001,going to home base
2024-04-12T20:11:00Z,2433.3,2432.3,2432.3,2711.3,2711.2,2711.8,5823.2,5822.5,5822.6,2392.6,2392.7,2393.0,3601.0,3601.0,3600.8,4542.7,4542.6,4542.6,6371.8,6371.7,6370.8,8831.9,8833.1,8833.3,5345.0,5345.6,5346.8,7588.9,7590.3,7588.2,6250.4,6251.5,6250.3,1901.6,1899.9,1900.0,3783.0,3783.0,3784.0,2677.8,2677.0,2677.1,2961.7,2962.1,2961.3,26.959999,27.910000,going to home base
2024-04-12T20:11:05Z,2433.2,2432.4,2433.2,2709.9,2710.2,2710.7,5823.1,5822.6,5822.8,2391.9,2391.8,2391.7,3600.8,3600.5,3600.6,4541.7,4540.7,4541.6,6368.4,6368.1,6369.2,8833.5,8831.8,8833.0,5346.6,5344.7,5345.4,7588.1,7586.7,7586.9,6248.9,6250.3,6250.9,1901.4,1899.9,1900.0,3783.4,3783.5,3783.9,2677.9,2676.5,2677.0,2960.9,2960.6,2960.8,26.930000,27.889999,going to home base
2024-04-12T20:11:10Z,2433.3,2433.0,2432.4,2710.6,2710.5,2711.2,5823.2,5822.6,5822.6,2392.1,2391.8,2392.5,3600.5,3600.8,3600.3,4541.4,4540.6,4540.7,6369.4,6367.3,6368.5,8833.1,8834.1,8833.5,5345.2,5345.6,5346.6,7588.1,7587.4,7589.0,6251.3,6251.7,6249.2,1901.4,1899.8,1899.7,3781.9,3781.5,3782.4,2677.7,2676.8,2676.8,2959.7,2959.0,2959.5,26.959999,27.959999,going to home base
2024-04-12T20:11:15Z,2433.1,2432.4,2432.7,2710.1,2709.8,2710.6,5822.7,5822.4,5822.2,2392.1,2392.1,2392.5,3601.5,3601.8,3601.2,4541.1,4541.7,4541.3,6370.0,6369.2,6369.1,8834.4,8833.4,8834.8,5345.2,5345.3,5346.0,7590.3,7589.6,7589.7,6254.6,6253.6,6255.1,1901.5,1899.9,1899.8,3782.9,3782.9,3783.4,2677.2,2677.5,2677.1,2958.8,2958.4,2959.2,26.969999,28.010000,going to home base
2024-04-12T20:11:20Z,2433.5,2432.5,2432.7,2710.3,2710.1,2711.0,5822.7,5822.5,5822.6,2392.3,2392.3,2392.5,3601.9,3601.2,3601.4,4541.6,4541.7,4541.6,6369.8,6369.9,6370.8,8832.0,8833.8,8833.5,5347.0,5346.1,5346.5,7589.5,7590.3,7588.2,6250.8,6248.3,6248.6,1900.9,1899.9,1900.0,3782.1,3782.2,3782.8,2677.5,2677.2,2677.1,2959.6,2958.4,2959.2,27.000000,27.980000,going to home base
2024-04-12T20:11:25Z,2433.1,2432.3,2432.8,2710.9,2711.0,2711.3,5823.9,5823.1,5823.5,2391.7,2392.4,2392.6,3600.8,3600.9,3600.8,4541.4,4541.3,4541.3,6371.2,6370.6,6371.4,8833.3,8832.6,8834.6,5344.6,5344.2,5345.6,7589.2,7588.5,7588.7,6251.2,6252.0,6250.8,1901.6,1900.5,1900.1,3781.9,3781.7,3783.0,2676.8,2676.1,2676.4,2960.3,2959.1,2959.2,27.000000,27.980000,going to home base
2024-04-12T20:11:30Z,2433.1,2432.5,2432.3,2711.2,2711.4,2711.1,5823.4,5822.4,5823.1,2392.3,2391.8,2392.4,3601.9,3601.6,3601.5,4541.3,4541.2,4541.2,6369.7,6369.1,6368.0,8832.9,8832.8,8833.3,5345.0,5345.2,5345.0,7588.6,7588.6,7589.0,6253.2,6252.3,6252.9,1901.9,1900.3,1900.2,3782.8,3783.4,3784.5,2678.4,2677.1,2677.8,2960.0,2959.1,2959.6,26.969999,27.910000,going to home base
2024-04-12T20:11:35Z,2433.2,2432.5,2432.8,2710.1,2710.6,2710.2,5823.9,5823.2,5823.1,2392.3,2392.2,2392.7,3601.3,3600.2,3601.2,4540.7,4540.3,4540.4,6369.6,6370.0,6368.9,8835.0,8836.9,8836.0,5345.6,5345.7,5346.8,7590.6,7588.4,7588.7,6254.2,6252.9,6254.9,1901.3,1900.2,1900.0,3783.5,3782.7,3782.9,2677.8,2677.7,2677.4,2960.5,2959.9,2960.7,26.980000,27.990000,going to home base
2024-04-12T20:11:40Z,2432.9,2432.2,2432.6,2710.0,2710.3,2710.3,5823.7,5823.0,5822.8,2392.2,2391.4,2392.2,3601.0,3601.0,3600.9,4540.8,4540.7,4540.7,6369.7,6368.3,6368.5,8834.2,8834.0,8834.5,5345.6,5345.3,5347.1,7591.3,7590.1,7589.2,6253.1,6253.2,6253.0,1901.5,1899.7,1899.8,3782.4,3782.6,3783.2,2677.2,2676.0,2676.4,2959.2,2959.3,2960.1,26.969999,27.920000,going to home base
2024-04-12T20:11:45Z,2432.6,2432.3,2432.4,2709.4,2709.6,2710.2,5823.5,5823.3,5822.9,2392.3,2392.3,2392.0,3602.9,3602.9,3602.6,4541.6,4541.0,4541.0,6370.8,6369.4,6370.3,8834.9,8833.2,8832.4,5345.1,5344.3,5345.1,7590.5,7590.0,7589.8,6251.9,6250.9,6251.4,1901.1,1899.4,1899.6,3782.6,3782.9,3783.5,2677.3,2676.6,2676.9,2960.2,2959.8,2960.7,27.000000,27.980000,going to home base
2024-04-12T20:11:50Z,2432.6,2432.2,2432.3,2710.4,2710.3,2710.4,5823.2,5822.7,5823.0,2392.1,2392.3,2392.3,3602.0,3601.5,3602.1,4541.0,4540.7,4541.4,6369.9,6371.1,6370.8,8832.2,8833.4,8834.5,5346.4,5346.2,5346.9,7590.5,7587.5,7588.3,6251.5,6252.0,6252.3,1900.8,1900.1,1899.5,3782.2,3781.9,3783.1,2677.4,2677.0,2676.8,2959.7,2959.5,2959.6,26.969999,27.910000,going to home base
2024-04-12T20:11:55Z,2433.0,2432.5,2432.8,2711.1,2710.2,2711.0,5822.7,5822.0,5822.1,2392.2,2392.0,2392.5,3601.6,3600.7,3601.2,4540.9,4541.2,4541.2,6369.3,6367.3,6368.4,8830.7,8830.6,8830.3,5345.5,5345.5,5345.6,7589.9,7590.0,7588.0,6250.5,6252.9,6253.8,1901.2,1899.9,1899.3,3782.2,3782.3,3782.9,2677.9,2676.6,2677.5,2960.5,2959.8,2960.0,26.969999,27.920000,going to home base
2024-04-12T20:12:00Z,2433.4,2432.8,2432.6,2710.0,2709.7,2710.0,5822.9,5822.2,5822.6,2392.0,2391.6,2391.6,3601.6,3600.8,3601.0,4541.5,4541.1,4541.0,6365.9,6366.5,6367.6,8833.1,8832.6,8832.5,5346.5,5345.7,5346.2,7589.7,7589.9,7588.6,6251.6,6251.9,6252.1,1901.3,1899.8,1899.6,3782.1,3782.2,3783.2,2678.2,2677.7,2677.7,2961.3,2961.1,2961.2,26.980000,27.889999,going to home base
2024-04-12T20:12:05Z,2432.9,2431.9,2432.5,2710.4,2710.8,2711.8,5822.6,5822.8,5822.7,2391.9,2391.6,2392.2,3601.0,3600.7,3600.2,4541.7,4541.0,4541.7,6370.6,6368.7,6370.9,8832.7,8830.9,8832.8,5346.1,5347.0,5346.6,7592.3,7591.1,7591.6,6250.3,6250.8,6249.5,1901.4,1900.0,1900.1,3782.4,3782.4,3783.6,2678.7,2678.4,2678.3,2960.2,2959.8,2960.3,26.980000,27.980000,going to home base
2024-04-12T20:12:10Z,2432.7,2432.0,2432.8,2710.7,2710.3,2710.6,5823.4,5822.9,5823.2,2391.7,2391.6,2392.0,3601.0,3600.6,3600.3,4541.6,4541.4,4541.9,6368.7,6370.1,6369.7,8830.7,8830.3,8830.6,5346.7,5345.5,5345.7,7589.8,7590.2,7590.8,6252.7,6252.2,6253.3,1901.4,1899.6,1899.6,3782.8,3782.7,3783.5,2677.8,2677.4,2677.5,2960.5,2960.6,2960.4,26.980000,27.980000,going to home base
2024-04-12T20:12:15Z,2432.0,2431.5,2431.7,2710.1,2709.8,2710.2,5823.0,5822.7,5823.0,2391.1,2391.9,2392.3,3601.6,3602.0,3600.9,4541.6,4541.6,4541.5,6367.5,6366.6,6367.2,8832.6,8832.4,8833.3,5344.2,5345.4,5345.2,7590.5,7589.0,7590.6,6248.8,6249.7,6250.7,1900.7,1899.5,1899.5,3782.7,3782.7,3783.5,2677.4,2676.7,2677.0,2959.6,2959.8,2960.6,26.980000,27.920000,going to home base
2024-04-12T20:12:20Z,2432.4,2431.6,2432.0,2709.7,2710.0,2710.5,5822.2,5821.9,5822.1,2392.3,2392.2,2393.1,3602.2,3601.6,3601.6,4540.8,4541.0,4541.4,6365.9,6366.2,6366.9,8834.1,8835.1,8834.7,5345.7,5345.4,5346.5,7592.5,7590.2,7590.0,6250.6,6248.9,6247.6,1901.0,1900.0,1899.5,3782.6,3782.2,3782.9,2677.5,2677.0,2676.9,2960.8,2960.7,2960.8,27.000000,27.900000,going to home base
2024-04-12T20:12:25Z,2432.5,2432.0,2432.3,2710.5,2710.5,2710.9,5822.0,5821.8,5821.7,2392.2,2392.0,2392.2,3600.8,3600.8,3600.7,4541.3,4541.0,4541.0,6365.7,6365.5,6367.6,8832.8,8832.3,8833.0,5345.5,5346.4,5345.7,7590.4,7589.9,7589.3,6248.5,6249.0,6250.0,1901.3,1899.8,1899.9,3781.7,3782.5,3783.0,2677.6,2676.5,2676.5,2961.6,2960.3,2960.9,26.980000,27.910000,going to home base
2024-04-12T20:12:30Z,2432.0,2431.2,2431.4,2710.1,2709.7,2710.2,5822.8,5822.6,5822.4,2393.1,2392.8,2393.5,3600.8,3600.8,3601.1,4541.4,4541.4,4541.4,6367.1,6366.5,6366.4,8834.5,8832.5,8832.1,5346.6,5344.9,5346.6,7590.3,7589.4,7589.1,6252.8,6252.8,6253.1,1901.5,1899.8,1899.5,3782.1,3782.0,3783.1,2677.6,2676.5,2676.7,2960.2,2959.8,2960.2,27.010000,27.879999,going to home base
2024-04-12T20:12:35Z,2432.0,2431.9,2431.9,2710.3,2710.4,2710.7,5822.6,5822.1,5822.3,2392.5,2391.7,2392.0,3600.9,3600.7,3600.5,4542.1,4542.3,4542.1,6366.6,6365.8,6368.7,8833.6,8832.8,8834.3,5345.0,5345.6,5345.8,7588.9,7589.9,7588.6,6253.4,6251.8,6253.1,1901.4,1899.7,1899.8,3781.7,3781.8,3782.8,2677.7,2677.4,2677.5,2962.5,2962.2,2961.9,27.010000,27.889999,going to home base
2024-04-12T20:12:40Z,2432.6,2431.8,2431.7,2710.3,2709.5,2710.1,5821.2,5821.1,5821.4,2392.2,2391.9,2392.6,3600.8,3601.1,3601.0,4542.1,4541.5,4542.2,6368.2,6367.1,6367.7,8831.0,8830.7,8832.3,5345.4,5344.2,5346.1,7589.7,7588.5,7590.1,6252.3,6250.4,6251.5,1901.3,1899.9,1899.6,3781.7,3782.7,3783.3,2677.1,2676.0,2676.8,2962.4,2962.3,2962.1,27.000000,27.879999,going to home base
2024-04-12T20:12:45Z,2432.5,2432.0,2432.0,2710.2,2709.9,2710.7,5822.0,5821.8,5821.9,2392.6,2392.7,2392.9,3601.5,3601.2,3601.3,4541.2,4541.2,4540.9,6371.4,6368.5,6372.7,8831.2,8830.7,8831.4,5344.6,5344.3,5344.1,7588.1,7588.6,7589.5,6251.5,6252.6,6253.5,1901.2,1899.5,1899.2,3781.2,3780.9,3781.8,2676.8,2675.8,2676.2,2961.3,2960.2,2960.5,27.000000,27.900000,going to home base
2024-04-12T20:12:50Z,2432.6,2431.9,2432.3,2709.6,2709.3,2709.8,5821.1,5821.0,5821.3,2392.5,2392.6,2392.8,3600.2,3600.1,3599.7,4541.7,4541.0,4540.8,6370.1,6369.7,6370.2,8832.4,8831.7,8833.1,5346.5,5346.9,5346.8,7588.6,7588.3,7588.4,6249.8,6250.1,6251.2,1901.5,1899.9,1899.9,3782.8,3782.2,3783.9,2676.4,2675.8,2676.0,2961.5,2960.8,2960.3,27.010000,27.920000,going to home base
2024-04-12T20:12:55Z,2432.4,2432.0,2431.9,2709.0,2709.4,2709.5,5821.8,5821.5,5821.7,2391.6,2392.0,2392.5,3600.4,3600.2,3600.4,4541.5,4541.3,4541.5,6371.1,6369.9,6370.5,8831.8,8831.5,8833.5,5345.9,5344.8,5344.9,7588.1,7587.0,7587.3,6251.6,6251.3,6251.0,1900.5,1899.2,1899.3,3781.5,3781.5,3782.5,2677.4,2675.9,2676.5,2960.2,2959.5,2959.5,27.000000,27.910000,going to home base
2024-04-12T20:13:00Z,2432.3,2431.6,2431.7,2708.7,2709.1,2709.5,5822.5,5822.1,5822.2,2392.8,2392.2,2392.8,3601.2,3600.7,3601.0,4541.1,4540.6,4540.7,6370.6,6369.9,6370.5,8830.6,8829.7,8831.4,5346.1,5345.9,5346.2,7587.0,7587.0,7586.5,6253.6,6252.3,6251.6,1901.1,1899.2,1899.1,3781.7,3781.4,3781.8,2676.0,2675.9,2675.8,2961.0,2961.2,2960.5,27.030001,27.900000,going to home base
2024-04-12T20:13:05Z,2432.2,2431.8,2432.0,2709.6,2708.9,2709.2,5822.6,5821.9,5821.9,2391.5,2391.7,2392.1,3600.5,3599.9,3600.2,4541.2,4541.1,4540.6,6369.1,6369.1,6369.1,8832.7,8832.4,8833.7,5346.8,5346.1,5346.3,7588.6,7588.8,7589.5,6251.8,6251.0,6250.5,1900.4,1899.1,1899.3,3781.1,3781.1,3782.2,2676.6,2675.9,2676.2,2959.5,2959.2,2959.4,27.000000,27.910000,going to home base
2024-04-12T20:13:10Z,2432.2,2431.6,2431.8,2709.6,2710.0,2710.2,5822.9,5822.1,5822.1,2391.5,2391.2,2391.7,3600.7,3599.9,3600.3,4541.4,4540.5,4540.9,6370.3,6369.5,6369.9,8831.6,8829.8,8831.8,5344.6,5344.3,5345.9,7586.8,7587.0,7586.6,6251.5,6251.0,6251.9,1901.3,1899.7,1899.5,3781.4,3781.9,3782.6,2677.3,2676.4,2676.8,2960.3,2959.1,2959.3,27.030001,27.879999,going to home base
2024-04-12T20:13:15Z,2432.0,2431.5,2431.6,2709.8,2709.0,2709.7,5821.8,5821.8,5821.7,2391.3,2391.2,2391.8,3600.4,3600.1,3600.1,4541.6,4541.3,4541.3,6369.1,6368.2,6369.1,8830.3,8829.6,8830.2,5344.9,5344.5,5345.9,7586.3,7585.2,7587.5,6246.4,6248.3,6251.1,1901.3,1899.8,1899.6,3781.2,3781.7,3782.9,2676.8,2675.3,2675.8,2958.1,2957.5,2958.4,27.030001,27.900000,going to home base
2024-04-12T20:13:20Z,2432.7,2432.2,2432.4,2710.0,2709.5,2709.3,5822.3,5821.3,5822.1,2391.5,2391.1,2392.0,3600.0,3599.9,3600.1,4541.3,4541.0,4541.4,6370.6,6370.2,6369.6,8832.6,8829.6,8831.3,5344.3,5343.4,5344.6,7588.4,7586.4,7588.6,6248.4,6248.4,6248.8,1901.1,1899.4,1899.4,3782.2,3781.6,3783.0,2676.0,2675.4,2675.8,2960.0,2959.2,2960.7,27.010000,27.879999,going to home base
2024-04-12T20:13:25Z,2433.1,2432.2,2432.5,2709.5,2709.9,2709.9,5822.6,5822.3,5822.4,2391.4,2391.1,2391.9,3601.7,3601.3,3601.7,4541.4,4541.5,4542.0,6371.1,6370.1,6369.7,8832.7,8833.4,8834.3,5345.1,5343.9,5344.6,7590.3,7587.5,7587.7,6250.1,6250.0,6250.8,1900.8,1899.0,1899.0,3781.0,3781.1,3781.8,2675.5,2674.7,2675.3,2959.8,2959.2,2959.1,27.000000,27.870001,going to home base
2024-04-12T20:13:30Z,2432.8,2431.9,2432.1,2709.9,2709.2,2709.7,5822.0,5821.9,5821.5,2391.0,2390.8,2391.2,3602.3,3602.4,3602.0,4540.5,4540.2,4540.5,6370.1,6370.9,6369.1,8834.3,8834.2,8834.0,5344.3,5343.9,5344.6,7588.8,7588.1,7587.7,6244.4,6244.9,6245.8,1901.0,1899.3,1900.0,3781.3,3781.4,3782.3,2675.9,2675.3,2675.5,2958.7,2958.1,2959.2,27.040001,27.850000,going to home base
2024-04-12T20:13:35Z,2432.1,2431.5,2431.8,2709.9,2709.3,2710.1,5822.1,5822.0,5821.5,2391.4,2391.2,2392.0,3600.8,3600.5,3601.1,4540.7,4541.2,4540.9,6369.9,6369.1,6370.8,8830.9,8828.0,8828.2,5343.6,5344.2,5344.8,7586.7,7586.6,7587.2,6248.9,6250.7,6251.0,1900.9,1899.6,1899.4,3781.0,3781.4,3782.7,2676.0,2675.3,2675.2,2959.4,2959.8,2959.0,27.030001,27.860001,going to home base
2024-04-12T20:13:40Z,2432.3,2431.7,2431.7,2709.3,2708.9,2709.8,5821.6,5821.1,5821.4,2392.3,2392.7,2393.4,3600.5,3600.8,3599.7,4541.5,4541.9,4541.0,6370.1,6371.6,6371.6,8829.5,8829.7,8830.0,5345.6,5345.8,5346.9,7587.0,7587.7,7586.1,6249.4,6249.9,6247.9,1900.9,1899.5,1899.1,3781.5,3782.1,3782.5,2675.7,2674.6,2675.0,2960.2,2959.1,2960.2,27.030001,27.870001,going to home base
2024-04-12T20:13:45Z,2432.6,2431.8,2432.1,2708.9,2709.3,2709.7,5821.7,5821.5,5821.6,2392.3,2392.6,2392.6,3600.8,3601.3,3600.1,4541.6,4541.5,4541.7,6371.1,6373.1,6372.3,8829.9,8830.6,8829.5,5344.7,5344.0,5342.1,7589.9,7589.1,7589.3,6251.7,6250.6,6252.3,1900.9,1899.4,1899.1,3782.1,3782.3,3783.3,2676.1,2675.1,2675.2,2959.9,2959.4,2960.1,27.000000,27.900000,going to home base
2024-04-12T20:13:50Z,2431.6,2431.3,2431.1,2708.9,2709.2,2709.6,5822.0,5821.0,5821.7,2391.4,2391.4,2392.0,3601.4,3601.1,3600.8,4541.9,4541.3,4541.5,6370.6,6369.6,6370.4,8830.4,8830.4,8830.3,5343.7,5343.4,5344.8,7588.2,7588.9,7589.0,6251.1,6251.3,6254.0,1900.3,1899.1,1898.5,3782.2,3782.3,3783.5,2675.4,2674.5,2674.3,2959.9,2959.1,2960.2,27.040001,27.920000,going to home base
2024-04-12T20:13:55Z,2431.9,2431.6,2431.5,2709.4,2709.1,2709.6,5821.9,5821.6,5821.8,2391.3,2391.2,2391.8,3601.0,3600.5,3600.6,4541.4,4541.3,4541.4,6367.8,6369.8,6369.6,8833.1,8832.2,8831.7,5343.6,5343.5,5343.7,7587.1,7586.8,7586.0,6251.5,6249.6,6249.9,1901.3,1899.9,1899.5,3782.2,3782.7,3783.8,2675.2,2674.6,2674.5,2959.5,2958.6,2959.3,27.030001,27.850000,going to home base
2024-04-12T20:14:00Z,2433.2,2432.4,2432.3,2709.2,2709.4,2710.0,5822.1,5821.5,5821.5,2391.6,2391.9,2392.6,3600.6,3599.7,3600.2,4542.2,4542.1,4542.0,6370.6,6370.5,6369.4,8832.7,8833.4,8832.3,5341.3,5342.1,5342.4,7588.3,7586.0,7586.2,6251.7,6251.4,6252.7,1901.1,1899.8,1899.4,3781.9,3782.4,3783.2,2675.4,2675.0,2674.9,2959.6,2958.9,2959.2,27.040001,27.850000,going to home base
2024-04-12T20:14:05Z,2431.9,2431.1,2431.0,2709.6,2709.7,2709.9,5821.7,5821.3,5821.3,2392.5,2392.6,2392.7,3600.9,3600.6,3600.3,4541.2,4541.3,4540.9,6369.1,6366.4,6366.7,8831.7,8831.1,8830.9,5342.8,5343.6,5344.5,7589.9,7590.0,7588.8,6252.3,6252.7,6251.1,1901.2,1899.7,1899.4,3780.8,3781.1,3781.9,2676.1,2674.9,2675.5,2960.7,2960.2,2959.6,27.049999,27.879999,going to home base
2024-04-12T20:14:10Z,2432.0,2431.7,2431.5,2709.0,2708.5,2709.2,5821.3,5820.7,5821.0,2391.8,2391.4,2392.3,3599.6,3599.5,3599.6,4541.1,4541.1,4541.4,6368.3,6370.4,6370.7,8830.2,8829.8,8830.5,5343.5,5342.6,5344.6,7587.9,7586.9,7587.6,6252.0,6252.2,6253.0,1900.9,1899.7,1899.1,3781.8,3781.4,3782.3,2674.9,2674.4,2674.2,2958.5,2958.5,2958.8,27.040001,27.799999,going to home base
2024-04-12T20:14:15Z,2432.4,2432.0,2432.0,2709.7,2709.2,2709.8,5821.5,5821.1,5821.2,2391.8,2392.1,2392.7,3600.3,3600.1,3600.2,4541.1,4541.4,4541.2,6369.0,6367.9,6368.7,8832.3,8831.9,8830.8,5343.8,5344.0,5343.7,7588.6,7587.8,7589.4,6253.9,6252.9,6252.4,1901.0,1899.5,1899.7,3781.1,3780.5,3781.8,2675.1,2674.0,2673.6,2958.0,2958.0,2958.4,27.030001,27.840000,going to home base
2024-04-12T20:14:20Z,2432.0,2431.7,2431.1,2708.4,2708.3,2708.6,5821.7,5821.0,5821.4,2391.9,2391.8,2391.6,3599.9,3599.7,3599.7,4541.1,4540.9,4541.2,6370.1,6368.5,6369.3,8829.2,8831.3,8830.5,5343.5,5343.3,5344.7,7588.8,7589.2,7588.4,6250.7,6252.9,6251.9,1900.6,1899.8,1899.7,3781.8,3781.1,3781.8,2675.3,2673.8,2674.5,2959.8,2959.2,2960.1,27.049999,27.870001,going to home base
2024-04-12T20:14:25Z,2432.3,2431.9,2432.3,2708.6,2708.6,2709.0,5821.4,5821.2,5820.9,2391.4,2391.1,2391.2,3600.3,3600.7,3599.8,4541.1,4541.0,4540.9,6370.2,6371.2,6371.3,8830.3,8829.9,8830.2,5344.6,5343.7,5343.8,7591.2,7591.5,7590.5,6251.2,6249.8,6250.4,1901.0,1899.2,1899.3,3781.0,3780.3,3781.8,2675.2,2674.4,2674.2,2959.0,2958.0,2958.9,27.040001,27.799999,going to home base
2024-04-12T20:14:30Z,2432.2,2431.5,2431.9,2709.0,2709.2,2709.5,5821.2,5820.9,5821.4,2391.9,2391.3,2391.3,3599.6,3599.8,3599.6,4541.2,4541.0,4541.5,6371.2,6371.3,6371.1,8831.5,8830.9,8830.3,5342.8,5341.3,5342.6,7590.7,7591.1,7589.8,6250.1,6251.3,6248.7,1900.5,1899.2,1899.1,3780.5,3781.0,3781.9,2675.3,2674.7,2675.2,2961.5,2960.6,2960.7,27.030001,27.850000,going to home base
2024-04-12T20:14:35Z,2432.0,2431.7,2431.7,2709.3,2709.4,2709.4,5820.8,5820.4,5820.5,2391.3,2391.5,2391.8,3600.8,3599.9,3599.9,4540.9,4540.7,4540.7,6371.1,6370.0,6371.0,8830.8,8829.0,8831.1,5343.1,5343.1,5342.5,7591.3,7588.4,7588.8,6250.2,6251.8,6250.9,1900.8,1899.9,1899.9,3780.6,3780.8,3782.0,2675.1,2674.8,2674.7,2961.0,2960.3,2960.2,27.040001,27.790001,going to home base
2024-04-12T20:14:40Z,2432.3,2431.8,2432.0,2708.7,2708.5,2708.4,5820.7,5820.8,5820.6,2391.3,2391.3,2391.9,3600.8,3600.4,3600.2,4540.3,4540.6,4540.5,6367.7,6367.6,6367.4,8828.7,8827.3,8828.6,5343.5,5343.6,5344.1,7591.0,7588.8,7589.2,6250.3,6250.1,6250.7,1900.3,1898.9,1898.9,3779.2,3779.6,3780.0,2675.1,2674.5,2674.2,2959.8,2959.4,2959.7,27.040001,27.799999,going to home base
2024-04-12T20:14:45Z,2432.2,2431.2,2431.7,2708.8,2708.3,2709.1,5820.8,5820.6,5820.4,2391.1,2391.4,2391.5,3600.6,3600.3,3600.7,4541.2,4541.5,4540.6,6371.3,6370.3,6371.5,8831.0,8831.2,8831.6,5343.5,5343.0,5343.1,7591.8,7589.8,7588.3,6247.9,6246.8,6250.8,1901.2,1899.7,1899.8,3779.8,3779.7,3780.7,2675.8,2674.9,2675.0,2960.4,2959.9,2960.0,27.030001,27.799999,going to home base
2024-04-12T20:14:50Z,2432.5,2431.5,2431.8,2708.6,2708.1,2709.0,5820.7,5820.6,5820.9,2392.7,2392.5,2393.2,3600.0,3600.6,3600.5,4540.8,4540.5,4540.3,6364.5,6364.9,6365.4,8830.5,8828.3,8828.3,5344.1,5342.7,5344.2,7590.6,7589.5,7588.5,6252.3,6251.1,6251.4,1901.1,1899.7,1899.6,3781.6,3781.8,3782.7,2676.2,2674.8,2675.2,2959.6,2958.4,2959.2,27.049999,27.870001,going to home base
2024-04-12T20:14:55Z,2432.3,2431.3,2431.7,2708.9,2708.7,2708.9,5820.5,5820.0,5820.0,2391.8,2391.9,2392.8,3600.1,3600.4,3599.9,4540.8,4540.5,4540.6,6367.5,6368.0,6369.1,8831.0,8830.3,8829.3,5343.1,5344.0,5343.6,7591.5,7589.5,7589.0,6252.7,6251.4,6252.2,1901.3,1899.7,1899.8,3780.5,3781.1,3781.9,2675.8,2674.9,2674.9,2959.1,2959.0,2958.8,27.080000,27.860001,going to home base
2024-04-12T20:15:00Z,2431.7,2431.3,2431.9,2708.3,2708.3,2707.9,5820.7,5819.1,5819.9,2391.6,2391.7,2392.1,3600.8,3600.1,3600.4,4541.3,4540.7,4541.0,6366.5,6366.1,6366.7,8830.3,8828.9,8830.3,5343.0,5342.7,5343.1,7588.4,7588.2,7588.3,6250.2,6250.2,6253.3,1900.6,1899.4,1899.1,3781.2,3781.1,3781.5,2675.5,2674.9,2674.5,2959.0,2958.0,2958.9,27.049999,27.860001,going to home base
2024-04-12T20:15:05Z,2432.3,2431.7,2431.8,2709.0,2708.7,2708.8,5820.2,5819.6,5819.5,2390.7,2390.4,2390.7,3599.9,3599.5,3598.6,4541.1,4541.0,4540.8,6367.8,6367.3,6367.5,8827.4,8826.5,8829.1,5344.3,5343.5,5344.2,7590.4,7590.2,7589.7,6249.0,6247.4,6249.7,1900.7,1899.7,1899.2,3780.6,3780.5,3781.9,2675.9,2674.6,2675.2,2960.0,2959.4,2959.7,27.049999,27.840000,going to home base
2024-04-12T20:15:10Z,2433.0,2432.0,2432.1,2708.5,2708.3,2708.4,5820.8,5820.5,5820.6,2391.7,2391.4,2392.2,3600.0,3600.1,3599.7,4541.0,4540.8,4540.9,6365.2,6364.3,6366.0,8830.5,8829.4,8829.4,5343.1,5342.8,5343.7,7592.2,7592.1,7592.3,6248.6,6246.0,6247.7,1900.7,1899.4,1899.3,3781.0,3781.1,3781.8,2676.0,2675.3,2675.2,2960.5,2959.0,2959.5,27.049999,27.860001,going to home base
2024-04-12T20:15:15Z,2432.3,2431.5,2431.8,2708.1,2708.3,2708.2,5821.3,5821.0,5820.7,2391.4,2391.1,2391.4,3600.6,3601.0,3600.5,4540.9,4541.2,4541.1,6365.2,6365.1,6369.3,8826.6,8827.3,8828.3,5343.6,5343.4,5343.6,7589.8,7588.6,7590.1,6247.6,6247.1,6248.2,1900.9,1899.2,1899.1,3780.5,3780.5,3781.6,2675.5,2674.0,2674.2,2960.8,2960.2,2960.8,27.049999,27.910000,going to home base
2024-04-12T20:15:20Z,2432.0,2431.2,2431.8,2709.4,2709.0,2709.5,5821.4,5820.9,5820.8,2391.6,2391.3,2391.5,3601.1,3600.8,3600.6,4541.2,4540.7,4540.8,6365.7,6366.3,6365.9,8829.6,8831.4,8831.9,5344.3,5344.4,5345.6,7592.1,7590.8,7589.0,6250.4,6248.7,6250.8,1900.9,1899.4,1899.3,3780.5,3780.0,3781.2,2675.3,2674.9,2674.9,2958.4,2957.4,2957.9,27.070000,27.870001,going to home base
2024-04-12T20:15:25Z,2432.2,2431.2,2431.8,2708.8,2708.9,2709.1,5820.6,5820.0,5820.1,2391.7,2391.2,2391.4,3600.4,3600.5,3600.2,4541.2,4541.2,4541.4,6368.8,6368.7,6368.5,8831.2,8829.7,8832.0,5343.6,5344.2,5345.2,7591.3,7589.4,7589.6,6250.4,6251.4,6249.9,1901.0,1899.5,1899.2,3780.8,3780.7,3781.4,2674.3,2673.7,2673.4,2959.0,2959.3,2959.2,27.070000,27.850000,going to home base
2024-04-12T20:15:30Z,2431.7,2431.2,2431.6,2708.3,2708.7,2709.0,5820.7,5820.3,5820.3,2391.2,2391.4,2391.5,3600.4,3599.2,3599.5,4541.8,4541.3,4541.0,6369.2,6369.1,6370.1,8830.2,8830.1,8831.7,5344.9,5343.7,5345.2,7590.6,7590.4,7591.2,6247.6,6248.4,6247.9,1901.2,1899.2,1899.3,3780.3,3780.2,3781.6,2675.3,2674.8,2674.8,2960.0,2959.5,2959.5,27.070000,27.850000,going to home base
2024-04-12T20:15:35Z,2431.8,2430.9,2431.5,2707.5,2707.5,2708.1,5821.2,5820.9,5820.8,2391.4,2391.8,2391.9,3600.6,3600.2,3600.8,4540.9,4540.7,4541.0,6365.7,6365.8,6365.1,8831.3,8830.6,8830.4,5344.7,5344.4,5345.3,7589.6,7589.1,7590.1,6249.5,6250.4,6251.4,1900.4,1899.4,1899.3,3780.8,3779.8,3781.2,2675.2,2674.5,2674.5,2959.2,2958.0,2958.6,27.049999,27.830000,going to home base
2024-04-12T20:15:40Z,2431.7,2430.9,2431.5,2708.0,2708.2,2708.4,5820.4,5820.2,5820.5,2391.3,2391.5,2391.9,3600.5,3600.4,3600.4,4541.0,4540.9,4540.6,6365.6,6365.6,6365.9,8830.6,8830.6,8830.0,5344.4,5343.3,5343.3,7589.6,7589.0,7591.0,6250.3,6249.3,6249.3,1900.8,1899.3,1899.4,3780.5,3780.7,3781.2,2675.1,2674.3,2674.2,2959.6,2958.6,2959.4,27.070000,27.830000,going to home base
2024-04-12T20:15:45Z,2431.9,2431.1,2431.3,2709.0,2708.5,2709.0,5820.8,5820.3,5821.0,2391.1,2391.3,2391.7,3601.1,3601.0,3600.7,4541.4,4541.5,4540.8,6364.7,6365.0,6366.3,8831.2,8830.3,8830.3,5344.4,5343.9,5344.8,7587.3,7587.8,7587.2,6251.9,6251.1,6250.8,1901.0,1899.5,1899.1,3781.5,3781.2,3782.6,2675.4,2674.6,2674.0,2958.1,2956.9,2957.7,27.070000,27.860001,going to home base
2024-04-12T20:15:50Z,2431.2,2430.8,2430.9,2708.8,2708.6,2709.1,5820.4,5820.1,5820.0,2391.7,2392.1,2392.6,3600.0,3599.9,3600.2,4541.3,4541.1,4541.3,6366.6,6365.7,6364.5,8830.1,8829.6,8830.4,5344.6,5344.2,5344.9,7589.1,7588.9,7589.5,6249.7,6250.4,6251.2,1901.1,1899.2,1898.9,3780.9,3781.5,3782.3,2675.7,2674.6,2674.3,2959.2,2959.6,2959.2,27.070000,27.830000,going to home base
2024-04-12T20:15:55Z,2431.6,2430.7,2430.9,2708.4,2708.4,2708.7,5820.7,5820.1,5820.2,2391.5,2391.6,2392.6,3600.5,3599.3,3599.5,4541.5,4541.1,4541.1,6366.7,6366.4,6366.5,8829.0,8829.1,8829.8,5343.2,5343.1,5343.6,7589.5,7588.6,7588.9,6249.5,6249.5,6250.2,1900.3,1899.1,1898.9,3780.3,3780.2,3780.8,2674.6,2674.2,2673.7,2958.8,2958.8,2958.7,27.080000,27.860001,going to home base
2024-04-12T20:16:00Z,2431.5,2430.5,2430.9,2707.8,2708.3,2709.2,5820.6,5820.2,5820.1,2392.1,2392.2,2392.7,3598.9,3599.0,3599.4,4540.6,4540.8,4540.8,6363.0,6362.4,6362.6,8831.2,8830.0,8831.3,5343.4,5342.4,5343.4,7591.1,7589.4,7591.1,6248.4,6249.0,6251.1,1901.0,1899.1,1899.2,3780.7,3780.9,3781.6,2675.3,2674.3,2673.9,2958.0,2957.5,2958.2,27.080000,27.809999,going to home base
2024-04-12T20:16:05Z,2431.5,2430.9,2431.3,2708.4,2708.5,2709.0,5820.3,5820.0,5820.1,2391.7,2392.1,2392.3,3599.4,3598.9,3598.9,4541.5,4541.5,4541.3,6366.5,6366.1,6368.0,8829.3,8827.7,8827.0,5344.3,5343.0,5343.1,7591.5,7589.8,7590.2,6250.9,6250.0,6250.6,1900.3,1898.9,1898.8,3780.6,3780.8,3781.4,2674.9,2674.1,2674.7,2960.4,2960.7,2960.3,27.070000,27.830000,going to home base
2024-04-12T20:16:10Z,2431.7,2431.2,2431.4,2708.6,2708.7,2708.8,5819.8,5819.8,5819.7,2391.8,2391.6,2391.9,3598.7,3598.5,3598.9,4541.1,4540.5,4540.9,6365.9,6365.4,6366.7,8827.2,8828.8,8828.5,5344.8,5343.4,5344.1,7589.5,7588.8,7588.7,6246.6,6248.2,6249.1,1901.1,1900.0,1899.4,3780.5,3780.7,3781.6,2674.4,2673.6,2673.5,2958.3,2957.5,2957.4,27.080000,27.799999,going to home base
2024-04-12T20:16:15Z,2431.6,2430.7,2430.9,2707.6,2707.6,2708.4,5819.7,5819.8,5819.5,2390.9,2390.8,2391.3,3598.6,3598.3,3598.2,4540.8,4540.3,4540.8,6367.8,6365.3,6365.5,8826.8,8827.6,8826.2,5343.6,5342.7,5344.1,7592.3,7590.4,7591.2,6248.9,6248.8,6249.9,1901.1,1899.5,1899.3,3781.1,3781.4,3782.4,2674.2,2673.4,2673.8,2957.5,2957.5,2957.6,27.080000,27.820000,going to home base
2024-04-12T20:16:20Z,2431.4,2430.6,2431.2,2708.3,2708.5,2708.8,5820.0,5819.4,5819.2,2391.3,2391.5,2391.6,3599.1,3598.8,3598.6,4541.2,4540.7,4540.6,6365.7,6365.2,6367.7,8827.0,8826.2,8827.2,5343.0,5342.6,5343.3,7591.5,7591.0,7589.7,6251.4,6249.6,6249.6,1901.0,1899.3,1899.2,3780.0,3780.5,3781.0,2674.7,2674.0,2673.9,2959.2,2958.5,2959.3,27.070000,27.820000,going to home base
2024-04-12T20:16:25Z,2431.7,2431.2,2431.3,2708.0,2708.2,2708.5,5820.1,5819.6,5819.3,2391.8,2391.7,2392.0,3599.9,3599.7,3599.7,4540.5,4541.4,4541.0,6364.7,6366.8,6366.6,8827.6,8828.0,8828.6,5343.6,5343.6,5344.4,7589.9,7588.8,7589.1,6249.8,6250.5,6250.7,1901.2,1899.6,1899.9,3780.6,3780.8,3781.3,2675.1,2673.6,2673.8,2959.1,2958.7,2958.5,27.070000,27.760000,going to home base
2024-04-12T20:16:30Z,2432.0,2431.3,2431.3,2708.5,2708.1,2708.5,5820.8,5820.1,5819.3,2391.4,2391.4,2392.1,3598.9,3598.3,3598.2,4541.6,4541.0,4541.2,6365.2,6364.2,6365.2,8828.3,8827.8,8828.0,5344.0,5343.2,5343.7,7591.7,7590.3,7591.4,6250.6,6250.2,6250.8,1900.9,1899.8,1899.4,3780.2,3780.2,3781.4,2674.3,2673.8,2673.9,2959.1,2958.2,2958.5,27.080000,27.830000,going to home base
2024-04-12T20:16:35Z,2431.5,2430.9,2430.9,2709.0,2708.2,2708.7,5820.0,5819.9,5819.8,2391.4,2391.5,2391.8,3599.4,3598.5,3598.9,4540.5,4540.7,4540.8,6367.3,6366.5,6366.6,8829.7,8829.3,8828.2,5343.4,5343.1,5344.1,7591.7,7591.0,7591.7,6249.3,6251.2,6250.4,1900.5,1899.1,1898.9,3781.3,3780.8,3782.1,2673.8,2673.9,2673.7,2958.6,2959.1,2959.1,27.080000,27.760000,going to home base
2024-04-12T20:16:40Z,2431.3,2430.6,2430.5,2708.0,2708.7,2708.7,5819.9,5819.6,5819.8,2391.4,2391.0,2392.0,3599.2,3599.4,3599.6,4540.7,4540.9,4540.6,6361.6,6360.0,6360.4,8831.1,8830.1,8830.1,5343.6,5342.9,5343.8,7591.9,7590.5,7589.6,6249.4,6249.7,6250.3,1900.9,1899.7,1899.6,3781.0,3780.6,3781.5,2674.6,2673.4,2673.3,2958.1,2957.2,2957.4,27.080000,27.760000,going to home base
2024-04-12T20:16:45Z,2431.7,2430.9,2431.4,2708.8,2708.0,2708.5,5820.0,5819.6,5819.6,2391.9,2392.0,2392.5,3600.1,3599.7,3599.5,4540.8,4540.7,4540.6,6362.6,6360.8,6361.2,8829.5,8829.0,8828.9,5342.6,5342.3,5343.8,7589.3,7588.2,7589.4,6247.5,6245.4,6245.6,1901.3,1899.6,1899.5,3780.9,3780.9,3782.1,2674.2,2673.4,2673.7,2958.7,2958.2,2958.7,27.070000,27.830000,going to home base
2024-04-12T20:16:50Z,2431.4,2430.4,2430.6,2708.2,2708.2,2708.4,5820.1,5819.9,5820.3,2391.7,2391.7,2392.0,3598.8,3598.1,3598.0,4540.9,4541.1,4540.7,6361.4,6361.8,6362.5,8830.6,8828.8,8827.7,5343.1,5343.6,5344.1,7588.4,7588.9,7588.7,6248.2,6247.1,6247.2,1900.9,1899.6,1899.3,3780.4,3780.6,3781.7,2674.8,2673.7,2673.6,2958.4,2958.0,2957.8,27.100000,27.860001,going to home base
2024-04-12T20:16:55Z,2431.7,2430.9,2431.0,2708.3,2708.1,2708.2,5819.7,5819.5,5819.4,2391.6,2391.7,2392.0,3599.1,3599.0,3598.7,4540.7,4540.4,4540.7,6363.1,6361.9,6363.7,8826.0,8829.6,8829.4,5343.5,5342.9,5342.0,7590.7,7589.8,7589.9,6250.6,6247.9,6249.1,1900.6,1899.7,1899.2,3781.2,3780.9,3781.6,2674.3,2673.1,2673.6,2957.1,2957.3,2957.4,27.120001,27.799999,going to home base
2024-04-12T20:17:00Z,2431.8,2431.3,2431.5,2708.2,2708.3,2708.6,5820.2,5819.3,5819.2,2391.5,2391.2,2391.5,3597.3,3597.3,3597.7,4540.6,4540.6,4540.0,6363.0,6363.5,6364.2,8829.7,8829.8,8829.3,5342.7,5342.8,5344.3,7589.2,7589.0,7589.2,6248.3,6250.1,6249.2,1900.8,1899.5,1899.4,3780.0,3780.2,3781.0,2673.1,2672.7,2672.5,2957.9,2956.8,2957.4,27.110001,27.790001,going to home base
2024-04-12T20:17:05Z,2431.9,2431.2,2431.0,2707.8,2707.2,2708.3,5820.0,5818.9,5819.6,2392.3,2392.2,2392.8,3599.5,3598.3,3597.9,4539.9,4540.1,4540.6,6364.3,6362.6,6360.7,8829.3,8828.6,8828.4,5342.5,5342.5,5343.4,7587.7,7587.4,7587.2,6247.2,6249.0,6249.6,1901.1,1899.0,1899.6,3780.3,3780.8,3781.7,2674.6,2674.1,2673.4,2959.8,2958.9,2959.3,27.100000,27.799999,going to home base
2024-04-12T20:17:10Z,2431.6,2430.6,2431.1,2708.0,2707.7,2708.0,5819.6,5819.2,5819.2,2391.5,2391.3,2391.1,3598.5,3598.2,3597.5,4540.4,4539.6,4539.2,6363.4,6362.8,6362.3,8825.8,8824.3,8827.6,5342.7,5341.8,5343.4,7592.3,7591.9,7590.3,6244.3,6245.3,6244.5,1900.6,1899.1,1899.2,3780.3,3780.2,3781.3,2673.5,2672.7,2672.6,2959.7,2958.9,2959.1,27.110001,27.790001,going to home base
2024-04-12T20:17:15Z,2431.6,2430.5,2431.0,2707.4,2707.2,2707.9,5820.2,5819.8,5819.3,2391.5,2391.6,2392.1,3599.6,3599.0,3599.1,4540.0,4539.8,4539.4,6364.0,6364.8,6365.9,8827.4,8826.5,8826.4,5342.9,5343.6,5344.0,7590.1,7589.2,7589.2,6246.3,6244.9,6244.9,1900.9,1898.9,1899.0,3780.5,3780.5,3781.1,2673.7,2672.7,2673.2,2958.9,2958.1,2958.7,27.080000,27.790001,going to home base
2024-04-12T20:17:20Z,2431.9,2430.9,2431.3,2708.6,2708.2,2708.7,5819.4,5819.3,5819.5,2391.2,2391.1,2391.5,3598.8,3598.2,3598.3,4540.4,4539.7,4540.0,6363.9,6362.7,6363.4,8826.5,8825.1,8825.4,5342.3,5342.7,5343.8,7589.7,7589.4,7589.8,6249.5,6248.2,6249.5,1901.0,1899.1,1899.4,3780.3,3780.1,3780.3,2673.9,2672.4,2673.2,2958.9,2958.0,2957.7,27.100000,27.760000,going to home base
2024-04-12T20:17:25Z,2431.4,2430.9,2431.1,2707.6,2707.9,2707.7,5819.4,5818.9,5819.0,2391.7,2391.3,2391.9,3598.3,3598.2,3597.5,4540.5,4540.1,4540.5,6363.8,6363.9,6364.5,8826.2,8824.6,8823.5,5343.5,5343.5,5345.0,7590.9,7589.5,7589.2,6249.4,6248.4,6247.8,1900.8,1899.2,1899.4,3780.2,3780.2,3781.1,2673.7,2672.6,2672.7,2958.6,2958.5,2958.8,27.120001,27.809999,going to home base
2024-04-12T20:17:30Z,2431.6,2430.9,2431.2,2708.2,2707.9,2708.2,5818.7,5818.1,5818.5,2392.3,2392.2,2392.1,3598.6,3598.1,3597.9,4540.0,4539.5,4539.6,6361.2,6362.0,6357.8,8826.6,8826.0,8824.7,5343.4,5343.2,5343.7,7589.6,7588.5,7588.3,6248.1,6247.0,6247.9,1900.4,1899.0,1899.0,3780.9,3781.1,3781.5,2673.8,2672.8,2672.9,2960.0,2959.9,2959.2,27.110001,27.760000,going to home base
2024-04-12T20:17:35Z,2431.4,2430.6,2431.0,2707.1,2707.8,2708.0,5819.0,5818.7,5818.6,2391.1,2391.2,2392.0,3598.1,3598.0,3598.3,4540.1,4539.5,4539.3,6362.0,6362.6,6362.5,8821.7,8820.8,8822.3,5341.7,5342.2,5343.5,7591.4,7590.8,7591.2,6250.3,6250.1,6248.8,1900.4,1899.1,1899.2,3780.2,3780.2,3781.4,2674.1,2673.6,2673.5,2958.9,2958.9,2958.5,27.100000,27.750000,going to home base
2024-04-12T20:17:40Z,2431.4,2430.9,2431.2,2707.3,2707.5,2707.5,5818.0,5817.5,5817.7,2391.2,2390.7,2391.2,3597.7,3597.2,3597.6,4539.4,4539.9,4539.8,6359.7,6360.9,6361.5,8827.4,8827.1,8827.6,5341.8,5341.2,5342.3,7589.8,7589.6,7589.5,6248.4,6248.9,6249.9,1901.0,1899.4,1899.3,3779.9,3780.6,3780.8,2673.5,2671.8,2672.5,2960.4,2959.4,2959.6,27.110001,27.750000,going to home base
2024-04-12T20:17:45Z,2430.7,2430.2,2430.3,2707.6,2706.7,2706.9,5818.1,5818.0,5817.7,2390.5,2390.7,2390.9,3598.1,3597.1,3597.3,4539.9,4539.9,4539.8,6364.5,6362.6,6363.3,8825.5,8824.1,8826.2,5342.6,5342.7,5342.7,7588.8,7588.9,7588.5,6249.0,6247.9,6248.1,1900.5,1898.9,1899.0,3780.8,3780.2,3781.8,2673.0,2671.9,2672.5,2959.7,2958.7,2959.4,27.110001,27.780001,going to home base
2024-04-12T20:17:50Z,2431.2,2430.5,2430.7,2707.2,2707.1,2707.2,5818.7,5818.4,5818.1,2390.5,2390.5,2390.7,3598.7,3598.5,3598.2,4539.5,4539.6,4539.4,6362.9,6361.0,6362.4,8827.0,8826.9,8827.7,5341.2,5341.7,5341.7,7588.2,7588.9,7589.2,6248.5,6248.0,6248.7,1900.7,1899.2,1899.2,3780.6,3779.8,3781.1,2673.9,2672.4,2673.0,2958.7,2958.7,2959.0,27.110001,27.719999,going to home base
2024-04-12T20:17:55Z,2431.2,2431.0,2430.8,2707.9,2707.7,2708.4,5818.5,5818.4,5818.7,2390.8,2390.3,2391.4,3597.5,3597.5,3597.7,4539.8,4539.7,4539.8,6363.5,6362.3,6364.0,8826.3,8825.3,8827.7,5343.2,5342.2,5344.3,7590.5,7588.0,7586.9,6249.3,6248.8,6249.9,1901.4,1899.8,1899.8,3780.0,3780.4,3781.4,2674.6,2673.5,2673.2,2959.1,2958.1,2958.0,27.120001,27.750000,going to home base
2024-04-12T20:18:00Z,2431.0,2430.7,2430.6,2707.6,2707.7,2708.0,5819.0,5819.8,5818.6,2390.5,2390.5,2390.7,3598.4,3598.0,3597.8,4539.8,4539.3,4539.5,6365.5,6362.5,6363.5,8827.8,8827.5,8826.9,5343.5,5343.0,5343.4,7589.0,7588.5,7588.8,6248.5,6246.6,6246.4,1900.3,1898.7,1898.7,3779.9,3779.9,3780.8,2673.9,2673.0,2673.4,2960.1,2959.3,2958.9,27.120001,27.760000,going to home base
2024-04-12T20:18:10Z,2430.6,2429.8,2430.2,2707.7,2707.5,2707.7,5818.3,5818.3,5817.8,2390.0,2390.0,2390.7,3598.6,3598.3,3598.1,4540.4,4539.8,4539.8,6365.5,6364.7,6366.3,8826.4,8824.4,8825.8,5341.9,5342.1,5343.7,7589.8,7586.9,7587.2,6246.8,6246.3,6246.5,1900.0,1899.0,1899.0,3780.4,3780.5,3781.5,2673.6,2673.0,2672.6,2959.7,2958.6,29start,2430.7,2430.4,going to home base
2024-04-12T20:18:20Z,2431.0,2430.2,2430.4,2707.1,2706.9,2707.2,5818.3,5818.1,5818.2,2390.4,2390.7,2391.0,3598.3,3597.9,3597.7,4539.4,4538.6,4539.4,6363.0,6363.7,6363.3,8825.6,8826.2,8826.2,5342.2,5342.1,5343.4,7589.2,7589.4,7589.0,6247.6,6246.6,6248.4,1900.0,1898.4,1898.5,3780.3,3780.7,3781.3,2672.9,2672.7,2672.8,2960.6,2960.3,2961.0,27.120001,27.740000,going to home base
2024-04-12T20:18:25Z,2430.9,2430.2,2430.7,2707.8,2707.0,2707.6,5818.0,5817.5,5817.9,2391.5,2390.7,2391.1,3598.3,3598.3,3597.7,4539.8,4538.9,4539.4,6366.8,6366.2,6366.3,8826.1,8825.9,8825.9,5341.1,5340.3,5341.2,7588.9,7588.6,7586.8,6248.2,6246.6,6247.1,1900.2,1898.8,1898.7,3780.1,3779.9,3781.1,2673.4,2672.9,2672.5,2958.9,2957.6,2958.9,27.139999,27.700001,going to home base
2024-04-12T20:18:30Z,2430.6,2430.1,2430.1,2707.7,2707.5,2707.6,5818.2,5818.1,5817.9,2391.2,2390.8,2391.2,3597.5,3597.3,3596.8,4539.7,4539.1,4539.2,6366.0,6363.8,6367.4,8824.6,8825.7,8825.4,5342.5,5341.4,5342.2,7588.3,7588.1,7588.8,6249.1,6248.0,6249.2,1901.0,1899.1,1899.0,3779.5,3779.4,3780.5,2673.4,2672.2,2672.2,2958.1,2958.7,2957.8,27.139999,27.750000,going to home base
2024-04-12T20:18:35Z,2430.8,2430.4,2430.5,2707.0,2706.8,2707.6,5817.4,5817.3,5817.6,2390.7,2391.2,2390.9,3597.5,3597.0,3597.2,4539.3,4539.3,4539.6,6363.1,6363.1,6362.7,8827.3,8824.4,8824.6,5341.1,5341.8,5342.9,7590.3,7589.1,7587.5,6250.6,6249.7,6248.7,1900.4,1898.6,1898.3,3779.6,3779.5,3780.6,2672.3,2671.9,2672.3,2957.5,2956.6,2957.2,27.120001,27.780001,going to home base
2024-04-12T20:18:40Z,2430.4,2429.8,2430.0,2707.2,2706.7,2707.2,5817.5,5817.4,5817.4,2390.9,2390.2,2390.8,3598.4,3598.1,3597.8,4539.0,4538.8,4538.9,6363.8,6364.4,6362.9,8825.9,8826.4,8826.4,5343.0,5341.6,5342.7,7588.7,7588.1,7588.9,6249.4,6250.3,6251.0,1900.1,1898.9,1899.1,3779.6,3779.7,3780.4,2672.2,2671.8,2671.4,2957.6,2957.5,2958.0,27.139999,27.770000,going to home base
2024-04-12T20:18:45Z,2431.0,2429.9,2430.0,2707.4,2706.5,2707.4,5817.4,5817.2,5816.9,2390.3,2390.9,2390.7,3597.3,3596.6,3597.1,4538.8,4538.6,4538.6,6360.0,6362.5,6363.1,8827.8,8828.0,8825.7,5342.0,5341.6,5342.2,7589.7,7590.2,7590.0,6249.2,6249.8,6249.7,1900.4,1898.8,1899.1,3779.2,3779.6,3780.2,2672.4,2671.8,2671.2,2957.9,2956.6,2957.4,27.110001,27.709999,going to home base
2024-04-12T20:18:50Z,2430.1,2429.5,2430.1,2707.2,2706.5,2707.3,5817.5,5816.9,5817.6,2390.4,2390.7,2391.1,3596.6,3596.8,3596.5,4539.5,4539.3,4539.5,6360.5,6360.7,6360.5,8824.8,8824.2,8824.5,5341.4,5340.5,5341.7,7588.0,7586.5,7587.9,6248.2,6247.6,6247.9,1900.5,1899.3,1899.2,3779.9,3779.7,3781.3,2674.0,2672.6,2672.9,2957.8,2956.9,2957.1,27.150000,27.740000,going to home base
2024-04-12T20:18:55Z,2431.3,2430.1,2430.6,2707.2,2706.8,2707.6,5817.2,5816.7,5816.3,2390.3,2390.5,2390.9,3598.0,3597.0,3597.4,4538.9,4538.6,4538.9,6358.3,6360.0,6361.0,8826.4,8825.7,8826.0,5341.7,5342.0,5342.1,7589.4,7588.9,7587.8,6244.3,6245.7,6246.4,1900.2,1898.6,1898.6,3780.7,3780.1,3781.7,2673.5,2672.9,2672.2,2958.4,2957.4,2958.3,27.139999,27.730000,going to home base
2024-04-12T20:19:00Z,2430.8,2430.2,2430.4,2707.1,2706.9,2707.3,5817.4,5817.8,5817.6,2390.6,2391.2,2391.5,3596.5,3596.3,3596.3,4538.6,4538.2,4538.6,6363.7,6363.6,6363.4,8824.5,8823.9,8823.1,5342.3,5341.4,5343.2,7586.8,7586.3,7587.7,6247.6,6246.4,6246.9,1900.1,1898.5,1898.5,3778.6,3779.2,3780.2,2672.5,2672.2,2671.8,2959.0,2957.6,2958.0,27.170000,27.709999,going to home base
2024-04-12T20:19:05Z,2430.3,2429.4,2429.4,2707.1,2706.7,2706.8,5817.4,5817.2,5817.1,2390.5,2390.4,2391.2,3597.5,3597.4,3597.0,4539.2,4539.0,4539.3,6365.4,6364.1,6364.2,8826.9,8825.8,8827.5,5339.9,5340.1,5340.9,7587.2,7587.2,7585.8,6245.3,6248.6,6247.1,1900.1,1898.7,1898.3,3780.1,3779.7,3780.3,2672.5,2672.0,2672.2,2958.7,2958.5,2958.6,27.139999,27.709999,going to home base
2024-04-12T20:19:10Z,2430.2,2429.5,2429.7,2706.8,2706.7,2706.9,5817.7,5817.0,5817.2,2391.1,2390.5,2390.9,3597.2,3596.9,3596.8,4539.0,4538.8,4539.1,6361.6,6362.9,6361.9,8825.9,8824.5,8825.5,5339.7,5339.8,5341.2,7586.5,7586.5,7586.0,6245.4,6246.0,6246.2,1900.0,1898.6,1898.6,3779.9,3780.1,3780.7,2672.9,2671.9,2672.7,2958.7,2958.0,2957.7,27.120001,27.730000,going to home base
2024-04-12T20:19:15Z,2430.8,2430.3,2430.5,2706.8,2706.6,2707.7,5817.6,5816.6,5817.4,2390.4,2390.0,2390.7,3597.8,3596.9,3598.2,4538.9,4538.8,4538.7,6360.1,6361.7,6362.0,8828.2,8826.7,8828.1,5342.7,5341.8,5342.5,7583.9,7585.5,7584.9,6244.2,6246.4,6248.0,1900.0,1898.5,1898.5,3780.1,3779.8,3780.6,2673.0,2672.0,2672.4,2958.7,2957.4,2957.9,27.150000,27.730000,going to home base
2024-04-12T20:19:20Z,2430.2,2429.6,2429.6,2706.2,2706.2,2706.8,5817.5,5817.2,5817.5,2391.1,2390.9,2391.1,3597.1,3597.3,3596.3,4539.0,4538.4,4538.6,6361.5,6362.3,6362.3,8827.8,8826.5,8826.6,5342.0,5342.6,5342.6,7588.2,7587.1,7588.0,6247.4,6250.1,6249.6,1900.4,1898.8,1898.3,3779.5,3778.6,3779.6,2673.2,2672.7,2672.7,2958.6,2956.9,2958.0,27.139999,27.730000,going to home base
2024-04-12T20:19:25Z,2429.7,2429.2,2428.9,2706.7,2706.5,2707.0,5818.2,5817.8,5817.9,2390.9,2390.7,2390.4,3597.4,3597.3,3596.7,4539.1,4538.6,4538.5,6363.5,6362.8,6360.3,8826.5,8826.7,8825.6,5342.6,5342.1,5342.2,7586.4,7586.4,7588.0,6247.4,6246.4,6247.6,1899.5,1898.2,1898.0,3779.9,3779.5,3780.3,2672.7,2672.5,2672.3,2958.6,2958.4,2958.2,27.170000,27.740000,going to home base
2024-04-12T20:19:30Z,2430.9,2430.0,2430.5,2707.0,2706.9,2707.5,5818.0,5817.3,5817.5,2390.9,2391.2,2390.9,3596.8,3596.8,3596.4,4538.9,4538.8,4538.8,6361.1,6360.9,6361.6,8825.3,8826.5,8828.0,5341.6,5340.4,5341.1,7588.6,7587.7,7588.8,6247.3,6245.1,6247.6,1900.0,1898.4,1898.5,3779.0,3778.6,3779.5,2672.8,2671.9,2672.3,2957.1,2956.5,2957.0,27.170000,27.700001,going to home base
2024-04-12T20:19:35Z,2430.2,2430.0,2429.9,2707.2,2707.1,2706.8,5817.2,5817.2,5817.0,2390.3,2390.4,2391.0,3595.7,3595.9,3595.3,4538.3,4538.3,4538.2,6358.7,6359.4,6359.9,8828.4,8827.9,8829.1,5342.6,5342.2,5341.9,7587.7,7588.3,7587.0,6248.5,6248.0,6248.0,1899.4,1898.2,1898.4,3778.9,3778.9,3780.0,2673.2,2672.5,2672.5,2957.3,2957.0,2957.8,27.170000,27.740000,going to home base
2024-04-12T20:19:40Z,2430.3,2429.5,2430.0,2706.9,2706.7,2706.6,5816.6,5816.3,5816.6,2391.0,2390.7,2391.5,3598.2,3597.5,3597.3,4538.3,4538.5,4538.9,6362.4,6360.8,6359.9,8826.0,8827.5,8826.9,5341.7,5340.3,5341.5,7589.8,7588.0,7587.9,6246.3,6246.5,6246.4,1899.7,1898.2,1898.0,3778.8,3779.0,3779.6,2672.0,2671.7,2670.9,2958.1,2958.3,2958.8,27.170000,27.709999,going to home base
2024-04-12T20:19:45Z,2430.7,2429.9,2430.0,2706.5,2706.6,2706.9,5817.3,5816.5,5816.4,2390.7,2390.6,2390.9,3596.1,3595.9,3595.4,4538.5,4538.7,4538.5,6359.5,6358.9,6360.8,8829.0,8829.3,8828.7,5340.1,5340.7,5341.4,7588.6,7587.6,7588.2,6245.5,6244.9,6244.9,1899.7,1898.1,1897.6,3780.2,3779.9,3781.0,2671.0,2670.5,2670.7,2959.1,2957.6,2958.9,27.150000,27.740000,going to home base
2024-04-12T20:19:50Z,2430.3,2429.4,2429.5,2706.5,2706.5,2707.3,5817.4,5816.8,5816.8,2389.7,2389.9,2390.3,3596.6,3595.9,3595.5,4539.3,4538.5,4538.5,6362.0,6360.2,6359.9,8825.6,8826.1,8826.0,5340.1,5340.6,5341.0,7587.7,7586.8,7586.5,6249.1,6249.3,6248.3,1899.1,1897.6,1897.2,3779.9,3779.8,3780.6,2671.5,2670.6,2670.7,2959.5,2959.1,2959.3,27.150000,27.730000,going to home base
2024-04-12T20:19:55Z,2430.6,2429.7,2429.7,2706.5,2706.8,2707.4,5817.8,5817.5,5817.3,2389.9,2390.2,2390.7,3596.7,3595.9,3596.0,4539.4,4538.6,4539.3,6362.2,6361.6,6362.4,8828.7,8829.0,8828.7,5339.7,5340.7,5341.1,7588.2,7588.4,7587.0,6247.3,6246.5,6247.2,1900.2,1898.4,1898.2,3780.0,3779.7,3780.9,2671.7,2671.5,2671.3,2959.0,2958.7,2959.6,27.150000,27.709999,going to home base
2024-04-12T20:20:00Z,2430.3,2429.9,2429.7,2706.2,2706.1,2706.9,5817.6,5816.8,5817.1,2390.6,2390.3,2390.4,3596.2,3595.7,3595.9,4539.0,4538.5,4538.5,6360.5,6361.0,6361.4,8829.9,8829.3,8827.9,5341.4,5341.3,5342.6,7588.3,7588.1,7589.1,6246.6,6246.7,6246.7,1900.0,1898.7,1898.6,3780.7,3780.6,3781.6,2671.6,2670.1,2670.4,2958.2,2958.1,2958.4,27.139999,27.780001,going to home base
2024-04-12T20:20:05Z,2430.1,2429.3,2429.5,2706.7,2706.5,2707.5,5817.3,5817.1,5817.2,2390.1,2390.1,2390.6,3597.9,3597.4,3596.9,4539.2,4538.8,4538.5,6362.5,6362.3,6360.7,8827.0,8825.8,8825.9,5341.2,5341.1,5342.0,7589.5,7589.2,7588.9,6244.0,6244.0,6245.6,1899.6,1898.4,1898.3,3779.6,3779.9,3780.8,2671.5,2671.3,2671.3,2958.1,2956.9,2958.0,27.150000,27.740000,going to home base
2024-04-12T20:20:15Z,2430.3,2429.4,2429.7,2706.7,2706.4,2707.0,5817.3,5817.0,5816.8,2390.8,2390.6,2391.2,3596.9,3596.1,3596.7,4538.8,4539.0,4539.1,6359.8,6358.2,6360.0,8827.4,8825.8,8826.2,5339.9,5340.0,5339.8,7590.9,7588.9,7590.5,62start,27542.5,27546.4,2706.6,2707.1,5817.2,5816.6,5817.1,2390.5,2391.0,2391.1,3838.2,3837.9,89857.3,89885.0,14744.4,3596.4,going to home base
2024-04-12T20:20:25Z,2430.9,2429.9,2430.3,2706.0,2705.9,2706.3,5816.9,5816.9,5817.3,2390.0,2389.7,2390.6,3597.4,3597.0,3597.1,4538.9,4538.4,4538.7,6361.1,6360.5,6362.8,8831.0,8827.5,8828.9,5341.0,5340.5,5341.8,7590.2,7587.4,7585.7,6246.1,6245.4,6246.1,1899.6,1898.0,1897.8,3778.6,3779.0,3780.1,2671.3,2670.3,2671.1,2956.1,2956.0,2955.9,27.139999,27.709999,going to home base
2024-04-12T20:20:30Z,2430.1,2429.6,2430.0,2706.7,2706.7,2706.6,5816.9,5816.5,5816.8,2389.8,2389.9,2390.5,3596.6,3596.5,3596.5,4539.1,4538.8,4539.0,6362.6,6359.9,6360.3,8825.7,8826.4,8827.2,5340.5,5339.9,5340.8,7588.6,7588.7,7588.4,6242.6,6242.7,6246.0,1899.9,1898.3,1898.1,3779.6,3779.6,3780.3,2672.1,2670.9,2671.3,2957.8,2957.3,2957.3,27.170000,27.709999,going to home base
2024-04-12T20:20:35Z,2429.9,2429.5,2429.7,2707.1,2706.9,2707.3,5817.4,5816.7,5817.7,2390.2,2390.3,2390.6,3596.9,3597.0,3596.5,4538.8,4538.6,4538.6,6359.1,6358.2,6357.7,8828.1,8826.8,8825.6,5342.1,5340.2,5340.7,7590.0,7588.9,7588.2,6246.5,6245.1,6246.9,1899.8,1898.2,1898.3,3779.4,3780.1,3780.7,2672.2,2671.1,2671.3,2958.0,2957.3,2958.6,27.170000,27.700001,going to home base
2024-04-12T20:20:40Z,2430.4,2429.4,2429.7,2706.5,2706.0,2706.3,5817.2,5817.3,5817.4,2390.2,2389.8,2390.5,3597.1,3597.0,3596.7,4538.8,4538.8,4538.4,6360.5,6360.0,6358.0,8827.9,8827.3,8826.3,5341.4,5340.3,5341.6,7590.8,7589.9,7588.9,6244.8,6242.8,6244.2,1899.6,1898.2,1898.2,3779.5,3779.6,3780.7,2672.2,2671.6,2671.4,2958.4,2957.3,2958.0,27.170000,27.700001,going to home base
2024-04-12T20:20:45Z,2430.2,2429.0,2429.4,2706.2,2706.2,2706.2,5816.6,5816.1,5816.3,2390.6,2390.7,2391.2,3597.4,3597.3,3597.3,4538.6,4538.4,4538.3,6361.9,6363.1,6364.0,8827.6,8826.4,8825.2,5340.1,5340.7,5341.4,7587.9,7587.1,7586.6,6247.1,6245.0,6246.9,1899.6,1898.6,1898.2,3779.1,3778.9,3779.3,2671.1,2669.9,2670.3,2958.1,2956.9,2957.8,27.170000,27.700001,going to home base
2024-04-12T20:20:50Z,2429.9,2429.0,2429.4,2705.8,2705.7,2706.5,5817.0,5816.3,5816.5,2389.9,2389.7,2390.8,3596.3,3596.4,3595.9,4538.7,4538.1,4538.4,6362.3,6360.9,6361.6,8829.4,8829.0,8828.1,5340.7,5339.9,5341.8,7592.0,7590.3,7590.4,6244.1,6246.0,6248.1,1900.1,1899.1,1898.8,3779.2,3779.5,3779.6,2671.8,2671.2,2670.9,2958.0,2957.7,2958.4,27.200001,27.709999,going to home base
2024-04-12T20:20:55Z,2430.2,2429.1,2429.7,2706.3,2706.2,2706.3,5816.6,5816.3,5816.1,2390.0,2390.1,2390.3,3597.3,3596.4,3596.5,4538.1,4537.9,4537.7,6359.1,6359.1,6361.8,8829.9,8828.7,8827.7,5339.4,5339.7,5340.6,7590.4,7589.7,7587.8,6246.6,6247.0,6247.4,1899.8,1898.2,1898.0,3779.1,3779.4,3780.8,2671.3,2670.8,2670.8,2956.6,2956.1,2956.3,27.150000,27.700001,going to home base
2024-04-12T20:21:00Z,2430.2,2429.3,2430.0,2706.0,2706.2,2706.8,5817.1,5817.0,5817.1,2390.1,2389.8,2390.2,3597.1,3596.5,3596.4,4538.3,4537.9,4538.5,6361.3,6361.0,6360.9,8828.2,8826.6,8826.8,5341.3,5340.2,5341.4,7591.4,7588.8,7589.4,6248.2,6247.5,6247.6,1899.4,1898.1,1897.9,3779.3,3779.9,3780.4,2671.7,2670.5,2670.5,2957.3,2956.8,2957.2,27.170000,27.709999,going to home base
2024-04-12T20:21:05Z,2429.8,2429.1,2429.5,2706.7,2706.7,2707.0,5815.9,5815.5,5815.7,2390.1,2390.1,2390.5,3597.3,3596.3,3596.5,4538.5,4538.2,4538.1,6361.2,6361.4,6361.5,8827.3,8825.6,8826.1,5340.5,5340.2,5341.2,7589.6,7589.7,7588.7,6246.0,6247.0,6247.8,1899.3,1897.7,1897.6,3779.0,3779.4,3780.4,2671.0,2670.0,2669.6,2958.7,2957.9,2958.6,27.150000,27.690001,going to home base
2024-04-12T20:21:10Z,2430.0,2429.2,2429.7,2706.7,2707.2,2706.9,5816.0,5815.5,5815.9,2389.9,2390.0,2390.9,3596.6,3595.6,3595.8,4538.4,4538.2,4538.9,6358.1,6359.3,6359.3,8829.0,8828.6,8826.9,5340.5,5340.8,5341.3,7589.1,7589.1,7588.9,6243.1,6244.9,6246.4,1898.7,1897.3,1897.5,3778.3,3777.9,3779.2,2670.3,2669.8,2670.0,2957.2,2957.3,2957.2,27.180000,27.700001,going to home base
2024-04-12T20:21:15Z,2429.9,2429.2,2429.3,2705.1,2705.6,2705.3,5816.6,5815.7,5815.9,2389.9,2389.8,2390.3,3596.9,3596.7,3596.5,4538.3,4538.1,4537.8,6361.0,6360.2,6361.7,8826.0,8824.8,8825.4,5340.2,5340.4,5342.0,7589.9,7587.1,7588.3,6248.7,6247.9,6247.8,1898.8,1897.3,1897.2,3777.6,3778.0,3778.7,2671.5,2670.6,2670.6,2955.7,2956.6,2956.5,27.170000,27.690001,going to home base
2024-04-12T20:21:20Z,2430.6,2429.8,2430.1,2705.5,2705.4,2705.7,5815.8,5815.4,5815.6,2389.8,2389.9,2390.0,3597.5,3597.3,3597.1,4538.0,4537.7,4538.0,6359.7,6360.1,6361.5,8824.8,8824.7,8825.6,5340.5,5341.4,5341.3,7587.9,7587.8,7588.0,6245.6,6245.9,6244.7,1899.9,1898.4,1898.0,3777.3,3777.7,3778.7,2671.8,2670.6,2670.8,2957.6,2957.5,2957.4,27.180000,27.700001,going to home base
2024-04-12T20:21:25Z,2429.8,2429.3,2429.4,2706.1,2706.3,2706.9,5816.1,5815.4,5815.1,2389.9,2390.0,2390.3,3595.5,3595.5,3595.9,4538.0,4538.2,4537.8,6360.4,6359.8,6360.3,8826.5,8825.3,8824.1,5340.8,5341.2,5340.4,7586.9,7585.8,7584.1,6250.2,6247.7,6250.1,1899.3,1897.7,1897.3,3777.5,3777.9,3778.5,2671.2,2670.3,2670.2,2957.1,2956.1,2956.0,27.180000,27.670000,going to home base
2024-04-12T20:21:30Z,2429.6,2429.2,2429.5,2705.5,2705.5,2706.2,5815.5,5814.9,5815.5,2389.6,2389.3,2389.6,3595.7,3595.2,3594.6,4537.3,4538.0,4537.7,6361.5,6361.4,6361.6,8825.5,8824.9,8824.2,5340.6,5339.5,5340.3,7587.1,7586.3,7585.8,6250.2,6248.2,6249.6,1899.7,1897.6,1897.6,3776.9,3777.3,3778.4,2670.7,2669.6,2670.0,2958.0,2957.4,2957.6,27.180000,27.670000,going to home base
2024-04-12T20:21:35Z,2430.2,2429.2,2429.9,2705.6,2705.3,2705.9,5815.8,5815.4,5815.4,2390.3,2390.1,2390.4,3596.6,3596.1,3596.3,4537.7,4537.7,4537.9,6360.1,6360.4,6361.9,8827.4,8826.2,8825.6,5340.6,5340.5,5341.1,7587.1,7585.4,7586.7,6247.9,6247.4,6247.0,1899.6,1898.0,1897.7,3778.0,3777.6,3778.3,2670.8,2669.8,2670.3,2956.5,2956.4,2956.3,27.200001,27.709999,going to home base
2024-04-12T20:21:40Z,2429.9,2429.4,2429.6,2705.6,2705.5,2705.9,5815.4,5815.4,5815.1,2389.5,2390.0,2390.4,3596.7,3596.6,3596.3,4537.7,4537.2,4537.3,6359.1,6359.7,6360.4,8827.9,8828.0,8826.9,5340.9,5341.1,5341.2,7584.6,7586.1,7587.6,6249.2,6247.2,6246.0,1899.0,1897.5,1897.4,3777.9,3777.4,3778.4,2670.0,2669.7,2669.9,2955.6,2955.1,2955.7,27.180000,27.690001,going to home base
2024-04-12T20:21:45Z,2430.1,2429.7,2429.5,2705.3,2705.2,2705.8,5815.8,5815.4,5815.3,2390.6,2390.7,2390.9,3596.4,3596.0,3596.0,4537.9,4537.5,4537.7,6363.2,6362.7,6363.7,8827.1,8827.6,8826.6,5340.8,5340.8,5341.5,7587.0,7585.1,7586.2,6248.9,6249.0,6247.9,1899.1,1897.4,1897.5,3776.6,3776.8,3778.5,2670.1,2669.2,2669.6,2956.6,2956.9,2957.0,27.170000,27.690001,going to home base
2024-04-12T20:21:50Z,2429.9,2429.2,2429.3,2705.3,2705.3,2705.5,5815.8,5815.4,5814.9,2390.8,2390.8,2390.6,3597.0,3596.5,3596.4,4537.2,4537.4,4537.7,6362.4,6361.4,6360.8,8826.4,8826.2,8826.9,5340.9,5339.5,5340.9,7589.6,7588.4,7587.2,6246.3,6246.3,6246.7,1898.8,1897.7,1896.9,3777.1,3776.9,3777.9,2671.5,2670.2,2670.5,2956.9,2956.4,2957.2,27.200001,27.700001,going to home base
2024-04-12T20:21:55Z,2430.4,2429.5,2429.7,2705.3,2705.9,2705.8,5815.8,5816.0,5815.4,2389.1,2389.5,2389.6,3596.5,3596.5,3596.2,4537.1,4536.9,4537.3,6361.0,6361.3,6361.7,8825.3,8824.0,8823.7,5340.2,5340.8,5340.7,7587.1,7585.8,7586.4,6248.8,6247.2,6249.2,1899.4,1898.0,1897.9,3777.0,3777.3,3778.0,2671.0,2669.8,2670.5,2957.2,2957.3,2957.8,27.180000,27.690001,going to home base
2024-04-12T20:22:00Z,2429.8,2429.1,2429.6,2705.5,2705.5,2706.0,5816.0,5815.5,5815.4,2390.0,2390.2,2390.3,3595.7,3595.0,3595.6,4537.6,4537.0,4536.7,6364.5,6364.1,6364.4,8827.7,8827.2,8826.1,5341.7,5340.5,5341.7,7586.3,7587.0,7587.1,6243.2,6243.6,6244.3,1899.0,1897.8,1897.7,3777.1,3776.8,3778.4,2670.0,2669.7,2669.6,2957.5,2957.7,2956.8,27.180000,27.660000,going to home base
2024-04-12T20:22:05Z,2430.0,2429.5,2429.8,2705.3,2705.8,2706.3,5815.8,5815.9,5816.1,2390.0,2390.6,2390.5,3595.8,3595.1,3595.5,4537.5,4537.2,4537.5,6362.7,6362.1,6361.4,8827.2,8826.4,8826.7,5341.5,5340.9,5340.4,7587.1,7587.8,7588.3,6245.5,6247.1,6246.7,1899.4,1898.0,1897.6,3779.0,3778.3,3779.6,2671.3,2670.2,2670.5,2958.1,2956.0,2957.0,27.180000,27.700001,going to home base
2024-04-12T20:22:10Z,2429.7,2429.5,2429.6,2705.4,2705.3,2705.2,5816.0,5815.5,5815.6,2390.1,2390.0,2390.5,3595.6,3595.6,3595.7,4537.6,4537.0,4537.5,6364.0,6363.0,6363.1,8826.8,8825.9,8825.9,5340.0,5339.7,5340.9,7590.3,7589.7,7588.1,6244.9,6245.7,6246.2,1898.9,1897.4,1897.3,3777.4,3777.4,3778.6,2670.7,2670.3,2668.6,2958.5,2958.3,2958.9,27.180000,27.770000,going to home base
2024-04-12T20:22:20Z,2429.7,2429.3,2429.4,2705.3,2705.4,2705.3,5816.0,5815.6,5815.8,2389.6,2389.3,2389.6,2429.0,2429.5,2705.4,2705.9,2705.9,5815.7,5815.3,5815.4,2390.6,89840.2,89877.6,14755.3,14756.4,14749.2,3596.3,3595.9,3596.2,4537.9,4537.5,4537.5,6358.7,34536.3,34537.9,8825.4,8825.4,8823.6,5340.3,5340.3,5340.3,7590.4,7588.0,7588.8,6246.7,45953.9,45972.6,going to home base
2024-04-12T20:22:30Z,2430.1,2429.4,2429.5,2705.0,2705.0,2705.0,5815.8,5815.2,5815.3,2389.1,2389.2,2389.8,3595.6,3594.5,3595.2,4537.1,4537.8,4537.3,6362.1,6360.1,6359.4,8825.9,8825.4,8824.2,5340.0,5340.0,5340.0,7586.8,7587.4,7587.7,6247.9,6246.3,6245.5,1899.4,1897.9,1897.9,3778.0,3778.2,3779.2,2670.0,2668.6,2669.3,2960.7,2961.1,2960.6,27.180000,27.680000,going to home base
2024-04-12T20:22:35Z,2430.2,2429.7,2429.6,2704.9,2705.2,2705.1,5815.3,5815.3,5815.4,2390.1,2390.1,2390.5,3595.9,3595.7,3595.2,4537.8,4537.8,4538.2,6357.1,6356.7,6355.7,8825.7,8824.0,8826.9,5339.6,5340.2,5341.0,7590.8,7588.6,7589.3,6249.7,6246.8,6246.6,1899.3,1898.5,1897.7,3777.4,3777.6,3778.5,2670.2,2669.3,2669.6,2958.4,2957.2,2957.6,27.150000,27.690001,going to home base
2024-04-12T20:22:40Z,2429.6,2428.9,2429.4,2705.0,2704.3,2705.2,5815.7,5815.2,5815.3,2390.7,2390.4,2390.7,3595.9,3594.8,3595.1,4537.4,4537.3,4538.1,6360.0,6360.2,6359.5,8824.8,8824.1,8825.9,5340.2,5339.7,5340.3,7588.4,7587.0,7588.0,6248.5,6248.1,6247.8,1899.3,1898.1,1898.0,3778.0,3777.8,3778.9,2670.4,2669.1,2669.7,2957.6,2957.2,2958.0,27.209999,27.680000,going to home base
2024-04-12T20:22:45Z,2430.5,2429.7,2429.8,2705.2,2705.3,2705.5,5816.1,5815.4,5815.3,2390.2,2390.8,2390.5,3596.8,3596.5,3596.4,4537.5,4538.0,4537.7,6360.8,6361.2,6362.1,8826.0,8825.2,8825.2,5340.8,5339.6,5341.3,7588.9,7588.8,7590.3,6248.6,6250.4,6249.4,1899.2,1897.5,1897.4,3778.4,3777.6,3778.6,2670.3,2669.8,2669.3,2955.4,2955.4,2955.6,27.180000,27.700001,going to home base
2024-04-12T20:22:50Z,2429.9,2429.3,2429.6,2705.1,2704.6,2705.3,5816.3,5815.8,5815.2,2389.6,2389.8,2390.3,3596.4,3596.4,3596.1,4538.1,4538.2,4537.8,6359.9,6359.2,6361.3,8823.2,8821.3,8821.8,5340.2,5339.7,5340.0,7593.5,7592.3,7592.9,6248.8,6245.9,6246.5,1899.3,1897.7,1897.5,3778.5,3778.3,3778.8,2670.6,2669.8,2669.7,2955.3,2955.5,2955.7,27.209999,27.700001,going to home base
2024-04-12T20:22:55Z,2429.8,2428.9,2429.2,2704.7,2704.3,2704.6,5815.9,5815.5,5815.4,2390.8,2390.6,2390.5,3597.3,3596.7,3596.6,4537.5,4537.3,4537.7,6362.3,6361.0,6361.6,8823.3,8822.4,8823.2,5342.1,5341.5,5342.7,7591.6,7589.8,7591.2,6245.2,6245.7,6245.9,1899.2,1897.4,1897.3,3778.0,3778.2,3779.1,2671.1,2669.8,2670.7,2955.6,2953.4,2954.2,27.209999,27.660000,going to home base
2024-04-12T20:23:00Z,2429.5,2428.9,2429.2,2705.0,2705.2,2705.3,5815.9,5815.3,5815.3,2390.7,2390.7,2391.9,3596.6,3596.1,3596.2,4537.6,4537.8,4537.9,6361.8,6360.4,6361.6,8823.7,8823.1,8822.8,5341.7,5340.9,5342.4,7593.1,7590.0,7590.7,6246.6,6246.3,6247.7,1898.9,1897.4,1897.2,3778.8,3778.7,3779.8,2669.9,2669.4,2669.5,2956.3,2956.2,2956.4,27.230000,27.690001,going to home base
2024-04-12T20:23:05Z,2430.5,2429.7,2430.4,2704.9,2704.8,2705.1,5815.9,5814.7,5814.8,2390.2,2390.9,2391.6,3596.9,3596.5,3596.4,4538.0,4537.6,4537.8,6362.4,6361.7,6363.0,8825.4,8825.4,8825.2,5340.9,5338.0,5340.7,7590.1,7589.2,7590.9,6248.2,6248.6,6249.6,1899.1,1898.2,1897.9,3778.2,3778.3,3779.4,2671.1,2670.0,2670.0,2955.8,2954.8,2955.7,27.209999,27.690001,going to home base
2024-04-12T20:23:10Z,2430.2,2429.3,2429.5,2705.5,2704.6,2705.2,5815.5,5815.4,5815.5,2390.6,2390.4,2390.4,3596.1,3595.9,3595.8,4537.5,4537.5,4537.8,6360.5,6359.5,6360.1,8825.4,8824.8,8823.9,5339.4,5338.7,5338.8,7590.4,7590.5,7590.9,6246.3,6244.2,6245.6,1898.5,1897.3,1897.2,3778.4,3777.8,3779.2,2669.8,2669.1,2669.3,2956.4,2957.0,2957.3,27.180000,27.660000,going to home base
2024-04-12T20:23:15Z,2429.8,2429.2,2429.3,2704.9,2705.2,2705.0,5815.0,5814.6,5814.7,2390.1,2389.9,2390.6,3596.5,3596.0,3595.3,4537.8,4537.4,4537.6,6362.8,6361.3,6361.1,8823.2,8824.4,8823.6,5340.2,5339.5,5340.3,7590.4,7590.6,7589.1,6247.9,6246.9,6248.2,1899.3,1898.2,1898.0,3778.1,3778.4,3778.9,2669.7,2669.2,2669.3,2956.7,2956.0,2955.7,27.200001,27.650000,going to home base
2024-04-12T20:23:20Z,2429.2,2428.5,2428.7,2705.3,2704.7,2705.3,5814.6,5814.7,5814.3,2390.5,2390.7,2391.0,3596.7,3595.5,3596.0,4537.2,4537.3,4537.2,6362.4,6362.8,6362.6,8822.7,8821.3,8821.9,5341.1,5339.3,5340.8,7589.7,7589.2,7589.3,6247.0,6246.0,6247.2,1899.0,1897.5,1897.4,3778.7,3779.2,3780.0,2669.4,2668.3,2668.3,2957.3,2957.3,2957.2,27.200001,27.680000,going to home base
2024-04-12T20:23:25Z,2429.1,2429.0,2429.1,2705.0,2704.8,2705.1,5815.1,5814.2,5814.8,2389.7,2389.7,2390.4,3596.7,3596.5,3596.2,4537.1,4536.9,4537.2,6360.5,6359.1,6360.0,8824.0,8823.6,8825.1,5341.1,5340.8,5341.7,7587.2,7586.7,7588.5,6249.8,6249.4,6248.5,1898.6,1897.3,1897.3,3778.0,3777.7,3778.9,2670.4,2669.4,2669.5,2956.0,2955.5,2956.4,27.209999,27.690001,going to home base
2024-04-12T20:23:30Z,2430.1,2429.3,2429.3,2704.8,2704.5,2704.7,5815.1,5814.5,5814.6,2390.1,2389.7,2390.4,3595.9,3596.1,3596.0,4536.8,4536.8,4537.2,6359.2,6359.8,6359.1,8826.0,8822.9,8824.4,5340.3,5338.6,5340.8,7587.7,7585.2,7586.7,6248.4,6247.5,6248.2,1898.6,1897.2,1897.4,3779.0,3778.8,3779.6,2669.7,2669.2,2669.2,2957.0,2955.7,2956.2,27.209999,27.700001,going to home base
2024-04-12T20:23:35Z,2429.5,2428.9,2428.9,2704.2,2703.9,2704.2,5815.0,5814.5,5814.6,2389.8,2389.9,2391.1,3595.0,3594.0,3593.9,4536.6,4537.0,4536.8,6360.5,6360.1,6359.9,8822.6,8822.8,8823.0,5340.9,5340.2,5340.6,7587.3,7588.0,7588.2,6243.2,6246.5,6247.7,1899.2,1897.6,1897.7,3778.2,3778.1,3778.6,2668.8,2668.2,2668.4,2955.0,2954.0,2954.7,27.230000,27.660000,going to home base
2024-04-12T20:23:40Z,2429.6,2429.0,2429.6,2705.7,2705.7,2705.8,5815.0,5814.2,5814.4,2390.4,2390.1,2390.7,3596.1,3595.5,3596.0,4536.9,4536.8,4537.0,6360.0,6360.6,6362.1,8825.0,8823.6,8824.1,5341.1,5341.2,5340.8,7587.7,7588.8,7586.8,6245.8,6246.1,6247.9,1899.3,1897.7,1897.8,3778.9,3779.3,3780.0,2668.9,2667.9,2668.4,2955.8,2954.3,2955.2,27.200001,27.660000,going to home base
2024-04-12T20:23:45Z,2429.7,2429.1,2429.0,2705.2,2704.4,2704.9,5815.1,5814.3,5814.6,2389.7,2389.8,2390.3,3596.0,3595.3,3594.8,4537.3,4537.1,4537.3,6359.5,6359.9,6360.4,8821.9,8821.9,8823.5,5339.8,5340.1,5340.8,7587.2,7586.3,7587.1,6244.3,6244.2,6244.3,1899.3,1898.0,1897.8,3778.4,3778.7,3779.4,2668.2,2667.7,2668.1,2955.4,2955.9,2956.3,27.209999,27.700001,going to home base
2024-04-12T20:23:50Z,2429.4,2428.8,2428.8,2705.2,2704.7,2705.4,5815.2,5814.8,5814.9,2390.0,2389.8,2390.6,3596.1,3595.8,3595.9,4536.6,4537.1,4537.3,6354.2,6355.8,6356.6,8823.6,8823.7,8823.9,5342.2,5340.9,5341.1,7588.2,7586.9,7587.8,6242.7,6243.5,6243.5,1899.4,1898.3,1898.0,3777.5,3777.9,3778.9,2669.8,2668.8,2668.2,2955.4,2954.7,2955.5,27.200001,27.680000,going to home base
2024-04-12T20:23:55Z,2428.9,2428.3,2428.6,2705.0,2704.7,2705.4,5815.4,5814.8,5814.8,2390.4,2390.0,2390.6,3595.1,3594.4,3595.3,4537.6,4537.3,4537.5,6359.4,6360.5,6361.2,8823.3,8824.2,8824.3,5340.6,5340.2,5340.0,7588.8,7588.4,7589.5,6248.6,6249.3,6248.2,1899.3,1898.0,1897.7,3778.1,3778.0,3778.8,2669.7,2668.8,2668.8,2957.6,2956.5,2957.4,27.230000,27.709999,going to home base
2024-04-12T20:24:00Z,2429.5,2429.0,2429.2,2705.8,2705.1,2705.5,5814.7,5814.3,5814.6,2390.5,2390.5,2390.6,3594.7,3595.5,3594.7,4536.9,4536.7,4537.1,6357.2,6357.7,6358.7,8824.5,8824.8,8823.5,5340.7,5340.7,5340.4,7588.0,7588.6,7589.2,6247.4,6246.0,6247.3,1899.2,1897.9,1898.1,3777.3,3777.2,3778.0,2669.7,2669.2,2668.8,2957.1,2956.5,2956.3,27.209999,27.719999,going to home base
2024-04-12T20:24:05Z,2429.2,2428.7,2428.8,2704.9,2705.6,2705.8,5814.9,5814.6,5814.7,2390.0,2389.9,2390.4,3594.5,3593.6,3593.6,4536.6,4536.9,4537.4,6358.7,6358.0,6358.2,8821.6,8821.2,8821.2,5340.2,5340.0,5341.9,7587.6,7586.9,7586.7,6247.1,6248.2,6247.8,1899.6,1898.1,1898.1,3778.0,3778.0,3778.9,2669.6,2668.0,2668.3,2955.9,2955.5,2955.8,27.240000,27.680000,going to home base
2024-04-12T20:24:10Z,2428.9,2428.4,2428.5,2705.1,2704.6,2705.8,5814.9,5814.2,5814.3,2390.2,2390.0,2390.7,3594.1,3594.1,3594.0,4537.1,4536.6,4537.3,6358.5,6360.7,6358.6,8824.7,8824.3,8823.4,5340.5,5340.6,5341.7,7588.1,7587.4,7585.6,6246.4,6246.8,6245.0,1899.5,1897.7,1897.5,3777.1,3777.5,3777.8,2668.9,2667.8,2668.8,2954.9,2954.7,2954.2,27.240000,27.690001,going to home base
2024-04-12T20:24:15Z,2429.1,2428.6,2428.7,2704.4,2704.5,2704.6,5814.7,5814.3,5814.3,2389.6,2389.5,2390.0,3594.3,3594.4,3594.5,4537.5,4537.2,4537.0,6358.9,6358.4,6359.6,8822.1,8822.2,8821.3,5340.7,5339.5,5340.7,7587.4,7585.3,7586.2,6248.0,6248.3,6249.1,1898.5,1897.4,1897.5,3777.0,3777.8,3778.0,2668.9,2667.6,2667.6,2954.4,2954.0,2954.2,27.209999,27.650000,going to home base
2024-04-12T20:24:20Z,2429.2,2428.3,2428.6,2704.7,2704.4,2705.0,5815.5,5814.7,5815.1,2389.8,2390.3,2390.1,3594.9,3594.9,3594.5,4537.0,4537.2,4537.1,6358.6,6357.1,6357.5,8821.0,8819.7,8819.6,5340.3,5340.1,5341.6,7585.2,7585.7,7586.4,6249.0,6249.0,6248.5,1898.9,1897.3,1897.3,3777.1,3776.9,3778.0,2668.6,2667.7,2667.9,2956.0,2955.3,2955.0,27.209999,27.700001,going to home base
2024-04-12T20:24:25Z,2428.7,2428.6,2428.2,2705.4,2704.9,2705.0,5815.5,5815.1,5814.6,2389.6,2389.9,2390.6,3595.0,3595.0,3595.2,4537.3,4537.1,4536.9,6352.7,6353.2,6353.8,8823.3,8821.8,8822.3,5339.6,5339.6,5341.3,7587.4,7586.7,7586.2,6246.3,6246.9,6246.0,1898.8,1897.0,1897.3,3776.6,3777.1,3777.6,2668.8,2667.9,2668.3,2956.7,2956.0,2957.1,27.240000,27.690001,going to home base
2024-04-12T20:24:30Z,2428.7,2428.5,2428.2,2705.2,2705.6,2705.7,5815.0,5814.2,5814.7,2390.0,2389.8,2390.6,3594.0,3593.7,3593.6,4537.0,4536.8,4537.4,6358.4,6357.4,6360.0,8821.5,8822.8,8822.8,5339.9,5340.3,5340.9,7588.3,7587.3,7586.1,6247.9,6248.4,6248.4,1898.6,1897.5,1896.9,3776.4,3776.7,3776.8,2669.2,2668.3,2668.3,2955.6,2955.6,2956.1,27.240000,27.660000,going to home base
2024-04-12T20:24:35Z,2428.8,2428.5,2428.4,2705.2,2705.8,2706.0,5814.8,5814.2,5814.3,2390.1,2390.0,2390.6,3593.1,3593.3,3592.3,4537.2,4537.1,4537.3,6355.6,6357.3,6355.3,8824.3,8823.3,8823.7,5341.3,5341.4,5343.0,7588.2,7587.8,7586.9,6246.7,6246.8,6247.2,1898.6,1897.1,1897.1,3777.4,3777.2,3777.3,2668.8,2668.1,2668.0,2955.2,2954.1,2954.8,27.240000,27.680000,going to home base
2024-04-12T20:24:40Z,2429.2,2428.6,2428.9,2704.6,2705.6,2705.5,5814.4,5813.7,5814.1,2390.2,2390.0,2390.7,3593.3,3593.1,3593.1,4537.2,4537.3,4537.3,6356.2,6356.9,6356.0,8825.0,8823.9,8825.3,5340.1,5339.3,5340.5,7590.6,7588.1,7587.9,6246.0,6246.6,6246.9,1898.8,1897.7,1897.5,3777.6,3777.5,3778.1,2668.8,2667.6,2667.9,2956.3,2955.4,2955.5,27.230000,27.680000,going to home base
2024-04-12T20:24:45Z,2429.1,2428.3,2428.1,2704.6,2704.8,2704.6,5814.3,5813.8,5814.4,2390.1,2390.0,2390.5,3594.4,3593.7,3593.6,4536.7,4536.9,4536.6,6355.9,6355.8,6357.0,8821.0,8823.3,8823.6,5338.7,5339.4,5339.2,7590.7,7589.9,7590.7,6245.8,6245.0,6247.9,1899.1,1897.6,1897.2,3777.2,3777.3,3778.4,2669.5,2669.0,2668.6,2957.2,2955.8,2956.6,27.230000,27.650000,going to home base
2024-04-12T20:24:50Z,2429.1,2428.1,2428.6,2705.2,2704.8,2705.3,5814.5,5814.0,5814.4,2389.9,2389.8,2390.5,3594.4,3594.1,3594.3,4537.1,4537.0,4536.4,6354.1,6355.2,6355.0,8822.5,8823.0,8821.1,5339.7,5339.5,5339.9,7589.5,7587.2,7587.6,6242.7,6242.7,6245.5,1899.4,1897.5,1897.4,3776.8,3777.5,3777.8,2668.8,2668.0,2668.1,2956.5,2955.4,2957.0,27.230000,27.660000,going to home base
2024-04-12T20:24:55Z,2429.3,2428.7,2429.0,2705.9,2705.8,2706.1,5814.8,5814.7,5814.4,2390.1,2390.0,2390.5,3594.9,3594.6,3594.0,4536.5,4536.4,4536.6,6356.0,6355.0,6357.1,8823.6,8825.1,8824.0,5338.1,5338.3,5340.0,7589.1,7588.8,7588.7,6251.2,6250.4,6250.2,1898.8,1897.1,1897.5,3777.4,3777.5,3778.1,2668.7,2668.4,2667.6,2955.8,2954.8,2955.0,27.230000,27.660000,going to home base
2024-04-12T20:25:00Z,2428.6,2427.9,2427.9,2704.0,2704.5,2704.7,5815.0,5813.8,5815.0,2389.2,2389.5,2389.7,3593.6,3593.5,3594.1,4536.6,4536.1,4536.4,6355.8,6356.2,6357.0,8823.3,8823.3,8822.6,5339.5,5338.2,5339.2,7587.2,7585.7,7586.5,6244.8,6246.5,6245.8,1899.4,1897.6,1897.8,3777.7,3778.2,3778.6,2669.2,2668.2,2668.5,2956.2,2956.2,2956.2,27.250000,27.650000,going to home base
2024-04-12T20:25:05Z,2428.4,2427.8,2428.3,2704.4,2704.0,2704.4,5813.9,5813.7,5813.6,2389.7,2390.0,2390.3,3593.8,3593.3,3593.4,4536.7,4536.8,4536.5,6354.4,6353.7,6356.2,8821.3,8822.0,8821.4,5339.8,5339.2,5340.5,7588.6,7588.9,7586.4,6245.7,6244.9,6245.3,1898.6,1897.8,1897.5,3776.9,3777.2,3777.5,2668.6,2667.5,2667.9,2956.3,2955.9,2956.2,27.230000,27.650000,going to home base
2024-04-12T20:25:10Z,2428.4,2428.0,2427.9,2704.2,2703.9,2704.3,5815.5,5814.7,5814.9,2389.5,2389.9,2390.5,3594.1,3593.6,3593.8,4536.1,4535.6,4536.2,6356.8,6357.2,6355.2,8822.1,8822.5,8820.1,5339.4,5339.3,5340.0,7590.2,7589.1,7588.5,6243.8,6242.6,6243.9,1899.2,1897.4,1897.3,3777.4,3777.2,3778.0,2669.2,2668.7,2668.4,2958.3,2957.7,2957.1,27.209999,27.639999,going to home base
2024-04-12T20:25:15Z,2428.3,2427.6,2427.9,2704.7,2704.9,2705.1,5814.2,5813.5,5814.3,2389.2,2389.0,2389.2,3594.2,3593.4,3593.5,4536.8,4536.5,4536.4,6354.4,6355.7,6356.5,8822.3,8821.7,8823.0,5338.4,5337.7,5339.5,7590.2,7589.2,7588.0,6243.2,6241.7,6244.0,1899.0,1897.4,1897.3,3777.6,3777.8,3778.7,2669.6,2668.7,2668.4,2957.0,2955.8,2956.7,27.230000,27.610001,going to home base
2024-04-12T20:25:20Z,2428.6,2427.6,2428.1,2705.1,2704.7,2705.2,5815.4,5814.5,5815.1,2390.1,2389.9,2390.7,3594.5,3594.1,3594.5,4536.1,4536.0,4536.0,6357.0,6356.3,6356.0,8824.7,8823.9,8824.8,5337.8,5338.2,5339.7,7590.3,7589.8,7590.7,6244.4,6245.9,6246.9,1899.3,1897.8,1897.7,3778.4,3778.7,3779.2,2670.1,2669.6,2669.3,2958.3,2957.5,2958.1,27.240000,27.680000,going to home base
2024-04-12T20:25:25Z,2428.4,2427.9,2428.3,2703.4,2703.4,2704.0,5814.7,5814.2,5813.7,2389.1,2388.7,2389.2,3594.7,3593.7,3593.8,4536.6,4536.4,4536.3,6354.3,6354.1,6354.1,8822.3,8823.2,8822.8,5340.4,5340.4,5340.5,7588.0,7588.0,7585.8,6246.6,6249.2,6247.4,1898.5,1897.3,1897.4,3778.3,3778.8,3779.2,2669.9,2669.0,2668.5,2955.2,2955.8,2955.9,27.230000,27.650000,going to home base
2024-04-12T20:25:30Z,2428.9,2428.2,2428.5,2704.6,2704.4,2704.6,5814.3,5814.0,5814.4,2388.5,2388.4,2389.5,3594.2,3593.9,3593.8,4536.8,4536.4,4536.7,6358.3,6357.8,6358.3,8822.7,8822.9,8823.1,5339.8,5338.3,5339.0,7589.7,7588.4,7587.8,6242.6,6244.0,6244.3,1898.6,1897.2,1897.0,3777.0,3776.8,3778.0,2669.0,2668.6,2668.9,2957.1,2956.0,2956.3,27.240000,27.660000,going to home base
2024-04-12T20:25:35Z,2428.4,2427.7,2428.1,2703.8,2704.1,2704.3,5814.5,5814.2,5813.9,2389.5,2388.9,2389.5,3593.9,3593.4,3593.8,4536.5,4536.6,4536.5,6352.0,6353.0,6354.0,8822.5,8822.0,8821.6,5339.9,5339.2,5340.5,7588.0,7588.5,7588.0,6244.7,6244.9,6245.4,1898.7,1896.9,1896.8,3777.3,3778.0,3778.5,2670.5,2669.9,2669.3,2955.7,2955.1,2955.7,27.250000,27.660000,going to home base
2024-04-12T20:25:40Z,2428.8,2427.8,2428.0,2704.4,2703.9,2704.5,5814.5,5814.1,5814.0,2389.3,2389.4,2388.9,3594.0,3593.2,3593.5,4536.2,4536.0,4536.6,6354.0,6353.5,6356.1,8823.2,8822.8,8823.6,5340.3,5339.2,5340.3,7588.3,7587.8,7586.9,6245.1,6244.5,6246.3,1899.1,1897.7,1897.5,3777.9,3777.9,3778.5,2669.4,2668.8,2669.1,2955.9,2955.9,2956.4,27.270000,27.680000,going to home base
2024-04-12T20:25:45Z,2428.9,2428.0,2428.6,2704.1,2703.8,2704.6,5815.2,5814.3,5814.9,2389.6,2389.4,2389.3,3594.5,3594.2,3593.8,4536.7,4536.9,4536.6,6354.3,6353.9,6355.7,8821.6,8822.3,8823.1,5338.2,5337.9,5339.8,7588.4,7586.3,7586.9,6244.9,6246.5,6246.1,1899.5,1898.0,1897.9,3777.5,3777.6,3778.9,2669.9,2669.7,2669.1,2955.8,2953.9,2955.4,27.230000,27.650000,going to home base
2024-04-12T20:25:50Z,2429.0,2428.3,2428.6,2703.5,2704.0,2704.1,5814.2,5813.9,5814.2,2389.2,2389.1,2389.8,3594.3,3594.3,3594.2,4537.0,4536.8,4536.6,6355.4,6355.4,6355.3,8821.8,8821.0,8820.7,5337.7,5338.3,5338.5,7589.0,7588.2,7588.3,6245.9,6247.5,6247.7,1899.5,1898.1,1897.8,3777.6,3777.8,3778.7,2669.8,2669.1,2669.5,2956.9,2956.9,2956.4,27.250000,27.639999,going to home base
2024-04-12T20:25:55Z,2428.9,2428.0,2428.5,2704.0,2703.6,2704.1,5814.5,5814.1,5814.6,2389.8,2389.1,2389.6,3593.5,3593.6,3594.1,4537.2,4536.8,4536.8,6351.8,6349.9,6352.4,8822.2,8823.5,8824.0,5339.8,5339.0,5340.6,7590.8,7588.7,7588.8,6245.2,6246.8,6247.3,1899.5,1897.6,1897.5,3778.0,3777.8,3778.7,2669.8,2668.6,2669.0,2957.0,2956.3,2956.8,27.240000,27.680000,going to home base
2024-04-12T20:26:00Z,2428.4,2427.7,2428.0,2703.8,2703.5,2704.6,5814.3,5814.1,5814.1,2389.5,2389.5,2389.7,3594.1,3593.6,3594.4,4536.6,4536.4,4536.6,6355.9,6357.1,6355.3,8821.3,8821.5,8821.3,5339.4,5338.8,5339.0,7589.7,7587.5,7587.2,6246.4,6245.7,6245.7,1899.4,1897.8,1897.7,3777.6,3778.1,3779.1,2668.7,2668.1,2667.9,2955.7,2955.0,2955.8,27.250000,27.639999,going to home base
2024-04-12T20:26:05Z,2429.0,2428.1,2428.6,2703.3,2702.9,2703.3,5813.7,5813.9,5813.7,2389.3,2389.6,2389.4,3593.6,3593.2,3593.8,4537.2,4536.9,4537.3,6355.0,6356.3,6355.1,8820.2,8820.2,8821.4,5339.8,5338.4,5339.8,7591.8,7590.4,7591.1,6244.6,6244.5,6245.0,1898.4,1897.3,1897.3,3776.4,3776.6,3776.9,2668.7,2668.7,2668.3,2957.2,2956.0,2956.6,27.240000,27.670000,going to home base
2024-04-12T20:26:10Z,2428.8,2428.3,2428.4,2703.6,2703.4,2704.2,5814.0,5813.9,5813.7,2389.1,2389.1,2389.7,3593.7,3593.3,3592.7,4536.9,4536.9,4537.0,6353.5,6353.3,6354.7,8819.6,8820.0,8819.1,5339.6,5339.0,5339.3,7590.8,7588.6,7589.4,6242.7,6244.6,6245.3,1899.0,1897.6,1897.3,3777.3,3778.0,3778.4,2669.4,2668.5,2669.1,2956.5,2956.2,2956.0,27.250000,27.639999,going to home base
2024-04-12T20:26:15Z,2428.6,2427.8,2428.4,2703.7,2703.4,2703.6,5814.0,5813.7,5814.1,2389.0,2389.0,2389.5,3593.6,3593.2,3592.7,4536.9,4537.0,4537.1,6353.0,6352.1,6354.4,8822.2,8821.7,8820.9,5340.6,5339.4,5340.8,7589.8,7588.4,7588.5,6244.5,6243.4,6244.6,1899.0,1898.0,1897.8,3777.6,3777.6,3778.7,2669.9,2668.8,2669.6,2955.4,2955.0,2955.9,27.240000,27.670000,going to home base
2024-04-12T20:26:20Z,2428.8,2428.3,2428.3,2704.1,2704.5,2704.5,5814.3,5812.9,5813.1,2389.3,2389.2,2389.5,3593.8,3593.2,3594.1,4536.7,4536.8,4536.3,6354.5,6352.9,6356.5,8822.1,8820.9,8822.2,5338.4,5338.4,5339.0,7587.8,7587.1,7587.3,6243.3,6242.4,6243.8,1899.3,1898.1,1898.0,3777.6,3777.7,3779.1,2669.6,2669.1,2668.8,2957.1,2957.0,2957.3,27.240000,27.690001,going to home base
2024-04-12T20:26:25Z,2428.8,2428.0,2428.3,2704.2,2703.8,2704.1,5814.1,5813.6,5813.1,2390.0,2389.9,2390.7,3593.5,3592.8,3592.7,4537.4,4536.7,4536.6,6356.4,6354.2,6354.8,8821.4,8821.0,8821.8,5338.4,5338.6,5338.8,7588.3,7587.6,7586.5,6246.0,6246.4,6245.2,1899.0,1897.4,1897.7,3778.1,3778.1,3778.4,2668.9,2668.4,2667.9,2957.2,2956.0,2956.1,27.250000,27.719999,going to home base
2024-04-12T20:26:30Z,2428.8,2428.2,2428.5,2703.5,2703.6,2703.9,5813.8,5813.5,5813.5,2389.9,2390.1,2390.4,3594.4,3593.7,3593.3,4536.9,4535.6,4536.6,6353.6,6353.4,6352.9,8820.2,8819.7,8819.5,5339.2,5338.6,5339.4,7587.7,7587.2,7586.4,6241.2,6242.1,6241.5,1898.9,1897.3,1897.9,3776.9,3776.6,3778.0,2669.1,2668.3,2668.4,2955.7,2954.7,2954.9,27.240000,27.690001,going to home base
2024-04-12T20:26:35Z,2428.7,2428.1,2428.5,2704.2,2704.0,2704.0,5813.7,5813.5,5813.4,2389.9,2389.3,2390.3,3593.2,3593.1,3592.6,4536.0,4536.2,4536.6,6353.1,6353.7,6355.5,8820.5,8820.2,8820.0,5339.1,5338.1,5339.2,7588.3,7587.3,7587.3,6244.3,6245.8,6244.7,1898.9,1897.2,1897.0,3777.3,3776.9,3777.7,2668.2,2667.7,2667.6,2956.4,2956.6,2956.2,27.250000,27.650000,going to home base
2024-04-12T20:26:40Z,2428.0,2427.3,2427.7,2703.9,2703.1,2703.7,5813.1,5812.9,5812.8,2389.7,2390.2,2390.4,3593.2,3593.0,3592.5,4537.5,4537.2,4536.8,6356.0,6355.7,6356.0,8821.0,8821.5,8821.7,5338.9,5338.0,5340.5,7588.0,7586.1,7585.7,6245.3,6244.8,6246.3,1899.3,1898.0,1897.5,3776.9,3776.7,3777.3,2668.9,2667.8,2667.8,2955.3,2955.7,2956.3,27.230000,27.660000,going to home base
2024-04-12T20:26:45Z,2428.4,2427.9,2428.1,2703.7,2703.2,2704.2,5813.4,5813.1,5813.5,2389.7,2389.4,2389.5,3593.3,3592.0,3591.3,4537.1,4536.4,4536.9,6353.4,6353.7,6351.3,8820.6,8821.1,8821.1,5338.0,5337.6,5338.6,7588.2,7588.1,7588.4,6246.2,6245.8,6245.1,1898.7,1897.2,1897.3,3777.2,3777.3,3777.7,2668.9,2669.2,2668.9,2957.3,2957.1,2956.5,27.240000,27.610001,going to home base
2024-04-12T20:26:50Z,2427.9,2427.5,2427.7,2703.3,2703.2,2703.5,5813.5,5813.2,5813.7,2389.8,2389.2,2389.3,3593.1,3592.9,3593.0,4536.7,4536.7,4536.5,6352.3,6351.7,6352.4,8821.9,8822.4,8822.2,5338.2,5337.9,5338.9,7587.0,7585.0,7584.7,6245.2,6245.9,6244.4,1899.7,1898.0,1898.2,3776.9,3776.8,3777.6,2668.2,2667.7,2667.8,2956.3,2956.2,2956.0,27.270000,27.610001,going to home base
2024-04-12T20:26:55Z,2428.0,2427.5,2428.1,2703.3,2702.8,2703.2,5813.4,5812.2,5812.8,2389.3,2389.1,2389.5,3593.4,3593.5,3593.5,4536.7,4536.2,4536.6,6354.6,6354.0,6352.7,8822.8,8822.8,8824.2,5338.8,5337.2,5339.5,7585.2,7583.8,7584.7,6243.9,6243.3,6245.5,1898.6,1897.5,1897.2,3776.5,3777.0,3777.6,2669.2,2668.8,2669.2,2957.4,2956.8,2956.7,27.250000,27.680000,going to home base
2024-04-12T20:27:00Z,2428.0,2427.2,2427.6,2704.0,2704.0,2704.0,5813.3,5813.3,5813.0,2389.0,2388.7,2389.6,3593.1,3592.9,3592.9,4537.0,4536.3,4536.4,6353.8,6354.5,6353.2,8822.6,8822.9,8822.8,5338.7,5337.8,5339.4,7583.4,7584.7,7584.9,6244.2,6246.4,6246.9,1899.3,1897.6,1897.6,3777.3,3777.3,3778.2,2669.0,2667.8,2667.9,2956.4,2956.8,2956.5,27.250000,27.690001,going to home base
2024-04-12T20:27:05Z,2427.9,2427.4,2427.4,2703.5,2703.0,2704.0,5813.3,5812.9,5813.1,2389.3,2389.3,2389.7,3592.2,3591.0,3591.5,4535.9,4536.1,4535.6,6352.0,6352.7,6351.2,8823.1,8821.9,8821.3,5338.2,5338.5,5339.0,7589.9,7588.0,7586.8,6243.1,6240.7,6242.4,1899.2,1897.4,1897.4,3777.9,3777.8,3778.5,2668.9,2667.8,2667.9,2957.3,2956.8,2956.9,27.270000,27.620001,going to home base
2024-04-12T20:27:10Z,2427.9,2426.9,2427.3,2702.4,2702.1,2702.8,5813.7,5813.3,5813.5,2390.3,2390.4,2390.2,3592.6,3591.7,3591.9,4536.4,4535.9,4536.4,6352.8,6351.1,6351.6,8822.6,8821.7,8821.3,5337.5,5337.8,5338.2,7585.4,7585.1,7584.7,6244.9,6244.4,6245.3,1899.3,1897.4,1897.6,3776.0,3776.0,3777.3,2669.1,2668.5,2668.6,2956.5,2955.8,2956.1,27.270000,27.620001,going to home base
2024-04-12T20:27:15Z,2427.8,2427.1,2427.4,2703.4,2703.8,2703.4,5813.4,5813.0,5813.0,2389.2,2389.0,2389.9,3592.1,3592.2,3592.1,4536.3,4536.2,4536.3,6352.6,6352.9,6353.5,8820.5,8821.7,8821.9,5338.7,5337.6,5339.1,7586.9,7585.0,7584.9,6246.8,6246.1,6246.5,1898.8,1897.3,1897.4,3776.6,3776.6,3778.0,2668.9,2668.0,2667.9,2956.8,2956.7,2956.4,27.280001,27.610001,going to home base
2024-04-12T20:27:20Z,2428.3,2427.2,2427.5,2703.0,2702.5,2703.1,5813.0,5812.8,5812.9,2389.1,2389.4,2389.4,3591.8,3592.1,3591.1,4536.6,4536.3,4536.3,6354.2,6353.7,6354.1,8823.4,8823.8,8822.8,5338.2,5339.1,5339.3,7584.0,7583.4,7584.8,6244.6,6244.8,6244.3,1898.4,1897.0,1896.9,3777.1,3776.9,3777.4,2668.3,2667.9,2667.8,2958.6,2957.7,2957.9,27.280001,27.650000,going to home base
2024-04-12T20:27:25Z,2428.4,2427.4,2427.6,2703.4,2703.2,2703.7,5812.8,5812.5,5812.8,2388.8,2388.8,2389.1,3592.1,3592.6,3592.6,4535.9,4535.5,4535.5,6353.7,6354.1,6354.5,8821.7,8821.0,8822.4,5338.0,5337.2,5338.5,7585.7,7582.9,7584.0,6243.4,6242.8,6242.7,1898.6,1897.2,1897.1,3777.0,3777.1,3777.8,2668.7,2668.5,2668.2,2957.5,2957.5,2957.2,27.250000,27.620001,going to home base
2024-04-12T20:27:30Z,2428.7,2427.7,2427.8,2702.8,2702.8,2703.8,5812.7,5812.5,5812.5,2389.2,2389.5,2389.7,3593.9,3593.7,3592.9,4535.6,4536.0,4536.0,6352.7,6353.4,6352.9,8822.2,8821.3,8822.4,5336.6,5337.2,5338.8,7586.3,7587.9,7587.7,6245.3,6245.9,6245.0,1898.8,1897.5,1897.2,3778.0,3777.2,3777.7,2668.1,2667.0,2667.0,2954.0,2954.2,2954.5,27.240000,27.610001,going to home base
2024-04-12T20:27:35Z,2428.3,2427.5,2428.1,2703.0,2702.4,2703.2,5812.5,5812.0,5812.4,2389.0,2389.5,2389.8,3593.8,3593.3,3592.7,4535.9,4536.0,4535.7,6352.4,6352.9,6352.9,8822.8,8823.5,8822.6,5338.0,5338.6,5339.3,7587.4,7587.6,7586.6,6243.0,6243.3,6244.4,1898.9,1896.9,1897.5,3777.2,3776.6,3777.8,2667.9,2667.7,2667.5,2953.7,2953.7,2954.2,27.250000,27.600000,going to home base
2024-04-12T20:27:40Z,2427.9,2427.5,2427.8,2703.1,2703.0,2703.7,5812.8,5812.6,5812.9,2389.6,2388.8,2389.7,3593.2,3592.6,3592.3,4536.0,4535.6,4535.4,6356.1,6355.2,6355.6,8822.1,8821.6,8822.6,5339.0,5340.2,5340.7,7587.2,7587.6,7588.3,6243.5,6243.2,6245.7,1898.8,1897.1,1897.6,3777.3,3777.1,3777.4,2669.2,2668.3,2668.1,2954.7,2954.7,2954.9,27.270000,27.580000,going to home base
2024-04-12T20:27:45Z,2428.2,2427.3,2427.6,2703.3,2703.0,2703.8,5813.2,5813.0,5812.7,2389.6,2389.7,2390.0,3592.2,3592.1,3591.9,4535.8,4535.5,4535.4,6354.3,6353.9,6355.0,8822.3,8821.2,8821.7,5337.9,5338.6,5338.9,7589.4,7588.3,7588.7,6242.9,6242.8,6242.0,1898.5,1897.0,1897.2,3777.0,3776.8,3777.9,2669.2,2668.3,2668.5,2955.2,2954.4,2955.8,27.250000,27.639999,going to home base
2024-04-12T20:27:50Z,2428.0,2427.3,2427.5,2702.8,2702.7,2703.1,5812.2,5811.8,5812.0,2389.7,2389.8,2390.6,3592.7,3592.6,3592.3,4534.8,4535.1,4535.5,6356.1,6355.6,6357.8,8820.8,8820.5,8823.9,5337.8,5338.0,5338.6,7587.8,7586.5,7588.4,6244.0,6243.9,6243.4,1898.6,1897.2,1897.1,3776.7,3776.7,3777.3,2668.7,2667.8,2667.6,2954.8,2955.0,2955.2,27.270000,27.650000,going to home base
2024-04-12T20:27:55Z,2427.3,2427.2,2427.1,2703.4,2703.4,2703.6,5812.7,5812.2,5812.3,2389.3,2389.4,2389.6,3592.6,3592.1,3592.5,4535.8,4535.6,4535.6,6351.5,6350.0,6352.4,8819.0,8818.4,8819.6,5338.5,5337.6,5338.9,7587.8,7586.1,7587.0,6240.9,6240.8,6241.4,1898.5,1897.0,1897.3,3776.6,3776.8,3778.1,2668.0,2667.8,2667.2,2956.3,2955.8,2956.2,27.299999,27.610001,going to home base
2024-04-12T20:28:00Z,2428.3,2427.4,2427.5,2702.5,2702.3,2702.8,5812.8,5812.2,5812.9,2389.9,2389.6,2390.7,3592.6,3592.4,3592.3,4536.4,4536.2,4536.5,6350.9,6350.4,6352.8,8821.5,8820.6,8819.6,5338.8,5339.1,5340.1,7584.0,7583.2,7586.0,6244.8,6241.3,6241.9,1898.0,1896.4,1896.6,3777.0,3776.8,3778.1,2668.6,2667.9,2667.9,2954.5,2954.5,2956.1,27.240000,27.639999,going to home base
2024-04-12T20:28:05Z,2428.2,2426.9,2427.7,2702.6,2702.5,2703.2,5812.6,5811.6,5812.1,2389.4,2389.2,2390.2,3592.3,3592.4,3592.1,4535.6,4535.5,4535.5,6347.1,6347.8,6350.4,8822.8,8821.0,8821.7,5338.8,5338.2,5339.6,7587.2,7586.4,7586.7,6244.2,6243.1,6244.1,1898.5,1896.6,1896.4,3777.7,3777.4,3778.6,2668.8,2667.7,2668.1,2956.3,2955.9,2955.7,27.240000,27.620001,going to home base
2024-04-12T20:28:10Z,2427.7,2426.8,2427.1,2703.5,2703.2,2703.5,5812.0,5811.6,5811.6,2388.3,2388.6,2388.6,3593.4,3592.7,3592.8,4536.4,4535.8,4535.6,6351.6,6351.6,6351.9,8823.7,8822.3,8823.2,5338.0,5338.0,5339.3,7585.3,7583.2,7584.3,6244.0,6243.7,6244.2,1899.0,1897.6,1897.3,3776.8,3776.4,3777.5,2668.3,2667.4,2667.2,2956.0,2955.9,2956.1,27.280001,27.600000,going to home base
2024-04-12T20:28:15Z,2427.2,2426.6,2426.9,2703.7,2703.5,2703.8,5812.7,5812.4,5812.4,2388.6,2389.0,2389.1,3592.6,3591.9,3591.9,4535.6,4535.8,4536.0,6349.7,6349.9,6350.6,8820.1,8820.6,8820.5,5338.0,5337.6,5338.3,7586.9,7588.7,7587.5,6244.3,6243.9,6243.4,1898.0,1896.6,1897.0,3777.3,3777.3,3778.2,2667.9,2666.9,2667.0,2956.5,2955.7,2955.7,27.250000,27.639999,going to home base
2024-04-12T20:28:20Z,2427.4,2427.0,2427.1,2703.8,2703.7,2703.9,5812.9,5812.5,5812.4,2388.5,2388.9,2389.4,3592.5,3592.5,3592.4,4535.7,4535.0,4535.4,6350.9,6351.0,6350.1,8818.3,8818.4,8817.4,5338.8,5338.0,5339.2,7586.2,7583.2,7585.1,6244.6,6244.7,6245.9,1898.6,1897.3,1896.7,3777.5,3777.6,3779.0,2667.5,2667.4,2667.3,2954.9,2955.0,2954.3,27.270000,27.620001,going to home base
2024-04-12T20:28:25Z,2428.2,2427.3,2427.6,2703.3,2703.3,2703.4,5812.8,5812.6,5812.3,2389.2,2389.7,2389.6,3593.2,3593.7,3593.6,4535.2,4535.0,4534.8,6352.3,6351.6,6352.1,8819.8,8820.7,8821.1,5338.7,5337.8,5339.6,7586.1,7585.8,7585.4,6245.4,6244.7,6244.8,1898.6,1897.3,1896.8,3778.3,3778.0,3778.9,2665.7,2665.3,2665.5,2956.4,2955.8,2955.3,27.280001,27.580000,going to home base
2024-04-12T20:28:30Z,2427.8,2427.1,2427.5,2702.5,2702.6,2702.9,5812.8,5812.2,5812.2,2390.2,2389.3,2389.9,3592.8,3592.7,3592.7,4535.2,4534.8,4534.9,6352.2,6352.0,6350.3,8819.5,8817.2,8818.0,5337.6,5337.8,5337.6,7588.8,7587.1,7587.5,6243.6,6243.3,6243.7,1897.8,1896.3,1896.4,3778.2,3778.0,3778.8,2666.5,2666.0,2666.2,2957.5,2956.6,2957.2,27.270000,27.580000,going to home base
2024-04-12T20:28:35Z,2427.6,2427.1,2427.6,2702.1,2702.8,2703.1,5812.5,5812.1,5812.7,2388.6,2389.4,2389.6,3592.6,3592.3,3592.3,4535.6,4535.1,4535.4,6349.5,6350.2,6350.9,8819.3,8818.6,8818.5,5338.8,5337.7,5338.6,7587.5,7585.6,7585.4,6243.5,6242.9,6243.1,1898.1,1897.3,1896.9,3777.9,3777.9,3778.5,2667.5,2666.3,2666.1,2957.5,2957.2,2957.9,27.270000,27.650000,going to home base
2024-04-12T20:28:40Z,2427.9,2427.3,2427.3,2702.7,2702.9,2703.1,5812.4,5812.2,5812.1,2389.5,2389.8,2389.8,3593.5,3593.1,3592.8,4536.0,4535.8,4536.0,6351.5,6352.3,6351.6,8819.7,8818.5,8819.5,5337.5,5337.4,5338.6,7584.2,7586.5,7585.5,6243.7,6242.3,6242.8,1898.0,1896.4,1896.3,3777.0,3777.1,3777.7,2666.5,2665.8,2666.5,2957.1,2956.9,2957.0,27.280001,27.650000,going to home base
2024-04-12T20:28:45Z,2428.4,2427.1,2427.4,2702.6,2702.2,2702.3,5812.6,5812.2,5812.2,2389.0,2388.5,2389.2,3593.1,3593.2,3592.7,4535.5,4535.8,4535.4,6350.6,6351.9,6352.3,8817.7,8816.9,8816.6,5336.9,5337.1,5338.3,7588.1,7586.9,7586.1,6242.2,6243.9,6240.2,1897.8,1896.1,1896.2,3777.1,3777.1,3778.1,2665.8,2665.3,2665.2,2956.7,2957.1,2956.2,27.280001,27.670000,going to home base
2024-04-12T20:28:50Z,2427.6,2427.0,2427.2,2703.0,2702.4,2703.2,5812.8,5812.5,5812.4,2388.6,2388.4,2389.0,3593.4,3592.9,3593.2,4536.3,4535.6,4535.6,6350.9,6350.7,6351.6,8818.6,8818.4,8819.5,5337.6,5337.6,5337.3,7586.6,7585.8,7586.6,6238.9,6238.5,6239.6,1898.1,1896.9,1896.7,3777.1,3777.2,3778.1,2666.5,2665.8,2665.7,2956.6,2956.5,2956.6,27.250000,27.610001,going to home base
2024-04-12T20:28:55Z,2427.5,2427.1,2427.3,2702.1,2703.0,2703.1,5812.1,5812.0,5811.8,2389.0,2388.8,2389.2,3593.0,3592.6,3592.8,4535.6,4535.2,4535.4,6348.6,6349.9,6352.4,8818.9,8818.6,8818.8,5337.2,5338.3,5337.1,7588.9,7587.8,7588.9,6244.3,6241.7,6241.8,1898.3,1897.0,1897.4,3777.3,3777.0,3778.2,2666.2,2665.5,2665.9,2957.1,2956.0,2955.6,27.280001,27.610001,going to home base
2024-04-12T20:29:00Z,2427.4,2426.6,2427.0,2703.5,2702.8,2703.8,5812.1,5812.0,5811.9,2388.8,2388.8,2388.7,3592.3,3592.5,3592.3,4535.1,4535.1,4535.0,6352.9,6352.9,6352.6,8819.7,8818.6,8819.2,5338.1,5338.1,5338.3,7588.9,7586.9,7586.2,6240.2,6241.3,6243.1,1897.1,1895.6,1896.0,3776.3,3776.3,3776.5,2666.7,2665.8,2666.6,2955.6,2954.8,2955.1,27.270000,27.610001,going to home base
2024-04-12T20:29:05Z,2428.4,2427.3,2427.8,2703.2,2703.0,2703.7,5812.9,5812.9,5812.7,2389.3,2389.3,2388.9,3592.2,3592.7,3592.4,4535.8,4535.1,4535.4,6352.5,6350.7,6351.7,8821.4,8819.5,8820.4,5338.8,5338.8,5339.2,7588.5,7586.8,7587.7,6243.1,6242.1,6242.2,1898.0,1896.6,1896.6,3777.4,3777.1,3777.6,2665.9,2665.2,2665.3,2955.8,2955.7,2956.9,27.299999,27.620001,going to home base
2024-04-12T20:29:10Z,2428.2,2427.3,2427.5,2703.6,2703.0,2703.7,5812.8,5812.4,5813.0,2389.0,2389.3,2389.5,3592.2,3591.8,3591.6,4535.7,4535.9,4535.5,6352.0,6351.5,6352.2,8819.6,8818.4,8818.6,5336.9,5337.4,5338.3,7587.6,7589.1,7587.0,6242.9,6241.2,6243.9,1897.7,1896.2,1896.1,3777.2,3776.8,3778.0,2666.8,2666.1,2666.4,2956.0,2955.4,2956.0,27.270000,27.650000,going to home base
2024-04-12T20:29:15Z,2427.9,2427.0,2427.4,2703.3,2703.0,2703.7,5812.7,5812.5,5811.9,2388.8,2388.6,2389.5,3592.4,3592.1,3592.2,4535.6,4535.9,4535.3,6353.6,6354.1,6354.1,8822.3,8819.5,8818.6,5336.9,5338.0,5338.3,7586.8,7584.3,7585.0,6243.9,6243.7,6241.6,1898.3,1896.8,1896.4,3776.9,3777.0,3777.6,2666.3,2665.9,2665.9,2957.6,2956.2,2955.9,27.280001,27.639999,going to home base
2024-04-12T20:29:20Z,2428.3,2427.2,2427.8,2702.8,2702.5,2703.2,5812.1,5812.1,5812.1,2389.1,2389.5,2389.8,3592.2,3592.7,3592.5,4536.0,4535.3,4535.6,6354.5,6353.7,6354.8,8819.4,8817.4,8819.0,5338.2,5336.9,5338.6,7586.6,7584.7,7585.9,6242.5,6243.5,6244.7,1898.6,1897.0,1896.7,3776.7,3776.9,3778.0,2666.5,2665.6,2665.7,2956.8,2956.0,2956.3,27.299999,27.670000,going to home base
2024-04-12T20:29:25Z,2428.1,2427.7,2427.5,2702.5,2702.2,2702.8,5811.6,5811.3,5812.1,2389.7,2389.1,2389.6,3592.2,3592.2,3591.8,4535.7,4535.6,4535.5,6354.3,6353.8,6354.8,8820.3,8819.4,8819.7,5338.3,5337.8,5338.2,7588.8,7586.3,7587.7,6243.4,6243.2,6243.7,1897.6,1896.1,1896.2,3777.5,3777.2,3778.8,2665.4,2665.2,2665.7,2954.3,2954.3,2954.5,27.270000,27.610001,going to home base
2024-04-12T20:29:30Z,2428.3,2427.6,2427.7,2702.4,2702.4,2702.7,5811.8,5812.0,5812.2,2389.1,2389.1,2389.8,3592.7,3592.0,3591.4,4535.6,4535.6,4535.2,6353.0,6350.8,6353.9,8818.2,8818.0,8819.1,5338.0,5337.6,5337.8,7587.5,7586.6,7586.6,6243.9,6243.7,6244.0,1898.7,1897.2,1896.7,3778.0,3777.9,3778.6,2666.3,2664.8,2665.2,2955.4,2955.0,2955.6,27.270000,27.620001,going to home base
2024-04-12T20:29:35Z,2428.1,2427.0,2427.3,2702.2,2701.8,2702.0,5812.0,5812.0,5811.9,2389.1,2388.7,2389.5,3592.3,3591.4,3591.2,4535.7,4535.2,4535.6,6352.4,6352.5,6353.4,8816.1,8816.8,8816.4,5338.7,5338.1,5337.8,7587.1,7587.3,7588.6,6244.9,6245.0,6245.9,1898.3,1897.1,1897.2,3777.7,3777.8,3778.6,2665.6,2664.5,2665.0,2955.9,2955.2,2955.6,27.299999,27.580000,going to home base
2024-04-12T20:29:40Z,2428.3,2427.7,2428.0,2703.0,2702.2,2702.8,5811.8,5811.3,5811.5,2389.5,2389.0,2389.6,3591.6,3591.2,3590.9,4535.8,4535.1,4535.4,6352.8,6352.4,6353.6,8820.1,8821.6,8821.6,5338.3,5337.5,5338.0,7585.9,7588.0,7586.8,6245.1,6245.7,6244.7,1897.9,1896.7,1896.6,3778.0,3777.7,3778.6,2666.6,2665.2,2665.9,2954.3,2954.1,2954.6,27.280001,27.610001,going to home base
2024-04-12T20:29:45Z,2427.0,2426.7,2427.5,2702.5,2702.3,2702.1,5810.9,5810.5,5811.2,2388.6,2388.7,2389.3,3593.1,3592.3,3592.6,4535.4,4535.3,4536.1,6352.1,6352.1,6352.5,8820.8,8818.5,8818.3,5337.9,5338.4,5338.5,7588.2,7588.4,7586.9,6241.3,6242.1,6243.5,1898.1,1896.7,1896.4,3776.7,3776.7,3777.2,2665.5,2664.7,2664.7,2955.2,2954.9,2954.4,27.280001,27.580000,going to home base
2024-04-12T20:29:50Z,2427.3,2427.2,2427.3,2701.7,2701.9,2702.8,5811.3,5810.6,5811.4,2388.8,2388.3,2388.5,3593.1,3593.3,3592.1,4535.7,4535.2,4535.5,6353.8,6353.3,6352.0,8820.3,8820.1,8818.9,5336.2,5336.8,5337.2,7585.6,7582.7,7584.1,6245.8,6244.6,6244.7,1897.6,1896.4,1896.3,3777.6,3777.3,3777.9,2667.1,2666.1,2666.3,2954.8,2954.8,2955.5,27.280001,27.570000,going to home base
2024-04-12T20:29:55Z,2428.2,2427.3,2427.6,2703.1,2703.0,2703.2,5811.0,5811.1,5811.1,2388.0,2388.7,2389.0,3590.9,3590.9,3590.6,4535.7,4535.5,4535.6,6356.0,6355.3,6356.4,8818.0,8817.3,8817.8,5337.3,5337.0,5337.8,7586.5,7586.5,7587.1,6244.6,6244.6,6245.5,1897.9,1896.3,1896.6,3776.5,3776.8,3777.7,2665.7,2664.9,2664.7,2956.2,2955.8,2956.2,27.299999,27.570000,going to home base
2024-04-12T20:30:00Z,2428.4,2427.6,2427.5,2702.8,2702.8,2702.6,5811.5,5810.8,5811.3,2388.3,2388.5,2389.5,3590.9,3591.0,3591.2,4535.1,4534.9,4534.7,6354.6,6353.1,6355.7,8821.7,8821.8,8820.9,5336.7,5335.5,5337.2,7586.7,7586.4,7586.1,6240.9,6241.3,6242.0,1897.6,1896.4,1896.4,3777.4,3776.8,3778.1,2666.0,2664.9,2664.9,2956.2,2955.7,2955.8,27.280001,27.610001,going to home base
2024-04-12T20:30:05Z,2427.9,2427.0,2427.3,2702.8,2702.7,2703.0,5811.3,5810.9,5811.2,2388.7,2388.6,2388.5,3591.5,3592.1,3591.8,4535.0,4534.7,4535.0,6355.1,6356.7,6357.0,8819.2,8820.3,8820.4,5338.4,5338.0,5337.3,7587.3,7585.5,7586.6,6243.1,6244.9,6244.0,1898.0,1896.6,1896.4,3777.0,3776.9,3778.0,2665.4,2664.7,2664.6,2955.7,2955.4,2955.5,27.280001,27.570000,going to home base
2024-04-12T20:30:10Z,2427.6,2427.2,2427.9,2702.7,2702.5,2702.6,5811.4,5810.7,5810.7,2388.8,2388.2,2388.6,3591.9,3591.9,3592.4,4534.5,4534.2,4534.7,6354.7,6353.7,6354.5,8817.9,8816.2,8815.4,5339.0,5337.2,5338.5,7585.4,7585.6,7584.7,6245.2,6244.6,6244.5,1897.7,1896.3,1896.2,3776.4,3776.4,3777.2,2665.1,2664.3,2664.6,2956.1,2954.6,2955.0,27.309999,27.650000,going to home base
2024-04-12T20:30:15Z,2428.0,2427.0,2426.7,2702.5,2702.4,2702.8,5811.5,5810.9,5810.7,2388.0,2388.4,2388.4,3591.9,3591.7,3591.6,4534.6,4535.0,4535.0,6356.9,6357.8,6359.0,8817.5,8816.2,8816.4,5337.4,5337.6,5338.8,7587.1,7585.8,7585.8,6242.7,6241.8,6244.6,1898.1,1896.7,1896.2,3775.6,3775.8,3776.5,2665.4,2664.5,2664.4,2955.4,2954.9,2955.5,27.280001,27.610001,going to home base
2024-04-12T20:30:20Z,2427.8,2427.3,2427.6,2701.9,2701.7,2702.0,5812.1,5811.6,5811.8,2388.2,2388.3,2389.0,3592.4,3591.8,3591.8,4535.2,4535.0,4535.0,6354.2,6355.7,6355.2,8818.7,8819.0,8818.9,5337.4,5336.3,5337.5,7587.9,7588.1,7586.7,6242.3,6241.9,6242.9,1898.3,1897.0,1896.9,3777.9,3777.3,3778.1,2665.1,2664.0,2663.7,2955.3,2954.7,2954.0,27.299999,27.600000,going to home base
2024-04-12T20:30:25Z,2427.4,2426.9,2427.0,2701.5,2701.7,2702.3,5811.7,5811.1,5811.1,2389.6,2389.2,2389.5,3591.5,3591.6,3591.7,4535.4,4535.4,4535.0,6356.6,6355.3,6356.5,8820.1,8817.7,8818.0,5335.6,5337.4,5337.9,7585.6,7584.4,7585.4,6244.1,6242.2,6242.7,1898.3,1896.7,1896.5,3775.9,3775.9,3776.6,2664.6,2664.1,2664.0,2955.7,2954.5,2955.8,27.299999,27.610001,going to home base
2024-04-12T20:30:30Z,2427.2,2426.7,2427.0,2701.8,2701.3,2701.7,5811.5,5810.8,5810.5,2387.8,2388.3,2388.7,3593.0,3592.6,3591.9,4534.3,4534.3,4534.6,6355.9,6355.9,6354.1,8817.9,8816.8,8817.9,5336.7,5336.5,5338.0,7586.9,7586.2,7585.0,6241.7,6241.3,6242.1,1898.3,1897.1,1897.0,3775.3,3775.8,3776.3,2665.8,2665.2,2664.9,2955.2,2953.6,2953.6,27.270000,27.570000,going to home base
2024-04-12T20:30:35Z,2427.3,2426.7,2426.7,2701.3,2701.5,2702.1,5810.3,5810.3,5810.3,2388.0,2387.7,2388.4,3591.8,3591.8,3591.3,4535.8,4535.3,4534.9,6357.0,6356.3,6358.0,8819.0,8818.7,8816.6,5338.3,5337.3,5338.1,7586.3,7587.0,7585.7,6244.2,6245.6,6243.6,1897.2,1895.7,1895.6,3776.8,3776.8,3777.7,2664.6,2664.0,2663.6,2955.7,2955.8,2955.6,27.340000,27.620001,going to home base
2024-04-12T20:30:40Z,2427.8,2426.9,2427.0,2701.1,2701.3,2700.9,5811.2,5810.5,5810.4,2388.2,2387.9,2388.6,3592.1,3591.4,3591.5,4534.8,4535.1,4535.0,6354.4,6356.5,6357.1,8818.8,8817.6,8818.4,5336.7,5336.3,5337.5,7588.4,7587.7,7588.7,6241.6,6241.3,6242.5,1897.4,1896.2,1896.5,3775.9,3776.3,3776.9,2664.8,2664.3,2663.8,2954.3,2953.8,2954.3,27.299999,27.670000,going to home base
2024-04-12T20:30:45Z,2427.3,2426.8,2427.1,2701.8,2701.2,2701.5,5810.7,5810.4,5810.6,2387.7,2387.7,2388.9,3592.1,3591.1,3591.3,4535.0,4534.9,4535.4,6355.9,6356.7,6355.7,8816.3,8817.2,8818.0,5338.2,5337.7,5337.1,7586.1,7587.3,7585.4,6243.4,6241.5,6243.2,1897.6,1896.2,1896.4,3776.2,3776.4,3776.9,2665.3,2664.7,2665.0,2954.2,2953.9,2954.4,27.299999,27.580000,going to home base
2024-04-12T20:30:50Z,2427.4,2426.9,2426.7,2701.4,2701.6,2701.7,5810.6,5810.3,5810.5,2388.1,2388.7,2389.1,3592.1,3591.8,3591.7,4535.8,4534.9,4535.1,6354.0,6352.7,6354.0,8816.6,8818.0,8817.0,5336.7,5336.0,5336.5,7586.1,7586.2,7585.4,6245.3,6245.1,6245.6,1897.9,1896.3,1896.6,3775.8,3775.8,3776.3,2665.1,2664.4,2664.8,2954.9,2953.9,2953.9,27.309999,27.639999,going to home base
2024-04-12T20:30:55Z,2426.5,2426.4,2426.5,2701.5,2701.2,2701.9,5811.3,5810.9,5810.1,2388.4,2388.1,2388.5,3591.4,3591.2,3591.1,4535.1,4535.1,4535.5,6356.1,6355.6,6354.6,8815.9,8816.3,8816.8,5336.1,5335.9,5338.1,7586.8,7584.7,7584.8,6242.5,6242.1,6244.2,1897.8,1896.1,1896.1,3775.2,3774.8,3775.5,2665.9,2665.3,2664.9,2956.2,2954.5,2953.9,27.299999,27.610001,going to home base
2024-04-12T20:31:00Z,2427.3,2426.6,2427.2,2701.7,2701.9,2701.9,5810.9,5810.8,5810.8,2387.9,2388.4,2388.9,3591.9,3591.7,3591.6,4535.2,4535.2,4535.2,6353.9,6354.7,6354.7,8815.1,8813.0,8814.3,5337.8,5336.4,5337.3,7588.4,7588.0,7587.8,6244.7,6245.6,6245.0,1897.9,1896.8,1896.8,3774.9,3775.1,3775.6,2665.5,2664.6,2664.5,2955.9,2955.1,2956.2,27.309999,27.620001,going to home base
2024-04-12T20:31:05Z,2427.3,2426.8,2427.0,2701.3,2702.3,2702.0,5810.5,5810.0,5810.1,2388.3,2388.6,2388.5,3591.5,3591.1,3591.5,4535.2,4535.1,4535.7,6351.2,6353.3,6354.0,8814.7,8813.3,8814.8,5338.8,5337.2,5337.8,7588.0,7588.8,7588.0,6243.5,6244.3,6243.5,1897.6,1896.4,1896.5,3776.7,3776.7,3777.2,2665.1,2663.7,2663.6,2956.7,2955.7,2956.2,27.299999,27.559999,going to home base
2024-04-12T20:31:10Z,2427.3,2426.9,2426.9,2702.2,2702.2,2702.1,5810.8,5810.2,5810.5,2388.3,2387.5,2388.3,3591.8,3591.1,3591.1,4534.8,4533.9,4534.6,6353.1,6352.2,6351.6,8812.5,8814.4,8811.4,5336.8,5337.5,5336.6,7588.2,7589.2,7588.7,6244.2,6244.3,6244.8,1897.9,1896.8,1896.5,3775.5,3775.1,3776.2,2665.7,2664.8,2665.0,2954.8,2954.5,2954.9,27.299999,27.580000,going to home base
2024-04-12T20:31:15Z,2427.7,2427.1,2427.1,2702.1,2701.8,2702.1,5811.5,5810.5,5811.1,2388.0,2388.2,2388.5,3591.7,3591.0,3590.6,4534.3,4534.5,4534.5,6353.6,6353.6,6354.4,8814.1,8815.3,8816.4,5336.3,5336.9,5338.6,7590.4,7590.6,7589.8,6245.7,6242.9,6244.0,1897.6,1896.2,1896.4,3774.8,3775.0,3776.3,2665.9,2664.7,2664.7,2956.8,2955.6,2956.3,27.309999,27.600000,going to home base
2024-04-12T20:31:20Z,2427.2,2426.6,2426.6,2700.9,2701.5,2701.5,5811.4,5810.4,5810.4,2388.4,2388.3,2388.6,3591.3,3591.2,3591.5,4534.9,4535.1,4535.0,6354.6,6355.6,6356.6,8813.4,8815.0,8815.5,5337.5,5336.9,5337.4,7589.9,7588.0,7587.4,6244.6,6243.6,6244.4,1897.6,1895.7,1895.6,3775.3,3775.5,3776.3,2665.4,2664.3,2664.5,2955.9,2956.1,2956.5,27.270000,27.600000,going to home base
2024-04-12T20:31:25Z,2426.8,2426.4,2426.7,2701.7,2702.3,2702.6,5810.8,5810.2,5810.5,2388.1,2387.4,2388.1,3590.7,3591.1,3590.8,4534.6,4534.3,4534.6,6353.8,6354.0,6352.8,8815.2,8814.9,8814.0,5336.3,5336.3,5338.0,7587.4,7586.4,7586.2,6243.9,6244.9,6245.8,1897.4,1895.9,1896.0,3776.3,3776.1,3776.7,2665.2,2664.6,2664.1,2956.6,2954.6,2955.7,27.299999,27.600000,going to home base
2024-04-12T20:31:30Z,2427.2,2426.5,2426.7,2701.2,2701.2,2701.9,5810.9,5810.8,5810.2,2386.9,2387.6,2388.2,3590.4,3590.7,3590.3,4534.8,4535.0,4534.9,6354.5,6355.6,6356.9,8816.7,8816.0,8816.5,5336.7,5336.3,5337.8,7589.2,7587.6,7588.5,6243.5,6244.1,6242.4,1897.7,1896.2,1896.1,3775.4,3775.4,3776.7,2664.9,2663.7,2664.0,2954.5,2954.3,2953.6,27.299999,27.610001,going to home base
2024-04-12T20:31:35Z,2427.5,2427.0,2427.3,2701.5,2701.7,2701.8,5811.2,5810.4,5810.7,2388.1,2388.1,2388.5,3590.1,3589.9,3590.0,4534.8,4534.4,4534.2,6353.0,6353.0,6354.7,8813.9,8816.1,8816.8,5335.9,5336.6,5336.7,7588.9,7588.5,7587.5,6244.3,6243.3,6245.0,1897.2,1895.7,1895.9,3775.7,3776.1,3775.9,2665.0,2664.5,2664.6,2954.2,2953.6,2953.9,27.280001,27.639999,going to home base
2024-04-12T20:31:40Z,2427.4,2427.0,2427.7,2701.6,2701.9,2702.4,5811.3,5811.0,5810.8,2388.4,2388.3,2388.9,3590.2,3589.9,3590.3,4534.2,4533.7,4534.5,6350.9,6351.9,6351.3,8814.5,8814.9,8814.4,5335.2,5335.0,5335.5,7588.6,7588.7,7588.6,6243.5,6245.2,6244.7,1897.5,1896.0,1896.0,3775.6,3775.3,3776.1,2665.1,2664.3,2665.1,2954.5,2954.5,2954.7,27.299999,27.610001,going to home base
2024-04-12T20:31:45Z,2427.3,2426.7,2426.9,2701.5,2701.4,2701.5,5810.9,5810.0,5810.5,2388.3,2388.1,2388.1,3588.9,3588.6,3589.3,4534.6,4534.5,4534.5,6353.7,6352.5,6352.6,8813.8,8814.3,8812.9,5334.8,5333.9,5336.0,7590.7,7589.9,7589.8,6245.3,6245.1,6245.2,1897.8,1896.6,1896.2,3776.4,3776.3,3776.4,2664.7,2664.3,2664.0,2954.6,2954.3,2954.5,27.280001,27.639999,going to home base
2024-04-12T20:31:50Z,2426.9,2426.2,2426.2,2702.1,2702.0,2702.4,5810.9,5810.1,5810.3,2388.7,2387.7,2388.4,3589.7,3589.6,3590.1,4534.2,4533.9,4534.2,6355.0,6354.0,6352.9,8813.1,8813.9,8814.5,5337.2,5336.4,5337.6,7590.1,7588.8,7588.8,6245.0,6245.3,6245.2,1897.4,1895.8,1895.9,3776.0,3776.1,3776.8,2664.2,2663.1,2663.6,2954.9,2955.1,2955.2,27.299999,27.629999,going to home base
2024-04-12T20:31:55Z,2427.1,2427.0,2427.1,2702.2,2701.9,2702.4,5811.7,5810.6,5810.6,2388.5,2387.7,2388.4,3591.0,3590.7,3590.9,4534.4,4534.4,4534.1,6353.4,6354.4,6355.1,8813.6,8812.6,8813.3,5335.6,5335.5,5335.0,7591.1,7589.5,7587.7,6244.6,6245.0,6245.3,1897.5,1896.1,1895.8,3775.4,3775.3,3776.3,2665.5,2665.1,2665.1,2955.5,2955.0,2955.1,27.299999,27.610001,going to home base
2024-04-12T20:32:00Z,2426.5,2426.3,2426.3,2701.7,2701.8,2702.2,5810.7,5810.2,5810.3,2387.9,2387.3,2387.9,3590.6,3591.0,3590.5,4534.6,4534.5,4534.9,6354.3,6354.9,6355.2,8815.3,8815.8,8816.2,5337.8,5336.8,5336.9,7587.1,7586.1,7586.1,6244.8,6244.9,6245.8,1897.1,1895.5,1895.4,3775.0,3775.0,3776.1,2665.2,2664.4,2664.4,2953.8,2953.4,2954.0,27.309999,27.600000,going to home base
2024-04-12T20:32:05Z,2427.1,2426.7,2426.9,2702.1,2701.7,2702.2,5810.5,5809.9,5810.0,2387.3,2387.2,2387.8,3589.8,3589.1,3589.5,4534.4,4534.2,4534.7,6356.9,6355.7,6355.9,8817.0,8816.9,8816.5,5338.1,5336.6,5338.6,7589.1,7588.2,7589.0,6245.1,6244.9,6246.0,1897.3,1895.9,1896.0,3774.2,3774.4,3774.9,2665.3,2664.5,2664.6,2955.4,2955.4,2955.4,27.309999,27.629999,going to home base
2024-04-12T20:32:15Z,2426.3,2426.0,2426.0,2701.9,2702.1,2701.8,5810.6,5809.6,5810.2,2387.7,2388.1,2388.1,3590.7,3590.5,3590.6,4534.3,4534.5,4534.1,6354.2,6353.9,6355.7,8817.1,8815.0,8814.6,5336.4,5336.2,5337.1,7589.9,7588.6,7589.4,6243.4,6244.0,6244.1,1897.3,1896.1,1start,27485.8,27485.1,2426.1,2425.7,2426.1,2701.8,2701.5,2701.8,5810.4,2388.6,2388.0,going to home base
2024-04-12T20:32:25Z,2427.1,2426.5,2426.5,2701.6,2701.9,2702.0,5809.7,5809.4,5809.6,2387.3,2387.6,2388.2,3590.1,3589.7,3590.0,4534.0,4533.9,4533.8,6354.5,6354.5,6352.9,8813.3,8815.4,8815.6,5337.6,5335.9,5336.7,7588.9,7589.2,7586.5,6243.8,6245.1,6245.6,1897.6,1895.9,1896.0,3774.7,3774.7,3775.5,2665.2,2664.9,2665.3,2954.0,2953.2,2953.1,27.309999,27.600000,going to home base
2024-04-12T20:32:30Z,2426.8,2426.0,2426.3,2702.1,2702.0,2702.2,5809.6,5809.5,5810.0,2389.2,2388.7,2388.6,3591.2,3590.6,3591.2,4534.4,4534.0,4534.5,6354.4,6353.3,6353.1,8817.4,8815.8,8817.0,5335.7,5336.0,5337.0,7589.8,7588.6,7589.0,6243.6,6243.3,6242.8,1897.3,1896.2,1896.0,3774.9,3774.4,3775.8,2664.0,2663.4,2663.4,2955.1,2955.0,2955.1,27.340000,27.570000,going to home base
2024-04-12T20:32:35Z,2426.3,2425.4,2425.8,2701.5,2701.4,2701.4,5809.9,5809.7,5809.6,2387.6,2387.5,2388.7,3590.8,3590.4,3590.2,4534.0,4533.6,4533.8,6356.0,6355.5,6355.8,8817.5,8816.4,8816.3,5337.7,5336.6,5337.2,7588.0,7587.1,7587.7,6242.6,6244.2,6244.4,1897.2,1896.0,1895.9,3774.6,3774.7,3775.3,2665.3,2664.4,2664.1,2954.8,2955.1,2955.4,27.299999,27.559999,going to home base
2024-04-12T20:32:40Z,2426.4,2426.2,2426.4,2701.2,2701.3,2701.8,5809.7,5809.5,5809.7,2387.2,2387.3,2387.7,3590.3,3590.1,3589.6,4534.2,4533.6,4534.0,6355.0,6355.8,6356.4,8814.8,8814.0,8812.5,5336.8,5336.7,5337.8,7588.0,7587.3,7588.2,6245.5,6246.0,6245.7,1897.5,1896.1,1896.1,3774.3,3774.4,3775.2,2665.3,2663.9,2664.5,2954.7,2954.2,2954.2,27.320000,27.580000,going to home base
2024-04-12T20:32:45Z,2426.9,2426.1,2426.3,2701.6,2701.4,2702.0,5810.1,5809.5,5810.0,2388.5,2388.3,2388.9,3590.8,3590.5,3589.9,4534.4,4533.9,4534.0,6354.4,6353.7,6354.3,8813.6,8812.9,8811.3,5336.3,5335.0,5337.0,7588.4,7587.2,7588.6,6245.9,6245.6,6245.4,1897.9,1896.3,1895.9,3774.4,3775.0,3775.2,2665.6,2665.0,2664.6,2953.6,2953.0,2954.1,27.309999,27.590000,going to home base
2024-04-12T20:32:50Z,2426.7,2425.9,2426.4,2701.3,2701.6,2701.9,5810.0,5809.3,5809.9,2387.9,2387.6,2388.4,3589.9,3589.2,3589.7,4533.3,4533.5,4533.8,6352.2,6352.0,6351.9,8816.3,8814.3,8812.5,5336.4,5336.1,5337.0,7589.2,7589.5,7589.6,6245.7,6246.3,6245.7,1897.6,1896.3,1896.0,3775.5,3775.8,3776.6,2664.0,2663.3,2663.2,2955.2,2953.8,2954.5,27.309999,27.610001,going to home base
2024-04-12T20:32:55Z,2426.7,2426.3,2426.3,2702.0,2701.9,2702.2,5810.0,5809.3,5809.4,2388.0,2387.5,2388.1,3591.2,3590.6,3591.5,4533.9,4534.0,4533.4,6348.6,6348.5,6351.1,8816.1,8817.3,8816.1,5336.9,5336.3,5337.1,7588.5,7586.0,7588.8,6244.9,6243.7,6244.4,1897.6,1895.7,1896.2,3775.7,3775.9,3776.5,2664.7,2663.9,2664.3,2954.6,2954.1,2954.3,27.309999,27.610001,going to home base
2024-04-12T20:33:00Z,2426.9,2426.1,2425.9,2700.8,2700.7,2701.3,5810.3,5809.7,5809.5,2387.9,2387.4,2388.1,3590.8,3590.5,3590.2,4534.2,4533.7,4534.2,6353.9,6351.5,6351.5,8815.4,8816.3,8816.1,5336.7,5336.6,5338.0,7588.9,7587.6,7587.5,6243.9,6241.8,6243.6,1897.5,1896.7,1896.2,3775.6,3775.5,3776.2,2665.0,2664.3,2664.0,2952.8,2952.5,2953.0,27.320000,27.629999,going to home base
2024-04-12T20:33:05Z,2426.8,2426.0,2425.9,2701.1,2701.4,2701.4,5809.8,5809.1,5809.1,2387.7,2387.5,2387.7,3589.8,3590.1,3590.0,4533.9,4533.7,4533.1,6352.4,6351.6,6350.1,8815.5,8815.8,8814.6,5336.5,5336.7,5337.0,7588.9,7587.2,7586.2,6245.6,6244.3,6246.8,1897.1,1895.6,1895.7,3774.8,3775.3,3775.8,2664.8,2664.2,2664.2,2954.2,2953.7,2954.2,27.309999,27.629999,going to home base
2024-04-12T20:33:10Z,2426.4,2426.0,2426.5,2701.4,2701.2,2701.9,5810.1,5809.8,5809.7,2387.7,2387.7,2388.3,3591.5,3591.3,3591.5,4533.9,4533.9,4533.8,6349.3,6350.3,6352.0,8812.5,8814.1,8814.3,5337.4,5336.6,5338.8,7586.8,7586.9,7586.7,6244.1,6243.8,6244.2,1897.5,1895.5,1895.7,3774.8,3774.9,3775.9,2665.1,2664.0,2664.0,2955.7,2955.2,2955.3,27.299999,27.570000,going to home base
2024-04-12T20:33:15Z,2426.6,2425.6,2426.3,2701.2,2701.3,2701.6,5809.9,5809.3,5810.0,2387.9,2387.8,2388.5,3590.8,3590.5,3590.6,4533.9,4533.4,4533.9,6348.6,6348.1,6348.5,8815.5,8816.5,8816.3,5337.1,5336.9,5337.8,7590.1,7588.7,7588.3,6243.8,6244.2,6244.3,1897.5,1896.3,1896.7,3774.0,3774.4,3775.5,2664.9,2663.9,2664.4,2953.8,2952.7,2954.1,27.309999,27.570000,going to home base
2024-04-12T20:33:20Z,2426.3,2425.4,2425.3,2702.3,2701.0,2701.1,5810.3,5809.7,5810.1,2387.3,2387.3,2387.8,3590.5,3589.7,3589.4,4533.5,4532.9,4533.5,6352.1,6351.3,6350.4,8815.8,8815.8,8814.9,5337.5,5336.6,5337.2,7590.5,7590.9,7589.6,6244.8,6246.0,6246.6,1897.7,1896.1,1896.4,3774.5,3774.7,3775.3,2664.3,2663.4,2663.6,2955.0,2954.6,2954.9,27.320000,27.610001,going to home base
2024-04-12T20:33:25Z,2426.4,2425.7,2426.2,2700.5,2700.1,2701.4,5809.3,5809.1,5809.4,2387.4,2387.5,2387.8,3591.0,3590.9,3590.5,4534.1,4533.5,4533.0,6347.0,6346.6,6349.4,8816.3,8815.6,8814.2,5337.8,5336.5,5338.8,7587.8,7587.8,7585.9,6240.9,6240.2,6241.7,1897.7,1896.5,1896.2,3774.8,3774.6,3775.9,2665.5,2663.9,2663.9,2954.2,2953.5,2953.2,27.309999,27.650000,going to home base
2024-04-12T20:33:30Z,2426.2,2425.8,2426.0,2701.4,2701.3,2701.6,5809.9,5809.4,5809.7,2387.8,2387.7,2388.2,3590.7,3590.7,3590.5,4534.0,4533.9,4533.8,6351.7,6352.4,6350.7,8816.0,8817.2,8817.2,5336.3,5336.2,5337.3,7590.9,7589.6,7589.3,6243.5,6244.8,6244.2,1897.9,1896.1,1895.8,3775.0,3775.1,3776.4,2664.9,2664.6,2664.5,2953.9,2953.8,2954.5,27.320000,27.650000,going to home base
2024-04-12T20:33:35Z,2426.6,2425.6,2426.1,2700.8,2700.9,2701.4,5808.8,5808.5,5809.0,2388.1,2387.8,2388.3,3591.5,3590.7,3590.4,4533.7,4533.3,4533.3,6348.0,6349.1,6347.5,8820.0,8817.6,8816.5,5336.1,5336.4,5338.2,7590.6,7590.1,7590.1,6244.7,6243.2,6246.2,1897.3,1895.9,1895.5,3774.8,3775.5,3777.1,2665.1,2664.6,2664.5,2955.5,2955.3,2954.2,27.299999,27.670000,going to home base
2024-04-12T20:33:40Z,2426.0,2425.2,2425.7,2701.3,2701.0,2701.7,5809.6,5809.1,5809.5,2388.5,2388.4,2388.7,3590.2,3590.2,3590.0,4534.0,4533.6,4533.4,6347.7,6347.8,6348.8,8817.4,8817.6,8816.3,5337.7,5336.5,5337.1,7590.6,7589.2,7589.4,6243.0,6242.6,6244.5,1897.6,1895.9,1896.3,3774.9,3775.2,3776.8,2664.8,2664.4,2664.1,2957.1,2955.9,2955.1,27.320000,27.629999,going to home base
2024-04-12T20:33:45Z,2426.7,2426.0,2425.9,2701.5,2701.4,2701.9,5810.3,5810.6,5809.9,2387.9,2387.9,2388.6,3589.6,3589.4,3590.0,4534.1,4533.5,4533.2,6348.8,6347.1,6348.1,8815.9,8816.4,8815.5,5336.7,5337.5,5337.6,7589.2,7588.1,7588.8,6243.3,6243.8,6245.0,1897.5,1895.7,1895.4,3775.3,3775.4,3776.3,2664.7,2664.4,2664.1,2954.3,2954.1,2954.4,27.309999,27.639999,going to home base
2024-04-12T20:33:50Z,2427.1,2426.3,2426.5,2701.3,2700.8,2701.8,5810.5,5810.5,5810.4,2388.6,2388.5,2388.8,3589.6,3589.1,3589.0,4533.9,4534.2,4533.7,6348.4,6348.0,6347.1,8817.1,8816.1,8818.0,5336.8,5337.0,5338.8,7591.0,7589.9,7590.9,6240.4,6242.5,6242.9,1897.8,1895.8,1895.9,3775.5,3775.4,3776.6,2664.9,2663.6,2664.2,2955.3,2955.1,2954.4,27.309999,27.639999,going to home base
2024-04-12T20:33:55Z,2426.8,2426.0,2426.3,2701.5,2701.4,2701.3,5811.1,5810.5,5810.6,2388.2,2388.4,2388.4,3590.3,3589.5,3589.6,4534.3,4534.4,4533.7,6349.9,6349.4,6348.0,8817.1,8817.8,8815.6,5336.9,5336.4,5336.7,7590.2,7588.1,7589.3,6243.5,6243.8,6242.8,1897.8,1896.0,1896.0,3775.1,3775.0,3776.3,2664.6,2663.0,2663.3,2954.5,2954.4,2954.3,27.309999,27.610001,going to home base
2024-04-12T20:34:00Z,2426.7,2426.1,2426.4,2701.6,2701.5,2702.1,5811.0,5810.2,5810.1,2388.3,2388.0,2388.2,3590.5,3590.0,3589.7,4534.2,4534.5,4534.2,6347.8,6348.2,6349.6,8817.0,8815.8,8815.9,5336.0,5335.8,5336.6,7588.0,7587.0,7587.5,6241.2,6240.2,6240.2,1897.4,1896.1,1895.9,3775.7,3775.6,3776.5,2664.6,2663.8,2664.1,2953.4,2952.9,2952.9,27.309999,27.639999,going to home base
2024-04-12T20:34:05Z,2426.5,2425.8,2426.1,2701.3,2700.9,2701.5,5809.9,5809.7,5810.2,2387.8,2387.6,2387.9,3590.1,3589.7,3589.7,4534.2,4534.3,4534.0,6350.6,6351.6,6350.4,8816.8,8816.9,8816.6,5337.4,5336.9,5337.5,7591.3,7589.0,7590.3,6242.7,6243.2,6243.9,1897.0,1896.0,1896.0,3776.8,3776.4,3777.5,2664.8,2664.4,2663.9,2954.9,2953.0,2953.9,27.309999,27.670000,going to home base
2024-04-12T20:34:10Z,2427.0,2426.2,2426.0,2701.2,2701.6,2701.9,5810.4,5810.1,5810.3,2388.6,2388.4,2388.7,3590.3,3589.9,3589.5,4534.4,4534.4,4534.1,6349.2,6349.5,6352.3,8815.8,8815.3,8816.1,5337.6,5335.5,5337.3,7590.2,7588.9,7589.2,6243.6,6244.3,6248.2,1897.5,1895.8,1895.7,3777.0,3776.8,3777.7,2665.1,2664.1,2664.8,2953.9,2952.7,2953.9,27.309999,27.650000,going to home base
2024-04-12T20:34:20Z,2426.6,2425.8,2426.1,2700.8,2700.7,2701.9,5810.9,5810.4,5810.4,2387.8,2387.7,2388.2,3590.7,3590.3,3589.5,4534.8,4534start,27498.6,27493.6,2426.7,2426.0,5810.7,5810.6,5810.5,2387.8,2387.7,2388.3,3833.8,3833.6,89687.4,89678.4,14717.2,14718.4,4534.8,4535.1,4534.8,6348.8,6349.7,6350.9,17008.3,17012.5,34507.0,34507.0,8819.5,8818.6,5338.5,5338.6,going to home base
2024-04-12T20:34:30Z,2426.9,2426.4,2426.2,2701.2,2701.4,2701.3,5810.5,5810.2,5810.3,2387.9,2388.0,2388.3,3590.5,3590.2,3590.0,4534.5,4534.4,4534.0,6350.6,6351.7,6351.6,8817.3,8815.4,8815.1,5338.6,5338.6,5339.0,7590.2,7591.2,7590.9,6243.8,6243.5,6243.5,1897.4,1895.9,1895.5,3777.0,3776.5,3776.9,2665.1,2664.2,2664.5,2955.0,2954.2,2954.3,27.320000,27.629999,going to home base
2024-04-12T20:34:35Z,2426.5,2425.7,2426.1,2701.6,2701.2,2701.4,5809.9,5810.0,5810.0,2387.2,2387.2,2387.8,3589.9,3589.0,3589.5,4534.7,4534.7,4534.3,6350.7,6349.8,6347.7,8816.2,8816.3,8816.5,5337.7,5337.1,5338.1,7591.4,7588.8,7589.8,6245.4,6245.0,6245.1,1897.1,1895.6,1895.8,3776.2,3776.6,3777.5,2663.9,2663.0,2663.4,2955.3,2955.3,2955.4,27.320000,27.650000,going to home base
2024-04-12T20:34:40Z,2426.1,2425.4,2425.9,2701.5,2700.8,2701.6,5810.4,5810.7,5810.4,2388.2,2387.7,2387.8,3590.9,3589.9,3590.0,4534.7,4534.5,4534.7,6353.0,6353.0,6350.7,8815.1,8816.2,8814.6,5336.6,5337.9,5337.8,7590.5,7590.1,7591.4,6245.2,6243.5,6243.9,1897.4,1896.0,1895.7,3775.8,3776.8,3777.7,2663.9,2663.2,2663.7,2956.0,2954.7,2954.7,27.309999,27.629999,going to home base
2024-04-12T20:34:45Z,2426.2,2425.4,2425.4,2702.1,2702.0,2701.7,5811.5,5810.8,5810.7,2387.8,2387.8,2387.8,3590.8,3590.3,3589.9,4534.4,4534.0,4534.2,6349.1,6349.0,6350.0,8816.4,8815.1,8815.5,5337.7,5337.6,5338.9,7589.9,7589.2,7589.6,6247.3,6246.3,6246.8,1898.0,1896.3,1896.4,3775.7,3775.5,3776.4,2665.4,2664.5,2664.2,2956.4,2956.5,2956.9,27.340000,27.690001,going to home base
2024-04-12T20:34:50Z,2427.5,2426.4,2426.7,2700.5,2700.8,2701.2,5811.5,5811.3,5811.6,2387.9,2387.7,2388.4,3590.2,3590.6,3590.2,4534.6,4534.1,4534.1,6353.6,6350.2,6353.1,8816.8,8817.6,8815.2,5337.7,5336.7,5338.4,7590.0,7589.9,7591.0,6245.9,6245.3,6246.3,1897.7,1896.3,1896.0,3776.8,3776.9,3777.4,2664.3,2663.7,2663.7,2955.4,2955.1,2955.2,27.309999,27.670000,going to home base
2024-04-12T20:34:55Z,2426.7,2426.1,2426.6,2701.5,2701.3,2701.3,5812.0,5811.3,5811.4,2388.2,2388.0,2388.6,3589.8,3589.5,3591.1,4534.5,4534.3,4534.4,6352.8,6351.7,6351.7,8815.8,8814.8,8815.1,5338.1,5337.0,5338.9,7589.5,7589.1,7587.7,6246.0,6244.2,6245.0,1897.6,1896.0,1895.7,3775.9,3776.5,3777.2,2664.7,2662.8,2663.7,2956.0,2955.7,2955.2,27.320000,27.639999,going to home base
2024-04-12T20:35:00Z,2426.8,2426.0,2426.4,2701.1,2700.8,2701.9,5812.3,5811.9,5811.6,2388.1,2387.5,2388.4,3589.6,3589.8,3589.6,4535.4,4534.7,4534.6,6351.8,6353.2,6353.4,8820.5,8817.8,8817.2,5337.4,5337.8,5337.5,7591.8,7589.6,7590.9,6247.0,6247.5,6246.4,1897.2,1896.0,1895.8,3776.0,3776.4,3777.4,2665.0,2663.5,2663.7,2955.7,2954.8,2954.2,27.320000,27.639999,going to home base
2024-04-12T20:35:05Z,2426.7,2425.7,2426.4,2701.1,2701.2,2701.7,5811.3,5811.3,5810.7,2388.1,2388.1,2388.4,3589.8,3590.1,3589.7,4535.4,4534.4,4534.3,6352.2,6351.7,6350.9,8818.2,8816.6,8815.7,5337.6,5337.9,5338.2,7593.3,7591.1,7591.2,6242.5,6242.1,6244.4,1897.7,1896.3,1896.4,3776.3,3776.1,3777.0,2664.0,2663.2,2663.5,2955.3,2955.5,2955.5,27.320000,27.650000,going to home base
2024-04-12T20:35:10Z,2426.4,2426.0,2426.1,2701.2,2701.4,2702.2,5811.2,5811.0,5811.4,2388.3,2388.3,2388.2,3589.3,3589.2,3588.9,4535.0,4534.9,4535.2,6351.6,6350.6,6349.8,8818.4,8816.6,8816.2,5337.3,5337.0,5338.3,7590.7,7590.7,7589.3,6245.8,6245.0,6244.6,1897.8,1896.4,1896.0,3776.3,3776.2,3777.2,2663.9,2663.9,2663.7,2955.3,2955.1,2955.5,27.299999,27.650000,going to home base
2024-04-12T20:35:15Z,2427.1,2426.0,2425.9,2702.4,2701.1,2701.6,5811.0,5810.5,5810.8,2388.0,2388.1,2388.1,3589.1,3589.5,3589.5,4534.8,4534.9,4534.6,6354.0,6352.8,6354.3,8817.2,8817.3,8816.7,5338.6,5338.8,5339.4,7591.8,7589.7,7591.8,6243.0,6243.9,6244.0,1897.7,1896.2,1896.3,3776.2,3776.1,3777.0,2664.5,2663.8,2663.1,2955.6,2955.1,2955.8,27.320000,27.670000,going to home base
2024-04-12T20:35:20Z,2426.9,2426.2,2426.2,2701.2,2701.1,2701.5,5811.9,5811.2,5810.8,2388.1,2387.9,2388.0,3589.5,3589.5,3588.7,4535.0,4534.7,4535.0,6353.8,6351.1,6352.7,8816.2,8815.6,8815.4,5338.6,5338.7,5338.4,7594.4,7594.2,7593.0,6243.2,6243.1,6244.3,1898.2,1897.3,1896.6,3777.1,3776.7,3778.0,2664.6,2663.4,2663.9,2956.2,2956.3,2956.2,27.350000,27.690001,going to home base
2024-04-12T20:35:25Z,2427.1,2426.4,2426.5,2701.0,2700.9,2701.6,5811.9,5811.2,5811.3,2386.9,2387.2,2387.5,3589.9,3590.1,3589.7,4535.4,4534.8,4534.9,6351.5,6351.1,6350.8,8814.8,8813.9,8814.1,5339.8,5340.1,5340.1,7594.1,7592.3,7591.8,6247.6,6246.7,6246.5,1898.2,1896.6,1896.5,3776.2,3776.6,3777.6,2663.6,2662.9,2663.7,2954.9,2955.0,2954.8,27.340000,27.680000,going to home base
2024-04-12T20:35:30Z,2426.6,2425.9,2426.2,2701.6,2701.7,2702.1,5812.2,5811.3,5811.5,2388.0,2387.9,2388.3,3590.5,3590.6,3590.4,4535.5,4535.2,4535.2,6350.5,6352.5,6353.0,8818.1,8816.2,8816.0,5338.7,5338.8,5339.9,7594.5,7593.3,7593.0,6246.7,6245.9,6246.2,1897.9,1896.7,1896.3,3778.2,3777.2,3778.0,2664.2,2663.4,2663.3,2953.9,2953.9,2954.7,27.320000,27.660000,going to home base
2024-04-12T20:35:35Z,2426.8,2426.1,2425.9,2702.5,2702.2,2702.2,5811.8,5811.6,5811.1,2387.6,2387.6,2387.7,3590.2,3590.3,3589.9,4535.6,4535.7,4535.6,6352.9,6353.8,6354.3,8814.6,8816.1,8815.2,5338.7,5338.3,5340.4,7593.3,7592.9,7594.1,6246.7,6246.9,6246.8,1898.0,1896.5,1896.4,3776.2,3776.3,3777.4,2664.5,2663.3,2663.6,2955.3,2955.3,2955.9,27.309999,27.670000,going to home base
2024-04-12T20:35:40Z,2427.7,2426.6,2426.7,2701.1,2699.9,2701.2,5811.5,5811.3,5811.5,2387.9,2387.7,2388.4,3589.3,3589.0,3589.0,4535.6,4535.7,4535.6,6352.1,6353.6,6352.8,8817.6,8818.6,8817.4,5340.2,5339.1,5339.1,7596.0,7593.7,7594.5,6246.0,6243.9,6246.5,1897.6,1896.2,1896.4,3777.4,3777.5,3778.2,2663.8,2662.5,2663.3,2955.0,2954.8,2955.1,27.320000,27.700001,going to home base
2024-04-12T20:35:45Z,2426.7,2426.0,2426.4,2701.5,2701.5,2702.1,5813.0,5812.0,5812.1,2388.7,2389.2,2389.3,3590.0,3590.2,3589.9,4535.5,4535.2,4535.5,6349.9,6350.4,6350.7,8817.4,8817.0,8813.8,5338.2,5337.9,5340.5,7592.1,7590.7,7591.5,6246.3,6246.0,6247.3,1898.3,1896.6,1896.7,3776.9,3776.8,3777.3,2664.2,2663.5,2663.7,2955.4,2954.3,2955.7,27.320000,27.670000,going to home base
2024-04-12T20:35:50Z,2426.8,2426.1,2426.6,2701.8,2701.3,2701.5,5812.8,5812.3,5812.1,2388.0,2388.6,2388.7,3589.5,3589.3,3589.1,4535.1,4535.3,4535.3,6353.8,6351.4,6351.5,8815.6,8816.6,8814.8,5341.1,5340.1,5341.6,7592.7,7592.0,7592.6,6246.8,6246.6,6246.9,1898.2,1896.9,1896.8,3776.3,3777.1,3778.6,2664.5,2663.5,2663.5,2954.6,2955.1,2955.7,27.340000,27.650000,going to home base
2024-04-12T20:35:55Z,2427.2,2426.5,2427.0,2701.7,2701.4,2702.4,5812.2,5812.1,5812.3,2387.9,2387.9,2388.1,3589.9,3589.3,3589.4,4535.7,4535.3,4535.1,6352.8,6351.7,6354.2,8815.3,8814.3,8815.6,5338.8,5338.9,5339.0,7593.7,7591.5,7591.0,6248.1,6247.1,6246.6,1898.8,1897.4,1897.0,3777.6,3778.3,3778.5,2663.8,2663.0,2662.7,2955.8,2953.8,2955.6,27.320000,27.680000,going to home base
2024-04-12T20:36:00Z,2427.7,2427.0,2427.1,2701.2,2701.9,2701.8,5812.6,5812.0,5812.4,2388.3,2388.1,2388.9,3590.0,3590.1,3589.6,4535.5,4535.4,4535.3,6349.7,6350.4,6349.2,8814.9,8814.5,8815.0,5338.9,5338.8,5339.8,7593.0,7592.9,7592.7,6246.7,6247.8,6247.1,1898.3,1897.6,1897.6,3778.1,3778.3,3778.6,2664.7,2663.5,2663.2,2956.7,2955.9,2956.4,27.340000,27.690001,going to home base
2024-04-12T20:36:05Z,2426.9,2426.0,2426.2,2701.8,2701.5,2701.8,5812.6,5812.5,5812.3,2387.4,2387.9,2387.9,3589.3,3589.4,3589.4,4535.8,4535.7,4535.5,6350.4,6350.5,6351.4,8816.2,8817.3,8817.7,5340.2,5338.9,5339.3,7592.4,7591.9,7590.4,6244.7,6245.5,6245.1,1898.8,1897.2,1897.4,3778.3,3778.5,3779.0,2664.6,2664.1,2663.8,2955.3,2954.7,2955.5,27.340000,27.709999,going to home base
2024-04-12T20:36:10Z,2427.7,2426.7,2427.1,2701.8,2701.1,2701.6,5813.0,5812.4,5812.1,2388.4,2388.2,2388.7,3590.4,3590.0,3590.2,4536.0,4535.1,4535.3,6348.7,6349.9,6348.9,8815.8,8818.7,8815.3,5339.5,5338.2,5338.0,7596.3,7593.4,7593.8,6244.6,6244.6,6244.1,1899.6,1897.6,1897.7,3777.3,3778.3,3779.2,2665.5,2663.9,2664.5,2957.3,2957.7,2958.4,27.340000,27.709999,going to home base
2024-04-12T20:36:15Z,2427.1,2426.5,2426.7,2702.0,2701.9,2701.9,5812.9,5812.9,5812.6,2387.8,2387.4,2388.2,3591.0,3590.7,3590.3,4535.8,4535.8,4535.6,6351.2,6351.0,6352.7,8814.1,8814.6,8814.4,5339.6,5340.2,5341.4,7593.6,7593.1,7593.4,6243.6,6245.2,6246.5,1898.1,1897.0,1896.7,3777.8,3778.6,3779.9,2665.1,2664.0,2664.3,2956.6,2955.5,2955.6,27.320000,27.690001,going to home base
2024-04-12T20:36:25Z,2426.7,2426.2,2426.7,2701.9,2701.1,2701.7,start,27504.9,27510.9,2427.1,2426.7,2426.8,2387.7,2388.6,3834.9,3834.3,89605.3,89607.0,14714.9,14710.6,14709.4,4535.8,4535.4,6349.7,6348.6,6350.5,17014.5,17013.6,34533.9,34533.7,8814.5,8812.8,8814.8,7594.3,7594.5,6246.0,6245.5,6245.5,45847.9,45834.9,3798.6,3798.9,1899.2,1897.9,1897.4,3779.3,2665.4,going to home base
2024-04-12T20:36:35Z,2426.9,2426.2,2426.3,2701.4,2701.3,2702.3,5813.5,5813.3,5813.6,2388.6,2388.6,2389.1,3590.3,3590.1,3590.0,4535.7,4535.7,4535.5,6350.3,6350.9,6350.2,8817.7,8815.4,8815.6,5339.2,5339.4,5339.2,7596.0,7594.4,7594.6,6247.7,6247.8,6246.6,1898.8,1897.1,1897.1,3778.1,3778.0,3779.0,2664.3,2663.7,2663.9,2956.2,2956.3,2955.7,27.350000,27.680000,going to home base
2024-04-12T20:36:40Z,2426.6,2425.9,2425.8,2702.0,2701.6,2702.0,5814.2,5813.8,5813.6,2387.9,2388.0,2388.3,3591.1,3590.8,3590.8,4536.0,4536.0,4535.3,6349.8,6350.2,6350.3,8817.8,8817.6,8817.4,5340.3,5339.6,5340.2,7593.8,7593.8,7593.6,6246.8,6247.4,6249.2,1898.8,1897.4,1897.1,3778.6,3778.7,3779.5,2664.9,2663.7,2664.1,2955.9,2955.1,2955.0,27.340000,27.670000,going to home base
2024-04-12T20:36:45Z,2426.9,2426.1,2426.5,2701.5,2701.5,2701.3,5813.9,5813.4,5813.4,2388.5,2388.4,2388.7,3591.5,3590.6,3590.7,4536.3,4536.0,4536.3,6350.8,6350.2,6349.7,8817.7,8816.9,8818.4,5339.7,5339.4,5338.8,7594.8,7594.7,7594.3,6246.1,6246.0,6245.9,1898.6,1897.4,1897.0,3777.7,3778.3,3779.1,2664.4,2663.1,2663.3,2956.0,2955.7,2955.7,27.340000,27.650000,going to home base
2024-04-12T20:36:50Z,2426.8,2426.3,2426.5,2700.7,2701.1,2701.5,5813.5,5812.8,5813.6,2388.1,2387.9,2388.6,3591.3,3590.8,3591.0,4536.9,4536.6,4536.5,6350.9,6351.7,6351.5,8817.0,8815.9,8816.0,5338.7,5337.8,5337.9,7596.2,7596.5,7595.4,6245.1,6243.0,6245.3,1898.5,1897.0,1897.2,3778.5,3778.9,3780.0,2664.0,2663.3,2663.4,2956.6,2955.6,2956.8,27.340000,27.650000,going to home base
2024-04-12T20:36:55Z,2427.1,2426.4,2426.5,2701.5,2700.9,2701.6,5813.5,5813.1,5813.2,2388.5,2388.9,2389.2,3591.4,3591.0,3591.2,4537.3,4536.4,4537.0,6351.1,6351.3,6350.5,8817.3,8817.7,8818.8,5340.3,5339.2,5341.0,7595.7,7595.2,7595.4,6245.2,6246.2,6246.6,1898.7,1897.5,1897.4,3778.9,3778.8,3780.2,2663.4,2663.1,2662.8,2957.3,2956.3,2957.4,27.350000,27.700001,going to home base
2024-04-12T20:37:00Z,2427.3,2426.6,2426.7,2702.0,2702.1,2701.8,5813.9,5813.3,5813.4,2388.5,2388.7,2388.9,3591.9,3591.7,3591.5,4536.6,4536.2,4536.6,6353.2,6352.0,6352.3,8817.0,8818.4,8817.3,5340.1,5340.0,5340.6,7595.6,7595.5,7594.9,6249.0,6249.4,6249.4,1898.8,1896.9,1896.8,3779.3,3779.2,3779.8,2663.9,2663.2,2662.9,2958.2,2957.6,2958.4,27.350000,27.700001,going to home base
2024-04-12T20:37:05Z,2427.1,2426.3,2426.8,2701.5,2701.3,2701.9,5814.0,5813.4,5813.6,2388.1,2388.6,2389.0,3591.7,3591.0,3591.3,4536.4,4536.4,4536.7,6349.2,6350.2,6350.5,8815.1,8816.4,8816.6,5339.0,5338.4,5338.7,7595.1,7594.0,7594.5,6246.5,6245.7,6246.5,1899.2,1898.1,1898.3,3778.9,3778.8,3778.8,2663.9,2662.9,2663.0,2956.0,2955.2,2956.2,27.320000,27.770000,going to home base
2024-04-12T20:37:10Z,2426.9,2426.4,2426.4,2702.1,2702.0,2701.9,5813.9,5813.5,5813.7,2388.0,2388.1,2388.2,3591.4,3591.1,3591.7,4536.6,4537.0,4536.9,6349.4,6350.5,6351.2,8816.7,8817.2,8816.1,5340.8,5338.9,5340.3,7595.6,7596.0,7596.3,6250.3,6249.2,6248.9,1899.2,1897.4,1897.1,3778.1,3778.1,3778.5,2663.5,2662.7,2662.7,2957.6,2957.1,2957.8,27.340000,27.719999,going to home base
2024-04-12T20:37:15Z,2427.3,2426.3,2426.5,2702.4,2702.2,2702.8,5813.9,5813.4,5813.4,2388.2,2388.3,2388.3,3591.9,3591.3,3591.2,4536.9,4536.4,4536.6,6349.2,6349.5,6349.3,8816.5,8816.4,8817.3,5341.1,5340.8,5340.5,7595.8,7595.9,7596.5,6250.4,6250.0,6250.1,1899.1,1897.8,1898.1,3779.5,3779.1,3779.8,2664.4,2662.9,2663.5,2956.5,2956.8,2957.6,27.320000,27.730000,going to home base
2024-04-12T20:37:20Z,2427.3,2426.5,2426.7,2701.5,2701.2,2701.9,5814.8,5814.0,5814.0,2388.7,2388.6,2388.6,3592.3,3591.4,3591.2,4537.3,4537.1,4537.3,6352.2,6349.7,6350.5,8817.6,8818.4,8817.6,5340.0,5339.3,5339.7,7594.5,7594.4,7592.1,6249.2,6247.8,6250.8,1899.0,1898.1,1898.0,3779.1,3778.8,3779.5,2664.3,2663.3,2663.9,2957.4,2957.0,2957.9,27.340000,27.700001,going to home base
2024-04-12T20:37:25Z,2427.1,2426.3,2426.6,2702.0,2701.4,2701.8,5814.8,5814.3,5813.8,2389.5,2389.0,2390.0,3591.8,3591.5,3591.6,4536.9,4537.1,4536.8,6352.1,6350.4,6352.3,8817.2,8815.6,8817.7,5341.1,5340.1,5341.5,7597.8,7597.1,7596.1,6246.3,6246.4,6248.2,1898.5,1897.4,1897.3,3778.8,3778.8,3780.3,2664.6,2663.4,2663.5,2957.8,2956.7,2958.1,27.350000,27.660000,going to home base
2024-04-12T20:37:30Z,2427.3,2426.7,2426.8,2702.1,2701.7,2702.4,5814.5,5814.2,5814.3,2388.9,2388.7,2389.3,3591.5,3590.8,3591.3,4536.8,4537.5,4537.1,6351.8,6352.8,6352.3,8818.8,8819.4,8820.2,5341.3,5340.5,5341.9,7598.2,7596.9,7596.7,6248.5,6244.8,6246.0,1898.2,1896.9,1897.1,3779.5,3779.8,3780.4,2663.8,2663.0,2663.2,2957.6,2957.9,2957.8,27.350000,27.690001,going to home base
2024-04-12T20:37:35Z,2427.1,2426.3,2426.6,2701.3,2702.1,2702.1,5815.3,5814.0,5814.3,2389.6,2389.7,2390.3,3591.9,3591.6,3592.0,4537.3,4537.1,4536.9,6352.4,6352.1,6353.8,8816.4,8816.9,8816.7,5339.3,5339.2,5339.5,7596.5,7594.9,7597.8,6248.3,6248.1,6248.9,1898.4,1897.5,1897.3,3778.8,3778.9,3780.4,2664.6,2663.7,2663.7,2956.4,2955.4,2955.4,27.340000,27.690001,going to home base
2024-04-12T20:37:40Z,2426.9,2426.3,2426.5,2702.2,2702.3,2702.4,5814.6,5814.0,5814.0,2389.2,2389.8,2390.2,3591.5,3591.4,3591.6,4537.1,4536.7,4537.3,6354.4,6354.9,6355.0,8819.8,8819.9,8820.2,5340.9,5340.0,5341.2,7596.2,7597.7,7595.4,6248.0,6248.5,6248.4,1899.3,1897.6,1897.4,3778.1,3778.6,3779.2,2664.0,2663.5,2664.0,2958.4,2956.7,2958.3,27.370001,27.639999,going to home base
2024-04-12T20:37:45Z,2427.2,2426.7,2426.6,2702.5,2702.2,2702.2,5814.8,5814.3,5814.8,2389.2,2389.6,2389.9,3592.8,3591.7,3591.8,4537.4,4536.9,4537.6,6351.1,6349.0,6350.3,8817.3,8818.0,8818.1,5340.9,5341.3,5343.0,7595.9,7595.5,7595.2,6248.3,6248.7,6249.3,1899.2,1897.8,1897.5,3778.2,3777.9,3778.7,2664.4,2663.8,2663.5,2958.0,2957.1,2957.1,27.340000,27.670000,going to home base
2024-04-12T20:37:50Z,2426.4,2425.9,2425.9,2702.0,2701.9,2702.5,5815.1,5814.6,5814.8,2389.7,2389.4,2390.1,3591.5,3591.1,3590.6,4537.7,4537.6,4537.8,6354.3,6353.0,6353.1,8817.5,8818.8,8820.1,5341.7,5341.1,5342.4,7599.8,7599.2,7598.2,6250.0,6248.3,6247.7,1898.7,1897.2,1897.4,3778.6,3778.7,3779.7,2663.9,2663.3,2663.4,2958.0,2957.5,2957.0,27.350000,27.670000,going to home base
2024-04-12T20:37:55Z,2427.1,2426.6,2426.7,2701.3,2701.5,2702.4,5816.2,5815.2,5814.9,2390.4,2389.7,2390.4,3591.2,3590.8,3590.9,4538.9,4538.5,4538.0,6353.9,6351.7,6351.7,8821.2,8820.0,8819.4,5340.8,5341.5,5342.2,7598.3,7597.3,7595.5,6252.6,6250.8,6251.1,1899.0,1897.7,1897.9,3778.9,3778.9,3780.0,2664.0,2663.2,2663.5,2957.6,2958.1,2958.7,27.370001,27.660000,going to home base
2024-04-12T20:38:00Z,2427.0,2426.2,2426.4,2702.1,2701.9,2702.5,5816.2,5815.8,5815.6,2390.0,2389.8,2389.6,3591.7,3591.4,3591.3,4537.6,4537.8,4538.1,6349.7,6349.4,6350.2,8818.4,8818.5,8818.8,5341.9,5340.7,5341.7,7600.8,7598.5,7598.8,6250.0,6248.5,6248.4,1899.4,1897.4,1897.3,3778.9,3778.7,3780.4,2663.6,2662.9,2662.7,2957.5,2957.8,2957.3,27.350000,27.670000,going to home base
2024-04-12T20:38:05Z,2426.8,2426.0,2426.4,2701.9,2701.6,2702.4,5814.9,5815.7,5815.6,2389.5,2389.8,2390.3,3591.6,3591.5,3591.5,4538.5,4539.0,4538.9,6352.0,6352.0,6352.5,8818.4,8818.8,8819.4,5341.7,5341.8,5342.9,7598.9,7597.0,7597.3,6250.9,6250.9,6250.0,1899.7,1897.9,1898.0,3779.7,3780.4,3780.8,2663.9,2662.8,2662.6,2957.8,2957.0,2957.6,27.350000,27.639999,going to home base
2024-04-12T20:38:10Z,2426.2,2425.4,2425.8,2702.7,2702.9,2703.6,5816.3,5816.1,5816.0,2390.0,2389.9,2390.2,3593.1,3591.9,3592.4,4538.7,4538.9,4538.8,6352.3,6350.8,6351.5,8820.7,8819.1,8818.3,5342.7,5341.1,5342.4,7601.0,7599.1,7599.4,6248.9,6250.5,6249.7,1899.6,1898.4,1897.8,3779.3,3779.0,3780.2,2665.0,2664.3,2664.1,2958.2,2958.9,2958.0,27.320000,27.629999,going to home base
2024-04-12T20:38:15Z,2426.6,2426.0,2426.2,2701.8,2702.5,2702.5,5816.2,5815.5,5815.3,2389.7,2389.4,2389.4,3591.8,3591.7,3591.2,4539.3,4538.8,4538.7,6352.1,6350.4,6351.8,8818.7,8819.4,8819.3,5343.3,5342.2,5342.4,7603.8,7601.1,7600.4,6250.2,6248.6,6249.6,1898.7,1897.0,1897.4,3779.6,3779.6,3780.5,2663.9,2663.9,2663.8,2958.8,2958.3,2958.6,27.370001,27.709999,going to home base
2024-04-12T20:38:20Z,2426.7,2425.7,2426.2,2702.7,2702.8,2702.8,5815.7,5815.5,5815.2,2390.1,2390.1,2390.9,3591.7,3591.0,3591.0,4538.8,4538.8,4538.4,6350.8,6350.4,6352.9,8820.9,8822.0,8821.7,5342.1,5341.5,5342.4,7599.1,7598.1,7597.9,6249.6,6249.5,6250.3,1899.7,1897.7,1897.7,3780.0,3779.7,3780.5,2664.6,2663.3,2663.8,2959.5,2960.3,2960.6,27.379999,27.709999,going to home base
2024-04-12T20:38:25Z,2426.2,2425.6,2426.1,2702.3,2702.8,2703.2,5815.8,5815.1,5815.4,2389.5,2389.7,2389.8,3590.7,3590.0,3590.2,4538.3,4538.2,4538.0,6352.6,6351.9,6353.2,8821.0,8818.5,8820.1,5342.0,5342.6,5343.3,7600.2,7599.0,7599.4,6250.6,6252.1,6251.9,1899.5,1898.0,1898.2,3779.9,3779.6,3780.3,2665.6,2664.2,2664.6,2958.8,2957.8,2958.5,27.320000,27.709999,going to home base
2024-04-12T20:38:30Z,2426.6,2426.1,2426.0,2703.1,2702.7,2702.8,5815.5,5815.0,5815.1,2389.0,2389.0,2389.6,3591.1,3591.4,3591.0,4539.0,4538.8,4539.1,6350.5,6350.0,6350.8,8820.5,8818.5,8818.3,5341.8,5343.1,5343.7,7601.6,7600.4,7600.9,6251.0,6251.1,6253.2,1899.5,1898.5,1897.9,3779.8,3780.3,3781.2,2664.9,2663.6,2663.4,2958.8,2958.5,2958.0,27.350000,27.730000,going to home base
2024-04-12T20:38:35Z,2426.7,2426.0,2426.3,2702.8,2702.9,2703.1,5815.9,5815.4,5816.0,2389.2,2389.3,2389.4,3591.5,3590.6,3590.7,4539.4,4539.4,4539.3,6351.4,6350.8,6352.5,8822.6,8821.1,8822.4,5341.7,5342.6,5342.6,7603.7,7604.1,7604.2,6250.2,6249.5,6249.7,1899.2,1897.6,1898.0,3780.3,3779.9,3780.7,2665.1,2664.5,2664.1,2958.7,2958.5,2958.2,27.379999,27.690001,going to home base
2024-04-12T20:38:40Z,2426.8,2426.3,2426.5,2702.3,2701.8,2703.0,5816.3,5816.1,5816.1,2389.2,2388.9,2389.8,3591.4,3591.1,3591.6,4540.5,4539.2,4539.2,6351.3,6351.2,6351.3,8822.1,8822.7,8823.1,5343.5,5343.7,5344.0,7602.5,7602.6,7601.1,6251.9,6250.4,6253.3,1899.2,1897.9,1897.9,3780.7,3780.8,3781.9,2664.5,2664.5,2664.2,2957.2,2956.6,2957.9,27.340000,27.660000,going to home base
2024-04-12T20:38:45Z,2426.7,2425.9,2426.0,2702.6,2702.8,2702.4,5816.0,5815.8,5815.7,2389.2,2388.6,2389.8,3591.9,3591.1,3591.8,4538.8,4539.2,4539.2,6352.7,6352.6,6353.3,8820.1,8821.0,8821.7,5342.6,5342.7,5342.3,7602.5,7600.9,7601.5,6251.4,6249.9,6249.1,1899.0,1897.4,1897.2,3779.8,3780.1,3781.0,2664.9,2664.0,2663.6,2960.5,2960.3,2959.5,27.370001,27.719999,going to home base
2024-04-12T20:38:50Z,2427.4,2426.7,2426.5,2701.5,2701.6,2702.5,5816.5,5816.0,5815.7,2389.2,2389.4,2389.7,3591.5,3591.5,3591.4,4539.4,4539.5,4539.1,6351.4,6350.7,6352.6,8819.0,8820.4,8819.8,5343.6,5343.4,5344.2,7602.1,7601.6,7601.5,6248.1,6249.3,6250.1,1899.4,1897.3,1897.6,3781.6,3781.0,3782.4,2665.9,2665.5,2665.6,2959.7,2959.0,2958.5,27.370001,27.740000,going to home base
2024-04-12T20:38:55Z,2427.7,2427.0,2427.2,2702.1,2701.8,2702.2,5816.2,5815.6,5815.9,2388.7,2389.2,2389.9,3591.5,3590.8,3590.9,4539.1,4539.4,4538.9,6353.6,6353.9,6353.9,8819.4,8820.0,8819.5,5342.7,5342.4,5342.8,7602.5,7601.5,7600.0,6249.6,6250.1,6248.8,1899.1,1897.9,1897.6,3780.7,3780.3,3781.8,2665.5,2664.5,2664.6,2957.9,2957.1,2958.7,27.350000,27.740000,going to home base
2024-04-12T20:39:00Z,2427.0,2425.4,2426.2,2702.4,2702.2,2702.3,5815.8,5815.4,5815.5,2388.9,2388.9,2389.7,3591.6,3591.0,3590.6,4539.7,4539.6,4539.6,6351.5,6351.0,6351.2,8819.9,8820.1,8821.0,5342.1,5340.5,5341.4,7602.9,7601.4,7601.5,6251.7,6251.2,6250.0,1899.5,1898.8,1898.6,3780.9,3781.1,3782.0,2665.8,2665.4,2665.3,2959.1,2958.6,2958.1,27.370001,27.790001,going to home base
2024-04-12T20:39:05Z,2426.5,2425.7,2426.2,2701.9,2701.7,2702.7,5816.3,5815.8,5816.5,2389.3,2389.2,2389.5,3591.5,3591.8,3592.2,4539.7,4539.4,4539.6,6351.6,6351.8,6351.2,8822.8,8823.1,8822.8,5342.6,5340.3,5341.5,7600.9,7600.9,7600.6,6251.4,6250.2,6251.5,1899.2,1898.4,1898.1,3781.0,3780.7,3781.5,2665.5,2664.7,2664.3,2957.4,2958.1,2958.9,27.370001,27.820000,going to home base
2024-04-12T20:39:10Z,2426.7,2426.2,2426.5,2702.8,2702.8,2702.8,5816.7,5816.1,5816.1,2389.5,2389.1,2390.0,3592.7,3592.1,3592.3,4539.5,4539.5,4539.6,6352.4,6351.7,6354.1,8822.1,8820.2,8821.2,5342.2,5341.6,5342.7,7602.3,7600.7,7600.1,6247.0,6246.5,6248.9,1899.1,1897.6,1897.7,3780.0,3780.5,3781.1,2666.4,2665.5,2665.6,2958.8,2958.6,2957.7,27.370001,27.790001,going to home base
2024-04-12T20:39:15Z,2426.3,2425.7,2426.1,2701.6,2702.0,2702.3,5816.8,5816.2,5816.6,2389.6,2389.8,2390.2,3591.6,3591.2,3591.4,4539.7,4539.2,4539.4,6350.7,6350.0,6350.9,8820.6,8821.1,8820.2,5342.3,5342.5,5343.3,7602.4,7600.4,7601.6,6249.3,6251.6,6252.2,1898.9,1898.2,1898.0,3780.4,3780.4,3781.9,2665.0,2664.0,2664.3,2958.3,2957.8,2958.3,27.379999,27.799999,going to home base
2024-04-12T20:39:20Z,2426.7,2426.0,2426.4,2703.3,2703.0,2702.8,5816.1,5816.1,5816.2,2390.0,2390.4,2390.5,3592.7,3591.8,3590.4,4540.0,4539.9,4539.8,6352.5,6352.3,6352.6,8821.6,8820.4,8821.0,5343.7,5344.3,5343.4,7603.9,7602.1,7600.7,6250.8,6251.1,6251.8,1899.7,1898.3,1898.0,3780.1,3781.0,3781.2,2665.1,2664.6,2664.9,2958.5,2957.6,2957.2,27.370001,27.780001,going to home base
2024-04-12T20:39:25Z,2426.3,2425.8,2425.9,2702.7,2702.6,2703.7,5816.7,5815.8,5816.0,2390.0,2389.7,2390.3,3591.6,3590.8,3590.6,4539.3,4539.1,4539.2,6352.2,6353.7,6352.6,8820.2,8822.2,8822.2,5342.8,5342.4,5342.8,7602.8,7601.5,7602.3,6248.9,6250.2,6249.1,1899.3,1897.9,1897.6,3780.3,3780.7,3781.4,2665.2,2664.4,2664.4,2958.9,2958.3,2959.0,27.379999,27.850000,going to home base
2024-04-12T20:39:30Z,2426.8,2426.2,2426.6,2702.0,2701.8,2702.4,5816.5,5816.2,5816.5,2389.4,2389.7,2390.0,3591.7,3591.2,3591.2,4539.6,4539.5,4538.8,6355.0,6353.9,6353.4,8821.0,8819.8,8821.1,5343.7,5343.0,5344.6,7600.7,7601.7,7601.4,6250.4,6250.6,6251.6,1899.9,1898.7,1898.5,3780.2,3780.3,3781.5,2665.7,2664.3,2664.4,2958.0,2958.0,2958.1,27.379999,27.820000,going to home base
2024-04-12T20:39:35Z,2426.8,2426.5,2426.4,2702.6,2702.2,2702.7,5816.7,5816.0,5816.0,2390.7,2390.5,2391.0,3591.5,3591.3,3590.9,4539.6,4539.4,4539.5,6351.9,6353.0,6356.2,8820.8,8821.5,8820.0,5342.6,5342.6,5344.1,7603.0,7602.4,7602.0,6250.7,6251.3,6251.8,1900.1,1898.7,1898.2,3781.1,3781.0,3782.2,2665.5,2664.1,2664.3,2957.9,2956.8,2957.2,27.379999,27.740000,going to home base
2024-04-12T20:39:40Z,2426.9,2425.9,2426.1,2702.3,2702.2,2702.7,5816.5,5816.2,5816.8,2389.3,2389.0,2390.0,3591.4,3590.7,3590.8,4539.8,4539.7,4539.8,6354.4,6351.5,6354.0,8824.3,8822.9,8822.8,5343.4,5343.0,5342.7,7603.0,7602.7,7601.0,6252.1,6251.4,6253.0,1900.3,1899.0,1898.8,3781.9,3781.9,3782.2,2665.4,2665.3,2664.8,2958.8,2958.6,2957.9,27.379999,27.670000,going to home base
2024-04-12T20:39:45Z,2427.0,2426.3,2426.6,2703.6,2703.4,2703.5,5816.7,5816.1,5816.5,2390.2,2390.2,2390.6,3591.3,3591.7,3591.1,4539.5,4539.7,4539.6,6356.1,6357.2,6357.6,8824.3,8823.9,8823.7,5343.8,5344.0,5345.1,7602.6,7599.0,7600.5,6251.7,6251.3,6252.7,1899.1,1898.4,1898.2,3781.4,3781.1,3782.5,2665.6,2664.9,2665.3,2958.9,2958.9,2958.6,27.370001,27.709999,going to home base
2024-04-12T20:39:50Z,2426.4,2425.7,2425.8,2702.8,2702.9,2703.0,5816.9,5816.2,5816.6,2389.5,2390.0,2389.7,3590.6,3590.4,3590.6,4540.1,4539.3,4539.8,6352.2,6352.8,6353.2,8823.3,8823.7,8823.0,5343.6,5343.7,5344.2,7602.5,7602.0,7602.1,6248.2,6249.2,6250.9,1899.7,1898.5,1898.3,3782.6,3782.5,3782.9,2664.0,2664.0,2664.3,2957.4,2957.7,2957.8,27.370001,27.700001,going to home base
2024-04-12T20:39:55Z,2427.3,2426.4,2426.5,2703.1,2702.6,2703.1,5817.4,5817.1,5817.4,2389.8,2390.0,2390.3,3590.6,3590.5,3590.8,4540.0,4539.7,4539.8,6352.0,6352.1,6353.9,8821.5,8821.0,8820.5,5343.7,5343.9,5345.1,7603.5,7602.5,7602.1,6252.1,6251.5,6252.0,1899.9,1898.4,1898.3,3781.3,3781.6,3782.5,2665.2,2664.8,2664.7,2957.6,2957.3,2957.5,27.370001,27.690001,going to home base
2024-04-12T20:40:00Z,2427.2,2426.3,2426.7,2702.7,2702.5,2702.8,5817.4,5817.9,5817.6,2390.0,2390.2,2390.9,3591.2,3590.7,3591.1,4540.7,4539.8,4540.3,6353.0,6351.3,6351.5,8821.8,8822.5,8822.6,5344.5,5342.9,5344.8,7603.3,7602.4,7602.3,6252.7,6253.1,6254.4,1899.6,1898.0,1897.8,3781.2,3781.5,3782.1,2664.6,2664.8,2664.6,2956.9,2957.2,2957.6,27.379999,27.690001,going to home base
2024-04-12T20:40:05Z,2427.2,2426.1,2426.8,2703.1,2703.6,2703.6,5818.0,5817.5,5817.6,2390.3,2389.5,2390.3,3590.6,3589.6,3590.3,4540.4,4540.3,4540.4,6352.3,6351.3,6352.3,8821.5,8821.5,8821.9,5345.0,5344.0,5344.5,7603.1,7602.6,7601.7,6251.0,6251.6,6251.7,1899.4,1898.0,1898.1,3781.6,3782.1,3782.3,2664.9,2664.3,2664.6,2956.9,2956.9,2958.1,27.389999,27.660000,going to home base
2024-04-12T20:40:10Z,2426.6,2426.0,2426.0,2703.0,2703.1,2703.1,5817.7,5817.4,5817.3,2390.3,2390.3,2390.7,3590.2,3589.8,3590.2,4541.0,4540.8,4540.3,6352.7,6350.8,6352.0,8822.0,8823.0,8822.4,5343.7,5344.3,5344.0,7603.9,7603.6,7602.9,6252.6,6252.3,6254.8,1899.6,1898.4,1898.2,3781.8,3781.2,3782.4,2665.1,2664.3,2664.0,2957.6,2957.9,2958.2,27.340000,27.670000,going to home base
2024-04-12T20:40:15Z,2426.3,2425.6,2426.1,2703.5,2703.4,2704.0,5817.8,5817.6,5817.4,2389.7,2389.3,2389.7,3590.4,3589.9,3589.6,4540.9,4541.1,4541.0,6351.8,6350.8,6351.7,8822.0,8823.2,8823.7,5345.1,5344.6,5345.7,7605.1,7604.7,7604.3,6250.5,6250.0,6251.7,1899.9,1898.9,1898.4,3780.9,3780.6,3781.8,2665.4,2664.5,2664.6,2956.7,2955.7,2957.3,27.379999,27.660000,going to home base
2024-04-12T20:40:20Z,2427.1,2426.4,2426.3,2703.5,2703.6,2703.8,5818.3,5818.0,5817.6,2390.6,2389.8,2390.3,3590.7,3590.0,3590.3,4540.7,4541.0,4541.3,6351.3,6352.1,6352.8,8824.9,8823.2,8823.7,5345.6,5346.2,5346.3,7604.6,7604.1,7603.2,6250.3,6250.0,6251.3,1899.5,1897.9,1898.0,3781.5,3781.3,3782.4,2665.2,2664.9,2664.9,2958.5,2957.4,2958.5,27.370001,27.690001,going to home base
2024-04-12T20:40:25Z,2427.4,2426.9,2426.3,2703.5,2703.1,2704.0,5818.2,5818.0,5817.8,2389.4,2389.1,2390.0,3590.8,3590.5,3590.7,4540.7,4540.5,4540.2,6352.6,6352.2,6353.3,8825.7,8823.8,8825.5,5346.3,5346.7,5346.5,7605.9,7605.6,7606.4,6255.0,6255.1,6256.0,1899.9,1898.6,1898.7,3780.3,3780.6,3781.0,2664.9,2663.9,2664.2,2958.1,2957.5,2957.8,27.389999,27.670000,going to home base
2024-04-12T20:40:30Z,2426.6,2426.1,2426.3,2704.0,2703.4,2704.3,5818.4,5817.8,5817.9,2390.5,2390.1,2390.3,3591.9,3591.2,3591.1,4541.6,4541.3,4541.4,6353.3,6354.4,6354.6,8824.7,8825.5,8823.9,5346.2,5345.4,5346.2,7605.1,7605.9,7605.9,6252.9,6251.4,6250.4,1899.6,1898.2,1898.3,3781.6,3781.8,3782.1,2665.7,2664.9,2665.1,2958.7,2958.3,2958.5,27.379999,27.700001,going to home base
2024-04-12T20:40:35Z,2426.7,2425.8,2426.3,2704.7,2704.7,2704.8,5817.6,5817.7,5817.4,2389.1,2389.0,2389.4,3590.6,3590.0,3590.4,4540.9,4540.6,4541.1,6354.1,6352.3,6353.8,8825.1,8825.4,8826.7,5346.9,5345.5,5346.0,7605.3,7604.1,7605.2,6253.3,6251.6,6252.7,1899.9,1898.2,1898.2,3781.6,3781.1,3782.7,2665.8,2664.7,2664.6,2957.1,2956.6,2958.0,27.370001,27.760000,going to home base
2024-04-12T20:40:40Z,2427.1,2426.7,2427.2,2704.0,2703.6,2704.2,5817.8,5817.2,5817.3,2389.7,2389.8,2390.0,3592.0,3591.4,3590.9,4541.0,4541.2,4540.7,6350.0,6350.7,6351.8,8824.2,8824.8,8822.2,5345.6,5345.5,5345.3,7605.8,7603.3,7604.6,6253.3,6251.9,6253.3,1899.7,1898.7,1898.8,3781.3,3781.5,3782.1,2665.4,2664.3,2664.4,2958.4,2958.0,2958.8,27.389999,27.799999,going to home base
2024-04-12T20:40:45Z,2427.2,2426.5,2426.5,2703.8,2703.8,2704.1,5818.0,5817.0,5817.3,2389.8,2389.1,2389.8,3591.6,3591.3,3591.0,4541.6,4541.4,4541.4,6351.8,6352.1,6352.8,8823.0,8822.2,8823.1,5345.2,5345.8,5346.5,7607.8,7606.2,7605.8,6251.0,6251.6,6252.5,1899.7,1898.4,1898.6,3782.2,3782.1,3782.6,2665.3,2664.9,2664.6,2957.8,2957.8,2959.7,27.379999,27.650000,going to home base
2024-04-12T20:40:50Z,2427.1,2426.3,2426.7,2703.1,2703.6,2703.6,5817.9,5817.6,5818.0,2389.4,2389.8,2390.4,3591.4,3590.4,3591.2,4541.0,4541.3,4541.5,6352.2,6353.4,6353.6,8821.7,8822.2,8822.7,5344.9,5344.1,5346.8,7607.4,7606.2,7607.4,6249.5,6250.6,6249.1,1900.1,1898.3,1898.5,3782.9,3782.2,3783.2,2666.0,2665.0,2664.7,2958.5,2957.5,2957.4,27.379999,27.660000,going to home base
2024-04-12T20:40:55Z,2426.7,2426.3,2426.7,2703.4,2703.6,2703.3,5818.3,5817.8,5818.2,2390.0,2390.0,2390.2,3592.2,3591.5,3591.4,4541.3,4540.6,4540.9,6352.8,6352.5,6353.2,8821.7,8822.5,8822.8,5345.9,5344.7,5346.1,7607.1,7604.5,7607.1,6251.6,6250.9,6252.8,1899.8,1898.5,1898.5,3782.2,3782.4,3783.1,2665.2,2665.4,2665.2,2958.1,2958.3,2957.6,27.350000,27.719999,going to home base
2024-04-12T20:41:00Z,2426.8,2426.5,2426.7,2704.1,2704.1,2704.4,5818.2,5817.6,5817.5,2389.6,2389.2,2389.7,3591.9,3591.1,3591.3,4541.8,4541.5,4542.1,6351.4,6351.0,6353.4,8824.4,8825.3,8825.9,5344.9,5344.5,5346.6,7608.6,7608.1,7607.1,6250.1,6250.1,6250.7,1900.3,1898.7,1898.7,3781.4,3781.6,3782.3,2666.1,2665.4,2664.7,2958.2,2958.0,2958.2,27.370001,27.709999,going to home base
2024-04-12T20:41:05Z,2427.0,2426.3,2426.9,2704.7,2704.9,2704.9,5818.9,5817.8,5818.4,2389.6,2389.7,2389.7,3592.1,3591.0,3591.1,4541.0,4541.0,4540.5,6353.6,6352.2,6352.3,8823.3,8825.0,8824.0,5345.8,5345.1,5346.0,7607.3,7606.5,7606.6,6252.4,6251.9,6253.4,1899.9,1898.5,1898.5,3780.8,3781.2,3782.2,2664.8,2664.5,2664.9,2958.4,2958.5,2958.5,27.379999,27.760000,going to home base
2024-04-12T20:41:10Z,2426.9,2426.3,2426.9,2703.7,2703.4,2703.7,5818.8,5818.7,5818.4,2390.5,2389.9,2390.0,3592.2,3591.5,3591.3,4541.2,4540.7,4540.8,6354.3,6353.6,6352.8,8826.3,8826.9,8826.2,5345.7,5346.0,5346.3,7607.1,7607.1,7605.9,6253.7,6251.5,6252.7,1900.5,1898.3,1898.7,3781.3,3781.3,3781.9,2665.7,2665.1,2665.1,2958.0,2958.0,2958.8,27.389999,27.719999,going to home base
2024-04-12T20:41:15Z,2427.1,2426.6,2427.1,2703.5,2703.2,2703.7,5818.3,5818.4,5818.3,2390.4,2390.5,2390.8,3591.8,3591.5,3591.4,4541.3,4540.9,4541.5,6353.7,6355.7,6356.9,8823.3,8824.0,8824.0,5344.9,5345.2,5345.7,7608.4,7607.7,7607.8,6252.2,6251.0,6251.7,1900.0,1898.7,1898.6,3781.4,3781.4,3782.3,2665.3,2664.6,2664.6,2959.2,2959.8,2959.3,27.379999,27.700001,going to home base
2024-04-12T20:41:20Z,2427.4,2426.8,2426.8,2703.5,2703.3,2703.4,5819.2,5818.6,5819.2,2390.4,2390.3,2391.1,3592.1,3591.5,3591.6,4540.7,4540.8,4541.4,6355.2,6354.9,6354.0,8824.0,8823.8,8822.3,5344.0,5343.3,5344.6,7606.5,7605.8,7606.0,6251.3,6251.4,6251.1,1899.7,1898.2,1898.5,3781.5,3781.8,3783.1,2665.5,2665.0,2664.7,2957.8,2957.4,2958.1,27.379999,27.730000,going to home base
2024-04-12T20:41:25Z,2427.0,2426.4,2426.5,2703.4,2703.9,2704.1,5818.8,5818.2,5818.6,2390.2,2389.8,2390.3,3591.7,3592.0,3591.5,4541.4,4541.2,4541.3,6355.2,6353.1,6353.9,8823.3,8821.9,8823.9,5345.6,5345.5,5346.4,7606.7,7606.2,7606.9,6250.9,6250.1,6251.2,1900.4,1898.8,1898.7,3781.8,3781.7,3783.1,2666.2,2665.2,2665.5,2958.4,2958.0,2957.8,27.379999,27.660000,going to home base
2024-04-12T20:41:30Z,2426.5,2425.9,2426.2,2703.0,2703.0,2703.5,5818.8,5818.2,5818.6,2391.0,2390.5,2391.0,3592.4,3592.5,3592.3,4541.3,4540.8,4540.8,6356.6,6356.1,6357.2,8821.9,8823.5,8822.4,5344.0,5344.6,5345.1,7607.9,7607.1,7608.1,6251.4,6251.0,6251.7,1900.7,1899.0,1899.0,3781.4,3780.9,3782.7,2665.7,2665.2,2665.0,2957.2,2957.3,2957.1,27.379999,27.740000,going to home base
2024-04-12T20:41:35Z,2427.1,2426.6,2426.8,2703.9,2704.1,2704.5,5818.9,5818.1,5817.1,2390.2,2389.7,2390.2,3592.6,3591.8,3592.0,4541.5,4541.1,4541.0,6354.6,6354.8,6356.0,8824.1,8822.1,8823.2,5345.4,5345.1,5346.3,7607.2,7606.0,7605.3,6249.4,6250.9,6249.6,1900.9,1899.1,1899.1,3781.8,3782.7,3783.6,2665.6,2665.4,2665.8,2957.2,2956.2,2956.1,27.410000,27.740000,going to home base
2024-04-12T20:41:40Z,2427.8,2427.1,2426.9,2703.9,2703.1,2704.0,5818.4,5818.3,5818.2,2389.2,2389.4,2389.9,3593.0,3591.7,3592.1,4541.4,4541.3,4541.2,6357.2,6355.3,6354.9,8821.7,8820.9,8823.3,5345.1,5343.4,5345.1,7608.2,7608.1,7607.6,6249.4,6248.8,6250.1,1901.3,1899.1,1899.3,3782.5,3783.0,3783.9,2666.4,2665.9,2666.0,2955.5,2956.7,2957.3,27.410000,27.730000,going to home base
2024-04-12T20:41:45Z,2427.7,2426.9,2427.0,2704.1,2704.0,2704.1,5818.9,5818.3,5819.1,2389.3,2389.7,2390.4,3592.2,3592.4,3592.6,4541.4,4541.1,4541.2,6356.8,6354.3,6357.4,8824.9,8825.1,8823.2,5345.0,5344.9,5345.8,7607.1,7605.9,7605.8,6251.9,6253.2,6250.9,1900.4,1899.4,1898.7,3782.4,3782.6,3783.3,2667.0,2666.1,2666.2,2957.3,2956.8,2956.9,27.370001,27.719999,going to home base
2024-04-12T20:41:50Z,2426.8,2425.9,2426.3,2703.3,2703.0,2703.5,5818.9,5818.6,5818.1,2390.2,2390.1,2390.7,3592.2,3591.8,3591.1,4541.6,4541.4,4541.3,6352.9,6353.9,6355.1,8823.5,8821.8,8821.5,5344.6,5345.0,5347.0,7607.0,7605.2,7606.3,6251.6,6250.5,6252.0,1900.5,1899.1,1899.0,3782.1,3781.4,3782.9,2666.6,2666.3,2666.1,2958.0,2957.9,2957.8,27.389999,27.680000,going to home base
2024-04-12T20:41:55Z,2427.4,2426.5,2426.8,2703.3,2703.6,2703.8,5818.8,5818.3,5818.8,2390.2,2390.2,2390.6,3591.9,3592.2,3591.3,4541.3,4540.9,4540.7,6354.3,6354.8,6355.1,8826.0,8824.9,8825.0,5344.5,5344.4,5344.7,7609.9,7608.0,7607.7,6254.9,6252.9,6254.1,1901.1,1899.3,1899.1,3782.1,3781.9,3782.8,2666.0,2665.3,2664.8,2958.7,2959.2,2956.7,27.410000,27.700001,going to home base
2024-04-12T20:42:00Z,2426.6,2425.7,2426.0,2703.8,2703.2,2704.3,5818.3,5817.8,5818.2,2390.0,2390.2,2391.0,3592.5,3592.1,3592.1,4542.2,4542.0,4541.7,6355.8,6356.4,6355.2,8825.5,8825.4,8825.5,5345.3,5345.7,5345.8,7606.7,7605.4,7604.6,6254.5,6254.0,6254.2,1900.1,1898.8,1899.2,3782.2,3782.4,3783.1,2665.9,2665.0,2665.4,2956.7,2955.7,2957.1,27.410000,27.690001,going to home base
2024-04-12T20:42:05Z,2428.8,2427.6,2427.9,2703.8,2703.9,2704.3,5818.7,5818.2,5818.1,2390.5,2390.8,2390.8,3591.2,3591.3,3591.7,4541.8,4541.2,4541.6,6354.1,6355.0,6356.3,8826.4,8825.4,8824.5,5343.9,5345.4,5345.5,7607.6,7606.7,7609.4,6254.2,6253.6,6254.0,1900.4,1899.0,1899.2,3781.5,3781.4,3782.5,2665.8,2664.1,2664.8,2957.9,2957.6,2957.4,27.389999,27.709999,going to home base
2024-04-12T20:42:10Z,2427.3,2426.6,2426.6,2703.9,2703.5,2703.8,5819.3,5819.2,5819.1,2390.3,2390.3,2390.6,3591.1,3590.9,3590.3,4541.4,4540.7,4541.0,6351.5,6350.9,6352.8,8824.6,8825.7,8826.0,5343.5,5344.7,5345.1,7611.5,7610.7,7608.5,6256.5,6255.6,6256.3,1900.8,1898.9,1898.9,3782.1,3781.9,3783.0,2665.7,2665.3,2665.6,2956.4,2956.6,2956.9,27.410000,27.740000,going to home base
2024-04-12T20:42:15Z,2427.7,2426.7,2426.4,2703.9,2703.5,2703.9,5818.9,5818.8,5818.5,2390.4,2390.0,2390.8,3592.0,3591.5,3591.1,4541.7,4541.2,4541.6,6353.5,6353.7,6353.6,8824.9,8824.6,8825.8,5345.7,5345.2,5346.2,7610.5,7609.0,7610.5,6255.0,6254.6,6253.9,1900.8,1899.1,1899.2,3783.6,3783.0,3783.3,2666.0,2665.1,2665.3,2956.4,2957.2,2956.9,27.410000,27.730000,going to home base
2024-04-12T20:42:20Z,2426.4,2426.1,2426.4,2704.1,2704.2,2704.2,5819.4,5818.5,5818.2,2390.3,2390.4,2390.8,3591.7,3591.8,3591.3,4541.3,4541.0,4541.3,6354.8,6355.6,6355.8,8824.9,8824.5,8824.0,5343.5,5343.2,5344.5,7610.6,7609.8,7610.6,6252.3,6251.1,6250.6,1900.3,1899.3,1898.6,3782.8,3782.5,3783.0,2665.8,2665.4,2665.6,2955.9,2954.6,2956.2,27.379999,27.740000,going to home base
2024-04-12T20:42:25Z,2426.6,2426.2,2426.1,2703.6,2703.0,2703.5,5819.1,5818.7,5819.0,2390.3,2389.9,2390.5,3591.7,3591.5,3591.6,4541.2,4541.0,4541.6,6355.0,6353.9,6354.4,8823.8,8825.3,8824.7,5345.2,5345.6,5345.6,7610.6,7609.8,7610.6,6254.9,6254.5,6254.5,1901.3,1900.2,1899.7,3782.1,3781.8,3782.0,2666.7,2665.7,2665.5,2957.0,2955.4,2956.2,27.389999,27.719999,going to home base
2024-04-12T20:42:30Z,2427.5,2426.6,2426.8,2704.3,2704.0,2704.2,5819.3,5819.3,5819.6,2390.1,2390.2,2390.9,3592.6,3592.5,3592.3,4541.6,4541.9,4541.6,6354.4,6355.7,6355.2,8824.4,8822.9,8823.0,5344.4,5343.7,5344.2,7610.5,7611.1,7610.6,6253.1,6252.0,6254.1,1900.7,1899.8,1899.8,3783.4,3783.0,3783.3,2666.1,2665.3,2665.5,2958.3,2958.5,2958.5,27.410000,27.690001,going to home base
2024-04-12T20:42:35Z,2427.1,2426.2,2426.8,2703.2,2703.2,2703.6,5819.3,5818.3,5819.0,2390.5,2390.9,2391.3,3592.2,3591.2,3591.2,4541.3,4541.3,4541.3,6355.4,6353.6,6355.8,8826.3,8825.1,8826.1,5345.8,5346.5,5345.6,7609.0,7608.6,7608.9,6251.3,6251.5,6252.5,1900.8,1899.3,1899.2,3782.9,3783.0,3783.9,2665.6,2664.2,2665.2,2959.5,2959.3,2959.8,27.379999,27.690001,going to home base
2024-04-12T20:42:40Z,2426.9,2426.0,2426.2,2704.0,2703.6,2704.0,5820.5,5819.5,5819.7,2390.9,2390.7,2390.9,3592.4,3591.9,3592.4,4541.5,4541.4,4541.5,6354.9,6354.6,6356.0,8824.5,8824.5,8825.2,5347.4,5347.6,5347.9,7610.9,7611.5,7610.8,6253.3,6252.9,6252.4,1900.6,1898.8,1899.1,3782.8,3782.3,3782.6,2665.8,2664.6,2665.0,2958.3,2958.0,2958.4,27.389999,27.700001,going to home base
2024-04-12T20:42:45Z,2426.7,2425.9,2426.5,2703.7,2703.5,2703.8,5819.9,5818.6,5819.6,2390.9,2390.8,2391.2,3591.6,3591.1,3591.3,4542.1,4541.4,4542.3,6356.1,6355.3,6357.1,8826.2,8825.9,8825.0,5346.2,5344.9,5345.4,7611.9,7610.4,7609.0,6252.8,6252.1,6254.6,1900.2,1898.8,1898.6,3782.9,3783.5,3784.0,2665.7,2664.7,2665.3,2957.7,2958.1,2958.2,27.389999,27.690001,going to home base
2024-04-12T20:42:50Z,2426.4,2425.9,2426.0,2703.7,2703.2,2704.3,5819.9,5819.6,5819.4,2390.6,2391.0,2390.8,3591.9,3591.3,3591.9,4541.8,4541.6,4541.7,6353.5,6355.3,6355.2,8825.1,8825.4,8825.3,5345.5,5345.9,5347.3,7610.6,7611.1,7610.6,6252.8,6252.0,6254.0,1900.4,1898.7,1898.5,3783.9,3783.3,3784.8,2666.4,2665.1,2664.8,2958.5,2957.2,2957.8,27.410000,27.629999,going to home base
2024-04-12T20:42:55Z,2426.6,2425.6,2426.0,2703.8,2703.4,2704.4,5820.7,5820.0,5819.9,2389.9,2389.9,2391.0,3591.0,3590.8,3590.9,4542.2,4542.3,4541.9,6352.1,6353.5,6353.1,8825.7,8826.2,8826.1,5344.6,5344.7,5346.1,7611.6,7609.3,7610.0,6252.6,6253.9,6255.8,1900.0,1899.0,1898.9,3782.5,3783.0,3784.2,2666.2,2665.4,2665.4,2958.8,2958.2,2958.4,27.410000,27.700001,going to home base
2024-04-12T20:43:00Z,2426.8,2426.1,2426.1,2704.0,2704.0,2703.7,5820.3,5820.2,5820.1,2390.8,2390.5,2391.2,3592.6,3592.0,3591.9,4541.7,4541.3,4541.4,6353.3,6352.5,6351.2,8826.9,8827.2,8826.1,5345.9,5345.1,5345.8,7610.2,7610.4,7610.0,6254.3,6254.8,6255.1,1900.2,1898.7,1898.5,3783.2,3782.8,3783.4,2666.1,2665.2,2665.0,2957.8,2957.7,2957.4,27.410000,27.700001,going to home base
2024-04-12T20:43:05Z,2426.1,2425.3,2425.6,2703.9,2703.9,2703.7,5820.4,5819.4,5820.0,2389.9,2390.5,2390.7,3592.0,3591.4,3591.9,4542.4,4542.5,4542.1,6354.3,6354.7,6353.2,8827.5,8826.4,8827.7,5345.8,5346.0,5345.3,7610.8,7607.6,7609.6,6255.6,6255.6,6256.2,1900.9,1899.5,1899.6,3783.7,3783.8,3784.1,2666.2,2665.4,2665.3,2957.6,2956.8,2957.0,27.410000,27.719999,going to home base
2024-04-12T20:43:10Z,2425.8,2425.0,2425.1,2703.7,2704.5,2704.1,5819.8,5819.0,5819.2,2390.0,2390.5,2390.3,3591.8,3591.4,3591.7,4542.1,4542.3,4542.3,6355.5,6354.1,6354.5,8828.3,8826.9,8828.4,5346.7,5345.8,5346.9,7610.7,7609.6,7609.9,6255.9,6255.0,6256.8,1900.4,1898.9,1899.1,3783.2,3782.5,3783.6,2666.1,2665.4,2665.7,2958.6,2958.3,2959.2,27.389999,27.690001,going to home base
2024-04-12T20:43:15Z,2425.8,2425.5,2425.5,2703.6,2703.8,2703.5,5818.8,5818.4,5819.1,2390.4,2389.9,2390.1,3592.1,3592.0,3591.9,4542.2,4541.7,4541.6,6354.3,6354.4,6355.1,8829.2,8828.3,8827.9,5346.2,5345.6,5346.9,7607.4,7609.3,7607.7,6255.4,6256.4,6256.4,1900.2,1898.8,1898.9,3782.3,3782.6,3782.7,2666.0,2665.1,2664.8,2957.6,2957.6,2958.2,27.389999,27.680000,going to home base
2024-04-12T20:43:20Z,2425.9,2425.3,2425.7,2703.2,2703.3,2703.6,5819.6,5819.1,5819.4,2390.8,2391.4,2391.8,3593.0,3592.6,3592.0,4542.4,4541.8,4542.3,6353.0,6353.6,6353.2,8825.0,8825.5,8827.0,5347.0,5347.1,5347.6,7611.2,7609.5,7609.3,6254.4,6253.6,6255.0,1900.7,1898.9,1899.0,3783.0,3783.5,3784.0,2665.5,2665.1,2665.3,2959.5,2958.7,2959.1,27.410000,27.680000,going to home base
2024-04-12T20:43:25Z,2425.8,2425.1,2425.3,2704.5,2703.8,2704.4,5818.7,5818.5,5818.7,2391.6,2391.3,2391.6,3593.4,3592.3,3592.0,4541.7,4541.6,4542.4,6354.1,6354.4,6354.8,8826.9,8826.8,8826.8,5345.4,5345.6,5346.2,7611.8,7610.7,7609.2,6254.3,6254.7,6255.6,1900.4,1899.1,1899.3,3782.8,3783.4,3784.4,2666.4,2664.6,2665.7,2959.2,2959.0,2959.5,27.420000,27.690001,going to home base
2024-04-12T20:43:30Z,2425.7,2425.4,2425.4,2704.0,2703.9,2704.2,5818.7,5818.4,5818.6,2390.4,2390.5,2390.2,3593.3,3593.0,3591.7,4542.4,4542.7,4541.8,6355.6,6356.0,6355.6,8825.4,8824.8,8826.5,5346.4,5346.6,5346.1,7610.4,7609.1,7608.4,6255.9,6255.4,6255.5,1900.7,1899.1,1898.9,3783.1,3783.3,3783.8,2666.2,2665.1,2665.5,2958.8,2957.6,2957.9,27.410000,27.830000,going to home base
2024-04-12T20:43:35Z,2425.9,2425.4,2425.4,2703.6,2703.9,2703.7,5819.2,5818.2,5818.6,2391.2,2390.6,2390.6,3592.2,3591.5,3591.1,4542.2,4542.3,4542.8,6353.6,6353.1,6354.0,8824.7,8826.6,8825.9,5346.9,5346.6,5346.3,7610.0,7609.6,7608.6,6252.5,6253.1,6252.3,1900.5,1899.0,1898.9,3782.8,3783.6,3784.2,2666.2,2665.3,2665.7,2957.9,2957.0,2956.8,27.389999,27.719999,going to home base
2024-04-12T20:43:40Z,2426.5,2425.6,2425.8,2703.4,2703.6,2704.0,5819.2,5818.8,5819.0,2390.5,2390.8,2391.7,3592.0,3592.1,3591.3,4542.1,4542.3,4541.8,6356.3,6354.1,6353.7,8826.0,8826.7,8825.9,5344.5,5345.1,5346.0,7608.0,7608.7,7608.3,6255.7,6254.3,6253.9,1900.3,1898.7,1898.9,3783.4,3783.1,3784.2,2665.7,2664.9,2664.7,2959.1,2958.6,2958.4,27.420000,27.700001,going to home base
2024-04-12T20:43:45Z,2425.8,2425.5,2425.5,2704.1,2703.4,2704.2,5818.5,5818.1,5818.1,2390.3,2390.2,2390.7,3591.8,3591.5,3591.6,4541.8,4541.8,4541.6,6352.7,6352.9,6350.8,8824.0,8825.0,8825.8,5347.0,5346.5,5345.4,7611.5,7611.9,7610.6,6254.9,6253.4,6254.3,1901.0,1899.5,1898.9,3782.7,3782.7,3783.5,2665.7,2664.9,2664.8,2957.4,2956.5,2956.7,27.420000,27.760000,going to home base
2024-04-12T20:43:50Z,2425.6,2424.8,2425.0,2703.8,2704.0,2704.0,5818.5,5818.1,5818.5,2390.6,2390.6,2391.5,3592.1,3590.8,3590.5,4541.9,4541.6,4541.7,6353.3,6353.8,6354.4,8824.5,8824.8,8826.2,5347.2,5345.8,5347.2,7611.6,7610.2,7609.7,6252.7,6252.7,6253.6,1900.7,1899.1,1899.8,3782.4,3783.0,3783.2,2665.7,2664.6,2665.1,2958.5,2957.9,2958.9,27.410000,27.719999,going to home base
2024-04-12T20:43:55Z,2426.1,2425.4,2425.3,2704.0,2704.2,2704.3,5818.2,5817.6,5817.8,2390.1,2390.0,2390.6,3591.1,3591.3,3590.6,4542.1,4541.9,4542.1,6351.9,6352.2,6352.6,8824.7,8824.7,8825.4,5344.5,5345.5,5346.1,7612.5,7611.2,7610.9,6253.0,6254.1,6254.6,1900.6,1899.0,1899.0,3782.9,3782.6,3783.3,2665.5,2664.9,2665.4,2960.0,2959.2,2957.9,27.410000,27.730000,going to home base
2024-04-12T20:44:00Z,2425.7,2425.2,2425.0,2704.0,2703.7,2703.9,5817.9,5818.0,5818.4,2390.6,2390.2,2390.7,3591.0,3590.8,3590.7,4542.2,4541.9,4542.4,6353.1,6353.1,6353.1,8826.4,8825.7,8825.7,5344.4,5344.0,5345.1,7611.9,7612.4,7610.7,6253.8,6254.2,6255.2,1900.6,1899.5,1898.6,3782.4,3782.4,3783.2,2665.9,2665.9,2665.2,2960.1,2959.0,2959.2,27.420000,27.719999,going to home base
2024-04-12T20:44:05Z,2426.0,2425.2,2425.4,2704.4,2703.9,2704.3,5818.3,5818.2,5818.0,2390.3,2390.1,2390.5,3591.5,3590.9,3591.3,4542.0,4542.1,4541.9,6355.0,6355.3,6356.3,8825.7,8823.7,8824.4,5345.7,5346.9,5348.3,7609.7,7609.6,7610.4,6254.4,6255.0,6256.0,1900.3,1898.3,1898.6,3783.2,3783.1,3783.9,2666.1,2664.6,2664.4,2956.9,2956.5,2956.5,27.389999,27.700001,going to home base
2024-04-12T20:44:15Z,2426.3,2425.4,2425.9,2704.0,2703.8,2704.1,5818.9,5818.5,5818.9,2389.7,2389.4,2390.4,3590.9,3590.8,3590.7,4541.8,4541.8,4542.0,6355.4,6354.2,6354.6,8826.5,8825.7,8825.7,5347.2,5346.4,5347.5,7611.0,7609.2,7610.2,6254.5,6254.8,6254.1,1899.8,1898.7,1898.4,3782.5,3782.5,3783.3,2665.2,2664.3,2664.8,2959.6,2958.3,29start,2426.2,2425.4,going to home base
2024-04-12T20:44:25Z,2426.6,2425.7,2425.9,2703.6,2704.8,2705.0,5819.1,5818.4,5818.6,2390.1,2390.0,2389.8,3590.4,3590.1,3590.5,4541.7,4541.2,4541.6,6354.2,6355.0,6354.7,8826.3,8827.4,8825.7,5347.7,5346.7,5347.3,7611.9,7611.9,7612.6,6253.7,6253.7,6255.9,1900.7,1899.5,1898.8,3782.7,3782.8,3783.8,2666.1,2664.8,2665.5,2958.8,2958.4,2958.0,27.410000,27.730000,going to home base
2024-04-12T20:44:30Z,2426.2,2425.4,2425.9,2704.2,2704.0,2704.4,5819.2,5819.4,5819.0,2389.6,2389.4,2390.1,3591.5,3590.7,3591.6,4542.1,4542.0,4541.8,6352.9,6355.6,6354.7,8826.0,8823.2,8823.9,5348.2,5347.6,5347.4,7610.4,7609.7,7610.2,6255.4,6254.5,6255.8,1900.0,1899.2,1899.1,3782.5,3782.2,3782.9,2665.7,2664.7,2664.9,2958.6,2958.7,2958.2,27.420000,27.719999,going to home base
2024-04-12T20:44:35Z,2426.7,2425.8,2426.1,2704.0,2703.8,2704.1,5820.3,5819.8,5820.6,2389.3,2389.9,2390.0,3591.9,3592.0,3591.0,4542.7,4542.7,4542.6,6353.8,6354.1,6352.3,8826.9,8826.8,8825.2,5346.7,5346.6,5347.5,7612.6,7612.5,7612.9,6253.5,6253.9,6254.3,1900.5,1899.0,1898.5,3782.3,3782.3,3783.3,2665.3,2664.9,2665.1,2958.8,2958.1,2958.6,27.420000,27.760000,going to home base
2024-04-12T20:44:40Z,2426.8,2426.2,2426.2,2704.2,2704.1,2704.0,5820.9,5819.7,5819.8,2390.8,2389.6,2390.3,3592.3,3591.9,3591.9,4543.0,4542.3,4542.5,6355.3,6355.2,6357.1,8827.8,8825.9,8825.4,5346.3,5346.3,5347.7,7612.2,7610.0,7611.3,6257.9,6257.8,6256.5,1900.6,1899.6,1899.5,3782.8,3782.7,3783.2,2666.0,2664.9,2665.5,2959.5,2959.2,2959.6,27.420000,27.750000,going to home base
2024-04-12T20:44:45Z,2426.5,2425.5,2425.9,2704.1,2703.3,2704.2,5819.6,5819.4,5820.1,2390.3,2390.2,2390.8,3591.9,3591.2,3590.6,4542.4,4542.8,4542.5,6355.5,6355.5,6354.8,8827.7,8826.6,8825.8,5346.2,5346.7,5346.9,7610.6,7611.0,7610.7,6255.2,6254.9,6254.5,1901.8,1899.5,1899.9,3782.7,3783.7,3784.1,2665.3,2664.7,2664.6,2960.2,2959.5,2959.2,27.389999,27.700001,going to home base
2024-04-12T20:44:50Z,2426.4,2425.6,2425.8,2704.6,2704.4,2705.2,5820.0,5819.2,5820.0,2390.3,2390.7,2391.0,3592.0,3590.9,3590.9,4543.2,4542.5,4543.0,6355.9,6355.8,6355.8,8828.2,8827.4,8827.9,5348.7,5348.4,5349.3,7613.3,7611.0,7609.7,6254.5,6253.8,6254.8,1901.0,1899.4,1899.2,3783.0,3783.4,3784.6,2666.0,2665.1,2665.3,2958.8,2958.6,2958.6,27.410000,27.719999,going to home base
2024-04-12T20:44:55Z,2425.7,2425.0,2425.3,2704.5,2704.3,2704.4,5820.4,5819.8,5819.5,2391.0,2390.7,2391.1,3590.6,3590.7,3590.9,4543.0,4542.6,4542.7,6356.0,6354.8,6357.7,8826.4,8825.9,8827.0,5348.0,5347.6,5348.4,7613.8,7613.8,7614.0,6257.6,6257.5,6257.9,1900.5,1899.1,1899.1,3784.0,3783.7,3784.8,2666.2,2664.9,2665.1,2959.5,2958.6,2959.1,27.389999,27.680000,going to home base
2024-04-12T20:45:00Z,2426.5,2425.6,2425.7,2704.9,2704.5,2705.1,5820.7,5820.0,5821.1,2391.3,2391.2,2391.7,3591.3,3591.6,3591.0,4543.2,4542.8,4542.9,6356.0,6355.3,6357.5,8829.2,8828.8,8829.0,5348.0,5347.7,5348.8,7613.6,7614.2,7613.2,6256.5,6256.2,6256.8,1900.3,1898.4,1898.3,3783.8,3784.4,3784.7,2665.7,2664.8,2665.4,2957.0,2956.7,2957.3,27.410000,27.700001,going to home base
2024-04-12T20:45:05Z,2426.7,2426.0,2426.5,2704.7,2704.7,2705.4,5820.3,5820.0,5819.5,2391.0,2391.0,2391.5,3591.0,3590.9,3590.5,4543.8,4543.7,4543.4,6357.1,6354.9,6355.9,8825.2,8826.2,8826.5,5348.3,5348.0,5349.0,7613.7,7612.3,7614.0,6252.4,6253.7,6254.3,1900.9,1899.3,1899.2,3783.9,3784.1,3784.8,2665.7,2664.7,2664.4,2958.2,2957.8,2957.6,27.389999,27.690001,going to home base
2024-04-12T20:45:10Z,2426.6,2426.3,2426.1,2704.5,2704.4,2704.7,5820.4,5820.2,5820.4,2390.9,2390.7,2390.5,3591.8,3591.4,3591.2,4544.1,4544.5,4543.8,6356.3,6354.6,6356.3,8828.6,8828.9,8829.0,5345.7,5346.8,5346.1,7613.0,7613.9,7612.7,6253.9,6252.6,6252.8,1900.3,1899.0,1899.0,3783.9,3784.6,3785.0,2666.5,2665.7,2666.3,2956.6,2956.7,2956.7,27.410000,27.629999,going to home base
2024-04-12T20:45:15Z,2426.4,2425.7,2425.5,2703.9,2703.7,2704.3,5820.1,5819.9,5819.8,2390.8,2390.5,2391.5,3590.7,3591.1,3591.4,4543.7,4543.6,4543.5,6355.9,6356.7,6356.7,8826.4,8828.2,8828.4,5347.6,5345.8,5348.6,7613.1,7613.2,7614.3,6257.7,6256.1,6258.2,1900.5,1898.9,1898.6,3784.1,3783.8,3784.9,2664.9,2664.2,2664.5,2955.7,2956.9,2956.8,27.410000,27.690001,going to home base
2024-04-12T20:45:20Z,2426.4,2425.4,2425.7,2704.3,2704.0,2704.3,5820.8,5820.5,5820.4,2390.4,2390.7,2391.1,3590.4,3590.4,3591.0,4543.8,4543.7,4544.0,6355.0,6354.5,6355.0,8827.2,8827.1,8827.1,5347.1,5345.3,5347.2,7615.1,7613.6,7613.9,6256.1,6254.7,6255.4,1899.8,1898.5,1898.6,3784.5,3783.8,3784.9,2665.3,2665.0,2665.2,2958.4,2957.9,2958.7,27.420000,27.660000,going to home base
2024-04-12T20:45:25Z,2426.4,2425.8,2425.9,2704.5,2704.6,2704.3,5820.6,5820.1,5820.2,2391.2,2392.0,2391.7,3591.7,3591.2,3590.6,4544.4,4544.1,4543.8,6356.9,6357.0,6355.2,8826.9,8827.8,8829.3,5346.8,5347.9,5348.1,7613.3,7613.8,7615.6,6258.5,6258.9,6259.4,1899.9,1898.8,1898.4,3783.3,3783.5,3784.6,2665.8,2664.8,2665.2,2957.7,2957.9,2958.5,27.420000,27.660000,going to home base
2024-04-12T20:45:30Z,2426.0,2425.7,2426.0,2704.5,2704.0,2704.5,5819.8,5819.3,5819.4,2391.3,2391.0,2391.7,3591.6,3592.0,3591.6,4544.0,4543.7,4543.5,6355.1,6354.7,6354.8,8828.0,8826.2,8827.4,5347.3,5348.2,5348.0,7613.2,7614.5,7611.7,6256.7,6255.8,6257.1,1900.4,1899.2,1899.0,3783.6,3783.6,3784.6,2665.8,2664.4,2664.7,2958.8,2958.5,2959.3,27.410000,27.620001,going to home base
2024-04-12T20:45:35Z,2426.2,2425.5,2425.4,2704.0,2704.1,2704.5,5819.8,5819.7,5819.4,2390.7,2390.6,2391.1,3590.6,3591.3,3590.9,4543.8,4543.6,4543.7,6356.3,6355.4,6355.6,8829.2,8829.8,8829.4,5347.1,5347.3,5347.1,7614.4,7613.6,7613.7,6255.6,6257.4,6257.2,1900.3,1899.0,1898.7,3783.5,3783.9,3784.8,2665.8,2665.0,2665.5,2958.0,2957.8,2957.5,27.379999,27.600000,going to home base
2024-04-12T20:45:40Z,2426.0,2425.8,2426.1,2704.3,2704.5,2704.2,5820.2,5820.0,5820.4,2390.8,2390.7,2391.3,3590.8,3590.4,3590.4,4544.1,4544.3,4543.7,6354.4,6354.1,6354.9,8827.3,8828.1,8828.8,5348.2,5348.6,5347.0,7612.9,7612.2,7613.0,6258.1,6254.8,6257.4,1900.1,1898.9,1898.8,3784.1,3784.4,3785.5,2666.7,2665.8,2665.7,2958.9,2958.6,2958.7,27.420000,27.620001,going to home base
2024-04-12T20:45:45Z,2425.6,2425.2,2425.2,2703.6,2703.9,2703.9,5820.2,5819.5,5819.4,2390.5,2390.5,2390.8,3592.2,3591.4,3591.4,4544.0,4544.0,4543.8,6354.3,6354.8,6354.8,8826.0,8825.4,8827.9,5348.0,5348.0,5349.2,7613.9,7614.1,7614.5,6254.5,6255.5,6256.3,1900.4,1898.6,1899.0,3783.0,3782.8,3783.9,2665.6,2664.9,2665.1,2958.9,2958.2,2959.1,27.410000,27.629999,going to home base
2024-04-12T20:45:50Z,2425.7,2425.1,2425.6,2704.1,2703.4,2704.2,5819.7,5819.5,5819.6,2390.5,2390.2,2391.2,3590.7,3590.2,3591.4,4544.0,4544.0,4543.8,6355.1,6354.7,6355.1,8828.1,8827.5,8826.6,5346.5,5347.4,5347.2,7614.9,7613.6,7614.7,6257.2,6255.0,6256.5,1900.3,1898.9,1898.8,3783.8,3783.4,3784.3,2665.6,2665.1,2664.6,2958.8,2959.2,2958.6,27.410000,27.650000,going to home base
2024-04-12T20:45:55Z,2426.0,2425.3,2425.9,2704.7,2704.6,2704.7,5819.8,5819.1,5819.4,2390.8,2390.2,2391.2,3591.3,3591.2,3590.9,4544.4,4544.1,4544.3,6355.0,6354.7,6354.4,8827.8,8826.0,8827.2,5349.9,5349.7,5349.7,7615.4,7613.9,7613.4,6259.4,6258.3,6260.1,1900.9,1899.8,1899.0,3784.0,3783.8,3784.7,2665.3,2664.9,2664.5,2959.4,2958.6,2959.3,27.420000,27.610001,going to home base
2024-04-12T20:46:00Z,2426.0,2425.4,2425.2,2704.3,2704.3,2704.5,5819.3,5818.7,5818.9,2390.7,2390.7,2391.0,3591.0,3590.5,3590.2,4543.6,4543.7,4543.5,6353.8,6354.1,6355.9,8828.1,8826.8,8828.1,5349.1,5348.2,5349.8,7613.1,7612.4,7613.0,6255.4,6254.9,6256.0,1900.4,1898.9,1899.2,3783.2,3783.4,3784.1,2665.1,2664.0,2664.3,2958.4,2957.3,2957.4,27.410000,27.629999,going to home base
2024-04-12T20:46:05Z,2426.2,2425.4,2425.6,2704.4,2704.4,2704.7,5819.9,5819.1,5819.0,2390.8,2390.8,2391.5,3591.4,3590.9,3591.5,4543.6,4543.5,4543.6,6355.3,6356.2,6355.4,8826.9,8827.7,8827.3,5347.7,5349.5,5348.4,7613.4,7613.7,7613.0,6255.3,6257.2,6257.3,1900.6,1899.1,1899.0,3783.1,3783.4,3784.1,2665.9,2664.9,2664.9,2958.5,2957.4,2957.1,27.420000,27.620001,going to home base
2024-04-12T20:46:10Z,2425.9,2425.5,2425.6,2703.4,2703.5,2703.9,5819.4,5819.3,5819.3,2390.7,2390.3,2390.1,3591.6,3591.7,3591.3,4544.0,4543.9,4544.1,6356.3,6355.9,6355.9,8824.9,8825.7,8827.4,5347.3,5346.8,5347.8,7614.1,7613.7,7614.7,6257.4,6257.6,6255.7,1900.5,1898.8,1898.8,3783.7,3783.8,3784.5,2665.3,2664.6,2664.8,2957.5,2957.3,2958.2,27.389999,27.629999,going to home base
2024-04-12T20:46:20Z,2426.0,2425.3,2425.3,2704.1,2704.1,2704.4,5819.8,5819.2,5819.5,2390.4,2390.7,2390.9,3591.1,3590.9,3591.1,4544.3,4543.5,4544.0,6355.6,6355.4,6356.0,8828.6,8828.1,8827.8,5346.1,5346.7,5346.2,7613.9,7614.2,7613.1,62start,27499.5,27500.6,2703.7,2704.1,5820.0,5819.3,5819.4,2391.0,2391.0,2391.2,3837.1,3836.7,89665.9,89671.5,14714.2,3591.5,going to home base
2024-04-12T20:46:30Z,2425.7,2425.1,2425.4,2703.1,2703.6,2703.7,5820.3,5819.9,5819.9,2389.9,2390.1,2390.5,3591.5,3590.9,3590.4,4544.8,4544.3,4543.8,6352.8,6352.4,6354.3,8827.5,8823.4,8825.7,5345.7,5345.3,5346.5,7613.8,7612.7,7614.1,6254.8,6256.4,6256.2,1901.1,1899.6,1899.8,3783.2,3783.8,3784.1,2665.8,2664.7,2665.1,2957.0,2957.1,2957.5,27.379999,27.590000,going to home base
2024-04-12T20:46:35Z,2425.9,2425.4,2425.9,2702.9,2702.6,2703.3,5820.5,5820.0,5819.8,2391.3,2390.7,2391.5,3591.4,3591.1,3590.7,4544.6,4544.4,4544.0,6355.5,6354.7,6354.4,8827.6,8826.4,8826.0,5348.0,5346.6,5347.2,7614.6,7613.2,7613.6,6254.5,6253.5,6255.0,1900.3,1899.1,1898.5,3784.2,3784.0,3784.9,2665.1,2664.5,2664.7,2958.3,2958.5,2959.3,27.420000,27.590000,going to home base
2024-04-12T20:46:40Z,2426.7,2425.6,2425.8,2704.5,2704.1,2704.5,5819.6,5819.7,5819.6,2390.0,2390.3,2390.5,3591.2,3590.8,3590.0,4544.6,4544.1,4544.1,6355.7,6354.5,6354.9,8829.2,8827.0,8828.2,5347.8,5347.8,5348.8,7613.4,7612.3,7612.1,6259.1,6256.6,6256.6,1901.1,1899.5,1899.4,3783.4,3783.5,3784.1,2666.2,2665.4,2665.5,2958.1,2957.9,2958.3,27.420000,27.610001,going to home base
2024-04-12T20:46:45Z,2426.1,2425.2,2425.3,2703.8,2703.6,2704.4,5819.4,5818.9,5819.1,2390.3,2390.5,2391.0,3590.8,3590.4,3590.0,4544.0,4544.1,4544.2,6354.6,6353.8,6354.9,8827.1,8826.9,8826.8,5348.1,5347.0,5347.6,7615.5,7613.7,7613.8,6253.7,6251.8,6253.5,1900.7,1899.5,1899.0,3784.2,3784.1,3785.1,2665.5,2664.7,2664.9,2958.1,2957.9,2958.7,27.420000,27.650000,going to home base
2024-04-12T20:46:50Z,2425.8,2424.9,2425.5,2704.2,2704.0,2704.4,5820.5,5820.1,5819.3,2390.7,2390.5,2391.1,3591.3,3590.8,3590.5,4545.0,4544.7,4544.5,6355.9,6355.5,6354.9,8825.5,8826.2,8827.4,5347.1,5346.6,5347.3,7613.9,7612.2,7613.5,6254.4,6253.4,6255.5,1900.8,1898.9,1898.7,3783.7,3784.1,3784.4,2666.3,2665.9,2666.3,2957.8,2957.2,2957.7,27.420000,27.620001,going to home base
2024-04-12T20:46:55Z,2426.0,2425.2,2425.1,2703.6,2703.8,2704.0,5819.9,5819.7,5819.9,2390.4,2390.3,2390.5,3591.0,3591.0,3590.6,4544.2,4544.1,4543.6,6356.1,6355.6,6356.2,8827.2,8826.1,8826.8,5347.6,5346.7,5346.2,7613.4,7613.4,7612.1,6256.8,6257.9,6256.7,1900.2,1898.6,1898.8,3784.0,3784.0,3784.7,2665.9,2664.9,2664.3,2958.3,2957.8,2958.5,27.450001,27.600000,going to home base
2024-04-12T20:47:00Z,2426.4,2425.9,2425.9,2703.5,2704.0,2703.9,5819.8,5819.3,5819.3,2390.8,2391.1,2391.6,3590.5,3589.7,3589.4,4544.4,4544.3,4544.3,6356.9,6356.9,6357.9,8825.0,8823.6,8824.0,5347.9,5348.0,5347.8,7614.7,7612.7,7612.5,6252.7,6252.9,6252.5,1900.6,1899.0,1899.0,3783.1,3782.6,3784.2,2664.6,2663.9,2663.4,2958.1,2957.3,2957.9,27.389999,27.600000,going to home base
2024-04-12T20:47:05Z,2426.1,2425.5,2425.8,2703.7,2703.5,2704.0,5819.9,5819.3,5819.0,2390.5,2390.8,2391.3,3591.0,3590.6,3590.4,4544.0,4543.9,4543.9,6354.7,6355.1,6356.3,8825.5,8827.7,8826.5,5346.2,5346.1,5346.3,7615.9,7614.6,7613.3,6254.2,6254.8,6255.1,1900.3,1898.5,1898.7,3783.8,3784.1,3784.5,2666.2,2664.7,2665.3,2958.4,2958.1,2958.6,27.440001,27.590000,going to home base
2024-04-12T20:47:10Z,2425.9,2425.4,2425.4,2703.3,2703.1,2703.6,5819.2,5819.0,5819.2,2391.1,2390.8,2391.5,3590.6,3589.7,3590.1,4544.0,4543.5,4543.8,6357.4,6354.2,6355.8,8824.1,8823.9,8825.0,5347.2,5347.6,5348.2,7613.9,7613.5,7613.4,6256.1,6256.7,6255.4,1900.4,1898.9,1898.9,3783.9,3783.9,3784.9,2665.8,2665.0,2664.5,2959.2,2958.4,2959.0,27.420000,27.610001,going to home base
2024-04-12T20:47:15Z,2425.6,2425.3,2425.5,2704.3,2704.3,2704.4,5819.8,5819.5,5819.3,2391.3,2391.5,2391.9,3591.1,3591.0,3590.8,4544.2,4543.5,4543.6,6357.6,6355.8,6357.6,8828.6,8828.8,8829.3,5346.7,5346.2,5347.2,7612.9,7613.0,7612.8,6256.9,6257.3,6256.6,1900.8,1899.3,1899.5,3783.4,3783.3,3783.9,2665.5,2665.1,2665.1,2958.5,2958.2,2958.6,27.420000,27.590000,going to home base
2024-04-12T20:47:20Z,2425.9,2425.1,2425.5,2703.8,2703.9,2703.9,5819.6,5819.7,5819.6,2391.2,2390.8,2391.7,3590.6,3590.5,3591.0,4543.8,4543.6,4543.6,6355.9,6357.3,6356.5,8829.2,8829.1,8828.7,5347.5,5347.5,5347.5,7615.5,7613.6,7614.5,6252.5,6253.4,6253.0,1900.4,1898.9,1898.8,3784.6,3784.6,3785.8,2666.3,2665.4,2665.7,2957.0,2957.0,2956.6,27.410000,27.590000,going to home base
2024-04-12T20:47:25Z,2425.5,2425.0,2425.5,2703.7,2703.9,2703.8,5819.6,5820.0,5820.1,2390.7,2391.1,2391.7,3590.9,3590.7,3589.8,4544.2,4544.0,4543.9,6358.9,6359.8,6359.3,8831.5,8830.8,8830.9,5347.5,5346.7,5348.5,7614.9,7614.5,7613.0,6256.0,6254.5,6256.4,1900.8,1899.3,1899.3,3783.2,3783.3,3784.3,2665.2,2664.4,2665.1,2958.2,2957.8,2957.5,27.410000,27.650000,going to home base
2024-04-12T20:47:30Z,2425.1,2424.5,2424.6,2703.7,2703.7,2703.9,5819.8,5820.0,5819.9,2391.3,2391.0,2391.3,3589.4,3589.5,3589.1,4544.0,4544.4,4544.0,6360.3,6361.7,6360.8,8831.9,8830.1,8832.3,5347.8,5347.9,5347.6,7613.0,7612.9,7613.1,6255.8,6256.6,6255.7,1900.1,1898.5,1898.9,3783.4,3783.6,3783.9,2666.0,2665.4,2665.1,2957.6,2957.6,2958.1,27.410000,27.629999,going to home base
2024-04-12T20:47:35Z,2425.5,2425.2,2425.3,2704.0,2704.0,2704.3,5820.2,5819.9,5820.2,2391.5,2391.7,2392.3,3589.5,3589.6,3589.3,4544.2,4543.8,4543.2,6358.3,6359.1,6358.8,8827.8,8826.6,8827.6,5347.6,5346.3,5347.8,7612.9,7612.8,7613.6,6258.6,6257.4,6258.6,1900.1,1898.9,1899.0,3783.2,3783.6,3784.4,2666.1,2665.2,2665.2,2958.1,2957.3,2957.7,27.410000,27.620001,going to home base
2024-04-12T20:47:40Z,2426.5,2425.4,2426.0,2704.0,2704.1,2704.3,5820.0,5819.8,5820.1,2390.6,2390.5,2390.6,3590.3,3590.1,3590.2,4544.3,4544.1,4543.7,6357.5,6357.9,6356.9,8828.4,8827.3,8827.7,5346.8,5346.5,5348.2,7615.0,7615.0,7615.0,6257.6,6258.3,6259.0,1899.6,1897.9,1897.9,3783.9,3784.3,3785.4,2664.7,2664.5,2664.9,2958.2,2957.9,2958.0,27.420000,27.680000,going to home base
2024-04-12T20:47:45Z,2425.9,2425.3,2425.8,2703.9,2704.1,2704.5,5819.8,5819.2,5819.7,2390.0,2390.2,2390.9,3590.3,3590.2,3590.8,4543.7,4543.6,4544.0,6357.1,6357.6,6357.5,8825.9,8826.8,8826.3,5347.9,5347.7,5348.4,7614.5,7614.6,7614.7,6258.7,6258.3,6258.8,1899.9,1898.7,1898.4,3784.4,3783.8,3784.7,2666.1,2664.8,2665.0,2957.5,2957.5,2957.9,27.420000,27.610001,going to home base
2024-04-12T20:47:50Z,2426.2,2425.5,2425.4,2704.2,2704.1,2704.4,5820.1,5819.6,5819.3,2390.9,2390.9,2391.0,3589.3,3588.6,3588.7,4544.7,4544.4,4544.1,6357.3,6358.2,6357.6,8830.0,8830.2,8829.0,5346.2,5346.3,5347.3,7612.1,7615.8,7614.1,6258.0,6257.2,6256.3,1900.3,1898.7,1898.7,3784.5,3784.7,3785.6,2665.1,2664.4,2664.7,2956.9,2957.2,2957.6,27.410000,27.580000,going to home base
2024-04-12T20:47:55Z,2425.8,2424.7,2425.0,2703.8,2704.5,2704.7,5820.7,5820.2,5819.9,2390.5,2390.7,2391.0,3589.5,3589.9,3590.1,4543.8,4543.8,4544.0,6357.4,6357.4,6358.2,8829.5,8827.4,8828.6,5349.8,5349.7,5349.3,7614.9,7613.7,7613.9,6253.7,6253.5,6254.3,1899.9,1898.5,1898.4,3784.2,3784.7,3785.4,2665.2,2664.4,2664.4,2958.6,2958.2,2958.5,27.440001,27.559999,going to home base
2024-04-12T20:48:00Z,2426.0,2425.0,2425.6,2704.1,2703.4,2703.7,5819.9,5819.6,5819.4,2390.4,2390.5,2390.6,3590.1,3590.0,3590.5,4544.4,4544.8,4544.5,6354.5,6353.3,6355.1,8825.1,8825.9,8827.1,5347.7,5348.0,5348.4,7615.5,7614.4,7615.1,6254.9,6253.4,6253.9,1900.0,1898.4,1898.6,3784.1,3784.3,3784.6,2665.0,2664.1,2664.1,2959.1,2958.5,2959.5,27.420000,27.570000,going to home base
2024-04-12T20:48:05Z,2424.6,2424.0,2424.3,2703.8,2704.0,2704.1,5819.9,5819.4,5819.8,2391.2,2391.2,2391.6,3589.9,3590.0,3589.1,4544.4,4544.3,4544.4,6357.9,6360.8,6360.5,8827.3,8826.9,8827.9,5349.3,5347.8,5349.9,7615.1,7613.2,7613.5,6256.4,6254.4,6254.2,1900.1,1898.5,1898.5,3784.0,3784.1,3785.2,2664.6,2663.9,2663.7,2958.7,2959.2,2958.2,27.440001,27.580000,going to home base
2024-04-12T20:48:10Z,2425.7,2425.1,2424.9,2704.4,2704.3,2704.2,5819.4,5819.0,5819.2,2390.4,2390.3,2391.0,3591.2,3590.7,3591.0,4544.3,4544.4,4544.1,6354.1,6353.1,6355.7,8827.9,8828.8,8827.1,5347.3,5347.4,5348.7,7615.1,7613.4,7614.1,6258.5,6257.8,6258.6,1899.6,1898.6,1898.4,3783.2,3783.4,3784.7,2664.9,2664.0,2664.1,2958.1,2957.3,2958.6,27.450001,27.570000,going to home base
2024-04-12T20:48:15Z,2425.8,2424.8,2425.0,2703.4,2703.1,2703.7,5819.4,5819.0,5818.7,2390.7,2390.6,2390.8,3590.4,3589.5,3589.8,4545.1,4544.5,4544.7,6356.4,6356.9,6357.5,8828.5,8828.0,8827.1,5346.8,5346.3,5346.8,7613.5,7613.5,7611.4,6258.0,6259.8,6259.1,1900.3,1898.5,1898.4,3784.3,3784.4,3785.1,2665.4,2664.8,2664.6,2957.0,2956.5,2957.2,27.450001,27.580000,going to home base
2024-04-12T20:48:25Z,2425.3,2424.6,2424.8,2703.9,2703.3,2703.8,5819.7,5819.0,5818.1,2390.6,2390.1,2390.5,2425.1,2425.2,2703.2,2703.5,2703.6,5820.0,5818.9,5819.6,2390.1,89685.5,89679.7,14713.8,14711.6,14714.9,3589.8,3589.2,3589.8,4544.1,4543.9,4543.6,6356.0,34560.3,34561.4,8828.0,8828.3,8827.1,5347.1,5347.6,5346.7,7617.2,7617.4,7616.9,6257.3,45863.9,45862.9,going to home base
2024-04-12T20:48:35Z,2426.1,2425.5,2425.6,2703.3,2703.3,2703.5,5818.8,5818.2,5818.4,2391.2,2391.2,2391.5,3589.5,3589.1,3589.6,4544.5,4544.2,4544.1,6356.1,6356.2,6355.9,8828.3,8828.1,8827.7,5346.6,5344.8,5347.3,7617.6,7615.2,7616.7,6256.2,6255.8,6255.9,1900.2,1899.0,1898.6,3782.6,3783.3,3783.8,2665.2,2664.3,2664.0,2957.8,2957.8,2957.8,27.440001,27.570000,going to home base
2024-04-12T20:48:40Z,2425.4,2424.9,2425.0,2702.0,2702.9,2702.5,5818.9,5818.6,5818.6,2391.5,2391.0,2391.1,3589.3,3588.5,3588.8,4544.4,4544.1,4544.1,6358.7,6357.8,6359.0,8825.7,8825.2,8828.0,5345.8,5346.8,5346.3,7614.1,7614.4,7614.6,6258.8,6259.2,6260.9,1900.0,1898.5,1898.6,3783.4,3784.1,3784.3,2664.1,2663.1,2663.4,2959.2,2958.3,2958.6,27.420000,27.570000,going to home base
2024-04-12T20:48:45Z,2424.9,2424.1,2424.4,2702.0,2702.1,2702.8,5818.4,5818.0,5818.0,2390.8,2390.1,2390.8,3589.4,3588.1,3589.3,4543.8,4543.9,4544.0,6356.9,6356.4,6357.1,8826.1,8826.6,8825.0,5347.2,5346.6,5347.5,7614.8,7615.3,7613.6,6259.1,6258.4,6257.7,1899.9,1898.4,1898.3,3783.8,3783.4,3784.8,2665.3,2663.7,2663.9,2959.1,2959.1,2958.9,27.440001,27.610001,going to home base
2024-04-12T20:48:50Z,2425.2,2424.6,2424.4,2702.9,2704.0,2703.9,5818.4,5818.0,5817.9,2389.9,2389.8,2390.4,3589.9,3589.5,3588.2,4543.9,4544.0,4543.7,6357.1,6357.0,6356.7,8826.8,8826.3,8826.3,5346.0,5346.3,5346.5,7614.3,7612.9,7615.5,6254.4,6255.5,6253.4,1899.8,1898.4,1898.2,3784.0,3784.2,3785.0,2664.6,2663.5,2663.1,2957.7,2957.3,2958.2,27.420000,27.580000,going to home base
2024-04-12T20:48:55Z,2424.9,2424.3,2424.5,2703.7,2703.8,2703.7,5818.2,5817.7,5817.6,2390.5,2390.4,2391.1,3588.9,3588.6,3588.9,4543.5,4544.0,4543.7,6357.4,6357.8,6356.2,8825.7,8826.5,8827.7,5346.2,5346.1,5346.2,7614.0,7613.8,7612.5,6258.7,6258.5,6259.1,1899.7,1898.2,1898.2,3784.1,3783.7,3784.7,2663.8,2662.9,2662.8,2957.8,2957.1,2957.1,27.440001,27.549999,going to home base
2024-04-12T20:49:00Z,2425.2,2424.9,2424.8,2702.5,2702.6,2702.8,5818.6,5818.0,5818.4,2390.2,2390.2,2390.8,3588.8,3588.6,3588.4,4543.8,4544.1,4543.9,6353.3,6353.0,6354.9,8826.1,8826.6,8827.8,5344.9,5344.8,5345.8,7613.8,7612.0,7613.2,6255.5,6255.4,6256.1,1899.8,1898.5,1898.1,3783.5,3783.8,3784.7,2664.1,2663.5,2663.6,2959.9,2958.5,2958.8,27.450001,27.629999,going to home base
2024-04-12T20:49:05Z,2425.4,2424.7,2425.1,2702.9,2702.3,2703.3,5818.1,5817.5,5817.6,2390.4,2390.1,2390.8,3589.3,3589.3,3588.6,4543.7,4544.0,4543.8,6354.5,6356.5,6355.2,8826.4,8827.7,8827.5,5345.0,5345.1,5345.7,7615.9,7613.5,7613.5,6258.8,6259.8,6259.3,1899.9,1898.4,1898.5,3782.7,3782.8,3784.1,2665.4,2664.1,2664.0,2956.7,2956.8,2957.2,27.410000,27.580000,going to home base
2024-04-12T20:49:10Z,2424.8,2424.4,2424.8,2703.2,2703.1,2703.2,5817.5,5816.9,5817.4,2389.9,2389.9,2390.7,3589.3,3589.8,3589.9,4544.0,4544.1,4544.1,6356.3,6356.4,6354.8,8825.8,8825.6,8825.1,5346.8,5346.0,5346.6,7613.3,7610.6,7613.6,6257.1,6258.5,6256.8,1900.1,1898.9,1898.7,3782.3,3782.7,3782.8,2664.0,2663.3,2663.6,2957.7,2957.8,2957.5,27.440001,27.580000,going to home base
2024-04-12T20:49:15Z,2425.2,2424.7,2424.7,2703.1,2703.3,2703.2,5818.1,5817.8,5817.5,2390.6,2390.8,2391.0,3589.8,3588.9,3588.8,4544.1,4544.4,4543.6,6356.8,6355.1,6356.8,8827.0,8827.6,8827.6,5346.8,5347.8,5349.4,7614.0,7614.4,7614.0,6257.0,6257.3,6257.7,1900.1,1898.4,1898.7,3782.3,3782.4,3783.4,2664.4,2663.3,2663.3,2957.8,2957.4,2957.2,27.410000,27.549999,going to home base
2024-04-12T20:49:20Z,2425.7,2424.8,2425.0,2703.2,2703.0,2703.8,5817.2,5817.0,5817.6,2390.7,2390.6,2390.7,3588.8,3588.2,3588.8,4544.3,4544.3,4544.1,6356.0,6355.9,6356.8,8826.6,8826.1,8825.9,5346.8,5346.8,5346.3,7614.4,7613.1,7613.5,6256.4,6255.8,6253.9,1899.7,1898.6,1898.2,3782.8,3782.6,3783.6,2665.3,2663.6,2663.7,2956.7,2957.3,2954.3,27.420000,27.610001,going to home base
2024-04-12T20:49:25Z,2425.5,2425.3,2425.3,2702.6,2703.1,2703.4,5817.8,5817.0,5816.9,2391.1,2391.0,2391.0,3590.1,3589.2,3588.8,4544.0,4544.0,4543.9,6354.0,6354.0,6352.1,8825.5,8826.6,8825.5,5345.8,5347.2,5346.4,7614.7,7613.3,7613.9,6254.6,6255.0,6254.4,1899.7,1898.0,1898.1,3782.2,3782.6,3783.3,2664.4,2663.7,2663.9,2958.2,2957.1,2957.7,27.420000,27.549999,going to home base
2024-04-12T20:49:30Z,2425.6,2425.2,2425.8,2702.9,2702.9,2702.6,5816.9,5816.6,5816.8,2390.8,2390.6,2391.3,3589.3,3588.3,3588.5,4544.0,4543.3,4543.9,6355.7,6352.3,6355.5,8826.4,8825.0,8825.6,5346.5,5346.9,5348.5,7614.8,7612.6,7613.4,6256.1,6255.3,6256.6,1899.7,1898.4,1898.1,3781.8,3782.2,3782.7,2664.1,2663.5,2663.3,2956.6,2957.0,2956.4,27.410000,27.549999,going to home base
2024-04-12T20:49:35Z,2425.4,2424.7,2424.9,2702.8,2703.3,2703.6,5817.7,5817.4,5817.2,2389.5,2389.5,2390.4,3588.7,3588.7,3589.3,4543.5,4543.8,4543.5,6355.1,6355.7,6355.0,8825.0,8825.2,8825.0,5347.8,5346.4,5347.7,7613.0,7611.8,7611.3,6256.2,6257.0,6254.2,1899.4,1897.9,1897.8,3782.4,3782.7,3783.2,2664.8,2664.0,2663.9,2958.6,2956.7,2957.1,27.450001,27.590000,going to home base
2024-04-12T20:49:40Z,2425.8,2424.9,2425.3,2703.6,2703.4,2703.0,5816.0,5816.7,5816.7,2390.6,2390.4,2390.5,3589.1,3588.2,3588.6,4543.4,4543.7,4543.3,6352.3,6352.2,6352.6,8827.3,8826.4,8828.2,5345.8,5345.3,5347.5,7612.6,7612.1,7611.8,6256.4,6259.5,6255.4,1898.9,1897.9,1897.5,3782.5,3782.5,3783.3,2664.5,2663.7,2663.3,2956.2,2956.8,2957.3,27.420000,27.549999,going to home base
2024-04-12T20:49:45Z,2425.6,2424.8,2425.0,2702.4,2702.3,2702.3,5817.3,5817.3,5817.2,2390.0,2389.7,2389.9,3589.7,3588.7,3589.2,4543.1,4542.8,4543.0,6352.4,6350.5,6351.3,8825.3,8823.6,8826.0,5346.6,5345.9,5347.1,7610.4,7610.1,7609.6,6257.5,6255.4,6256.0,1899.5,1897.8,1898.1,3781.7,3782.1,3783.2,2663.7,2663.0,2663.0,2958.8,2957.5,2958.3,27.420000,27.600000,going to home base
2024-04-12T20:49:50Z,2425.5,2424.6,2424.7,2702.5,2701.8,2702.7,5816.9,5816.4,5816.8,2389.5,2389.6,2389.7,3590.1,3589.8,3589.3,4543.4,4543.4,4543.5,6353.7,6353.0,6352.5,8824.9,8826.1,8825.1,5346.5,5347.3,5348.6,7610.9,7610.4,7610.6,6256.0,6256.6,6257.6,1899.6,1897.5,1897.8,3781.8,3781.9,3782.7,2664.1,2663.2,2663.2,2959.5,2958.8,2959.5,27.450001,27.600000,going to home base
2024-04-12T20:49:55Z,2426.0,2425.2,2425.6,2702.5,2702.4,2702.4,5817.3,5816.0,5816.6,2390.4,2390.4,2390.7,3589.5,3588.9,3588.7,4543.5,4543.3,4543.4,6351.2,6350.1,6350.6,8824.7,8824.3,8824.5,5345.9,5346.1,5346.1,7610.3,7610.3,7611.4,6259.5,6259.1,6257.2,1899.4,1898.3,1898.5,3781.6,3782.0,3782.5,2664.3,2663.5,2662.8,2958.8,2958.3,2958.6,27.440001,27.510000,going to home base
2024-04-12T20:50:00Z,2426.1,2425.3,2425.5,2702.6,2702.3,2702.4,5817.0,5816.5,5816.8,2390.5,2390.5,2390.9,3588.9,3588.2,3588.3,4542.8,4543.0,4542.8,6355.2,6352.9,6352.4,8823.4,8823.4,8823.5,5345.8,5347.0,5347.9,7610.1,7609.0,7609.1,6258.0,6255.8,6258.4,1899.3,1897.7,1897.8,3781.7,3781.7,3783.2,2663.8,2662.6,2662.6,2957.1,2957.2,2957.6,27.440001,27.580000,going to home base
2024-04-12T20:50:05Z,2426.0,2425.6,2425.2,2703.9,2703.5,2703.7,5817.3,5816.4,5816.7,2389.4,2389.9,2390.3,3588.7,3588.4,3588.9,4542.7,4542.2,4542.0,6351.9,6352.5,6352.4,8826.8,8824.7,8825.9,5346.3,5346.9,5347.3,7610.0,7610.3,7607.7,6255.9,6256.0,6254.6,1899.9,1898.0,1898.2,3783.5,3783.7,3784.4,2663.8,2662.7,2662.4,2957.7,2957.2,2957.5,27.420000,27.570000,going to home base
2024-04-12T20:50:10Z,2425.5,2425.0,2424.9,2702.8,2702.9,2702.9,5816.8,5816.3,5816.0,2389.4,2389.6,2389.9,3587.2,3586.8,3586.9,4542.7,4542.8,4543.0,6352.8,6352.0,6353.4,8823.2,8824.9,8823.9,5346.4,5345.9,5347.4,7610.1,7608.7,7608.4,6256.9,6256.5,6253.5,1899.2,1897.7,1897.6,3783.0,3783.0,3783.6,2662.9,2662.5,2662.4,2957.6,2956.4,2957.3,27.410000,27.520000,going to home base
2024-04-12T20:50:15Z,2425.8,2425.0,2424.9,2702.2,2702.4,2702.6,5816.8,5816.0,5816.2,2389.3,2388.8,2389.7,3587.4,3587.9,3587.9,4542.5,4542.4,4542.5,6351.0,6350.6,6350.2,8824.7,8824.4,8823.6,5347.5,5347.4,5347.6,7611.8,7610.3,7611.0,6253.4,6251.8,6252.2,1899.1,1898.3,1898.4,3782.8,3782.7,3783.6,2664.4,2663.2,2663.3,2957.7,2957.1,2957.1,27.410000,27.549999,going to home base
2024-04-12T20:50:20Z,2425.4,2425.0,2425.5,2702.5,2702.2,2702.7,5816.4,5816.4,5816.9,2390.3,2390.0,2390.4,3588.1,3587.2,3587.6,4543.3,4542.7,4542.6,6353.7,6352.5,6352.8,8824.0,8823.3,8823.8,5345.2,5344.9,5345.7,7611.4,7613.2,7612.1,6253.5,6251.5,6253.3,1900.1,1898.8,1898.5,3781.8,3781.6,3782.7,2663.5,2662.4,2662.8,2955.8,2955.2,2955.6,27.410000,27.580000,going to home base
2024-04-12T20:50:25Z,2426.2,2425.6,2425.3,2702.9,2702.6,2702.8,5817.1,5816.2,5816.6,2390.3,2390.4,2390.7,3587.9,3587.6,3588.1,4542.9,4542.5,4542.7,6354.7,6352.7,6354.7,8822.9,8823.0,8824.4,5345.7,5345.0,5345.7,7612.2,7611.3,7611.5,6255.0,6254.4,6254.8,1899.3,1898.4,1897.9,3782.3,3782.1,3783.4,2663.6,2662.3,2663.2,2956.4,2955.6,2955.6,27.420000,27.570000,going to home base
2024-04-12T20:50:30Z,2425.9,2425.4,2425.7,2701.9,2702.4,2703.2,5816.8,5815.8,5816.4,2390.3,2390.8,2391.8,3587.2,3586.7,3586.7,4542.5,4542.6,4542.5,6351.0,6350.3,6350.3,8822.3,8822.4,8821.6,5346.4,5345.9,5348.1,7610.5,7609.1,7609.5,6253.7,6252.8,6255.1,1899.0,1897.6,1897.3,3781.4,3782.2,3782.3,2663.4,2661.9,2662.8,2955.3,2955.9,2955.8,27.440001,27.580000,going to home base
2024-04-12T20:50:35Z,2426.4,2425.0,2425.6,2702.1,2702.3,2702.3,5817.2,5816.0,5816.8,2390.2,2390.1,2390.3,3588.0,3588.1,3588.0,4542.6,4542.4,4542.5,6353.8,6350.8,6352.6,8824.8,8823.5,8822.4,5346.8,5345.5,5348.0,7612.9,7610.8,7611.8,6254.7,6256.5,6256.8,1899.0,1897.7,1897.4,3781.2,3781.7,3782.7,2663.3,2662.1,2662.6,2956.3,2955.4,2956.1,27.420000,27.610001,going to home base
2024-04-12T20:50:40Z,2426.2,2425.4,2425.9,2701.7,2701.6,2702.5,5816.9,5816.1,5816.6,2389.1,2389.3,2389.8,3588.0,3588.2,3587.7,4542.4,4542.7,4542.5,6354.7,6354.5,6356.5,8825.2,8823.3,8826.0,5345.6,5345.3,5346.5,7613.6,7611.1,7610.7,6255.6,6257.6,6255.8,1899.1,1897.5,1897.3,3782.1,3781.9,3782.7,2663.0,2662.6,2662.1,2956.4,2955.9,2956.0,27.420000,27.570000,going to home base
2024-04-12T20:50:45Z,2425.6,2424.4,2424.8,2702.0,2702.2,2702.6,5816.2,5816.7,5816.3,2388.9,2389.3,2390.1,3588.0,3587.6,3587.5,4542.0,4542.4,4541.8,6348.8,6349.9,6351.2,8822.1,8821.4,8821.6,5348.4,5348.0,5349.2,7611.4,7610.5,7608.6,6253.9,6254.0,6253.6,1899.2,1897.6,1897.6,3781.4,3781.6,3781.7,2662.8,2661.9,2662.1,2955.4,2955.2,2955.6,27.440001,27.520000,going to home base
2024-04-12T20:50:50Z,2425.9,2424.9,2425.2,2702.2,2701.8,2702.2,5816.7,5816.0,5816.1,2389.6,2389.0,2389.5,3587.4,3587.0,3587.4,4542.1,4542.4,4541.9,6351.6,6352.8,6349.2,8822.3,8824.0,8823.7,5345.8,5345.9,5346.2,7612.7,7611.4,7611.3,6258.4,6256.6,6257.7,1899.2,1898.0,1897.8,3781.2,3781.3,3782.7,2662.0,2661.4,2661.3,2957.1,2956.0,2957.2,27.440001,27.580000,going to home base
2024-04-12T20:50:55Z,2425.8,2424.8,2425.3,2702.5,2702.9,2702.5,5815.4,5815.4,5815.8,2390.2,2390.1,2390.4,3589.0,3588.7,3587.9,4542.8,4543.2,4543.0,6351.9,6352.9,6353.0,8824.9,8825.5,8825.5,5347.4,5345.9,5346.8,7613.3,7611.6,7611.0,6258.2,6259.0,6258.5,1899.7,1897.8,1897.8,3780.2,3780.7,3781.6,2661.8,2660.8,2661.2,2957.6,2956.9,2957.4,27.420000,27.570000,going to home base
2024-04-12T20:51:00Z,2425.8,2425.3,2425.4,2702.0,2702.0,2702.2,5816.5,5815.9,5815.9,2390.1,2390.3,2390.4,3587.3,3587.3,3587.4,4542.5,4542.2,4542.1,6348.8,6349.1,6348.0,8822.3,8819.8,8821.2,5346.9,5345.6,5345.9,7614.0,7611.7,7611.8,6256.7,6255.9,6257.2,1898.9,1897.5,1897.7,3781.8,3782.2,3782.4,2662.4,2661.5,2661.6,2958.9,2958.3,2958.7,27.420000,27.570000,going to home base
2024-04-12T20:51:05Z,2425.6,2424.5,2424.8,2701.7,2702.5,2702.5,5816.6,5816.3,5816.4,2390.1,2390.2,2390.1,3587.4,3587.5,3587.4,4542.9,4542.8,4542.7,6350.8,6350.6,6350.0,8821.6,8823.1,8821.5,5345.2,5344.8,5345.2,7612.3,7611.6,7611.1,6255.3,6254.7,6255.3,1899.1,1897.7,1898.2,3782.0,3782.6,3783.0,2662.2,2661.9,2661.2,2959.1,2958.9,2959.3,27.450001,27.549999,going to home base
2024-04-12T20:51:10Z,2426.3,2425.7,2426.0,2702.1,2701.7,2702.1,5816.0,5815.8,5815.9,2390.5,2390.3,2390.6,3586.9,3586.9,3587.0,4542.3,4542.5,4542.3,6349.8,6351.6,6351.1,8821.5,8820.6,8820.8,5345.5,5345.2,5345.8,7612.8,7611.5,7609.7,6258.8,6258.9,6259.7,1899.3,1897.5,1897.2,3781.9,3781.1,3782.1,2662.2,2661.3,2661.2,2958.7,2957.8,2959.3,27.440001,27.570000,going to home base
2024-04-12T20:51:15Z,2425.1,2424.5,2424.5,2701.7,2701.6,2702.0,5816.1,5815.5,5815.9,2389.6,2389.7,2389.8,3587.3,3587.2,3586.9,4542.5,4542.3,4542.6,6351.6,6349.3,6351.1,8822.0,8821.3,8823.2,5345.5,5344.6,5346.9,7612.5,7611.8,7611.1,6256.4,6256.7,6255.6,1899.3,1897.9,1897.4,3781.4,3781.6,3781.7,2661.9,2660.6,2660.7,2957.7,2957.1,2957.3,27.420000,27.549999,going to home base
2024-04-12T20:51:20Z,2425.6,2424.8,2424.8,2702.3,2702.0,2702.2,5814.7,5814.9,5815.5,2389.6,2389.5,2389.9,3587.0,3587.0,3587.5,4542.0,4542.1,4541.9,6347.8,6349.1,6349.7,8824.2,8824.7,8824.3,5345.7,5345.5,5346.2,7611.7,7609.8,7611.2,6257.1,6257.0,6258.2,1899.5,1897.9,1897.4,3780.6,3780.8,3781.7,2661.8,2660.9,2661.4,2957.5,2956.5,2958.1,27.440001,27.530001,going to home base
2024-04-12T20:51:25Z,2425.7,2424.9,2424.8,2702.1,2702.2,2702.1,5815.5,5815.4,5815.3,2389.6,2389.1,2389.6,3587.7,3587.0,3587.1,4541.6,4541.5,4541.9,6351.7,6353.4,6352.8,8823.7,8823.8,8825.0,5345.4,5345.5,5346.0,7609.4,7609.7,7609.5,6255.9,6255.4,6257.4,1899.0,1897.7,1897.8,3780.4,3780.3,3780.8,2661.8,2661.2,2661.8,2957.3,2956.9,2957.7,27.420000,27.549999,going to home base
2024-04-12T20:51:30Z,2425.0,2424.8,2424.9,2701.7,2701.9,2701.9,5814.5,5814.7,5814.3,2388.6,2388.4,2389.0,3586.4,3586.4,3586.3,4542.3,4542.2,4542.1,6350.9,6352.0,6351.5,8822.3,8824.0,8822.8,5345.1,5345.4,5344.5,7613.3,7612.5,7611.7,6255.3,6255.7,6255.9,1899.1,1897.9,1897.7,3780.7,3781.0,3781.3,2662.4,2661.5,2661.1,2958.3,2957.3,2958.0,27.440001,27.570000,going to home base
2024-04-12T20:51:35Z,2425.1,2424.1,2424.4,2701.7,2702.1,2702.2,5815.2,5814.6,5814.7,2388.8,2388.6,2389.3,3587.6,3587.7,3587.5,4542.3,4542.1,4541.8,6354.0,6353.7,6353.7,8822.4,8823.4,8821.6,5345.9,5345.9,5347.2,7612.5,7611.2,7612.6,6254.6,6253.7,6254.0,1899.1,1897.5,1897.7,3780.2,3780.1,3781.2,2661.6,2660.9,2660.9,2957.8,2957.1,2958.0,27.420000,27.500000,going to home base
2024-04-12T20:51:40Z,2425.9,2424.9,2425.5,2701.9,2701.6,2702.0,5814.5,5815.0,5814.7,2388.1,2388.5,2389.9,3587.1,3586.8,3586.3,4542.2,4541.9,4541.7,6355.8,6355.1,6355.0,8823.0,8822.3,8823.4,5346.1,5345.0,5346.8,7609.6,7608.1,7608.6,6255.5,6253.6,6256.9,1898.7,1897.3,1897.4,3780.4,3780.1,3781.6,2662.4,2661.6,2662.0,2958.6,2957.3,2957.4,27.420000,27.540001,going to home base
2024-04-12T20:51:45Z,2425.2,2424.7,2424.4,2702.4,2701.8,2702.7,5814.9,5814.5,5814.9,2389.2,2389.2,2389.8,3585.7,3585.7,3585.6,4542.1,4541.8,4541.8,6353.9,6353.7,6354.0,8822.7,8822.0,8822.1,5345.8,5344.6,5345.0,7607.0,7607.8,7608.5,6254.6,6254.3,6255.6,1899.3,1897.9,1897.5,3780.3,3779.8,3781.0,2662.2,2661.4,2661.1,2955.9,2956.5,2956.6,27.440001,27.540001,going to home base
2024-04-12T20:51:50Z,2425.2,2424.6,2425.3,2701.6,2701.9,2702.5,5815.0,5814.6,5814.5,2388.6,2388.4,2388.9,3586.3,3585.8,3586.0,4542.4,4542.5,4542.1,6353.7,6350.0,6352.3,8821.0,8821.5,8821.6,5345.5,5345.4,5345.2,7610.1,7608.4,7610.1,6253.1,6252.9,6251.5,1898.7,1897.7,1897.3,3780.9,3780.6,3781.9,2661.7,2661.0,2660.3,2957.4,2956.3,2957.2,27.440001,27.570000,going to home base
2024-04-12T20:51:55Z,2426.1,2425.2,2425.4,2702.0,2701.8,2702.2,5815.2,5814.9,5814.3,2389.1,2389.1,2389.0,3586.6,3586.6,3586.9,4541.4,4541.8,4541.7,6351.4,6350.4,6352.7,8823.8,8822.4,8823.9,5344.7,5344.6,5345.7,7608.3,7607.7,7607.5,6253.3,6253.8,6254.3,1898.8,1897.3,1897.0,3780.0,3779.9,3781.0,2662.0,2661.9,2661.4,2958.3,2957.0,2957.0,27.420000,27.520000,going to home base
2024-04-12T20:52:00Z,2425.2,2424.5,2424.6,2701.8,2701.9,2701.9,5814.9,5814.4,5814.3,2388.6,2388.4,2388.6,3587.0,3586.4,3586.0,4541.3,4541.0,4541.4,6351.8,6350.7,6350.6,8822.9,8823.7,8823.2,5344.2,5343.0,5345.4,7609.6,7608.6,7608.5,6256.4,6255.4,6255.9,1898.2,1896.6,1897.0,3780.1,3780.3,3781.4,2661.7,2661.0,2660.9,2958.0,2957.6,2957.6,27.440001,27.549999,going to home base
2024-04-12T20:52:05Z,2425.4,2424.8,2424.7,2701.7,2701.4,2702.2,5814.4,5814.5,5814.6,2389.2,2388.8,2389.2,3587.0,3586.7,3586.1,4541.4,4541.3,4541.5,6350.8,6351.8,6351.2,8821.8,8821.2,8821.4,5346.3,5344.9,5345.4,7610.6,7609.5,7609.0,6248.3,6250.4,6251.3,1898.0,1896.7,1896.5,3779.9,3780.1,3780.9,2661.2,2660.8,2660.8,2956.6,2955.7,2956.9,27.450001,27.540001,going to home base
2024-04-12T20:52:10Z,2425.5,2424.4,2425.1,2701.2,2701.2,2701.1,5815.0,5814.8,5814.6,2389.0,2388.9,2388.9,3586.9,3586.9,3586.3,4541.6,4541.5,4541.5,6349.5,6347.5,6348.6,8821.9,8819.9,8821.2,5343.4,5343.9,5345.5,7610.2,7608.5,7609.2,6248.2,6253.6,6252.8,1898.3,1896.8,1896.7,3780.2,3780.2,3781.3,2660.7,2659.9,2660.3,2956.7,2955.9,2955.5,27.459999,27.520000,going to home base
2024-04-12T20:52:15Z,2425.4,2425.1,2425.0,2701.1,2700.8,2701.4,5814.1,5813.5,5814.1,2388.5,2388.2,2388.7,3586.8,3586.3,3586.2,4541.3,4541.5,4541.2,6350.9,6349.2,6350.3,8824.3,8823.0,8821.8,5345.6,5343.5,5345.2,7609.2,7608.7,7609.9,6255.3,6253.9,6255.1,1899.5,1897.6,1897.6,3781.3,3781.1,3782.4,2661.4,2660.8,2660.9,2958.2,2957.5,2957.3,27.420000,27.540001,going to home base
2024-04-12T20:52:20Z,2425.4,2424.9,2425.1,2700.6,2701.0,2701.1,5814.5,5814.2,5813.5,2388.8,2388.9,2389.6,3586.7,3586.0,3586.7,4541.4,4541.2,4541.6,6350.5,6349.4,6351.2,8822.0,8821.1,8822.0,5343.9,5342.5,5343.0,7608.2,7608.1,7608.3,6253.7,6253.6,6252.6,1898.3,1897.1,1897.0,3781.0,3780.9,3781.4,2661.9,2661.0,2661.2,2957.5,2957.4,2957.1,27.440001,27.570000,going to home base
2024-04-12T20:52:25Z,2425.7,2425.0,2425.4,2700.4,2700.7,2701.3,5815.3,5815.1,5814.8,2388.8,2388.6,2389.0,3587.6,3587.0,3586.7,4542.2,4542.2,4541.3,6349.5,6349.1,6348.8,8822.7,8820.6,8821.6,5344.5,5343.4,5344.0,7608.3,7608.3,7609.0,6253.7,6252.6,6254.4,1899.0,1897.6,1897.8,3779.9,3780.8,3781.1,2661.4,2660.8,2661.5,2956.6,2955.8,2955.6,27.440001,27.580000,going to home base
2024-04-12T20:52:30Z,2425.4,2424.5,2425.2,2701.2,2701.1,2701.8,5815.1,5814.7,5814.7,2388.7,2389.9,2390.1,3586.6,3586.1,3586.2,4541.0,4541.3,4541.4,6350.8,6350.1,6349.9,8821.7,8821.8,8821.3,5343.3,5343.6,5345.0,7609.5,7608.7,7608.3,6251.8,6251.9,6253.3,1898.8,1897.3,1897.2,3781.7,3781.3,3782.3,2661.6,2660.7,2660.9,2957.1,2956.9,2956.1,27.420000,27.540001,going to home base
2024-04-12T20:52:35Z,2425.5,2424.4,2425.3,2702.0,2701.9,2701.9,5814.5,5814.2,5814.4,2388.9,2388.8,2389.0,3586.2,3585.7,3585.5,4541.4,4541.1,4541.3,6347.6,6350.6,6348.4,8823.5,8821.4,8821.0,5343.8,5342.9,5343.6,7608.5,7606.3,7606.3,6255.0,6255.9,6256.1,1898.3,1896.8,1896.6,3780.6,3781.3,3782.0,2660.7,2659.9,2660.2,2957.3,2957.5,2957.8,27.440001,27.510000,going to home base
2024-04-12T20:52:40Z,2425.8,2424.6,2425.2,2701.8,2701.6,2701.4,5814.7,5813.9,5814.0,2388.7,2388.2,2388.6,3586.6,3585.7,3585.4,4542.6,4541.9,4541.8,6350.2,6352.1,6349.9,8823.5,8823.2,8822.6,5344.1,5344.4,5343.6,7607.2,7606.3,7607.0,6251.9,6252.3,6252.7,1898.4,1896.7,1896.9,3780.7,3780.8,3781.6,2661.3,2660.6,2660.2,2957.4,2956.4,2956.0,27.420000,27.530001,going to home base
2024-04-12T20:52:45Z,2425.6,2425.1,2425.4,2700.8,2701.4,2701.6,5814.1,5814.3,5813.8,2388.6,2388.1,2387.9,3587.0,3586.2,3586.4,4541.5,4541.2,4541.6,6352.0,6350.4,6352.4,8821.2,8819.4,8820.9,5344.6,5343.7,5344.1,7609.1,7608.0,7608.1,6255.6,6254.3,6255.4,1899.2,1897.8,1897.4,3780.3,3780.1,3780.9,2661.1,2660.0,2660.2,2957.6,2957.3,2958.2,27.440001,27.540001,going to home base
2024-04-12T20:52:50Z,2425.7,2425.0,2425.5,2702.1,2701.4,2702.0,5813.9,5813.6,5813.6,2389.0,2388.1,2389.0,3586.1,3585.9,3585.9,4541.4,4541.2,4541.5,6352.2,6352.0,6353.0,8821.7,8822.4,8823.7,5343.4,5343.0,5344.6,7610.0,7608.6,7608.0,6254.1,6253.1,6254.4,1898.1,1896.7,1896.6,3779.6,3780.1,3780.7,2661.0,2660.0,2660.1,2957.2,2956.2,2955.8,27.440001,27.580000,going to home base
2024-04-12T20:52:55Z,2425.9,2425.0,2425.4,2701.1,2701.0,2701.5,5814.4,5815.1,5813.8,2388.3,2388.8,2388.9,3585.9,3585.5,3585.5,4540.8,4540.5,4541.0,6352.9,6350.9,6351.9,8819.0,8819.6,8819.1,5344.1,5344.1,5344.1,7609.4,7607.7,7607.9,6255.2,6253.7,6253.4,1898.0,1896.6,1896.5,3779.3,3779.1,3780.1,2661.5,2660.5,2660.8,2956.4,2956.2,2956.5,27.450001,27.540001,going to home base
2024-04-12T20:53:00Z,2424.8,2424.4,2424.1,2701.6,2700.6,2701.2,5813.6,5813.2,5813.4,2389.2,2388.6,2388.9,3585.7,3585.3,3584.8,4540.3,4540.3,4540.2,6347.1,6348.3,6349.1,8820.5,8818.8,8820.0,5342.9,5343.1,5343.6,7608.8,7606.7,7607.1,6253.2,6252.6,6255.1,1898.1,1896.9,1896.9,3778.7,3779.2,3779.5,2661.1,2660.2,2659.9,2956.4,2956.4,2956.6,27.410000,27.520000,going to home base
2024-04-12T20:53:05Z,2424.7,2423.5,2423.9,2701.8,2702.0,2701.8,5814.2,5814.1,5814.1,2388.6,2388.5,2388.9,3585.5,3585.4,3585.7,4541.0,4540.8,4540.3,6348.1,6348.6,6348.8,8822.8,8819.9,8819.2,5343.7,5343.5,5343.0,7609.3,7607.7,7607.3,6254.8,6253.1,6252.6,1898.0,1896.4,1896.4,3779.2,3779.2,3779.9,2660.4,2659.8,2659.5,2957.4,2955.9,2958.4,27.420000,27.510000,going to home base
2024-04-12T20:53:10Z,2424.8,2424.0,2424.1,2700.7,2701.0,2700.9,5815.0,5814.0,5814.8,2389.0,2388.9,2389.3,3585.2,3585.2,3584.7,4540.6,4540.8,4540.4,6348.0,6347.3,6346.4,8818.2,8818.5,8818.3,5342.0,5342.4,5342.8,7607.4,7606.0,7605.6,6254.0,6253.1,6253.5,1898.4,1897.3,1896.8,3779.0,3779.1,3779.6,2661.5,2660.5,2660.6,2954.5,2954.4,2954.7,27.420000,27.570000,going to home base
2024-04-12T20:53:15Z,2425.0,2424.2,2424.6,2701.2,2700.9,2701.6,5814.7,5814.3,5814.4,2389.1,2388.4,2389.7,3586.5,3586.0,3586.3,4541.4,4541.1,4540.8,6348.7,6347.7,6348.1,8820.5,8820.0,8820.5,5342.8,5343.6,5343.2,7610.1,7609.0,7609.8,6253.9,6254.2,6252.0,1898.1,1896.6,1896.6,3778.9,3779.2,3779.8,2660.6,2660.2,2660.0,2955.8,2955.5,2955.9,27.440001,27.580000,going to home base
2024-04-12T20:53:20Z,2425.0,2424.6,2424.3,2701.4,2701.9,2701.9,5814.6,5814.1,5813.8,2389.1,2388.8,2389.5,3586.7,3586.4,3586.7,4540.9,4540.5,4540.9,6347.4,6346.8,6346.7,8819.6,8820.3,8821.2,5343.4,5342.8,5343.9,7608.6,7606.7,7606.7,6254.6,6253.7,6253.0,1898.1,1896.5,1896.6,3779.7,3779.4,3780.1,2660.6,2659.3,2659.5,2955.4,2954.7,2954.9,27.440001,27.580000,going to home base
2024-04-12T20:53:25Z,2425.3,2424.3,2424.4,2701.6,2701.7,2701.7,5814.8,5814.3,5814.1,2388.9,2389.3,2389.4,3586.1,3585.9,3586.3,4540.1,4539.9,4540.7,6349.4,6349.3,6349.8,8818.0,8818.5,8819.6,5342.6,5341.3,5342.9,7608.9,7607.9,7607.6,6255.3,6256.1,6256.6,1897.9,1896.6,1896.6,3779.3,3780.1,3780.7,2660.3,2660.2,2660.1,2955.6,2955.7,2956.2,27.440001,27.570000,going to home base
2024-04-12T20:53:30Z,2425.0,2424.7,2424.9,2700.9,2701.0,2701.4,5814.3,5813.4,5813.8,2389.0,2389.0,2389.7,3586.6,3585.1,3586.0,4540.0,4540.3,4540.5,6351.9,6349.7,6350.0,8820.9,8819.9,8818.6,5342.7,5342.2,5342.8,7610.1,7609.9,7609.0,6254.1,6254.3,6255.4,1898.6,1897.3,1897.1,3779.0,3779.6,3780.0,2660.3,2659.3,2659.3,2955.3,2955.2,2956.1,27.450001,27.520000,going to home base
2024-04-12T20:53:35Z,2424.7,2424.0,2424.3,2701.6,2701.4,2701.4,5814.2,5813.5,5813.3,2388.9,2388.5,2389.3,3585.7,3584.6,3584.8,4541.3,4541.0,4540.7,6349.3,6349.7,6350.9,8820.5,8818.2,8818.2,5342.5,5341.7,5343.1,7606.7,7606.9,7606.2,6255.3,6254.5,6256.1,1898.5,1897.0,1897.3,3778.5,3778.5,3779.5,2660.3,2659.1,2659.4,2955.6,2954.0,2954.7,27.420000,27.549999,going to home base
2024-04-12T20:53:40Z,2425.7,2424.6,2424.7,2700.1,2699.7,2700.4,5813.6,5813.0,5813.4,2389.2,2389.3,2389.6,3585.1,3584.4,3584.3,4540.9,4540.7,4540.5,6348.8,6347.0,6348.0,8820.1,8818.5,8819.4,5342.6,5342.1,5342.7,7606.2,7605.9,7606.2,6250.4,6251.3,6253.3,1898.0,1896.6,1896.8,3779.6,3779.7,3780.6,2660.8,2660.0,2659.8,2955.3,2954.6,2954.9,27.440001,27.549999,going to home base
2024-04-12T20:53:45Z,2425.3,2424.6,2424.7,2700.6,2700.4,2700.3,5813.4,5813.1,5813.3,2389.1,2388.7,2389.4,3585.3,3585.1,3585.3,4540.5,4540.7,4540.4,6352.6,6352.8,6353.0,8818.0,8818.5,8819.0,5341.1,5341.5,5341.8,7605.7,7604.5,7604.9,6254.3,6254.9,6255.2,1898.1,1896.7,1896.5,3778.7,3778.6,3779.6,2660.3,2659.8,2659.6,2956.1,2955.5,2956.0,27.440001,27.540001,going to home base
2024-04-12T20:53:50Z,2424.0,2423.8,2424.3,2700.6,2700.6,2700.9,5813.3,5813.1,5813.0,2389.1,2388.7,2389.2,3584.9,3584.7,3584.3,4540.1,4540.3,4540.1,6347.7,6348.8,6348.6,8818.9,8819.8,8818.9,5340.7,5340.8,5341.5,7605.9,7605.6,7604.8,6250.4,6251.4,6252.0,1897.3,1895.8,1895.9,3778.8,3778.8,3779.6,2660.6,2659.9,2660.0,2957.3,2956.7,2957.4,27.459999,27.540001,going to home base
2024-04-12T20:53:55Z,2424.4,2424.1,2424.1,2700.0,2700.3,2700.4,5813.3,5812.7,5812.5,2388.5,2388.4,2389.1,3584.7,3584.9,3584.5,4540.4,4540.6,4539.9,6347.1,6346.9,6348.1,8815.9,8816.6,8818.5,5342.6,5342.8,5341.9,7605.8,7605.4,7605.0,6252.3,6251.2,6255.2,1898.1,1896.5,1896.3,3778.2,3778.3,3779.1,2660.7,2659.3,2659.4,2958.2,2957.5,2957.7,27.450001,27.500000,going to home base
2024-04-12T20:54:00Z,2424.6,2423.9,2424.3,2700.5,2700.2,2700.4,5812.8,5812.6,5813.2,2389.0,2389.1,2389.3,3584.8,3584.0,3583.5,4539.6,4539.9,4539.7,6350.3,6350.0,6349.7,8819.0,8817.6,8818.1,5341.6,5341.7,5343.5,7604.4,7604.9,7604.8,6249.3,6249.0,6251.9,1897.6,1896.3,1896.2,3778.7,3779.2,3779.2,2660.7,2659.5,2659.7,2956.0,2955.5,2956.0,27.450001,27.540001,going to home base
2024-04-12T20:54:05Z,2424.8,2423.8,2424.1,2701.2,2700.4,2700.8,5812.9,5812.2,5812.4,2388.3,2388.3,2388.3,3584.2,3584.2,3584.0,4539.7,4539.5,4539.2,6347.7,6347.8,6348.1,8819.1,8819.2,8817.4,5341.5,5341.4,5341.8,7604.7,7604.0,7603.2,6251.7,6251.9,6252.4,1897.5,1896.4,1896.2,3778.8,3779.1,3779.3,2660.4,2659.4,2659.7,2956.0,2956.2,2956.3,27.450001,27.510000,going to home base
2024-04-12T20:54:10Z,2424.2,2423.6,2424.2,2700.0,2700.1,2700.4,5812.5,5812.1,5812.4,2388.9,2388.6,2389.9,3584.9,3585.2,3584.7,4539.5,4539.4,4539.3,6349.4,6347.8,6347.5,8820.8,8820.2,8819.2,5342.3,5342.9,5343.2,7604.0,7602.9,7603.2,6253.4,6253.3,6253.3,1897.6,1896.2,1896.2,3777.6,3777.9,3779.0,2660.7,2659.9,2660.2,2956.9,2955.9,2956.6,27.440001,27.510000,going to home base
2024-04-12T20:54:15Z,2424.2,2423.6,2424.0,2700.4,2700.5,2700.7,5813.2,5812.4,5812.4,2388.8,2388.4,2388.9,3585.0,3584.4,3584.0,4540.0,4539.8,4539.9,6348.2,6348.6,6348.8,8817.5,8820.1,8817.9,5341.5,5342.0,5342.4,7606.4,7606.5,7605.2,6254.3,6254.3,6253.0,1897.8,1895.8,1896.1,3778.0,3778.1,3779.3,2659.9,2659.3,2659.5,2957.3,2955.9,2955.5,27.450001,27.530001,going to home base
2024-04-12T20:54:20Z,2423.3,2422.6,2422.5,2700.1,2699.4,2700.0,5811.8,5811.6,5811.8,2389.0,2388.5,2389.0,3585.5,3584.7,3584.4,4539.8,4539.8,4539.8,6348.4,6346.3,6348.4,8819.3,8820.0,8817.9,5340.2,5340.9,5341.0,7605.2,7603.5,7605.3,6254.3,6252.4,6252.7,1898.2,1896.4,1896.5,3777.9,3778.0,3778.6,2660.5,2659.6,2659.9,2955.5,2955.5,2955.7,27.420000,27.540001,going to home base
2024-04-12T20:54:25Z,2423.9,2423.0,2423.5,2700.4,2700.8,2700.5,5812.1,5811.7,5811.5,2389.0,2388.8,2389.5,3585.9,3585.1,3584.6,4539.8,4539.4,4539.6,6350.6,6349.8,6350.6,8822.3,8820.8,8819.4,5341.0,5341.1,5341.2,7603.6,7604.9,7604.9,6254.3,6254.4,6253.2,1898.0,1896.5,1896.3,3778.2,3777.8,3779.0,2660.9,2660.1,2659.5,2956.2,2955.3,2955.9,27.450001,27.540001,going to home base
2024-04-12T20:54:30Z,2424.1,2423.2,2424.0,2699.9,2699.7,2700.3,5812.3,5812.0,5812.4,2388.7,2388.7,2389.3,3584.7,3585.0,3583.9,4540.2,4540.3,4539.9,6347.0,6346.2,6346.4,8821.5,8820.1,8820.6,5342.0,5341.8,5343.0,7605.7,7603.9,7605.0,6253.3,6253.9,6253.4,1898.1,1896.3,1896.4,3779.3,3779.3,3779.6,2660.0,2658.6,2658.6,2953.7,2954.0,2954.8,27.440001,27.549999,going to home base
2024-04-12T20:54:35Z,2424.1,2423.0,2423.3,2700.4,2699.9,2700.9,5812.7,5812.4,5812.2,2388.3,2388.2,2388.8,3585.0,3584.4,3584.7,4539.2,4539.2,4539.2,6347.8,6347.2,6348.6,8817.1,8817.4,8817.5,5340.4,5341.0,5341.8,7604.4,7603.2,7604.4,6250.1,6248.8,6251.7,1898.0,1896.6,1896.6,3778.9,3779.0,3779.8,2659.9,2659.2,2659.1,2956.8,2955.9,2955.5,27.440001,27.570000,going to home base
2024-04-12T20:54:40Z,2423.8,2422.8,2423.5,2700.3,2699.6,2701.0,5812.0,5811.6,5811.6,2388.4,2388.0,2388.9,3584.4,3583.9,3584.2,4539.9,4539.5,4539.6,6346.6,6346.8,6347.0,8819.8,8818.7,8819.5,5342.2,5341.2,5342.9,7607.1,7605.7,7605.7,6252.6,6251.1,6250.1,1897.3,1896.1,1896.5,3777.3,3777.2,3778.6,2658.9,2658.0,2657.8,2954.8,2953.8,2954.4,27.440001,27.500000,going to home base
2024-04-12T20:54:45Z,2424.5,2423.5,2424.0,2700.4,2700.3,2700.4,5812.0,5811.6,5811.6,2389.0,2388.5,2389.1,3584.6,3584.2,3583.8,4539.9,4539.9,4540.1,6347.5,6346.0,6346.9,8818.8,8819.8,8819.2,5342.6,5341.3,5341.9,7604.6,7604.5,7603.4,6252.1,6252.2,6251.1,1897.8,1896.5,1896.7,3777.8,3777.5,3778.8,2658.3,2657.5,2657.8,2956.2,2955.8,2956.5,27.440001,27.530001,going to home base
2024-04-12T20:54:50Z,2424.8,2423.8,2423.7,2699.7,2700.2,2700.8,5812.4,5811.9,5812.1,2388.5,2388.8,2389.4,3584.7,3584.9,3584.3,4539.7,4539.7,4539.6,6345.1,6345.1,6346.2,8821.2,8820.5,8820.8,5340.4,5341.1,5343.0,7604.7,7604.0,7604.8,6249.9,6248.7,6251.0,1897.6,1896.0,1896.0,3778.6,3778.6,3779.6,2658.8,2658.0,2658.0,2953.7,2955.0,2955.2,27.450001,27.580000,going to home base
2024-04-12T20:54:55Z,2424.0,2422.8,2423.8,2699.7,2700.0,2700.5,5812.3,5812.1,5812.0,2388.2,2387.7,2388.6,3585.1,3584.4,3584.7,4539.8,4539.7,4539.4,6349.2,6348.9,6348.7,8820.3,8820.5,8821.1,5336.9,5338.6,5338.2,7606.0,7605.8,7606.2,6252.6,6253.3,6252.6,1898.1,1896.7,1896.6,3777.7,3777.6,3778.4,2658.4,2657.7,2657.9,2956.6,2956.5,2956.5,27.440001,27.570000,going to home base
2024-04-12T20:55:00Z,2424.5,2423.7,2423.7,2700.0,2699.9,2700.1,5812.6,5812.0,5812.3,2387.8,2387.2,2387.7,3585.4,3585.3,3584.7,4539.4,4539.1,4539.6,6346.9,6346.7,6348.3,8818.9,8817.6,8818.7,5342.8,5341.0,5343.2,7604.9,7603.9,7604.8,6251.1,6251.1,6251.5,1897.9,1896.5,1896.5,3778.8,3778.8,3779.9,2659.1,2658.3,2658.7,2954.2,2954.4,2954.1,27.450001,27.570000,going to home base
2024-04-12T20:55:05Z,2424.3,2423.6,2424.0,2700.7,2700.1,2700.5,5812.5,5811.9,5812.3,2388.3,2388.3,2388.6,3584.1,3584.2,3583.8,4539.6,4539.4,4539.6,6346.4,6347.0,6348.5,8818.6,8818.8,8819.7,5341.6,5341.9,5343.3,7606.3,7605.7,7605.8,6252.4,6252.7,6254.1,1898.0,1896.4,1896.7,3778.1,3778.0,3779.4,2658.6,2658.1,2658.1,2956.5,2956.5,2956.1,27.420000,27.520000,going to home base
2024-04-12T20:55:10Z,2424.3,2423.7,2424.2,2700.6,2700.4,2701.0,5811.9,5811.8,5811.7,2388.4,2388.5,2388.6,3584.8,3584.6,3584.7,4539.0,4538.9,4539.3,6347.6,6346.8,6346.9,8820.6,8821.7,8822.4,5340.7,5341.2,5341.0,7604.2,7603.3,7601.9,6252.6,6252.7,6253.7,1897.4,1896.4,1896.2,3778.5,3778.6,3779.5,2659.1,2658.0,2657.9,2956.8,2956.3,2955.6,27.450001,27.540001,going to home base
2024-04-12T20:55:15Z,2424.0,2423.1,2424.0,2700.0,2699.8,2700.6,5812.2,5812.1,5812.1,2388.1,2388.2,2388.4,3584.6,3584.0,3584.0,4539.6,4539.3,4539.4,6345.3,6346.4,6346.2,8817.7,8817.2,8815.9,5340.8,5340.6,5339.7,7603.1,7603.7,7603.4,6251.9,6252.5,6251.9,1897.7,1896.2,1895.9,3778.1,3777.9,3778.6,2657.7,2657.3,2657.2,2955.2,2954.2,2956.0,27.420000,27.540001,going to home base
2024-04-12T20:55:20Z,2424.5,2423.7,2423.8,2700.1,2699.7,2700.5,5812.6,5812.4,5812.7,2388.5,2388.2,2389.0,3585.1,3584.1,3584.0,4539.0,4539.1,4538.9,6348.3,6346.5,6346.4,8818.9,8817.4,8818.0,5340.6,5340.3,5341.6,7605.3,7603.1,7605.1,6251.0,6251.3,6253.5,1896.7,1895.5,1895.5,3777.7,3777.6,3778.9,2658.9,2657.8,2657.9,2955.2,2954.7,2953.7,27.450001,27.549999,going to home base
2024-04-12T20:55:25Z,2425.1,2424.3,2424.6,2700.4,2699.9,2700.3,5812.8,5812.3,5812.7,2387.7,2388.3,2388.4,3584.3,3584.1,3584.4,4539.9,4539.1,4539.4,6347.0,6347.5,6347.0,8820.2,8819.5,8817.9,5340.1,5340.1,5340.6,7605.5,7604.7,7606.4,6251.2,6249.7,6251.8,1897.3,1895.6,1896.1,3777.6,3777.6,3778.5,2658.6,2658.0,2658.4,2954.4,2954.4,2954.4,27.440001,27.570000,going to home base
2024-04-12T20:55:30Z,2425.3,2424.6,2424.7,2700.7,2699.7,2699.9,5812.4,5812.2,5812.4,2387.1,2387.6,2388.0,3584.9,3584.1,3583.4,4539.5,4539.4,4539.3,6342.7,6343.4,6344.4,8818.2,8817.6,8820.0,5340.5,5339.2,5339.9,7605.7,7605.6,7604.6,6249.0,6250.1,6248.4,1897.4,1896.0,1895.8,3777.6,3777.7,3778.7,2658.3,2657.5,2658.1,2954.7,2954.4,2954.9,27.440001,27.530001,going to home base
2024-04-12T20:55:35Z,2424.5,2424.0,2424.1,2700.0,2699.3,2700.1,5811.8,5812.3,5812.1,2388.0,2387.9,2388.6,3585.0,3584.8,3584.0,4539.0,4538.8,4538.7,6344.9,6346.1,6345.6,8820.9,8822.8,8822.6,5341.1,5340.9,5341.8,7605.7,7604.3,7604.9,6253.1,6252.9,6252.3,1897.6,1895.8,1895.9,3778.0,3778.0,3778.3,2658.4,2657.1,2657.9,2955.6,2955.2,2955.4,27.459999,27.530001,going to home base
2024-04-12T20:55:40Z,2424.3,2423.5,2423.9,2699.5,2699.4,2699.2,5812.9,5811.9,5811.9,2387.9,2388.0,2388.2,3585.8,3585.3,3584.3,4538.6,4538.9,4538.5,6346.7,6344.6,6348.1,8821.6,8820.3,8819.5,5340.9,5340.2,5341.2,7605.5,7603.3,7603.9,6251.2,6251.0,6251.5,1897.0,1895.8,1895.5,3777.2,3777.1,3778.3,2657.6,2657.0,2657.9,2955.7,2955.4,2955.1,27.440001,27.540001,going to home base
2024-04-12T20:55:45Z,2424.7,2424.0,2423.9,2699.4,2699.6,2700.1,5811.9,5811.3,5811.4,2388.4,2388.2,2388.1,3583.3,3582.7,3583.3,4538.4,4538.4,4538.5,6345.0,6343.2,6342.6,8820.3,8820.4,8820.4,5340.3,5340.9,5341.6,7604.5,7606.2,7605.2,6250.0,6249.9,6248.5,1897.5,1896.3,1896.1,3776.7,3776.9,3778.2,2657.4,2657.1,2656.8,2954.9,2954.2,2954.2,27.420000,27.520000,going to home base
2024-04-12T20:55:50Z,2424.6,2423.7,2423.5,2699.4,2699.1,2699.6,5812.5,5812.9,5813.0,2388.5,2388.7,2388.3,3584.5,3583.2,3583.4,4538.9,4538.9,4539.2,6345.5,6345.5,6344.4,8823.3,8821.3,8821.1,5340.8,5340.1,5341.9,7605.7,7603.8,7605.1,6251.2,6247.9,6251.2,1897.2,1895.8,1895.8,3776.5,3777.2,3778.4,2658.4,2657.8,2657.7,2954.6,2954.3,2955.7,27.459999,27.530001,going to home base
2024-04-12T20:55:55Z,2423.8,2423.1,2423.0,2699.5,2699.2,2700.0,5812.4,5811.5,5811.4,2387.7,2388.0,2388.3,3583.9,3583.6,3583.7,4538.3,4538.2,4538.4,6347.7,6347.1,6348.1,8819.2,8820.0,8820.5,5341.8,5341.5,5342.1,7606.6,7605.4,7605.9,6253.5,6250.8,6250.5,1897.0,1895.8,1895.8,3777.2,3777.1,3778.5,2658.2,2657.8,2657.3,2955.7,2954.5,2954.5,27.440001,27.549999,going to home base
2024-04-12T20:56:00Z,2424.2,2423.2,2423.3,2699.4,2699.5,2699.6,5811.8,5811.5,5812.0,2387.4,2388.3,2388.1,3584.3,3584.1,3583.8,4538.7,4538.7,4538.7,6346.3,6347.6,6347.9,8820.1,8819.9,8820.5,5342.4,5341.7,5342.5,7606.7,7605.3,7605.5,6251.0,6252.3,6251.5,1897.5,1896.1,1896.4,3778.0,3777.7,3779.0,2657.9,2657.0,2657.6,2955.5,2955.1,2954.9,27.440001,27.559999,going to home base
2024-04-12T20:56:05Z,2424.1,2423.3,2423.4,2699.6,2699.6,2699.9,5811.8,5811.7,5811.5,2388.0,2388.2,2388.2,3583.6,3583.1,3583.3,4538.5,4538.5,4539.5,6345.5,6347.6,6346.2,8821.0,8820.4,8819.0,5339.8,5340.6,5341.1,7606.1,7604.9,7606.7,6247.0,6248.6,6250.5,1897.4,1895.9,1896.2,3776.9,3777.0,3778.1,2658.3,2657.9,2657.4,2954.2,2954.2,2954.5,27.420000,27.580000,going to home base
2024-04-12T20:56:10Z,2423.5,2422.9,2423.0,2700.1,2699.8,2699.9,5812.1,5811.8,5812.0,2389.0,2389.1,2388.9,3583.5,3582.9,3583.0,4539.1,4538.6,4538.2,6344.1,6343.9,6344.4,8820.0,8819.7,8818.8,5341.1,5341.3,5341.9,7603.7,7602.6,7602.7,6251.9,6251.9,6252.1,1897.9,1896.6,1896.4,3777.5,3777.5,3777.8,2658.2,2657.5,2657.6,2954.8,2954.3,2954.2,27.440001,27.580000,going to home base
2024-04-12T20:56:15Z,2423.6,2422.8,2423.0,2700.2,2700.1,2700.3,5812.5,5811.6,5812.2,2388.1,2387.9,2388.0,3584.6,3583.9,3583.8,4538.9,4538.4,4538.3,6345.1,6346.9,6346.2,8819.3,8821.2,8821.3,5341.3,5341.5,5341.6,7605.5,7603.4,7604.1,6247.8,6246.5,6250.6,1897.9,1896.5,1896.8,3776.8,3776.6,3777.2,2658.7,2658.1,2657.9,2955.0,2953.6,2953.9,27.420000,27.580000,going to home base
2024-04-12T20:56:20Z,2423.6,2422.8,2423.1,2700.3,2700.0,2700.1,5811.9,5811.2,5810.8,2388.8,2388.8,2389.5,3584.0,3583.9,3583.7,4538.6,4538.7,4538.6,6344.9,6344.3,6346.9,8819.2,8821.6,8820.1,5341.0,5338.8,5339.9,7602.9,7603.0,7603.2,6250.8,6249.8,6251.8,1897.6,1896.2,1896.2,3777.4,3777.3,3778.2,2659.3,2657.1,2657.4,2953.4,2953.2,2953.9,27.450001,27.540001,going to home base
2024-04-12T20:56:25Z,2423.1,2422.6,2422.7,2699.3,2699.1,2699.7,5812.0,5811.7,5811.6,2388.6,2388.3,2388.8,3584.5,3584.1,3584.2,4538.7,4538.1,4538.7,6342.1,6342.9,6343.3,8820.3,8818.1,8819.2,5339.1,5339.2,5339.7,7603.0,7602.2,7603.0,6252.6,6252.2,6251.9,1897.9,1896.1,1896.5,3776.6,3776.7,3777.7,2658.9,2657.8,2658.2,2954.4,2954.4,2954.4,27.450001,27.530001,going to home base
2024-04-12T20:56:30Z,2422.7,2422.0,2422.2,2699.9,2699.5,2700.1,5812.7,5812.7,5812.2,2387.7,2388.1,2388.7,3584.6,3585.5,3584.8,4538.5,4538.2,4538.8,6346.0,6345.9,6345.2,8819.6,8819.4,8817.7,5341.7,5339.8,5342.6,7603.5,7604.0,7604.2,6249.0,6250.8,6253.0,1897.5,1895.6,1895.3,3776.4,3776.7,3777.9,2658.7,2657.8,2657.8,2955.5,2955.1,2956.0,27.440001,27.520000,going to home base
2024-04-12T20:56:35Z,2423.4,2422.9,2422.7,2699.9,2699.5,2700.0,5812.4,5811.7,5811.6,2388.3,2389.0,2389.5,3583.9,3584.1,3584.3,4538.8,4538.7,4538.5,6344.6,6343.8,6345.5,8821.8,8821.5,8819.4,5340.9,5341.6,5341.1,7604.3,7603.4,7603.0,6252.0,6251.7,6251.9,1897.7,1896.1,1895.9,3777.6,3777.4,3777.5,2658.5,2656.9,2657.4,2955.0,2954.0,2954.2,27.450001,27.540001,going to home base
2024-04-12T20:56:40Z,2423.8,2422.9,2423.3,2699.9,2700.1,2699.9,5812.3,5812.1,5812.3,2388.6,2388.4,2388.8,3584.8,3584.8,3584.5,4538.1,4538.2,4538.2,6347.7,6346.9,6346.5,8821.0,8819.2,8818.9,5341.6,5342.3,5342.3,7604.3,7603.4,7602.6,6250.9,6251.4,6252.6,1897.4,1895.9,1896.0,3777.3,3776.9,3777.7,2658.7,2657.6,2657.3,2954.9,2953.3,2953.8,27.450001,27.600000,going to home base
2024-04-12T20:56:45Z,2423.9,2422.9,2422.8,2699.3,2698.9,2699.7,5812.7,5812.1,5812.2,2388.6,2388.1,2388.4,3584.4,3584.7,3584.4,4538.5,4538.3,4538.2,6344.8,6344.2,6345.0,8819.8,8818.2,8819.5,5340.6,5340.2,5340.5,7603.5,7603.0,7603.1,6250.4,6250.2,6250.8,1897.3,1895.9,1896.3,3776.4,3776.5,3777.7,2657.5,2656.6,2656.9,2953.1,2953.1,2953.3,27.450001,27.559999,going to home base
2024-04-12T20:56:50Z,2423.3,2422.3,2422.4,2699.8,2699.5,2700.1,5812.0,5811.9,5811.9,2388.6,2388.7,2388.9,3583.1,3583.5,3583.2,4538.5,4538.7,4538.9,6345.2,6346.3,6345.6,8821.0,8821.1,8820.2,5339.3,5340.0,5340.7,7603.9,7604.3,7603.8,6252.5,6251.9,6251.9,1897.5,1896.0,1895.8,3777.0,3777.0,3777.9,2657.3,2656.4,2656.5,2954.3,2953.4,2954.3,27.450001,27.600000,going to home base
2024-04-12T20:56:55Z,2423.4,2422.7,2422.9,2699.8,2699.2,2699.6,5811.5,5811.0,5811.1,2388.1,2388.1,2388.4,3584.5,3584.6,3583.8,4539.2,4539.0,4539.3,6343.4,6343.6,6344.0,8820.6,8820.5,8820.9,5340.0,5340.2,5341.3,7604.7,7602.8,7604.3,6253.6,6253.5,6253.2,1897.1,1895.5,1895.5,3776.4,3776.6,3778.1,2658.4,2657.4,2657.4,2950.7,2950.8,2951.4,27.420000,27.540001,going to home base
2024-04-12T20:57:00Z,2422.9,2422.7,2422.8,2699.3,2699.8,2699.9,5810.9,5810.6,5810.7,2387.9,2387.4,2387.5,3584.8,3584.6,3584.3,4538.3,4538.6,4538.7,6344.4,6343.0,6342.0,8819.7,8819.4,8819.7,5340.2,5338.8,5341.2,7604.4,7603.1,7604.3,6251.3,6252.7,6252.4,1897.5,1896.0,1896.0,3777.0,3777.1,3777.5,2657.5,2656.8,2657.2,2953.4,2954.3,2954.4,27.459999,27.540001,going to home base
2024-04-12T20:57:05Z,2424.0,2423.0,2423.2,2699.8,2699.2,2700.0,5811.4,5810.7,5810.8,2387.8,2388.0,2388.2,3584.1,3584.4,3584.2,4538.9,4538.7,4538.8,6344.7,6345.5,6344.5,8818.8,8818.5,8818.7,5340.6,5340.2,5340.3,7602.9,7601.5,7600.7,6248.9,6250.0,6248.3,1896.9,1895.5,1895.3,3776.8,3776.8,3777.9,2657.7,2657.4,2657.0,2952.9,2952.8,2951.8,27.440001,27.500000,going to home base
2024-04-12T20:57:10Z,2423.5,2422.7,2423.3,2700.4,2700.1,2700.3,5811.2,5811.1,5810.8,2388.0,2387.6,2388.7,3585.4,3584.7,3584.6,4538.6,4538.4,4538.1,6344.8,6345.2,6345.2,8821.0,8819.8,8820.9,5339.3,5338.9,5340.3,7603.9,7603.0,7603.5,6249.1,6249.3,6248.9,1897.5,1896.1,1896.3,3776.9,3776.5,3777.4,2658.1,2657.2,2657.6,2952.2,2952.2,2951.8,27.440001,27.530001,going to home base
2024-04-12T20:57:15Z,2422.9,2422.0,2422.3,2700.1,2699.3,2700.0,5810.2,5810.1,5809.9,2387.1,2387.7,2387.5,3584.2,3583.9,3583.3,4538.2,4538.2,4537.9,6345.3,6343.7,6344.4,8819.1,8819.4,8820.4,5340.2,5339.8,5340.6,7603.9,7603.1,7603.4,6247.3,6247.9,6247.9,1897.5,1896.2,1896.4,3775.8,3777.4,3777.2,2656.9,2656.1,2655.9,2953.4,2952.1,2952.7,27.420000,27.500000,going to home base
2024-04-12T20:57:20Z,2422.8,2422.3,2422.5,2699.1,2699.2,2699.3,5809.8,5809.8,5810.0,2387.5,2387.1,2387.8,3584.3,3582.8,3583.7,4538.3,4538.2,4538.6,6343.6,6345.3,6345.5,8818.8,8819.0,8818.9,5338.1,5338.9,5338.5,7604.0,7603.9,7603.8,6252.2,6251.1,6248.9,1897.4,1895.7,1895.5,3776.2,3776.0,3777.2,2658.2,2656.8,2657.2,2954.3,2953.8,2954.5,27.450001,27.570000,going to home base
2024-04-12T20:57:25Z,2423.6,2422.6,2422.9,2699.8,2699.9,2700.2,5810.2,5809.8,5809.7,2387.4,2387.4,2387.4,3583.7,3583.6,3583.7,4537.9,4538.1,4538.0,6343.1,6342.8,6344.4,8818.8,8818.8,8818.6,5339.9,5340.0,5340.4,7602.3,7603.7,7603.5,6248.7,6248.5,6248.8,1897.4,1895.7,1895.6,3776.2,3776.4,3777.5,2657.4,2656.9,2656.5,2955.3,2954.7,2954.7,27.450001,27.540001,going to home base
2024-04-12T20:57:30Z,2424.1,2423.4,2423.5,2699.8,2699.1,2699.6,5810.5,5809.9,5810.1,2387.2,2387.3,2387.7,3583.6,3583.8,3583.2,4538.4,4538.5,4538.5,6347.0,6344.9,6347.3,8819.7,8818.8,8818.1,5340.5,5338.9,5341.1,7603.0,7601.4,7601.8,6248.9,6247.8,6247.5,1897.4,1895.7,1895.3,3777.3,3776.8,3777.2,2657.3,2656.3,2656.5,2954.0,2954.7,2953.9,27.440001,27.469999,going to home base
2024-04-12T20:57:35Z,2423.6,2422.9,2423.2,2698.9,2698.7,2699.4,5809.9,5809.6,5809.7,2387.3,2387.1,2387.3,3584.1,3583.8,3584.0,4538.2,4538.1,4538.0,6345.5,6346.9,6345.6,8820.1,8817.6,8818.3,5339.0,5340.0,5340.7,7602.4,7602.5,7602.7,6244.6,6245.8,6247.7,1897.9,1896.9,1895.7,3776.6,3776.8,3778.0,2656.9,2656.1,2656.8,2954.8,2953.0,2954.3,27.480000,27.570000,going to home base
2024-04-12T20:57:40Z,2422.9,2422.4,2422.7,2698.9,2698.8,2699.5,5809.8,5809.7,5809.4,2386.4,2386.6,2387.3,3584.4,3584.1,3584.3,4538.2,4538.5,4537.8,6345.4,6346.6,6347.7,8816.3,8816.1,8817.5,5338.3,5338.6,5338.0,7603.9,7601.8,7603.7,6247.8,6247.1,6247.6,1897.9,1896.4,1896.1,3777.0,3777.5,3777.7,2656.6,2655.9,2655.9,2954.2,2954.0,2954.7,27.459999,27.559999,going to home base
2024-04-12T20:57:45Z,2422.9,2422.7,2422.5,2698.7,2698.3,2698.9,5810.3,5810.1,5809.8,2387.7,2387.8,2388.3,3584.3,3584.1,3584.2,4537.9,4537.5,4537.6,6343.9,6345.2,6346.3,8817.4,8817.4,8816.5,5339.5,5339.0,5339.5,7604.0,7603.6,7603.8,6249.5,6248.6,6249.7,1897.5,1895.9,1896.1,3776.8,3777.0,3778.3,2656.3,2655.3,2655.5,2954.7,2954.0,2954.0,27.480000,27.500000,going to home base
2024-04-12T20:57:50Z,2423.1,2422.5,2422.2,2698.8,2699.0,2698.6,5809.4,5809.3,5809.4,2387.4,2387.6,2387.6,3584.0,3583.0,3584.1,4537.5,4538.0,4537.9,6343.6,6343.6,6343.7,8816.3,8816.8,8815.3,5339.5,5339.8,5341.4,7602.5,7601.5,7602.3,6250.6,6250.0,6249.7,1897.7,1897.0,1896.0,3776.6,3776.7,3778.0,2657.3,2656.4,2655.9,2954.6,2954.2,2953.7,27.450001,27.600000,going to home base
2024-04-12T20:57:55Z,2422.8,2422.1,2422.2,2699.4,2699.2,2699.2,5810.3,5809.7,5809.6,2387.1,2387.1,2387.4,3583.7,3583.9,3583.5,4538.1,4537.4,4538.0,6342.0,6340.2,6340.6,8816.2,8816.2,8815.6,5340.0,5340.5,5341.3,7604.2,7603.3,7602.1,6252.4,6251.1,6250.9,1897.7,1895.8,1895.9,3776.5,3776.4,3777.2,2657.6,2655.7,2656.2,2954.1,2954.4,2954.9,27.450001,27.580000,going to home base
2024-04-12T20:58:00Z,2422.2,2421.8,2421.7,2698.3,2698.1,2698.3,5810.6,5809.9,5809.7,2387.4,2386.9,2387.4,3584.1,3583.9,3583.7,4538.2,4537.4,4537.8,6343.2,6343.1,6342.8,8817.8,8816.6,8815.9,5338.2,5338.1,5339.9,7603.0,7603.0,7601.1,6251.7,6250.9,6251.3,1897.1,1896.1,1895.9,3775.0,3775.3,3775.8,2657.2,2656.1,2656.8,2954.7,2954.0,2954.3,27.450001,27.540001,going to home base
2024-04-12T20:58:05Z,2422.4,2421.8,2422.1,2698.8,2699.0,2699.1,5809.9,5809.2,5809.3,2387.4,2387.4,2387.7,3583.4,3582.7,3583.9,4537.1,4537.6,4537.6,6343.4,6344.5,6343.8,8816.2,8818.0,8817.0,5340.7,5340.3,5341.8,7602.5,7602.6,7602.8,6247.4,6247.2,6247.5,1897.2,1895.7,1895.8,3776.7,3776.7,3777.2,2656.9,2656.5,2656.0,2955.6,2954.2,2954.8,27.459999,27.540001,going to home base
2024-04-12T20:58:10Z,2423.2,2422.6,2422.5,2699.0,2698.8,2699.3,5810.1,5809.2,5809.3,2387.6,2387.9,2387.7,3585.3,3584.5,3584.3,4537.7,4537.7,4537.7,6343.2,6342.6,6341.5,8816.0,8816.2,8815.7,5340.3,5339.2,5339.8,7603.6,7603.0,7602.4,6247.7,6246.6,6247.7,1897.2,1895.5,1895.4,3775.1,3775.9,3776.3,2656.7,2655.8,2655.9,2955.1,2953.3,2953.8,27.450001,27.540001,going to home base
2024-04-12T20:58:20Z,2423.3,2422.9,2422.8,2698.3,2698.0,2698.5,5807.3,5807.7,5807.8,2386.7,2387.1,2387.3,3583.2,3583.1,3582.9,4537.5,4537.6,4537.2,6345.4,6345.7,6345.3,8814.1,8816.1,8814.7,5340.3,5340.2,5341.2,7602.6,7601.5,7601.8,6247.1,6245.9,6249.6,1897.0,1895.6,1start,27453.7,27448.9,2423.0,2421.9,2422.5,2698.9,2698.4,2699.8,5808.5,2387.0,2386.6,going to home base
2024-04-12T20:58:30Z,2422.9,2421.7,2422.0,2698.9,2698.9,2698.9,5809.1,5808.3,5808.5,2387.5,2387.2,2388.0,3584.6,3585.2,3585.0,4537.3,4537.4,4537.2,6344.7,6346.7,6346.6,8814.1,8813.6,8814.5,5338.4,5339.3,5339.6,7602.2,7601.0,7601.6,6246.3,6244.2,6244.0,1897.2,1895.8,1895.9,3774.6,3774.2,3775.5,2656.5,2655.4,2655.9,2955.2,2954.6,2955.1,27.459999,27.530001,going to home base
2024-04-12T20:58:35Z,2423.1,2422.1,2422.5,2698.2,2698.8,2698.8,5809.3,5809.0,5809.0,2386.5,2386.9,2387.5,3585.1,3584.7,3584.4,4537.4,4537.5,4537.0,6343.2,6343.8,6345.4,8818.6,8817.5,8816.5,5339.4,5340.1,5340.5,7603.6,7602.3,7601.5,6247.0,6247.4,6248.8,1897.2,1895.9,1895.6,3775.4,3775.6,3776.4,2656.2,2655.6,2655.2,2956.0,2955.5,2955.2,27.459999,27.540001,going to home base
2024-04-12T20:58:40Z,2423.7,2422.9,2423.1,2698.7,2698.3,2698.8,5809.5,5809.3,5808.9,2386.8,2387.1,2386.9,3584.0,3583.7,3583.6,4537.0,4537.3,4537.1,6345.2,6348.1,6348.5,8817.0,8816.7,8817.0,5339.9,5340.5,5341.2,7602.9,7601.5,7601.9,6250.1,6249.0,6250.7,1897.7,1896.2,1896.4,3775.8,3775.9,3777.0,2656.8,2655.2,2655.7,2955.2,2953.5,2953.6,27.450001,27.530001,going to home base
2024-04-12T20:58:45Z,2422.8,2422.5,2422.8,2699.2,2699.1,2699.0,5808.6,5807.7,5808.1,2386.6,2386.4,2386.4,3584.7,3584.3,3583.9,4537.1,4536.9,4536.7,6344.6,6343.9,6344.9,8819.6,8819.3,8818.0,5338.7,5339.1,5340.2,7602.7,7601.2,7601.0,6251.3,6249.7,6250.4,1897.0,1895.3,1895.2,3775.6,3775.7,3776.6,2656.3,2655.9,2655.5,2954.7,2953.9,2955.1,27.450001,27.570000,going to home base
2024-04-12T20:58:50Z,2422.8,2422.2,2422.1,2699.2,2698.6,2698.7,5808.3,5808.0,5808.4,2387.3,2386.5,2387.0,3584.0,3583.4,3583.9,4536.9,4537.0,4537.0,6345.6,6345.4,6344.6,8819.1,8818.8,8818.7,5337.4,5336.8,5337.5,7604.1,7601.4,7602.6,6245.6,6245.8,6245.3,1896.8,1895.3,1895.4,3776.7,3776.8,3777.5,2656.0,2655.3,2655.6,2953.7,2953.2,2952.9,27.459999,27.540001,going to home base
2024-04-12T20:58:55Z,2422.7,2422.1,2422.1,2698.3,2698.6,2698.5,5807.5,5807.0,5807.2,2386.0,2386.1,2386.4,3584.7,3584.5,3583.7,4537.2,4536.9,4537.2,6345.0,6344.5,6343.8,8818.8,8817.8,8817.7,5339.3,5339.1,5340.8,7602.4,7601.7,7601.1,6249.8,6249.2,6250.7,1896.4,1894.9,1895.0,3775.2,3776.1,3776.5,2656.6,2656.4,2656.0,2953.5,2952.9,2954.1,27.459999,27.510000,going to home base
2024-04-12T20:59:00Z,2422.7,2421.9,2422.1,2699.0,2699.0,2699.3,5808.2,5807.7,5808.2,2387.6,2387.2,2387.4,3583.6,3582.6,3583.6,4537.4,4537.6,4537.3,6346.8,6344.5,6345.7,8816.5,8816.4,8815.7,5338.0,5338.3,5339.7,7602.2,7601.9,7602.1,6247.4,6247.8,6248.3,1896.6,1894.9,1895.0,3775.5,3775.9,3776.0,2656.7,2655.3,2655.2,2954.0,2953.2,2953.9,27.440001,27.570000,going to home base
2024-04-12T20:59:05Z,2423.0,2422.8,2423.0,2699.2,2698.9,2698.8,5808.3,5808.5,5807.5,2387.5,2387.1,2387.3,3582.9,3583.4,3583.1,4536.7,4536.6,4536.8,6347.6,6346.7,6345.2,8812.7,8811.6,8813.1,5338.2,5337.4,5339.1,7601.0,7601.7,7600.7,6246.9,6247.8,6247.7,1896.6,1895.0,1895.2,3775.5,3776.2,3776.2,2656.5,2655.0,2655.5,2951.4,2951.7,2952.1,27.440001,27.530001,going to home base
2024-04-12T20:59:10Z,2422.7,2422.1,2422.9,2698.7,2698.9,2698.5,5808.4,5808.5,5808.8,2387.8,2387.4,2387.6,3583.3,3582.9,3583.2,4536.9,4537.1,4537.0,6346.7,6345.0,6346.0,8813.9,8814.1,8814.9,5339.4,5339.3,5339.6,7599.4,7600.1,7597.2,6249.5,6249.1,6248.8,1896.8,1894.8,1894.8,3774.9,3774.8,3775.6,2656.3,2655.2,2655.6,2954.4,2954.2,2955.7,27.440001,27.540001,going to home base
2024-04-12T20:59:15Z,2423.4,2422.8,2422.9,2698.6,2698.8,2698.8,5808.7,5807.7,5808.0,2386.7,2386.7,2387.3,3584.5,3584.5,3584.4,4537.0,4536.9,4537.1,6340.9,6341.6,6341.2,8818.1,8816.2,8816.7,5339.2,5339.2,5340.1,7602.0,7599.6,7600.1,6248.5,6248.0,6247.5,1897.6,1896.0,1896.1,3774.8,3775.6,3775.6,2656.8,2655.5,2655.9,2956.1,2954.7,2953.7,27.450001,27.500000,going to home base
2024-04-12T20:59:20Z,2422.7,2422.2,2422.4,2698.1,2698.4,2698.5,5808.6,5807.9,5808.4,2387.8,2387.9,2388.7,3583.6,3582.9,3583.6,4537.0,4537.1,4536.6,6344.6,6342.4,6343.7,8813.7,8815.8,8814.3,5337.3,5336.8,5339.0,7599.0,7599.7,7599.7,6249.7,6249.8,6246.9,1897.1,1895.7,1895.6,3775.1,3774.7,3775.7,2656.1,2655.3,2655.8,2953.0,2951.9,2952.5,27.450001,27.530001,going to home base
2024-04-12T20:59:25Z,2423.0,2422.8,2422.7,2698.0,2698.1,2698.4,5808.9,5808.8,5808.6,2386.5,2386.9,2387.6,3583.6,3583.1,3583.6,4537.0,4536.9,4537.1,6343.2,6344.7,6345.6,8815.3,8816.0,8815.4,5339.8,5340.1,5340.0,7601.0,7600.6,7599.0,6249.4,6248.5,6248.5,1896.5,1895.8,1895.8,3775.3,3775.8,3777.0,2655.6,2654.9,2654.7,2952.6,2952.1,2953.0,27.490000,27.500000,going to home base
2024-04-12T20:59:30Z,2422.7,2422.1,2422.4,2697.4,2697.6,2697.2,5808.9,5808.7,5808.6,2387.6,2387.2,2387.8,3582.6,3583.1,3581.9,4537.3,4537.2,4537.2,6342.7,6343.1,6343.2,8813.7,8812.7,8812.9,5337.8,5337.8,5338.1,7600.7,7599.1,7599.9,6250.4,6249.4,6249.6,1897.4,1895.8,1895.7,3775.9,3776.0,3776.5,2655.4,2655.3,2655.5,2952.6,2952.1,2952.3,27.440001,27.570000,going to home base
2024-04-12T20:59:35Z,2423.0,2422.5,2423.0,2698.1,2698.2,2699.2,5808.7,5808.4,5808.8,2387.0,2387.0,2387.8,3583.2,3583.2,3582.6,4536.6,4536.9,4536.8,6340.6,6342.5,6340.7,8814.5,8815.5,8814.4,5337.1,5337.5,5338.7,7600.4,7599.2,7599.6,6244.7,6247.5,6251.8,1897.2,1895.6,1895.3,3775.4,3775.8,3776.7,2656.3,2655.5,2655.0,2954.2,2952.7,2954.5,27.480000,27.540001,going to home base
2024-04-12T20:59:40Z,2423.5,2422.7,2422.8,2698.6,2698.2,2698.8,5809.2,5808.7,5808.5,2386.4,2386.5,2387.1,3583.1,3583.0,3583.0,4536.7,4536.8,4537.0,6338.9,6337.6,6339.8,8814.2,8812.3,8813.4,5338.0,5339.1,5339.1,7600.4,7599.0,7600.3,6245.9,6245.8,6247.1,1897.0,1895.7,1895.9,3775.4,3775.2,3776.3,2656.1,2655.5,2655.1,2953.8,2952.6,2953.7,27.450001,27.540001,going to home base
2024-04-12T20:59:45Z,2422.6,2421.8,2422.4,2699.0,2698.8,2699.1,5808.9,5808.8,5808.5,2387.1,2387.0,2387.8,3583.3,3582.4,3583.3,4536.3,4535.9,4536.7,6341.4,6341.3,6343.4,8817.5,8815.5,8815.8,5339.6,5339.3,5339.8,7600.0,7599.0,7600.5,6247.4,6246.9,6248.6,1896.8,1895.3,1895.3,3775.8,3776.3,3776.1,2656.0,2655.1,2655.1,2953.8,2953.3,2954.2,27.450001,27.610001,going to home base
2024-04-12T20:59:50Z,2423.5,2423.1,2423.2,2697.8,2697.8,2698.2,5808.8,5808.3,5808.7,2387.4,2387.1,2387.6,3583.3,3582.6,3582.6,4536.8,4536.5,4536.6,6343.0,6343.1,6342.6,8819.5,8818.1,8817.6,5339.0,5339.5,5339.5,7598.3,7599.2,7598.7,6249.7,6248.4,6248.1,1897.8,1896.1,1896.3,3776.7,3776.0,3777.4,2656.3,2655.6,2655.2,2954.8,2953.7,2953.2,27.459999,27.580000,going to home base
2024-04-12T20:59:55Z,2423.2,2422.3,2422.7,2698.0,2698.0,2698.5,5808.2,5807.9,5808.4,2387.3,2387.1,2388.0,3584.0,3583.4,3583.8,4537.0,4536.7,4536.6,6343.5,6343.6,6344.0,8816.1,8815.3,8815.2,5338.3,5337.3,5338.0,7599.8,7599.7,7599.7,6249.5,6247.9,6248.3,1896.8,1895.3,1895.1,3776.4,3777.0,3777.0,2655.3,2654.4,2654.5,2953.6,2952.4,2953.2,27.459999,27.570000,going to home base
2024-04-12T21:00:00Z,2422.9,2422.1,2422.7,2697.8,2698.2,2698.1,5808.9,5808.1,5808.1,2386.7,2386.9,2387.4,3584.0,3583.7,3583.4,4536.8,4536.4,4536.9,6343.1,6342.8,6344.5,8815.7,8815.1,8814.4,5338.9,5338.5,5340.0,7601.8,7600.8,7600.1,6252.5,6249.8,6248.7,1896.2,1895.3,1895.0,3776.9,3776.9,3777.9,2656.1,2655.1,2655.5,2953.9,2953.4,2954.2,27.459999,27.600000,going to home base
2024-04-12T21:00:05Z,2423.4,2422.3,2422.8,2698.1,2698.2,2698.9,5808.7,5808.0,5808.3,2387.9,2387.7,2387.9,3582.9,3582.5,3582.6,4536.6,4536.3,4536.5,6343.8,6343.3,6344.6,8814.6,8814.6,8813.5,5340.7,5339.1,5339.6,7601.9,7599.8,7601.0,6248.3,6248.0,6247.7,1897.2,1895.4,1895.7,3775.0,3775.4,3776.1,2655.4,2655.3,2654.6,2954.5,2954.0,2953.4,27.440001,27.580000,going to home base
2024-04-12T21:00:10Z,2423.1,2422.4,2422.5,2698.8,2699.0,2699.2,5809.0,5808.7,5808.0,2387.1,2387.2,2387.7,3583.5,3583.1,3583.0,4536.6,4536.4,4536.0,6343.9,6341.7,6342.1,8814.3,8815.0,8814.6,5338.9,5338.6,5339.6,7600.2,7598.7,7598.7,6250.2,6249.5,6250.7,1897.4,1895.4,1895.3,3775.1,3775.5,3776.5,2655.9,2655.3,2655.4,2954.7,2954.9,2955.1,27.450001,27.559999,going to home base
2024-04-12T21:00:15Z,2422.5,2421.8,2422.1,2698.6,2698.8,2699.2,5808.2,5807.6,5807.8,2387.5,2387.8,2388.3,3583.3,3582.3,3582.4,4536.9,4536.7,4537.1,6343.6,6344.4,6344.8,8816.6,8815.8,8814.5,5337.4,5337.2,5337.9,7600.2,7598.7,7597.7,6246.4,6246.4,6247.1,1896.4,1895.2,1895.1,3775.3,3775.5,3776.7,2655.9,2655.4,2655.0,2952.4,2951.8,2952.3,27.480000,27.580000,going to home base
2024-04-12T21:00:25Z,2422.9,2422.2,2422.3,2699.0,2699.2,2699.3,5808.0,5807.7,5807.4,2387.3,2387.1,2387.7,3583.2,3582.8,3582.4,4536.7,4536start,27449.0,27446.9,2423.1,2422.4,5807.7,5807.6,5807.8,2387.6,2386.7,2387.5,3831.3,3831.3,89709.0,89719.3,14643.1,14649.2,4536.8,4536.5,4536.5,6343.0,6343.7,6343.8,16990.1,16990.0,34513.5,34516.5,8818.4,8818.9,5339.5,5338.9,going to home base
2024-04-12T21:00:35Z,2423.2,2422.5,2423.1,2698.3,2698.5,2698.8,5808.0,5807.8,5808.1,2387.7,2387.1,2387.6,3582.7,3582.7,3582.9,4536.2,4536.3,4536.1,6345.5,6344.1,6344.3,8816.3,8817.2,8817.9,5338.9,5338.3,5338.9,7599.4,7599.9,7598.0,6246.7,6248.1,6246.5,1896.6,1895.0,1895.5,3775.5,3775.3,3776.5,2656.5,2654.7,2654.7,2953.9,2953.6,2954.7,27.440001,27.580000,going to home base
2024-04-12T21:00:40Z,2422.7,2422.4,2422.2,2698.7,2698.8,2698.9,5808.5,5808.0,5808.0,2387.3,2387.2,2387.6,3583.2,3583.5,3583.5,4536.6,4537.1,4536.7,6342.1,6343.2,6344.4,8815.2,8814.5,8817.0,5338.4,5338.1,5338.6,7599.5,7597.8,7599.1,6248.2,6249.0,6250.8,1896.3,1894.9,1895.1,3776.2,3775.8,3776.4,2656.2,2655.6,2655.6,2953.4,2953.0,2953.2,27.450001,27.600000,going to home base
2024-04-12T21:00:45Z,2423.2,2422.3,2422.7,2698.5,2698.2,2698.3,5808.3,5807.8,5807.9,2387.4,2387.5,2387.6,3583.5,3582.7,3582.8,4536.4,4536.4,4536.2,6343.6,6344.3,6344.4,8815.5,8813.5,8814.2,5338.0,5338.4,5338.9,7600.3,7599.6,7600.5,6248.0,6249.8,6248.4,1896.5,1894.9,1895.0,3775.1,3775.1,3775.6,2656.6,2655.6,2655.4,2953.9,2953.0,2953.2,27.450001,27.530001,going to home base
2024-04-12T21:00:50Z,2422.8,2422.1,2422.3,2698.6,2698.1,2698.5,5808.8,5808.6,5808.3,2387.1,2387.1,2387.4,3583.8,3584.0,3583.5,4536.0,4536.0,4536.2,6343.9,6343.8,6344.1,8816.1,8816.1,8814.6,5338.3,5339.2,5340.1,7599.2,7598.1,7597.6,6250.6,6248.7,6249.0,1896.3,1894.2,1894.7,3775.0,3774.9,3775.6,2656.8,2656.1,2655.6,2953.4,2953.2,2953.4,27.450001,27.510000,going to home base
2024-04-12T21:00:55Z,2422.2,2421.7,2421.8,2697.7,2697.5,2698.0,5807.5,5807.2,5807.1,2386.9,2386.7,2387.2,3583.7,3583.2,3583.4,4536.6,4536.3,4536.3,6343.9,6342.9,6342.4,8816.5,8814.9,8814.8,5338.6,5339.0,5339.6,7597.5,7596.8,7595.4,6245.5,6249.4,6247.4,1896.6,1894.9,1894.6,3774.3,3774.4,3775.8,2655.9,2655.3,2655.2,2955.1,2953.9,2954.4,27.459999,27.510000,going to home base
2024-04-12T21:01:00Z,2422.2,2421.6,2422.0,2698.1,2697.9,2698.3,5807.8,5807.2,5807.7,2386.8,2387.0,2387.1,3583.1,3582.6,3582.5,4536.2,4535.7,4536.2,6341.7,6342.2,6343.7,8814.9,8816.3,8816.3,5339.4,5340.7,5340.6,7600.4,7599.1,7599.5,6246.4,6248.4,6248.4,1896.0,1894.9,1894.8,3773.8,3773.9,3775.4,2655.6,2655.2,2654.7,2954.8,2952.9,2953.2,27.450001,27.559999,going to home base
2024-04-12T21:01:05Z,2422.7,2421.9,2422.3,2697.9,2697.6,2698.0,5808.3,5807.7,5807.6,2387.1,2386.8,2387.4,3582.5,3582.1,3581.9,4535.9,4535.9,4536.0,6342.0,6343.7,6345.5,8813.3,8814.2,8815.3,5338.4,5338.8,5339.9,7598.6,7597.9,7597.2,6242.9,6247.3,6247.0,1896.0,1894.8,1894.9,3774.6,3774.7,3775.6,2655.9,2655.5,2655.4,2953.1,2953.7,2953.6,27.459999,27.580000,going to home base
2024-04-12T21:01:10Z,2423.2,2422.4,2422.4,2698.5,2698.6,2698.6,5807.8,5807.2,5807.3,2386.8,2386.8,2387.2,3583.1,3582.9,3582.6,4535.6,4536.4,4536.0,6339.8,6339.5,6339.3,8817.8,8818.2,8818.2,5337.2,5338.1,5337.2,7600.7,7599.2,7600.2,6245.9,6248.2,6245.1,1896.3,1894.7,1895.0,3774.3,3774.0,3775.1,2656.0,2655.6,2655.8,2952.6,2952.2,2954.9,27.459999,27.570000,going to home base
2024-04-12T21:01:15Z,2421.9,2421.6,2421.9,2698.2,2698.0,2698.2,5809.2,5807.8,5807.8,2387.7,2387.7,2388.4,3583.0,3583.3,3582.6,4535.6,4535.7,4535.5,6341.0,6341.7,6343.3,8817.0,8815.0,8815.4,5337.7,5337.4,5339.2,7600.7,7598.4,7599.7,6248.8,6249.2,6248.7,1896.6,1895.6,1895.3,3774.8,3774.3,3775.5,2655.5,2655.1,2655.2,2952.9,2952.2,2952.4,27.480000,27.580000,going to home base
2024-04-12T21:01:20Z,2422.7,2422.2,2422.2,2698.3,2697.9,2698.4,5808.1,5807.5,5807.8,2387.1,2387.0,2387.4,3582.4,3582.2,3581.7,4536.5,4536.5,4536.0,6342.1,6340.6,6341.3,8814.8,8814.0,8814.1,5338.6,5337.0,5339.6,7600.6,7599.1,7600.1,6246.3,6247.3,6245.7,1896.6,1895.1,1895.2,3775.0,3775.3,3776.1,2656.0,2655.0,2655.3,2953.2,2952.7,2953.6,27.450001,27.559999,going to home base
2024-04-12T21:01:25Z,2422.4,2421.5,2421.7,2698.3,2697.7,2697.9,5807.4,5807.4,5807.6,2386.7,2386.7,2387.0,3582.8,3582.9,3582.2,4535.5,4534.5,4535.4,6342.2,6342.5,6344.4,8813.6,8812.8,8812.9,5338.2,5338.7,5338.9,7598.4,7598.9,7598.2,6245.0,6246.9,6247.7,1896.1,1894.7,1894.5,3774.5,3774.9,3775.8,2655.5,2654.8,2654.9,2953.6,2953.6,2953.5,27.480000,27.530001,going to home base
2024-04-12T21:01:30Z,2422.5,2421.7,2421.8,2697.9,2698.1,2698.3,5807.6,5807.6,5807.7,2386.5,2386.3,2386.9,3582.0,3581.9,3582.2,4536.1,4535.7,4536.2,6345.5,6346.2,6346.5,8811.9,8813.2,8813.7,5337.9,5336.7,5338.0,7600.8,7600.2,7600.4,6248.9,6248.6,6248.0,1896.4,1895.3,1894.6,3774.7,3775.0,3775.5,2655.8,2655.2,2655.4,2952.8,2953.1,2952.1,27.450001,27.580000,going to home base
2024-04-12T21:01:35Z,2422.1,2421.7,2421.7,2697.5,2697.9,2698.0,5807.7,5806.7,5807.0,2386.8,2386.6,2386.7,3581.7,3582.4,3582.5,4535.7,4535.8,4535.5,6346.0,6345.5,6345.4,8815.6,8813.6,8812.8,5338.2,5336.9,5337.8,7598.8,7598.3,7597.5,6246.4,6246.3,6247.5,1896.1,1894.5,1894.5,3773.2,3774.0,3775.0,2655.8,2655.2,2655.7,2951.4,2951.7,2950.8,27.459999,27.540001,going to home base
2024-04-12T21:01:40Z,2422.4,2421.6,2422.0,2697.2,2697.1,2697.0,5807.0,5806.3,5806.5,2387.1,2386.9,2387.0,3583.2,3582.9,3582.4,4536.4,4535.8,4536.1,6344.9,6344.3,6343.8,8813.9,8813.7,8815.1,5337.6,5337.5,5338.8,7600.5,7601.0,7600.7,6245.8,6247.0,6246.3,1896.5,1895.2,1895.1,3774.9,3774.8,3776.0,2655.6,2655.4,2655.0,2952.8,2952.3,2952.2,27.480000,27.600000,going to home base
2024-04-12T21:01:45Z,2422.8,2421.8,2422.0,2698.9,2698.6,2698.6,5807.3,5806.9,5806.4,2386.8,2386.8,2387.5,3581.5,3581.5,3582.2,4536.5,4536.1,4535.9,6346.7,6346.3,6346.6,8818.3,8815.4,8815.2,5338.3,5337.7,5338.8,7600.5,7598.3,7598.4,6246.9,6246.0,6247.2,1896.2,1894.9,1895.1,3775.5,3775.4,3776.4,2655.6,2654.7,2654.8,2951.3,2950.4,2951.4,27.450001,27.570000,going to home base
2024-04-12T21:01:50Z,2421.9,2421.3,2421.6,2697.9,2698.1,2698.4,5807.1,5806.7,5806.8,2387.3,2386.8,2387.2,3582.8,3582.2,3581.9,4536.0,4535.7,4535.5,6344.1,6343.6,6342.9,8813.4,8814.4,8813.2,5338.4,5338.0,5339.2,7600.2,7598.9,7600.7,6247.1,6247.3,6246.0,1897.1,1895.5,1894.5,3775.5,3775.8,3776.7,2655.5,2654.9,2655.0,2952.7,2952.2,2953.3,27.440001,27.540001,going to home base
2024-04-12T21:01:55Z,2422.3,2421.8,2421.6,2698.0,2698.0,2698.3,5807.1,5807.5,5806.9,2386.3,2386.8,2387.0,3582.2,3581.9,3581.8,4536.5,4536.1,4536.0,6344.3,6344.6,6344.3,8814.0,8813.2,8814.1,5338.4,5339.2,5340.5,7599.8,7599.4,7599.3,6247.5,6245.8,6247.6,1896.2,1894.7,1894.8,3774.4,3774.7,3775.3,2655.5,2654.6,2655.0,2954.1,2954.6,2954.7,27.480000,27.570000,going to home base
2024-04-12T21:02:00Z,2422.7,2421.9,2421.7,2697.3,2697.1,2697.3,5806.7,5806.3,5806.5,2386.8,2386.7,2386.9,3583.4,3581.9,3582.1,4536.5,4535.8,4536.0,6343.8,6342.9,6344.2,8814.6,8814.8,8814.9,5337.8,5339.5,5337.8,7601.1,7600.6,7600.1,6245.7,6246.0,6247.4,1896.2,1895.1,1895.1,3774.1,3774.4,3775.2,2654.2,2653.4,2653.8,2953.0,2952.0,2952.3,27.450001,27.570000,going to home base
2024-04-12T21:02:05Z,2421.8,2421.7,2421.9,2698.1,2697.6,2697.8,5806.9,5806.5,5807.0,2387.3,2387.4,2387.4,3583.1,3582.1,3582.4,4536.0,4535.6,4535.5,6344.6,6345.0,6345.0,8815.1,8814.4,8815.4,5339.7,5340.7,5340.9,7599.6,7600.2,7599.5,6248.1,6247.0,6246.0,1896.1,1894.8,1894.6,3773.9,3773.8,3774.7,2655.4,2654.6,2654.6,2953.2,2953.3,2952.7,27.450001,27.559999,going to home base
2024-04-12T21:02:10Z,2423.2,2422.2,2422.3,2697.4,2697.6,2697.7,5806.8,5806.1,5806.8,2386.6,2386.5,2386.6,3582.1,3582.1,3581.9,4536.0,4535.3,4535.6,6346.2,6345.1,6345.5,8815.5,8815.4,8814.7,5337.4,5337.6,5338.8,7600.0,7599.6,7599.0,6246.6,6245.3,6246.1,1896.2,1894.6,1894.8,3774.3,3774.1,3775.6,2655.7,2654.8,2654.0,2951.6,2951.3,2952.0,27.459999,27.559999,going to home base
2024-04-12T21:02:15Z,2422.2,2421.3,2421.6,2697.0,2697.3,2698.1,5806.5,5806.3,5806.3,2386.5,2386.2,2386.6,3582.5,3581.7,3581.7,4536.1,4535.7,4535.7,6343.7,6345.2,6345.8,8813.0,8813.3,8813.8,5336.8,5338.8,5338.3,7600.4,7599.8,7597.2,6246.0,6244.3,6245.5,1896.4,1894.8,1894.4,3775.6,3775.7,3776.9,2654.5,2654.1,2653.6,2952.8,2952.2,2952.7,27.440001,27.549999,going to home base
2024-04-12T21:02:20Z,2422.2,2421.6,2422.0,2697.7,2697.3,2698.2,5807.7,5807.2,5807.3,2386.6,2387.1,2387.7,3582.1,3582.3,3582.3,4535.7,4535.6,4535.0,6344.5,6345.0,6346.1,8815.5,8815.7,8816.8,5339.2,5338.1,5338.2,7599.9,7597.9,7600.1,6245.6,6244.3,6247.4,1896.3,1894.6,1894.5,3775.5,3775.4,3776.4,2653.9,2652.9,2653.8,2952.3,2950.9,2951.8,27.440001,27.540001,going to home base
2024-04-12T21:02:30Z,2422.9,2422.0,2422.2,2697.9,2698.4,2698.1,start,27444.0,27442.8,2422.7,2422.0,2422.0,2386.0,2386.9,3830.8,3830.7,89733.2,89777.2,14659.2,14657.3,14652.8,4535.9,4535.8,6346.5,6347.4,6347.3,16989.4,16987.5,34519.1,34529.6,8813.3,8814.6,8812.6,7597.6,7595.9,6246.8,6248.4,6246.8,45705.6,45693.0,3795.9,3796.6,1896.4,1894.6,1894.7,3775.3,2654.7,going to home base
2024-04-12T21:02:40Z,2422.7,2422.0,2422.3,2696.7,2697.0,2697.5,5807.2,5806.9,5806.8,2386.3,2385.8,2386.5,3582.5,3582.3,3582.4,4536.2,4536.3,4535.8,6344.7,6344.6,6344.5,8814.4,8815.0,8813.0,5337.9,5337.4,5338.8,7599.8,7596.9,7599.9,6247.6,6248.3,6245.5,1896.6,1895.3,1895.1,3774.0,3773.8,3774.3,2654.4,2653.5,2653.6,2953.8,2953.0,2952.9,27.459999,27.540001,going to home base
2024-04-12T21:02:45Z,2421.9,2421.3,2421.4,2697.2,2697.2,2697.0,5806.9,5806.0,5806.4,2386.7,2386.2,2386.6,3582.8,3582.2,3581.9,4536.0,4535.7,4535.4,6344.6,6344.8,6344.8,8817.0,8816.4,8819.8,5338.1,5338.7,5339.3,7599.0,7599.8,7598.4,6247.9,6247.8,6247.2,1896.3,1894.7,1894.6,3772.6,3772.4,3773.6,2655.0,2653.9,2654.2,2952.9,2951.7,2952.9,27.480000,27.570000,going to home base
2024-04-12T21:02:50Z,2422.0,2421.4,2421.7,2697.7,2697.5,2697.9,5806.3,5806.2,5805.7,2387.5,2387.2,2387.6,3583.0,3582.4,3582.0,4536.1,4536.4,4535.5,6344.8,6342.8,6345.2,8816.5,8815.3,8815.0,5336.9,5336.9,5337.6,7599.4,7600.8,7599.4,6248.6,6249.6,6248.2,1896.3,1894.7,1894.9,3774.2,3773.7,3774.2,2655.0,2653.9,2654.1,2953.0,2951.8,2952.3,27.450001,27.549999,going to home base
2024-04-12T21:02:55Z,2422.1,2421.5,2421.3,2696.5,2697.4,2697.8,5806.0,5805.5,5805.6,2386.7,2386.2,2386.6,3581.6,3581.1,3580.7,4535.3,4535.5,4535.5,6345.6,6345.1,6345.1,8815.8,8813.6,8815.2,5337.2,5336.9,5337.9,7602.4,7601.4,7601.5,6247.0,6245.8,6248.0,1896.6,1895.2,1894.9,3772.9,3772.8,3774.2,2655.0,2654.0,2653.5,2953.0,2953.4,2953.7,27.450001,27.559999,going to home base
2024-04-12T21:03:00Z,2422.5,2421.8,2422.2,2697.3,2697.1,2696.8,5807.0,5806.6,5806.7,2386.7,2386.3,2386.5,3581.3,3581.1,3580.8,4535.6,4535.1,4535.1,6341.6,6340.1,6339.2,8815.0,8814.5,8815.9,5337.6,5336.2,5337.7,7597.8,7597.7,7597.5,6247.4,6245.9,6246.7,1896.2,1894.7,1894.7,3772.3,3772.7,3773.2,2654.8,2653.7,2654.0,2952.2,2951.9,2952.7,27.459999,27.530001,going to home base
2024-04-12T21:03:05Z,2422.3,2421.6,2422.0,2697.4,2697.6,2698.0,5806.2,5805.7,5805.9,2386.3,2386.8,2387.1,3582.0,3581.9,3581.3,4535.4,4535.2,4535.6,6342.1,6342.5,6343.3,8814.0,8813.9,8814.1,5337.2,5336.2,5336.6,7601.1,7599.9,7599.9,6248.9,6248.1,6248.1,1896.1,1894.5,1895.1,3772.8,3773.1,3774.0,2653.7,2653.8,2653.6,2951.4,2951.4,2951.1,27.450001,27.559999,going to home base
2024-04-12T21:03:10Z,2422.3,2421.3,2421.4,2697.2,2696.6,2697.4,5806.2,5805.7,5805.9,2385.8,2386.1,2386.2,3581.6,3581.8,3581.6,4535.7,4535.1,4535.0,6341.0,6342.3,6341.7,8815.0,8815.5,8814.2,5336.2,5335.1,5335.7,7599.7,7596.1,7597.6,6244.4,6246.8,6246.8,1897.0,1895.3,1894.9,3773.6,3773.5,3774.4,2654.3,2653.8,2653.8,2952.6,2952.1,2953.0,27.450001,27.500000,going to home base
2024-04-12T21:03:15Z,2422.6,2421.6,2421.7,2697.6,2697.5,2697.3,5806.1,5805.5,5805.3,2386.8,2386.6,2387.1,3581.4,3581.3,3581.2,4535.1,4535.0,4535.2,6340.7,6340.4,6342.7,8815.8,8814.4,8815.9,5337.1,5336.4,5338.4,7599.8,7599.0,7600.5,6244.4,6245.1,6246.1,1896.4,1895.2,1895.2,3773.7,3774.3,3774.7,2654.6,2654.1,2653.2,2953.3,2952.3,2954.1,27.450001,27.500000,going to home base
2024-04-12T21:03:20Z,2422.0,2421.4,2421.3,2696.7,2696.1,2696.8,5805.8,5805.6,5805.7,2387.1,2387.3,2387.2,3581.5,3581.5,3581.1,4534.8,4534.5,4534.4,6341.0,6339.0,6341.0,8814.2,8814.7,8814.3,5335.9,5336.3,5336.5,7599.1,7598.3,7598.2,6247.3,6248.8,6247.2,1896.0,1894.6,1894.7,3773.3,3773.6,3774.1,2655.1,2653.9,2654.1,2953.6,2952.6,2953.4,27.459999,27.540001,going to home base
2024-04-12T21:03:25Z,2422.3,2421.1,2421.5,2697.4,2696.8,2696.6,5806.0,5805.5,5805.5,2385.8,2385.6,2386.2,3581.3,3580.9,3580.7,4534.7,4534.7,4534.7,6340.9,6340.0,6342.8,8813.0,8812.2,8811.7,5336.6,5336.6,5336.7,7599.7,7600.1,7600.8,6241.8,6242.5,6242.9,1896.2,1894.7,1894.6,3772.3,3772.8,3773.1,2654.9,2652.9,2653.0,2951.5,2951.0,2950.4,27.459999,27.530001,going to home base
2024-04-12T21:03:30Z,2421.6,2420.8,2420.9,2697.4,2696.3,2697.2,5805.8,5805.2,5804.7,2386.6,2386.0,2386.1,3582.4,3581.7,3581.3,4535.2,4534.7,4534.5,6343.3,6342.2,6340.7,8813.5,8812.5,8813.5,5334.9,5335.4,5334.3,7600.8,7599.2,7599.5,6241.7,6242.0,6241.7,1895.9,1894.4,1894.1,3772.5,3772.8,3773.9,2653.8,2653.6,2653.7,2952.0,2951.5,2951.9,27.459999,27.530001,going to home base
2024-04-12T21:03:35Z,2421.6,2421.3,2421.3,2696.7,2696.3,2697.6,5806.2,5805.2,5805.3,2385.5,2385.1,2385.9,3582.0,3581.1,3581.1,4535.3,4534.9,4535.2,6342.0,6342.5,6340.9,8811.5,8811.1,8811.4,5337.2,5336.2,5336.1,7600.7,7600.2,7599.9,6242.0,6242.6,6244.1,1896.5,1895.1,1894.9,3772.8,3772.5,3773.6,2654.8,2653.7,2653.9,2954.2,2953.6,2953.9,27.459999,27.549999,going to home base
2024-04-12T21:03:40Z,2421.7,2421.0,2421.1,2697.0,2697.3,2697.2,5805.8,5805.3,5805.1,2385.7,2386.0,2386.3,3581.2,3581.6,3581.6,4534.8,4534.3,4534.3,6341.6,6341.0,6341.9,8812.7,8812.3,8812.7,5334.7,5334.1,5334.4,7600.0,7600.2,7599.2,6245.7,6245.9,6245.9,1895.8,1894.3,1894.2,3772.3,3772.3,3774.0,2654.2,2652.9,2653.6,2953.8,2953.0,2953.3,27.450001,27.580000,going to home base
2024-04-12T21:03:45Z,2421.5,2420.6,2420.8,2697.4,2696.9,2697.4,5805.5,5805.2,5805.4,2386.5,2386.9,2387.2,3581.3,3580.6,3581.2,4534.7,4534.7,4534.2,6341.8,6341.9,6340.2,8812.1,8811.8,8811.0,5336.0,5335.3,5335.7,7600.6,7599.5,7598.6,6248.6,6246.3,6246.4,1895.7,1894.4,1894.1,3773.1,3772.8,3773.7,2653.5,2652.6,2653.1,2953.3,2952.8,2953.7,27.459999,27.540001,going to home base
2024-04-12T21:03:50Z,2420.9,2421.0,2421.0,2697.4,2697.0,2697.6,5805.5,5805.0,5804.5,2386.4,2386.3,2386.4,3581.1,3580.7,3580.7,4534.2,4534.5,4534.5,6341.8,6342.1,6341.5,8815.9,8814.1,8814.6,5335.6,5334.5,5335.5,7601.3,7599.8,7601.2,6244.7,6243.1,6244.6,1895.4,1894.0,1894.1,3773.1,3772.6,3773.2,2654.5,2653.1,2653.6,2952.0,2952.0,2951.9,27.459999,27.480000,going to home base
2024-04-12T21:03:55Z,2422.2,2421.7,2421.9,2697.8,2697.5,2697.8,5806.3,5805.5,5805.6,2386.4,2386.5,2387.1,3581.7,3581.5,3581.3,4534.7,4534.2,4534.2,6338.9,6340.2,6340.8,8811.2,8809.6,8812.7,5334.1,5333.9,5334.2,7599.9,7601.0,7599.4,6244.3,6245.3,6245.3,1895.3,1893.7,1893.8,3773.8,3773.8,3775.1,2654.5,2653.6,2653.8,2952.8,2951.7,2952.7,27.450001,27.559999,going to home base
2024-04-12T21:04:00Z,2422.5,2421.7,2422.0,2697.3,2697.6,2697.5,5805.8,5805.3,5805.1,2385.7,2385.8,2386.3,3582.2,3582.3,3582.7,4534.9,4534.5,4534.6,6340.0,6342.7,6342.6,8812.8,8813.0,8813.4,5333.8,5333.9,5335.1,7598.4,7597.2,7598.0,6244.9,6244.9,6242.0,1895.7,1894.2,1894.0,3773.4,3773.4,3774.3,2654.2,2653.4,2653.5,2951.6,2952.0,2950.9,27.450001,27.540001,going to home base
2024-04-12T21:04:05Z,2421.6,2421.2,2421.2,2696.7,2696.7,2697.0,5805.5,5804.6,5805.0,2386.1,2386.8,2386.9,3582.3,3581.5,3581.2,4534.3,4534.4,4533.7,6340.9,6340.4,6340.9,8812.9,8811.9,8812.4,5334.1,5334.5,5334.7,7600.2,7598.9,7600.2,6247.1,6246.4,6245.4,1896.0,1894.7,1894.5,3773.5,3773.2,3774.2,2654.2,2653.4,2653.7,2952.4,2950.9,2952.0,27.450001,27.559999,going to home base
2024-04-12T21:04:10Z,2421.6,2420.9,2421.0,2697.6,2697.4,2698.1,5805.5,5804.7,5805.0,2386.6,2386.3,2386.8,3582.3,3582.4,3581.8,4534.0,4534.0,4534.4,6339.7,6339.7,6338.8,8812.4,8812.3,8812.3,5335.3,5335.0,5335.4,7600.7,7598.9,7600.5,6242.0,6243.4,6243.5,1895.8,1894.7,1894.8,3773.0,3773.0,3773.6,2653.8,2653.0,2652.5,2953.2,2952.1,2952.9,27.480000,27.629999,going to home base
2024-04-12T21:04:15Z,2421.7,2421.3,2421.4,2697.1,2696.9,2696.8,5805.8,5805.1,5805.9,2386.7,2386.6,2387.1,3581.9,3581.5,3581.4,4533.8,4534.3,4533.8,6339.9,6339.8,6340.5,8811.7,8812.8,8812.5,5335.4,5335.2,5336.7,7599.9,7598.3,7598.4,6243.2,6245.1,6243.2,1896.0,1893.9,1894.1,3772.4,3772.5,3773.1,2654.6,2653.2,2653.4,2952.3,2951.0,2952.1,27.459999,27.580000,going to home base
2024-04-12T21:04:20Z,2421.8,2421.4,2421.2,2696.4,2695.9,2696.2,5804.6,5804.6,5804.3,2386.3,2386.4,2386.8,3581.6,3580.8,3580.9,4534.2,4534.1,4534.3,6340.6,6337.9,6340.0,8814.1,8812.5,8812.0,5334.5,5334.5,5335.8,7601.9,7598.3,7600.2,6243.1,6242.5,6245.1,1896.0,1894.8,1894.7,3772.5,3772.9,3773.6,2653.8,2652.9,2653.6,2953.1,2952.8,2953.9,27.480000,27.600000,going to home base
2024-04-12T21:04:25Z,2421.8,2421.1,2421.3,2696.4,2696.4,2696.7,5804.8,5804.6,5804.4,2385.5,2386.1,2386.9,3581.7,3581.4,3581.3,4534.4,4534.9,4534.0,6338.4,6338.5,6340.4,8813.4,8812.8,8812.5,5335.5,5334.2,5335.7,7600.3,7598.3,7599.3,6246.5,6245.5,6245.7,1896.5,1894.9,1894.9,3772.2,3772.7,3773.3,2654.0,2652.6,2653.4,2952.8,2952.9,2953.0,27.459999,27.540001,going to home base
2024-04-12T21:04:30Z,2422.0,2421.2,2421.6,2696.9,2696.4,2697.3,5805.2,5804.5,5804.2,2385.3,2385.9,2385.8,3581.5,3582.1,3581.5,4533.6,4533.9,4533.6,6340.8,6339.0,6342.2,8813.6,8813.0,8815.9,5336.4,5335.4,5336.6,7599.8,7599.0,7598.9,6249.2,6247.9,6247.3,1896.1,1894.4,1894.4,3774.4,3773.9,3774.5,2653.8,2653.3,2652.9,2952.1,2952.7,2953.2,27.490000,27.600000,going to home base
2024-04-12T21:04:35Z,2421.8,2420.8,2421.1,2695.8,2695.8,2696.3,5805.6,5804.9,5805.3,2385.6,2385.5,2386.3,3581.4,3581.0,3581.0,4534.4,4533.2,4533.4,6337.7,6337.8,6337.8,8814.2,8813.6,8813.4,5334.6,5335.1,5334.9,7599.5,7598.6,7599.4,6242.8,6243.6,6244.0,1896.1,1894.7,1894.7,3774.7,3774.0,3775.0,2654.2,2653.4,2652.9,2952.6,2952.0,2952.7,27.459999,27.610001,going to home base
2024-04-12T21:04:40Z,2421.9,2421.2,2421.6,2696.3,2696.9,2696.5,5805.5,5804.2,5804.8,2385.6,2385.4,2386.3,3581.6,3581.3,3580.6,4533.9,4533.3,4533.9,6337.9,6338.2,6339.0,8814.8,8812.2,8812.3,5336.3,5335.4,5335.2,7600.0,7597.4,7597.7,6245.7,6245.2,6245.9,1895.3,1894.2,1894.0,3774.0,3774.2,3774.9,2654.9,2654.4,2653.8,2952.7,2952.4,2952.5,27.480000,27.580000,going to home base
2024-04-12T21:04:45Z,2421.8,2421.0,2421.3,2697.0,2697.0,2696.9,5805.7,5805.5,5806.2,2386.1,2385.9,2386.8,3581.7,3581.5,3581.4,4533.6,4533.5,4533.7,6337.7,6339.3,6339.5,8814.3,8813.7,8812.5,5334.3,5333.2,5335.0,7598.3,7598.0,7598.1,6244.4,6242.9,6244.7,1895.5,1894.1,1894.2,3773.5,3773.2,3774.1,2654.4,2653.6,2653.5,2952.5,2951.9,2951.8,27.480000,27.570000,going to home base
2024-04-12T21:04:50Z,2421.2,2420.5,2420.9,2697.1,2696.2,2696.7,5805.3,5805.1,5805.5,2386.8,2387.2,2387.4,3582.2,3581.7,3581.8,4534.1,4533.7,4534.2,6338.2,6338.0,6338.2,8814.3,8813.6,8814.6,5335.7,5335.6,5336.4,7598.8,7599.0,7598.0,6243.0,6241.5,6245.2,1895.9,1894.7,1894.6,3772.9,3772.8,3773.7,2654.3,2653.8,2654.2,2952.1,2951.8,2951.2,27.459999,27.570000,going to home base
2024-04-12T21:04:55Z,2421.5,2421.3,2421.1,2696.1,2695.6,2696.0,5805.1,5805.0,5805.2,2386.2,2385.7,2385.9,3580.5,3580.8,3581.8,4533.5,4533.9,4534.2,6337.8,6338.2,6339.5,8813.5,8812.8,8813.0,5336.4,5335.3,5336.0,7600.2,7599.0,7597.1,6244.1,6244.3,6243.2,1895.5,1894.3,1894.0,3772.6,3773.0,3773.1,2654.2,2653.0,2653.3,2952.6,2951.7,2953.4,27.480000,27.570000,going to home base
2024-04-12T21:05:00Z,2421.6,2420.8,2421.0,2696.3,2696.3,2696.3,5805.4,5805.0,5805.1,2386.1,2386.1,2386.8,3580.2,3580.1,3580.5,4533.9,4533.8,4533.7,6338.7,6338.1,6338.5,8815.2,8813.9,8813.1,5336.0,5335.9,5336.8,7599.6,7598.2,7598.4,6247.1,6247.2,6246.9,1895.9,1894.2,1894.3,3772.1,3772.9,3773.6,2653.9,2653.2,2653.2,2952.0,2951.0,2952.0,27.450001,27.559999,going to home base
2024-04-12T21:05:05Z,2422.4,2421.9,2422.1,2696.4,2696.4,2697.1,5805.4,5805.0,5805.0,2385.3,2385.2,2385.4,3581.6,3581.4,3581.5,4533.9,4534.1,4533.7,6340.3,6340.1,6340.5,8814.4,8813.7,8814.1,5334.8,5334.5,5335.0,7599.2,7599.8,7599.9,6243.5,6243.2,6242.1,1896.0,1894.5,1894.6,3772.7,3773.0,3773.9,2653.9,2652.3,2652.7,2950.6,2950.0,2950.8,27.450001,27.600000,going to home base
2024-04-12T21:05:10Z,2420.8,2420.5,2421.4,2696.4,2696.2,2696.5,5805.8,5805.4,5805.3,2386.0,2386.0,2386.3,3581.3,3581.3,3581.3,4533.5,4533.2,4533.4,6339.8,6338.9,6340.5,8814.6,8813.4,8813.2,5335.0,5335.0,5334.4,7599.1,7598.4,7598.8,6241.9,6241.1,6243.7,1896.0,1894.8,1894.6,3772.3,3773.0,3773.7,2654.1,2653.1,2653.4,2952.1,2951.8,2952.9,27.450001,27.580000,going to home base
2024-04-12T21:05:15Z,2422.1,2421.6,2421.9,2696.6,2696.5,2696.9,5806.1,5805.7,5805.5,2386.7,2386.7,2386.9,3581.2,3582.4,3581.6,4533.8,4533.7,4534.0,6342.1,6340.8,6341.8,8813.5,8813.2,8813.8,5333.7,5334.3,5335.2,7599.6,7599.8,7599.0,6240.5,6240.7,6242.0,1895.8,1894.6,1894.4,3772.0,3772.5,3773.1,2653.9,2652.7,2653.3,2950.7,2950.7,2949.6,27.450001,27.610001,going to home base
2024-04-12T21:05:20Z,2422.1,2421.2,2421.7,2696.7,2696.7,2697.2,5805.8,5805.4,5805.5,2386.7,2387.0,2386.7,3580.4,3580.4,3579.6,4534.2,4534.1,4534.0,6339.5,6340.1,6341.4,8815.5,8813.0,8814.0,5335.0,5334.9,5335.7,7600.2,7598.9,7599.0,6242.9,6242.2,6241.5,1896.4,1894.8,1894.5,3772.2,3772.4,3773.2,2653.0,2652.1,2652.2,2952.3,2952.1,2951.6,27.459999,27.510000,going to home base
2024-04-12T21:05:25Z,2422.1,2421.6,2421.6,2695.6,2695.8,2696.1,5805.9,5805.6,5805.4,2386.1,2386.6,2387.5,3581.4,3580.6,3580.8,4534.3,4533.8,4533.7,6337.9,6338.4,6338.0,8817.2,8816.6,8817.3,5334.3,5333.9,5334.1,7599.5,7598.7,7597.4,6245.2,6245.2,6244.6,1895.6,1894.1,1894.1,3772.4,3772.7,3773.2,2653.2,2652.7,2652.9,2950.5,2949.9,2949.8,27.480000,27.570000,going to home base
2024-04-12T21:05:30Z,2421.5,2420.9,2421.4,2697.0,2696.8,2697.0,5806.4,5805.9,5806.3,2385.7,2385.4,2386.1,3581.2,3580.2,3580.3,4533.5,4534.0,4533.8,6338.0,6337.4,6337.2,8812.8,8811.2,8812.7,5335.2,5334.7,5336.6,7598.1,7597.7,7597.7,6246.1,6245.0,6245.2,1895.5,1894.1,1894.2,3771.8,3772.2,3772.3,2653.4,2652.9,2652.7,2951.4,2951.3,2951.0,27.450001,27.570000,going to home base
2024-04-12T21:05:35Z,2422.1,2421.1,2421.2,2697.0,2697.6,2697.3,5806.1,5805.1,5805.7,2385.6,2385.4,2386.3,3581.2,3580.8,3580.9,4533.5,4533.6,4533.3,6339.4,6338.7,6338.2,8814.0,8813.6,8813.7,5334.8,5333.8,5335.8,7598.9,7599.5,7598.9,6242.9,6243.6,6242.9,1895.7,1894.3,1894.2,3773.8,3773.9,3774.4,2653.5,2652.9,2653.3,2952.0,2951.2,2951.9,27.450001,27.580000,going to home base
2024-04-12T21:05:40Z,2421.2,2420.4,2420.7,2696.2,2696.2,2696.7,5805.9,5805.0,5805.1,2386.3,2386.3,2386.5,3581.2,3580.7,3580.4,4534.0,4534.0,4534.1,6337.4,6336.2,6338.6,8813.5,8811.3,8812.6,5334.6,5334.1,5334.6,7598.6,7598.1,7597.4,6242.1,6244.2,6245.1,1895.9,1894.5,1894.0,3772.7,3773.1,3774.4,2653.8,2652.9,2652.9,2951.6,2951.6,2950.0,27.459999,27.530001,going to home base
2024-04-12T21:05:45Z,2421.5,2420.9,2421.3,2696.2,2696.4,2697.0,5806.5,5806.3,5806.0,2386.4,2386.2,2386.8,3581.1,3580.9,3581.0,4534.2,4534.0,4534.4,6338.8,6337.7,6338.9,8811.8,8812.6,8810.7,5334.1,5333.9,5334.2,7599.8,7598.9,7598.1,6241.4,6242.9,6242.4,1895.5,1894.0,1893.8,3772.6,3772.3,3773.0,2653.1,2652.2,2652.5,2951.6,2951.1,2952.4,27.459999,27.580000,going to home base
2024-04-12T21:05:50Z,2422.3,2421.4,2421.8,2696.1,2696.0,2696.5,5806.0,5804.9,5805.7,2386.5,2386.8,2387.2,3581.4,3581.3,3580.8,4533.9,4534.0,4534.1,6335.9,6336.6,6336.9,8814.0,8813.8,8813.6,5335.9,5335.9,5336.6,7599.0,7595.3,7597.3,6244.3,6243.5,6244.0,1896.2,1895.0,1894.6,3773.2,3773.8,3774.2,2652.1,2651.7,2652.1,2953.4,2951.9,2951.8,27.450001,27.610001,going to home base
2024-04-12T21:05:55Z,2422.4,2421.3,2421.7,2696.0,2696.2,2696.4,5804.9,5804.6,5804.6,2385.7,2385.5,2385.8,3581.1,3581.2,3580.6,4534.3,4534.1,4533.6,6337.5,6338.4,6338.1,8813.6,8812.5,8813.4,5333.2,5333.2,5333.5,7596.7,7595.0,7595.8,6245.2,6246.1,6245.1,1895.0,1893.6,1893.6,3773.1,3772.9,3773.7,2652.4,2652.0,2651.7,2952.3,2951.1,2952.4,27.480000,27.540001,going to home base
2024-04-12T21:06:00Z,2421.9,2421.1,2421.4,2696.1,2695.8,2696.4,5805.3,5805.4,5805.1,2386.2,2385.5,2385.9,3582.0,3581.7,3581.4,4533.3,4533.1,4533.2,6339.4,6338.0,6339.0,8814.3,8811.5,8812.8,5332.9,5333.9,5334.5,7598.8,7595.5,7597.4,6243.1,6243.6,6244.4,1895.1,1893.9,1893.8,3771.7,3771.8,3772.6,2653.7,2652.3,2652.9,2952.7,2952.4,2953.1,27.490000,27.559999,going to home base
2024-04-12T21:06:05Z,2421.2,2420.7,2420.9,2696.0,2696.2,2696.7,5805.4,5805.1,5805.5,2385.8,2385.6,2385.9,3581.4,3581.4,3581.2,4533.8,4533.9,4533.3,6340.0,6339.4,6338.8,8811.4,8812.2,8811.3,5334.8,5334.3,5334.5,7594.5,7593.2,7594.2,6245.1,6246.8,6246.5,1895.2,1894.2,1894.2,3771.3,3771.6,3772.6,2652.7,2652.2,2652.3,2951.2,2950.7,2950.7,27.459999,27.530001,going to home base
2024-04-12T21:06:10Z,2421.1,2420.2,2420.3,2696.4,2695.9,2696.3,5805.5,5805.5,5805.5,2385.6,2384.7,2385.5,3581.6,3581.6,3581.8,4533.7,4533.4,4533.4,6339.3,6339.4,6338.4,8812.7,8811.0,8811.6,5333.9,5333.2,5335.1,7594.0,7595.9,7594.7,6246.7,6245.4,6246.8,1895.5,1894.1,1893.9,3771.7,3772.0,3773.1,2653.7,2652.8,2652.4,2951.3,2951.7,2951.8,27.450001,27.549999,going to home base
2024-04-12T21:06:15Z,2421.1,2420.5,2420.4,2696.4,2696.0,2696.6,5805.1,5804.8,5804.7,2385.9,2385.6,2386.0,3581.5,3581.1,3582.0,4533.9,4534.1,4533.7,6339.0,6339.9,6340.0,8812.3,8812.0,8813.2,5335.3,5336.0,5335.7,7595.5,7594.5,7594.2,6245.1,6244.3,6247.1,1894.9,1893.5,1893.6,3771.7,3771.9,3772.9,2653.5,2652.5,2653.0,2953.2,2952.7,2953.2,27.459999,27.580000,going to home base
2024-04-12T21:06:20Z,2421.2,2420.5,2420.5,2696.7,2696.5,2696.6,5804.8,5804.4,5804.0,2385.2,2385.4,2385.8,3581.3,3580.9,3581.5,4533.9,4533.3,4533.3,6340.1,6340.6,6339.0,8812.8,8812.1,8811.1,5336.1,5335.0,5334.5,7596.6,7596.0,7594.7,6245.8,6246.4,6247.3,1895.8,1893.7,1893.9,3772.4,3772.2,3773.2,2653.0,2651.5,2652.1,2952.7,2952.0,2952.7,27.480000,27.559999,going to home base
2024-04-12T21:06:25Z,2421.3,2420.5,2420.7,2696.3,2695.9,2696.4,5805.0,5804.3,5804.6,2385.5,2385.0,2385.0,3582.0,3581.4,3581.3,4534.0,4533.4,4533.2,6340.2,6340.2,6339.9,8813.5,8813.5,8811.3,5335.4,5334.5,5336.3,7596.2,7594.5,7596.2,6245.3,6246.2,6245.6,1895.3,1893.7,1893.5,3773.0,3773.4,3773.9,2652.8,2652.3,2652.0,2952.7,2952.8,2951.7,27.450001,27.549999,going to home base
2024-04-12T21:06:30Z,2421.4,2420.6,2420.9,2696.0,2695.6,2696.2,5804.6,5804.4,5804.3,2385.0,2385.0,2385.5,3581.9,3581.3,3581.4,4533.3,4533.1,4533.4,6339.5,6338.8,6337.4,8811.4,8811.5,8811.6,5334.7,5335.7,5336.4,7596.9,7596.5,7595.8,6243.8,6244.8,6243.2,1895.5,1893.7,1893.6,3771.5,3771.0,3772.7,2652.5,2651.9,2651.7,2951.7,2950.6,2951.5,27.450001,27.610001,going to home base
2024-04-12T21:06:35Z,2421.0,2420.3,2420.8,2697.0,2696.6,2697.4,5804.7,5803.7,5804.0,2384.1,2383.9,2384.3,3580.5,3580.8,3580.8,4533.4,4533.4,4532.9,6338.1,6337.9,6340.7,8812.6,8813.1,8814.1,5336.0,5336.3,5335.8,7597.7,7597.2,7598.5,6242.5,6243.3,6243.3,1895.4,1893.5,1893.3,3770.9,3770.8,3771.4,2652.9,2652.1,2652.5,2954.5,2953.8,2953.7,27.459999,27.540001,going to home base
2024-04-12T21:06:40Z,2421.9,2421.1,2421.6,2695.8,2695.5,2695.8,5804.9,5804.9,5804.8,2385.9,2386.5,2386.9,3581.2,3580.8,3580.6,4533.0,4533.3,4533.5,6339.8,6339.1,6340.0,8814.5,8814.4,8814.3,5334.6,5333.1,5333.9,7597.5,7596.3,7594.8,6242.6,6240.8,6242.9,1895.0,1893.6,1893.4,3772.0,3771.4,3771.8,2652.7,2651.8,2652.3,2953.1,2952.2,2952.1,27.459999,27.580000,going to home base
2024-04-12T21:06:45Z,2421.8,2421.2,2421.4,2697.2,2697.0,2697.1,5805.2,5804.5,5804.5,2385.1,2385.0,2385.9,3581.5,3580.7,3580.6,4533.0,4532.9,4533.1,6340.7,6339.7,6341.1,8813.9,8812.7,8814.2,5335.5,5334.5,5335.1,7595.8,7592.9,7595.7,6242.6,6241.8,6240.4,1895.1,1893.3,1893.5,3770.7,3771.0,3772.0,2652.9,2651.6,2651.6,2952.3,2951.8,2952.9,27.440001,27.629999,going to home base
2024-04-12T21:06:50Z,2421.6,2421.2,2421.2,2697.6,2696.7,2696.4,5805.2,5804.5,5805.0,2385.5,2385.4,2386.1,3580.8,3579.8,3580.4,4533.3,4533.3,4532.7,6341.2,6340.9,6341.0,8811.5,8814.5,8813.5,5335.8,5335.5,5336.4,7597.6,7597.4,7596.7,6244.2,6242.6,6242.5,1895.1,1893.8,1894.0,3772.6,3772.8,3773.2,2652.9,2652.4,2652.5,2952.6,2952.0,2952.3,27.480000,27.570000,going to home base
2024-04-12T21:06:55Z,2421.4,2420.7,2421.2,2696.3,2696.3,2696.2,5804.5,5804.4,5804.6,2385.1,2384.5,2385.2,3580.8,3580.8,3580.3,4533.9,4533.7,4533.7,6343.5,6343.7,6342.6,8812.4,8810.7,8811.7,5334.9,5334.4,5334.9,7597.6,7596.4,7596.6,6246.3,6245.9,6246.2,1895.4,1894.1,1893.7,3771.8,3772.1,3773.1,2653.1,2652.1,2652.7,2953.1,2951.1,2953.2,27.459999,27.570000,going to home base
2024-04-12T21:07:00Z,2422.0,2421.1,2421.9,2696.0,2696.3,2696.0,5804.9,5804.6,5804.7,2385.5,2385.7,2386.0,3580.7,3580.0,3580.8,4533.6,4533.8,4533.6,6343.2,6342.6,6341.1,8814.9,8813.8,8812.7,5336.2,5335.0,5336.0,7596.8,7596.2,7597.3,6246.9,6245.8,6245.6,1895.1,1893.7,1893.8,3770.9,3771.1,3772.2,2652.0,2651.0,2651.8,2955.1,2954.8,2953.8,27.490000,27.530001,going to home base
2024-04-12T21:07:05Z,2422.4,2421.7,2421.7,2697.0,2696.5,2697.0,5804.6,5804.2,5804.6,2385.0,2385.2,2385.4,3581.1,3580.7,3580.2,4533.3,4533.5,4533.6,6341.6,6341.3,6343.4,8812.5,8812.0,8812.2,5336.3,5336.8,5336.8,7598.8,7597.8,7598.4,6245.6,6245.8,6245.0,1895.4,1893.9,1893.8,3771.1,3771.7,3772.7,2651.9,2651.7,2651.6,2953.4,2952.9,2953.4,27.459999,27.610001,going to home base
2024-04-12T21:07:10Z,2422.1,2421.2,2421.6,2696.3,2696.5,2696.3,5804.8,5805.0,5804.9,2385.2,2384.7,2385.6,3579.3,3580.4,3580.3,4533.3,4532.7,4533.5,6339.6,6340.4,6339.8,8812.9,8811.5,8812.3,5336.4,5335.2,5336.5,7596.4,7594.8,7597.3,6244.4,6244.3,6244.5,1895.4,1893.5,1893.4,3771.0,3771.0,3771.9,2653.2,2652.0,2652.2,2951.8,2951.8,2951.5,27.459999,27.570000,going to home base
2024-04-12T21:07:15Z,2422.1,2421.3,2421.6,2695.7,2695.4,2695.5,5805.5,5804.9,5804.8,2384.5,2384.3,2385.0,3581.4,3580.2,3580.9,4534.0,4533.8,4533.5,6340.3,6338.5,6339.9,8814.2,8813.0,8812.2,5335.9,5334.7,5336.0,7598.9,7598.2,7598.3,6242.2,6243.2,6244.5,1895.4,1894.0,1893.8,3772.7,3772.5,3773.3,2652.8,2651.9,2652.6,2952.7,2951.8,2952.5,27.459999,27.610001,going to home base
2024-04-12T21:07:20Z,2421.9,2421.4,2421.3,2696.0,2696.0,2696.8,5805.7,5805.4,5805.2,2386.2,2386.0,2386.5,3582.4,3581.5,3581.7,4533.7,4533.8,4533.3,6340.5,6340.4,6341.7,8812.5,8813.5,8811.3,5336.7,5336.0,5337.5,7597.2,7597.1,7597.9,6242.8,6242.9,6244.2,1895.6,1893.5,1893.9,3771.8,3771.5,3772.2,2652.7,2651.4,2651.4,2953.3,2952.9,2952.9,27.459999,27.580000,going to home base
2024-04-12T21:07:25Z,2421.8,2421.2,2421.3,2695.8,2696.5,2696.9,5805.8,5805.4,5805.6,2385.3,2385.0,2385.8,3580.9,3580.8,3580.3,4533.3,4533.5,4533.1,6340.2,6342.3,6343.0,8810.9,8812.0,8810.2,5335.1,5335.0,5335.0,7599.5,7597.9,7600.1,6245.1,6246.3,6245.3,1895.0,1893.5,1893.7,3772.4,3772.2,3773.7,2653.1,2652.1,2652.9,2953.1,2953.2,2953.8,27.459999,27.629999,going to home base
2024-04-12T21:07:30Z,2421.6,2421.4,2421.3,2695.7,2696.0,2696.4,5805.5,5805.1,5805.6,2385.9,2385.6,2386.0,3581.6,3580.7,3580.6,4534.1,4534.1,4533.7,6339.8,6340.3,6341.7,8811.2,8810.6,8809.5,5334.8,5334.7,5334.5,7598.4,7597.4,7598.1,6245.4,6246.1,6246.5,1895.3,1894.1,1893.5,3773.0,3772.6,3773.8,2652.5,2651.4,2652.0,2952.8,2953.3,2953.6,27.459999,27.650000,going to home base
2024-04-12T21:07:35Z,2422.0,2420.9,2421.6,2695.5,2695.9,2696.1,5804.7,5804.2,5804.4,2385.0,2385.7,2385.9,3582.0,3580.8,3580.3,4533.2,4533.3,4533.3,6342.7,6342.1,6341.0,8810.0,8809.8,8809.7,5335.8,5335.0,5336.4,7600.1,7599.8,7599.0,6246.9,6246.3,6247.7,1895.4,1893.9,1893.8,3772.9,3773.1,3774.0,2652.2,2651.2,2650.9,2951.4,2950.8,2951.7,27.480000,27.580000,going to home base
2024-04-12T21:07:40Z,2421.4,2421.2,2421.8,2695.9,2696.3,2696.5,5805.1,5805.5,5805.2,2386.0,2385.8,2385.9,3581.2,3581.0,3581.0,4534.2,4533.5,4533.3,6338.7,6338.0,6338.4,8809.5,8808.8,8811.0,5336.0,5336.7,5337.3,7599.2,7598.9,7598.9,6241.5,6243.5,6243.3,1895.8,1894.4,1894.1,3771.7,3772.0,3773.0,2653.0,2652.5,2652.3,2954.5,2953.9,2954.0,27.480000,27.580000,going to home base
2024-04-12T21:07:45Z,2420.8,2420.3,2420.3,2696.9,2696.7,2696.7,5804.6,5804.9,5805.3,2385.6,2385.3,2385.2,3581.0,3580.9,3580.9,4533.7,4533.6,4533.4,6340.9,6341.9,6341.4,8811.6,8809.2,8809.7,5336.2,5335.2,5338.0,7599.9,7598.8,7600.2,6244.7,6243.6,6245.6,1895.3,1893.9,1893.9,3771.6,3771.7,3772.5,2653.4,2652.6,2652.2,2953.4,2951.8,2952.7,27.480000,27.570000,going to home base
2024-04-12T21:07:50Z,2421.9,2421.2,2421.2,2696.1,2696.5,2696.5,5804.7,5804.4,5804.5,2385.6,2385.7,2385.7,3581.1,3580.9,3580.5,4533.8,4533.2,4533.0,6338.8,6338.5,6339.9,8810.2,8809.3,8811.5,5337.3,5337.2,5336.1,7599.5,7598.8,7600.2,6243.4,6242.3,6242.8,1895.0,1894.1,1893.9,3771.7,3771.6,3772.9,2652.5,2652.2,2652.4,2952.3,2951.8,2952.8,27.459999,27.570000,going to home base
2024-04-12T21:07:55Z,2421.6,2421.1,2421.2,2696.3,2695.8,2695.8,5804.1,5803.7,5803.3,2385.9,2385.8,2386.3,3580.8,3580.9,3580.7,4533.3,4533.1,4533.0,6340.6,6339.5,6340.1,8811.2,8810.8,8811.2,5335.3,5334.4,5337.1,7600.3,7597.8,7598.9,6244.8,6243.7,6244.4,1895.3,1893.6,1893.7,3771.6,3771.7,3772.9,2653.7,2653.1,2652.7,2951.9,2951.2,2951.6,27.450001,27.580000,going to home base
2024-04-12T21:08:00Z,2421.2,2420.3,2420.5,2696.2,2696.1,2696.4,5804.9,5804.4,5804.5,2386.0,2386.1,2386.2,3579.9,3580.0,3580.5,4533.8,4533.3,4533.2,6340.5,6339.6,6339.0,8811.6,8809.9,8811.0,5334.8,5334.7,5334.3,7599.8,7597.0,7597.7,6241.6,6241.3,6243.6,1895.2,1893.8,1893.7,3771.8,3772.3,3772.5,2652.9,2652.3,2652.0,2952.5,2952.7,2953.3,27.450001,27.570000,going to home base
2024-04-12T21:08:05Z,2420.8,2420.3,2420.3,2696.1,2696.0,2696.0,5804.5,5803.8,5803.9,2386.3,2385.8,2385.8,3581.3,3581.2,3581.2,4533.9,4533.4,4533.7,6338.5,6338.8,6339.8,8811.7,8810.5,8811.5,5333.7,5334.7,5334.6,7597.5,7597.4,7596.3,6243.2,6241.9,6243.2,1895.4,1893.9,1893.6,3771.7,3771.9,3772.4,2652.3,2651.8,2651.9,2954.0,2953.2,2953.3,27.480000,27.580000,going to home base
2024-04-12T21:08:10Z,2420.8,2420.1,2420.4,2696.4,2696.3,2696.8,5804.9,5803.9,5804.4,2385.2,2385.6,2386.1,3581.9,3580.9,3580.6,4533.3,4533.2,4533.5,6339.1,6339.6,6338.2,8812.5,8815.0,8813.8,5334.9,5334.0,5335.4,7597.9,7598.1,7599.4,6242.0,6242.5,6242.5,1894.7,1893.5,1893.9,3771.8,3771.5,3772.3,2652.8,2652.2,2651.7,2952.2,2952.4,2953.1,27.450001,27.559999,going to home base
2024-04-12T21:08:15Z,2420.9,2420.0,2420.1,2695.8,2695.7,2695.8,5804.0,5803.7,5803.8,2385.4,2385.7,2385.6,3580.6,3580.5,3580.1,4533.2,4532.7,4532.8,6338.3,6338.4,6339.1,8812.9,8812.3,8812.8,5334.2,5334.4,5336.1,7599.6,7598.2,7597.8,6244.3,6243.1,6243.9,1895.1,1893.7,1893.7,3771.4,3771.1,3772.2,2652.6,2652.2,2652.4,2953.0,2952.2,2952.5,27.459999,27.540001,going to home base
2024-04-12T21:08:20Z,2421.1,2420.5,2421.1,2696.5,2696.0,2696.1,5804.5,5803.9,5803.6,2385.6,2385.3,2386.0,3580.5,3580.3,3580.6,4533.2,4533.2,4533.0,6341.1,6338.5,6338.1,8809.6,8810.5,8810.1,5335.0,5333.9,5335.0,7598.0,7597.0,7598.2,6244.6,6244.9,6244.3,1895.6,1894.1,1894.5,3771.7,3771.1,3772.4,2652.4,2651.7,2651.8,2952.6,2952.3,2951.8,27.450001,27.570000,going to home base
2024-04-12T21:08:25Z,2420.9,2420.1,2420.6,2696.4,2696.0,2696.5,5803.7,5802.9,5803.3,2385.3,2385.3,2385.2,3581.2,3580.5,3581.0,4533.6,4533.7,4533.6,6340.8,6340.6,6340.8,8813.3,8812.6,8812.3,5335.2,5334.9,5335.0,7597.9,7598.3,7597.8,6242.1,6242.3,6241.4,1894.9,1893.5,1893.4,3771.3,3771.3,3771.6,2651.5,2650.6,2651.1,2952.3,2952.0,2951.4,27.480000,27.559999,going to home base
2024-04-12T21:08:30Z,2420.7,2420.0,2420.3,2696.5,2696.0,2696.7,5803.9,5803.4,5803.2,2385.0,2385.6,2386.2,3580.2,3580.2,3580.2,4533.2,4532.8,4532.8,6339.8,6340.3,6340.0,8812.0,8810.8,8811.5,5333.6,5332.8,5334.2,7597.7,7597.2,7597.2,6239.9,6241.0,6241.5,1895.0,1893.2,1893.1,3770.5,3770.2,3771.3,2651.6,2651.1,2651.2,2951.9,2951.2,2951.0,27.459999,27.610001,going to home base
2024-04-12T21:08:35Z,2421.6,2420.9,2421.5,2696.5,2696.4,2696.2,5804.3,5803.4,5803.6,2385.6,2385.5,2386.1,3579.7,3579.7,3579.5,4533.7,4533.4,4533.6,6337.7,6338.0,6339.4,8809.2,8809.6,8809.6,5333.8,5333.6,5335.8,7597.0,7596.8,7598.4,6242.0,6241.4,6242.1,1895.5,1893.6,1894.0,3771.2,3771.0,3771.9,2652.1,2651.0,2651.2,2951.4,2950.8,2951.1,27.459999,27.540001,going to home base
2024-04-12T21:08:40Z,2421.5,2421.0,2421.0,2695.9,2695.3,2696.4,5804.2,5803.4,5804.1,2385.2,2384.9,2385.1,3580.5,3580.4,3580.6,4533.2,4533.5,4533.4,6339.4,6338.7,6337.8,8809.1,8810.7,8809.1,5334.2,5333.9,5334.8,7598.1,7598.4,7596.2,6243.2,6242.8,6243.2,1895.2,1893.7,1893.9,3770.8,3770.6,3771.3,2652.4,2651.8,2651.3,2951.0,2951.2,2951.3,27.459999,27.549999,going to home base
2024-04-12T21:08:45Z,2420.5,2420.6,2420.5,2696.2,2695.2,2695.5,5803.6,5803.6,5803.2,2385.2,2385.2,2385.5,3580.9,3580.1,3580.4,4532.5,4532.3,4532.9,6340.9,6338.1,6339.0,8808.0,8808.6,8810.0,5333.2,5333.0,5333.4,7597.0,7598.1,7596.5,6240.5,6240.1,6242.1,1896.1,1894.4,1894.0,3770.1,3770.3,3771.3,2651.9,2651.1,2650.9,2952.7,2952.3,2952.2,27.450001,27.530001,going to home base
2024-04-12T21:08:50Z,2420.5,2419.8,2420.9,2695.2,2694.9,2695.7,5803.7,5803.3,5803.4,2384.9,2385.0,2385.5,3580.5,3580.3,3580.4,4533.1,4532.6,4532.5,6338.7,6337.3,6339.2,8810.5,8810.6,8811.3,5334.6,5334.6,5334.6,7596.9,7595.5,7597.8,6241.5,6240.9,6241.9,1896.1,1894.1,1894.3,3770.8,3771.6,3771.2,2652.9,2651.5,2652.3,2950.8,2949.1,2950.3,27.450001,27.530001,going to home base
2024-04-12T21:08:55Z,2421.7,2421.1,2421.3,2695.0,2694.9,2695.0,5803.3,5802.6,5803.2,2385.2,2385.1,2385.8,3579.9,3579.6,3579.5,4532.9,4532.8,4532.7,6340.5,6341.1,6341.3,8809.1,8809.1,8810.2,5333.4,5333.4,5333.8,7595.3,7593.9,7593.9,6243.2,6242.6,6244.5,1895.2,1893.5,1892.9,3769.2,3770.0,3770.6,2652.3,2651.1,2651.6,2951.0,2950.5,2950.2,27.450001,27.600000,going to home base
2024-04-12T21:09:00Z,2421.4,2420.8,2421.1,2695.4,2695.6,2695.8,5803.5,5802.9,5803.4,2384.1,2384.6,2384.7,3580.6,3580.5,3580.0,4533.5,4532.9,4533.3,6336.1,6335.9,6336.7,8810.6,8809.5,8809.6,5332.4,5333.5,5333.7,7594.8,7593.3,7594.2,6244.1,6242.6,6243.6,1895.4,1893.9,1893.9,3769.9,3769.7,3771.0,2651.1,2650.6,2651.4,2952.2,2952.2,2953.0,27.459999,27.540001,going to home base
2024-04-12T21:09:05Z,2420.7,2420.2,2420.1,2695.8,2695.6,2696.0,5803.1,5803.0,5802.8,2384.8,2384.8,2385.2,3580.6,3580.8,3581.0,4532.5,4532.0,4532.3,6339.5,6336.5,6337.8,8808.5,8809.9,8808.3,5332.0,5330.5,5331.4,7597.0,7596.7,7597.8,6242.0,6240.9,6242.0,1894.9,1893.6,1893.4,3769.6,3770.6,3771.1,2651.8,2650.8,2651.2,2951.4,2951.0,2951.1,27.480000,27.559999,going to home base
2024-04-12T21:09:10Z,2420.9,2420.3,2420.3,2695.8,2695.6,2695.6,5803.3,5802.3,5801.8,2384.8,2385.2,2385.5,3580.8,3580.6,3580.3,4532.4,4532.1,4532.9,6335.8,6335.2,6335.2,8810.7,8809.4,8809.4,5332.9,5331.9,5333.1,7597.2,7595.6,7595.6,6241.8,6241.9,6242.5,1894.3,1893.2,1893.3,3771.0,3770.8,3771.3,2651.3,2650.4,2650.4,2951.4,2952.0,2951.5,27.459999,27.540001,going to home base
2024-04-12T21:09:15Z,2421.2,2420.6,2420.7,2695.6,2694.8,2695.5,5802.7,5801.9,5802.4,2384.7,2384.4,2384.9,3579.8,3580.2,3579.6,4532.8,4532.2,4532.4,6335.9,6336.0,6335.5,8812.2,8810.4,8811.2,5331.6,5331.1,5332.2,7595.6,7595.6,7594.7,6240.1,6241.1,6242.5,1894.3,1892.9,1892.8,3770.3,3770.4,3771.0,2651.7,2650.9,2651.0,2951.7,2951.6,2951.5,27.490000,27.530001,going to home base
2024-04-12T21:09:20Z,2421.2,2420.3,2420.7,2695.2,2695.3,2695.6,5803.4,5803.0,5803.0,2384.6,2385.0,2385.4,3580.3,3580.3,3580.0,4531.8,4532.3,4532.3,6339.4,6339.1,6338.5,8809.1,8808.5,8809.5,5332.2,5331.6,5332.2,7597.7,7594.8,7596.2,6243.5,6244.0,6243.3,1894.6,1893.0,1893.0,3770.0,3770.1,3770.4,2651.7,2650.8,2650.7,2950.9,2950.9,2950.5,27.480000,27.570000,going to home base
2024-04-12T21:09:25Z,2421.4,2420.4,2420.9,2696.6,2696.1,2696.3,5803.1,5802.6,5803.0,2385.1,2385.4,2385.7,3579.1,3579.2,3578.9,4532.1,4532.5,4531.8,6338.4,6338.2,6339.6,8809.9,8810.3,8809.4,5332.3,5330.8,5332.2,7595.1,7594.8,7593.5,6240.2,6238.7,6240.7,1894.7,1893.5,1893.5,3770.7,3770.4,3771.2,2651.7,2651.1,2651.2,2951.7,2951.0,2951.9,27.450001,27.540001,going to home base
2024-04-12T21:09:30Z,2421.0,2420.0,2420.5,2695.5,2695.0,2695.6,5803.3,5802.8,5802.7,2384.8,2384.9,2385.2,3579.4,3579.2,3579.8,4532.7,4532.4,4532.1,6339.7,6340.7,6341.4,8810.2,8810.0,8809.8,5331.2,5331.8,5332.2,7595.8,7595.3,7595.9,6241.5,6240.7,6241.1,1894.9,1893.5,1893.4,3770.0,3769.8,3771.2,2650.6,2650.2,2650.4,2951.9,2951.3,2951.6,27.459999,27.600000,going to home base
2024-04-12T21:09:35Z,2420.8,2419.5,2419.9,2695.5,2694.9,2695.5,5802.8,5802.7,5802.5,2384.6,2384.5,2384.8,3578.8,3579.2,3578.7,4531.7,4531.6,4531.5,6339.7,6338.6,6338.6,8809.4,8809.1,8808.9,5330.1,5331.3,5331.9,7595.9,7595.6,7594.4,6240.9,6239.6,6239.0,1895.5,1894.2,1893.8,3770.3,3770.1,3771.2,2650.7,2649.9,2649.7,2950.7,2950.3,2950.7,27.459999,27.570000,going to home base
2024-04-12T21:09:40Z,2420.8,2420.4,2420.8,2695.0,2695.0,2695.2,5802.7,5801.9,5802.1,2384.8,2384.5,2385.0,3580.0,3579.5,3578.6,4531.9,4531.5,4531.7,6338.9,6338.3,6339.5,8808.2,8808.8,8808.9,5331.5,5330.9,5334.0,7596.1,7595.5,7594.5,6241.0,6240.3,6241.3,1894.9,1893.6,1893.5,3770.7,3770.8,3771.9,2651.3,2650.9,2650.2,2951.0,2950.7,2951.3,27.459999,27.610001,going to home base
2024-04-12T21:09:45Z,2420.6,2419.7,2420.3,2695.3,2695.0,2695.3,5803.0,5802.1,5802.7,2385.5,2385.0,2385.2,3579.3,3579.2,3578.6,4531.9,4532.1,4532.2,6338.9,6339.3,6340.7,8807.4,8808.7,8810.2,5330.4,5330.1,5330.6,7594.1,7594.0,7592.8,6241.4,6241.3,6241.5,1894.5,1893.1,1893.5,3770.7,3770.4,3770.8,2651.2,2650.2,2650.3,2950.2,2949.9,2951.1,27.480000,27.540001,going to home base
2024-04-12T21:09:50Z,2421.4,2420.0,2420.8,2695.3,2694.6,2695.0,5803.2,5802.5,5802.8,2384.9,2385.0,2385.5,3579.0,3578.7,3578.8,4532.7,4532.4,4532.1,6337.2,6338.2,6338.7,8811.2,8808.3,8809.5,5331.4,5331.6,5332.6,7597.2,7597.1,7597.0,6244.4,6241.9,6241.5,1895.0,1893.6,1893.5,3770.4,3771.1,3771.5,2651.4,2650.7,2650.9,2952.1,2951.9,2952.3,27.459999,27.580000,going to home base
2024-04-12T21:09:55Z,2420.9,2420.4,2420.7,2694.9,2695.0,2695.2,5802.3,5802.3,5802.1,2384.7,2384.8,2385.0,3579.0,3579.4,3579.4,4532.2,4531.7,4531.3,6337.1,6336.7,6337.3,8810.5,8809.9,8811.2,5331.0,5330.4,5332.4,7594.7,7593.6,7593.7,6242.0,6242.6,6242.3,1894.8,1893.7,1893.1,3769.5,3769.4,3770.4,2650.9,2650.0,2650.5,2951.1,2951.6,2951.1,27.459999,27.600000,going to home base
2024-04-12T21:10:00Z,2421.0,2420.4,2420.6,2694.0,2694.0,2694.1,5802.3,5802.4,5802.2,2383.9,2384.1,2384.8,3579.8,3580.6,3579.9,4531.6,4531.9,4531.5,6336.1,6335.8,6334.8,8810.0,8810.5,8810.0,5330.6,5331.3,5331.9,7594.1,7594.6,7594.3,6242.7,6241.5,6242.3,1894.9,1893.6,1893.5,3770.7,3770.6,3771.8,2651.4,2650.4,2650.6,2951.0,2951.1,2951.3,27.480000,27.540001,going to home base
2024-04-12T21:10:05Z,2420.5,2419.8,2420.1,2695.8,2695.7,2695.2,5802.6,5802.0,5801.7,2384.0,2384.2,2384.1,3579.7,3579.2,3579.3,4532.0,4531.7,4531.4,6336.4,6335.3,6337.2,8810.9,8809.8,8810.1,5331.6,5331.7,5332.5,7593.2,7594.2,7593.0,6242.4,6241.5,6241.2,1895.0,1893.7,1893.2,3770.6,3770.9,3771.1,2651.6,2650.5,2650.3,2950.9,2949.8,2950.5,27.490000,27.540001,going to home base
2024-04-12T21:10:10Z,2419.6,2419.8,2419.4,2695.3,2695.5,2695.8,5802.3,5802.2,5802.0,2384.2,2384.5,2384.5,3579.9,3578.7,3579.1,4531.8,4531.1,4531.8,6336.3,6335.8,6337.3,8810.7,8811.5,8811.0,5334.0,5333.0,5333.0,7596.3,7595.7,7596.5,6241.1,6242.6,6242.2,1895.1,1893.7,1893.7,3770.0,3770.5,3771.6,2650.4,2650.2,2649.9,2950.4,2949.5,2950.5,27.459999,27.559999,going to home base
2024-04-12T21:10:20Z,2420.0,2419.3,2419.7,2695.3,2695.1,2695.5,5802.6,5802.6,5802.5,2385.0,2384.7,2385.3,3579.9,3579.4,3578.9,4531.4,4531.3,4531.0,6336.3,6335.5,6336.4,8811.5,8808.1,8809.3,5331.4,5330.4,5330.8,7593.8,7594.2,7594.0,6240.0,6238.2,6239.1,1894.3,1892.8,1893.1,3769.6,3770.1,3771.1,2650.8,2650.7,2650.2,2950.9,2950.4,29start,2420.2,2419.5,going to home base
2024-04-12T21:10:30Z,2420.1,2419.5,2419.6,2694.6,2694.6,2695.2,5802.9,5802.4,5803.3,2384.6,2384.2,2385.4,3579.4,3579.9,3580.1,4531.3,4531.6,4531.1,6339.0,6338.2,6338.1,8812.6,8810.8,8811.8,5331.9,5331.6,5332.4,7594.8,7596.0,7595.7,6243.0,6242.9,6242.5,1894.8,1893.1,1893.1,3769.7,3770.1,3771.0,2650.6,2650.2,2650.1,2949.7,2949.5,2949.7,27.459999,27.540001,going to home base
2024-04-12T21:10:35Z,2421.5,2420.1,2420.7,2694.7,2694.4,2695.6,5802.3,5802.2,5802.1,2384.4,2384.5,2384.8,3580.1,3579.1,3579.0,4531.6,4532.3,4531.8,6334.2,6333.9,6335.8,8810.1,8809.6,8810.0,5333.1,5333.1,5333.2,7594.7,7594.1,7593.7,6237.6,6238.3,6239.9,1894.1,1892.2,1893.2,3769.7,3769.5,3770.3,2650.2,2649.4,2649.5,2950.6,2949.3,2950.0,27.480000,27.570000,going to home base
2024-04-12T21:10:40Z,2420.4,2419.7,2419.5,2694.3,2694.1,2695.0,5802.1,5801.7,5801.3,2384.9,2385.0,2384.9,3580.3,3580.4,3579.5,4531.5,4531.1,4531.4,6334.1,6334.5,6335.3,8809.4,8808.8,8810.5,5332.2,5331.6,5332.9,7595.1,7594.5,7594.8,6243.0,6241.7,6240.7,1894.0,1893.4,1893.6,3770.2,3769.9,3771.2,2650.0,2649.7,2649.7,2951.9,2951.1,2951.2,27.459999,27.540001,going to home base
2024-04-12T21:10:45Z,2420.2,2419.6,2419.7,2695.3,2695.3,2695.6,5802.4,5801.7,5802.1,2384.4,2384.4,2384.7,3579.4,3579.0,3578.1,4531.1,4531.1,4530.7,6337.1,6335.1,6335.3,8811.1,8810.1,8810.7,5331.4,5332.6,5333.0,7593.9,7595.2,7596.4,6242.5,6242.7,6241.5,1895.0,1893.1,1893.0,3770.0,3769.9,3770.5,2650.7,2649.6,2649.5,2949.8,2949.2,2950.1,27.480000,27.530001,going to home base
2024-04-12T21:10:50Z,2420.7,2419.7,2420.1,2695.0,2694.7,2695.5,5802.3,5801.6,5801.8,2383.9,2383.9,2384.4,3578.7,3578.9,3578.5,4531.0,4530.7,4530.9,6334.9,6335.8,6337.2,8806.2,8806.5,8806.0,5331.0,5332.1,5332.9,7593.8,7594.6,7594.6,6239.8,6241.4,6241.6,1894.7,1893.2,1893.1,3769.5,3769.2,3770.1,2649.8,2649.5,2649.6,2950.9,2949.7,2950.6,27.490000,27.520000,going to home base
2024-04-12T21:10:55Z,2420.4,2419.7,2419.6,2695.1,2695.6,2695.2,5801.5,5801.7,5802.1,2383.3,2383.4,2383.9,3579.7,3579.4,3579.0,4531.1,4531.0,4530.6,6335.1,6333.2,6334.3,8807.2,8808.4,8808.2,5331.7,5331.8,5332.6,7596.3,7593.4,7593.3,6239.6,6239.5,6240.2,1894.3,1893.0,1892.8,3769.6,3769.6,3770.6,2650.2,2649.6,2649.8,2950.9,2950.1,2950.9,27.480000,27.540001,going to home base
2024-04-12T21:11:00Z,2420.8,2419.7,2419.9,2695.2,2694.2,2695.7,5801.8,5801.6,5801.6,2384.2,2383.8,2384.6,3579.8,3578.9,3579.7,4530.6,4530.7,4530.6,6333.8,6335.2,6335.0,8809.5,8810.9,8811.2,5333.0,5331.0,5332.4,7595.1,7593.6,7592.4,6240.1,6241.1,6240.0,1894.1,1893.0,1892.5,3768.6,3769.3,3769.6,2650.9,2650.2,2650.1,2950.8,2950.2,2950.1,27.459999,27.540001,going to home base
2024-04-12T21:11:05Z,2421.0,2419.8,2419.8,2694.9,2695.3,2694.9,5801.7,5800.8,5801.2,2383.4,2383.6,2384.1,3579.9,3579.7,3579.7,4530.4,4530.4,4530.6,6335.7,6335.8,6335.1,8809.9,8811.3,8809.8,5331.6,5332.3,5332.8,7592.8,7592.9,7592.7,6239.1,6238.7,6240.6,1894.4,1893.0,1893.2,3768.3,3769.2,3770.4,2651.1,2650.4,2650.4,2950.8,2950.1,2950.4,27.480000,27.559999,going to home base
2024-04-12T21:11:10Z,2420.3,2419.7,2419.8,2695.1,2694.5,2694.7,5801.7,5800.9,5802.1,2383.3,2383.0,2383.3,3579.7,3578.2,3578.8,4530.3,4530.6,4530.3,6333.7,6333.4,6334.4,8808.1,8809.2,8808.1,5332.2,5331.8,5332.2,7595.5,7593.6,7592.2,6237.7,6238.0,6238.1,1895.4,1893.6,1893.9,3769.3,3769.6,3770.3,2650.3,2649.8,2649.2,2949.7,2949.6,2949.7,27.459999,27.530001,going to home base
2024-04-12T21:11:15Z,2419.9,2419.7,2419.7,2694.5,2695.3,2695.1,5801.6,5800.9,5801.4,2383.1,2382.9,2383.0,3579.1,3578.7,3578.4,4530.4,4530.1,4530.0,6336.6,6338.4,6337.3,8809.5,8808.5,8808.0,5331.7,5331.2,5333.1,7592.6,7590.8,7593.2,6238.2,6238.9,6240.0,1894.3,1893.3,1893.1,3768.2,3768.5,3769.6,2649.2,2648.6,2648.8,2949.3,2948.5,2948.9,27.450001,27.570000,going to home base
2024-04-12T21:11:20Z,2420.1,2419.5,2419.9,2695.4,2694.8,2695.0,5801.1,5801.2,5800.7,2383.2,2383.5,2384.2,3579.1,3578.8,3578.3,4531.2,4531.4,4531.0,6336.1,6334.6,6336.5,8808.3,8807.2,8808.1,5329.9,5330.4,5331.9,7592.4,7591.0,7592.2,6239.1,6239.0,6239.7,1894.3,1892.7,1892.6,3768.9,3769.2,3769.8,2649.7,2649.1,2649.9,2948.2,2947.5,2947.7,27.480000,27.530001,going to home base
2024-04-12T21:11:25Z,2421.0,2420.6,2420.8,2694.3,2693.8,2694.0,5801.3,5801.0,5801.0,2383.1,2382.8,2383.2,3579.7,3578.7,3578.7,4530.9,4531.3,4530.9,6333.3,6333.2,6335.9,8807.4,8807.4,8809.4,5330.4,5330.6,5331.0,7591.7,7591.7,7591.2,6242.2,6242.6,6241.9,1895.0,1893.6,1893.6,3769.1,3769.2,3770.1,2649.4,2649.4,2649.9,2948.9,2948.8,2949.5,27.480000,27.530001,going to home base
2024-04-12T21:11:30Z,2419.9,2418.7,2419.3,2694.8,2695.0,2695.0,5801.6,5801.2,5801.2,2383.2,2383.8,2383.3,3579.0,3578.6,3578.2,4530.5,4530.9,4530.6,6331.0,6331.6,6332.9,8806.5,8806.8,8805.3,5331.2,5330.1,5332.9,7592.8,7591.7,7591.2,6242.8,6242.2,6242.3,1895.0,1893.2,1893.4,3769.4,3770.1,3770.3,2648.8,2647.9,2648.3,2948.7,2947.9,2947.6,27.480000,27.540001,going to home base
2024-04-12T21:11:35Z,2420.4,2419.5,2419.9,2694.5,2694.4,2694.5,5801.1,5801.3,5801.0,2383.5,2383.4,2384.0,3578.8,3578.9,3578.2,4530.8,4530.6,4530.4,6333.4,6334.7,6334.3,8805.8,8804.8,8804.9,5331.5,5330.7,5332.0,7592.1,7591.7,7592.0,6240.5,6239.8,6239.9,1894.9,1893.3,1893.1,3770.0,3769.8,3770.8,2649.3,2648.7,2649.2,2948.4,2947.9,2948.8,27.459999,27.540001,going to home base
2024-04-12T21:11:40Z,2420.3,2419.4,2419.4,2694.3,2694.4,2695.0,5801.1,5800.7,5800.9,2384.1,2384.0,2384.5,3578.0,3578.0,3577.7,4530.5,4530.7,4531.0,6334.1,6333.9,6335.0,8806.4,8807.4,8805.6,5331.4,5331.4,5332.1,7592.6,7590.9,7590.9,6239.7,6240.2,6242.1,1894.6,1892.6,1892.6,3769.1,3768.9,3769.7,2650.5,2649.2,2649.7,2949.3,2949.2,2949.3,27.480000,27.559999,going to home base
2024-04-12T21:11:45Z,2419.6,2419.5,2419.8,2694.6,2694.3,2694.4,5800.5,5800.0,5799.9,2384.5,2384.3,2384.4,3578.6,3578.4,3579.1,4530.3,4530.0,4530.3,6336.8,6336.1,6335.5,8806.8,8804.6,8807.0,5330.7,5330.7,5331.7,7594.3,7592.8,7592.4,6238.9,6239.4,6238.0,1894.4,1892.7,1892.8,3770.1,3770.0,3770.4,2650.0,2648.8,2648.8,2950.2,2949.8,2949.8,27.480000,27.500000,going to home base
2024-04-12T21:11:50Z,2419.8,2419.2,2419.5,2694.5,2694.0,2694.8,5800.3,5800.1,5800.0,2383.7,2382.7,2383.8,3579.2,3578.9,3578.8,4530.3,4530.4,4530.1,6334.7,6334.4,6333.6,8807.3,8807.5,8808.6,5330.5,5329.8,5330.7,7592.6,7592.0,7591.2,6239.1,6239.0,6239.2,1894.6,1892.6,1892.2,3769.0,3769.8,3771.1,2649.6,2648.6,2649.1,2946.9,2947.2,2947.8,27.480000,27.540001,going to home base
2024-04-12T21:11:55Z,2419.9,2419.0,2419.5,2694.5,2694.1,2694.5,5800.3,5800.0,5799.5,2383.1,2382.5,2383.3,3579.4,3579.0,3578.9,4530.0,4530.1,4529.9,6336.1,6334.8,6336.2,8809.9,8810.0,8807.7,5331.9,5331.4,5332.3,7591.9,7589.1,7589.3,6237.7,6239.1,6239.0,1894.4,1892.8,1893.4,3769.4,3769.3,3770.2,2649.6,2648.7,2648.8,2948.8,2948.9,2949.1,27.480000,27.530001,going to home base
2024-04-12T21:12:00Z,2420.1,2419.4,2420.1,2694.1,2693.7,2695.0,5800.2,5799.8,5800.3,2384.0,2384.2,2384.6,3579.5,3578.9,3578.7,4529.4,4529.9,4529.6,6332.9,6332.8,6333.1,8807.3,8808.2,8808.0,5331.4,5329.9,5330.7,7589.5,7589.5,7589.4,6237.3,6238.7,6239.1,1894.4,1893.2,1892.9,3768.7,3768.6,3769.7,2648.9,2648.2,2648.2,2948.8,2948.3,2948.5,27.490000,27.559999,going to home base
2024-04-12T21:12:05Z,2419.9,2419.4,2419.3,2693.4,2693.4,2693.5,5799.6,5799.2,5799.1,2383.7,2384.0,2384.2,3578.7,3578.5,3578.4,4530.7,4530.2,4530.1,6336.3,6336.1,6335.4,8804.4,8805.9,8805.6,5329.7,5329.7,5330.9,7589.6,7589.0,7589.9,6239.4,6239.6,6239.8,1895.1,1893.6,1893.5,3769.6,3769.9,3770.7,2648.8,2648.2,2647.8,2948.5,2948.1,2948.2,27.480000,27.549999,going to home base
2024-04-12T21:12:10Z,2420.2,2420.0,2420.3,2694.5,2693.4,2693.8,5800.7,5799.9,5799.8,2383.7,2383.8,2383.8,3578.9,3578.7,3578.2,4529.8,4529.9,4529.4,6336.2,6334.8,6333.5,8807.0,8806.0,8805.3,5330.5,5329.8,5330.8,7591.5,7590.3,7589.8,6237.4,6236.8,6237.8,1894.4,1892.7,1892.5,3768.2,3768.0,3769.0,2648.7,2647.7,2647.9,2947.6,2948.4,2948.8,27.459999,27.570000,going to home base
2024-04-12T21:12:15Z,2420.6,2419.7,2419.8,2693.6,2693.8,2693.9,5800.2,5799.7,5799.9,2382.6,2382.8,2383.4,3578.5,3578.4,3578.9,4530.0,4529.4,4530.1,6332.2,6332.2,6332.9,8804.8,8805.6,8806.7,5329.8,5330.5,5329.9,7588.8,7590.4,7589.1,6239.3,6238.1,6238.6,1894.1,1892.4,1892.4,3768.4,3767.9,3769.1,2647.9,2646.9,2647.0,2947.9,2948.5,2948.3,27.490000,27.570000,going to home base
2024-04-12T21:12:25Z,2420.3,2419.3,2420.2,2694.2,2694.1,2694.2,5800.2,5800.1,5800.2,2382.1,2382.8,2383.1,3579.6,3578.9,3579.2,4530.2,4529.1,4529.9,6333.6,6334.3,6334.2,8start,27424.3,27418.4,2420.7,2419.7,2419.8,2694.7,2694.5,2694.6,5801.1,5800.4,5800.2,3826.7,89582.4,89563.3,14639.8,14635.5,14638.4,3579.0,3579.0,3578.6,4529.5,4529.2,4529.5,6334.1,16963.2,going to home base
2024-04-12T21:12:35Z,2419.9,2419.7,2420.1,2694.4,2694.6,2694.6,5800.8,5800.2,5800.6,2382.7,2382.8,2383.0,3577.2,3577.3,3577.2,4529.5,4529.7,4529.5,6331.2,6330.4,6330.8,8804.9,8802.6,8804.2,5330.3,5329.4,5330.5,7591.5,7589.7,7590.1,6234.7,6235.7,6237.2,1894.2,1893.2,1893.1,3768.6,3769.1,3769.5,2648.3,2647.5,2647.6,2948.9,2948.6,2948.8,27.480000,27.559999,going to home base
2024-04-12T21:12:40Z,2420.3,2419.4,2419.6,2694.0,2693.6,2694.2,5801.0,5800.4,5800.5,2383.7,2384.0,2384.3,3578.5,3577.5,3577.9,4529.0,4528.4,4528.7,6331.3,6332.5,6333.1,8804.9,8804.1,8805.1,5330.9,5330.8,5332.1,7588.7,7589.1,7587.4,6239.4,6240.8,6240.1,1894.2,1892.8,1892.6,3769.0,3768.5,3769.7,2649.1,2648.8,2648.5,2948.4,2947.2,2948.3,27.490000,27.530001,going to home base
2024-04-12T21:12:45Z,2419.9,2419.2,2419.4,2693.9,2693.9,2694.4,5800.8,5800.0,5800.6,2383.4,2383.4,2383.5,3579.1,3578.1,3578.1,4529.7,4529.6,4529.7,6334.1,6334.4,6333.4,8805.1,8805.6,8805.7,5329.8,5329.8,5332.0,7591.1,7588.8,7590.4,6238.3,6237.6,6236.8,1894.8,1893.7,1893.0,3768.4,3768.9,3770.0,2649.1,2648.2,2648.7,2949.1,2948.0,2948.7,27.490000,27.570000,going to home base
2024-04-12T21:12:50Z,2420.2,2419.5,2419.9,2694.4,2694.1,2694.7,5800.2,5799.5,5799.8,2382.6,2383.3,2383.0,3579.2,3578.7,3578.5,4528.7,4528.5,4529.0,6332.8,6333.5,6331.8,8804.8,8805.1,8806.1,5330.1,5329.6,5330.7,7591.6,7591.3,7591.3,6238.0,6237.3,6237.5,1894.8,1893.1,1893.2,3766.7,3766.8,3767.7,2649.5,2648.5,2648.7,2947.7,2947.5,2948.0,27.490000,27.530001,going to home base
2024-04-12T21:12:55Z,2420.1,2419.2,2419.3,2694.6,2694.2,2694.8,5800.3,5799.7,5800.3,2383.1,2382.9,2383.6,3578.9,3578.6,3578.3,4528.6,4528.7,4528.8,6328.7,6331.5,6331.8,8804.3,8805.3,8805.1,5330.0,5329.8,5330.6,7590.7,7589.1,7589.9,6238.4,6237.2,6238.1,1894.7,1893.0,1893.4,3767.6,3767.9,3768.7,2648.5,2647.4,2647.4,2948.2,2948.4,2948.2,27.490000,27.580000,going to home base
2024-04-12T21:13:00Z,2419.7,2419.3,2419.7,2694.8,2694.2,2694.5,5799.4,5799.8,5799.7,2382.9,2382.7,2383.3,3579.7,3579.2,3578.8,4528.8,4528.7,4528.5,6335.2,6333.3,6333.7,8802.8,8804.1,8805.6,5326.9,5326.0,5329.4,7591.2,7590.2,7590.1,6239.2,6239.5,6238.2,1894.7,1893.5,1893.5,3767.8,3768.5,3769.5,2648.5,2647.2,2647.6,2948.8,2947.7,2946.9,27.459999,27.500000,going to home base
2024-04-12T21:13:05Z,2419.9,2418.7,2419.2,2695.0,2694.2,2695.0,5799.9,5800.1,5799.7,2382.2,2382.3,2382.8,3578.5,3578.0,3578.4,4528.9,4529.0,4529.3,6332.8,6332.1,6332.6,8806.3,8804.7,8805.8,5329.9,5331.4,5330.3,7590.7,7590.1,7591.8,6239.6,6237.7,6237.0,1894.2,1892.4,1892.8,3768.0,3768.2,3768.8,2648.3,2647.3,2647.4,2948.4,2948.6,2947.8,27.480000,27.530001,going to home base
2024-04-12T21:13:10Z,2420.3,2419.2,2419.4,2693.9,2694.0,2694.5,5799.1,5798.8,5798.5,2382.9,2382.6,2383.1,3577.8,3577.8,3577.2,4529.0,4528.5,4528.6,6331.5,6332.6,6332.7,8806.5,8805.7,8806.4,5330.5,5330.1,5331.2,7591.3,7588.6,7588.7,6238.7,6240.2,6239.0,1894.0,1893.3,1893.5,3767.4,3767.9,3769.2,2647.6,2647.3,2646.8,2947.9,2947.4,2947.2,27.480000,27.540001,going to home base
2024-04-12T21:13:15Z,2419.2,2418.3,2419.0,2693.5,2694.2,2694.6,5799.4,5799.1,5799.3,2383.6,2383.1,2383.6,3578.9,3578.6,3578.5,4529.2,4529.2,4529.2,6331.4,6331.4,6330.8,8805.8,8805.7,8804.7,5328.2,5328.1,5329.2,7590.9,7588.5,7588.3,6235.7,6237.6,6236.9,1894.1,1892.6,1892.4,3767.4,3766.7,3768.4,2647.9,2647.2,2647.5,2946.8,2946.9,2946.4,27.459999,27.530001,going to home base
2024-04-12T21:13:20Z,2419.4,2418.8,2419.0,2694.1,2694.1,2694.5,5800.4,5799.6,5799.4,2383.6,2383.2,2384.2,3578.1,3577.9,3578.0,4528.7,4529.0,4528.8,6330.8,6330.1,6330.6,8805.4,8804.6,8804.3,5330.0,5329.4,5329.5,7590.7,7590.2,7590.0,6238.9,6237.7,6238.6,1894.2,1892.6,1892.8,3767.8,3767.7,3768.6,2648.6,2647.3,2647.5,2948.9,2947.8,2947.0,27.490000,27.540001,going to home base
2024-04-12T21:13:25Z,2419.4,2419.0,2419.0,2694.2,2693.8,2693.9,5799.9,5799.3,5799.4,2383.2,2383.1,2383.7,3578.6,3577.9,3577.4,4528.7,4528.3,4529.0,6332.3,6331.3,6332.0,8804.8,8806.2,8804.6,5329.1,5328.2,5328.8,7588.3,7587.5,7587.5,6239.0,6237.4,6239.3,1893.8,1892.3,1892.3,3766.8,3767.4,3768.2,2647.9,2647.6,2647.3,2948.9,2948.3,2949.5,27.459999,27.559999,going to home base
2024-04-12T21:13:30Z,2419.3,2418.5,2418.8,2693.8,2693.2,2693.8,5800.0,5799.4,5799.1,2383.4,2383.6,2384.3,3578.2,3577.7,3578.0,4528.9,4528.2,4528.6,6330.4,6331.0,6330.6,8808.9,8807.3,8807.0,5330.5,5329.9,5330.0,7587.9,7587.7,7586.9,6239.0,6238.8,6238.5,1893.9,1892.4,1892.5,3767.0,3767.3,3768.8,2648.7,2648.0,2648.3,2949.8,2949.4,2950.2,27.459999,27.530001,going to home base
2024-04-12T21:13:35Z,2419.7,2419.1,2419.4,2694.1,2693.8,2694.3,5799.6,5799.2,5799.5,2383.2,2383.0,2383.1,3578.4,3578.1,3577.5,4528.9,4528.7,4528.5,6331.0,6328.9,6328.5,8805.8,8804.2,8804.6,5330.8,5329.6,5330.2,7591.0,7591.0,7591.7,6240.4,6239.3,6241.0,1894.1,1892.5,1892.2,3767.5,3767.7,3768.8,2649.1,2648.2,2648.1,2950.3,2949.4,2949.4,27.480000,27.570000,going to home base
2024-04-12T21:13:40Z,2420.4,2419.5,2419.8,2693.5,2693.1,2693.7,5800.0,5799.8,5799.6,2383.1,2383.4,2383.8,3579.1,3578.5,3578.9,4529.6,4528.9,4529.2,6332.3,6331.4,6332.5,8803.0,8802.4,8804.2,5329.9,5328.7,5329.9,7589.6,7589.3,7587.9,6240.8,6238.4,6238.1,1894.4,1892.8,1892.5,3767.5,3767.4,3768.3,2648.6,2648.0,2647.5,2949.9,2949.5,2950.0,27.459999,27.510000,going to home base
2024-04-12T21:13:45Z,2420.4,2419.9,2419.8,2693.2,2693.1,2693.4,5799.6,5799.1,5799.2,2383.1,2382.7,2383.2,3578.2,3578.1,3578.8,4528.9,4529.0,4529.1,6330.7,6331.0,6329.8,8804.8,8805.5,8804.3,5330.1,5329.7,5330.3,7590.9,7589.5,7589.2,6239.3,6238.9,6239.1,1894.2,1892.2,1892.4,3768.1,3768.0,3769.0,2647.6,2647.4,2647.3,2948.5,2947.8,2948.8,27.450001,27.570000,going to home base
2024-04-12T21:13:50Z,2419.6,2418.7,2419.5,2693.4,2692.9,2693.2,5800.2,5799.6,5799.4,2384.2,2384.2,2384.4,3577.2,3577.1,3577.1,4529.0,4528.6,4528.9,6330.4,6327.8,6328.0,8801.9,8802.8,8801.4,5329.7,5329.3,5329.3,7592.0,7591.3,7589.3,6241.6,6241.0,6240.3,1893.8,1892.1,1892.1,3766.9,3766.5,3767.6,2648.0,2646.7,2647.0,2949.1,2947.0,2949.0,27.490000,27.580000,going to home base
2024-04-12T21:13:55Z,2420.0,2419.0,2419.2,2693.3,2693.2,2692.9,5799.3,5798.8,5798.5,2383.2,2382.8,2383.8,3576.7,3576.5,3576.4,4529.8,4529.1,4529.1,6329.9,6329.1,6329.4,8801.8,8802.5,8805.0,5330.7,5330.0,5331.2,7589.8,7589.4,7591.6,6238.4,6238.1,6238.1,1894.5,1893.0,1892.9,3767.2,3767.4,3768.5,2647.8,2647.2,2647.1,2949.5,2948.6,2949.1,27.490000,27.530001,going to home base
2024-04-12T21:14:00Z,2419.7,2419.1,2419.3,2692.4,2692.7,2692.9,5799.2,5798.0,5798.8,2382.6,2382.9,2383.5,3577.5,3576.8,3577.0,4528.7,4528.6,4528.8,6328.9,6329.3,6329.7,8804.6,8801.4,8803.0,5329.7,5329.6,5330.1,7589.4,7588.2,7588.9,6238.4,6238.6,6238.4,1894.2,1892.8,1892.8,3766.8,3767.4,3768.0,2648.5,2647.7,2648.1,2949.9,2949.0,2949.2,27.490000,27.570000,going to home base
2024-04-12T21:14:05Z,2419.3,2418.6,2419.0,2692.9,2693.4,2692.9,5799.2,5799.0,5798.9,2383.2,2383.3,2383.6,3577.7,3577.2,3577.1,4528.3,4528.4,4528.4,6330.8,6330.9,6331.7,8804.4,8803.8,8802.3,5329.1,5329.7,5330.4,7587.6,7587.3,7588.1,6235.6,6235.6,6236.0,1893.9,1892.8,1892.4,3765.8,3766.3,3767.1,2647.9,2647.1,2647.4,2948.4,2948.6,2948.7,27.480000,27.500000,going to home base
2024-04-12T21:14:10Z,2419.1,2418.3,2418.9,2693.6,2693.3,2694.3,5799.5,5799.4,5799.7,2382.8,2382.8,2383.3,3577.8,3577.4,3577.6,4528.8,4528.3,4528.5,6328.9,6326.7,6327.5,8804.4,8803.3,8802.7,5327.3,5327.5,5328.5,7588.2,7588.5,7588.0,6239.3,6240.2,6240.3,1893.6,1891.8,1891.9,3766.3,3766.1,3767.6,2648.1,2647.0,2647.4,2947.8,2947.4,2947.7,27.490000,27.580000,going to home base
2024-04-12T21:14:15Z,2419.0,2418.3,2418.4,2693.2,2693.7,2693.5,5799.6,5799.5,5799.4,2382.5,2382.5,2383.3,3577.6,3577.8,3576.7,4528.2,4528.1,4528.0,6327.9,6327.1,6328.5,8805.2,8803.9,8803.0,5329.1,5330.2,5330.6,7590.7,7589.3,7589.9,6240.1,6240.5,6239.6,1893.3,1892.2,1891.9,3766.2,3766.6,3767.1,2647.6,2647.2,2646.9,2948.4,2947.6,2947.9,27.480000,27.530001,going to home base
2024-04-12T21:14:20Z,2419.3,2418.4,2418.7,2692.9,2693.0,2693.1,5799.3,5799.0,5799.1,2382.5,2382.6,2383.0,3578.8,3577.2,3577.3,4528.7,4528.5,4528.2,6328.3,6329.7,6329.0,8804.1,8803.1,8803.5,5329.7,5328.9,5330.3,7591.4,7589.9,7589.3,6237.7,6237.9,6237.3,1893.3,1891.7,1892.0,3766.7,3766.4,3766.9,2648.1,2647.3,2647.5,2949.6,2949.4,2949.4,27.459999,27.530001,going to home base
2024-04-12T21:14:30Z,2419.7,2418.7,2419.3,2692.7,2692.9,2692.7,5799.0,5798.6,5799.0,2383.3,2383.3,2383.7,2418.8,2418.9,2692.9,2692.5,2693.1,5799.8,5799.0,5799.4,2382.3,89551.9,89540.7,14635.1,14635.4,14635.6,3577.0,3576.8,3576.3,4528.3,4528.1,4528.1,6327.8,34495.6,34501.8,8802.3,8802.1,8800.7,5328.9,5329.3,5329.3,7589.6,7589.1,7589.0,6239.0,45553.1,45559.5,going to home base
2024-04-12T21:14:40Z,2419.1,2418.4,2419.0,2693.1,2692.9,2693.3,5799.8,5799.3,5799.5,2382.9,2382.5,2382.9,3577.2,3577.7,3576.4,4528.7,4528.6,4528.6,6327.3,6326.6,6328.0,8801.1,8801.0,8801.3,5330.0,5329.3,5329.0,7588.2,7589.0,7588.1,6239.5,6239.4,6241.0,1893.4,1892.0,1891.9,3765.7,3765.9,3766.8,2648.5,2647.8,2648.1,2949.9,2950.0,2949.9,27.459999,27.540001,going to home base
2024-04-12T21:14:45Z,2419.2,2418.7,2419.0,2693.6,2693.4,2693.7,5798.7,5798.8,5798.8,2383.4,2383.7,2383.8,3576.8,3575.6,3576.0,4528.7,4528.0,4528.2,6329.5,6329.8,6330.1,8802.8,8803.0,8803.3,5328.3,5327.8,5328.5,7591.3,7589.3,7590.2,6238.7,6236.5,6237.9,1893.2,1891.8,1891.7,3766.0,3765.9,3766.7,2647.9,2647.1,2647.2,2949.2,2949.9,2950.5,27.480000,27.540001,going to home base
2024-04-12T21:14:50Z,2419.3,2418.6,2419.0,2692.9,2693.3,2693.0,5798.8,5798.1,5798.1,2382.7,2382.6,2384.0,3577.0,3575.9,3575.9,4527.7,4527.2,4527.8,6329.3,6328.0,6328.9,8805.3,8803.6,8805.1,5328.2,5327.6,5327.9,7590.2,7587.6,7588.5,6237.7,6236.0,6237.8,1893.5,1892.1,1891.9,3766.7,3766.7,3767.4,2648.4,2648.0,2647.8,2950.2,2949.4,2950.1,27.459999,27.530001,going to home base
2024-04-12T21:14:55Z,2419.6,2418.6,2418.9,2692.4,2692.6,2692.8,5799.1,5798.1,5798.6,2383.8,2383.9,2384.0,3576.1,3575.9,3576.0,4528.3,4527.3,4528.0,6328.6,6328.5,6325.6,8802.8,8802.8,8801.3,5327.9,5327.8,5328.1,7589.0,7590.5,7589.5,6236.7,6238.0,6239.4,1893.3,1891.5,1891.5,3765.6,3766.0,3766.3,2647.6,2647.3,2647.3,2949.8,2948.8,2949.3,27.490000,27.530001,going to home base
2024-04-12T21:15:00Z,2419.2,2418.5,2418.9,2692.5,2692.5,2692.9,5798.8,5798.7,5798.5,2383.1,2382.8,2383.2,3575.6,3575.0,3575.4,4527.5,4527.5,4527.8,6328.4,6327.3,6329.0,8802.5,8802.8,8801.3,5328.5,5327.6,5328.9,7587.9,7587.5,7587.4,6236.7,6237.1,6236.9,1893.4,1891.8,1891.0,3765.8,3765.7,3766.3,2648.6,2647.7,2647.6,2949.3,2949.5,2950.2,27.480000,27.580000,going to home base
2024-04-12T21:15:05Z,2419.8,2419.2,2418.9,2692.2,2692.0,2692.4,5798.7,5798.1,5798.1,2383.2,2383.4,2384.0,3576.5,3575.8,3576.3,4527.7,4527.8,4528.0,6329.0,6328.9,6329.2,8804.5,8803.3,8803.3,5328.0,5328.5,5328.1,7586.2,7585.4,7586.7,6236.5,6237.3,6236.9,1893.4,1891.7,1892.0,3765.4,3765.5,3767.0,2649.0,2648.3,2648.6,2949.3,2949.1,2949.3,27.490000,27.570000,going to home base
2024-04-12T21:15:10Z,2419.7,2418.6,2419.1,2691.8,2691.8,2691.9,5799.3,5799.2,5798.3,2383.7,2383.6,2384.3,3576.4,3575.7,3575.8,4528.6,4528.0,4528.0,6329.1,6330.4,6331.9,8804.1,8803.7,8803.8,5327.7,5327.1,5329.0,7589.2,7587.2,7588.2,6235.2,6236.1,6235.3,1892.7,1891.7,1891.5,3766.1,3765.9,3767.1,2648.9,2647.9,2648.5,2949.5,2948.4,2948.3,27.490000,27.540001,going to home base
2024-04-12T21:15:15Z,2418.9,2418.3,2418.4,2691.9,2691.8,2692.5,5799.1,5798.7,5798.9,2383.1,2383.3,2383.9,3576.1,3575.7,3575.5,4527.8,4527.6,4527.5,6328.1,6327.8,6329.5,8803.2,8802.3,8801.8,5327.8,5327.2,5328.1,7585.7,7586.3,7584.7,6236.7,6236.2,6237.1,1893.5,1892.4,1892.2,3766.1,3766.1,3767.6,2648.4,2647.8,2648.2,2948.5,2948.3,2948.5,27.480000,27.559999,going to home base
2024-04-12T21:15:20Z,2419.6,2419.1,2419.1,2692.6,2692.8,2693.4,5799.3,5798.9,5798.6,2383.2,2383.2,2383.4,3576.3,3576.4,3575.7,4527.5,4527.4,4527.8,6326.6,6327.4,6328.0,8802.2,8800.9,8802.4,5328.0,5326.1,5328.1,7586.6,7585.3,7585.3,6238.4,6236.7,6237.4,1893.0,1891.8,1891.4,3765.2,3765.8,3766.5,2647.8,2646.6,2646.6,2949.0,2948.0,2949.0,27.480000,27.530001,going to home base
2024-04-12T21:15:25Z,2419.4,2419.5,2419.5,2692.0,2692.0,2692.2,5798.2,5798.0,5797.9,2383.7,2383.7,2384.3,3577.5,3576.3,3576.1,4528.1,4528.2,4528.1,6327.1,6327.7,6326.8,8803.1,8802.3,8803.2,5328.8,5327.3,5328.3,7586.7,7585.7,7585.3,6235.5,6235.5,6236.0,1893.1,1891.6,1891.7,3766.4,3765.9,3767.3,2648.0,2647.1,2647.1,2948.2,2946.6,2947.9,27.510000,27.580000,going to home base
2024-04-12T21:15:30Z,2419.5,2418.7,2419.1,2692.9,2692.2,2693.1,5798.9,5798.1,5798.2,2383.6,2383.9,2384.2,3577.2,3576.9,3576.5,4527.6,4527.6,4527.8,6329.4,6328.4,6329.5,8803.4,8804.6,8803.4,5327.6,5328.0,5326.8,7587.9,7585.9,7587.5,6234.6,6234.8,6235.1,1893.1,1891.3,1891.6,3766.4,3766.4,3767.2,2647.9,2647.1,2646.8,2949.6,2949.5,2949.6,27.459999,27.540001,going to home base
2024-04-12T21:15:35Z,2418.8,2418.4,2418.4,2692.3,2692.2,2692.8,5798.8,5798.1,5798.1,2383.5,2383.6,2384.4,3576.1,3575.9,3576.1,4527.8,4527.9,4528.1,6326.0,6325.3,6324.9,8801.1,8799.6,8799.8,5327.8,5327.7,5328.9,7586.2,7585.8,7585.4,6236.5,6235.8,6236.7,1893.1,1891.6,1891.3,3765.1,3765.6,3766.4,2647.5,2647.1,2647.3,2948.6,2949.2,2950.0,27.480000,27.559999,going to home base
2024-04-12T21:15:40Z,2419.1,2418.3,2418.7,2692.6,2691.6,2692.0,5797.8,5798.0,5797.8,2383.8,2383.7,2383.7,3576.8,3576.0,3576.2,4527.5,4527.7,4527.6,6324.2,6324.3,6324.7,8802.3,8802.0,8802.6,5328.8,5328.8,5329.8,7586.8,7585.8,7586.2,6237.0,6237.8,6236.7,1892.8,1891.3,1891.6,3765.9,3765.8,3766.4,2646.4,2645.5,2645.8,2948.9,2948.5,2948.7,27.480000,27.580000,going to home base
2024-04-12T21:15:45Z,2419.4,2418.8,2419.0,2692.1,2692.7,2692.8,5798.1,5797.7,5798.1,2383.2,2383.4,2383.4,3576.6,3576.4,3576.4,4527.3,4527.0,4527.0,6324.9,6325.5,6326.1,8804.8,8803.5,8804.9,5327.8,5328.4,5327.9,7586.4,7586.8,7586.4,6234.8,6233.0,6235.2,1893.1,1891.4,1891.7,3765.7,3766.4,3767.2,2647.0,2646.0,2645.9,2949.2,2948.8,2949.3,27.490000,27.559999,going to home base
2024-04-12T21:15:50Z,2419.9,2419.0,2419.3,2692.4,2691.9,2692.5,5798.0,5797.9,5798.4,2383.5,2383.2,2383.5,3576.5,3576.5,3576.3,4526.6,4526.8,4526.7,6327.9,6328.5,6327.0,8800.4,8800.1,8801.0,5328.2,5326.6,5328.7,7586.1,7585.7,7584.9,6235.4,6234.4,6234.8,1893.3,1891.9,1891.7,3765.6,3766.1,3766.7,2646.9,2646.5,2646.1,2948.0,2947.4,2947.6,27.459999,27.530001,going to home base
2024-04-12T21:15:55Z,2419.1,2418.1,2418.2,2692.4,2691.9,2692.3,5798.4,5798.2,5798.2,2382.6,2382.6,2383.1,3577.2,3576.8,3576.3,4527.0,4527.0,4526.8,6328.8,6328.7,6329.1,8805.9,8803.7,8802.9,5330.1,5330.0,5330.1,7586.5,7586.1,7586.3,6233.0,6233.0,6232.8,1892.9,1891.7,1891.6,3764.8,3764.8,3766.2,2647.8,2647.2,2647.7,2948.0,2947.3,2948.1,27.490000,27.570000,going to home base
2024-04-12T21:16:00Z,2419.0,2418.5,2419.0,2692.8,2692.5,2693.0,5798.0,5797.0,5797.1,2383.5,2383.4,2383.6,3577.2,3576.1,3576.7,4526.8,4526.5,4526.5,6327.1,6327.4,6327.2,8803.4,8800.2,8802.1,5328.0,5327.3,5327.9,7586.4,7586.1,7584.5,6235.1,6235.3,6234.5,1893.2,1891.9,1891.7,3764.0,3765.2,3765.8,2647.6,2647.1,2647.4,2947.8,2946.9,2947.1,27.510000,27.530001,going to home base
2024-04-12T21:16:05Z,2418.6,2417.9,2417.8,2691.2,2691.5,2691.5,5797.9,5797.9,5797.7,2383.6,2383.2,2383.7,3576.5,3576.3,3575.9,4526.7,4526.8,4526.6,6325.1,6328.7,6328.0,8802.6,8800.2,8801.2,5327.3,5327.5,5328.1,7586.9,7587.5,7586.3,6233.9,6233.8,6235.1,1893.3,1891.9,1891.8,3764.9,3765.1,3766.3,2648.4,2647.5,2647.0,2947.9,2946.5,2947.9,27.490000,27.559999,going to home base
2024-04-12T21:16:10Z,2418.9,2418.4,2418.7,2692.6,2692.3,2693.1,5798.7,5798.1,5798.1,2383.1,2382.7,2383.1,3576.3,3575.7,3576.0,4527.1,4526.7,4527.0,6328.3,6328.4,6328.8,8800.8,8801.4,8800.5,5328.3,5326.7,5328.6,7585.6,7585.6,7584.9,6236.2,6236.4,6236.0,1893.8,1892.4,1892.5,3764.8,3764.0,3766.1,2647.4,2646.2,2647.0,2949.4,2948.4,2948.6,27.480000,27.540001,going to home base
2024-04-12T21:16:15Z,2418.9,2418.1,2418.0,2692.2,2692.8,2692.9,5798.0,5797.2,5797.9,2382.8,2382.7,2382.6,3576.9,3576.4,3576.6,4526.8,4527.0,4527.3,6324.8,6325.1,6323.9,8800.9,8799.7,8800.7,5328.0,5328.1,5329.2,7585.9,7586.3,7584.3,6237.7,6237.7,6238.2,1893.9,1893.1,1892.4,3766.3,3765.9,3766.9,2647.7,2646.1,2646.0,2949.0,2949.1,2948.8,27.490000,27.520000,going to home base
2024-04-12T21:16:20Z,2419.7,2418.7,2418.8,2691.8,2691.2,2692.0,5797.9,5797.7,5797.7,2382.6,2382.7,2382.9,3576.8,3576.2,3575.9,4527.0,4527.0,4526.7,6325.9,6325.6,6324.8,8803.1,8801.5,8803.0,5326.9,5327.1,5327.1,7584.5,7584.5,7585.0,6236.7,6235.2,6236.2,1893.3,1892.0,1891.9,3766.3,3766.2,3767.3,2647.2,2646.2,2646.7,2948.5,2947.5,2947.9,27.459999,27.580000,going to home base
2024-04-12T21:16:25Z,2419.2,2419.0,2418.9,2691.9,2691.5,2691.7,5797.8,5797.1,5796.8,2383.2,2382.8,2383.2,3575.9,3575.8,3576.2,4526.9,4526.7,4526.4,6326.1,6324.4,6325.0,8804.8,8803.2,8804.1,5327.6,5326.7,5326.6,7586.2,7586.0,7585.3,6237.6,6237.5,6238.9,1893.7,1892.7,1892.8,3765.0,3765.2,3766.7,2646.4,2645.9,2646.4,2948.0,2947.7,2948.1,27.490000,27.559999,going to home base
2024-04-12T21:16:30Z,2419.4,2418.4,2418.6,2691.7,2691.5,2692.2,5797.2,5796.8,5797.3,2382.5,2382.7,2383.3,3577.4,3577.1,3576.7,4526.7,4526.9,4527.0,6326.6,6326.9,6329.0,8800.8,8800.7,8800.2,5328.0,5328.4,5328.8,7585.8,7585.7,7584.8,6238.9,6238.5,6237.0,1893.4,1892.1,1891.9,3766.3,3765.5,3766.7,2646.5,2646.1,2645.7,2947.9,2947.3,2948.3,27.490000,27.600000,going to home base
2024-04-12T21:16:35Z,2418.5,2418.4,2418.1,2691.7,2691.4,2692.4,5797.6,5797.1,5797.2,2382.4,2382.0,2383.5,3576.4,3576.2,3576.4,4526.4,4526.3,4526.1,6327.1,6326.1,6326.6,8802.1,8802.2,8802.3,5326.7,5326.8,5327.3,7587.5,7584.7,7586.0,6237.6,6240.1,6239.0,1893.0,1891.9,1891.3,3764.8,3764.8,3766.0,2645.9,2645.9,2645.6,2949.6,2948.7,2949.4,27.510000,27.580000,going to home base
2024-04-12T21:16:40Z,2418.1,2417.6,2417.9,2691.8,2691.9,2692.7,5797.6,5796.8,5797.5,2382.8,2382.7,2383.9,3576.3,3575.9,3576.7,4526.7,4526.2,4526.5,6327.9,6326.3,6326.7,8802.4,8801.7,8802.4,5326.8,5326.5,5327.7,7587.2,7587.2,7587.6,6237.4,6236.0,6236.8,1893.0,1891.7,1891.9,3764.7,3765.5,3766.3,2646.4,2646.5,2646.4,2949.3,2948.3,2948.4,27.490000,27.600000,going to home base
2024-04-12T21:16:45Z,2418.4,2417.8,2417.9,2691.8,2691.5,2691.8,5797.7,5797.7,5797.5,2382.5,2382.5,2383.2,3576.5,3576.3,3576.2,4526.7,4526.6,4526.7,6325.3,6326.3,6325.7,8801.2,8801.1,8800.2,5326.1,5327.5,5327.2,7588.5,7586.2,7584.2,6237.1,6236.0,6236.7,1892.9,1891.6,1891.1,3765.1,3765.2,3766.5,2645.9,2645.0,2645.1,2950.2,2949.9,2950.5,27.510000,27.600000,going to home base
2024-04-12T21:16:50Z,2418.6,2418.2,2418.4,2692.2,2692.5,2692.1,5797.8,5797.1,5797.9,2383.2,2382.8,2382.8,3577.2,3577.4,3577.0,4526.8,4526.7,4526.6,6325.1,6327.0,6328.4,8803.0,8803.6,8803.9,5327.0,5327.1,5327.1,7589.0,7588.2,7587.1,6235.0,6236.2,6233.2,1892.8,1891.4,1891.0,3765.3,3765.2,3765.6,2647.2,2646.6,2646.7,2949.4,2949.4,2949.9,27.490000,27.570000,going to home base
2024-04-12T21:16:55Z,2419.0,2418.0,2418.7,2692.0,2692.2,2692.8,5798.0,5797.9,5797.7,2383.3,2382.9,2383.1,3577.0,3575.8,3576.0,4527.1,4527.2,4527.0,6328.2,6326.4,6326.7,8798.9,8800.2,8798.8,5326.9,5326.9,5327.6,7587.3,7585.5,7585.1,6236.3,6236.3,6236.9,1892.1,1890.9,1890.7,3765.9,3765.7,3766.5,2646.3,2645.3,2646.0,2951.1,2950.2,2950.4,27.490000,27.610001,going to home base
2024-04-12T21:17:00Z,2418.9,2418.4,2418.5,2692.7,2692.0,2692.6,5797.8,5797.5,5797.9,2382.2,2382.4,2382.5,3576.1,3576.1,3576.4,4526.8,4526.8,4526.7,6325.5,6324.3,6326.2,8800.9,8799.8,8801.1,5326.5,5326.2,5326.5,7585.7,7585.2,7584.9,6237.1,6236.8,6237.5,1892.7,1891.5,1891.2,3764.7,3765.2,3766.1,2646.9,2646.2,2646.6,2948.5,2948.3,2949.2,27.490000,27.530001,going to home base
2024-04-12T21:17:05Z,2418.6,2418.2,2418.6,2691.8,2691.6,2692.7,5797.0,5797.3,5796.8,2382.1,2382.3,2382.4,3576.9,3575.7,3575.4,4527.0,4526.6,4526.1,6331.3,6329.4,6331.1,8802.5,8802.1,8801.6,5326.8,5326.7,5326.9,7587.1,7586.4,7587.9,6236.2,6236.2,6237.1,1892.7,1891.7,1891.2,3765.7,3765.6,3766.5,2645.7,2645.1,2645.8,2949.3,2949.0,2949.3,27.480000,27.580000,going to home base
2024-04-12T21:17:10Z,2418.9,2418.2,2418.7,2691.8,2691.8,2692.0,5797.7,5797.2,5797.3,2383.1,2383.1,2383.2,3576.9,3576.7,3576.8,4526.4,4526.5,4526.6,6326.3,6327.1,6327.4,8801.1,8801.1,8800.6,5327.1,5325.6,5326.6,7586.8,7586.0,7585.9,6235.3,6235.5,6234.8,1893.2,1891.2,1891.1,3765.4,3765.8,3766.0,2647.2,2646.8,2646.7,2948.2,2947.6,2948.0,27.459999,27.540001,going to home base
2024-04-12T21:17:15Z,2418.2,2417.4,2418.0,2691.0,2691.2,2691.5,5797.4,5796.9,5796.8,2382.2,2383.1,2383.5,3576.5,3576.4,3577.0,4526.3,4525.7,4526.0,6328.3,6329.4,6329.9,8799.1,8799.0,8799.4,5326.7,5326.1,5327.5,7586.0,7585.3,7585.8,6236.6,6236.7,6236.2,1892.3,1890.9,1890.7,3765.9,3765.6,3766.8,2646.3,2645.6,2645.6,2947.7,2947.0,2947.8,27.510000,27.559999,going to home base
2024-04-12T21:17:20Z,2418.8,2418.4,2418.8,2691.6,2691.5,2691.7,5797.2,5796.8,5797.1,2381.6,2382.1,2382.8,3576.2,3576.0,3575.8,4526.3,4526.4,4526.4,6326.7,6323.1,6326.8,8802.1,8801.1,8801.8,5326.6,5326.3,5327.4,7585.4,7584.0,7585.2,6232.9,6235.2,6234.0,1892.5,1891.3,1891.1,3766.3,3766.2,3766.3,2646.5,2646.0,2645.9,2948.6,2948.4,2948.5,27.480000,27.570000,going to home base
2024-04-12T21:17:25Z,2418.5,2418.0,2418.3,2691.2,2690.9,2691.4,5796.6,5796.3,5796.2,2382.4,2382.1,2382.9,3575.5,3575.3,3576.0,4526.8,4526.5,4525.9,6327.6,6325.1,6325.5,8798.3,8798.5,8796.9,5327.1,5326.3,5327.4,7586.4,7585.6,7585.1,6235.8,6237.6,6237.6,1892.3,1891.5,1891.4,3765.2,3765.1,3766.2,2646.5,2645.8,2646.1,2950.6,2950.1,2949.1,27.480000,27.540001,going to home base
2024-04-12T21:17:30Z,2418.8,2418.3,2418.6,2691.3,2691.5,2691.9,5796.4,5795.5,5796.1,2382.6,2382.6,2383.2,3575.4,3576.1,3575.6,4526.2,4525.9,4526.0,6329.5,6328.7,6328.4,8797.5,8797.4,8797.1,5326.9,5325.6,5326.2,7588.4,7587.3,7586.1,6235.7,6236.3,6237.7,1893.0,1891.6,1891.0,3765.3,3765.5,3766.6,2646.4,2645.4,2645.6,2948.4,2948.4,2948.9,27.490000,27.580000,going to home base
2024-04-12T21:17:35Z,2418.4,2418.0,2418.5,2691.1,2691.6,2691.7,5797.0,5796.4,5796.4,2381.7,2381.7,2382.5,3575.9,3575.2,3576.0,4526.1,4525.9,4526.1,6328.4,6327.3,6328.4,8800.9,8801.8,8801.2,5326.0,5325.8,5326.8,7588.5,7586.0,7586.6,6235.2,6234.9,6235.3,1893.2,1891.5,1891.7,3765.7,3765.8,3767.0,2646.1,2645.2,2645.3,2947.8,2948.1,2948.3,27.490000,27.580000,going to home base
2024-04-12T21:17:40Z,2419.1,2418.3,2418.4,2691.2,2691.5,2691.6,5796.6,5796.4,5796.5,2382.5,2382.4,2382.1,3575.1,3575.5,3575.3,4525.7,4525.8,4525.5,6325.9,6325.1,6326.4,8798.9,8801.3,8800.4,5325.7,5326.1,5326.2,7585.7,7584.7,7584.9,6235.7,6233.8,6235.3,1892.4,1891.2,1890.9,3764.6,3765.1,3765.8,2646.4,2645.6,2645.7,2947.9,2948.6,2948.6,27.480000,27.580000,going to home base
2024-04-12T21:17:45Z,2419.2,2418.1,2418.3,2691.6,2691.2,2691.8,5797.7,5796.7,5797.3,2382.2,2381.9,2382.7,3574.5,3574.5,3574.7,4525.4,4525.2,4525.4,6325.6,6325.6,6327.0,8799.8,8801.0,8801.0,5324.9,5324.4,5326.0,7587.2,7585.9,7585.7,6236.5,6235.0,6237.7,1892.8,1891.3,1891.7,3764.9,3764.7,3765.7,2646.7,2645.6,2646.0,2948.0,2947.4,2947.1,27.490000,27.610001,going to home base
2024-04-12T21:17:50Z,2418.9,2418.4,2418.8,2691.5,2691.5,2691.7,5797.5,5797.6,5797.8,2382.3,2382.1,2382.7,3574.2,3574.0,3574.9,4525.7,4525.9,4525.5,6325.8,6326.4,6326.0,8798.1,8798.1,8799.8,5325.4,5325.0,5326.1,7585.0,7584.4,7583.3,6233.5,6231.3,6232.8,1892.8,1891.1,1891.3,3764.5,3764.6,3765.5,2647.1,2646.2,2646.6,2947.6,2945.7,2946.1,27.480000,27.580000,going to home base
2024-04-12T21:17:55Z,2419.4,2418.8,2418.7,2692.0,2691.7,2692.2,5797.7,5797.2,5797.2,2382.8,2382.3,2383.3,3576.9,3576.0,3575.9,4526.1,4525.5,4525.6,6326.5,6325.5,6327.6,8802.7,8802.0,8800.8,5325.8,5325.6,5325.6,7587.9,7587.4,7587.4,6233.5,6233.9,6235.2,1892.9,1891.4,1891.1,3765.0,3765.2,3765.9,2646.9,2645.7,2645.8,2948.7,2948.3,2948.7,27.459999,27.610001,going to home base
2024-04-12T21:18:00Z,2418.9,2418.4,2417.8,2691.8,2691.5,2691.4,5797.4,5796.5,5796.5,2382.4,2382.0,2382.3,3574.9,3574.7,3574.7,4525.6,4525.3,4525.1,6322.7,6324.1,6324.1,8801.0,8801.0,8799.8,5326.3,5326.4,5326.0,7586.4,7584.8,7585.7,6234.7,6236.9,6237.9,1892.5,1891.3,1891.0,3765.3,3765.7,3766.3,2646.2,2645.6,2645.4,2947.8,2947.3,2948.4,27.459999,27.600000,going to home base
2024-04-12T21:18:05Z,2418.6,2417.9,2418.0,2691.2,2691.3,2691.6,5797.2,5796.8,5797.2,2382.4,2382.2,2382.9,3575.2,3574.7,3575.0,4525.7,4525.2,4525.4,6325.1,6324.5,6325.8,8799.8,8798.1,8798.5,5326.7,5326.0,5326.5,7585.8,7587.5,7584.8,6236.0,6236.7,6235.7,1893.6,1891.9,1892.2,3765.6,3765.7,3765.9,2646.5,2645.7,2646.0,2947.8,2946.8,2947.5,27.480000,27.610001,going to home base
2024-04-12T21:18:10Z,2418.5,2417.7,2418.0,2692.3,2691.9,2691.9,5797.7,5797.2,5797.2,2382.4,2381.8,2382.7,3575.9,3575.5,3575.2,4525.9,4525.5,4525.6,6325.4,6325.3,6326.1,8801.4,8801.9,8801.3,5325.9,5325.2,5326.0,7587.8,7587.3,7587.7,6235.7,6235.3,6235.1,1893.0,1891.3,1891.4,3764.3,3764.2,3765.5,2647.3,2646.5,2646.5,2948.9,2948.1,2948.1,27.510000,27.639999,going to home base
2024-04-12T21:18:15Z,2418.7,2418.0,2418.0,2691.7,2692.0,2692.3,5797.9,5797.4,5797.5,2382.5,2382.7,2383.2,3576.5,3575.9,3575.3,4525.5,4525.6,4526.2,6325.7,6325.2,6325.3,8802.9,8802.1,8801.4,5326.4,5324.3,5325.1,7586.2,7585.0,7586.3,6236.6,6236.4,6235.9,1893.0,1891.8,1891.6,3765.1,3764.6,3765.7,2646.6,2645.7,2646.1,2948.0,2947.7,2947.5,27.480000,27.580000,going to home base
2024-04-12T21:18:20Z,2418.7,2418.1,2417.8,2691.3,2691.4,2691.2,5797.4,5797.3,5797.3,2382.5,2383.0,2382.7,3577.5,3577.2,3576.7,4525.6,4525.6,4526.1,6325.4,6328.9,6329.6,8801.2,8801.8,8802.0,5324.0,5324.1,5324.5,7588.7,7588.0,7588.4,6232.5,6232.9,6231.8,1892.2,1891.0,1890.7,3764.9,3764.6,3765.8,2647.3,2646.5,2646.4,2947.7,2945.3,2947.2,27.459999,27.580000,going to home base
2024-04-12T21:18:25Z,2418.1,2417.9,2418.2,2692.1,2692.3,2692.8,5797.5,5797.1,5797.4,2381.9,2381.8,2382.1,3575.9,3575.6,3575.5,4526.6,4526.6,4526.4,6325.9,6326.2,6325.6,8803.7,8799.9,8803.0,5324.5,5324.0,5324.5,7586.8,7587.7,7588.2,6235.3,6234.3,6234.6,1892.9,1891.7,1891.6,3766.1,3765.8,3767.0,2647.4,2646.6,2646.3,2947.6,2946.9,2947.2,27.490000,27.610001,going to home base
2024-04-12T21:18:30Z,2419.0,2417.9,2418.5,2691.5,2691.1,2691.7,5797.2,5796.9,5796.9,2381.8,2382.0,2382.0,3575.6,3575.3,3574.9,4526.1,4526.1,4526.3,6329.5,6327.2,6326.8,8801.1,8800.6,8801.6,5324.2,5323.9,5324.7,7587.6,7585.4,7585.2,6234.6,6233.9,6235.6,1892.9,1891.4,1891.4,3765.8,3766.0,3766.9,2647.0,2646.4,2646.4,2948.4,2946.8,2947.1,27.480000,27.629999,going to home base
2024-04-12T21:18:35Z,2418.4,2418.0,2418.1,2691.5,2691.4,2691.4,5797.6,5797.8,5797.8,2382.1,2381.5,2381.9,3576.0,3575.7,3575.7,4526.0,4525.5,4526.0,6324.4,6324.0,6326.3,8802.6,8801.7,8802.2,5325.4,5324.6,5326.4,7587.1,7584.7,7588.0,6236.7,6234.3,6233.6,1892.5,1890.9,1891.1,3766.0,3765.5,3765.8,2646.8,2647.3,2646.9,2949.5,2949.3,2949.3,27.480000,27.580000,going to home base
2024-04-12T21:18:40Z,2418.0,2417.0,2417.5,2691.9,2692.0,2692.3,5797.5,5797.6,5797.3,2382.4,2382.6,2382.9,3574.7,3574.8,3575.1,4526.6,4526.4,4526.4,6326.5,6326.4,6326.9,8800.4,8801.7,8801.3,5325.0,5324.5,5324.8,7588.0,7587.2,7588.2,6237.1,6236.9,6237.5,1892.3,1890.8,1890.8,3764.7,3765.5,3766.3,2647.4,2646.4,2646.6,2948.4,2948.2,2949.4,27.490000,27.629999,going to home base
2024-04-12T21:18:45Z,2417.7,2417.3,2417.5,2691.9,2692.6,2692.2,5797.8,5797.7,5797.5,2382.4,2382.3,2383.3,3576.4,3575.5,3575.7,4526.2,4525.4,4525.9,6326.1,6325.2,6325.3,8800.8,8799.8,8801.0,5327.8,5327.2,5327.3,7588.0,7587.8,7588.2,6234.3,6234.5,6235.4,1892.6,1891.4,1891.3,3765.7,3765.2,3766.3,2646.5,2645.0,2645.5,2948.0,2948.6,2948.7,27.490000,27.629999,going to home base
2024-04-12T21:18:50Z,2418.4,2417.8,2417.4,2691.8,2691.7,2691.5,5797.7,5797.1,5796.8,2382.6,2382.6,2382.7,3576.3,3575.9,3575.0,4525.8,4525.9,4525.4,6327.4,6324.8,6326.5,8801.9,8803.5,8804.1,5325.5,5325.0,5326.9,7587.4,7587.1,7586.1,6235.4,6234.0,6235.9,1892.8,1891.6,1891.6,3764.3,3764.8,3765.7,2646.2,2645.8,2646.1,2948.9,2949.1,2948.0,27.490000,27.610001,going to home base
2024-04-12T21:18:55Z,2418.4,2417.4,2418.3,2691.7,2691.3,2692.1,5798.1,5797.5,5797.6,2382.8,2382.1,2383.1,3576.2,3576.1,3575.8,4525.6,4525.6,4525.4,6327.7,6326.7,6328.6,8802.2,8802.5,8801.4,5324.8,5325.0,5326.6,7587.7,7587.0,7586.8,6236.8,6236.1,6235.7,1892.2,1890.3,1890.1,3765.6,3765.2,3766.2,2647.3,2646.8,2646.7,2948.2,2948.3,2948.7,27.490000,27.600000,going to home base
2024-04-12T21:19:00Z,2418.3,2417.7,2417.8,2691.2,2691.8,2691.9,5797.5,5797.0,5797.2,2382.0,2381.9,2382.7,3575.5,3575.2,3575.5,4526.0,4525.4,4525.4,6329.6,6328.3,6328.3,8801.8,8803.4,8803.4,5324.5,5325.9,5326.1,7586.4,7585.9,7585.3,6234.8,6236.7,6236.5,1891.9,1890.5,1890.5,3766.0,3765.6,3766.7,2646.5,2645.4,2645.1,2946.6,2947.3,2947.8,27.490000,27.600000,going to home base
2024-04-12T21:19:05Z,2418.5,2417.6,2418.4,2690.3,2690.7,2691.3,5797.1,5796.6,5797.2,2381.7,2382.0,2381.9,3576.7,3575.8,3574.8,4525.1,4525.4,4525.7,6325.7,6325.8,6326.3,8800.5,8800.3,8799.6,5326.5,5326.1,5326.6,7588.4,7588.1,7588.3,6235.4,6234.7,6235.3,1892.5,1891.4,1890.8,3765.1,3765.6,3766.0,2646.3,2645.4,2645.2,2949.1,2947.9,2948.2,27.480000,27.510000,going to home base
2024-04-12T21:19:10Z,2418.3,2418.0,2417.7,2690.9,2690.7,2691.2,5796.4,5795.9,5796.0,2381.6,2381.7,2382.0,3575.4,3574.7,3575.3,4525.5,4525.3,4525.6,6327.9,6327.7,6329.1,8798.7,8798.3,8799.9,5325.7,5325.7,5326.5,7586.5,7586.9,7584.9,6233.7,6233.0,6234.2,1892.3,1890.8,1890.6,3764.9,3764.5,3765.1,2647.0,2646.4,2646.0,2948.8,2948.3,2949.8,27.480000,27.580000,going to home base
2024-04-12T21:19:15Z,2418.8,2417.8,2418.0,2691.1,2690.9,2690.8,5796.2,5796.1,5796.2,2382.4,2382.2,2382.5,3576.5,3576.1,3576.4,4525.3,4525.3,4525.0,6325.5,6325.0,6324.7,8799.7,8799.2,8800.1,5326.7,5325.6,5326.2,7588.5,7587.1,7588.0,6235.7,6235.7,6235.7,1892.6,1890.8,1891.1,3765.1,3765.2,3766.0,2645.8,2644.8,2645.1,2948.1,2947.0,2946.8,27.490000,27.600000,going to home base
2024-04-12T21:19:20Z,2417.9,2417.5,2417.5,2690.9,2691.0,2691.0,5795.8,5795.7,5795.7,2382.7,2382.3,2383.0,3575.7,3574.9,3574.5,4525.3,4524.9,4525.2,6325.1,6326.3,6326.3,8800.4,8799.9,8799.1,5326.4,5325.3,5326.2,7585.6,7586.2,7586.7,6234.8,6233.3,6235.8,1891.8,1890.4,1890.7,3764.2,3764.6,3766.5,2645.0,2644.6,2644.4,2946.7,2945.9,2945.7,27.459999,27.559999,going to home base
2024-04-12T21:19:25Z,2418.6,2417.8,2418.1,2691.5,2690.8,2691.2,5796.6,5795.1,5796.2,2382.4,2381.7,2382.0,3575.0,3574.7,3574.7,4525.6,4525.4,4525.1,6328.1,6326.6,6328.5,8801.1,8798.8,8799.3,5325.3,5324.7,5326.3,7585.7,7585.0,7585.1,6235.7,6235.8,6235.2,1892.1,1890.2,1890.1,3765.4,3765.7,3765.6,2645.5,2644.4,2644.5,2947.9,2946.4,2946.0,27.490000,27.570000,going to home base
2024-04-12T21:19:30Z,2418.3,2417.4,2417.6,2691.4,2691.3,2691.7,5796.5,5796.3,5797.2,2382.5,2382.5,2382.9,3575.6,3575.6,3575.6,4526.0,4525.8,4525.8,6328.7,6326.7,6327.8,8796.3,8796.5,8796.7,5326.9,5326.3,5327.2,7586.2,7584.9,7585.7,6234.8,6235.9,6237.2,1892.0,1890.6,1889.9,3764.7,3764.7,3765.4,2645.9,2646.2,2646.1,2947.5,2946.7,2948.5,27.510000,27.610001,going to home base
2024-04-12T21:19:35Z,2418.2,2417.8,2417.5,2692.1,2691.6,2691.9,5796.8,5796.4,5796.4,2382.4,2382.6,2383.1,3575.2,3574.0,3574.5,4525.7,4525.2,4525.3,6327.2,6326.3,6326.4,8800.3,8801.3,8799.1,5324.0,5324.9,5325.3,7586.2,7585.0,7584.5,6234.4,6233.2,6232.9,1892.1,1890.3,1890.7,3765.0,3764.9,3765.5,2647.0,2645.8,2645.9,2946.3,2946.0,2945.4,27.490000,27.570000,going to home base
2024-04-12T21:19:40Z,2418.2,2417.4,2417.0,2691.3,2691.1,2692.0,5796.6,5796.7,5796.8,2381.9,2382.0,2382.3,3573.8,3574.1,3573.5,4525.5,4525.8,4525.4,6326.0,6329.2,6328.6,8801.1,8799.6,8799.7,5323.6,5324.8,5324.9,7586.1,7585.9,7587.0,6235.2,6234.4,6235.4,1891.8,1890.5,1890.6,3763.8,3763.7,3764.8,2645.1,2644.4,2644.5,2947.9,2948.0,2947.7,27.510000,27.540001,going to home base
2024-04-12T21:19:45Z,2418.0,2417.1,2417.3,2691.6,2692.0,2692.3,5796.7,5795.8,5796.7,2382.6,2382.5,2383.2,3574.5,3574.3,3574.1,4525.5,4525.0,4525.6,6328.8,6328.5,6326.9,8801.6,8799.7,8802.0,5325.6,5325.5,5326.1,7587.7,7585.4,7585.1,6234.1,6236.0,6235.7,1892.8,1890.9,1890.9,3764.5,3763.8,3764.8,2644.0,2643.7,2643.3,2946.3,2946.1,2946.3,27.459999,27.600000,going to home base
2024-04-12T21:19:50Z,2417.5,2416.8,2416.8,2691.2,2691.2,2691.5,5795.9,5795.2,5795.1,2382.0,2381.8,2382.5,3574.7,3574.7,3574.0,4525.5,4525.0,4524.8,6326.3,6325.1,6327.9,8799.0,8798.7,8799.4,5325.2,5323.9,5324.8,7585.3,7585.5,7585.5,6234.1,6234.5,6234.8,1892.3,1891.2,1891.0,3765.0,3765.1,3765.8,2644.3,2643.3,2643.1,2945.8,2946.0,2946.0,27.450001,27.610001,going to home base
2024-04-12T21:19:55Z,2417.7,2417.2,2416.8,2691.7,2691.1,2691.1,5795.5,5795.7,5795.4,2382.6,2382.3,2382.9,3575.7,3575.7,3575.3,4525.4,4524.7,4524.8,6322.5,6323.4,6322.3,8799.6,8799.9,8802.2,5324.3,5325.2,5325.4,7586.4,7586.8,7584.6,6234.5,6234.5,6235.5,1892.7,1891.1,1891.2,3764.2,3763.9,3764.9,2645.6,2644.7,2645.3,2947.6,2947.5,2948.3,27.480000,27.639999,going to home base
2024-04-12T21:20:00Z,2417.9,2417.3,2417.4,2691.4,2690.7,2691.2,5796.0,5795.7,5796.0,2382.0,2382.0,2382.5,3574.1,3573.6,3573.6,4524.8,4524.8,4525.1,6324.9,6325.4,6324.6,8799.4,8798.4,8799.3,5324.8,5324.8,5326.0,7586.2,7586.0,7585.0,6237.4,6236.2,6236.6,1892.2,1890.8,1890.7,3763.3,3763.1,3764.3,2643.6,2643.2,2643.4,2947.7,2947.4,2947.5,27.490000,27.600000,going to home base
2024-04-12T21:20:05Z,2417.5,2416.4,2416.9,2691.0,2690.5,2690.5,5796.0,5795.7,5796.0,2382.4,2382.6,2382.5,3574.8,3574.7,3574.6,4524.0,4524.0,4524.5,6326.1,6324.8,6325.9,8802.2,8801.1,8800.9,5324.8,5323.8,5325.2,7584.8,7584.5,7584.2,6234.0,6234.0,6233.7,1892.4,1891.2,1890.8,3763.3,3764.0,3764.4,2644.6,2644.1,2643.4,2947.7,2947.0,2946.7,27.480000,27.570000,going to home base
2024-04-12T21:20:10Z,2417.5,2416.8,2417.0,2690.5,2690.0,2691.1,5795.9,5795.7,5795.9,2382.7,2382.5,2382.5,3575.2,3574.4,3574.7,4524.6,4524.5,4524.3,6325.8,6325.8,6325.7,8799.1,8798.8,8799.0,5323.8,5323.9,5324.9,7584.0,7584.1,7585.1,6234.6,6234.6,6236.0,1892.0,1891.0,1890.8,3764.4,3764.1,3764.9,2645.0,2644.6,2644.7,2946.1,2946.2,2945.3,27.490000,27.600000,going to home base
2024-04-12T21:20:15Z,2417.5,2417.0,2417.1,2690.8,2691.0,2691.0,5795.8,5795.6,5795.9,2382.1,2382.1,2382.4,3574.5,3573.4,3574.1,4524.6,4524.7,4524.6,6325.4,6325.6,6327.1,8797.6,8797.3,8797.7,5324.2,5324.3,5326.3,7584.8,7584.2,7583.7,6232.9,6233.3,6232.2,1892.3,1890.7,1890.4,3765.2,3765.6,3765.6,2646.4,2646.1,2645.3,2947.1,2946.3,2947.3,27.480000,27.580000,going to home base
2024-04-12T21:20:20Z,2418.0,2416.9,2417.5,2690.9,2690.6,2690.6,5796.4,5796.0,5795.7,2382.6,2381.9,2383.1,3574.6,3574.3,3574.3,4525.0,4525.0,4524.6,6325.6,6325.8,6324.9,8797.6,8797.4,8797.5,5326.2,5326.3,5326.8,7585.0,7584.7,7583.4,6233.1,6232.9,6233.1,1892.1,1890.5,1890.4,3764.8,3764.8,3766.0,2645.0,2643.7,2644.3,2947.2,2946.3,2946.8,27.480000,27.580000,going to home base
2024-04-12T21:20:25Z,2418.2,2417.6,2417.6,2690.8,2690.5,2691.0,5796.1,5795.7,5795.7,2382.8,2382.9,2383.5,3575.3,3574.8,3575.5,4524.6,4524.7,4524.9,6324.7,6325.9,6325.9,8798.4,8798.0,8798.2,5325.0,5324.7,5325.5,7585.2,7583.0,7584.5,6231.9,6233.0,6232.3,1892.2,1891.2,1890.8,3765.4,3765.0,3765.5,2645.6,2644.6,2645.2,2946.3,2945.5,2946.8,27.480000,27.600000,going to home base
2024-04-12T21:20:30Z,2417.8,2417.5,2417.7,2690.4,2690.5,2690.9,5796.8,5796.3,5796.5,2382.5,2381.9,2382.9,3575.0,3575.3,3574.7,4524.7,4524.7,4524.4,6325.5,6324.3,6325.6,8800.9,8801.0,8799.8,5325.3,5325.5,5325.9,7583.9,7583.6,7582.4,6234.5,6234.1,6234.0,1892.5,1891.0,1890.4,3765.5,3765.7,3765.9,2644.5,2643.3,2643.3,2947.3,2946.3,2946.3,27.459999,27.580000,going to home base
2024-04-12T21:20:35Z,2418.0,2417.3,2417.8,2690.6,2690.5,2691.0,5796.7,5796.2,5795.7,2382.8,2382.8,2382.7,3574.6,3574.5,3574.8,4524.7,4524.7,4524.4,6325.2,6324.3,6325.8,8801.2,8800.9,8801.8,5327.7,5325.9,5327.2,7582.9,7581.3,7582.8,6233.0,6233.2,6232.6,1892.7,1891.0,1891.3,3764.5,3764.9,3765.5,2644.8,2644.4,2644.5,2947.4,2947.4,2947.9,27.480000,27.570000,going to home base
2024-04-12T21:20:40Z,2417.7,2417.3,2417.6,2690.7,2690.1,2691.1,5796.0,5795.2,5795.6,2382.1,2381.8,2382.0,3575.3,3575.9,3575.3,4525.0,4524.4,4523.9,6324.6,6324.1,6325.2,8799.8,8799.8,8800.7,5325.8,5325.2,5325.9,7584.6,7585.7,7583.6,6234.1,6232.4,6233.6,1892.0,1891.3,1890.5,3764.6,3764.7,3766.2,2644.5,2643.2,2644.6,2947.3,2946.1,2947.1,27.480000,27.639999,going to home base
2024-04-12T21:20:45Z,2417.7,2417.0,2417.6,2690.3,2689.7,2690.8,5795.9,5795.4,5795.8,2381.9,2381.5,2381.8,3574.8,3574.8,3574.8,4524.5,4524.7,4524.8,6325.3,6326.0,6326.4,8801.4,8799.7,8800.0,5325.9,5326.0,5325.7,7587.6,7583.3,7583.9,6232.5,6231.5,6232.4,1891.9,1890.3,1890.4,3764.7,3764.7,3765.4,2644.5,2643.5,2643.1,2946.8,2946.2,2946.1,27.490000,27.580000,going to home base
2024-04-12T21:20:50Z,2418.0,2416.8,2417.7,2690.4,2689.8,2691.0,5795.8,5795.3,5795.5,2382.7,2382.2,2382.9,3574.9,3575.0,3575.2,4524.6,4524.5,4524.2,6324.6,6325.2,6323.8,8796.9,8798.1,8797.3,5327.1,5325.4,5326.2,7581.0,7580.5,7581.8,6233.0,6232.8,6233.3,1892.0,1890.6,1890.7,3764.5,3764.3,3765.6,2644.6,2643.7,2643.5,2947.6,2947.1,2946.8,27.480000,27.570000,going to home base
2024-04-12T21:20:55Z,2417.9,2417.2,2417.3,2690.7,2690.4,2691.0,5795.9,5795.6,5795.6,2382.1,2382.3,2382.5,3574.5,3574.8,3574.6,4524.5,4524.3,4524.7,6325.6,6325.9,6325.0,8800.4,8798.8,8798.5,5325.6,5325.2,5326.6,7584.5,7583.2,7581.8,6231.0,6232.1,6232.8,1892.6,1891.3,1890.8,3764.0,3764.2,3765.5,2644.3,2643.8,2643.6,2948.2,2946.9,2947.3,27.459999,27.559999,going to home base
2024-04-12T21:21:00Z,2417.9,2417.2,2417.2,2690.7,2690.5,2691.1,5795.7,5795.3,5795.0,2382.1,2382.1,2382.4,3574.9,3574.8,3574.2,4524.4,4523.5,4524.1,6325.3,6325.7,6323.8,8798.0,8797.8,8798.6,5324.3,5324.6,5325.2,7583.4,7583.9,7583.1,6232.9,6233.5,6231.8,1892.1,1890.8,1890.9,3764.4,3764.5,3765.5,2644.5,2643.8,2643.7,2948.7,2947.8,2947.6,27.480000,27.570000,going to home base
2024-04-12T21:21:05Z,2417.2,2416.8,2417.2,2690.7,2690.7,2690.6,5794.9,5794.7,5794.6,2382.4,2382.6,2382.4,3573.9,3573.5,3573.5,4523.9,4523.8,4523.6,6323.1,6324.1,6324.9,8797.5,8797.4,8797.7,5325.8,5326.2,5326.9,7584.8,7584.8,7582.2,6232.8,6231.8,6233.4,1892.2,1890.6,1890.8,3763.8,3764.2,3765.3,2644.6,2643.7,2643.4,2947.7,2947.9,2948.6,27.459999,27.610001,going to home base
2024-04-12T21:21:10Z,2417.8,2417.3,2417.7,2690.1,2689.6,2689.9,5795.2,5794.5,5794.8,2381.8,2382.1,2381.7,3574.2,3573.7,3573.9,4524.0,4523.8,4523.9,6321.9,6321.8,6322.7,8796.7,8796.6,8798.9,5323.8,5324.3,5325.4,7583.6,7583.9,7584.1,6229.8,6231.1,6231.9,1892.0,1891.4,1890.4,3764.5,3764.7,3765.9,2644.5,2643.3,2643.7,2948.1,2946.8,2946.5,27.480000,27.570000,going to home base
2024-04-12T21:21:15Z,2417.9,2417.8,2417.8,2690.6,2690.6,2691.3,5794.8,5794.1,5794.1,2381.8,2381.9,2382.1,3575.5,3575.4,3575.0,4523.7,4524.2,4523.4,6323.4,6322.8,6323.6,8798.7,8799.7,8800.9,5324.3,5323.0,5324.2,7584.8,7583.0,7583.7,6231.4,6230.3,6232.6,1891.8,1890.9,1890.7,3763.7,3763.7,3764.3,2644.6,2643.5,2643.9,2946.7,2946.2,2946.5,27.490000,27.570000,going to home base
2024-04-12T21:21:20Z,2417.3,2417.1,2417.1,2690.6,2691.0,2691.3,5794.9,5794.2,5794.2,2381.7,2381.5,2382.4,3575.9,3574.9,3575.2,4524.1,4523.9,4523.9,6324.0,6324.3,6323.0,8798.1,8795.6,8796.5,5323.8,5324.0,5324.3,7582.7,7582.3,7580.3,6232.6,6232.0,6232.2,1892.1,1890.8,1890.7,3762.9,3763.1,3764.5,2644.4,2643.2,2643.0,2947.7,2947.1,2947.4,27.459999,27.610001,going to home base
2024-04-12T21:21:25Z,2418.0,2417.2,2417.4,2690.7,2690.6,2690.8,5795.7,5794.4,5794.6,2381.1,2381.7,2381.7,3574.3,3573.9,3573.2,4524.1,4524.7,4523.8,6322.7,6325.3,6324.6,8797.3,8797.4,8795.4,5324.1,5323.7,5324.5,7580.4,7579.8,7581.2,6229.9,6231.3,6231.6,1891.6,1890.0,1889.9,3763.7,3763.7,3764.5,2644.0,2643.1,2643.0,2947.5,2946.9,2947.1,27.480000,27.570000,going to home base
2024-04-12T21:21:30Z,2418.1,2417.2,2417.8,2690.7,2691.0,2691.0,5795.0,5794.4,5794.3,2382.0,2381.3,2382.0,3574.4,3574.0,3573.5,4524.4,4524.2,4524.4,6324.4,6323.4,6323.2,8800.2,8797.8,8799.2,5324.5,5324.5,5325.0,7583.3,7582.1,7581.6,6234.0,6232.6,6233.0,1891.6,1889.9,1890.2,3763.5,3763.2,3764.1,2645.5,2644.4,2644.0,2948.4,2946.7,2947.1,27.510000,27.580000,going to home base
2024-04-12T21:21:35Z,2417.5,2417.1,2417.1,2691.2,2690.6,2690.9,5793.7,5793.7,5793.7,2381.3,2381.8,2382.4,3575.0,3574.4,3574.5,4523.7,4523.9,4523.6,6322.1,6323.0,6324.4,8794.9,8793.8,8793.8,5323.0,5323.5,5323.4,7581.1,7583.2,7582.7,6229.8,6231.0,6230.9,1891.5,1890.2,1890.2,3764.0,3763.6,3764.9,2645.1,2643.7,2644.0,2947.3,2947.2,2946.3,27.459999,27.600000,going to home base
2024-04-12T21:21:40Z,2417.4,2416.5,2417.0,2691.1,2690.4,2690.6,5794.2,5794.2,5793.9,2382.2,2382.4,2382.7,3574.8,3574.0,3574.0,4523.6,4523.6,4523.4,6322.3,6321.3,6323.4,8798.7,8797.9,8799.6,5325.6,5326.0,5326.7,7583.3,7583.0,7582.2,6233.3,6232.5,6234.1,1892.1,1890.1,1890.2,3763.1,3763.2,3763.5,2644.4,2643.1,2644.2,2946.9,2947.3,2947.2,27.490000,27.600000,going to home base
2024-04-12T21:21:45Z,2417.1,2416.5,2416.8,2690.8,2690.7,2690.8,5794.6,5793.7,5794.4,2381.7,2382.2,2381.8,3573.9,3573.4,3573.9,4523.2,4523.2,4523.4,6320.3,6319.0,6320.0,8798.1,8798.6,8797.4,5325.9,5325.3,5325.6,7579.3,7579.1,7579.8,6233.2,6233.0,6232.2,1891.9,1890.2,1890.3,3764.0,3764.2,3764.9,2644.8,2643.9,2644.9,2948.7,2947.5,2947.2,27.490000,27.629999,going to home base
2024-04-12T21:21:50Z,2417.1,2416.4,2416.9,2689.9,2690.2,2690.6,5794.3,5793.7,5793.6,2381.8,2381.6,2381.9,3573.8,3573.1,3573.3,4523.6,4523.4,4523.2,6321.5,6321.9,6319.6,8797.8,8799.1,8798.2,5324.5,5323.7,5324.4,7583.1,7582.3,7582.5,6231.7,6230.4,6232.4,1891.9,1890.1,1890.1,3763.2,3763.3,3764.0,2645.0,2644.6,2644.6,2947.7,2946.6,2947.6,27.490000,27.590000,going to home base
2024-04-12T21:21:55Z,2416.8,2416.6,2416.6,2690.4,2690.6,2690.5,5793.4,5794.0,5794.1,2382.0,2381.6,2382.0,3574.3,3574.0,3573.8,4522.5,4522.6,4523.0,6322.2,6321.5,6323.8,8796.7,8797.8,8796.5,5323.5,5322.8,5323.9,7583.1,7581.4,7582.2,6232.2,6233.0,6232.6,1891.9,1890.6,1890.4,3763.5,3763.7,3764.8,2645.8,2645.1,2644.9,2948.1,2947.6,2947.8,27.510000,27.600000,going to home base
2024-04-12T21:22:00Z,2417.4,2416.7,2417.0,2689.7,2689.7,2690.0,5794.4,5794.0,5794.2,2381.9,2381.8,2382.5,3573.9,3573.0,3573.5,4523.5,4523.0,4523.0,6322.5,6321.3,6322.3,8797.6,8794.8,8796.3,5325.3,5325.1,5323.7,7581.4,7581.1,7580.5,6233.2,6234.4,6234.8,1891.6,1890.2,1890.1,3764.0,3764.0,3764.5,2644.0,2643.2,2643.1,2949.2,2949.0,2949.2,27.480000,27.580000,going to home base
2024-04-12T21:22:05Z,2417.5,2417.0,2417.1,2690.1,2689.7,2690.1,5793.9,5793.6,5793.4,2382.1,2382.4,2383.0,3572.8,3573.5,3573.1,4523.6,4523.0,4522.9,6321.8,6322.4,6322.6,8797.2,8795.0,8796.1,5324.1,5322.6,5323.7,7581.7,7581.6,7581.8,6234.0,6231.3,6233.0,1891.7,1890.2,1890.1,3764.1,3763.6,3764.6,2643.3,2642.9,2643.3,2948.1,2947.2,2947.5,27.510000,27.570000,going to home base
2024-04-12T21:22:10Z,2417.6,2416.9,2417.7,2689.9,2689.8,2690.3,5794.4,5793.7,5793.8,2381.6,2382.0,2382.1,3574.0,3573.5,3572.8,4523.4,4522.8,4523.3,6321.8,6321.2,6320.6,8798.8,8796.2,8796.5,5323.2,5322.9,5324.6,7580.7,7580.1,7582.4,6232.1,6231.9,6230.3,1892.1,1890.6,1890.3,3762.5,3762.3,3763.2,2644.2,2643.3,2642.7,2948.6,2948.1,2947.9,27.459999,27.559999,going to home base
2024-04-12T21:22:15Z,2417.7,2417.0,2417.3,2690.5,2690.2,2690.6,5794.4,5794.3,5794.4,2381.2,2381.3,2381.4,3573.3,3572.6,3572.3,4522.8,4522.6,4522.6,6323.6,6323.7,6323.8,8797.3,8796.8,8795.7,5324.5,5323.7,5325.4,7583.8,7582.3,7583.7,6231.6,6231.5,6232.3,1891.8,1890.4,1890.1,3761.8,3762.3,3762.8,2644.0,2643.2,2642.5,2946.7,2946.7,2947.3,27.480000,27.580000,going to home base
2024-04-12T21:22:20Z,2417.6,2416.8,2417.0,2690.1,2689.4,2690.0,5794.4,5793.4,5793.4,2381.2,2381.4,2381.6,3573.8,3572.7,3573.4,4523.0,4523.0,4523.1,6319.5,6320.8,6319.8,8796.9,8796.7,8797.1,5324.6,5322.8,5323.5,7581.2,7579.9,7579.6,6234.0,6232.4,6232.3,1891.7,1890.0,1890.1,3763.2,3762.9,3764.1,2644.4,2643.3,2643.6,2947.3,2946.6,2946.7,27.510000,27.600000,going to home base
2024-04-12T21:22:25Z,2417.7,2417.3,2417.3,2689.9,2690.2,2690.1,5793.3,5792.9,5793.5,2381.4,2381.1,2381.6,3573.4,3573.2,3573.2,4522.9,4522.4,4522.9,6320.9,6320.9,6323.0,8796.2,8793.8,8795.5,5321.9,5321.8,5322.6,7582.2,7581.4,7581.4,6229.7,6230.7,6231.8,1891.7,1890.6,1890.4,3761.9,3762.1,3762.9,2643.2,2642.5,2643.1,2948.3,2947.6,2948.0,27.480000,27.580000,going to home base
2024-04-12T21:22:30Z,2417.4,2416.8,2416.8,2689.5,2689.6,2690.0,5793.7,5792.6,5792.7,2382.3,2382.3,2382.4,3574.2,3573.4,3573.7,4523.3,4523.1,4523.4,6322.3,6322.7,6323.5,8796.4,8794.4,8796.3,5323.2,5321.7,5323.4,7582.5,7580.7,7581.8,6230.4,6230.4,6232.0,1892.0,1889.8,1890.1,3762.5,3762.9,3763.2,2643.7,2643.0,2643.2,2947.5,2948.0,2947.8,27.490000,27.580000,going to home base
2024-04-12T21:22:35Z,2417.2,2416.9,2417.1,2690.0,2690.2,2690.8,5793.6,5793.0,5792.9,2381.5,2381.2,2381.4,3572.9,3573.3,3573.8,4522.8,4522.9,4522.8,6325.4,6326.0,6325.1,8796.4,8795.5,8795.3,5324.2,5323.3,5323.9,7580.5,7581.1,7581.0,6230.1,6230.7,6229.5,1892.3,1890.5,1890.5,3762.8,3762.8,3763.6,2643.4,2642.4,2642.9,2948.5,2947.1,2948.4,27.459999,27.600000,going to home base
2024-04-12T21:22:40Z,2417.5,2416.9,2417.1,2689.5,2689.0,2689.8,5793.5,5793.1,5793.0,2381.5,2381.0,2381.9,3573.9,3573.4,3573.0,4523.3,4522.8,4523.0,6323.4,6321.5,6321.2,8795.0,8795.3,8797.8,5322.6,5322.3,5323.2,7581.7,7580.4,7580.7,6231.9,6231.7,6231.9,1892.5,1890.9,1890.7,3763.6,3763.7,3763.9,2645.7,2644.9,2644.5,2948.2,2947.5,2948.0,27.510000,27.610001,going to home base
2024-04-12T21:22:45Z,2417.7,2417.4,2417.4,2689.7,2690.0,2690.0,5793.9,5793.1,5792.8,2380.9,2380.9,2381.5,3573.4,3573.4,3573.4,4522.9,4523.2,4523.1,6323.1,6323.9,6325.8,8797.0,8796.5,8795.2,5322.2,5322.7,5323.3,7581.6,7581.3,7580.7,6232.9,6233.4,6233.4,1891.6,1890.3,1890.2,3762.8,3763.3,3764.3,2643.8,2643.2,2642.5,2949.0,2948.1,2948.4,27.510000,27.629999,going to home base
2024-04-12T21:22:50Z,2417.6,2416.7,2417.0,2690.0,2689.6,2690.3,5794.0,5793.4,5793.7,2381.9,2381.6,2382.0,3573.2,3572.3,3573.0,4523.2,4522.8,4522.6,6322.8,6322.2,6323.0,8797.5,8796.4,8796.4,5322.7,5322.7,5323.2,7582.0,7579.3,7580.3,6230.0,6229.6,6230.6,1892.0,1890.4,1890.7,3763.1,3763.1,3763.7,2644.0,2642.7,2642.5,2947.5,2946.9,2946.8,27.459999,27.600000,going to home base
2024-04-12T21:22:55Z,2417.6,2417.1,2417.5,2689.6,2689.7,2689.7,5793.8,5793.3,5793.7,2381.3,2381.5,2382.1,3573.1,3572.6,3573.2,4523.4,4523.2,4522.6,6323.0,6323.4,6324.1,8795.4,8795.6,8797.5,5323.3,5323.6,5324.7,7580.8,7578.7,7578.8,6231.4,6230.2,6230.9,1891.2,1890.0,1889.8,3762.4,3762.7,3763.5,2643.5,2642.7,2642.6,2947.3,2947.4,2948.8,27.490000,27.610001,going to home base
2024-04-12T21:23:00Z,2416.7,2416.2,2416.5,2689.4,2689.4,2689.3,5792.6,5792.0,5792.5,2381.6,2382.0,2381.7,3573.5,3573.1,3573.1,4522.6,4522.4,4522.7,6322.5,6322.5,6322.6,8796.3,8795.7,8795.5,5323.5,5322.8,5324.1,7580.2,7579.6,7579.6,6230.3,6232.0,6231.9,1891.2,1889.9,1889.8,3762.7,3762.5,3763.0,2643.9,2643.4,2642.9,2946.7,2946.3,2947.0,27.480000,27.600000,going to home base
2024-04-12T21:23:05Z,2416.5,2415.8,2416.1,2690.1,2690.2,2690.7,5794.3,5793.6,5793.7,2381.8,2381.9,2382.3,3573.3,3573.6,3573.8,4523.5,4523.0,4523.2,6323.0,6321.8,6321.2,8796.1,8795.0,8795.0,5324.3,5323.1,5323.4,7581.3,7581.0,7580.5,6232.0,6233.8,6231.4,1891.3,1889.6,1889.6,3763.0,3763.7,3764.0,2643.4,2642.5,2643.0,2947.9,2946.6,2947.4,27.490000,27.610001,going to home base
2024-04-12T21:23:10Z,2416.3,2415.6,2415.7,2690.0,2689.9,2690.2,5794.2,5793.2,5794.0,2382.4,2381.9,2382.4,3573.7,3572.9,3573.6,4522.7,4522.6,4522.7,6322.2,6322.3,6321.2,8796.6,8797.6,8796.7,5322.8,5322.9,5323.8,7580.2,7579.0,7578.6,6231.7,6232.7,6234.1,1891.4,1889.9,1890.1,3762.0,3762.3,3763.4,2643.5,2642.9,2642.8,2947.1,2946.9,2947.3,27.480000,27.629999,going to home base
2024-04-12T21:23:15Z,2416.4,2415.9,2416.1,2689.6,2689.7,2690.5,5794.1,5793.9,5793.7,2381.3,2381.3,2381.8,3574.8,3573.9,3573.6,4523.1,4522.7,4522.9,6322.8,6320.4,6322.3,8794.7,8794.5,8795.2,5323.5,5323.8,5321.9,7581.3,7581.3,7580.7,6230.5,6230.6,6230.3,1891.6,1890.2,1890.1,3761.0,3761.6,3762.3,2643.4,2642.9,2643.2,2945.5,2945.6,2945.3,27.480000,27.650000,going to home base
2024-04-12T21:23:20Z,2416.8,2415.8,2416.2,2689.5,2690.2,2690.5,5793.7,5793.2,5793.5,2381.5,2381.7,2382.4,3574.2,3573.8,3574.2,4523.2,4522.4,4523.3,6322.8,6322.5,6322.3,8795.8,8793.7,8797.1,5324.5,5324.2,5323.7,7582.1,7581.9,7580.9,6232.1,6231.1,6230.0,1892.6,1890.9,1890.8,3762.0,3761.9,3762.7,2643.7,2643.4,2643.6,2946.5,2945.8,2946.2,27.490000,27.610001,going to home base
2024-04-12T21:23:25Z,2416.3,2415.7,2415.6,2689.6,2689.0,2689.4,5793.2,5792.9,5792.9,2381.1,2381.0,2382.0,3573.8,3573.9,3574.1,4523.1,4522.5,4523.2,6324.2,6323.6,6324.0,8796.1,8795.5,8795.6,5325.4,5323.6,5324.9,7580.3,7580.1,7580.3,6232.6,6232.1,6233.2,1892.1,1890.5,1890.4,3762.5,3762.5,3763.1,2644.3,2643.3,2643.3,2946.7,2946.4,2946.7,27.490000,27.650000,going to home base
2024-04-12T21:23:30Z,2416.3,2415.1,2415.6,2689.8,2690.2,2690.1,5793.5,5793.1,5793.2,2381.7,2381.9,2382.3,3574.9,3574.4,3574.8,4522.9,4522.5,4522.9,6325.3,6324.0,6323.8,8797.9,8796.8,8796.5,5325.1,5324.9,5325.8,7580.0,7580.0,7579.8,6230.8,6230.6,6229.8,1892.1,1890.6,1890.4,3762.7,3762.6,3763.2,2644.6,2643.1,2643.9,2948.9,2948.0,2947.8,27.490000,27.610001,going to home base
2024-04-12T21:23:35Z,2417.0,2416.4,2416.6,2689.4,2689.7,2689.9,5793.4,5793.5,5793.4,2381.3,2381.3,2381.8,3573.1,3572.6,3572.5,4523.0,4522.7,4522.7,6325.1,6324.5,6325.6,8795.6,8795.9,8795.2,5323.1,5323.0,5323.9,7580.5,7578.9,7578.6,6228.2,6230.2,6228.6,1892.1,1890.7,1890.4,3762.9,3763.8,3763.9,2643.9,2642.6,2643.4,2947.0,2946.4,2947.7,27.490000,27.610001,going to home base
2024-04-12T21:23:40Z,2416.6,2415.5,2415.6,2689.1,2688.9,2689.0,5792.9,5792.4,5792.8,2381.5,2381.6,2381.8,3573.7,3573.4,3573.4,4522.1,4522.1,4521.8,6324.8,6324.7,6324.1,8795.2,8795.3,8796.0,5323.7,5322.7,5323.0,7581.5,7581.6,7581.1,6228.4,6228.4,6228.3,1891.4,1889.9,1889.9,3762.2,3762.2,3762.8,2642.1,2641.5,2641.5,2948.3,2947.4,2947.5,27.490000,27.639999,going to home base
2024-04-12T21:23:45Z,2416.8,2416.3,2416.8,2690.1,2689.8,2690.1,5793.9,5792.8,5793.4,2382.5,2382.2,2382.6,3574.7,3573.9,3574.1,4522.4,4522.0,4522.4,6324.2,6324.3,6323.1,8797.7,8797.7,8797.2,5323.3,5322.5,5322.4,7583.2,7581.5,7579.2,6227.7,6229.2,6228.7,1891.7,1890.1,1890.7,3763.8,3763.9,3764.2,2643.4,2643.0,2642.8,2946.7,2946.6,2947.3,27.480000,27.610001,going to home base
2024-04-12T21:23:50Z,2417.3,2416.6,2416.9,2688.7,2689.0,2689.2,5793.0,5792.8,5793.0,2381.8,2381.9,2382.0,3574.0,3573.1,3573.8,4522.5,4522.1,4522.5,6324.6,6325.0,6326.4,8795.3,8795.0,8794.1,5322.5,5322.6,5323.3,7578.9,7580.0,7579.9,6231.2,6230.8,6231.1,1891.7,1890.1,1889.9,3762.0,3762.0,3762.8,2643.3,2643.4,2642.5,2947.2,2945.8,2946.0,27.480000,27.639999,going to home base
2024-04-12T21:23:55Z,2417.7,2417.1,2416.6,2689.0,2688.7,2689.6,5792.9,5793.0,5792.4,2382.0,2381.7,2382.4,3573.8,3573.8,3573.4,4522.8,4522.6,4522.9,6324.0,6322.5,6323.9,8794.7,8793.7,8793.7,5322.7,5322.4,5323.8,7580.7,7580.3,7580.0,6230.8,6230.8,6231.6,1891.6,1890.1,1889.7,3762.4,3762.6,3762.8,2642.7,2642.1,2642.0,2948.1,2947.1,2947.4,27.490000,27.570000,going to home base
2024-04-12T21:24:00Z,2417.0,2416.2,2416.8,2689.6,2689.9,2689.9,5793.0,5792.5,5792.9,2381.9,2381.9,2382.3,3573.8,3573.9,3573.5,4522.5,4522.2,4522.0,6322.0,6323.3,6325.0,8795.8,8796.5,8795.9,5321.5,5321.8,5322.1,7578.9,7578.2,7579.0,6231.4,6229.3,6231.5,1891.5,1890.0,1890.1,3762.0,3761.7,3762.3,2642.5,2641.7,2641.6,2947.3,2946.7,2947.2,27.480000,27.580000,going to home base
2024-04-12T21:24:05Z,2417.1,2416.7,2416.9,2690.2,2690.0,2690.1,5793.0,5792.4,5792.6,2381.9,2381.9,2382.5,3574.1,3574.2,3573.9,4521.9,4521.8,4521.9,6325.2,6325.4,6327.1,8797.3,8796.8,8797.2,5321.7,5321.9,5322.0,7579.0,7577.6,7576.4,6230.6,6230.4,6228.9,1891.5,1889.7,1889.8,3762.4,3761.8,3763.1,2642.3,2641.9,2641.9,2947.4,2947.3,2946.9,27.490000,27.570000,going to home base
2024-04-12T21:24:10Z,2417.0,2416.5,2416.1,2689.6,2689.6,2690.0,5792.4,5791.8,5792.0,2381.8,2381.7,2382.6,3573.7,3573.4,3573.9,4521.8,4521.9,4521.8,6323.2,6323.1,6323.2,8794.9,8795.7,8794.0,5323.6,5323.2,5323.5,7578.4,7576.5,7577.1,6227.1,6226.1,6227.5,1891.4,1890.2,1890.2,3762.3,3762.1,3763.2,2642.6,2641.7,2642.8,2948.3,2946.8,2948.0,27.480000,27.639999,going to home base
2024-04-12T21:24:15Z,2416.9,2415.9,2416.2,2688.8,2688.6,2689.2,5791.8,5791.6,5791.9,2381.5,2381.2,2381.3,3573.8,3573.3,3573.0,4521.6,4521.6,4521.6,6322.1,6321.5,6322.7,8795.7,8793.6,8795.3,5322.4,5321.3,5322.6,7579.1,7578.9,7578.9,6227.5,6226.7,6228.9,1891.7,1889.9,1890.1,3762.0,3762.0,3762.7,2643.2,2642.3,2642.9,2946.7,2946.4,2947.0,27.480000,27.629999,going to home base
2024-04-12T21:24:25Z,2416.9,2416.0,2415.7,2689.9,2690.3,2689.8,5792.6,5792.1,5792.0,2380.8,2380.9,2381.2,3573.6,3573.6,3573.5,4521.9,4521.8,4521.7,6320.1,6320.3,6318.2,8794.9,8793.0,8794.4,5322.3,5321.8,5321.9,7580.6,7577.7,7577.3,6229.4,6228.6,6229.1,1891.4,1889.6,1start,27381.8,27385.7,2417.2,2416.1,2416.1,2689.2,2689.2,2689.4,5792.8,2381.4,2380.9,going to home base
2024-04-12T21:24:35Z,2416.8,2416.0,2416.3,2689.1,2688.6,2689.3,5792.3,5791.9,5792.5,2381.6,2381.5,2381.9,3573.3,3573.1,3572.8,4522.1,4521.8,4522.6,6323.7,6324.5,6324.8,8794.3,8794.5,8794.1,5322.4,5322.6,5323.9,7580.3,7579.1,7580.7,6230.0,6228.7,6228.2,1891.4,1890.1,1889.6,3762.0,3762.7,3763.5,2642.7,2642.6,2642.6,2945.9,2945.7,2946.0,27.480000,27.610001,going to home base
2024-04-12T21:24:40Z,2417.3,2416.4,2416.4,2689.6,2689.5,2690.0,5792.6,5791.6,5791.7,2381.4,2381.4,2381.8,3572.0,3572.5,3572.0,4522.2,4522.1,4522.0,6323.0,6320.9,6322.6,8795.0,8794.4,8795.4,5323.5,5323.6,5323.1,7578.6,7579.5,7579.9,6229.3,6228.6,6229.1,1891.9,1890.4,1890.6,3762.0,3762.0,3762.7,2643.5,2642.6,2642.7,2946.6,2945.4,2946.8,27.490000,27.600000,going to home base
2024-04-12T21:24:45Z,2417.3,2416.5,2416.4,2690.1,2689.8,2690.1,5792.3,5791.8,5792.0,2380.9,2381.0,2381.6,3573.2,3572.7,3572.6,4521.9,4522.0,4522.1,6321.8,6319.9,6321.2,8796.6,8793.8,8794.4,5322.7,5321.9,5322.3,7580.9,7580.2,7579.6,6228.2,6229.6,6229.6,1891.6,1890.3,1890.3,3761.7,3761.8,3762.7,2643.3,2642.6,2642.8,2947.0,2946.6,2947.3,27.490000,27.629999,going to home base
2024-04-12T21:24:50Z,2416.8,2415.7,2416.3,2690.2,2689.4,2690.5,5792.5,5792.3,5792.0,2381.6,2381.7,2382.0,3573.3,3573.0,3572.7,4522.0,4522.0,4521.8,6321.0,6319.6,6321.7,8793.7,8792.8,8795.7,5322.1,5321.1,5321.8,7580.3,7580.8,7579.6,6227.3,6230.0,6229.6,1891.7,1890.0,1890.0,3762.4,3763.3,3763.1,2643.1,2642.4,2642.2,2946.6,2945.7,2946.1,27.480000,27.650000,going to home base
2024-04-12T21:24:55Z,2416.6,2416.0,2415.8,2689.0,2689.6,2690.0,5792.5,5791.9,5792.0,2380.3,2380.2,2380.7,3573.3,3572.9,3572.2,4522.5,4521.8,4522.2,6320.4,6320.6,6319.8,8794.7,8794.1,8795.4,5323.9,5323.6,5324.4,7580.6,7582.7,7581.2,6231.2,6228.1,6230.8,1891.4,1890.1,1890.4,3762.9,3762.5,3763.8,2643.7,2642.9,2643.1,2947.9,2947.2,2947.3,27.480000,27.650000,going to home base
2024-04-12T21:25:00Z,2416.7,2416.1,2416.2,2689.2,2690.0,2690.0,5792.5,5792.1,5791.9,2381.2,2380.9,2380.9,3573.0,3573.3,3573.2,4521.6,4522.0,4521.8,6318.2,6317.2,6316.1,8795.9,8797.5,8794.9,5323.4,5323.1,5323.9,7579.6,7578.9,7578.7,6229.6,6229.4,6231.0,1890.6,1889.0,1889.4,3762.8,3762.8,3763.0,2643.5,2643.0,2642.9,2945.7,2945.2,2945.0,27.490000,27.570000,going to home base
2024-04-12T21:25:05Z,2417.2,2416.5,2416.9,2689.0,2688.9,2689.0,5792.7,5792.3,5792.2,2380.3,2379.9,2380.4,3572.2,3571.9,3571.5,4521.7,4521.7,4521.6,6321.1,6320.6,6321.1,8795.7,8795.3,8797.9,5322.6,5322.0,5323.8,7579.5,7578.0,7578.6,6227.0,6226.2,6227.7,1890.7,1889.8,1889.5,3763.1,3763.0,3763.2,2643.7,2643.3,2643.1,2944.4,2943.8,2943.9,27.510000,27.629999,going to home base
2024-04-12T21:25:10Z,2416.9,2416.5,2416.8,2689.2,2689.6,2689.7,5792.9,5792.2,5792.4,2380.1,2379.8,2380.5,3573.3,3571.7,3572.2,4521.9,4521.8,4521.7,6321.4,6320.6,6321.6,8792.2,8794.1,8792.4,5323.0,5323.5,5323.2,7579.0,7576.7,7577.7,6228.1,6228.9,6228.9,1890.4,1888.9,1888.9,3762.2,3762.2,3763.3,2643.3,2642.8,2642.1,2946.7,2946.4,2946.6,27.490000,27.610001,going to home base
2024-04-12T21:25:15Z,2416.8,2416.2,2416.5,2689.4,2688.6,2689.6,5793.0,5792.5,5792.2,2381.1,2381.0,2381.5,3572.5,3571.8,3572.3,4522.1,4522.2,4521.9,6320.1,6319.6,6319.5,8793.1,8794.1,8794.1,5321.1,5320.6,5321.1,7579.4,7577.9,7579.0,6229.4,6229.0,6230.2,1891.6,1890.0,1890.0,3762.4,3762.9,3763.2,2642.6,2642.0,2641.8,2946.9,2946.5,2946.5,27.480000,27.650000,going to home base
2024-04-12T21:25:20Z,2416.7,2415.4,2415.8,2688.7,2689.7,2689.5,5792.1,5791.5,5791.6,2381.3,2381.4,2381.4,3573.1,3573.2,3572.2,4521.9,4521.6,4521.7,6317.8,6317.4,6319.1,8795.8,8795.5,8794.4,5323.3,5322.2,5323.3,7580.0,7579.3,7578.7,6228.4,6229.9,6232.1,1891.2,1889.7,1889.6,3763.1,3763.3,3764.1,2644.3,2643.9,2643.0,2945.8,2945.1,2945.5,27.490000,27.580000,going to home base
2024-04-12T21:25:25Z,2417.0,2416.0,2416.2,2689.3,2689.2,2689.3,5792.6,5792.2,5792.2,2380.7,2380.9,2381.3,3572.3,3572.4,3571.9,4522.1,4521.8,4522.1,6316.2,6317.5,6318.8,8794.2,8792.8,8792.8,5322.6,5323.0,5323.6,7579.7,7579.3,7577.8,6228.7,6228.3,6229.5,1891.7,1891.0,1890.7,3763.0,3763.4,3764.0,2642.6,2642.2,2642.6,2947.0,2946.8,2946.9,27.490000,27.610001,going to home base
2024-04-12T21:25:30Z,2417.9,2416.9,2417.3,2689.7,2689.7,2690.2,5793.1,5791.8,5791.9,2380.2,2379.9,2380.5,3572.6,3571.9,3571.8,4521.7,4521.7,4522.2,6320.5,6321.3,6319.8,8796.5,8796.7,8797.1,5322.4,5322.2,5322.6,7580.7,7579.6,7579.0,6231.3,6229.7,6230.7,1891.9,1890.3,1890.2,3763.1,3763.2,3764.0,2644.5,2643.2,2643.7,2947.1,2946.3,2946.8,27.490000,27.670000,going to home base
2024-04-12T21:25:35Z,2417.5,2416.7,2416.8,2689.6,2689.5,2689.5,5792.7,5792.6,5793.0,2380.6,2380.6,2380.5,3572.1,3572.4,3572.9,4522.4,4522.1,4522.2,6321.0,6320.6,6319.9,8796.2,8794.4,8794.8,5323.8,5324.1,5324.0,7580.0,7581.5,7580.5,6230.8,6228.6,6229.4,1892.3,1890.6,1890.6,3762.6,3762.6,3763.6,2643.1,2642.4,2642.4,2948.7,2946.9,2947.3,27.490000,27.670000,going to home base
2024-04-12T21:25:40Z,2417.2,2417.0,2417.0,2689.0,2689.6,2689.3,5793.2,5792.1,5792.5,2380.2,2380.6,2381.4,3572.7,3572.1,3572.0,4522.2,4522.3,4522.2,6320.6,6320.6,6320.7,8795.9,8795.6,8794.3,5322.5,5322.2,5322.8,7581.8,7580.5,7579.5,6225.8,6225.7,6225.6,1892.5,1890.8,1891.1,3762.0,3762.4,3762.6,2643.8,2642.6,2643.1,2946.6,2947.2,2946.8,27.490000,27.650000,going to home base
2024-04-12T21:25:45Z,2417.9,2417.2,2416.9,2690.2,2689.7,2689.6,5793.1,5792.0,5792.8,2381.2,2381.3,2381.4,3572.2,3571.5,3571.3,4522.3,4522.2,4521.9,6321.9,6319.8,6320.1,8794.6,8793.7,8794.9,5320.2,5319.4,5320.1,7580.2,7579.6,7580.4,6226.0,6223.9,6225.9,1891.4,1890.2,1890.2,3762.5,3762.6,3763.8,2643.3,2642.6,2642.5,2946.7,2945.6,2946.4,27.510000,27.650000,going to home base
2024-04-12T21:25:50Z,2417.7,2416.9,2417.2,2689.8,2689.7,2690.3,5791.9,5792.0,5792.1,2381.9,2381.4,2381.7,3573.2,3572.7,3572.3,4522.1,4522.6,4521.7,6319.9,6318.9,6319.0,8794.9,8795.4,8797.6,5320.1,5318.8,5319.7,7578.8,7578.1,7578.9,6228.5,6229.9,6228.7,1892.0,1890.0,1890.1,3762.0,3762.7,3763.8,2642.8,2642.3,2642.4,2944.3,2945.0,2945.1,27.480000,27.670000,going to home base
2024-04-12T21:25:55Z,2417.3,2417.0,2416.9,2689.2,2689.0,2689.3,5792.5,5791.6,5791.8,2381.1,2381.4,2382.0,3572.9,3572.9,3572.1,4521.7,4521.9,4522.3,6320.0,6321.4,6321.4,8795.8,8794.4,8795.3,5318.1,5318.2,5318.0,7581.7,7582.3,7579.7,6229.6,6227.6,6228.6,1891.6,1889.8,1890.3,3762.9,3762.8,3763.5,2643.1,2643.0,2643.2,2946.3,2945.6,2946.6,27.490000,27.650000,going to home base
2024-04-12T21:26:00Z,2417.7,2417.1,2417.0,2689.3,2688.8,2689.2,5792.8,5792.1,5792.5,2380.7,2380.1,2380.4,3573.1,3572.7,3572.2,4522.0,4522.2,4522.3,6319.1,6321.6,6320.9,8796.8,8798.1,8796.3,5320.9,5319.6,5321.4,7580.5,7578.6,7579.4,6226.9,6228.6,6229.0,1892.0,1890.5,1890.6,3762.5,3762.3,3763.3,2642.5,2641.7,2641.5,2945.9,2946.1,2945.2,27.480000,27.600000,going to home base
2024-04-12T21:26:05Z,2418.0,2417.2,2417.2,2689.1,2688.8,2689.6,5792.5,5792.0,5792.0,2381.1,2381.0,2380.8,3572.8,3573.0,3573.1,4521.7,4522.0,4522.2,6318.2,6317.3,6318.2,8796.0,8795.7,8794.7,5320.2,5319.7,5320.6,7580.5,7578.7,7578.5,6229.0,6229.5,6229.6,1891.7,1890.0,1890.0,3762.2,3762.3,3763.1,2641.3,2640.7,2641.3,2945.1,2945.1,2945.4,27.480000,27.670000,going to home base
2024-04-12T21:26:10Z,2417.4,2416.8,2417.2,2689.6,2689.0,2689.3,5791.6,5791.2,5791.6,2381.3,2380.8,2381.7,3572.7,3572.7,3572.7,4521.8,4521.8,4521.9,6318.5,6320.0,6321.3,8794.9,8794.1,8796.9,5320.0,5319.8,5319.9,7579.8,7579.3,7578.8,6229.5,6230.1,6230.3,1891.8,1890.6,1891.0,3762.4,3762.9,3763.3,2642.9,2642.5,2642.0,2947.0,2946.1,2946.6,27.490000,27.629999,going to home base
2024-04-12T21:26:15Z,2416.9,2416.4,2417.0,2689.2,2688.6,2688.5,5792.6,5792.1,5792.3,2380.6,2380.6,2381.2,3572.7,3572.5,3572.3,4521.8,4521.6,4521.8,6317.8,6318.4,6317.4,8795.4,8794.0,8796.3,5319.6,5318.6,5319.8,7579.6,7577.6,7578.4,6227.6,6226.7,6227.5,1891.1,1889.8,1889.5,3762.4,3763.1,3763.8,2641.8,2641.4,2642.1,2947.9,2946.9,2947.3,27.480000,27.639999,going to home base
2024-04-12T21:26:20Z,2417.4,2417.1,2417.1,2688.9,2688.9,2689.3,5792.4,5791.8,5791.7,2380.1,2380.6,2380.8,3573.0,3572.5,3572.3,4521.6,4521.7,4521.3,6319.3,6319.7,6319.8,8795.3,8795.5,8794.6,5319.5,5319.1,5318.7,7583.3,7581.6,7581.8,6229.3,6228.7,6228.2,1892.4,1891.0,1890.8,3762.4,3762.8,3763.5,2642.1,2641.6,2641.2,2945.0,2945.3,2946.2,27.480000,27.610001,going to home base
2024-04-12T21:26:30Z,2418.0,2417.2,2417.2,2689.4,2689.8,2689.6,5792.5,5791.7,5791.8,2381.6,2381.2,2381.8,3572.6,3572.2,3572.1,4520.9,4521start,27384.3,27386.0,2417.9,2416.9,5791.2,5791.5,5791.9,2381.0,2380.6,2381.5,3821.3,3821.4,89481.2,89541.2,14617.9,14614.8,4520.9,4520.9,4521.0,6319.4,6319.2,6320.4,16947.8,16949.5,34459.1,34461.9,8797.6,8796.8,5317.0,5317.5,going to home base
2024-04-12T21:26:40Z,2417.2,2416.7,2417.0,2689.1,2689.0,2689.6,5791.2,5791.1,5791.3,2380.4,2380.1,2380.9,3572.9,3572.3,3572.4,4521.1,4520.9,4520.5,6318.8,6319.6,6321.0,8797.3,8799.2,8797.3,5318.3,5317.0,5319.6,7579.4,7578.1,7578.3,6228.6,6229.2,6227.3,1891.8,1890.2,1890.1,3762.3,3762.1,3762.7,2642.6,2641.6,2641.8,2946.5,2946.0,2945.5,27.490000,27.570000,going to home base
2024-04-12T21:26:45Z,2417.2,2416.5,2416.2,2689.1,2689.6,2689.5,5791.9,5791.8,5791.8,2380.6,2380.2,2380.6,3573.0,3572.6,3572.6,4521.7,4521.4,4521.4,6318.3,6319.2,6318.0,8793.5,8793.3,8793.7,5319.3,5318.3,5320.0,7579.6,7578.8,7579.8,6231.0,6228.5,6229.1,1891.8,1890.7,1890.5,3762.0,3762.0,3763.1,2641.0,2640.1,2640.2,2946.9,2946.4,2947.0,27.480000,27.610001,going to home base
2024-04-12T21:26:50Z,2416.5,2416.2,2416.4,2689.8,2689.3,2690.1,5791.9,5790.8,5791.4,2379.5,2379.5,2380.3,3573.4,3572.8,3572.7,4520.7,4521.1,4520.9,6322.3,6321.2,6321.2,8795.4,8793.1,8794.9,5317.6,5317.9,5318.6,7580.8,7578.4,7577.9,6229.8,6228.2,6228.7,1891.9,1890.4,1890.4,3761.9,3762.1,3762.8,2642.3,2640.9,2640.7,2947.0,2947.2,2947.0,27.480000,27.600000,going to home base
2024-04-12T21:26:55Z,2416.9,2416.1,2416.5,2689.1,2688.8,2689.2,5791.7,5791.7,5791.6,2380.1,2380.4,2380.9,3572.1,3571.5,3571.8,4520.8,4520.9,4521.1,6319.6,6318.4,6320.2,8793.2,8792.7,8792.5,5317.4,5316.7,5317.8,7578.7,7577.4,7579.5,6228.1,6227.0,6228.1,1892.0,1890.8,1890.7,3762.1,3761.8,3762.7,2641.9,2641.4,2641.3,2947.2,2946.5,2946.9,27.490000,27.629999,going to home base
2024-04-12T21:27:00Z,2417.1,2416.5,2416.8,2689.4,2688.7,2689.1,5792.4,5792.0,5792.0,2380.2,2380.2,2380.3,3573.1,3572.0,3572.4,4520.7,4520.7,4520.6,6320.3,6318.8,6319.0,8794.3,8793.5,8794.1,5316.8,5317.1,5317.3,7577.6,7576.1,7577.4,6228.6,6227.2,6227.4,1892.1,1891.1,1890.8,3761.6,3761.6,3763.0,2641.7,2641.1,2641.4,2946.0,2944.9,2945.2,27.480000,27.629999,going to home base
2024-04-12T21:27:05Z,2417.4,2416.5,2417.1,2689.3,2689.5,2689.9,5791.2,5791.3,5791.7,2380.9,2381.5,2381.3,3572.9,3572.0,3572.2,4521.3,4520.7,4520.6,6317.0,6316.9,6317.6,8793.9,8793.7,8793.9,5319.2,5319.3,5320.1,7578.8,7577.1,7576.9,6229.1,6228.8,6229.2,1892.0,1890.8,1890.7,3762.1,3761.8,3762.9,2641.9,2641.0,2641.9,2945.5,2944.5,2945.2,27.520000,27.639999,going to home base
2024-04-12T21:27:10Z,2417.8,2416.8,2417.3,2689.0,2689.4,2689.6,5792.2,5791.7,5791.7,2380.7,2380.8,2381.5,3573.1,3572.1,3572.1,4521.1,4521.0,4520.7,6320.2,6318.7,6319.0,8794.0,8792.8,8792.5,5318.8,5319.2,5320.5,7577.2,7577.5,7577.6,6228.6,6227.5,6228.3,1891.9,1890.3,1890.2,3761.1,3761.4,3762.0,2641.6,2640.5,2641.0,2945.8,2945.2,2945.5,27.510000,27.639999,going to home base
2024-04-12T21:27:15Z,2418.2,2417.0,2417.2,2690.1,2689.6,2689.9,5791.9,5791.8,5792.1,2380.4,2381.3,2381.1,3572.4,3572.6,3572.8,4521.0,4520.6,4521.0,6319.6,6318.1,6317.9,8791.8,8792.4,8791.6,5318.1,5319.1,5320.0,7579.8,7579.1,7578.9,6231.8,6231.2,6232.2,1891.5,1889.8,1890.0,3761.8,3762.4,3763.1,2641.1,2640.4,2640.8,2946.7,2946.0,2947.0,27.490000,27.680000,going to home base
2024-04-12T21:27:20Z,2418.0,2417.0,2417.1,2689.1,2690.0,2689.5,5792.4,5791.8,5792.2,2381.8,2381.6,2381.8,3573.0,3572.1,3572.7,4521.1,4521.4,4521.4,6320.3,6320.7,6321.0,8793.0,8793.2,8791.5,5319.4,5318.9,5320.0,7579.6,7578.2,7579.5,6225.0,6225.5,6225.4,1891.9,1890.3,1890.0,3762.6,3762.2,3763.4,2642.1,2641.3,2641.1,2946.6,2946.4,2946.5,27.490000,27.610001,going to home base
2024-04-12T21:27:25Z,2417.5,2416.5,2416.5,2689.2,2688.7,2688.9,5791.7,5791.1,5791.6,2381.3,2381.2,2381.4,3571.9,3572.0,3571.6,4521.8,4521.6,4521.6,6319.1,6320.9,6322.1,8795.2,8793.2,8795.0,5319.0,5317.9,5318.5,7579.3,7579.7,7578.5,6225.6,6226.3,6225.7,1891.8,1890.0,1890.2,3761.3,3761.1,3762.6,2642.4,2641.6,2641.7,2946.0,2946.1,2946.0,27.490000,27.629999,going to home base
2024-04-12T21:27:30Z,2417.1,2416.7,2417.1,2688.8,2688.1,2688.7,5791.3,5791.7,5791.3,2380.6,2380.7,2381.0,3572.5,3572.0,3572.2,4521.3,4521.0,4520.5,6316.8,6317.5,6318.1,8793.0,8794.4,8795.5,5317.0,5317.5,5318.3,7577.7,7576.4,7578.7,6228.2,6228.7,6229.5,1892.1,1890.5,1890.2,3761.4,3761.4,3761.8,2640.9,2640.5,2640.6,2946.2,2945.6,2946.5,27.480000,27.600000,going to home base
2024-04-12T21:27:35Z,2417.5,2416.7,2416.9,2689.3,2689.0,2689.3,5791.9,5791.1,5791.2,2380.7,2380.8,2381.0,3571.7,3572.3,3571.7,4521.8,4521.4,4521.4,6316.7,6317.4,6318.8,8792.4,8794.1,8793.7,5316.9,5317.4,5317.8,7577.5,7578.6,7577.9,6227.2,6226.4,6228.2,1891.4,1889.9,1890.0,3761.0,3761.7,3762.2,2642.4,2641.5,2641.9,2946.4,2946.4,2947.6,27.490000,27.629999,going to home base
2024-04-12T21:27:40Z,2416.7,2415.9,2416.2,2689.3,2688.8,2689.1,5791.3,5790.8,5791.2,2381.1,2381.0,2381.4,3571.8,3571.4,3571.1,4521.9,4520.8,4521.1,6321.2,6319.0,6319.4,8794.2,8792.8,8795.4,5318.1,5317.4,5318.8,7579.4,7578.1,7577.8,6226.0,6226.1,6224.5,1891.1,1889.2,1889.7,3761.4,3761.0,3762.0,2643.0,2642.0,2641.9,2945.5,2945.0,2945.4,27.490000,27.610001,going to home base
2024-04-12T21:27:45Z,2417.4,2416.5,2416.8,2688.5,2688.6,2688.7,5791.6,5791.7,5791.3,2381.4,2381.7,2382.2,3571.3,3571.4,3570.9,4520.3,4521.0,4520.8,6319.7,6320.1,6319.6,8793.5,8793.8,8793.4,5317.7,5317.0,5318.7,7577.6,7575.9,7575.7,6229.1,6228.5,6228.9,1891.5,1890.4,1890.0,3761.6,3762.2,3762.9,2642.8,2642.4,2642.4,2945.7,2944.7,2943.7,27.490000,27.570000,going to home base
2024-04-12T21:27:50Z,2417.2,2416.5,2416.2,2688.7,2688.5,2688.6,5791.8,5792.4,5791.9,2380.5,2380.6,2381.1,3571.7,3571.5,3571.4,4520.5,4520.6,4520.4,6317.7,6317.4,6318.5,8793.7,8793.9,8792.9,5318.6,5318.9,5319.3,7578.9,7578.1,7578.0,6229.9,6228.8,6228.2,1891.0,1889.8,1889.7,3761.7,3761.7,3762.1,2642.5,2640.8,2640.5,2944.7,2944.1,2944.6,27.490000,27.600000,going to home base
2024-04-12T21:27:55Z,2417.8,2417.1,2417.6,2689.2,2689.0,2688.6,5791.8,5791.1,5791.2,2379.9,2379.8,2380.6,3571.8,3571.3,3572.2,4521.2,4521.5,4521.5,6320.0,6319.6,6319.3,8793.1,8792.8,8793.4,5318.8,5317.7,5319.2,7579.8,7578.5,7579.6,6226.6,6225.8,6226.8,1891.1,1889.8,1890.2,3761.5,3761.5,3762.7,2643.4,2642.3,2642.5,2943.2,2943.8,2944.0,27.480000,27.629999,going to home base
2024-04-12T21:28:00Z,2417.5,2416.8,2417.2,2688.4,2688.3,2688.9,5790.6,5790.8,5790.6,2380.7,2380.7,2381.0,3572.2,3572.1,3571.7,4521.2,4520.4,4520.3,6320.0,6319.1,6318.5,8791.1,8789.4,8790.7,5318.9,5318.4,5319.1,7580.8,7580.9,7580.3,6228.2,6229.0,6229.3,1891.8,1890.4,1890.1,3761.3,3761.0,3761.8,2642.6,2641.8,2641.1,2944.9,2944.2,2944.4,27.490000,27.610001,going to home base
2024-04-12T21:28:05Z,2417.1,2416.5,2416.4,2688.6,2689.0,2688.3,5790.7,5790.6,5790.7,2381.1,2381.0,2381.5,3572.3,3572.1,3572.0,4520.9,4520.7,4520.9,6320.3,6318.6,6319.0,8790.5,8791.2,8790.1,5320.7,5319.9,5320.9,7579.0,7579.0,7578.8,6228.2,6227.1,6228.8,1891.0,1890.0,1890.2,3760.1,3760.8,3761.2,2641.9,2640.9,2641.1,2945.5,2945.8,2946.2,27.520000,27.639999,going to home base
2024-04-12T21:28:10Z,2417.8,2416.9,2417.2,2688.9,2689.0,2689.5,5791.8,5790.9,5791.4,2381.1,2381.1,2381.0,3572.2,3571.5,3572.1,4521.1,4521.1,4521.2,6318.2,6317.1,6319.1,8792.7,8792.0,8792.0,5317.3,5316.5,5318.4,7576.3,7577.5,7577.2,6229.7,6228.6,6229.1,1891.4,1889.8,1890.0,3760.9,3760.3,3761.5,2641.7,2640.7,2641.8,2945.8,2945.9,2945.9,27.490000,27.650000,going to home base
2024-04-12T21:28:15Z,2417.4,2416.5,2417.1,2688.0,2688.6,2688.5,5791.4,5790.8,5790.3,2381.2,2381.6,2381.3,3571.9,3572.2,3571.8,4520.8,4520.7,4520.9,6316.9,6315.9,6317.8,8792.2,8791.0,8791.4,5318.6,5318.6,5318.8,7578.0,7577.1,7576.8,6228.6,6229.2,6230.8,1890.8,1889.6,1889.8,3761.3,3761.6,3762.2,2641.2,2640.6,2640.5,2946.7,2945.8,2945.7,27.520000,27.629999,going to home base
2024-04-12T21:28:20Z,2417.6,2416.7,2417.0,2689.0,2688.1,2688.7,5790.8,5790.0,5790.3,2380.2,2380.1,2380.5,3571.2,3570.8,3570.9,4521.4,4521.4,4521.4,6320.7,6319.4,6319.1,8791.7,8791.8,8792.9,5318.3,5318.8,5319.6,7578.7,7577.5,7576.2,6228.6,6228.3,6228.9,1891.3,1889.8,1889.8,3761.0,3760.7,3761.1,2641.8,2641.0,2640.6,2945.5,2944.7,2944.5,27.510000,27.610001,going to home base
2024-04-12T21:28:25Z,2417.1,2416.1,2417.2,2687.3,2687.8,2688.0,5790.8,5790.5,5790.3,2380.0,2380.1,2380.9,3571.5,3570.9,3571.3,4521.6,4521.5,4521.1,6317.9,6317.9,6318.3,8793.0,8792.4,8792.8,5318.7,5317.9,5318.4,7580.1,7577.5,7577.8,6229.4,6228.1,6229.9,1891.7,1890.1,1890.1,3760.6,3761.4,3761.8,2642.2,2641.8,2641.8,2947.3,2946.4,2946.5,27.480000,27.580000,going to home base
2024-04-12T21:28:35Z,2417.0,2417.1,2417.0,2688.5,2688.8,2689.0,5790.1,5790.1,5790.3,2380.0,2380.1,2380.4,3570.6,3570.0,3570.2,4520.6,4520.0,4520.2,6316.7,6316.6,6317.1,8790.0,8789.3,8789.5,5319.5,5319.0,5319.2,7580.1,7578.6,7579.2,6229.3,6229.8,6231.3,1890.8,1889.6,1889.5,3760.4,3760.6,3761.9,2641.7,2641.3,2641.4,2945.3,2945.3,2945.6,27.510000,27.600000,going to home base
2024-04-12T21:28:40Z,2416.8,2415.9,2416.2,2688.8,2689.0,2688.6,5791.2,5790.5,5790.6,2379.4,2379.3,2379.7,3571.9,3570.9,3571.1,4520.3,4520.0,4520.6,6317.5,6319.4,6317.1,8790.7,8790.3,8789.3,5317.4,5316.4,5317.3,7578.4,7576.8,7577.1,6226.9,6228.2,6227.5,1891.0,1889.2,1889.1,3760.4,3760.0,3761.4,2641.6,2640.5,2640.4,2943.9,2942.4,2944.4,27.490000,27.600000,going to home base
2024-04-12T21:28:45Z,2417.0,2416.3,2416.6,2688.8,2688.9,2689.9,5791.4,5790.9,5790.7,2379.1,2379.8,2380.3,3571.2,3570.5,3570.8,4520.7,4520.6,4519.9,6317.0,6316.5,6316.7,8792.3,8792.1,8791.0,5318.9,5318.0,5319.1,7578.9,7579.4,7577.5,6228.1,6227.9,6228.3,1890.4,1889.2,1889.1,3760.4,3760.7,3761.7,2640.8,2640.0,2640.0,2946.2,2945.3,2944.6,27.480000,27.600000,going to home base
2024-04-12T21:28:50Z,2416.9,2416.4,2416.7,2688.6,2688.6,2689.0,5791.2,5791.0,5791.3,2379.8,2379.9,2379.9,3570.7,3570.9,3570.9,4520.1,4520.6,4520.5,6319.9,6319.9,6320.2,8793.0,8792.6,8793.0,5317.0,5317.9,5318.5,7577.1,7575.9,7576.8,6227.9,6227.1,6227.4,1891.0,1889.4,1889.3,3760.4,3760.0,3761.3,2641.3,2640.8,2640.2,2945.1,2944.9,2946.1,27.490000,27.639999,going to home base
2024-04-12T21:28:55Z,2417.3,2416.9,2417.0,2688.2,2688.7,2688.8,5790.2,5789.9,5789.8,2379.1,2380.1,2380.3,3572.0,3571.1,3571.2,4520.6,4520.3,4520.6,6317.5,6318.4,6318.5,8791.8,8792.2,8790.8,5318.5,5317.4,5318.7,7577.7,7579.0,7577.0,6228.3,6228.5,6228.4,1891.2,1890.2,1890.1,3761.5,3761.7,3762.2,2642.2,2641.2,2641.3,2945.6,2945.3,2945.3,27.490000,27.600000,going to home base
2024-04-12T21:29:00Z,2416.8,2415.7,2416.1,2688.4,2687.9,2688.2,5790.4,5789.8,5789.9,2379.7,2380.1,2380.7,3571.0,3570.9,3570.7,4520.2,4519.4,4520.2,6318.6,6318.5,6316.7,8792.5,8794.0,8793.5,5317.6,5317.8,5317.3,7578.4,7576.6,7576.9,6229.0,6227.3,6229.0,1891.8,1890.0,1890.2,3760.4,3761.3,3761.1,2641.9,2641.3,2641.2,2946.1,2945.5,2946.0,27.490000,27.680000,going to home base
2024-04-12T21:29:05Z,2417.1,2416.3,2416.6,2688.4,2688.1,2688.0,5791.0,5790.0,5790.2,2380.2,2380.2,2380.6,3571.1,3571.2,3571.4,4521.2,4520.7,4521.0,6318.9,6316.9,6318.1,8792.7,8790.7,8790.9,5318.1,5317.9,5318.3,7577.5,7577.2,7576.1,6228.7,6229.6,6230.0,1890.9,1889.5,1889.2,3760.9,3760.8,3761.5,2642.0,2640.6,2641.1,2946.1,2945.7,2946.0,27.459999,27.629999,going to home base
2024-04-12T21:29:10Z,2417.3,2416.2,2416.6,2688.2,2688.3,2688.7,5791.9,5791.2,5791.3,2380.0,2380.4,2380.3,3572.0,3571.6,3571.6,4519.7,4519.9,4519.7,6314.8,6316.0,6316.1,8790.9,8790.5,8791.6,5318.5,5317.7,5319.1,7578.4,7577.0,7577.0,6227.1,6226.9,6228.8,1891.5,1889.8,1889.6,3761.7,3761.0,3761.3,2642.2,2641.3,2641.2,2945.3,2945.7,2946.0,27.510000,27.639999,going to home base
2024-04-12T21:29:15Z,2417.1,2416.4,2416.2,2688.7,2688.6,2688.5,5791.9,5791.3,5791.4,2380.0,2380.2,2380.0,3571.2,3571.3,3571.5,4520.3,4520.3,4520.3,6316.6,6316.7,6316.9,8795.2,8793.0,8795.0,5317.8,5316.9,5318.3,7576.3,7576.1,7576.1,6228.7,6226.0,6227.6,1891.5,1890.1,1889.8,3761.1,3760.8,3761.9,2641.9,2641.0,2641.4,2947.1,2946.4,2947.1,27.510000,27.639999,going to home base
2024-04-12T21:29:20Z,2416.8,2415.9,2416.3,2688.6,2688.7,2688.9,5791.9,5790.9,5791.0,2379.7,2379.6,2379.9,3571.5,3570.8,3570.0,4520.4,4520.5,4520.2,6318.8,6317.5,6318.0,8793.0,8792.4,8790.5,5318.7,5319.0,5319.6,7579.6,7577.6,7577.1,6228.6,6230.3,6230.7,1891.4,1889.8,1889.8,3760.9,3760.6,3761.9,2642.7,2641.3,2641.9,2946.5,2944.3,2945.9,27.510000,27.629999,going to home base
2024-04-12T21:29:25Z,2417.0,2416.1,2417.0,2688.8,2688.4,2689.0,5791.1,5790.4,5790.4,2379.5,2379.4,2380.1,3571.4,3570.5,3570.9,4520.9,4520.4,4520.3,6317.6,6317.5,6317.4,8788.2,8788.9,8789.6,5319.7,5318.6,5319.1,7579.3,7577.4,7576.5,6229.2,6227.2,6230.0,1891.6,1890.3,1890.1,3761.1,3761.4,3762.0,2643.1,2641.7,2642.0,2946.6,2945.0,2946.1,27.490000,27.610001,going to home base
2024-04-12T21:29:30Z,2417.7,2416.9,2417.2,2689.4,2689.3,2689.7,5791.5,5791.3,5791.5,2380.3,2380.4,2380.9,3571.8,3570.9,3571.4,4521.6,4521.4,4521.2,6317.1,6317.3,6318.7,8793.7,8790.3,8791.9,5319.2,5319.7,5319.8,7579.1,7579.3,7578.5,6231.3,6228.3,6229.4,1891.3,1890.3,1890.0,3761.6,3761.7,3762.3,2642.4,2641.4,2641.6,2946.3,2946.0,2946.7,27.490000,27.680000,going to home base
2024-04-12T21:29:35Z,2417.3,2416.6,2417.0,2688.8,2688.5,2689.4,5791.7,5790.8,5791.0,2380.6,2380.2,2380.7,3571.5,3571.1,3571.5,4521.2,4521.2,4521.0,6320.9,6321.0,6321.4,8789.8,8790.3,8790.6,5318.8,5318.5,5319.3,7580.3,7580.1,7578.1,6230.3,6229.9,6229.3,1891.1,1889.9,1889.7,3761.5,3761.6,3762.0,2641.9,2640.9,2641.2,2946.1,2946.0,2946.0,27.480000,27.639999,going to home base
2024-04-12T21:29:40Z,2417.3,2416.8,2416.9,2688.3,2688.4,2688.3,5791.0,5791.2,5791.1,2380.4,2380.3,2381.2,3571.2,3571.0,3571.0,4520.9,4520.8,4520.9,6319.2,6318.9,6319.9,8788.6,8788.8,8789.6,5318.7,5318.0,5319.0,7577.5,7576.9,7578.3,6228.8,6229.5,6229.4,1891.2,1890.1,1889.9,3761.8,3761.7,3763.3,2642.7,2641.8,2641.9,2945.9,2945.7,2946.8,27.510000,27.670000,going to home base
2024-04-12T21:29:45Z,2417.5,2417.0,2417.2,2688.8,2688.4,2689.1,5792.2,5791.5,5791.6,2380.1,2380.0,2380.7,3571.2,3570.6,3570.5,4521.0,4520.8,4520.8,6318.5,6318.0,6318.9,8789.3,8790.0,8790.7,5318.0,5316.9,5317.9,7583.0,7580.9,7581.1,6228.4,6228.3,6228.3,1891.8,1890.8,1890.7,3761.5,3761.5,3763.0,2641.7,2641.3,2641.0,2947.6,2947.4,2947.7,27.490000,27.650000,going to home base
2024-04-12T21:29:50Z,2417.5,2416.8,2417.0,2689.5,2688.9,2689.2,5791.7,5791.6,5791.2,2380.8,2380.7,2381.4,3571.6,3570.8,3570.5,4521.5,4521.4,4521.3,6315.4,6317.2,6316.6,8792.1,8791.3,8790.2,5320.6,5318.9,5319.2,7579.4,7578.2,7577.3,6230.1,6229.2,6229.0,1891.5,1889.9,1889.9,3761.3,3761.4,3762.0,2642.7,2641.8,2641.7,2947.3,2946.6,2947.6,27.510000,27.629999,going to home base
2024-04-12T21:29:55Z,2417.7,2417.1,2417.5,2689.6,2689.2,2689.1,5791.8,5791.4,5791.4,2380.4,2380.5,2380.9,3571.4,3570.3,3571.0,4521.2,4521.5,4521.3,6316.0,6316.1,6316.8,8792.4,8792.9,8793.4,5317.6,5317.4,5317.8,7581.5,7579.4,7578.7,6229.6,6228.5,6227.6,1891.8,1890.4,1890.2,3762.0,3761.7,3762.2,2642.8,2641.7,2642.0,2946.9,2946.4,2945.9,27.480000,27.650000,going to home base
2024-04-12T21:30:00Z,2417.4,2416.7,2417.1,2688.9,2688.6,2689.1,5791.7,5791.3,5791.5,2380.5,2380.0,2380.7,3571.0,3570.3,3570.6,4521.0,4521.0,4520.6,6319.1,6319.0,6320.4,8791.9,8792.2,8792.3,5317.9,5317.4,5319.3,7581.6,7579.8,7581.0,6226.5,6228.6,6228.0,1891.9,1890.5,1890.4,3761.3,3761.5,3761.9,2642.4,2640.8,2641.6,2946.3,2945.8,2945.9,27.490000,27.610001,going to home base
2024-04-12T21:30:05Z,2418.1,2417.3,2417.4,2688.1,2688.2,2688.9,5791.7,5791.5,5791.3,2380.9,2381.0,2380.9,3569.7,3571.1,3570.7,4521.0,4520.5,4520.9,6318.7,6317.7,6317.5,8792.7,8792.4,8793.0,5318.3,5318.1,5318.6,7579.6,7576.6,7577.4,6227.5,6225.8,6228.9,1891.5,1889.8,1889.5,3761.5,3762.1,3762.5,2642.7,2641.5,2641.6,2946.8,2946.3,2945.5,27.480000,27.639999,going to home base
2024-04-12T21:30:10Z,2417.3,2416.6,2416.7,2688.2,2688.5,2688.7,5791.4,5791.1,5791.1,2379.9,2380.0,2380.1,3571.8,3572.1,3571.5,4521.3,4520.9,4520.8,6320.7,6320.4,6320.1,8791.8,8792.6,8792.6,5320.1,5318.1,5318.5,7580.4,7578.2,7578.4,6226.4,6225.5,6226.5,1891.7,1890.3,1890.1,3761.1,3761.2,3761.7,2642.7,2641.9,2642.0,2945.3,2944.8,2945.2,27.510000,27.590000,going to home base
2024-04-12T21:30:15Z,2417.3,2416.7,2416.9,2687.9,2687.8,2688.7,5791.8,5791.1,5791.2,2379.9,2379.7,2380.2,3571.6,3570.9,3571.3,4521.4,4521.4,4521.1,6319.8,6318.4,6320.2,8790.3,8790.5,8791.2,5316.8,5317.4,5317.0,7578.8,7577.8,7577.6,6228.4,6228.2,6228.3,1891.1,1889.6,1889.5,3761.5,3761.7,3762.3,2642.8,2641.9,2641.7,2946.2,2946.0,2945.9,27.490000,27.610001,going to home base
2024-04-12T21:30:20Z,2417.5,2416.9,2417.2,2688.4,2688.4,2688.5,5791.4,5791.0,5791.5,2380.1,2380.2,2379.8,3570.6,3570.8,3570.3,4521.0,4521.0,4521.1,6319.1,6316.6,6318.9,8792.9,8791.7,8790.2,5318.6,5316.2,5317.6,7579.5,7579.0,7579.2,6231.4,6230.6,6230.7,1891.1,1889.9,1889.4,3761.4,3761.9,3762.5,2642.0,2641.5,2641.7,2946.2,2944.9,2945.7,27.480000,27.600000,going to home base
2024-04-12T21:30:25Z,2416.7,2416.0,2416.7,2688.7,2688.3,2688.6,5791.9,5791.0,5791.6,2379.5,2379.4,2379.7,3570.3,3570.2,3570.3,4520.9,4520.7,4520.8,6316.3,6315.1,6314.7,8790.5,8788.5,8789.6,5317.2,5317.4,5317.8,7580.2,7579.8,7578.9,6228.5,6228.7,6230.2,1891.2,1889.9,1889.5,3761.4,3761.3,3762.3,2642.4,2641.5,2641.2,2946.0,2945.9,2946.1,27.480000,27.629999,going to home base
2024-04-12T21:30:30Z,2417.2,2416.9,2416.4,2688.4,2688.5,2688.1,5791.0,5790.5,5790.8,2380.1,2380.6,2380.9,3571.1,3571.1,3571.3,4521.1,4521.2,4521.5,6316.1,6315.9,6316.6,8792.9,8792.4,8792.2,5318.7,5318.3,5318.7,7579.8,7579.9,7579.3,6228.7,6226.7,6230.9,1891.7,1890.2,1890.1,3761.5,3761.7,3761.9,2641.3,2640.9,2641.0,2946.7,2946.2,2946.2,27.520000,27.610001,going to home base
2024-04-12T21:30:35Z,2417.7,2416.8,2417.1,2689.0,2688.3,2688.7,5791.2,5790.9,5790.9,2379.8,2379.8,2380.5,3571.1,3570.4,3571.0,4521.0,4520.5,4520.9,6318.5,6316.7,6316.3,8790.8,8789.6,8790.2,5317.6,5316.9,5319.1,7578.3,7577.9,7578.9,6229.8,6228.7,6229.4,1891.5,1890.0,1890.0,3761.3,3761.2,3762.0,2642.2,2641.0,2641.8,2945.3,2945.3,2945.4,27.510000,27.600000,going to home base
2024-04-12T21:30:40Z,2416.2,2416.3,2416.6,2688.8,2688.3,2689.1,5791.7,5791.2,5790.8,2380.6,2380.1,2380.8,3571.4,3571.4,3571.4,4520.8,4520.6,4520.5,6317.9,6317.4,6318.7,8791.1,8791.0,8791.3,5318.6,5317.8,5319.1,7580.9,7578.7,7578.7,6228.5,6228.5,6229.7,1891.6,1889.9,1890.5,3761.3,3761.2,3762.0,2642.0,2641.0,2641.0,2946.2,2945.3,2946.3,27.510000,27.670000,going to home base
2024-04-12T21:30:45Z,2417.3,2416.6,2417.1,2688.4,2688.1,2688.6,5791.1,5790.9,5791.0,2380.3,2380.4,2380.7,3571.9,3570.7,3571.5,4520.7,4520.5,4520.9,6319.9,6318.9,6319.4,8791.7,8790.0,8791.7,5318.7,5318.4,5319.3,7579.1,7579.3,7577.7,6229.2,6229.1,6229.0,1891.7,1890.4,1889.9,3761.0,3760.9,3761.7,2641.3,2641.2,2641.6,2946.4,2945.8,2945.5,27.510000,27.629999,going to home base
2024-04-12T21:30:50Z,2417.2,2417.1,2417.0,2688.6,2688.7,2688.7,5791.6,5791.4,5791.2,2379.7,2379.6,2380.6,3571.9,3571.5,3571.4,4521.3,4520.8,4520.7,6318.8,6319.1,6320.8,8792.6,8790.3,8790.9,5318.4,5317.5,5318.4,7581.9,7582.6,7581.3,6229.0,6229.9,6231.9,1890.8,1890.1,1890.2,3760.5,3760.8,3761.7,2641.3,2641.1,2640.5,2946.8,2945.9,2946.5,27.490000,27.610001,going to home base
2024-04-12T21:30:55Z,2417.3,2416.6,2417.0,2689.1,2688.6,2688.7,5792.2,5791.7,5791.6,2380.0,2379.9,2380.7,3571.6,3570.9,3570.7,4520.9,4520.6,4521.4,6316.7,6316.0,6315.8,8790.0,8790.1,8791.6,5319.0,5317.9,5319.4,7580.5,7580.5,7579.8,6229.5,6229.5,6229.5,1891.6,1890.2,1889.8,3760.7,3760.8,3761.3,2641.9,2641.2,2641.7,2945.1,2945.4,2945.0,27.490000,27.639999,going to home base
2024-04-12T21:31:00Z,2417.2,2416.6,2416.8,2688.8,2688.2,2688.4,5791.7,5791.6,5791.7,2380.4,2380.5,2380.3,3571.9,3571.7,3571.5,4521.3,4520.8,4521.1,6319.1,6319.0,6319.1,8791.3,8790.5,8789.9,5317.4,5317.0,5318.0,7579.7,7578.5,7578.3,6225.0,6223.7,6224.9,1890.9,1889.6,1889.4,3761.5,3761.3,3762.4,2643.0,2642.3,2641.9,2945.4,2945.6,2946.1,27.490000,27.610001,going to home base
2024-04-12T21:31:05Z,2417.3,2416.6,2416.6,2688.2,2687.8,2688.1,5792.6,5792.0,5792.4,2380.7,2380.6,2381.4,3570.8,3570.5,3571.0,4521.5,4520.9,4521.7,6318.5,6318.4,6319.4,8791.7,8792.0,8791.5,5316.2,5315.9,5317.1,7580.3,7579.2,7579.8,6225.8,6223.7,6227.2,1891.9,1890.2,1889.7,3761.6,3761.4,3762.7,2642.6,2641.9,2641.4,2946.2,2945.6,2946.3,27.510000,27.639999,going to home base
2024-04-12T21:31:10Z,2417.4,2416.8,2416.9,2688.5,2688.5,2689.0,5792.0,5791.6,5791.7,2380.6,2380.6,2380.6,3572.0,3571.1,3571.3,4520.8,4520.3,4520.6,6320.5,6320.5,6320.5,8789.0,8789.6,8789.8,5316.8,5317.4,5318.1,7581.2,7581.1,7581.0,6223.7,6224.9,6225.8,1891.7,1890.1,1890.3,3761.5,3761.6,3762.6,2642.5,2641.5,2641.9,2944.7,2944.9,2945.8,27.520000,27.629999,going to home base
2024-04-12T21:31:15Z,2417.6,2416.9,2417.1,2689.0,2688.3,2689.2,5792.0,5791.6,5791.3,2380.0,2379.7,2380.0,3572.8,3572.2,3572.3,4521.0,4520.8,4520.4,6317.0,6318.1,6317.9,8792.0,8792.9,8791.7,5317.8,5316.9,5318.2,7581.5,7579.3,7579.2,6228.1,6226.1,6226.6,1891.3,1889.7,1889.8,3761.7,3762.4,3763.1,2641.4,2640.8,2640.9,2944.1,2943.9,2943.8,27.490000,27.639999,going to home base
2024-04-12T21:31:20Z,2417.2,2416.1,2416.5,2688.5,2688.7,2688.6,5792.3,5792.0,5792.0,2380.5,2380.7,2381.3,3573.2,3572.4,3572.4,4520.4,4520.6,4520.5,6318.8,6318.7,6320.3,8792.9,8792.6,8791.6,5318.4,5317.8,5318.3,7582.8,7581.7,7583.5,6227.8,6228.0,6227.6,1890.9,1889.3,1889.4,3762.2,3763.1,3763.4,2642.1,2640.5,2640.6,2944.5,2943.8,2944.6,27.510000,27.639999,going to home base
2024-04-12T21:31:25Z,2417.8,2417.2,2417.1,2687.8,2688.6,2688.4,5792.6,5791.7,5792.0,2379.8,2379.6,2379.9,3572.3,3571.7,3571.6,4521.0,4520.8,4521.3,6320.3,6319.4,6318.5,8793.6,8793.0,8794.4,5319.5,5319.1,5319.9,7580.0,7579.1,7579.0,6229.4,6230.5,6230.5,1891.1,1889.7,1889.4,3762.2,3762.2,3763.1,2641.7,2640.3,2640.3,2945.9,2945.0,2945.4,27.490000,27.639999,going to home base
2024-04-12T21:31:30Z,2417.2,2416.9,2416.5,2688.4,2688.6,2688.3,5792.5,5791.5,5792.0,2380.2,2380.2,2380.7,3571.8,3571.4,3572.2,4520.7,4520.9,4520.1,6318.3,6316.6,6315.8,8793.9,8792.8,8792.2,5320.6,5320.9,5321.9,7580.8,7580.5,7581.1,6226.9,6225.8,6225.0,1891.4,1889.8,1890.1,3762.0,3761.8,3763.2,2641.8,2641.0,2641.8,2946.0,2944.9,2945.8,27.490000,27.639999,going to home base
2024-04-12T21:31:35Z,2417.2,2416.7,2416.9,2688.3,2687.7,2688.5,5791.1,5791.2,5791.5,2379.1,2379.1,2379.8,3572.1,3571.6,3571.3,4521.4,4521.1,4521.0,6317.8,6317.9,6318.3,8792.0,8793.8,8792.7,5319.1,5319.3,5320.3,7581.7,7581.5,7581.4,6226.7,6225.3,6227.1,1892.1,1889.5,1889.5,3762.3,3762.6,3762.9,2641.5,2640.9,2641.0,2946.2,2945.3,2946.0,27.490000,27.690001,going to home base
2024-04-12T21:31:40Z,2417.5,2416.6,2417.0,2688.8,2688.7,2688.8,5791.6,5791.2,5791.4,2380.0,2379.9,2380.5,3572.6,3571.7,3571.8,4520.7,4521.1,4521.0,6317.5,6318.5,6319.2,8795.1,8795.2,8794.2,5319.4,5319.4,5319.9,7581.6,7581.1,7581.7,6227.8,6227.7,6226.8,1891.4,1889.8,1890.0,3762.1,3762.7,3762.6,2641.6,2641.3,2640.4,2944.7,2944.9,2944.6,27.520000,27.660000,going to home base
2024-04-12T21:31:45Z,2416.8,2416.1,2416.5,2688.7,2688.0,2689.1,5791.7,5790.9,5791.5,2379.8,2379.5,2379.9,3572.8,3572.2,3571.6,4521.2,4521.2,4521.1,6317.3,6316.8,6317.6,8792.8,8790.6,8793.9,5320.9,5319.8,5320.1,7580.5,7580.9,7580.9,6230.1,6229.3,6230.9,1891.2,1889.7,1889.6,3762.1,3762.3,3762.8,2642.4,2641.6,2641.0,2945.6,2944.7,2945.6,27.530001,27.639999,going to home base
2024-04-12T21:31:50Z,2416.9,2416.3,2416.7,2687.7,2688.2,2688.3,5792.2,5791.6,5791.7,2380.1,2380.4,2380.8,3572.7,3572.4,3572.4,4521.1,4520.9,4521.0,6318.1,6316.8,6316.8,8793.8,8793.3,8794.6,5320.3,5320.1,5319.8,7581.4,7580.6,7580.9,6230.1,6229.3,6229.9,1891.8,1890.0,1890.3,3761.9,3762.2,3762.9,2641.1,2641.5,2640.6,2943.5,2942.3,2942.9,27.510000,27.650000,going to home base
2024-04-12T21:31:55Z,2417.3,2416.4,2416.4,2689.1,2688.3,2688.3,5791.3,5790.7,5791.2,2380.4,2380.3,2380.5,3572.9,3572.9,3572.8,4520.7,4520.8,4521.2,6318.0,6314.7,6317.7,8793.4,8793.3,8793.7,5319.3,5319.6,5319.9,7578.6,7579.1,7577.3,6228.5,6226.4,6228.3,1891.7,1889.9,1889.8,3761.7,3762.0,3762.6,2641.5,2640.3,2640.3,2945.6,2944.9,2945.2,27.510000,27.629999,going to home base
2024-04-12T21:32:00Z,2416.1,2415.5,2416.1,2688.1,2687.8,2688.3,5791.1,5791.1,5790.9,2379.4,2379.5,2380.5,3572.0,3571.9,3572.3,4521.5,4521.3,4521.4,6317.9,6316.6,6315.5,8792.6,8791.9,8793.6,5319.4,5318.5,5319.1,7579.9,7577.4,7579.5,6229.8,6230.9,6229.6,1891.5,1890.1,1889.9,3761.5,3761.4,3762.9,2642.0,2641.6,2641.6,2944.4,2943.8,2944.9,27.510000,27.629999,going to home base
2024-04-12T21:32:05Z,2417.1,2416.6,2416.5,2688.3,2688.1,2688.6,5791.4,5791.0,5791.2,2380.0,2379.8,2380.5,3572.5,3572.0,3572.4,4521.9,4522.0,4521.9,6319.4,6318.9,6319.0,8791.5,8790.4,8791.5,5319.5,5320.0,5320.7,7580.5,7579.8,7579.3,6228.3,6227.9,6228.5,1891.4,1889.7,1889.9,3761.8,3762.1,3762.3,2641.9,2641.2,2641.3,2943.7,2943.8,2943.9,27.490000,27.629999,going to home base
2024-04-12T21:32:10Z,2417.0,2416.2,2416.1,2688.3,2688.4,2688.2,5791.9,5791.0,5790.8,2379.8,2379.8,2380.3,3572.2,3571.0,3571.5,4521.8,4521.9,4521.6,6317.3,6316.8,6317.0,8792.7,8792.5,8791.9,5318.5,5319.1,5319.2,7580.8,7577.9,7579.5,6232.2,6232.5,6233.6,1891.2,1889.5,1889.5,3761.1,3761.3,3762.5,2641.4,2641.3,2640.9,2945.5,2946.0,2945.5,27.510000,27.629999,going to home base
2024-04-12T21:32:15Z,2416.9,2416.3,2416.4,2688.7,2688.5,2689.3,5791.8,5791.0,5791.2,2380.4,2380.0,2380.4,3571.9,3571.2,3571.4,4521.5,4521.7,4521.7,6319.4,6320.2,6320.3,8794.0,8795.1,8796.1,5318.5,5318.2,5318.8,7581.0,7580.1,7581.0,6232.3,6230.9,6232.7,1891.0,1889.4,1889.5,3761.6,3761.6,3762.3,2641.6,2640.8,2641.3,2945.5,2945.8,2945.8,27.510000,27.600000,going to home base
2024-04-12T21:32:20Z,2416.3,2416.0,2415.9,2688.8,2689.1,2689.0,5791.2,5791.3,5791.2,2380.5,2380.5,2381.1,3572.2,3572.0,3572.0,4522.1,4521.7,4521.9,6318.9,6318.8,6318.4,8795.1,8792.7,8794.0,5319.1,5319.2,5320.7,7580.9,7579.9,7579.5,6226.9,6228.7,6227.8,1891.7,1890.0,1890.0,3761.8,3762.2,3763.0,2641.8,2640.7,2640.6,2946.1,2945.9,2945.8,27.510000,27.639999,going to home base
2024-04-12T21:32:25Z,2416.9,2416.7,2416.9,2687.4,2687.7,2688.1,5791.3,5790.6,5791.4,2380.8,2380.7,2381.1,3571.0,3570.6,3570.9,4522.0,4521.7,4521.2,6316.3,6318.0,6319.4,8795.4,8794.2,8793.8,5321.5,5321.3,5321.1,7580.8,7579.3,7580.2,6230.9,6230.8,6231.1,1891.2,1889.8,1889.7,3761.2,3761.5,3762.5,2642.2,2641.5,2641.4,2945.5,2944.7,2944.5,27.490000,27.639999,going to home base
2024-04-12T21:32:30Z,2416.6,2416.2,2416.2,2688.1,2688.2,2688.4,5791.1,5791.0,5790.3,2379.6,2380.2,2380.4,3571.5,3570.9,3571.2,4521.6,4521.1,4521.3,6318.4,6319.2,6319.1,8795.3,8794.6,8793.2,5322.2,5322.4,5323.0,7580.6,7579.9,7581.0,6228.4,6228.5,6228.3,1890.8,1889.3,1889.4,3761.3,3761.8,3762.5,2642.3,2641.1,2641.2,2944.8,2943.0,2943.5,27.490000,27.690001,going to home base
2024-04-12T21:32:35Z,2416.8,2415.8,2416.1,2687.6,2687.6,2688.0,5791.5,5791.1,5791.1,2380.2,2380.5,2381.1,3571.6,3570.9,3570.5,4521.6,4521.7,4521.8,6316.4,6316.3,6316.6,8795.2,8796.1,8794.8,5322.5,5322.3,5322.9,7582.6,7582.1,7581.0,6228.0,6227.4,6228.0,1891.2,1889.7,1889.8,3761.7,3761.8,3762.5,2641.9,2640.8,2641.0,2945.6,2945.4,2945.3,27.480000,27.650000,going to home base
2024-04-12T21:32:40Z,2417.3,2416.5,2417.0,2688.7,2688.2,2689.1,5792.0,5791.2,5791.7,2380.6,2380.3,2380.5,3572.3,3572.5,3572.6,4522.4,4521.7,4521.9,6314.9,6314.6,6315.7,8794.8,8793.4,8793.6,5322.5,5322.3,5322.9,7580.5,7580.5,7580.3,6226.7,6227.6,6227.1,1891.3,1890.0,1890.0,3762.4,3762.0,3762.8,2640.7,2640.2,2639.8,2944.6,2943.6,2944.5,27.520000,27.670000,going to home base
2024-04-12T21:32:45Z,2417.2,2416.4,2416.2,2688.6,2688.3,2688.8,5792.1,5792.0,5792.7,2380.9,2380.5,2381.4,3572.6,3572.2,3572.7,4521.8,4521.7,4521.8,6317.0,6316.6,6317.9,8795.2,8792.0,8793.4,5321.0,5320.2,5322.1,7580.4,7580.5,7582.1,6230.6,6229.9,6230.8,1891.3,1889.6,1889.8,3763.1,3763.5,3763.9,2640.1,2639.8,2640.1,2947.2,2946.8,2946.8,27.520000,27.610001,going to home base
2024-04-12T21:32:50Z,2417.2,2416.5,2417.0,2688.4,2687.9,2688.8,5791.9,5791.7,5791.6,2379.7,2380.0,2380.3,3571.5,3571.0,3570.6,4522.2,4521.6,4522.1,6317.9,6318.7,6318.0,8792.7,8792.2,8792.5,5320.4,5321.1,5322.9,7582.7,7581.1,7579.8,6231.1,6231.4,6231.1,1891.0,1890.5,1889.7,3762.5,3763.0,3763.6,2640.7,2639.8,2639.7,2946.4,2945.5,2946.3,27.510000,27.629999,going to home base
2024-04-12T21:32:55Z,2417.1,2415.9,2416.8,2688.3,2688.5,2688.4,5792.3,5792.2,5792.4,2380.0,2380.4,2380.9,3571.5,3571.1,3570.6,4522.7,4522.2,4522.0,6316.5,6316.2,6316.2,8791.8,8791.0,8793.7,5320.7,5321.1,5321.9,7584.0,7583.4,7582.6,6231.5,6230.4,6233.2,1891.3,1889.9,1889.4,3763.1,3762.5,3763.5,2641.0,2640.3,2640.6,2945.0,2944.2,2944.6,27.490000,27.580000,going to home base
2024-04-12T21:33:00Z,2417.3,2416.4,2416.9,2688.9,2688.6,2688.9,5791.8,5791.4,5792.0,2379.9,2379.9,2380.3,3571.9,3571.4,3571.7,4521.5,4521.7,4521.4,6316.5,6315.9,6317.6,8790.9,8790.6,8791.0,5321.0,5320.3,5321.3,7585.6,7583.0,7582.6,6230.3,6229.6,6230.3,1890.5,1889.8,1889.5,3762.6,3762.1,3762.4,2641.3,2640.3,2640.4,2948.2,2947.2,2948.5,27.490000,27.600000,going to home base
2024-04-12T21:33:05Z,2416.8,2416.6,2416.7,2689.2,2688.7,2689.2,5792.6,5791.7,5792.5,2379.8,2379.7,2379.4,3572.3,3571.7,3570.6,4521.5,4521.9,4521.8,6318.1,6317.9,6317.7,8792.8,8791.8,8793.6,5321.7,5321.5,5321.3,7583.4,7582.6,7582.0,6230.8,6230.0,6230.4,1891.3,1889.8,1890.0,3762.0,3762.1,3762.7,2640.3,2639.5,2639.9,2945.5,2945.7,2945.7,27.480000,27.629999,going to home base
2024-04-12T21:33:10Z,2416.5,2416.1,2416.5,2688.1,2687.3,2687.8,5792.0,5791.6,5791.5,2380.4,2380.3,2381.0,3572.1,3571.4,3571.1,4521.8,4521.6,4521.3,6317.2,6317.8,6318.6,8792.7,8792.5,8793.4,5321.5,5321.2,5322.3,7582.4,7581.9,7581.2,6231.2,6229.7,6230.7,1891.6,1890.3,1889.9,3762.1,3762.4,3763.6,2641.1,2639.9,2639.9,2945.7,2944.1,2945.6,27.530001,27.610001,going to home base
2024-04-12T21:33:15Z,2415.4,2415.2,2415.5,2688.3,2688.0,2689.0,5791.5,5790.9,5791.3,2380.6,2380.1,2380.6,3571.8,3571.7,3572.0,4521.5,4521.6,4521.4,6317.0,6317.1,6317.2,8790.6,8792.8,8792.0,5322.6,5322.0,5322.8,7583.1,7583.9,7582.3,6231.9,6230.2,6230.7,1890.9,1889.8,1889.8,3761.5,3761.7,3762.9,2641.2,2640.6,2640.4,2944.6,2943.8,2944.4,27.510000,27.629999,going to home base
2024-04-12T21:33:20Z,2416.1,2415.3,2415.4,2687.7,2688.0,2688.7,5791.2,5790.5,5790.8,2379.9,2380.2,2380.5,3571.9,3571.6,3571.5,4521.5,4521.2,4521.0,6316.0,6317.4,6318.6,8794.9,8794.3,8793.2,5322.7,5322.7,5323.3,7583.3,7582.0,7582.2,6230.2,6231.9,6231.3,1890.9,1889.5,1889.6,3762.4,3762.9,3763.5,2641.3,2640.2,2640.5,2944.1,2944.6,2944.2,27.530001,27.629999,going to home base
2024-04-12T21:33:25Z,2416.6,2415.4,2415.7,2688.5,2688.1,2687.9,5791.3,5790.9,5791.5,2380.3,2380.4,2380.5,3571.0,3571.2,3571.7,4521.1,4521.3,4520.9,6317.7,6317.4,6316.9,8791.2,8791.7,8792.5,5321.0,5320.9,5321.5,7583.1,7583.3,7582.5,6228.9,6229.2,6230.3,1890.8,1889.3,1889.6,3762.1,3762.3,3763.1,2641.9,2641.1,2641.3,2945.7,2944.8,2945.8,27.520000,27.600000,going to home base
2024-04-12T21:33:30Z,2416.2,2415.8,2416.0,2688.0,2687.6,2688.9,5791.4,5790.4,5790.6,2380.3,2380.4,2380.7,3571.4,3570.5,3570.6,4521.3,4521.0,4521.2,6317.8,6317.1,6317.9,8793.7,8793.0,8792.3,5322.3,5321.3,5321.7,7582.8,7582.2,7582.4,6229.4,6229.5,6230.8,1890.8,1889.2,1889.3,3762.2,3762.0,3762.6,2640.7,2640.0,2639.9,2943.7,2944.2,2944.3,27.520000,27.610001,going to home base
2024-04-12T21:33:35Z,2416.4,2415.4,2415.4,2688.2,2687.6,2688.2,5791.5,5790.8,5790.7,2380.4,2380.1,2380.5,3571.6,3571.1,3571.2,4520.5,4520.6,4520.6,6319.9,6318.9,6318.2,8793.2,8793.8,8794.3,5322.3,5322.4,5322.5,7581.5,7580.2,7580.1,6229.5,6231.0,6231.0,1890.6,1889.3,1889.2,3761.2,3761.5,3762.3,2641.5,2640.4,2640.3,2944.0,2942.8,2943.2,27.510000,27.600000,going to home base
2024-04-12T21:33:40Z,2417.6,2416.5,2416.7,2688.3,2687.9,2688.4,5791.4,5790.9,5791.1,2379.4,2379.4,2379.7,3571.5,3571.3,3571.1,4520.4,4520.4,4520.6,6318.8,6319.0,6319.3,8793.2,8791.1,8792.7,5322.2,5321.7,5322.3,7583.4,7582.4,7583.7,6229.3,6229.7,6230.8,1891.1,1889.3,1889.5,3762.1,3761.7,3762.7,2641.6,2641.3,2641.3,2944.3,2943.5,2943.3,27.490000,27.600000,going to home base
2024-04-12T21:33:45Z,2417.0,2416.5,2416.8,2688.1,2688.4,2688.1,5791.5,5791.3,5791.4,2380.5,2380.4,2380.6,3571.8,3571.4,3571.3,4520.5,4520.5,4520.5,6319.5,6321.6,6318.7,8792.4,8792.0,8792.1,5319.8,5318.4,5320.1,7582.8,7581.3,7581.3,6228.5,6227.9,6228.4,1890.5,1889.2,1889.2,3761.3,3761.5,3761.9,2641.0,2640.5,2640.8,2944.4,2943.9,2945.0,27.510000,27.590000,going to home base
2024-04-12T21:33:50Z,2416.5,2416.5,2416.6,2687.8,2687.8,2688.0,5791.1,5790.8,5791.3,2380.9,2380.7,2381.3,3571.6,3570.9,3570.8,4521.4,4521.4,4521.4,6319.4,6318.7,6319.3,8792.9,8791.4,8791.9,5320.8,5320.2,5322.1,7582.3,7581.8,7582.7,6229.3,6228.9,6228.0,1890.9,1889.1,1889.0,3761.2,3761.2,3762.6,2641.3,2640.8,2640.0,2944.9,2944.5,2945.0,27.480000,27.639999,going to home base
2024-04-12T21:33:55Z,2417.0,2416.7,2416.6,2688.6,2688.3,2688.1,5791.3,5791.2,5791.3,2379.4,2379.1,2379.9,3571.5,3571.1,3571.1,4521.7,4521.7,4521.1,6317.1,6318.5,6317.8,8792.5,8793.3,8790.9,5322.5,5322.1,5322.8,7582.0,7581.3,7579.9,6231.3,6230.4,6231.1,1890.4,1889.0,1889.0,3761.5,3761.1,3762.1,2641.7,2640.9,2640.6,2946.0,2945.9,2946.5,27.510000,27.650000,going to home base
2024-04-12T21:34:00Z,2416.5,2416.1,2416.1,2688.0,2687.5,2687.9,5791.2,5791.1,5791.0,2379.6,2379.7,2380.1,3572.3,3571.4,3571.2,4520.8,4520.6,4521.5,6320.4,6319.7,6320.6,8792.8,8791.8,8792.1,5321.9,5322.6,5322.2,7582.5,7580.6,7581.7,6230.6,6228.6,6230.4,1890.5,1888.7,1888.6,3761.7,3761.4,3762.2,2641.3,2640.4,2640.3,2945.1,2944.5,2945.4,27.490000,27.559999,going to home base
2024-04-12T21:34:05Z,2417.1,2416.6,2416.3,2688.5,2689.0,2688.5,5791.9,5791.3,5791.2,2380.1,2379.9,2380.2,3570.6,3570.7,3570.8,4520.5,4520.4,4520.9,6320.5,6320.4,6321.6,8794.7,8793.8,8794.3,5321.4,5321.6,5321.8,7581.0,7580.8,7580.8,6224.8,6226.1,6227.8,1891.1,1889.8,1889.5,3760.7,3761.5,3761.8,2640.6,2640.1,2639.9,2944.2,2944.0,2945.3,27.520000,27.639999,going to home base
2024-04-12T21:34:10Z,2416.8,2416.0,2416.5,2688.4,2688.1,2688.6,5791.0,5790.3,5790.4,2379.3,2379.1,2380.1,3571.2,3571.3,3571.5,4521.5,4520.9,4520.7,6318.1,6319.5,6318.6,8793.7,8792.2,8793.0,5320.7,5321.0,5321.4,7580.6,7580.4,7582.4,6227.4,6225.9,6227.7,1890.3,1889.5,1889.8,3761.9,3761.4,3761.4,2640.8,2640.1,2640.9,2945.7,2945.8,2945.4,27.520000,27.600000,going to home base
2024-04-12T21:34:15Z,2416.4,2415.8,2416.2,2687.6,2687.5,2687.7,5790.9,5791.0,5790.8,2379.7,2379.9,2380.7,3570.6,3570.9,3570.6,4520.7,4520.6,4520.5,6318.5,6318.6,6318.1,8792.0,8791.5,8792.3,5321.1,5321.0,5322.7,7577.7,7578.3,7579.5,6225.1,6225.8,6226.8,1890.6,1889.1,1889.0,3761.0,3761.3,3761.6,2641.5,2640.6,2640.6,2944.9,2944.0,2944.6,27.510000,27.570000,going to home base
2024-04-12T21:34:20Z,2416.2,2415.9,2416.1,2687.8,2687.6,2687.8,5791.2,5790.2,5790.5,2379.5,2379.4,2379.6,3571.8,3570.7,3570.8,4521.1,4521.0,4520.9,6316.1,6317.1,6316.3,8791.2,8791.0,8791.0,5320.3,5320.9,5320.4,7581.3,7580.4,7579.3,6226.1,6227.1,6227.1,1890.9,1889.1,1889.0,3761.4,3761.9,3762.9,2640.4,2640.1,2639.7,2945.2,2943.9,2944.9,27.510000,27.600000,going to home base
2024-04-12T21:34:25Z,2416.6,2415.9,2416.4,2687.5,2687.7,2687.9,5790.6,5789.9,5789.9,2379.5,2379.6,2379.7,3570.5,3570.1,3569.5,4520.7,4520.3,4520.5,6318.1,6319.7,6318.7,8794.3,8792.6,8793.7,5321.5,5320.6,5321.3,7579.8,7578.9,7579.1,6228.5,6226.6,6227.4,1890.6,1889.1,1888.8,3760.7,3761.3,3761.3,2641.0,2640.0,2639.9,2945.8,2945.8,2945.4,27.510000,27.629999,going to home base
2024-04-12T21:34:30Z,2417.1,2416.4,2416.3,2688.4,2688.2,2689.3,5791.0,5790.3,5790.8,2379.8,2379.9,2379.9,3571.2,3570.4,3571.1,4520.5,4520.4,4521.0,6319.7,6320.7,6318.2,8790.8,8788.7,8789.8,5320.8,5320.8,5321.5,7579.0,7578.4,7579.4,6226.6,6224.5,6226.8,1890.6,1889.3,1888.8,3760.6,3760.8,3761.6,2640.1,2639.4,2639.7,2945.0,2944.6,2945.1,27.510000,27.600000,going to home base
2024-04-12T21:34:35Z,2417.6,2417.0,2417.0,2687.5,2687.7,2688.0,5789.4,5789.0,5788.9,2380.4,2380.3,2380.6,3571.0,3570.6,3571.4,4520.5,4519.9,4520.2,6319.5,6317.6,6317.3,8790.7,8788.8,8791.1,5321.0,5320.4,5321.1,7579.7,7577.3,7577.2,6226.4,6226.9,6226.1,1890.6,1889.2,1889.2,3761.3,3761.3,3761.7,2640.5,2639.2,2639.3,2946.1,2944.1,2945.6,27.530001,27.600000,going to home base
2024-04-12T21:34:40Z,2417.0,2416.3,2416.3,2688.0,2688.0,2688.4,5789.9,5789.1,5789.6,2379.9,2380.0,2380.0,3570.3,3569.6,3569.6,4520.5,4520.1,4520.2,6316.6,6316.0,6317.0,8791.2,8792.0,8792.6,5320.0,5320.4,5320.5,7578.5,7579.4,7578.9,6231.3,6230.7,6230.7,1890.1,1889.1,1888.8,3761.0,3761.3,3761.5,2640.5,2639.7,2639.8,2944.7,2944.3,2945.6,27.520000,27.570000,going to home base
2024-04-12T21:34:45Z,2416.3,2415.5,2415.8,2686.8,2686.5,2687.5,5790.3,5789.7,5789.6,2379.9,2380.3,2380.6,3570.4,3569.9,3570.2,4520.8,4519.9,4520.3,6317.9,6317.3,6318.0,8792.5,8791.9,8790.9,5321.5,5320.5,5320.5,7578.7,7577.5,7577.8,6227.8,6225.9,6227.8,1891.3,1890.2,1889.8,3760.4,3760.8,3761.1,2639.5,2638.6,2638.6,2945.6,2944.5,2944.1,27.510000,27.600000,going to home base
2024-04-12T21:34:50Z,2416.4,2415.7,2415.9,2687.1,2687.2,2687.5,5789.8,5789.4,5789.3,2379.7,2379.6,2379.4,3569.8,3570.1,3569.4,4519.8,4519.5,4519.3,6317.4,6315.1,6317.5,8793.3,8795.1,8793.5,5319.2,5318.2,5318.9,7579.5,7578.7,7578.5,6226.2,6226.0,6229.3,1890.5,1889.4,1889.3,3760.2,3759.9,3760.6,2640.0,2639.0,2639.0,2944.6,2945.4,2945.6,27.510000,27.629999,going to home base
2024-04-12T21:34:55Z,2415.7,2415.1,2415.4,2687.5,2687.5,2687.7,5789.2,5789.4,5789.1,2379.9,2379.8,2380.2,3569.5,3570.2,3570.4,4519.6,4519.9,4519.7,6318.0,6316.8,6317.5,8792.8,8792.3,8792.7,5320.9,5320.3,5321.5,7578.7,7577.8,7579.6,6229.7,6228.3,6228.4,1890.9,1889.3,1889.4,3760.3,3760.3,3761.5,2640.1,2638.4,2639.0,2944.5,2944.3,2944.0,27.520000,27.600000,going to home base
2024-04-12T21:35:00Z,2416.7,2415.9,2416.1,2686.4,2686.5,2686.4,5789.4,5789.3,5789.3,2379.7,2379.5,2380.2,3570.5,3569.6,3569.8,4519.8,4520.2,4519.9,6319.0,6319.5,6319.0,8791.5,8792.9,8792.2,5320.8,5319.5,5321.0,7577.4,7576.8,7576.6,6227.7,6227.6,6228.0,1891.3,1889.8,1889.7,3760.4,3760.4,3761.4,2639.5,2638.9,2639.0,2944.7,2944.4,2945.1,27.510000,27.590000,going to home base
2024-04-12T21:35:05Z,2416.0,2415.7,2415.8,2686.0,2686.1,2686.5,5790.2,5789.3,5789.6,2379.7,2379.5,2379.7,3569.3,3568.9,3569.0,4520.0,4519.5,4519.8,6318.6,6317.8,6315.9,8792.1,8792.0,8792.3,5319.3,5318.8,5318.7,7579.7,7577.7,7578.0,6223.6,6224.3,6226.1,1890.7,1889.3,1889.4,3760.3,3760.2,3761.3,2639.4,2638.1,2638.5,2944.1,2943.9,2944.3,27.510000,27.570000,going to home base
2024-04-12T21:35:10Z,2416.0,2415.4,2415.6,2686.3,2686.1,2686.2,5788.8,5788.2,5788.7,2379.7,2380.1,2380.2,3570.3,3569.4,3568.9,4519.9,4519.4,4519.9,6320.0,6318.4,6317.9,8789.4,8790.7,8789.5,5319.9,5319.5,5320.3,7580.3,7578.7,7578.0,6227.5,6228.8,6227.1,1891.4,1889.8,1889.7,3759.8,3759.7,3760.5,2639.3,2638.7,2638.7,2944.8,2943.6,2943.7,27.520000,27.610001,going to home base
2024-04-12T21:35:15Z,2416.0,2415.0,2415.4,2686.4,2685.9,2687.0,5789.0,5789.0,5788.9,2379.5,2379.1,2379.7,3569.8,3569.5,3570.0,4519.5,4519.8,4520.0,6319.1,6318.0,6319.0,8791.1,8791.3,8791.2,5320.1,5319.7,5320.3,7581.2,7581.4,7580.8,6224.8,6224.3,6225.9,1891.1,1889.2,1889.5,3760.0,3759.9,3760.8,2639.5,2638.9,2639.4,2942.2,2941.6,2941.9,27.530001,27.610001,going to home base
2024-04-12T21:35:20Z,2417.1,2416.4,2416.4,2686.3,2686.2,2686.9,5789.7,5789.1,5789.2,2378.5,2378.9,2379.8,3569.8,3569.3,3569.1,4519.8,4519.3,4519.9,6320.3,6319.0,6320.0,8789.3,8791.3,8791.2,5321.0,5320.6,5321.5,7580.6,7579.2,7579.0,6228.1,6225.4,6226.5,1890.4,1889.3,1888.9,3759.3,3759.8,3760.6,2639.9,2639.2,2639.0,2943.6,2942.8,2943.3,27.520000,27.610001,going to home base
2024-04-12T21:35:25Z,2416.4,2415.5,2416.0,2686.6,2687.0,2686.9,5789.0,5788.2,5788.9,2379.0,2378.6,2379.1,3569.4,3569.1,3568.8,4519.6,4519.6,4519.9,6319.5,6317.9,6318.0,8787.4,8786.6,8787.5,5319.7,5319.8,5320.3,7578.5,7578.9,7577.1,6227.1,6226.3,6226.4,1890.0,1888.8,1888.3,3759.8,3759.9,3760.7,2639.7,2639.5,2638.9,2944.3,2944.3,2943.6,27.510000,27.600000,going to home base
2024-04-12T21:35:30Z,2416.6,2416.4,2416.0,2686.5,2686.4,2686.8,5789.4,5788.8,5789.4,2379.2,2379.0,2379.3,3569.9,3569.4,3569.3,4519.6,4518.8,4519.4,6319.0,6319.0,6318.6,8788.3,8789.7,8789.2,5319.1,5318.9,5320.4,7579.2,7576.8,7576.5,6228.8,6227.6,6225.8,1890.8,1889.0,1889.0,3760.1,3760.0,3760.7,2638.8,2638.3,2638.4,2944.6,2943.7,2943.9,27.530001,27.540001,going to home base
2024-04-12T21:35:35Z,2416.6,2416.3,2416.1,2687.3,2687.3,2687.6,5788.9,5788.8,5788.7,2379.3,2378.9,2379.7,3568.9,3568.8,3568.4,4519.4,4519.1,4518.9,6318.7,6319.0,6318.6,8788.9,8788.3,8789.7,5319.1,5319.7,5319.1,7581.8,7580.1,7580.2,6225.5,6225.1,6225.4,1890.5,1889.3,1889.1,3759.3,3759.1,3760.3,2639.7,2638.2,2638.1,2943.9,2942.5,2942.9,27.520000,27.620001,going to home base
2024-04-12T21:35:40Z,2416.5,2415.0,2416.3,2687.1,2687.2,2686.7,5789.3,5788.7,5788.9,2379.0,2378.8,2379.1,3569.3,3568.7,3568.7,4519.0,4518.7,4519.6,6317.8,6317.2,6318.4,8789.1,8787.0,8789.0,5318.6,5319.0,5318.4,7578.7,7577.0,7577.7,6228.1,6226.8,6228.7,1890.6,1889.0,1889.2,3759.6,3759.4,3760.4,2639.5,2638.8,2638.6,2942.1,2942.7,2942.7,27.510000,27.610001,going to home base
2024-04-12T21:35:45Z,2415.5,2415.1,2415.7,2687.4,2687.5,2687.8,5788.9,5788.6,5788.6,2379.3,2379.1,2379.9,3570.0,3570.0,3569.7,4519.3,4518.6,4519.2,6317.0,6316.9,6316.6,8788.1,8788.4,8786.1,5318.3,5317.8,5319.0,7579.0,7578.3,7579.0,6226.5,6224.6,6227.2,1890.5,1889.1,1888.7,3759.5,3759.4,3760.5,2639.0,2637.7,2638.4,2944.3,2943.7,2943.4,27.520000,27.639999,going to home base
2024-04-12T21:35:50Z,2415.9,2415.6,2416.4,2687.2,2686.7,2686.8,5788.3,5787.9,5787.8,2378.6,2378.2,2379.0,3570.6,3570.0,3569.3,4520.1,4519.5,4519.7,6316.8,6316.5,6316.3,8790.2,8788.3,8789.0,5318.6,5317.3,5317.7,7580.7,7579.4,7580.8,6225.6,6224.1,6226.3,1890.7,1888.7,1888.6,3758.6,3758.6,3759.9,2640.1,2639.0,2638.8,2943.4,2942.0,2942.8,27.520000,27.570000,going to home base
2024-04-12T21:35:55Z,2416.3,2415.4,2415.2,2686.9,2686.5,2687.3,5788.6,5788.3,5788.8,2378.8,2379.6,2380.0,3570.3,3570.1,3570.2,4519.3,4519.2,4519.1,6318.0,6315.3,6315.7,8790.0,8790.0,8789.9,5317.2,5317.4,5318.4,7580.8,7578.7,7580.1,6225.6,6227.0,6226.2,1890.9,1889.0,1889.3,3759.5,3759.4,3759.9,2638.8,2638.7,2637.7,2943.1,2942.3,2942.8,27.510000,27.600000,going to home base
2024-04-12T21:36:00Z,2416.4,2415.2,2415.3,2686.8,2686.7,2686.9,5788.3,5788.1,5788.5,2378.5,2379.1,2379.3,3570.1,3569.2,3569.6,4519.2,4519.4,4519.0,6316.5,6316.8,6316.8,8787.8,8787.3,8789.5,5317.6,5316.7,5318.4,7578.6,7577.7,7578.5,6225.4,6226.9,6228.3,1890.2,1888.9,1888.4,3759.3,3759.5,3760.5,2638.0,2637.1,2637.5,2942.8,2943.3,2943.0,27.510000,27.620001,going to home base
2024-04-12T21:36:05Z,2417.1,2416.5,2416.9,2686.6,2687.0,2687.2,5788.1,5788.1,5787.6,2378.3,2378.3,2378.4,3569.7,3569.5,3568.9,4518.6,4518.4,4518.5,6314.1,6312.1,6313.1,8788.2,8788.4,8789.2,5319.1,5318.8,5318.5,7577.4,7577.0,7576.6,6225.1,6226.9,6226.9,1890.8,1888.9,1888.8,3760.8,3760.4,3761.7,2638.6,2637.4,2637.5,2941.8,2941.8,2941.5,27.490000,27.610001,going to home base
2024-04-12T21:36:10Z,2416.6,2415.3,2415.5,2686.8,2686.8,2686.7,5788.7,5788.3,5788.2,2379.6,2379.3,2380.0,3568.2,3568.5,3569.0,4519.1,4519.3,4519.3,6315.7,6315.4,6316.5,8789.7,8788.4,8787.6,5318.1,5318.1,5317.4,7578.7,7575.4,7578.6,6227.4,6225.8,6228.6,1891.0,1889.7,1889.3,3758.8,3759.5,3760.7,2638.5,2638.1,2638.0,2942.9,2942.1,2942.1,27.520000,27.629999,going to home base
2024-04-12T21:36:15Z,2417.2,2416.6,2416.8,2686.0,2686.0,2685.9,5789.2,5788.8,5788.4,2379.1,2379.2,2379.2,3569.7,3569.5,3569.7,4518.5,4518.2,4518.5,6316.0,6317.7,6317.5,8788.9,8786.7,8786.7,5318.4,5317.5,5318.2,7580.2,7578.3,7578.2,6227.9,6227.9,6225.9,1890.2,1888.7,1889.0,3758.6,3758.7,3760.3,2639.2,2638.3,2638.0,2942.3,2942.1,2942.6,27.520000,27.610001,going to home base
2024-04-12T21:36:25Z,2415.7,2414.8,2416.0,2686.4,2686.6,2686.6,5788.9,5788.3,5788.3,2378.8,2378.9,2378.9,3570.2,3569.3,3569.7,4518.4,4518.0,4518.6,6316.6,6315.7,6315.7,8789.2,8788.3,8787.3,5317.5,5317.0,5317.3,7578.3,7577.4,7577.8,6227.9,6227.1,6227.0,1890.6,1889.6,1889.2,3759.9,3759.9,3760.1,2639.2,2638.2,2638.0,2943.7,2942.9,29start,2416.2,2415.5,going to home base
2024-04-12T21:36:35Z,2416.5,2415.9,2415.7,2686.6,2686.7,2687.4,5788.6,5787.9,5788.5,2377.6,2377.9,2378.5,3570.8,3570.3,3570.1,4518.7,4518.6,4518.4,6317.5,6317.3,6316.9,8788.8,8790.1,8788.8,5318.7,5318.9,5318.7,7578.5,7579.4,7579.6,6226.8,6224.5,6225.1,1890.2,1888.7,1888.7,3759.2,3759.0,3760.0,2638.4,2637.9,2637.6,2943.2,2942.1,2943.2,27.530001,27.610001,going to home base
2024-04-12T21:36:40Z,2416.5,2415.7,2415.9,2685.8,2685.5,2686.3,5787.8,5787.6,5787.6,2378.6,2378.6,2379.3,3569.6,3569.2,3569.0,4518.6,4518.3,4518.2,6319.9,6319.9,6317.8,8789.3,8790.5,8790.5,5317.1,5317.0,5317.7,7577.4,7576.3,7578.2,6225.1,6226.2,6226.8,1890.6,1889.4,1889.3,3758.4,3758.7,3759.3,2638.7,2637.8,2638.6,2941.6,2942.0,2942.8,27.520000,27.610001,going to home base
2024-04-12T21:36:45Z,2415.6,2415.2,2415.2,2685.4,2685.6,2685.9,5788.2,5787.4,5787.4,2378.7,2379.1,2379.0,3569.4,3568.7,3568.5,4518.1,4518.5,4518.1,6316.1,6317.7,6319.3,8790.3,8788.6,8788.9,5318.5,5318.1,5318.6,7578.1,7578.0,7576.5,6227.9,6227.0,6228.6,1890.6,1888.7,1888.8,3757.9,3758.4,3759.5,2638.5,2637.5,2637.6,2941.3,2940.8,2941.3,27.510000,27.670000,going to home base
2024-04-12T21:36:50Z,2416.0,2415.3,2415.4,2686.5,2686.2,2686.9,5787.2,5787.0,5787.4,2379.0,2378.7,2378.8,3570.1,3569.2,3569.8,4518.1,4518.0,4518.2,6318.7,6318.2,6321.0,8790.2,8789.7,8790.2,5318.1,5317.7,5318.3,7578.0,7578.3,7577.4,6226.6,6226.4,6227.1,1891.1,1888.9,1888.5,3758.7,3758.8,3759.8,2638.8,2637.5,2638.1,2943.3,2943.4,2943.7,27.520000,27.600000,going to home base
2024-04-12T21:36:55Z,2415.9,2414.8,2414.7,2686.0,2686.0,2686.4,5787.1,5787.0,5786.6,2378.2,2378.3,2379.3,3569.6,3569.5,3569.4,4517.7,4518.2,4518.0,6318.1,6317.1,6317.9,8789.0,8788.7,8789.0,5317.4,5317.1,5317.6,7575.6,7576.1,7575.2,6230.0,6229.3,6228.8,1890.5,1888.7,1888.6,3759.0,3758.7,3760.0,2638.1,2637.4,2637.5,2942.6,2942.2,2943.1,27.520000,27.600000,going to home base
2024-04-12T21:37:00Z,2416.5,2415.8,2415.9,2686.6,2686.4,2686.8,5786.8,5786.3,5786.2,2378.9,2378.5,2378.9,3568.3,3568.5,3568.7,4517.5,4517.6,4518.0,6315.4,6314.2,6316.0,8791.1,8788.8,8789.4,5318.2,5317.8,5317.7,7576.4,7575.5,7576.4,6228.8,6229.0,6230.0,1890.7,1889.4,1889.4,3759.2,3759.3,3760.2,2638.3,2637.8,2637.3,2943.2,2942.0,2943.6,27.520000,27.600000,going to home base
2024-04-12T21:37:05Z,2416.3,2415.8,2415.6,2686.5,2686.2,2686.6,5787.3,5786.6,5787.0,2378.8,2378.8,2379.2,3569.7,3569.6,3568.7,4518.2,4517.9,4518.1,6319.3,6317.0,6318.0,8789.3,8788.5,8788.5,5317.9,5317.5,5318.4,7575.4,7573.9,7574.5,6226.6,6228.3,6230.2,1890.7,1889.2,1889.1,3759.6,3759.5,3760.3,2638.1,2636.9,2637.6,2942.2,2942.4,2942.1,27.510000,27.639999,going to home base
2024-04-12T21:37:10Z,2416.3,2415.3,2415.4,2686.5,2686.3,2686.9,5786.9,5787.0,5787.1,2378.9,2379.1,2379.3,3568.7,3569.4,3569.3,4517.6,4517.9,4517.7,6315.6,6316.4,6317.3,8787.7,8786.0,8786.7,5316.9,5317.7,5316.3,7575.8,7576.8,7575.0,6226.6,6224.5,6226.5,1890.2,1889.1,1888.5,3758.8,3759.2,3759.8,2637.9,2637.8,2637.9,2943.8,2942.7,2943.4,27.520000,27.580000,going to home base
2024-04-12T21:37:15Z,2416.1,2415.1,2415.5,2685.6,2685.4,2686.3,5786.7,5785.9,5786.4,2378.9,2378.6,2379.0,3569.2,3569.0,3568.9,4518.3,4518.2,4517.9,6317.0,6314.6,6316.7,8788.9,8788.2,8787.2,5318.2,5318.5,5317.1,7575.8,7574.7,7573.9,6228.3,6226.3,6227.6,1890.3,1889.0,1889.1,3759.2,3759.2,3759.8,2639.0,2638.5,2638.2,2941.7,2940.7,2942.9,27.480000,27.570000,going to home base
2024-04-12T21:37:20Z,2415.0,2414.5,2414.7,2686.1,2685.3,2686.1,5786.8,5786.4,5786.2,2379.1,2378.6,2379.0,3569.7,3569.4,3568.1,4517.7,4517.8,4517.7,6316.7,6316.4,6316.8,8789.3,8787.9,8788.1,5318.7,5319.3,5318.6,7573.6,7573.7,7574.8,6227.4,6228.0,6228.6,1890.4,1889.1,1888.9,3759.1,3758.9,3759.3,2639.1,2638.3,2638.0,2943.5,2942.9,2943.6,27.510000,27.629999,going to home base
2024-04-12T21:37:25Z,2415.1,2414.5,2414.9,2685.9,2685.9,2686.3,5786.6,5786.1,5787.2,2379.4,2379.4,2379.8,3569.5,3568.7,3569.8,4517.5,4517.9,4517.8,6316.3,6315.1,6315.2,8786.6,8786.1,8786.7,5317.5,5317.2,5316.5,7576.6,7574.6,7575.3,6225.4,6224.8,6223.8,1891.3,1889.6,1889.4,3759.3,3758.8,3759.6,2638.2,2637.0,2636.9,2944.0,2942.9,2943.3,27.510000,27.629999,going to home base
2024-04-12T21:37:30Z,2415.7,2414.9,2415.5,2685.8,2685.8,2686.6,5786.9,5787.5,5786.9,2379.2,2379.0,2379.2,3570.1,3570.3,3570.4,4517.7,4517.2,4517.1,6317.3,6315.6,6316.1,8788.7,8788.6,8786.5,5317.3,5316.6,5317.4,7574.1,7575.0,7573.7,6223.3,6221.6,6223.3,1890.1,1888.4,1889.4,3758.4,3758.6,3758.4,2638.2,2637.9,2637.6,2942.1,2940.9,2942.6,27.510000,27.629999,going to home base
2024-04-12T21:37:35Z,2414.9,2414.6,2415.3,2685.3,2685.4,2686.1,5786.9,5786.7,5786.5,2378.8,2378.2,2378.9,3569.2,3569.2,3569.2,4517.1,4517.4,4517.8,6314.9,6314.5,6314.5,8787.6,8784.8,8785.8,5317.6,5317.5,5318.1,7573.4,7570.4,7571.7,6223.6,6222.4,6225.3,1890.3,1889.2,1889.0,3758.0,3758.3,3759.5,2638.4,2637.2,2637.3,2941.9,2941.6,2942.0,27.510000,27.639999,going to home base
2024-04-12T21:37:40Z,2415.3,2414.7,2415.3,2685.6,2685.9,2685.6,5787.0,5786.2,5786.1,2379.1,2379.3,2379.5,3569.5,3569.7,3569.7,4517.6,4517.2,4517.4,6314.3,6313.4,6315.3,8787.5,8785.8,8787.1,5316.4,5316.7,5315.9,7574.3,7574.1,7574.5,6223.8,6223.1,6222.2,1890.6,1889.4,1889.3,3758.2,3758.6,3759.7,2638.2,2637.4,2637.9,2943.2,2942.0,2943.0,27.520000,27.660000,going to home base
2024-04-12T21:37:45Z,2415.7,2415.2,2415.1,2685.7,2685.9,2686.3,5786.6,5785.7,5785.9,2379.1,2378.5,2378.9,3569.7,3569.2,3569.6,4517.1,4517.0,4517.1,6316.3,6315.7,6316.6,8783.5,8783.9,8783.3,5317.5,5316.2,5317.5,7573.9,7572.8,7573.7,6223.0,6224.9,6223.9,1891.3,1889.5,1889.6,3758.7,3758.6,3759.6,2637.3,2636.5,2636.4,2943.7,2942.6,2942.5,27.520000,27.650000,going to home base
2024-04-12T21:37:50Z,2415.4,2414.7,2415.1,2686.1,2685.9,2686.0,5786.3,5785.8,5785.6,2379.2,2378.6,2378.6,3570.2,3570.3,3569.3,4517.5,4517.2,4517.4,6316.6,6315.3,6314.9,8785.5,8784.3,8784.0,5317.3,5317.7,5318.2,7574.4,7572.0,7571.7,6225.8,6224.8,6225.9,1890.2,1889.3,1888.9,3758.2,3757.8,3758.9,2638.1,2637.4,2637.4,2944.7,2942.9,2943.3,27.510000,27.629999,going to home base
2024-04-12T21:37:55Z,2415.0,2414.2,2414.6,2685.4,2685.2,2685.3,5785.7,5785.2,5785.1,2378.5,2378.3,2378.8,3569.1,3568.4,3568.2,4516.9,4516.6,4516.4,6313.7,6313.9,6315.3,8784.7,8783.2,8786.0,5317.0,5316.5,5318.5,7573.8,7573.5,7574.3,6226.3,6225.9,6227.9,1890.3,1889.2,1888.7,3757.4,3757.3,3758.4,2638.2,2637.3,2637.2,2942.7,2942.5,2942.7,27.530001,27.600000,going to home base
2024-04-12T21:38:00Z,2415.4,2414.4,2414.7,2685.4,2685.9,2685.6,5786.2,5785.8,5785.7,2378.8,2379.1,2378.8,3568.9,3568.2,3568.5,4516.9,4517.1,4516.6,6313.9,6314.9,6315.0,8786.0,8787.6,8784.9,5316.8,5317.1,5317.6,7573.4,7572.9,7572.1,6226.5,6226.4,6227.5,1889.8,1888.4,1888.5,3757.6,3757.3,3758.8,2637.9,2637.0,2637.2,2944.0,2942.9,2943.0,27.490000,27.610001,going to home base
2024-04-12T21:38:05Z,2415.3,2414.7,2415.0,2685.6,2685.5,2686.2,5785.8,5784.7,5785.6,2378.6,2378.2,2378.3,3568.5,3568.5,3568.2,4517.2,4516.4,4516.8,6316.2,6314.6,6314.4,8787.1,8787.9,8788.7,5317.3,5317.3,5318.7,7573.4,7572.8,7573.0,6225.1,6225.6,6226.8,1890.4,1889.0,1889.1,3757.5,3757.6,3758.4,2636.9,2636.3,2636.9,2943.5,2942.3,2942.5,27.520000,27.590000,going to home base
2024-04-12T21:38:10Z,2415.8,2415.3,2415.4,2685.7,2685.8,2686.4,5785.7,5785.6,5785.6,2378.5,2378.6,2378.6,3567.9,3567.7,3567.8,4516.5,4516.1,4516.2,6314.9,6313.4,6313.7,8786.4,8786.0,8788.1,5316.9,5316.3,5317.9,7572.6,7571.5,7571.4,6224.8,6226.3,6225.3,1889.7,1888.1,1887.8,3756.9,3756.9,3757.7,2637.1,2636.4,2636.6,2943.2,2942.3,2943.6,27.510000,27.629999,going to home base
2024-04-12T21:38:15Z,2415.0,2414.2,2414.5,2686.1,2686.0,2686.3,5786.0,5785.2,5785.2,2378.0,2378.1,2378.4,3568.1,3567.7,3567.9,4516.0,4516.1,4515.6,6314.4,6313.9,6314.6,8786.3,8787.1,8785.5,5318.2,5316.5,5317.5,7575.2,7571.6,7571.9,6227.2,6224.8,6227.0,1889.7,1888.2,1887.9,3756.7,3757.0,3758.0,2637.1,2636.4,2636.8,2942.1,2941.6,2942.3,27.510000,27.600000,going to home base
2024-04-12T21:38:20Z,2415.1,2415.0,2414.9,2686.0,2685.6,2685.9,5785.9,5784.9,5785.1,2377.6,2377.8,2378.3,3569.4,3568.7,3569.0,4516.4,4516.2,4516.9,6311.5,6310.6,6312.3,8785.5,8783.9,8783.2,5316.0,5316.3,5317.5,7573.4,7573.2,7573.5,6224.7,6225.5,6224.3,1889.7,1888.0,1888.2,3757.2,3757.3,3757.6,2637.1,2636.4,2636.3,2942.1,2941.5,2942.2,27.510000,27.639999,going to home base
2024-04-12T21:38:30Z,2414.8,2414.0,2414.4,2686.0,2685.4,2685.5,5785.7,5785.1,5785.3,2378.5,2378.3,2378.5,3568.5,3568.1,3567.9,4516.2,4515.9,4515.7,6311.4,6310.9,6312.0,8start,27357.3,27357.1,2414.3,2413.9,2414.2,2685.6,2685.4,2686.1,5785.5,5785.6,5785.4,3817.3,89270.9,89337.0,14583.7,14578.0,14582.2,3567.9,3566.7,3566.9,4516.1,4516.0,4515.8,6308.7,16919.8,going to home base
2024-04-12T21:38:40Z,2415.8,2414.9,2415.0,2685.0,2685.5,2685.4,5786.4,5785.7,5785.6,2378.1,2378.2,2378.4,3567.2,3567.2,3567.5,4516.0,4515.9,4515.8,6310.1,6311.2,6311.9,8787.2,8784.3,8785.9,5315.9,5315.8,5316.1,7571.7,7570.3,7570.8,6224.9,6225.1,6226.1,1889.3,1888.5,1887.9,3756.9,3757.0,3758.0,2637.4,2636.1,2636.8,2940.8,2941.5,2941.6,27.490000,27.629999,going to home base
2024-04-12T21:38:45Z,2414.8,2414.2,2414.4,2684.7,2684.9,2684.9,5785.1,5784.9,5785.5,2378.2,2378.2,2378.9,3568.6,3568.6,3567.6,4515.6,4516.2,4515.8,6310.4,6311.9,6310.6,8786.7,8784.5,8787.3,5315.5,5315.3,5316.4,7572.5,7572.8,7572.4,6223.8,6224.9,6223.1,1889.7,1888.2,1888.7,3757.4,3757.4,3758.5,2637.5,2635.9,2636.2,2941.7,2942.5,2943.2,27.510000,27.610001,going to home base
2024-04-12T21:38:50Z,2415.3,2414.6,2414.7,2685.3,2684.5,2685.1,5785.2,5784.4,5784.3,2377.6,2378.4,2378.8,3569.7,3568.6,3569.1,4515.8,4516.0,4515.7,6313.0,6311.9,6313.3,8785.4,8785.6,8785.9,5315.9,5316.6,5316.6,7574.9,7571.5,7571.5,6221.5,6222.8,6223.3,1889.6,1888.2,1887.6,3758.0,3758.1,3758.5,2637.7,2637.2,2637.6,2943.4,2943.2,2943.3,27.530001,27.610001,going to home base
2024-04-12T21:38:55Z,2415.3,2414.4,2414.9,2685.2,2684.9,2684.8,5785.2,5784.5,5784.3,2378.3,2378.5,2379.0,3567.9,3568.1,3568.0,4515.4,4515.7,4515.5,6311.2,6309.6,6311.4,8787.4,8785.5,8787.7,5315.1,5315.6,5316.2,7572.2,7570.8,7572.4,6224.8,6224.5,6226.4,1889.5,1888.1,1888.3,3756.7,3756.9,3757.6,2636.7,2636.1,2636.3,2943.0,2942.0,2942.4,27.510000,27.610001,going to home base
2024-04-12T21:39:00Z,2414.8,2414.0,2414.3,2685.0,2684.7,2685.5,5784.5,5784.1,5784.2,2378.2,2378.4,2378.6,3567.5,3567.7,3567.8,4515.3,4515.1,4515.4,6312.4,6311.4,6311.2,8787.9,8787.8,8788.5,5314.9,5314.8,5315.6,7571.7,7568.5,7570.0,6224.7,6225.5,6222.8,1889.1,1887.8,1887.8,3756.3,3756.3,3757.3,2636.5,2635.8,2636.3,2944.2,2943.2,2943.3,27.480000,27.629999,going to home base
2024-04-12T21:39:05Z,2414.8,2414.3,2414.5,2685.6,2684.8,2684.9,5784.2,5784.4,5784.9,2378.2,2378.5,2379.3,3569.0,3568.5,3568.5,4515.1,4515.4,4515.4,6311.1,6311.6,6311.9,8787.8,8788.3,8787.3,5315.6,5315.8,5316.2,7570.8,7569.9,7571.8,6222.7,6222.2,6223.2,1889.7,1888.4,1888.0,3756.4,3756.5,3757.7,2636.5,2636.0,2636.0,2942.9,2942.4,2942.5,27.490000,27.590000,going to home base
2024-04-12T21:39:10Z,2414.8,2414.5,2414.3,2685.3,2685.3,2686.1,5785.5,5784.4,5784.9,2378.3,2378.1,2378.5,3568.2,3567.8,3567.6,4514.8,4515.2,4515.5,6314.0,6315.0,6315.8,8788.3,8786.4,8785.7,5314.5,5315.9,5316.5,7570.7,7569.1,7569.8,6224.0,6223.5,6223.0,1889.2,1887.7,1887.5,3756.3,3756.2,3757.4,2636.3,2635.8,2636.2,2941.9,2941.2,2941.5,27.490000,27.610001,going to home base
2024-04-12T21:39:15Z,2414.5,2414.1,2414.3,2684.5,2684.8,2684.9,5784.5,5784.7,5784.1,2379.0,2378.6,2379.1,3568.5,3568.0,3568.1,4515.4,4515.2,4515.0,6311.5,6310.3,6310.9,8783.6,8783.3,8783.5,5314.4,5314.0,5314.9,7569.7,7570.1,7570.3,6222.8,6224.1,6224.5,1889.4,1887.8,1887.9,3757.1,3756.9,3757.1,2636.4,2636.1,2635.9,2941.0,2940.6,2941.2,27.480000,27.600000,going to home base
2024-04-12T21:39:20Z,2414.2,2413.7,2413.8,2684.4,2684.7,2685.2,5784.5,5784.2,5784.2,2378.7,2378.6,2379.1,3568.5,3567.8,3567.7,4515.1,4515.2,4515.2,6312.3,6311.8,6312.7,8781.5,8781.4,8781.2,5315.0,5314.6,5316.1,7570.7,7569.7,7571.8,6221.6,6220.3,6221.7,1889.4,1887.9,1887.6,3757.1,3756.9,3757.6,2635.9,2635.1,2635.3,2939.1,2939.2,2939.2,27.490000,27.600000,going to home base
2024-04-12T21:39:25Z,2415.0,2414.3,2414.2,2685.6,2685.6,2685.7,5784.2,5784.0,5784.2,2378.1,2378.1,2378.3,3568.8,3568.1,3568.4,4515.4,4515.7,4515.3,6311.9,6312.2,6311.9,8783.3,8783.2,8783.6,5315.0,5315.0,5315.6,7568.9,7568.6,7569.6,6222.6,6222.4,6221.3,1889.0,1887.6,1887.4,3755.5,3755.8,3756.4,2635.7,2634.6,2635.2,2940.3,2939.9,2939.3,27.510000,27.590000,going to home base
2024-04-12T21:39:30Z,2414.9,2414.2,2414.1,2684.8,2684.6,2684.8,5784.5,5784.2,5784.7,2377.6,2377.1,2378.3,3568.7,3568.7,3568.8,4515.2,4514.8,4515.2,6310.9,6309.0,6311.0,8783.3,8783.1,8783.9,5314.5,5313.6,5316.1,7570.7,7568.3,7569.6,6222.2,6221.5,6222.6,1889.2,1888.0,1887.9,3757.0,3756.6,3757.8,2636.6,2636.4,2636.2,2941.0,2940.1,2942.1,27.490000,27.629999,going to home base
2024-04-12T21:39:35Z,2415.0,2414.3,2414.0,2684.5,2685.3,2684.8,5784.2,5783.8,5784.2,2378.2,2378.3,2378.0,3568.0,3568.1,3568.1,4515.7,4515.5,4515.1,6311.4,6310.9,6311.0,8782.9,8783.5,8782.4,5315.1,5315.3,5315.6,7569.3,7569.3,7566.9,6222.8,6222.1,6222.5,1889.5,1888.6,1888.1,3756.1,3756.6,3757.1,2636.4,2635.3,2635.9,2941.0,2939.9,2940.1,27.490000,27.629999,going to home base
2024-04-12T21:39:40Z,2414.6,2414.3,2414.2,2685.6,2685.4,2685.8,5784.4,5783.7,5784.8,2377.8,2378.0,2378.0,3568.8,3568.6,3568.5,4515.8,4515.4,4515.0,6310.7,6308.4,6310.3,8785.0,8784.2,8784.1,5316.0,5314.8,5316.4,7569.7,7570.4,7568.7,6222.3,6220.6,6222.5,1889.1,1887.9,1887.5,3756.1,3756.2,3757.0,2635.4,2635.4,2635.1,2941.2,2940.2,2939.9,27.490000,27.600000,going to home base
2024-04-12T21:39:45Z,2414.5,2413.8,2413.7,2684.5,2684.5,2685.1,5784.4,5783.8,5784.7,2378.9,2378.6,2379.1,3568.4,3566.9,3567.3,4515.8,4515.8,4515.6,6308.6,6308.2,6309.7,8783.1,8783.4,8782.3,5316.1,5315.5,5316.8,7570.9,7569.6,7571.0,6223.8,6225.1,6223.6,1889.1,1887.8,1887.5,3756.4,3756.8,3757.5,2636.4,2635.3,2635.0,2940.4,2939.3,2940.1,27.490000,27.650000,going to home base
2024-04-12T21:39:50Z,2415.0,2414.2,2414.3,2684.7,2684.6,2685.0,5783.9,5783.6,5783.7,2378.0,2378.0,2378.5,3567.7,3566.6,3567.5,4515.6,4514.9,4515.2,6310.3,6309.0,6311.7,8781.4,8783.5,8782.2,5314.8,5314.7,5316.0,7568.5,7568.2,7566.4,6218.9,6219.0,6217.5,1889.2,1887.8,1887.9,3756.7,3756.7,3757.6,2636.7,2635.8,2635.7,2939.0,2939.3,2939.2,27.480000,27.610001,going to home base
2024-04-12T21:39:55Z,2414.7,2413.9,2414.6,2684.9,2684.7,2685.8,5783.5,5783.7,5783.1,2377.6,2377.4,2378.4,3567.6,3567.8,3567.3,4515.5,4515.2,4515.4,6311.9,6312.3,6310.8,8783.2,8783.3,8781.1,5315.8,5315.3,5315.3,7569.3,7568.7,7566.9,6218.2,6218.5,6220.2,1889.1,1888.2,1887.9,3756.6,3756.9,3757.5,2635.8,2634.9,2635.5,2939.5,2939.5,2939.2,27.510000,27.670000,going to home base
2024-04-12T21:40:00Z,2415.0,2414.2,2414.7,2684.4,2684.4,2685.0,5784.0,5783.2,5783.2,2378.1,2378.0,2378.2,3568.7,3567.6,3568.0,4514.7,4514.8,4515.1,6309.3,6310.5,6311.4,8781.8,8781.1,8781.4,5314.6,5314.4,5315.0,7568.8,7567.5,7564.9,6219.5,6217.8,6218.6,1889.2,1887.5,1887.7,3757.2,3757.0,3757.7,2635.9,2635.3,2635.2,2940.2,2939.9,2940.6,27.510000,27.629999,going to home base
2024-04-12T21:40:05Z,2414.7,2413.9,2414.5,2684.9,2684.6,2685.2,5783.8,5783.2,5783.9,2377.9,2378.0,2378.6,3567.3,3567.6,3567.0,4514.5,4514.5,4514.4,6307.8,6307.5,6307.7,8783.4,8783.6,8783.5,5314.3,5314.8,5314.4,7567.7,7565.2,7567.8,6220.6,6219.4,6218.8,1888.6,1887.0,1887.0,3756.6,3756.8,3757.6,2635.5,2634.5,2634.8,2941.4,2941.4,2942.6,27.490000,27.629999,going to home base
2024-04-12T21:40:10Z,2414.8,2414.1,2414.4,2684.8,2684.6,2685.3,5783.6,5783.0,5783.4,2378.1,2378.2,2378.5,3567.1,3566.8,3567.1,4515.0,4515.1,4515.0,6309.5,6308.9,6310.0,8782.5,8781.5,8780.9,5315.1,5314.2,5316.1,7569.9,7568.5,7568.3,6219.0,6219.1,6219.6,1888.6,1887.5,1887.5,3755.3,3755.0,3756.3,2636.1,2635.0,2635.4,2940.8,2939.8,2939.9,27.490000,27.660000,going to home base
2024-04-12T21:40:15Z,2414.3,2413.6,2413.8,2683.7,2684.0,2684.4,5783.5,5783.0,5783.3,2378.2,2378.2,2378.5,3567.2,3567.3,3567.2,4514.5,4514.6,4514.7,6308.5,6309.9,6309.2,8784.3,8784.0,8782.7,5313.1,5313.6,5313.7,7569.3,7568.7,7566.7,6219.7,6219.9,6219.3,1888.9,1887.2,1887.3,3756.2,3756.7,3757.4,2635.7,2635.2,2634.8,2942.7,2942.1,2942.9,27.480000,27.600000,going to home base
2024-04-12T21:40:20Z,2414.5,2414.3,2414.4,2684.7,2684.7,2684.7,5783.2,5782.9,5783.4,2377.5,2377.3,2378.1,3568.3,3567.8,3567.5,4515.6,4515.0,4514.8,6306.9,6307.1,6306.5,8780.7,8780.4,8781.1,5314.6,5315.1,5315.1,7567.2,7565.6,7564.5,6222.1,6221.0,6222.0,1889.3,1887.3,1887.5,3755.1,3755.3,3756.2,2635.2,2634.6,2634.3,2941.9,2941.9,2942.3,27.490000,27.600000,going to home base
2024-04-12T21:40:25Z,2414.8,2414.2,2414.5,2684.6,2684.3,2684.8,5783.1,5783.0,5782.8,2377.6,2377.7,2378.0,3567.4,3568.0,3567.5,4514.6,4514.8,4514.4,6309.0,6310.2,6309.6,8781.2,8780.6,8779.3,5315.3,5314.7,5315.3,7567.7,7568.0,7566.0,6222.6,6222.1,6222.5,1888.8,1887.5,1887.3,3755.6,3755.4,3756.0,2635.5,2634.3,2634.6,2939.6,2939.0,2938.8,27.520000,27.629999,going to home base
2024-04-12T21:40:35Z,2414.3,2413.4,2413.8,2684.8,2684.1,2684.2,start,27348.7,27351.2,2414.4,2414.3,2414.3,2376.8,2377.3,3816.9,3816.8,89384.1,89379.9,14578.1,14575.0,14575.3,4514.2,4514.3,6310.7,6310.5,6310.4,16925.2,16924.9,34474.6,34476.0,8779.3,8780.5,8780.5,7567.1,7567.7,6222.7,6221.0,6221.2,45361.6,45366.1,3781.5,3781.6,1889.6,1888.2,1887.8,3756.7,2635.6,going to home base
2024-04-12T21:40:45Z,2414.6,2413.7,2414.1,2684.7,2684.9,2685.1,5782.4,5781.9,5782.1,2377.1,2377.2,2377.9,3567.6,3567.5,3566.9,4514.5,4514.2,4514.0,6308.4,6309.7,6309.9,8781.3,8779.4,8780.3,5313.1,5313.0,5314.3,7569.2,7566.2,7567.4,6220.7,6221.1,6221.4,1888.6,1887.1,1887.4,3755.8,3755.5,3756.6,2635.1,2634.5,2634.6,2940.4,2939.5,2940.6,27.510000,27.580000,going to home base
2024-04-12T21:40:50Z,2414.5,2413.8,2413.7,2683.7,2683.4,2683.6,5782.3,5781.5,5781.0,2377.8,2377.6,2378.2,3568.4,3567.4,3567.6,4513.9,4514.3,4514.2,6310.3,6307.8,6309.8,8781.5,8781.6,8781.1,5312.9,5312.2,5313.3,7569.3,7568.8,7569.6,6222.4,6222.1,6221.4,1889.0,1887.6,1887.9,3755.8,3755.9,3756.3,2634.7,2634.1,2634.2,2941.2,2941.5,2941.2,27.490000,27.580000,going to home base
2024-04-12T21:40:55Z,2414.5,2414.2,2414.7,2684.0,2683.7,2684.1,5781.8,5781.3,5781.7,2377.1,2377.3,2377.6,3567.7,3567.3,3567.0,4513.7,4513.7,4513.7,6309.8,6308.8,6311.1,8781.1,8782.1,8783.0,5312.5,5313.6,5313.0,7569.9,7570.1,7568.2,6220.8,6220.1,6221.1,1889.0,1887.3,1887.0,3755.2,3755.0,3756.4,2635.2,2635.1,2634.8,2940.4,2939.7,2941.0,27.490000,27.629999,going to home base
2024-04-12T21:41:00Z,2415.2,2414.6,2414.7,2683.6,2683.9,2684.5,5782.3,5781.5,5781.7,2377.4,2377.4,2377.6,3567.9,3567.9,3567.4,4514.3,4514.1,4513.7,6307.7,6307.7,6307.4,8781.2,8783.4,8781.4,5313.8,5313.3,5312.9,7567.1,7568.0,7568.0,6222.4,6219.8,6219.8,1889.0,1887.8,1887.7,3755.4,3755.8,3756.3,2634.2,2633.6,2634.0,2940.5,2939.7,2939.7,27.490000,27.629999,going to home base
2024-04-12T21:41:05Z,2414.5,2413.5,2414.0,2683.9,2684.0,2684.3,5782.0,5781.7,5782.0,2377.2,2377.3,2377.5,3567.0,3567.5,3566.3,4514.3,4514.1,4513.7,6306.4,6306.5,6305.3,8780.4,8779.9,8778.9,5313.0,5313.0,5314.1,7569.0,7569.5,7570.3,6222.3,6222.1,6222.1,1889.5,1887.6,1887.9,3754.7,3755.0,3756.3,2635.3,2633.5,2633.8,2940.1,2939.7,2939.7,27.530001,27.600000,going to home base
2024-04-12T21:41:10Z,2414.4,2414.2,2414.4,2683.9,2683.8,2683.7,5781.9,5781.7,5781.8,2377.9,2377.6,2378.2,3566.4,3566.3,3565.5,4514.0,4514.2,4514.2,6306.8,6305.6,6306.1,8780.6,8781.3,8781.5,5312.3,5313.9,5313.9,7567.9,7566.7,7566.4,6220.5,6219.0,6220.8,1888.6,1887.4,1887.3,3755.1,3755.3,3755.5,2634.9,2634.0,2633.5,2940.2,2939.2,2940.2,27.480000,27.610001,going to home base
2024-04-12T21:41:15Z,2414.0,2413.5,2414.0,2683.5,2683.5,2684.2,5782.1,5782.0,5781.7,2377.7,2377.7,2377.9,3567.4,3567.5,3567.1,4513.9,4513.9,4513.9,6307.4,6307.2,6309.0,8784.7,8783.7,8783.2,5313.8,5312.9,5314.2,7566.2,7565.3,7563.1,6221.3,6221.2,6220.2,1889.5,1888.2,1887.9,3754.0,3754.9,3755.4,2636.1,2634.6,2634.5,2939.2,2939.7,2939.6,27.510000,27.610001,going to home base
2024-04-12T21:41:20Z,2415.4,2414.4,2414.6,2683.9,2683.4,2684.3,5782.2,5781.6,5781.8,2378.0,2378.2,2378.5,3567.4,3566.3,3566.0,4514.2,4513.8,4513.8,6313.7,6312.7,6312.7,8782.6,8781.6,8780.5,5312.7,5312.6,5313.9,7566.4,7565.5,7566.6,6222.8,6221.7,6223.8,1888.7,1887.3,1887.3,3754.6,3755.0,3755.7,2635.6,2635.1,2635.5,2940.7,2940.7,2941.8,27.480000,27.629999,going to home base
2024-04-12T21:41:25Z,2414.5,2413.8,2414.1,2683.9,2684.1,2684.2,5782.4,5781.5,5781.8,2376.7,2377.3,2377.6,3567.7,3566.5,3566.4,4514.4,4514.2,4513.6,6308.5,6308.3,6308.1,8784.3,8782.7,8783.3,5312.6,5312.4,5312.8,7566.5,7565.9,7566.0,6220.1,6218.1,6218.7,1888.3,1886.9,1886.5,3755.0,3755.3,3756.0,2636.3,2635.6,2635.6,2939.2,2938.7,2938.9,27.520000,27.639999,going to home base
2024-04-12T21:41:30Z,2414.3,2413.9,2414.0,2684.0,2683.5,2684.1,5782.5,5781.7,5782.1,2377.2,2377.3,2377.9,3566.7,3566.9,3566.9,4514.5,4513.9,4514.0,6311.0,6309.7,6311.0,8782.7,8782.3,8782.3,5313.3,5313.2,5312.8,7567.0,7565.8,7567.2,6219.3,6221.5,6219.7,1888.6,1887.1,1887.2,3755.4,3755.2,3755.9,2635.4,2635.1,2634.4,2940.8,2940.9,2940.7,27.480000,27.629999,going to home base
2024-04-12T21:41:35Z,2414.5,2414.0,2414.2,2684.3,2683.5,2683.8,5782.7,5781.7,5781.9,2376.4,2377.2,2377.9,3566.4,3565.8,3566.1,4513.2,4513.4,4513.3,6308.3,6307.2,6306.7,8784.5,8782.7,8781.2,5314.4,5313.2,5314.0,7564.5,7566.3,7565.7,6219.6,6219.1,6218.7,1888.7,1887.6,1887.1,3755.4,3754.9,3755.5,2635.7,2635.2,2635.0,2940.8,2940.0,2939.4,27.490000,27.650000,going to home base
2024-04-12T21:41:40Z,2414.5,2414.2,2414.2,2683.8,2684.0,2684.0,5782.5,5782.1,5782.3,2377.9,2377.8,2377.9,3567.1,3566.4,3566.4,4513.5,4512.9,4513.3,6309.9,6310.0,6310.2,8784.9,8784.3,8784.7,5312.6,5312.1,5313.6,7567.7,7566.4,7566.9,6220.0,6220.2,6219.8,1888.8,1887.5,1887.0,3754.7,3754.7,3755.6,2634.4,2633.7,2634.9,2940.1,2939.7,2939.8,27.490000,27.600000,going to home base
2024-04-12T21:41:45Z,2414.7,2414.0,2414.5,2685.1,2684.6,2684.9,5782.2,5781.9,5781.9,2377.2,2377.8,2377.6,3566.8,3566.1,3566.6,4513.7,4513.8,4513.9,6305.4,6304.8,6306.5,8783.1,8782.0,8780.8,5313.9,5313.4,5314.0,7567.1,7565.9,7566.1,6218.7,6220.2,6219.4,1889.0,1887.6,1887.6,3754.8,3754.3,3755.4,2636.4,2635.3,2636.2,2938.8,2938.7,2938.3,27.490000,27.639999,going to home base
2024-04-12T21:41:50Z,2413.9,2413.4,2413.9,2683.6,2683.8,2684.4,5782.2,5781.4,5781.9,2378.4,2378.1,2378.4,3567.6,3566.7,3566.9,4513.4,4513.2,4513.4,6307.9,6308.1,6308.6,8785.1,8784.8,8783.3,5310.9,5311.9,5312.5,7564.2,7565.3,7565.6,6222.7,6220.0,6220.6,1888.7,1886.9,1886.9,3754.5,3754.1,3755.4,2635.9,2635.8,2635.7,2939.9,2939.8,2940.5,27.459999,27.639999,going to home base
2024-04-12T21:41:55Z,2414.7,2414.0,2414.1,2683.4,2683.4,2684.0,5782.3,5781.9,5782.0,2377.9,2377.3,2377.7,3566.9,3565.8,3566.0,4513.4,4512.9,4513.5,6311.5,6311.0,6311.1,8784.1,8783.0,8784.4,5311.5,5312.8,5312.9,7562.8,7562.5,7562.1,6220.4,6219.6,6221.4,1888.6,1886.7,1886.6,3754.2,3753.9,3755.4,2635.1,2634.5,2635.1,2941.6,2942.2,2943.0,27.480000,27.580000,going to home base
2024-04-12T21:42:00Z,2414.7,2413.8,2414.1,2684.1,2684.7,2685.2,5781.6,5781.0,5781.1,2377.3,2377.3,2377.7,3567.3,3567.3,3566.9,4512.9,4512.8,4512.5,6307.5,6307.4,6309.1,8784.0,8784.8,8783.0,5312.0,5312.3,5313.0,7564.9,7563.2,7562.6,6221.0,6221.0,6220.6,1888.2,1886.7,1887.0,3753.5,3754.1,3754.5,2635.6,2635.1,2634.6,2940.9,2941.1,2940.7,27.490000,27.600000,going to home base
2024-04-12T21:42:05Z,2414.2,2414.1,2414.1,2683.7,2683.2,2684.0,5780.9,5780.7,5780.8,2376.1,2376.9,2376.9,3567.0,3565.8,3565.6,4513.1,4512.7,4512.8,6310.9,6308.2,6308.7,8784.1,8784.1,8782.8,5312.6,5312.1,5313.2,7565.1,7564.3,7565.3,6221.1,6220.7,6219.9,1888.8,1887.5,1887.6,3753.7,3753.6,3754.7,2634.9,2634.4,2634.6,2940.2,2939.6,2940.0,27.510000,27.610001,going to home base
2024-04-12T21:42:10Z,2414.2,2413.6,2414.0,2684.4,2684.2,2684.4,5781.8,5781.3,5781.3,2376.0,2376.8,2377.2,3566.4,3565.7,3566.2,4512.7,4513.0,4513.0,6310.5,6308.7,6307.1,8784.3,8783.9,8781.9,5311.9,5311.9,5313.1,7562.2,7560.6,7561.0,6221.3,6222.3,6219.5,1888.4,1886.9,1887.1,3754.5,3754.3,3754.7,2633.4,2633.5,2634.1,2940.3,2940.0,2940.5,27.520000,27.629999,going to home base
2024-04-12T21:42:15Z,2414.8,2414.0,2414.4,2683.7,2683.2,2683.8,5781.1,5780.8,5781.2,2376.3,2376.4,2377.5,3566.9,3566.1,3566.2,4512.9,4512.7,4512.7,6305.8,6303.9,6306.3,8784.3,8782.9,8783.6,5312.2,5311.3,5312.3,7561.1,7562.7,7561.6,6218.1,6218.2,6218.8,1888.2,1886.8,1886.6,3754.1,3754.3,3754.9,2634.7,2633.9,2633.3,2940.8,2940.5,2941.0,27.520000,27.610001,going to home base
2024-04-12T21:42:20Z,2414.1,2413.9,2414.0,2683.7,2683.0,2683.5,5781.9,5781.0,5781.2,2376.5,2376.5,2376.9,3566.0,3565.8,3565.2,4512.3,4511.8,4512.1,6304.4,6304.7,6304.2,8782.0,8781.3,8781.8,5312.1,5312.2,5313.7,7561.5,7562.0,7561.2,6219.2,6220.1,6218.4,1888.4,1887.0,1887.2,3754.1,3753.8,3755.2,2633.5,2632.6,2632.6,2939.4,2939.2,2940.2,27.490000,27.610001,going to home base
2024-04-12T21:42:25Z,2414.4,2413.5,2413.9,2683.8,2683.1,2683.6,5781.4,5780.7,5781.1,2376.4,2376.6,2376.9,3566.1,3566.1,3566.2,4512.9,4512.6,4512.1,6306.9,6304.1,6304.7,8784.1,8782.4,8782.1,5310.8,5310.5,5311.3,7562.0,7561.6,7561.7,6216.8,6216.6,6216.3,1888.5,1886.9,1887.2,3753.9,3753.6,3754.3,2633.9,2633.0,2633.2,2939.3,2939.6,2939.1,27.490000,27.629999,going to home base
2024-04-12T21:42:30Z,2413.4,2412.9,2412.4,2683.4,2683.4,2683.4,5780.9,5780.3,5780.3,2376.3,2376.4,2376.7,3565.9,3565.6,3565.3,4512.9,4512.3,4512.5,6304.3,6304.6,6304.4,8780.0,8779.3,8780.8,5310.3,5311.4,5311.2,7564.8,7565.1,7565.6,6217.0,6216.5,6215.9,1888.6,1887.8,1887.4,3753.6,3753.4,3754.6,2634.8,2633.9,2634.0,2941.2,2940.5,2940.1,27.510000,27.559999,going to home base
2024-04-12T21:42:35Z,2414.8,2413.5,2414.2,2683.0,2683.2,2683.1,5780.8,5781.1,5780.5,2376.6,2376.5,2376.9,3566.0,3565.8,3565.5,4512.6,4512.5,4512.5,6309.2,6307.9,6308.4,8783.4,8784.4,8783.9,5310.6,5309.8,5311.0,7564.5,7563.5,7563.3,6214.7,6214.9,6216.4,1889.1,1887.8,1887.5,3753.8,3753.5,3754.4,2633.5,2632.7,2632.8,2941.0,2940.7,2941.8,27.510000,27.629999,going to home base
2024-04-12T21:42:40Z,2414.0,2413.6,2413.7,2683.3,2684.0,2684.1,5780.5,5780.0,5780.5,2376.3,2376.3,2376.6,3565.9,3565.4,3566.0,4512.1,4512.4,4512.4,6308.5,6308.5,6309.1,8783.2,8781.3,8782.4,5310.6,5310.1,5310.7,7564.4,7564.6,7565.1,6216.6,6217.0,6217.7,1888.5,1887.1,1887.2,3754.2,3754.2,3755.4,2635.0,2633.8,2633.8,2939.4,2939.3,2939.8,27.490000,27.610001,going to home base
2024-04-12T21:42:45Z,2413.1,2412.8,2412.8,2683.2,2683.6,2684.0,5780.8,5780.2,5780.4,2376.4,2376.2,2376.5,3566.5,3565.6,3565.8,4512.5,4512.0,4511.8,6304.5,6304.5,6304.7,8783.5,8781.7,8783.6,5311.9,5312.4,5312.7,7564.8,7563.3,7564.0,6219.0,6220.4,6221.1,1888.7,1887.4,1887.5,3753.3,3753.7,3754.2,2635.1,2634.6,2634.3,2939.8,2939.0,2938.8,27.480000,27.600000,going to home base
2024-04-12T21:42:50Z,2413.3,2412.4,2412.8,2683.6,2683.9,2683.9,5781.0,5780.6,5780.6,2376.9,2377.1,2377.4,3565.3,3564.4,3564.6,4512.7,4512.3,4511.9,6309.0,6308.1,6306.7,8782.1,8782.0,8779.2,5310.7,5311.3,5311.2,7564.0,7562.3,7563.0,6218.0,6218.5,6218.5,1888.9,1887.3,1887.1,3754.3,3753.5,3754.0,2634.6,2633.3,2633.4,2939.7,2939.5,2939.6,27.490000,27.629999,going to home base
2024-04-12T21:42:55Z,2414.0,2413.1,2413.4,2683.3,2683.5,2683.7,5780.7,5780.6,5780.3,2375.7,2376.2,2376.7,3564.3,3564.8,3564.5,4512.4,4512.1,4512.0,6306.9,6306.2,6306.2,8782.3,8780.2,8782.1,5311.1,5310.9,5310.4,7564.3,7563.9,7563.3,6216.4,6217.5,6217.3,1888.8,1887.2,1887.0,3752.8,3753.2,3753.8,2633.9,2632.7,2632.6,2940.8,2939.5,2939.5,27.480000,27.639999,going to home base
2024-04-12T21:43:00Z,2413.8,2413.1,2413.2,2684.1,2683.4,2683.7,5780.7,5780.1,5780.2,2376.6,2377.0,2376.7,3565.4,3564.8,3564.4,4512.0,4511.6,4511.6,6312.2,6310.4,6309.0,8778.9,8780.1,8779.3,5312.3,5311.0,5311.9,7565.2,7563.2,7564.6,6214.5,6215.9,6214.8,1888.4,1887.1,1886.8,3753.3,3753.1,3754.0,2633.4,2632.9,2633.1,2941.9,2941.1,2941.6,27.490000,27.629999,going to home base
2024-04-12T21:43:05Z,2413.9,2412.7,2412.9,2684.0,2683.6,2683.9,5781.5,5781.1,5780.7,2376.9,2376.7,2377.0,3564.5,3564.5,3564.7,4512.4,4511.7,4512.5,6310.7,6309.7,6311.3,8780.8,8779.5,8777.7,5310.1,5309.2,5311.0,7564.1,7563.2,7561.9,6219.4,6219.4,6219.6,1889.0,1887.8,1887.6,3752.6,3752.4,3753.6,2633.4,2632.4,2632.6,2941.9,2941.7,2941.6,27.510000,27.600000,going to home base
2024-04-12T21:43:10Z,2413.6,2413.1,2413.2,2684.6,2684.2,2684.8,5780.8,5780.0,5780.4,2377.0,2376.6,2377.2,3566.3,3565.8,3565.6,4512.4,4512.2,4511.9,6306.6,6305.8,6307.1,8781.2,8781.2,8781.8,5312.4,5311.4,5311.9,7562.3,7562.8,7562.5,6215.9,6218.0,6215.8,1888.8,1887.2,1887.7,3753.2,3753.7,3754.1,2632.9,2632.6,2632.5,2941.5,2941.0,2941.6,27.480000,27.629999,going to home base
2024-04-12T21:43:15Z,2414.2,2414.1,2413.9,2684.1,2683.7,2684.1,5781.1,5780.3,5780.5,2378.2,2377.8,2378.7,3565.8,3565.4,3564.9,4512.0,4512.0,4511.6,6308.1,6307.6,6308.1,8780.2,8779.3,8779.6,5312.0,5311.3,5311.5,7563.8,7562.7,7564.3,6219.4,6218.3,6219.1,1888.4,1887.1,1887.0,3752.7,3752.5,3754.1,2633.3,2633.2,2633.1,2941.8,2941.1,2941.1,27.510000,27.639999,going to home base
2024-04-12T21:43:20Z,2414.5,2413.7,2413.9,2684.0,2684.0,2684.2,5781.3,5781.1,5781.2,2377.7,2377.7,2378.4,3565.4,3564.8,3565.2,4511.8,4511.8,4511.9,6305.2,6307.8,6306.1,8780.3,8779.9,8778.9,5311.4,5310.8,5311.4,7563.9,7560.5,7562.2,6216.3,6216.8,6218.7,1888.6,1887.0,1887.0,3752.4,3753.0,3753.3,2633.6,2632.8,2632.7,2939.9,2939.5,2941.1,27.510000,27.600000,going to home base
2024-04-12T21:43:25Z,2414.1,2413.4,2414.0,2683.4,2683.6,2683.9,5780.5,5779.9,5780.1,2376.8,2376.3,2376.9,3565.5,3565.1,3565.5,4511.7,4511.5,4511.8,6309.1,6305.9,6307.4,8782.1,8781.2,8779.9,5312.0,5309.6,5311.8,7562.9,7561.5,7561.5,6218.5,6217.4,6217.0,1888.3,1887.4,1886.9,3753.2,3752.9,3753.8,2633.9,2632.7,2632.6,2941.2,2940.3,2940.4,27.510000,27.670000,going to home base
2024-04-12T21:43:30Z,2414.5,2413.5,2414.1,2684.5,2685.0,2684.9,5780.8,5780.9,5780.5,2377.0,2377.6,2377.7,3566.1,3566.0,3565.3,4512.4,4511.9,4511.8,6309.8,6308.1,6307.3,8781.8,8782.4,8780.5,5311.5,5311.1,5311.7,7561.0,7561.1,7560.6,6216.3,6216.8,6217.6,1888.0,1886.6,1886.6,3753.6,3753.8,3754.2,2633.6,2633.1,2632.2,2942.0,2941.5,2941.7,27.490000,27.629999,going to home base
2024-04-12T21:43:35Z,2413.8,2413.4,2413.3,2683.2,2683.7,2683.6,5781.1,5780.7,5780.8,2377.4,2377.6,2377.7,3565.5,3565.2,3564.5,4511.4,4511.4,4511.7,6302.9,6303.4,6304.4,8781.7,8780.1,8783.0,5310.4,5311.1,5310.1,7561.7,7562.6,7561.4,6219.3,6217.2,6216.3,1888.6,1887.4,1887.4,3752.7,3752.8,3753.5,2633.8,2633.0,2632.9,2941.4,2940.7,2940.3,27.490000,27.600000,going to home base
2024-04-12T21:43:40Z,2413.9,2413.5,2413.3,2683.3,2683.6,2683.4,5780.2,5779.7,5779.5,2376.1,2376.7,2376.9,3565.8,3566.0,3564.7,4511.3,4511.3,4511.4,6304.3,6306.5,6304.6,8780.4,8780.3,8780.5,5310.8,5311.4,5312.7,7564.7,7563.5,7562.1,6215.5,6216.9,6218.5,1888.1,1886.4,1886.6,3753.0,3752.8,3753.6,2632.9,2632.3,2632.6,2940.1,2938.7,2939.1,27.490000,27.639999,going to home base
2024-04-12T21:43:45Z,2413.4,2412.9,2412.7,2683.5,2683.6,2684.0,5780.7,5780.3,5780.3,2376.3,2376.4,2376.9,3565.8,3565.7,3565.3,4511.4,4511.0,4511.1,6304.0,6302.7,6305.3,8779.1,8778.3,8778.6,5311.9,5312.3,5311.6,7565.9,7564.2,7564.0,6218.6,6214.6,6217.0,1888.4,1887.1,1887.3,3752.3,3753.3,3753.5,2633.5,2632.1,2632.2,2941.3,2940.9,2941.0,27.480000,27.629999,going to home base
2024-04-12T21:43:50Z,2413.4,2412.9,2413.0,2683.5,2683.5,2683.5,5780.2,5780.0,5780.2,2376.3,2377.3,2377.4,3566.1,3565.7,3565.7,4511.2,4510.9,4510.7,6304.6,6304.4,6304.0,8778.8,8778.9,8778.5,5310.2,5310.6,5310.7,7563.1,7562.3,7563.1,6214.9,6215.8,6217.1,1887.5,1886.4,1886.3,3752.6,3752.9,3753.3,2633.7,2633.0,2632.9,2942.1,2941.8,2942.1,27.490000,27.639999,going to home base
2024-04-12T21:43:55Z,2413.5,2412.9,2413.0,2683.9,2683.7,2683.8,5780.3,5779.6,5779.9,2376.1,2376.3,2376.8,3566.6,3566.1,3565.8,4511.6,4511.3,4511.7,6305.2,6304.9,6307.2,8780.2,8779.8,8780.3,5312.0,5310.5,5312.3,7562.4,7562.7,7562.1,6215.9,6218.1,6218.2,1888.4,1886.7,1886.9,3752.8,3752.4,3753.5,2632.8,2631.7,2631.9,2939.2,2938.6,2939.8,27.490000,27.580000,going to home base
2024-04-12T21:44:00Z,2414.1,2413.1,2413.3,2683.4,2682.9,2683.4,5780.6,5780.4,5780.4,2377.1,2377.1,2377.5,3565.9,3565.3,3565.2,4511.5,4510.9,4511.1,6304.7,6306.2,6304.1,8778.5,8779.6,8778.3,5311.1,5311.8,5312.7,7565.0,7562.8,7565.9,6216.3,6214.9,6215.4,1887.6,1886.4,1886.5,3753.7,3753.5,3754.6,2632.8,2631.6,2632.5,2939.5,2940.2,2939.7,27.490000,27.629999,going to home base
2024-04-12T21:44:05Z,2413.7,2412.9,2413.4,2682.8,2682.4,2682.9,5780.3,5779.6,5779.0,2377.0,2376.8,2377.0,3566.4,3566.1,3565.6,4511.3,4511.0,4511.6,6302.6,6301.1,6301.1,8776.4,8778.3,8777.7,5310.0,5309.2,5310.9,7563.6,7563.1,7563.4,6218.2,6217.7,6218.7,1888.3,1886.8,1886.7,3752.6,3752.2,3752.6,2633.8,2632.4,2632.6,2938.1,2938.2,2938.4,27.480000,27.580000,going to home base
2024-04-12T21:44:10Z,2413.5,2412.8,2413.3,2683.1,2683.3,2683.1,5780.7,5780.2,5780.2,2376.5,2376.1,2376.6,3565.1,3564.2,3564.6,4511.3,4511.3,4511.3,6303.7,6301.6,6303.7,8780.9,8781.0,8779.3,5310.1,5310.2,5311.1,7561.7,7559.9,7560.1,6217.1,6216.1,6215.6,1887.5,1886.2,1886.2,3753.0,3753.9,3754.4,2632.9,2632.0,2632.0,2939.4,2939.2,2939.6,27.510000,27.610001,going to home base
2024-04-12T21:44:15Z,2411.9,2411.7,2411.3,2682.5,2683.0,2683.6,5779.6,5778.9,5779.5,2375.8,2375.9,2376.0,3564.9,3564.5,3564.5,4511.2,4511.4,4511.4,6303.0,6302.9,6303.4,8780.6,8778.9,8780.2,5310.0,5309.1,5310.2,7562.2,7561.0,7561.9,6217.6,6217.9,6218.1,1887.7,1886.1,1886.0,3752.9,3752.6,3753.5,2632.7,2632.4,2632.8,2939.8,2940.9,2939.4,27.480000,27.660000,going to home base
2024-04-12T21:44:20Z,2412.3,2411.4,2411.6,2683.0,2682.9,2683.3,5779.7,5779.5,5779.6,2376.4,2376.1,2376.5,3565.0,3565.2,3564.6,4511.8,4511.1,4511.6,6304.7,6304.5,6304.3,8778.5,8777.0,8777.1,5310.2,5309.1,5310.1,7560.4,7563.0,7561.2,6216.7,6217.4,6216.6,1888.0,1886.8,1886.5,3753.6,3753.3,3753.3,2632.1,2631.5,2631.9,2939.4,2939.0,2938.3,27.459999,27.650000,going to home base
2024-04-12T21:44:25Z,2412.6,2411.6,2412.3,2683.9,2683.6,2684.0,5779.7,5779.0,5778.9,2377.0,2376.3,2376.3,3564.4,3563.8,3564.3,4511.0,4510.4,4510.5,6305.7,6304.4,6306.0,8778.0,8778.1,8778.1,5309.9,5309.3,5310.4,7562.1,7561.8,7563.2,6217.3,6215.1,6216.5,1887.5,1886.1,1885.9,3752.9,3752.8,3753.7,2632.9,2632.2,2632.2,2939.2,2939.0,2939.0,27.490000,27.600000,going to home base
2024-04-12T21:44:30Z,2412.9,2411.9,2412.4,2683.1,2683.0,2683.4,5778.9,5778.7,5778.8,2375.6,2376.0,2376.0,3565.5,3565.2,3565.0,4510.6,4510.2,4510.4,6302.5,6303.6,6303.2,8778.9,8781.0,8780.1,5309.5,5309.8,5310.5,7562.4,7561.9,7563.5,6214.9,6215.9,6216.2,1888.0,1886.8,1886.6,3752.9,3752.8,3753.8,2632.8,2631.7,2631.8,2938.9,2938.0,2939.2,27.490000,27.629999,going to home base
2024-04-12T21:44:35Z,2412.5,2411.4,2411.7,2682.8,2682.7,2683.4,5780.1,5779.3,5779.8,2375.0,2375.1,2375.3,3565.5,3565.5,3564.9,4510.8,4510.7,4510.7,6304.1,6303.9,6303.9,8779.4,8778.6,8779.7,5311.9,5310.4,5311.9,7562.6,7560.2,7559.5,6217.5,6217.9,6216.7,1887.4,1886.2,1886.3,3753.2,3753.1,3754.0,2633.4,2632.4,2632.7,2940.1,2939.6,2939.6,27.510000,27.610001,going to home base
2024-04-12T21:44:40Z,2412.1,2411.4,2411.5,2682.9,2682.6,2683.1,5779.7,5779.2,5779.8,2375.9,2375.8,2376.7,3564.7,3563.8,3564.1,4511.0,4511.0,4511.4,6301.9,6303.1,6302.1,8779.9,8780.3,8780.0,5309.0,5308.5,5309.7,7562.5,7562.7,7562.6,6215.8,6216.1,6215.7,1887.8,1886.3,1886.2,3752.3,3752.1,3753.2,2632.6,2631.9,2632.3,2938.4,2938.2,2938.6,27.490000,27.639999,going to home base
2024-04-12T21:44:45Z,2412.0,2411.6,2411.8,2682.0,2682.1,2682.3,5780.0,5778.9,5779.1,2376.0,2376.0,2376.4,3564.6,3564.1,3564.5,4510.7,4510.3,4510.7,6303.0,6302.2,6303.9,8777.7,8777.1,8778.2,5309.1,5308.3,5308.4,7564.0,7562.0,7562.8,6215.9,6216.6,6215.2,1887.7,1886.3,1886.0,3752.5,3753.1,3753.7,2633.5,2632.2,2632.5,2939.5,2939.4,2939.7,27.490000,27.600000,going to home base
2024-04-12T21:44:50Z,2412.2,2411.6,2412.0,2682.3,2682.7,2683.2,5778.5,5777.8,5777.8,2376.4,2376.0,2376.7,3563.6,3564.2,3564.2,4511.0,4510.8,4510.9,6302.4,6302.6,6303.7,8777.5,8776.4,8777.8,5307.8,5308.6,5308.4,7561.5,7561.6,7560.9,6214.0,6213.9,6215.0,1886.8,1885.4,1885.2,3752.5,3752.7,3753.7,2633.5,2632.7,2632.7,2940.5,2941.0,2940.3,27.480000,27.600000,going to home base
2024-04-12T21:44:55Z,2412.5,2411.7,2412.0,2682.7,2682.4,2682.2,5778.5,5777.9,5778.4,2376.0,2376.1,2376.3,3564.2,3563.5,3564.0,4510.1,4510.1,4510.1,6302.4,6301.9,6302.4,8776.3,8776.1,8776.8,5308.3,5307.7,5307.8,7561.0,7560.4,7561.1,6213.9,6214.3,6214.7,1887.2,1885.9,1886.2,3752.0,3752.4,3753.2,2632.8,2632.5,2632.0,2940.9,2940.4,2941.7,27.490000,27.580000,going to home base
2024-04-12T21:45:00Z,2413.0,2412.2,2412.0,2682.1,2682.1,2682.4,5778.7,5778.3,5778.4,2375.6,2375.4,2376.2,3564.4,3564.2,3563.8,4510.2,4509.9,4510.1,6302.9,6303.1,6303.6,8775.9,8777.3,8777.0,5308.6,5309.3,5310.2,7560.0,7558.6,7559.7,6213.9,6212.6,6213.4,1887.4,1886.0,1885.5,3752.3,3752.6,3752.7,2632.9,2632.0,2632.4,2940.5,2939.6,2940.6,27.480000,27.629999,going to home base
2024-04-12T21:45:05Z,2412.8,2411.9,2412.2,2683.0,2682.5,2682.8,5778.1,5778.2,5778.3,2375.4,2375.6,2376.3,3564.0,3563.9,3564.1,4510.0,4509.9,4510.0,6301.9,6302.2,6303.7,8776.2,8773.7,8777.3,5308.4,5308.3,5309.2,7561.3,7560.2,7560.4,6212.3,6213.3,6214.2,1887.2,1885.6,1885.4,3751.5,3751.8,3752.3,2634.4,2633.2,2633.1,2941.3,2941.0,2940.5,27.510000,27.639999,going to home base
2024-04-12T21:45:10Z,2412.6,2412.1,2412.6,2683.0,2683.5,2683.0,5778.9,5778.2,5778.3,2376.2,2376.5,2376.8,3565.4,3565.1,3564.5,4509.6,4509.6,4509.7,6298.2,6299.3,6299.7,8774.2,8775.0,8773.2,5308.7,5308.8,5309.8,7562.3,7560.9,7560.1,6213.2,6213.0,6212.7,1887.6,1886.4,1886.1,3751.9,3752.0,3752.4,2633.1,2632.3,2632.2,2941.6,2941.5,2941.7,27.490000,27.629999,going to home base
2024-04-12T21:45:15Z,2412.5,2412.3,2412.0,2682.0,2681.9,2682.2,5778.5,5778.2,5777.8,2375.8,2376.0,2376.2,3564.9,3564.5,3564.4,4510.0,4510.2,4509.7,6301.9,6302.2,6302.5,8774.3,8775.7,8776.7,5308.7,5309.2,5308.5,7561.6,7559.9,7559.6,6213.9,6213.5,6213.8,1886.9,1885.6,1885.3,3752.0,3751.8,3752.3,2632.4,2631.4,2631.8,2939.8,2939.3,2940.1,27.490000,27.629999,going to home base
2024-04-12T21:45:20Z,2412.7,2412.0,2412.3,2681.9,2681.9,2682.3,5778.4,5778.0,5778.0,2376.3,2375.9,2376.3,3563.8,3563.9,3563.9,4510.2,4510.0,4510.3,6300.5,6301.1,6299.6,8775.9,8775.8,8777.5,5309.4,5309.2,5309.8,7560.5,7560.4,7559.5,6215.0,6212.9,6214.1,1887.0,1885.6,1885.6,3751.1,3751.6,3752.5,2632.1,2630.9,2631.1,2942.6,2941.5,2942.3,27.490000,27.610001,going to home base
2024-04-12T21:45:25Z,2412.5,2412.1,2412.1,2682.5,2682.1,2682.5,5778.5,5778.0,5778.3,2376.3,2376.2,2376.9,3564.1,3563.2,3563.2,4510.2,4510.0,4509.5,6300.7,6301.2,6300.1,8777.1,8775.6,8776.5,5307.6,5308.3,5309.2,7561.6,7559.7,7558.5,6212.9,6210.8,6212.1,1887.0,1885.6,1885.1,3750.4,3750.7,3751.7,2632.8,2632.4,2632.1,2942.1,2940.9,2941.3,27.459999,27.600000,going to home base
2024-04-12T21:45:30Z,2412.9,2412.2,2412.0,2682.1,2682.2,2682.0,5778.6,5777.8,5777.9,2376.2,2376.1,2376.0,3564.2,3564.1,3563.6,4510.0,4509.9,4510.0,6298.6,6298.6,6298.4,8775.8,8775.1,8774.7,5308.3,5308.4,5308.9,7560.2,7560.0,7559.6,6212.4,6211.7,6212.7,1886.7,1885.1,1885.1,3750.7,3750.7,3751.3,2633.7,2633.3,2633.5,2942.1,2942.3,2942.2,27.480000,27.610001,going to home base
2024-04-12T21:45:35Z,2412.7,2411.8,2412.3,2682.0,2681.8,2682.3,5778.4,5777.5,5777.8,2375.6,2375.9,2376.2,3564.1,3563.9,3563.4,4509.8,4509.4,4509.7,6301.7,6302.1,6302.0,8775.7,8775.3,8774.8,5306.3,5306.7,5307.9,7558.7,7556.8,7556.9,6212.5,6212.1,6212.4,1887.4,1886.3,1886.6,3751.2,3750.9,3752.0,2631.6,2631.0,2631.3,2940.9,2941.3,2941.6,27.510000,27.629999,going to home base
2024-04-12T21:45:40Z,2412.8,2412.1,2412.0,2681.7,2682.0,2682.2,5778.7,5778.1,5778.3,2375.4,2375.1,2375.7,3565.3,3564.7,3565.0,4509.7,4510.0,4510.0,6301.6,6300.3,6300.6,8777.1,8773.9,8775.4,5308.4,5308.4,5307.1,7559.5,7558.4,7557.8,6213.6,6214.1,6214.1,1887.5,1885.4,1885.8,3751.5,3751.3,3751.8,2632.8,2631.5,2631.4,2939.8,2939.2,2940.4,27.490000,27.580000,going to home base
2024-04-12T21:45:45Z,2412.8,2411.9,2412.4,2682.0,2682.0,2682.6,5778.8,5778.0,5778.4,2376.2,2376.3,2376.9,3564.8,3564.4,3563.8,4509.9,4510.2,4509.7,6302.1,6300.5,6300.2,8779.2,8777.0,8777.6,5307.5,5308.3,5307.7,7558.7,7557.9,7557.0,6212.7,6212.9,6213.3,1887.0,1885.6,1885.5,3751.0,3750.1,3751.1,2632.6,2631.6,2632.5,2939.1,2937.8,2939.1,27.480000,27.650000,going to home base
2024-04-12T21:45:50Z,2412.9,2412.3,2412.7,2681.9,2682.2,2682.4,5778.0,5778.0,5778.1,2376.6,2376.4,2377.0,3564.2,3563.9,3564.2,4510.5,4510.3,4510.1,6302.5,6303.4,6304.0,8776.6,8776.6,8777.9,5308.9,5308.0,5308.6,7560.4,7558.9,7556.8,6214.6,6215.2,6213.3,1886.2,1884.8,1884.6,3750.3,3750.7,3751.7,2633.7,2632.7,2633.0,2939.8,2939.8,2940.0,27.490000,27.610001,going to home base
2024-04-12T21:45:55Z,2412.9,2412.4,2412.7,2682.0,2681.6,2681.8,5778.2,5777.8,5778.7,2376.6,2376.5,2377.1,3564.4,3564.1,3563.3,4509.7,4510.1,4509.9,6301.9,6301.4,6301.5,8779.1,8778.3,8779.9,5308.2,5307.3,5308.8,7560.2,7557.8,7559.2,6212.6,6214.5,6213.6,1886.5,1885.2,1885.0,3750.7,3750.5,3751.7,2632.9,2632.5,2632.0,2940.7,2940.2,2941.0,27.490000,27.600000,going to home base
2024-04-12T21:46:00Z,2413.1,2412.9,2412.8,2682.1,2682.2,2682.8,5777.9,5777.8,5777.3,2376.5,2376.6,2376.9,3564.4,3564.2,3563.8,4510.5,4510.0,4509.8,6301.7,6301.0,6301.2,8778.6,8779.0,8778.3,5307.5,5307.4,5307.8,7559.6,7558.7,7558.3,6214.4,6214.7,6215.0,1886.8,1885.5,1885.6,3750.4,3750.5,3752.2,2632.4,2631.5,2631.8,2939.4,2939.1,2939.3,27.490000,27.629999,going to home base
2024-04-12T21:46:05Z,2412.9,2411.7,2412.4,2682.8,2682.3,2683.0,5778.1,5777.6,5777.9,2375.7,2375.5,2375.7,3564.3,3564.0,3563.6,4509.9,4510.4,4510.1,6303.3,6302.8,6303.1,8778.6,8778.5,8777.6,5308.2,5309.0,5308.6,7561.9,7559.3,7561.7,6211.8,6212.2,6210.9,1886.6,1885.5,1885.3,3750.3,3750.7,3751.3,2633.8,2632.3,2632.7,2941.9,2941.5,2941.3,27.510000,27.610001,going to home base
2024-04-12T21:46:10Z,2413.2,2412.6,2412.3,2681.3,2682.0,2682.5,5778.5,5777.7,5777.7,2375.0,2375.4,2375.5,3564.0,3563.5,3563.5,4509.8,4510.0,4509.9,6305.6,6303.0,6303.7,8776.4,8776.5,8776.6,5308.8,5308.8,5308.9,7560.6,7557.9,7557.8,6213.5,6213.3,6213.6,1886.8,1885.3,1885.1,3750.1,3749.8,3751.6,2631.9,2631.2,2631.2,2941.8,2940.1,2941.2,27.459999,27.610001,going to home base
2024-04-12T21:46:15Z,2413.3,2413.0,2412.9,2682.2,2682.4,2682.5,5778.0,5777.2,5777.6,2375.9,2375.8,2375.8,3564.3,3564.4,3563.4,4509.4,4509.2,4509.1,6301.9,6301.0,6301.6,8775.0,8775.0,8775.6,5307.9,5307.3,5308.7,7559.0,7558.2,7559.2,6209.0,6209.8,6209.5,1886.9,1885.1,1885.5,3751.5,3751.0,3751.8,2633.4,2632.9,2631.9,2941.3,2941.3,2941.6,27.459999,27.610001,going to home base
2024-04-12T21:46:20Z,2413.3,2413.1,2413.1,2682.9,2682.5,2682.7,5777.8,5777.3,5777.4,2375.4,2375.6,2376.0,3563.4,3563.3,3563.4,4509.4,4509.3,4508.6,6305.4,6302.0,6302.8,8774.7,8773.2,8774.6,5309.1,5307.6,5308.2,7561.2,7558.0,7559.3,6211.5,6211.8,6213.0,1886.5,1885.6,1885.8,3750.9,3751.0,3751.8,2632.3,2631.6,2631.9,2940.0,2939.1,2939.0,27.459999,27.610001,going to home base
2024-04-12T21:46:25Z,2413.3,2413.0,2413.2,2681.7,2681.8,2682.5,5778.0,5777.6,5777.9,2375.7,2376.0,2376.2,3563.5,3563.5,3563.3,4508.7,4508.5,4508.7,6304.6,6303.2,6304.3,8775.6,8774.8,8776.4,5307.9,5308.0,5308.6,7558.1,7557.4,7557.9,6211.2,6210.6,6210.6,1886.7,1885.2,1885.0,3751.0,3751.3,3751.7,2632.8,2631.8,2631.6,2939.9,2939.4,2940.2,27.480000,27.570000,going to home base
2024-04-12T21:46:30Z,2413.7,2413.3,2412.9,2681.9,2681.7,2682.3,5777.8,5777.1,5776.9,2375.7,2375.8,2376.2,3564.4,3563.8,3564.2,4509.4,4509.4,4509.3,6304.2,6303.6,6305.6,8774.9,8773.8,8774.2,5308.2,5308.9,5309.1,7560.6,7560.8,7559.8,6213.4,6214.1,6212.2,1886.5,1884.8,1885.0,3751.1,3750.8,3751.6,2631.4,2630.9,2630.5,2940.2,2939.5,2940.0,27.459999,27.639999,going to home base
2024-04-12T21:46:35Z,2413.0,2412.1,2412.8,2682.1,2681.9,2682.1,5776.7,5777.0,5776.9,2376.5,2375.7,2376.0,3563.1,3563.2,3563.4,4509.1,4509.0,4509.0,6300.7,6302.9,6301.7,8775.5,8774.1,8773.2,5309.0,5308.9,5310.4,7560.5,7559.1,7558.3,6216.0,6214.7,6216.3,1886.8,1885.2,1885.2,3750.0,3750.6,3751.2,2632.2,2631.9,2631.8,2940.0,2939.5,2939.6,27.490000,27.610001,going to home base
2024-04-12T21:46:40Z,2413.3,2412.3,2412.2,2681.9,2682.2,2682.2,5777.1,5776.7,5777.0,2375.6,2375.8,2375.7,3563.4,3563.2,3563.3,4509.4,4509.2,4509.4,6303.6,6302.7,6303.4,8775.8,8774.5,8775.9,5308.8,5308.2,5308.9,7558.6,7555.5,7556.9,6215.1,6215.2,6214.8,1886.6,1885.5,1885.2,3750.2,3750.3,3751.6,2632.6,2631.7,2632.2,2939.7,2939.3,2939.5,27.480000,27.650000,going to home base
2024-04-12T21:46:45Z,2413.2,2412.2,2412.3,2681.2,2681.7,2681.6,5777.2,5776.7,5776.9,2375.0,2375.0,2375.8,3563.7,3563.4,3563.0,4509.1,4509.2,4509.0,6301.4,6300.2,6302.4,8776.9,8779.5,8778.9,5307.4,5307.4,5307.7,7555.8,7557.1,7555.4,6210.6,6211.6,6212.8,1887.4,1885.6,1885.5,3750.2,3751.0,3751.0,2631.6,2631.4,2631.1,2939.1,2938.3,2938.7,27.490000,27.570000,going to home base
2024-04-12T21:46:50Z,2412.4,2412.0,2412.1,2681.9,2681.3,2681.5,5777.2,5776.5,5776.3,2375.0,2374.9,2375.2,3563.4,3562.8,3562.4,4509.4,4508.3,4509.3,6302.8,6302.2,6304.7,8777.0,8775.8,8775.0,5308.9,5307.4,5308.1,7559.4,7558.1,7558.1,6214.4,6212.9,6214.2,1886.5,1885.1,1884.5,3750.5,3751.1,3751.5,2632.5,2631.7,2631.1,2940.7,2939.8,2940.5,27.459999,27.629999,going to home base
2024-04-12T21:46:55Z,2412.2,2411.5,2411.9,2681.3,2681.3,2681.3,5777.1,5776.7,5777.1,2374.7,2375.2,2375.6,3563.4,3562.6,3562.6,4508.9,4509.0,4509.0,6301.6,6302.6,6303.5,8774.3,8775.7,8776.3,5309.0,5308.6,5309.6,7557.6,7556.3,7557.2,6215.1,6214.8,6213.9,1886.9,1885.8,1885.5,3750.1,3749.8,3750.7,2632.4,2631.4,2631.3,2940.4,2940.0,2939.5,27.480000,27.600000,going to home base
2024-04-12T21:47:00Z,2412.6,2412.3,2412.1,2680.7,2680.9,2681.6,5777.6,5776.5,5777.2,2375.7,2375.3,2375.7,3563.0,3562.8,3562.7,4508.2,4508.7,4508.5,6301.2,6301.0,6300.3,8774.1,8774.8,8774.1,5305.2,5304.7,5305.6,7554.6,7554.7,7554.2,6214.8,6213.5,6213.5,1886.1,1884.8,1885.0,3750.5,3750.3,3751.3,2631.6,2631.0,2631.0,2941.4,2939.8,2941.0,27.490000,27.629999,going to home base
2024-04-12T21:47:05Z,2412.4,2411.7,2412.3,2680.5,2680.5,2680.7,5777.9,5777.3,5777.3,2375.9,2375.3,2375.9,3563.1,3562.8,3562.6,4507.9,4508.3,4508.3,6301.2,6299.0,6300.1,8772.7,8774.2,8773.6,5308.6,5308.3,5308.8,7557.9,7557.3,7557.9,6210.5,6211.8,6213.3,1886.8,1885.2,1885.1,3751.1,3751.1,3751.4,2631.9,2631.2,2631.4,2940.7,2940.3,2940.7,27.480000,27.639999,going to home base
2024-04-12T21:47:10Z,2412.2,2412.0,2411.8,2680.7,2681.0,2680.9,5777.0,5776.7,5777.2,2375.5,2375.5,2376.3,3563.7,3562.8,3563.4,4508.3,4508.1,4508.8,6298.3,6299.1,6299.9,8775.8,8776.4,8776.4,5309.1,5308.1,5309.8,7556.4,7555.9,7555.7,6212.2,6211.5,6212.5,1886.8,1885.0,1885.1,3750.3,3749.9,3751.3,2630.2,2630.1,2630.5,2942.2,2941.7,2942.0,27.510000,27.639999,going to home base
2024-04-12T21:47:15Z,2412.6,2411.9,2411.8,2680.6,2680.7,2680.8,5776.9,5776.6,5776.9,2375.7,2375.4,2376.2,3562.6,3562.3,3562.2,4509.0,4508.7,4508.5,6302.7,6303.3,6303.0,8774.7,8776.7,8775.8,5307.3,5306.9,5308.6,7558.4,7556.6,7558.5,6211.3,6209.9,6210.0,1886.0,1884.7,1884.7,3750.1,3749.9,3750.3,2631.0,2630.7,2630.5,2940.4,2939.4,2939.8,27.459999,27.639999,going to home base
2024-04-12T21:47:20Z,2412.6,2411.8,2412.0,2680.5,2680.8,2681.2,5776.9,5776.4,5776.5,2375.7,2375.3,2376.2,3562.0,3562.3,3561.5,4507.8,4507.5,4508.2,6302.7,6301.5,6300.9,8774.3,8773.9,8774.8,5307.2,5306.6,5308.3,7558.2,7556.8,7557.3,6212.6,6212.7,6214.2,1886.2,1884.5,1884.4,3749.7,3750.4,3750.3,2630.7,2629.8,2629.9,2940.7,2940.7,2940.7,27.480000,27.629999,going to home base
2024-04-12T21:47:25Z,2412.6,2412.2,2412.2,2681.0,2681.2,2681.5,5776.5,5776.1,5776.1,2375.7,2376.2,2376.3,3563.2,3563.0,3562.5,4507.8,4507.8,4507.9,6300.7,6301.2,6298.3,8773.5,8772.5,8772.7,5307.4,5307.2,5307.2,7558.2,7558.9,7559.0,6207.2,6208.8,6207.7,1886.1,1884.5,1884.4,3749.2,3749.8,3750.4,2631.3,2629.8,2630.9,2940.6,2939.6,2940.0,27.510000,27.610001,going to home base
2024-04-12T21:47:30Z,2412.6,2411.6,2411.9,2681.5,2681.4,2681.6,5776.1,5775.5,5775.9,2375.3,2375.5,2375.8,3563.0,3562.6,3562.5,4507.2,4507.7,4507.6,6298.9,6299.4,6299.4,8777.2,8776.0,8775.0,5307.1,5306.4,5307.0,7556.3,7556.3,7555.3,6211.3,6211.7,6211.4,1885.8,1884.5,1884.5,3749.7,3750.1,3751.3,2630.2,2630.0,2630.2,2941.8,2940.8,2941.0,27.490000,27.559999,going to home base
2024-04-12T21:47:35Z,2412.8,2412.1,2412.3,2681.5,2680.7,2681.0,5776.9,5776.1,5775.4,2376.3,2375.5,2376.3,3561.6,3562.0,3562.4,4507.8,4507.5,4507.4,6300.9,6298.9,6299.9,8777.6,8776.2,8777.3,5307.5,5307.8,5309.1,7556.3,7557.3,7554.9,6211.7,6211.1,6211.6,1886.4,1885.1,1884.9,3750.3,3750.4,3750.8,2630.4,2630.3,2630.9,2939.8,2939.5,2940.2,27.480000,27.610001,going to home base
2024-04-12T21:47:40Z,2412.1,2411.5,2411.5,2681.2,2681.1,2681.7,5776.4,5775.8,5776.0,2374.6,2374.8,2375.4,3562.6,3562.1,3562.4,4507.7,4507.2,4507.7,6296.1,6298.0,6298.4,8777.3,8774.5,8775.0,5307.3,5307.1,5307.8,7555.5,7556.2,7555.6,6213.5,6210.8,6212.3,1886.3,1885.3,1885.1,3749.9,3750.0,3750.8,2630.8,2630.5,2630.7,2940.3,2939.1,2940.1,27.490000,27.650000,going to home base
2024-04-12T21:47:45Z,2413.2,2412.5,2412.9,2680.9,2680.9,2681.0,5776.1,5775.5,5775.5,2375.2,2375.6,2375.4,3562.9,3562.0,3561.8,4507.9,4508.0,4507.7,6299.5,6300.0,6298.5,8778.1,8776.9,8776.8,5308.5,5307.5,5308.9,7558.5,7556.1,7553.1,6212.0,6213.0,6213.1,1886.5,1885.0,1884.8,3748.7,3748.9,3750.5,2631.0,2630.4,2630.5,2940.9,2941.2,2941.0,27.480000,27.600000,going to home base
2024-04-12T21:47:50Z,2412.2,2411.4,2411.4,2680.7,2680.6,2681.1,5776.5,5775.9,5776.4,2375.2,2375.5,2375.8,3562.4,3562.2,3561.8,4508.0,4507.2,4507.3,6301.1,6299.9,6299.1,8775.3,8774.5,8773.4,5308.3,5307.1,5308.8,7556.7,7555.3,7554.4,6213.6,6211.9,6212.2,1886.2,1884.7,1884.8,3749.4,3749.4,3750.5,2631.0,2631.0,2630.6,2940.8,2940.8,2940.6,27.480000,27.610001,going to home base
2024-04-12T21:47:55Z,2413.2,2412.4,2412.1,2680.7,2681.0,2681.0,5775.3,5775.8,5775.9,2376.1,2375.4,2375.8,3562.2,3561.5,3561.7,4508.0,4507.6,4507.7,6298.6,6298.6,6298.6,8777.0,8777.2,8775.9,5307.4,5307.2,5308.3,7557.2,7556.2,7555.8,6210.4,6211.0,6212.8,1886.8,1885.4,1885.4,3749.2,3750.0,3750.7,2630.4,2630.3,2630.0,2941.2,2941.2,2940.6,27.490000,27.650000,going to home base
2024-04-12T21:48:00Z,2411.7,2411.2,2411.4,2681.4,2680.8,2681.3,5776.7,5776.9,5776.1,2375.9,2376.2,2376.5,3562.1,3562.5,3562.0,4507.6,4507.2,4507.9,6297.3,6297.1,6298.6,8776.3,8774.9,8774.9,5308.2,5307.8,5309.5,7555.4,7553.6,7554.3,6213.8,6212.7,6214.3,1886.4,1885.1,1885.2,3750.2,3750.7,3751.0,2631.6,2630.9,2630.5,2940.1,2939.1,2939.8,27.510000,27.629999,going to home base
2024-04-12T21:48:05Z,2412.3,2411.4,2411.9,2680.2,2680.2,2680.6,5776.4,5776.1,5776.7,2374.9,2374.9,2375.3,3562.1,3562.4,3562.5,4507.8,4507.8,4507.4,6300.7,6300.9,6300.5,8774.6,8774.7,8773.9,5308.2,5307.7,5308.9,7554.0,7553.6,7553.8,6208.5,6210.2,6211.0,1886.3,1884.9,1884.9,3750.5,3750.3,3751.4,2631.0,2629.9,2630.1,2939.5,2939.4,2940.3,27.490000,27.610001,going to home base
2024-04-12T21:48:10Z,2412.7,2412.0,2412.3,2681.5,2681.0,2681.5,5775.8,5774.8,5775.4,2375.6,2375.4,2375.8,3562.7,3562.1,3562.0,4507.9,4507.5,4507.5,6298.1,6298.2,6300.0,8776.2,8775.7,8775.5,5307.3,5306.0,5307.4,7555.5,7555.1,7555.3,6213.6,6212.6,6213.6,1886.1,1884.9,1884.9,3749.5,3748.6,3750.5,2630.3,2629.7,2629.9,2940.0,2940.0,2940.1,27.490000,27.590000,going to home base
2024-04-12T21:48:15Z,2413.6,2413.0,2413.2,2681.1,2681.0,2681.0,5776.4,5775.7,5775.7,2375.1,2375.3,2375.7,3562.1,3562.2,3562.1,4507.8,4507.9,4507.6,6297.2,6295.8,6295.0,8777.0,8774.7,8775.8,5306.1,5305.8,5307.5,7556.2,7554.1,7554.7,6211.4,6212.0,6211.3,1886.5,1885.5,1885.3,3749.4,3749.7,3751.8,2630.2,2629.7,2629.5,2942.7,2942.1,2943.2,27.510000,27.629999,going to home base
2024-04-12T21:48:20Z,2412.4,2411.9,2412.3,2681.1,2681.3,2681.7,5776.2,5775.9,5776.0,2374.1,2374.2,2374.1,3563.1,3562.4,3562.7,4507.6,4507.4,4508.0,6298.5,6297.8,6297.8,8777.2,8776.9,8776.9,5308.3,5307.4,5308.2,7557.4,7557.0,7555.0,6208.0,6209.4,6209.4,1885.8,1884.7,1884.6,3749.7,3749.6,3750.6,2630.2,2629.2,2629.1,2941.6,2941.1,2941.6,27.480000,27.650000,going to home base
2024-04-12T21:48:25Z,2412.0,2411.8,2411.5,2680.8,2680.6,2680.7,5776.4,5775.6,5775.3,2374.9,2374.7,2375.2,3562.2,3562.2,3562.4,4507.5,4508.0,4507.8,6295.7,6298.3,6298.8,8777.6,8778.7,8777.7,5307.8,5307.3,5306.8,7557.4,7557.7,7557.2,6211.1,6210.4,6211.1,1886.3,1884.6,1884.6,3750.0,3750.0,3751.6,2630.4,2629.5,2629.6,2940.6,2940.3,2941.3,27.490000,27.639999,going to home base
2024-04-12T21:48:30Z,2412.7,2412.1,2412.1,2680.2,2680.8,2680.8,5776.4,5775.8,5775.8,2375.4,2375.1,2375.8,3563.3,3563.0,3562.4,4507.1,4507.2,4507.1,6298.6,6297.2,6298.3,8776.6,8776.6,8775.7,5306.4,5306.7,5307.5,7556.4,7554.9,7555.5,6209.7,6210.2,6211.1,1886.3,1884.5,1884.4,3749.8,3750.1,3751.5,2630.3,2629.5,2628.9,2941.9,2941.6,2941.8,27.480000,27.580000,going to home base
2024-04-12T21:48:35Z,2412.4,2411.6,2412.3,2681.3,2681.2,2681.4,5775.8,5775.3,5775.6,2375.4,2375.5,2376.3,3562.9,3562.4,3562.6,4507.5,4507.3,4507.2,6295.9,6297.4,6297.0,8777.2,8778.2,8777.3,5306.5,5306.0,5306.9,7554.1,7553.1,7555.3,6210.7,6211.1,6210.4,1885.9,1884.5,1884.4,3749.5,3750.0,3751.1,2630.6,2630.3,2630.2,2942.8,2942.0,2942.8,27.480000,27.650000,going to home base
2024-04-12T21:48:40Z,2412.3,2412.2,2412.1,2680.8,2680.5,2681.1,5776.2,5775.8,5776.0,2375.4,2375.2,2375.6,3561.8,3561.0,3561.3,4507.1,4507.3,4506.9,6298.6,6299.2,6299.4,8774.2,8775.1,8775.4,5307.3,5306.5,5307.7,7554.6,7552.5,7554.0,6211.4,6209.8,6210.3,1886.6,1885.0,1884.7,3750.0,3750.3,3751.6,2630.0,2629.8,2629.3,2940.6,2939.9,2941.3,27.480000,27.580000,going to home base
2024-04-12T21:48:45Z,2412.2,2411.7,2411.7,2680.8,2680.6,2681.1,5775.4,5774.9,5774.8,2375.6,2375.4,2375.8,3563.3,3562.3,3562.4,4507.7,4507.7,4506.9,6297.5,6297.2,6298.1,8779.6,8779.3,8778.5,5307.2,5306.5,5308.7,7553.5,7553.3,7551.9,6211.8,6211.3,6211.3,1885.8,1884.7,1884.4,3750.0,3750.0,3751.2,2629.4,2628.4,2627.8,2942.4,2940.9,2940.9,27.490000,27.650000,going to home base
2024-04-12T21:48:50Z,2411.9,2411.6,2411.6,2681.0,2681.1,2681.8,5775.9,5775.0,5774.8,2375.3,2375.3,2375.4,3562.9,3562.3,3562.3,4507.1,4507.3,4507.3,6297.6,6297.3,6297.1,8776.1,8775.5,8774.8,5306.9,5308.0,5308.9,7553.5,7552.2,7552.3,6208.6,6208.1,6209.3,1886.8,1884.9,1885.1,3749.7,3749.8,3750.4,2629.7,2629.6,2628.7,2941.0,2941.3,2941.4,27.490000,27.639999,going to home base
2024-04-12T21:48:55Z,2412.6,2411.8,2411.6,2681.6,2681.6,2681.3,5776.0,5776.1,5775.6,2374.8,2374.4,2375.7,3563.0,3562.8,3563.6,4506.9,4507.0,4507.5,6295.2,6296.4,6296.7,8776.7,8773.4,8774.5,5307.0,5307.2,5306.7,7554.0,7554.7,7556.1,6210.6,6211.1,6210.8,1885.7,1884.2,1884.3,3749.9,3749.4,3750.5,2631.1,2630.7,2630.7,2942.8,2941.8,2942.1,27.480000,27.610001,going to home base
2024-04-12T21:49:00Z,2412.3,2411.0,2411.4,2681.1,2680.5,2680.2,5775.8,5775.6,5776.0,2375.4,2375.3,2375.7,3562.3,3561.6,3561.9,4506.9,4507.1,4507.6,6297.2,6298.3,6298.1,8773.0,8774.1,8773.7,5307.3,5306.1,5306.6,7554.9,7553.3,7553.0,6210.0,6208.1,6210.9,1885.5,1884.5,1884.2,3748.9,3749.3,3750.6,2631.0,2630.4,2630.1,2941.7,2941.7,2941.8,27.480000,27.629999,going to home base
2024-04-12T21:49:05Z,2411.0,2410.5,2410.7,2679.8,2679.2,2680.4,5776.2,5776.2,5775.7,2375.1,2375.1,2375.2,3563.5,3562.6,3562.6,4507.0,4506.9,4506.8,6295.9,6297.7,6298.6,8772.1,8772.8,8773.3,5307.4,5307.6,5308.5,7554.1,7554.5,7551.5,6213.8,6213.5,6212.7,1886.2,1884.6,1884.3,3749.6,3749.6,3750.7,2630.4,2630.3,2630.0,2942.4,2942.1,2941.8,27.490000,27.639999,going to home base
2024-04-12T21:49:10Z,2411.8,2411.2,2411.2,2680.9,2680.6,2680.5,5775.6,5775.3,5775.8,2374.7,2374.7,2374.8,3563.5,3562.9,3562.6,4506.4,4506.7,4506.8,6296.4,6295.6,6296.5,8775.4,8774.9,8774.0,5305.3,5305.5,5306.6,7554.6,7556.1,7556.1,6212.6,6210.7,6211.8,1885.8,1884.5,1884.2,3750.0,3750.4,3751.0,2629.7,2629.6,2629.4,2941.2,2940.4,2941.3,27.480000,27.610001,going to home base
2024-04-12T21:49:15Z,2411.9,2411.7,2411.6,2679.9,2679.5,2679.7,5775.2,5775.3,5775.0,2375.1,2375.1,2375.5,3563.5,3562.3,3562.2,4507.1,4507.1,4506.5,6297.9,6298.4,6298.2,8776.3,8775.7,8776.1,5307.1,5306.4,5306.8,7554.7,7555.8,7554.3,6207.8,6207.0,6208.9,1885.8,1884.4,1884.4,3750.2,3750.0,3751.0,2631.1,2630.2,2630.6,2939.0,2938.5,2939.0,27.459999,27.680000,going to home base
2024-04-12T21:49:20Z,2412.6,2412.3,2413.0,2680.0,2680.2,2680.0,5775.7,5775.1,5775.1,2374.5,2374.5,2374.8,3562.4,3561.7,3561.8,4507.0,4507.4,4507.6,6296.7,6297.4,6298.3,8775.9,8776.1,8774.8,5306.7,5305.6,5305.4,7553.6,7552.3,7551.2,6209.4,6209.9,6211.1,1886.1,1884.9,1885.1,3749.9,3749.9,3750.3,2630.6,2630.0,2629.7,2940.8,2939.7,2941.6,27.490000,27.670000,going to home base
2024-04-12T21:49:25Z,2412.8,2412.3,2411.5,2680.0,2680.4,2680.6,5775.6,5775.1,5775.4,2374.3,2374.8,2375.4,3562.3,3562.1,3561.8,4507.3,4506.5,4507.0,6295.5,6295.0,6293.5,8773.2,8773.1,8771.8,5306.7,5305.8,5307.4,7555.1,7555.0,7554.8,6209.7,6209.2,6209.8,1886.6,1885.0,1884.9,3748.8,3748.7,3749.8,2630.5,2630.0,2630.0,2941.8,2941.0,2941.5,27.490000,27.610001,going to home base
2024-04-12T21:49:30Z,2412.6,2411.7,2411.8,2680.6,2680.5,2680.5,5774.6,5774.5,5775.1,2374.1,2374.2,2374.7,3562.3,3562.3,3562.5,4507.1,4507.2,4506.9,6297.6,6297.7,6298.1,8774.7,8775.1,8776.5,5307.0,5305.8,5307.6,7555.6,7555.0,7556.8,6210.4,6208.8,6208.6,1886.5,1885.4,1884.8,3749.7,3749.3,3750.3,2629.9,2629.2,2630.0,2941.1,2940.0,2940.6,27.450001,27.639999,going to home base
2024-04-12T21:49:35Z,2411.6,2410.9,2411.4,2680.1,2680.1,2680.8,5775.5,5774.7,5774.4,2374.3,2373.7,2374.1,3562.5,3562.1,3562.3,4506.6,4506.7,4506.6,6297.4,6296.5,6297.4,8776.4,8775.9,8776.4,5304.8,5304.9,5305.4,7556.9,7555.8,7555.7,6210.7,6209.3,6209.8,1886.3,1885.1,1884.8,3748.3,3748.6,3749.3,2629.4,2628.6,2629.3,2940.9,2940.5,2940.4,27.490000,27.629999,going to home base
2024-04-12T21:49:40Z,2411.3,2411.3,2411.3,2680.6,2680.8,2681.2,5775.9,5775.2,5775.3,2374.0,2374.2,2374.4,3561.3,3562.4,3562.4,4506.9,4506.9,4507.1,6297.0,6296.7,6297.8,8774.2,8774.6,8774.6,5304.2,5305.2,5307.0,7558.6,7554.5,7554.9,6207.1,6208.9,6210.5,1886.3,1885.1,1884.7,3748.6,3748.5,3749.4,2630.0,2629.0,2630.0,2940.1,2939.3,2939.2,27.480000,27.650000,going to home base
2024-04-12T21:49:45Z,2411.8,2411.2,2411.5,2680.5,2680.8,2681.5,5775.0,5774.7,5774.6,2374.1,2374.7,2374.9,3562.5,3561.7,3561.6,4506.8,4506.8,4506.5,6298.3,6298.0,6296.9,8776.1,8773.8,8775.1,5304.5,5304.1,5304.9,7556.3,7554.6,7556.8,6208.1,6207.6,6208.4,1886.5,1884.9,1884.5,3748.4,3748.7,3749.6,2630.5,2629.8,2629.6,2939.5,2939.0,2939.9,27.480000,27.610001,going to home base
2024-04-12T21:49:50Z,2412.1,2411.3,2411.3,2680.4,2680.2,2681.2,5776.2,5775.6,5775.5,2373.7,2374.1,2374.7,3562.3,3561.6,3561.4,4507.3,4506.9,4507.2,6294.8,6295.9,6297.5,8774.8,8776.3,8775.6,5305.8,5305.5,5306.1,7558.1,7557.6,7556.7,6208.0,6209.5,6207.5,1886.0,1884.5,1884.6,3749.1,3748.9,3749.6,2631.0,2630.0,2630.6,2940.4,2939.4,2940.6,27.490000,27.629999,going to home base
2024-04-12T21:49:55Z,2411.5,2411.0,2410.9,2680.7,2680.7,2681.0,5775.0,5774.5,5774.8,2373.7,2374.1,2374.1,3562.0,3561.8,3561.6,4507.0,4506.5,4506.7,6297.4,6296.9,6296.1,8775.7,8775.8,8776.8,5304.3,5304.2,5303.6,7554.7,7554.5,7555.6,6208.6,6208.6,6208.6,1885.7,1884.1,1884.0,3749.4,3749.2,3750.6,2631.2,2630.9,2631.0,2940.1,2939.2,2940.1,27.459999,27.629999,going to home base
2024-04-12T21:50:00Z,2411.3,2410.7,2410.7,2680.2,2679.7,2680.2,5774.5,5774.3,5774.7,2374.1,2373.7,2374.3,3563.2,3562.7,3562.5,4507.1,4506.7,4506.3,6298.4,6298.1,6299.2,8775.6,8775.2,8773.8,5304.8,5304.7,5304.8,7558.0,7555.7,7556.7,6208.5,6208.9,6208.5,1886.0,1884.9,1884.2,3749.8,3749.8,3750.8,2631.2,2630.1,2630.7,2938.4,2937.2,2938.1,27.480000,27.639999,going to home base
2024-04-12T21:50:05Z,2411.7,2410.9,2411.3,2680.5,2679.8,2680.5,5774.8,5774.3,5774.5,2374.7,2374.6,2374.7,3562.9,3562.1,3561.9,4506.3,4506.6,4506.5,6299.2,6298.8,6300.5,8777.7,8777.0,8777.2,5305.6,5306.2,5306.6,7555.9,7556.7,7557.9,6208.0,6207.7,6206.9,1886.1,1884.8,1884.3,3747.7,3747.3,3748.9,2631.2,2630.2,2630.7,2939.5,2939.6,2940.0,27.490000,27.629999,going to home base
2024-04-12T21:50:10Z,2411.8,2410.8,2411.3,2680.0,2679.8,2679.9,5774.8,5774.4,5774.4,2374.8,2375.0,2374.5,3562.9,3563.1,3562.5,4506.1,4505.6,4505.8,6299.0,6299.0,6299.3,8776.0,8777.1,8775.5,5305.6,5305.9,5306.6,7556.6,7555.2,7554.7,6207.6,6207.9,6207.7,1886.6,1884.8,1884.7,3748.7,3748.5,3750.1,2630.0,2629.0,2629.2,2940.3,2940.7,2940.6,27.480000,27.610001,going to home base
2024-04-12T21:50:15Z,2411.8,2411.3,2411.3,2680.2,2679.2,2680.5,5774.4,5773.7,5774.1,2373.9,2374.2,2374.6,3563.4,3562.5,3562.4,4506.6,4506.4,4506.4,6297.9,6298.3,6298.7,8773.4,8773.9,8773.9,5304.0,5305.0,5306.3,7553.4,7552.2,7553.2,6207.7,6206.9,6206.9,1885.3,1883.9,1884.0,3749.1,3749.0,3749.7,2630.9,2630.0,2630.3,2941.3,2940.8,2941.3,27.480000,27.639999,going to home base
2024-04-12T21:50:20Z,2411.7,2411.2,2411.1,2679.6,2679.3,2679.8,5773.9,5774.1,5773.9,2374.7,2375.0,2375.4,3562.8,3562.5,3562.4,4505.8,4505.7,4506.2,6297.4,6296.7,6297.1,8777.6,8776.7,8777.7,5305.5,5305.9,5306.3,7552.9,7552.4,7551.2,6211.4,6210.4,6209.6,1885.5,1884.2,1884.2,3749.2,3749.1,3749.8,2631.0,2630.0,2630.4,2941.8,2940.8,2941.4,27.490000,27.629999,going to home base
2024-04-12T21:50:30Z,2411.6,2411.0,2411.4,2679.6,2679.6,2679.8,5774.6,5773.8,5774.2,2374.7,2374.5,2374.9,3561.7,3561.8,3561.8,4505.9,4506.1,4506.0,6298.7,6299.1,6300.7,8777.0,8774.8,8774.5,5305.7,5304.5,5305.7,7553.9,7552.0,7551.6,62start,27314.5,27312.3,2680.2,2680.3,5773.6,5773.2,5773.5,2374.5,2375.5,2375.2,3812.3,3811.9,89217.6,89209.7,14570.9,3562.3,going to home base
2024-04-12T21:50:40Z,2411.9,2411.4,2411.6,2679.5,2679.2,2679.8,5774.2,5773.7,5773.8,2374.3,2374.2,2374.7,3562.4,3561.8,3561.8,4506.0,4505.5,4505.6,6298.8,6296.9,6297.2,8774.2,8773.1,8774.3,5305.5,5304.2,5305.6,7556.0,7555.8,7555.9,6208.4,6210.9,6209.6,1885.1,1883.8,1883.7,3748.4,3748.3,3749.6,2630.0,2629.2,2629.1,2938.7,2938.9,2939.8,27.480000,27.600000,going to home base
2024-04-12T21:50:45Z,2411.3,2410.5,2410.8,2679.9,2679.7,2679.7,5773.1,5772.6,5772.9,2373.9,2374.4,2374.0,3561.7,3561.2,3561.0,4505.4,4505.2,4505.4,6297.7,6297.5,6299.0,8774.1,8772.7,8774.7,5306.7,5305.6,5307.1,7554.8,7554.0,7554.9,6210.6,6211.0,6210.7,1885.9,1884.4,1884.5,3749.0,3748.7,3749.4,2630.6,2629.8,2630.3,2940.9,2940.2,2940.4,27.490000,27.639999,going to home base
2024-04-12T21:50:50Z,2412.0,2411.1,2411.1,2679.0,2678.8,2679.7,5773.8,5773.4,5773.8,2374.0,2374.0,2374.5,3562.6,3561.9,3561.8,4505.2,4504.7,4505.6,6300.3,6298.6,6298.3,8773.9,8772.9,8773.5,5306.0,5305.5,5307.1,7554.1,7551.7,7550.7,6208.3,6207.8,6209.8,1885.6,1884.4,1884.5,3748.3,3748.0,3749.5,2630.2,2630.4,2630.2,2940.1,2939.0,2939.7,27.459999,27.610001,going to home base
2024-04-12T21:50:55Z,2412.2,2411.4,2411.4,2680.0,2679.9,2679.9,5774.6,5773.7,5774.2,2374.6,2374.3,2374.7,3561.3,3561.5,3561.3,4505.4,4505.7,4505.5,6293.3,6296.5,6296.8,8771.8,8772.6,8775.2,5305.5,5305.0,5306.0,7554.5,7553.4,7554.4,6210.7,6208.7,6210.7,1886.0,1884.3,1884.4,3749.4,3748.9,3749.9,2630.3,2630.0,2630.4,2939.4,2938.4,2939.0,27.480000,27.600000,going to home base
2024-04-12T21:51:00Z,2411.7,2411.0,2410.9,2679.6,2679.6,2680.0,5773.2,5773.2,5773.1,2375.4,2375.3,2376.1,3561.6,3561.4,3561.3,4505.5,4505.2,4505.2,6295.8,6296.4,6296.8,8771.8,8771.6,8771.4,5304.6,5305.4,5305.7,7552.6,7552.5,7551.5,6209.0,6209.1,6209.2,1885.5,1884.5,1884.0,3748.2,3748.3,3749.3,2630.6,2629.5,2629.6,2940.3,2940.5,2940.3,27.480000,27.629999,going to home base
2024-04-12T21:51:05Z,2411.0,2410.6,2410.7,2680.2,2680.0,2679.8,5774.3,5773.4,5773.8,2374.4,2374.4,2374.4,3560.4,3560.3,3559.7,4504.7,4504.7,4505.1,6297.8,6297.2,6297.7,8771.6,8771.1,8771.3,5303.9,5304.1,5304.8,7550.6,7549.6,7549.3,6210.1,6206.0,6206.6,1885.7,1884.4,1884.0,3747.8,3748.2,3749.0,2630.9,2629.1,2630.2,2940.3,2939.7,2940.0,27.480000,27.610001,going to home base
2024-04-12T21:51:10Z,2411.7,2410.9,2411.5,2679.8,2679.3,2680.1,5773.8,5772.5,5773.5,2374.5,2374.3,2374.1,3560.6,3559.7,3560.0,4504.7,4504.6,4505.5,6297.4,6295.7,6297.1,8772.4,8772.0,8772.5,5305.4,5306.3,5306.1,7554.5,7551.9,7553.4,6209.2,6209.3,6209.9,1885.2,1883.8,1883.8,3747.7,3747.9,3748.7,2630.3,2630.0,2629.8,2940.0,2939.5,2940.0,27.480000,27.639999,going to home base
2024-04-12T21:51:15Z,2411.2,2410.7,2410.9,2680.1,2679.6,2680.6,5773.4,5773.6,5773.1,2374.4,2374.1,2374.7,3560.7,3560.3,3559.9,4504.8,4504.8,4505.1,6298.2,6296.3,6296.6,8768.3,8769.0,8770.9,5303.1,5303.0,5304.8,7550.2,7548.5,7550.6,6210.4,6209.3,6211.0,1885.6,1883.9,1884.1,3749.0,3748.8,3749.1,2630.4,2629.4,2629.5,2939.2,2938.9,2939.2,27.480000,27.610001,going to home base
2024-04-12T21:51:20Z,2411.9,2411.4,2411.3,2679.7,2679.1,2680.1,5773.5,5773.2,5773.0,2373.9,2374.4,2374.6,3560.6,3560.9,3560.8,4504.2,4504.3,4504.6,6296.8,6297.1,6297.0,8773.2,8771.4,8771.3,5305.4,5307.0,5304.9,7553.1,7553.5,7551.6,6211.6,6211.4,6211.3,1885.6,1884.2,1884.2,3748.1,3748.3,3749.4,2629.9,2629.8,2630.1,2939.0,2938.4,2938.5,27.480000,27.639999,going to home base
2024-04-12T21:51:25Z,2411.8,2411.0,2411.1,2679.3,2679.2,2679.9,5773.4,5772.9,5773.0,2373.9,2374.1,2374.3,3560.0,3559.4,3559.4,4505.1,4505.0,4505.2,6298.6,6297.2,6298.7,8771.0,8772.8,8771.5,5306.6,5306.2,5306.6,7551.6,7550.5,7549.7,6210.3,6210.5,6209.4,1885.3,1883.7,1883.9,3747.6,3747.8,3748.1,2631.0,2630.1,2629.5,2940.2,2939.4,2939.2,27.490000,27.629999,going to home base
2024-04-12T21:51:30Z,2411.9,2411.2,2411.4,2679.4,2679.1,2679.8,5774.2,5773.6,5773.5,2373.9,2374.3,2374.8,3560.7,3560.9,3560.3,4504.5,4504.2,4504.6,6296.2,6297.8,6297.2,8769.6,8769.4,8771.0,5306.7,5305.9,5306.3,7553.5,7553.4,7553.9,6205.4,6205.9,6208.1,1885.9,1884.6,1884.2,3747.9,3747.7,3749.0,2629.7,2628.7,2629.1,2939.0,2937.9,2939.1,27.490000,27.610001,going to home base
2024-04-12T21:51:35Z,2411.3,2411.0,2411.3,2680.1,2680.0,2680.3,5772.9,5772.6,5772.9,2374.0,2373.9,2374.4,3560.0,3560.1,3560.2,4504.4,4504.9,4504.9,6297.5,6298.6,6298.3,8769.1,8768.0,8769.0,5304.6,5305.4,5306.0,7555.6,7553.0,7554.7,6204.5,6204.7,6206.0,1885.7,1884.5,1884.1,3748.3,3747.8,3748.8,2629.6,2628.9,2629.1,2940.6,2940.0,2940.2,27.480000,27.580000,going to home base
2024-04-12T21:51:40Z,2411.1,2410.8,2410.9,2679.8,2679.5,2679.9,5773.3,5772.6,5773.0,2374.2,2374.1,2374.2,3561.6,3560.4,3560.9,4504.7,4504.4,4504.2,6297.0,6297.5,6298.1,8768.9,8769.3,8770.4,5304.4,5304.8,5307.3,7553.6,7553.4,7552.1,6207.4,6205.7,6206.6,1885.0,1884.2,1883.7,3748.1,3748.4,3749.2,2629.4,2628.5,2628.6,2939.7,2939.1,2940.0,27.480000,27.650000,going to home base
2024-04-12T21:51:45Z,2411.2,2410.8,2410.8,2680.0,2679.3,2679.5,5772.5,5772.5,5772.7,2374.2,2374.0,2374.0,3561.9,3560.5,3560.4,4504.4,4504.1,4504.4,6298.5,6298.8,6298.6,8769.8,8771.9,8772.1,5306.5,5306.1,5306.5,7553.2,7552.1,7551.7,6209.1,6210.1,6209.5,1885.4,1883.5,1883.9,3747.6,3747.7,3749.0,2629.2,2628.3,2628.3,2939.7,2938.9,2939.7,27.459999,27.570000,going to home base
2024-04-12T21:51:50Z,2411.4,2410.7,2411.4,2680.2,2680.1,2680.4,5773.9,5772.7,5773.1,2373.5,2373.8,2373.7,3560.8,3560.6,3560.1,4504.6,4504.2,4504.6,6294.5,6294.4,6295.8,8770.0,8769.9,8770.7,5304.7,5303.8,5304.9,7551.9,7550.9,7550.1,6209.3,6209.0,6208.0,1885.1,1883.6,1883.6,3746.9,3747.3,3747.9,2629.8,2628.7,2629.1,2938.8,2938.0,2939.2,27.480000,27.629999,going to home base
2024-04-12T21:51:55Z,2411.7,2411.1,2411.0,2679.5,2679.1,2679.2,5772.9,5772.5,5772.8,2373.8,2373.4,2373.8,3561.5,3560.3,3559.9,4504.6,4504.3,4504.3,6294.6,6295.2,6296.4,8767.8,8768.1,8767.6,5304.5,5304.4,5306.9,7551.5,7549.1,7548.4,6208.6,6209.4,6209.7,1885.0,1884.1,1883.9,3747.7,3747.5,3747.8,2629.5,2629.4,2629.3,2937.0,2936.8,2936.2,27.450001,27.650000,going to home base
2024-04-12T21:52:00Z,2411.5,2410.7,2411.4,2679.8,2679.6,2679.4,5772.9,5772.8,5772.4,2373.5,2374.0,2373.4,3562.1,3561.4,3561.6,4503.8,4503.8,4503.8,6294.3,6295.4,6294.7,8770.5,8772.7,8772.1,5305.6,5304.6,5306.1,7551.5,7552.3,7550.2,6207.9,6208.2,6207.3,1885.2,1884.0,1883.7,3746.9,3746.8,3748.1,2629.8,2628.9,2629.3,2938.4,2937.6,2938.1,27.490000,27.629999,going to home base
2024-04-12T21:52:05Z,2411.9,2411.0,2411.4,2679.6,2679.2,2679.3,5773.1,5772.5,5772.6,2374.1,2373.9,2374.3,3561.8,3561.1,3561.5,4504.3,4503.7,4504.3,6296.7,6297.3,6298.3,8768.3,8768.9,8769.1,5304.9,5304.3,5305.6,7548.5,7546.9,7547.7,6210.2,6211.1,6210.6,1885.4,1884.0,1884.1,3747.1,3747.3,3747.4,2629.5,2629.0,2628.4,2938.3,2937.8,2938.3,27.480000,27.600000,going to home base
2024-04-12T21:52:10Z,2411.2,2409.9,2410.4,2679.5,2679.4,2679.9,5773.4,5772.9,5772.8,2374.0,2374.1,2374.3,3562.3,3562.2,3561.8,4504.5,4504.5,4504.0,6298.4,6299.3,6299.5,8769.6,8767.6,8768.3,5304.5,5304.1,5305.6,7548.7,7547.8,7548.2,6205.8,6205.0,6206.6,1885.3,1884.0,1883.8,3746.4,3746.2,3747.1,2629.1,2628.7,2628.8,2937.7,2937.2,2937.6,27.490000,27.610001,going to home base
2024-04-12T21:52:15Z,2411.3,2410.8,2410.7,2679.0,2679.7,2679.9,5772.9,5772.5,5772.6,2374.2,2373.8,2374.1,3560.5,3560.5,3561.0,4504.0,4503.5,4504.2,6298.6,6298.6,6297.5,8771.2,8770.2,8770.0,5305.5,5304.5,5304.6,7549.5,7549.4,7550.3,6205.8,6205.8,6205.4,1885.5,1883.9,1883.9,3747.4,3747.2,3747.5,2628.7,2627.7,2627.4,2937.9,2938.1,2938.0,27.459999,27.610001,going to home base
2024-04-12T21:52:20Z,2410.9,2410.7,2410.9,2679.2,2679.4,2679.4,5772.2,5771.9,5772.6,2374.0,2373.8,2373.8,3561.3,3560.8,3561.1,4503.5,4503.5,4503.5,6299.5,6297.7,6297.9,8771.6,8770.6,8771.0,5304.7,5304.1,5304.8,7549.4,7550.3,7548.4,6209.7,6208.3,6210.7,1884.9,1883.6,1883.5,3746.6,3747.0,3747.7,2629.0,2627.7,2627.8,2938.7,2938.4,2938.3,27.480000,27.639999,going to home base
2024-04-12T21:52:25Z,2410.9,2410.2,2411.5,2679.5,2679.4,2679.1,5772.6,5771.3,5771.9,2373.8,2373.8,2373.9,3560.5,3560.5,3560.5,4503.5,4503.9,4504.1,6296.1,6296.8,6298.1,8771.6,8771.5,8770.8,5304.4,5303.6,5305.3,7548.9,7548.8,7548.5,6210.7,6210.9,6211.2,1885.4,1884.3,1884.2,3746.5,3745.9,3747.6,2629.6,2629.1,2628.9,2937.7,2937.4,2937.5,27.459999,27.629999,going to home base
2024-04-12T21:52:40Z,2411.2,2410.7,2411.1,2678.9,2678.6,2679.1,5772.0,5771.7,5771.8,2374.2,2374.5,2374.5,3560.9,3560.2,3560.7,4504.0,4503.4,4503.7,6295.8,6296.0,6296.1,8767.3,8767.9,8769.0,5305.2,5304.5,5305.4,7549.3,7549.4,7549.7,6208.2,6209.1,6207.9,1884.7,1883.5,1883.4,3746.5,3746.1,3747.4,2629.8,2629.2,2628.5,2938.0,2936.4,2937.8,27.480000,27.610001,going to home base
2024-04-12T21:52:45Z,2411.5,2410.8,2410.8,2679.2,2679.1,2679.7,5772.0,5771.6,5771.6,2374.7,2374.6,2375.0,3560.2,3560.4,3560.0,4503.1,4502.9,4502.9,6294.9,6294.5,6293.4,8767.6,8768.3,8766.9,5305.9,5305.2,5306.2,7550.1,7549.9,7549.8,6208.7,6208.3,6207.9,1885.1,1883.9,1883.7,3746.3,3746.4,3747.1,2630.0,2628.6,2629.1,2938.6,2938.1,2939.3,27.459999,27.600000,going to home base
2024-04-12T21:52:50Z,2410.9,2409.9,2410.2,2679.2,2679.5,2679.4,5772.2,5771.9,5771.8,2374.6,2374.5,2375.8,3560.1,3560.4,3559.9,4503.4,4503.5,4503.0,6296.0,6295.0,6294.6,8768.5,8767.3,8768.7,5305.2,5305.1,5304.5,7548.1,7546.8,7546.9,6208.2,6208.5,6208.2,1885.1,1883.9,1884.0,3747.5,3747.3,3748.1,2629.7,2628.3,2627.8,2940.1,2939.1,2939.0,27.459999,27.629999,going to home base
2024-04-12T21:52:55Z,2411.3,2410.5,2410.3,2679.4,2679.8,2679.9,5771.5,5771.4,5771.6,2374.7,2374.5,2374.8,3559.6,3559.4,3559.6,4504.2,4503.5,4504.0,6292.0,6293.0,6294.1,8769.8,8768.0,8769.0,5303.0,5302.4,5303.0,7548.3,7547.5,7549.0,6211.1,6209.9,6211.4,1885.0,1883.7,1883.5,3745.5,3745.4,3746.3,2629.8,2628.6,2628.4,2939.6,2938.5,2939.4,27.450001,27.639999,going to home base
2024-04-12T21:53:00Z,2410.3,2409.4,2409.9,2679.3,2679.3,2679.8,5771.6,5771.0,5771.3,2374.1,2374.7,2375.0,3559.9,3559.9,3560.2,4502.9,4502.9,4502.9,6296.4,6295.8,6296.5,8770.5,8768.7,8768.8,5303.3,5302.8,5303.4,7549.5,7548.0,7548.5,6207.2,6207.4,6208.9,1884.6,1883.6,1883.4,3745.4,3745.0,3746.2,2628.7,2628.3,2627.8,2938.7,2938.5,2938.4,27.440001,27.610001,going to home base
2024-04-12T21:53:05Z,2411.2,2410.5,2411.2,2679.0,2678.7,2679.8,5771.1,5770.7,5770.8,2374.4,2374.3,2374.8,3560.6,3559.7,3559.6,4503.3,4502.6,4502.8,6295.5,6296.1,6297.4,8768.2,8767.8,8770.1,5301.9,5302.3,5303.7,7548.1,7548.2,7547.9,6205.6,6205.5,6205.5,1885.2,1883.8,1883.9,3745.6,3745.8,3746.9,2629.0,2628.3,2627.9,2939.3,2938.7,2939.2,27.459999,27.610001,going to home base
2024-04-12T21:53:10Z,2411.2,2410.1,2410.7,2678.6,2678.3,2679.2,5771.1,5770.8,5770.5,2375.1,2374.7,2375.1,3560.0,3559.6,3559.6,4502.4,4502.1,4502.1,6294.2,6294.7,6294.7,8769.6,8767.5,8769.3,5302.9,5304.0,5304.0,7549.9,7548.5,7547.9,6207.4,6206.6,6209.4,1884.9,1883.6,1883.7,3745.1,3745.1,3745.9,2628.8,2628.4,2627.9,2939.1,2939.1,2939.4,27.490000,27.639999,going to home base
2024-04-12T21:53:15Z,2411.0,2410.7,2411.1,2679.5,2679.0,2679.0,5771.3,5771.0,5771.1,2375.3,2375.2,2375.5,3560.5,3560.0,3559.7,4502.8,4502.2,4502.5,6294.3,6292.3,6292.7,8766.7,8767.7,8767.6,5303.3,5303.5,5303.3,7546.7,7546.9,7547.4,6207.8,6208.5,6210.2,1885.5,1883.5,1883.8,3745.1,3745.5,3746.5,2628.7,2628.0,2628.6,2936.2,2935.0,2935.1,27.459999,27.629999,going to home base
2024-04-12T21:53:20Z,2410.6,2410.2,2410.3,2678.8,2679.0,2679.5,5771.9,5771.3,5771.1,2373.6,2373.6,2373.8,3560.2,3559.7,3559.3,4502.3,4502.6,4502.7,6293.4,6294.1,6296.7,8768.6,8767.6,8767.5,5302.8,5301.7,5302.9,7549.1,7548.7,7548.7,6206.4,6205.7,6207.1,1885.2,1883.7,1884.0,3745.7,3745.5,3746.3,2629.1,2628.5,2628.0,2939.3,2938.8,2938.5,27.480000,27.650000,going to home base
2024-04-12T21:53:25Z,2411.2,2410.6,2410.6,2678.7,2678.5,2679.0,5771.2,5771.2,5771.0,2374.4,2374.3,2374.9,3559.9,3559.9,3559.6,4502.5,4502.4,4502.5,6296.4,6294.7,6295.7,8766.0,8766.1,8767.3,5302.2,5302.0,5303.1,7544.5,7544.6,7546.8,6207.8,6206.2,6208.5,1884.9,1883.6,1883.4,3745.2,3745.3,3746.0,2628.4,2627.4,2627.4,2940.5,2940.3,2941.5,27.480000,27.680000,going to home base
2024-04-12T21:53:30Z,2410.6,2409.6,2410.4,2679.3,2679.2,2678.8,5771.3,5771.2,5771.2,2373.6,2373.7,2374.9,3559.8,3559.6,3559.6,4502.8,4502.7,4503.0,6294.7,6292.9,6293.2,8764.9,8766.5,8765.8,5302.6,5303.0,5304.1,7547.8,7546.5,7545.3,6204.0,6203.9,6205.9,1885.0,1883.7,1883.4,3745.3,3745.1,3746.5,2629.3,2628.3,2628.5,2941.7,2941.8,2941.6,27.480000,27.610001,going to home base
2024-04-12T21:53:35Z,2411.3,2410.7,2411.0,2679.2,2678.7,2679.3,5771.3,5771.0,5771.2,2374.0,2374.1,2373.8,3560.1,3559.6,3558.8,4503.0,4502.8,4502.3,6296.1,6294.4,6295.7,8765.6,8766.3,8765.2,5303.8,5304.7,5304.1,7545.9,7545.8,7544.2,6205.9,6205.3,6207.2,1885.1,1883.6,1883.4,3745.4,3745.0,3746.0,2628.0,2627.5,2627.7,2938.9,2938.3,2938.3,27.459999,27.639999,going to home base
2024-04-12T21:53:40Z,2410.9,2410.2,2410.3,2678.8,2678.6,2678.6,5771.3,5770.6,5770.7,2373.8,2373.9,2374.1,3559.5,3559.4,3558.7,4502.6,4502.3,4502.3,6294.3,6294.8,6295.2,8768.2,8767.2,8766.5,5301.9,5301.7,5302.4,7546.3,7543.7,7545.4,6204.7,6204.4,6206.2,1884.6,1883.1,1882.9,3745.2,3745.2,3745.5,2628.7,2627.5,2627.3,2940.5,2939.6,2939.6,27.450001,27.639999,going to home base
2024-04-12T21:53:45Z,2410.5,2409.8,2410.6,2678.3,2677.8,2678.1,5770.8,5770.5,5770.4,2374.2,2374.7,2374.7,3561.0,3560.1,3558.9,4502.5,4502.5,4502.7,6293.4,6294.5,6295.1,8768.3,8766.7,8767.8,5301.9,5301.6,5302.7,7546.2,7547.5,7547.1,6205.0,6205.2,6205.9,1884.8,1883.4,1883.2,3745.0,3744.7,3745.8,2628.6,2627.6,2627.5,2938.3,2937.5,2938.0,27.459999,27.639999,going to home base
2024-04-12T21:53:50Z,2410.3,2409.8,2410.3,2678.4,2678.4,2678.5,5771.3,5770.9,5771.0,2373.8,2373.7,2374.3,3559.9,3559.3,3559.1,4502.5,4502.1,4502.0,6296.2,6295.2,6295.5,8766.4,8765.9,8767.4,5302.2,5300.7,5302.5,7547.5,7547.1,7546.8,6205.7,6203.7,6205.3,1884.8,1883.4,1883.3,3744.5,3744.7,3745.6,2627.6,2627.0,2627.1,2937.7,2937.9,2939.1,27.459999,27.690001,going to home base
2024-04-12T21:53:55Z,2410.8,2409.8,2410.5,2678.2,2678.2,2678.9,5770.8,5770.9,5770.7,2372.8,2372.6,2373.4,3559.3,3559.4,3559.1,4502.3,4501.4,4502.2,6296.2,6295.9,6295.5,8768.6,8767.1,8767.8,5301.9,5301.9,5302.2,7544.5,7545.5,7545.1,6205.4,6205.4,6205.8,1884.9,1883.4,1883.6,3744.0,3744.4,3745.5,2628.5,2627.2,2627.7,2938.1,2938.1,2938.0,27.450001,27.629999,going to home base
2024-04-12T21:54:00Z,2411.2,2410.5,2410.4,2677.9,2678.3,2678.7,5770.7,5770.5,5770.6,2373.3,2373.3,2373.2,3559.9,3559.0,3559.5,4502.4,4502.4,4502.4,6294.0,6293.3,6292.2,8767.1,8766.8,8766.6,5302.6,5303.0,5302.8,7545.6,7545.5,7545.4,6206.8,6204.7,6205.3,1884.8,1883.7,1883.5,3744.7,3744.8,3746.0,2627.6,2626.7,2627.0,2937.6,2937.8,2937.5,27.459999,27.629999,going to home base
2024-04-12T21:54:05Z,2411.1,2411.0,2410.6,2678.0,2677.6,2678.5,5770.4,5770.3,5769.8,2373.7,2373.3,2374.0,3560.2,3559.7,3560.2,4502.2,4501.8,4501.5,6293.7,6293.6,6292.4,8766.8,8766.0,8766.5,5303.9,5302.2,5303.2,7546.5,7546.5,7545.6,6205.5,6204.8,6206.2,1885.1,1883.7,1883.7,3744.8,3745.0,3745.5,2627.7,2626.9,2627.3,2937.8,2937.0,2938.0,27.480000,27.629999,going to home base
2024-04-12T21:54:10Z,2410.5,2409.9,2409.9,2678.4,2678.3,2679.0,5770.7,5770.2,5770.2,2372.9,2372.6,2373.6,3560.1,3559.5,3559.5,4501.7,4502.1,4501.8,6294.6,6294.1,6295.4,8767.3,8767.0,8767.8,5301.0,5301.3,5301.7,7546.3,7545.4,7545.2,6205.7,6205.2,6204.7,1885.0,1883.8,1883.5,3744.5,3744.4,3745.5,2627.2,2626.6,2626.7,2938.4,2937.3,2937.0,27.459999,27.629999,going to home base
2024-04-12T21:54:15Z,2410.5,2410.0,2409.9,2678.5,2678.0,2678.4,5770.5,5770.2,5770.1,2373.4,2373.8,2374.0,3559.9,3559.2,3558.8,4502.0,4501.9,4501.4,6294.4,6294.8,6295.2,8766.2,8765.8,8765.4,5302.6,5302.4,5303.7,7546.3,7546.9,7545.8,6203.9,6205.4,6205.1,1885.4,1883.8,1884.2,3745.3,3745.0,3746.5,2628.0,2627.3,2627.4,2938.5,2938.0,2938.4,27.459999,27.600000,going to home base
2024-04-12T21:54:20Z,2410.7,2410.3,2410.3,2678.3,2677.9,2678.3,5770.7,5769.6,5770.2,2373.9,2373.9,2373.6,3559.9,3559.5,3559.4,4502.1,4501.5,4501.4,6292.9,6294.0,6293.9,8768.1,8766.7,8766.7,5303.0,5302.4,5303.6,7545.6,7545.1,7545.6,6202.1,6202.5,6205.3,1884.9,1883.2,1883.2,3745.0,3745.6,3746.0,2627.0,2626.5,2626.2,2938.6,2937.4,2937.5,27.490000,27.670000,going to home base
2024-04-12T21:54:25Z,2410.4,2410.0,2409.9,2679.3,2679.4,2680.0,5770.9,5770.3,5770.8,2373.8,2373.6,2373.9,3559.2,3559.1,3559.3,4502.1,4501.7,4502.1,6294.2,6291.6,6293.4,8767.2,8765.8,8767.2,5301.6,5301.7,5302.7,7546.5,7547.1,7545.3,6206.1,6207.1,6208.0,1884.6,1883.4,1883.4,3745.1,3744.6,3745.5,2627.0,2626.3,2626.3,2937.8,2936.1,2937.4,27.480000,27.680000,going to home base
2024-04-12T21:54:30Z,2410.8,2410.1,2410.2,2679.9,2679.8,2680.0,5770.7,5770.2,5770.3,2373.4,2373.6,2373.4,3560.9,3560.7,3560.4,4502.2,4502.6,4502.2,6293.5,6294.8,6296.0,8767.7,8767.3,8765.7,5301.9,5301.8,5302.8,7547.9,7545.3,7546.9,6204.5,6202.5,6203.9,1884.7,1883.0,1883.2,3744.8,3745.3,3745.5,2627.5,2626.9,2626.8,2938.8,2937.8,2938.7,27.480000,27.670000,going to home base
2024-04-12T21:54:40Z,2410.5,2409.9,2410.2,2678.6,2678.6,2678.8,5770.9,5770.5,5770.9,2373.2,2373.4,2373.2,3559.2,3558.6,3558.3,4502.0,4501.7,4501.8,6291.1,6292.5,6293.0,8765.9,8767.0,8767.4,5302.3,5301.2,5301.8,7544.7,7543.6,7544.3,6207.2,6207.1,6205.8,1884.1,1882.6,1882.5,3744.8,3744.6,3745.5,2628.0,2627.2,2627.3,2936.8,2937.2,2938.2,27.459999,27.650000,going to home base
2024-04-12T21:54:45Z,2410.8,2410.5,2410.6,2678.5,2677.7,2678.5,5770.7,5770.2,5770.0,2372.7,2373.0,2373.8,3559.0,3558.3,3558.8,4501.6,4501.7,4501.7,6295.1,6294.2,6294.1,8768.1,8764.9,8766.1,5302.0,5301.6,5303.0,7548.2,7547.1,7547.6,6204.2,6204.9,6204.5,1883.8,1882.9,1882.6,3744.1,3744.2,3745.7,2627.8,2627.1,2627.2,2936.6,2936.8,2936.9,27.480000,27.629999,going to home base
2024-04-12T21:54:50Z,2411.1,2410.6,2410.9,2678.4,2677.9,2678.3,5771.2,5770.3,5770.8,2373.9,2373.5,2373.7,3559.5,3559.2,3559.2,4501.3,4501.6,4501.5,6292.8,6292.7,6294.3,8766.7,8764.6,8765.1,5300.7,5300.9,5302.9,7544.7,7545.5,7544.0,6200.8,6200.9,6202.4,1884.1,1882.9,1882.5,3745.8,3745.5,3745.9,2627.9,2627.4,2627.1,2937.5,2937.6,2937.7,27.490000,27.680000,going to home base
2024-04-12T21:54:55Z,2410.9,2410.5,2410.7,2678.3,2678.6,2678.7,5771.1,5770.4,5770.9,2374.0,2373.9,2374.1,3559.6,3559.4,3559.5,4502.1,4501.9,4501.5,6289.3,6289.5,6291.0,8763.7,8764.6,8763.3,5300.8,5301.3,5301.9,7546.1,7546.4,7547.0,6203.0,6205.4,6204.5,1884.7,1883.5,1883.4,3744.8,3744.8,3745.8,2627.4,2626.5,2626.7,2936.5,2935.1,2936.2,27.459999,27.670000,going to home base
2024-04-12T21:55:00Z,2409.9,2409.7,2409.5,2679.0,2679.2,2679.2,5771.4,5770.8,5771.2,2373.0,2373.1,2373.9,3559.7,3559.4,3559.3,4501.9,4501.8,4502.0,6291.6,6291.9,6291.1,8765.3,8766.3,8765.8,5303.4,5301.7,5302.3,7546.0,7543.5,7545.6,6204.6,6206.3,6207.3,1884.4,1883.1,1882.7,3745.8,3745.5,3746.8,2627.2,2626.2,2626.1,2936.2,2936.2,2936.4,27.459999,27.650000,going to home base
2024-04-12T21:55:05Z,2410.3,2408.9,2409.7,2678.7,2678.4,2678.4,5771.1,5770.7,5771.1,2373.5,2373.0,2373.8,3559.7,3558.8,3558.8,4501.6,4501.6,4502.0,6292.1,6292.1,6291.1,8765.8,8765.1,8765.0,5301.8,5300.9,5303.2,7547.0,7543.3,7543.9,6206.9,6206.7,6206.4,1884.4,1882.9,1882.9,3745.5,3745.6,3746.7,2628.5,2627.9,2627.9,2937.1,2936.3,2936.4,27.459999,27.719999,going to home base
2024-04-12T21:55:10Z,2410.9,2409.8,2410.6,2678.4,2678.2,2678.7,5770.1,5770.0,5770.5,2372.6,2372.6,2372.9,3560.0,3559.7,3559.6,4501.4,4501.4,4501.5,6293.9,6293.6,6293.3,8765.7,8764.9,8764.7,5301.7,5302.1,5301.8,7549.3,7546.7,7546.4,6206.6,6205.8,6207.0,1884.5,1882.8,1882.9,3745.6,3746.0,3746.5,2627.1,2626.5,2626.9,2935.8,2935.4,2936.1,27.440001,27.650000,going to home base
2024-04-12T21:55:15Z,2410.6,2410.6,2410.5,2678.9,2678.8,2679.7,5770.5,5770.4,5770.5,2373.2,2373.6,2373.4,3559.9,3559.5,3559.4,4501.4,4501.6,4500.9,6293.7,6292.8,6293.2,8765.0,8764.3,8764.7,5302.2,5301.9,5302.2,7546.8,7545.1,7545.6,6204.1,6203.5,6203.7,1884.7,1883.0,1882.6,3744.8,3745.0,3746.0,2628.1,2627.7,2627.5,2936.1,2935.2,2935.8,27.450001,27.690001,going to home base
2024-04-12T21:55:20Z,2410.7,2409.4,2409.7,2678.7,2678.6,2678.4,5770.6,5770.2,5770.1,2373.8,2373.2,2373.9,3559.3,3558.9,3559.7,4501.9,4501.6,4501.4,6291.4,6291.0,6291.7,8765.4,8764.3,8764.4,5303.0,5301.6,5303.6,7545.8,7545.3,7546.1,6205.5,6204.0,6204.3,1884.8,1883.0,1882.9,3746.0,3745.6,3746.6,2627.9,2626.7,2627.0,2936.0,2935.2,2934.2,27.450001,27.660000,going to home base
2024-04-12T21:55:25Z,2411.1,2410.0,2410.2,2678.1,2678.2,2678.3,5771.1,5770.7,5770.6,2373.0,2373.0,2373.5,3559.5,3560.6,3559.6,4501.8,4500.9,4501.4,6291.7,6292.0,6294.3,8764.7,8763.3,8763.9,5303.0,5302.9,5303.3,7547.5,7545.7,7545.6,6205.0,6205.7,6204.5,1884.3,1883.1,1883.1,3745.5,3745.3,3745.9,2628.0,2626.7,2627.3,2935.3,2934.4,2934.8,27.459999,27.670000,going to home base
2024-04-12T21:55:30Z,2410.3,2410.1,2410.0,2678.6,2678.5,2678.8,5770.4,5770.0,5770.2,2373.5,2373.3,2374.0,3559.5,3558.8,3559.1,4501.1,4501.3,4501.3,6292.7,6293.2,6293.4,8763.7,8764.1,8764.7,5302.3,5302.6,5303.1,7547.0,7543.1,7546.2,6206.2,6206.8,6207.7,1884.2,1883.0,1882.7,3745.5,3745.4,3746.2,2627.8,2627.1,2626.9,2934.9,2934.6,2935.0,27.450001,27.650000,going to home base
2024-04-12T21:55:35Z,2410.8,2410.2,2410.2,2679.0,2678.3,2679.1,5770.2,5769.8,5769.4,2373.2,2373.4,2373.9,3559.7,3560.0,3559.4,4501.2,4501.4,4500.6,6293.8,6295.0,6295.0,8767.9,8767.5,8765.0,5302.6,5302.9,5303.9,7547.7,7546.1,7545.9,6203.5,6203.0,6200.7,1884.6,1883.0,1883.2,3745.8,3745.2,3746.3,2627.3,2626.6,2626.9,2936.0,2935.6,2935.9,27.480000,27.650000,going to home base
2024-04-12T21:55:40Z,2409.9,2409.9,2409.7,2678.6,2678.1,2679.5,5770.4,5770.3,5770.5,2373.6,2373.3,2373.6,3560.4,3559.5,3559.4,4501.0,4500.8,4501.0,6292.9,6293.2,6292.7,8765.9,8767.4,8766.0,5301.3,5301.7,5302.1,7543.7,7543.2,7543.6,6206.6,6206.0,6206.0,1884.0,1882.4,1882.2,3745.0,3744.8,3745.5,2627.0,2626.2,2626.2,2936.3,2935.3,2935.5,27.440001,27.650000,going to home base
2024-04-12T21:55:45Z,2410.5,2409.6,2410.0,2678.4,2678.6,2678.8,5771.0,5770.8,5770.4,2372.0,2372.0,2372.8,3560.3,3559.7,3559.3,4500.5,4500.5,4500.9,6293.2,6292.2,6292.5,8765.8,8763.6,8763.2,5302.7,5302.0,5303.5,7544.3,7542.6,7543.5,6204.7,6205.4,6205.2,1884.1,1882.7,1882.5,3744.6,3745.1,3745.7,2627.2,2626.5,2626.7,2936.2,2935.6,2935.8,27.459999,27.650000,going to home base
2024-04-12T21:55:50Z,2410.6,2409.5,2409.6,2678.9,2679.3,2679.0,5770.6,5770.4,5770.1,2373.4,2373.5,2373.8,3559.6,3558.8,3559.0,4501.6,4501.5,4501.2,6291.7,6290.6,6293.4,8763.9,8766.1,8766.3,5301.3,5301.0,5301.9,7546.8,7545.8,7546.6,6208.1,6206.5,6206.2,1884.5,1882.8,1883.0,3745.0,3745.0,3745.5,2627.1,2625.7,2625.8,2935.5,2935.8,2935.7,27.480000,27.650000,going to home base
2024-04-12T21:55:55Z,2409.9,2409.2,2409.7,2678.3,2678.2,2678.7,5770.9,5769.9,5770.0,2372.1,2372.1,2372.8,3560.7,3559.5,3559.6,4501.6,4501.3,4501.7,6294.1,6292.9,6293.0,8764.1,8765.7,8766.2,5302.1,5301.1,5302.6,7546.9,7545.9,7546.0,6204.8,6204.3,6205.9,1884.6,1883.2,1883.3,3744.7,3744.9,3745.6,2626.4,2625.7,2625.8,2936.9,2936.3,2936.2,27.459999,27.670000,going to home base
2024-04-12T21:56:00Z,2410.2,2409.4,2409.8,2678.7,2678.4,2678.5,5769.4,5769.0,5769.3,2372.0,2372.2,2372.7,3559.6,3560.1,3558.6,4500.7,4500.4,4500.4,6293.1,6292.0,6294.1,8762.9,8763.7,8766.2,5301.4,5301.4,5301.8,7543.0,7540.9,7541.4,6205.2,6204.6,6206.5,1884.7,1883.0,1883.1,3744.2,3744.2,3745.0,2627.2,2626.9,2626.6,2936.7,2936.4,2936.4,27.480000,27.629999,going to home base
2024-04-12T21:56:05Z,2409.9,2409.2,2409.6,2678.9,2678.3,2678.8,5771.0,5769.9,5770.0,2371.2,2371.1,2371.4,3560.1,3559.8,3559.7,4500.8,4500.8,4500.7,6294.4,6294.5,6294.9,8763.9,8764.8,8764.2,5301.0,5301.0,5301.7,7545.0,7543.5,7544.5,6206.6,6206.4,6206.2,1884.7,1883.2,1883.4,3744.5,3744.1,3745.3,2627.7,2626.5,2626.9,2936.4,2935.4,2935.4,27.459999,27.680000,going to home base
2024-04-12T21:56:10Z,2410.8,2410.5,2410.4,2677.9,2677.6,2677.7,5770.1,5770.1,5769.8,2370.9,2370.6,2370.7,3559.8,3559.3,3559.1,4500.9,4500.5,4500.7,6292.9,6290.7,6292.4,8763.4,8762.0,8762.6,5301.7,5301.3,5300.7,7542.4,7543.1,7544.6,6204.9,6205.4,6205.9,1884.9,1883.2,1883.3,3744.5,3745.0,3745.6,2626.6,2625.8,2625.9,2935.7,2936.0,2936.7,27.450001,27.610001,going to home base
2024-04-12T21:56:15Z,2410.6,2410.0,2410.2,2677.8,2677.8,2678.5,5769.5,5769.2,5769.5,2372.6,2372.2,2373.1,3560.3,3559.9,3559.2,4500.7,4500.8,4501.2,6294.0,6292.0,6291.9,8764.9,8764.3,8764.5,5300.9,5299.8,5299.1,7545.4,7544.4,7545.4,6202.8,6205.1,6206.5,1884.4,1882.9,1883.1,3745.4,3745.6,3746.3,2626.2,2625.1,2625.5,2937.3,2936.3,2935.8,27.459999,27.650000,going to home base
2024-04-12T21:56:20Z,2410.3,2409.5,2410.1,2677.8,2678.0,2678.1,5771.2,5769.7,5769.7,2371.8,2372.0,2372.9,3559.4,3559.2,3559.4,4501.0,4500.8,4501.0,6292.1,6292.2,6293.0,8765.3,8763.9,8764.0,5301.1,5300.9,5301.2,7541.7,7542.3,7543.1,6207.5,6206.1,6207.6,1884.4,1883.1,1883.2,3745.0,3744.3,3745.1,2626.9,2626.2,2626.4,2935.3,2934.7,2935.9,27.459999,27.670000,going to home base
2024-04-12T21:56:25Z,2410.3,2409.7,2409.8,2678.2,2678.0,2678.1,5769.7,5769.3,5769.7,2372.3,2372.3,2372.7,3558.8,3558.9,3559.1,4500.8,4500.0,4500.5,6294.1,6294.0,6293.5,8765.6,8764.9,8764.5,5299.9,5299.0,5300.0,7544.8,7542.7,7542.8,6205.5,6206.0,6206.8,1884.5,1882.9,1882.7,3745.2,3744.6,3745.9,2627.4,2626.6,2626.5,2937.1,2936.5,2935.9,27.480000,27.629999,going to home base
2024-04-12T21:56:30Z,2410.5,2409.6,2410.0,2677.8,2677.9,2678.2,5769.2,5768.3,5768.9,2372.2,2371.6,2372.7,3559.3,3559.6,3559.8,4500.9,4500.6,4500.6,6291.2,6291.3,6292.9,8765.1,8764.2,8764.8,5299.2,5298.8,5300.1,7544.2,7541.9,7541.8,6207.7,6207.9,6206.5,1884.8,1883.5,1883.1,3745.3,3744.7,3745.7,2626.6,2626.4,2626.4,2937.1,2936.6,2937.2,27.450001,27.680000,going to home base
2024-04-12T21:56:35Z,2410.4,2409.5,2409.7,2677.8,2677.4,2678.1,5769.1,5768.6,5768.7,2371.7,2371.4,2371.7,3559.1,3558.7,3558.9,4500.5,4500.9,4500.8,6290.1,6290.6,6291.9,8765.0,8765.4,8765.8,5300.6,5301.0,5300.2,7545.4,7543.5,7543.1,6205.5,6205.1,6205.7,1884.3,1883.0,1882.9,3745.5,3745.2,3746.0,2626.9,2625.6,2626.0,2936.0,2935.9,2936.7,27.459999,27.670000,going to home base
2024-04-12T21:56:40Z,2410.0,2409.6,2409.5,2676.9,2677.6,2677.4,5769.2,5768.8,5768.7,2371.8,2372.0,2372.9,3559.8,3559.9,3559.7,4501.2,4500.3,4500.5,6293.4,6292.5,6292.9,8764.3,8762.7,8763.8,5300.9,5299.0,5301.2,7544.4,7543.0,7543.0,6204.3,6203.9,6203.8,1884.3,1882.8,1882.3,3744.9,3744.8,3745.4,2626.9,2625.9,2626.3,2934.7,2934.0,2934.4,27.459999,27.690001,going to home base
2024-04-12T21:56:45Z,2410.0,2409.1,2409.7,2677.7,2677.8,2678.2,5769.1,5768.2,5768.3,2371.5,2371.6,2372.2,3559.0,3558.6,3558.7,4500.3,4500.3,4500.3,6292.7,6292.6,6292.7,8763.7,8764.9,8766.2,5299.6,5299.6,5300.2,7542.9,7542.4,7541.6,6200.7,6199.8,6200.8,1883.8,1882.4,1882.4,3744.5,3745.1,3745.3,2627.4,2626.2,2626.5,2935.6,2935.3,2935.6,27.480000,27.670000,going to home base
2024-04-12T21:56:50Z,2409.0,2408.4,2408.9,2676.7,2676.5,2676.8,5768.3,5767.7,5768.1,2372.5,2372.5,2373.1,3557.9,3558.9,3558.1,4500.6,4500.2,4500.2,6294.0,6293.2,6293.8,8762.1,8762.2,8762.1,5300.8,5300.7,5301.9,7543.7,7543.2,7542.4,6203.5,6203.1,6203.3,1884.5,1882.8,1882.9,3744.2,3744.0,3744.6,2626.9,2626.4,2626.0,2935.3,2933.8,2934.8,27.459999,27.650000,going to home base
2024-04-12T21:56:55Z,2409.4,2408.6,2409.2,2677.5,2677.4,2678.0,5768.3,5767.8,5767.7,2372.3,2372.5,2373.0,3559.1,3558.8,3558.9,4499.7,4500.0,4500.0,6291.6,6292.0,6292.3,8761.0,8761.3,8760.6,5299.8,5299.6,5300.4,7544.6,7543.2,7541.2,6203.6,6202.9,6203.0,1884.7,1882.9,1882.6,3744.4,3744.4,3744.8,2626.3,2625.1,2625.6,2935.7,2934.8,2934.8,27.459999,27.620001,going to home base
2024-04-12T21:57:00Z,2409.3,2408.8,2408.3,2678.0,2677.6,2678.2,5768.1,5768.3,5768.2,2372.0,2372.6,2372.9,3558.4,3558.2,3558.3,4499.9,4499.9,4500.0,6292.3,6290.9,6291.6,8763.3,8761.9,8762.0,5301.2,5300.4,5300.9,7544.6,7544.1,7543.3,6202.9,6205.3,6206.7,1884.1,1882.4,1882.5,3744.2,3744.2,3745.1,2626.5,2626.0,2625.8,2937.0,2935.5,2935.8,27.450001,27.639999,going to home base
2024-04-12T21:57:05Z,2410.0,2409.1,2409.7,2676.7,2677.1,2677.3,5768.0,5767.4,5768.0,2372.0,2371.8,2372.3,3558.8,3558.9,3559.3,4499.3,4498.9,4499.7,6292.4,6291.8,6294.4,8761.8,8760.8,8764.1,5299.7,5299.4,5301.0,7544.7,7544.0,7544.4,6202.5,6202.8,6202.1,1884.0,1882.5,1882.3,3743.8,3743.6,3744.3,2626.1,2625.7,2625.8,2937.7,2937.2,2937.8,27.459999,27.680000,going to home base
2024-04-12T21:57:10Z,2409.9,2409.5,2409.8,2676.7,2676.8,2676.7,5768.1,5767.1,5767.4,2372.4,2371.6,2372.1,3559.2,3559.0,3558.3,4499.7,4499.8,4499.7,6292.3,6289.6,6289.6,8764.4,8763.7,8763.9,5299.2,5299.9,5299.7,7543.3,7542.2,7543.6,6199.9,6201.3,6203.0,1884.2,1882.6,1882.8,3743.4,3743.3,3744.8,2626.2,2625.0,2625.8,2937.6,2936.7,2937.2,27.450001,27.639999,going to home base
2024-04-12T21:57:15Z,2410.2,2409.4,2409.3,2677.3,2677.1,2677.4,5768.5,5768.3,5767.8,2372.5,2371.5,2372.2,3559.2,3558.4,3558.7,4499.5,4499.3,4499.2,6293.0,6292.6,6293.3,8759.8,8759.5,8759.8,5299.5,5299.3,5300.4,7544.8,7543.8,7544.9,6206.1,6206.0,6204.5,1883.8,1882.3,1882.7,3743.4,3743.2,3744.2,2625.7,2625.1,2625.2,2939.0,2938.7,2939.1,27.459999,27.650000,going to home base
2024-04-12T21:57:20Z,2409.2,2408.7,2409.0,2677.3,2677.0,2677.6,5767.9,5767.5,5768.0,2372.5,2372.5,2372.7,3558.6,3558.7,3558.3,4499.2,4499.0,4499.0,6291.7,6290.0,6290.7,8761.4,8762.0,8761.3,5298.9,5299.2,5299.5,7541.7,7541.7,7540.8,6201.6,6201.6,6202.8,1884.3,1882.9,1882.6,3742.2,3742.9,3743.4,2626.7,2626.2,2625.6,2939.4,2938.7,2939.5,27.450001,27.680000,going to home base
2024-04-12T21:57:25Z,2409.7,2408.9,2409.7,2677.3,2677.4,2677.5,5766.9,5766.7,5766.7,2371.4,2371.6,2371.6,3558.7,3558.4,3558.1,4499.8,4499.2,4499.2,6290.3,6291.4,6292.9,8760.5,8760.2,8760.2,5299.5,5299.5,5300.0,7541.2,7540.4,7540.5,6203.9,6203.7,6204.6,1884.2,1882.9,1883.0,3742.2,3742.2,3742.8,2626.4,2624.8,2624.6,2937.0,2937.0,2937.4,27.459999,27.719999,going to home base
2024-04-12T21:57:30Z,2409.6,2408.9,2409.6,2677.5,2677.2,2677.8,5767.7,5767.0,5766.9,2371.5,2371.5,2372.1,3558.1,3557.9,3557.9,4498.9,4499.3,4499.2,6291.7,6291.5,6291.4,8760.8,8761.1,8760.8,5300.9,5300.2,5300.0,7542.7,7542.4,7543.7,6204.2,6201.9,6204.2,1883.9,1882.1,1881.9,3742.1,3742.0,3743.2,2626.0,2625.3,2625.2,2937.1,2936.0,2936.8,27.440001,27.639999,going to home base
2024-04-12T21:57:35Z,2409.4,2408.6,2408.8,2677.2,2676.8,2677.2,5767.3,5767.1,5767.1,2372.0,2371.6,2372.4,3558.4,3557.5,3558.3,4498.8,4499.0,4499.0,6290.1,6289.9,6289.0,8760.5,8760.1,8759.6,5298.6,5297.9,5299.3,7542.8,7542.7,7542.6,6204.8,6204.1,6204.3,1884.1,1882.8,1882.5,3742.0,3742.5,3743.1,2626.4,2625.6,2625.7,2938.1,2936.8,2936.9,27.459999,27.660000,going to home base
2024-04-12T21:57:40Z,2409.9,2408.9,2409.0,2677.0,2676.6,2676.9,5767.3,5766.9,5767.1,2371.8,2371.5,2372.0,3559.0,3558.3,3558.2,4499.0,4498.8,4499.0,6289.4,6290.4,6288.0,8760.7,8759.9,8760.4,5298.7,5299.3,5300.1,7542.5,7541.2,7541.0,6204.2,6203.6,6204.3,1883.8,1882.0,1882.3,3742.6,3742.6,3743.6,2626.6,2625.4,2625.6,2936.6,2935.8,2935.6,27.450001,27.639999,going to home base
2024-04-12T21:57:45Z,2409.5,2408.6,2409.0,2677.1,2676.7,2677.1,5767.2,5767.0,5767.3,2371.5,2371.3,2372.2,3558.1,3558.0,3557.8,4498.3,4498.3,4498.4,6289.7,6288.3,6288.5,8760.2,8758.2,8759.6,5300.3,5299.9,5299.9,7540.9,7540.1,7540.2,6201.7,6203.1,6202.9,1883.8,1882.8,1882.4,3742.6,3742.7,3743.4,2626.2,2625.3,2625.3,2937.4,2937.7,2938.6,27.459999,27.680000,going to home base
2024-04-12T21:57:50Z,2409.9,2409.0,2409.2,2677.3,2677.3,2676.4,5767.4,5766.8,5766.7,2372.0,2371.8,2372.1,3557.8,3557.8,3558.4,4498.7,4498.3,4498.7,6291.5,6292.6,6292.4,8761.2,8759.5,8762.5,5300.2,5301.4,5301.4,7541.2,7540.5,7539.8,6203.0,6202.6,6203.1,1883.6,1882.3,1882.3,3744.0,3743.4,3744.2,2626.1,2625.5,2625.3,2938.3,2937.6,2938.1,27.510000,27.670000,going to home base
2024-04-12T21:57:55Z,2409.0,2409.1,2409.4,2676.6,2676.5,2676.5,5767.5,5766.5,5766.9,2372.8,2372.3,2372.3,3558.8,3558.6,3558.3,4498.8,4499.0,4499.1,6289.2,6290.1,6290.3,8758.7,8759.6,8761.2,5299.7,5300.5,5301.9,7543.2,7541.4,7541.7,6204.3,6204.4,6204.7,1884.1,1882.5,1882.1,3743.8,3743.8,3744.6,2626.2,2625.6,2625.6,2937.4,2937.7,2936.8,27.459999,27.690001,going to home base
2024-04-12T21:58:00Z,2409.2,2408.4,2409.0,2677.3,2677.1,2678.1,5766.8,5766.4,5766.2,2371.2,2371.5,2371.7,3558.9,3558.1,3558.9,4498.5,4498.5,4499.0,6287.1,6287.2,6287.7,8760.5,8759.7,8760.5,5299.7,5299.2,5300.3,7540.5,7539.9,7538.3,6201.4,6202.0,6202.5,1883.9,1882.7,1883.0,3743.5,3743.3,3744.8,2626.0,2625.3,2625.7,2937.2,2936.9,2937.4,27.450001,27.660000,going to home base
2024-04-12T21:58:05Z,2409.0,2408.4,2408.6,2676.7,2676.3,2677.7,5766.8,5766.7,5766.6,2370.8,2370.6,2371.5,3559.1,3558.9,3558.6,4498.7,4498.9,4498.6,6288.1,6288.0,6287.0,8761.3,8761.5,8761.5,5299.1,5298.8,5299.7,7541.1,7539.9,7541.8,6205.4,6203.2,6205.8,1884.3,1883.5,1882.9,3743.2,3743.6,3743.9,2625.6,2624.7,2624.8,2937.6,2936.9,2937.2,27.480000,27.700001,going to home base
2024-04-12T21:58:10Z,2409.3,2408.6,2409.0,2677.1,2676.6,2677.3,5766.9,5766.2,5766.5,2371.7,2371.7,2372.2,3557.5,3557.2,3557.9,4498.6,4498.0,4498.6,6287.3,6287.4,6288.5,8760.2,8759.3,8759.5,5298.6,5298.8,5298.5,7541.1,7540.5,7540.3,6202.4,6203.2,6201.6,1884.3,1882.8,1882.5,3743.3,3743.7,3744.8,2626.3,2625.5,2626.1,2937.4,2936.8,2937.0,27.459999,27.660000,going to home base
2024-04-12T21:58:15Z,2408.8,2408.3,2408.9,2676.8,2676.7,2677.2,5766.4,5765.7,5766.7,2372.7,2372.1,2372.1,3558.1,3558.1,3558.0,4498.7,4498.4,4498.3,6288.0,6286.5,6287.9,8762.1,8761.2,8761.7,5300.6,5301.4,5301.1,7540.1,7538.3,7538.6,6200.8,6200.1,6200.3,1883.6,1882.4,1882.3,3742.9,3743.1,3743.7,2625.3,2625.3,2625.8,2936.8,2936.4,2936.6,27.459999,27.680000,going to home base
2024-04-12T21:58:20Z,2409.7,2409.0,2409.8,2677.3,2677.3,2678.0,5766.6,5766.3,5766.4,2370.9,2371.2,2371.3,3557.5,3556.9,3557.5,4499.1,4498.4,4498.6,6288.2,6288.9,6288.4,8761.2,8761.0,8759.3,5299.8,5299.9,5301.1,7538.2,7538.0,7539.2,6197.8,6198.0,6197.5,1884.5,1883.0,1883.1,3742.8,3743.3,3744.1,2625.5,2625.0,2625.3,2935.6,2935.3,2935.5,27.450001,27.629999,going to home base
2024-04-12T21:58:25Z,2410.1,2408.8,2409.3,2676.9,2676.2,2676.9,5766.6,5766.7,5766.6,2371.8,2371.1,2371.2,3559.3,3558.9,3558.5,4498.9,4498.5,4498.6,6288.9,6288.6,6289.4,8760.7,8761.4,8761.5,5300.3,5300.0,5300.2,7540.1,7539.6,7540.6,6200.3,6200.5,6200.7,1884.3,1882.7,1882.9,3742.6,3741.9,3742.9,2626.0,2625.0,2625.2,2935.8,2935.3,2935.7,27.450001,27.650000,going to home base
2024-04-12T21:58:30Z,2409.4,2408.6,2408.8,2676.7,2676.5,2677.3,5766.7,5766.4,5765.9,2371.8,2371.8,2371.8,3558.6,3558.0,3558.6,4498.2,4498.2,4497.6,6286.4,6287.6,6286.8,8762.0,8761.4,8760.7,5298.4,5298.4,5299.0,7539.2,7537.8,7538.0,6201.4,6201.0,6201.0,1884.3,1882.6,1882.7,3741.6,3741.6,3742.7,2626.0,2625.1,2625.1,2937.2,2936.5,2936.5,27.459999,27.650000,going to home base
2024-04-12T21:58:35Z,2408.8,2407.7,2408.0,2676.5,2676.4,2677.0,5766.9,5766.0,5765.9,2371.7,2371.6,2372.0,3559.1,3558.1,3558.0,4498.1,4498.3,4498.2,6288.8,6288.0,6288.7,8760.2,8759.5,8761.6,5298.5,5297.0,5298.7,7539.4,7539.5,7539.5,6203.2,6201.3,6200.1,1883.7,1882.4,1882.4,3741.9,3741.7,3742.2,2625.7,2625.0,2624.9,2936.8,2936.3,2936.9,27.450001,27.660000,going to home base
2024-04-12T21:58:40Z,2408.7,2408.4,2408.5,2676.0,2676.3,2676.4,5766.7,5766.4,5766.6,2371.3,2371.7,2372.5,3558.9,3557.5,3557.2,4498.3,4498.0,4498.1,6291.5,6290.2,6290.5,8760.0,8758.0,8759.0,5299.6,5299.4,5299.9,7543.3,7540.1,7542.9,6197.6,6197.9,6198.1,1883.7,1882.2,1882.1,3741.5,3741.4,3742.2,2626.6,2625.9,2626.1,2938.2,2937.9,2937.7,27.450001,27.709999,going to home base
2024-04-12T21:58:45Z,2408.7,2408.0,2408.1,2676.1,2676.3,2676.7,5767.0,5766.0,5766.3,2371.5,2371.5,2372.3,3558.1,3557.8,3557.7,4497.9,4497.7,4497.5,6290.6,6290.7,6289.7,8758.9,8761.1,8760.0,5298.0,5297.6,5297.7,7541.1,7540.7,7541.6,6197.2,6197.7,6198.6,1884.3,1882.4,1882.2,3741.5,3741.9,3742.5,2626.1,2625.5,2625.2,2937.3,2935.9,2936.8,27.480000,27.680000,going to home base
2024-04-12T21:58:50Z,2408.7,2407.7,2408.2,2676.3,2675.9,2676.5,5766.9,5766.6,5765.8,2371.8,2372.0,2372.6,3558.4,3558.2,3558.2,4497.9,4497.7,4497.8,6288.8,6289.0,6288.2,8758.4,8758.6,8756.7,5297.8,5297.4,5298.6,7540.6,7539.2,7539.7,6201.3,6200.1,6200.0,1884.0,1882.3,1882.5,3741.7,3741.3,3742.5,2625.4,2624.4,2625.2,2936.7,2936.9,2936.6,27.450001,27.690001,going to home base
2024-04-12T21:58:55Z,2408.7,2407.8,2407.7,2676.0,2676.8,2676.7,5766.2,5765.8,5766.0,2371.9,2371.2,2372.0,3558.3,3558.0,3558.0,4497.6,4497.5,4497.8,6289.9,6290.5,6289.4,8760.2,8760.9,8760.2,5296.8,5297.7,5298.1,7539.9,7539.3,7538.4,6196.1,6197.7,6198.5,1884.0,1882.4,1882.3,3741.6,3741.9,3742.6,2626.0,2625.5,2625.6,2935.5,2935.5,2936.1,27.459999,27.680000,going to home base
2024-04-12T21:59:00Z,2409.1,2407.9,2408.2,2676.1,2676.1,2676.8,5766.4,5766.0,5765.9,2371.2,2371.2,2371.8,3557.7,3557.4,3557.2,4497.8,4498.0,4497.3,6288.8,6288.4,6288.7,8759.8,8758.6,8759.4,5299.6,5298.2,5299.0,7540.6,7540.5,7539.2,6197.3,6196.7,6196.4,1884.0,1882.0,1882.8,3741.7,3741.7,3742.7,2625.5,2624.3,2624.8,2937.6,2937.6,2937.2,27.440001,27.639999,going to home base
2024-04-12T21:59:05Z,2409.5,2408.2,2408.8,2676.5,2676.2,2676.2,5766.7,5766.4,5766.0,2372.3,2372.4,2372.8,3557.7,3557.8,3557.3,4496.6,4496.8,4497.2,6287.5,6284.7,6286.8,8758.3,8759.0,8759.3,5298.0,5298.0,5298.6,7541.3,7538.8,7539.4,6198.8,6198.0,6200.5,1883.8,1882.0,1882.0,3741.8,3742.0,3742.6,2625.0,2624.9,2624.8,2936.7,2936.2,2937.6,27.450001,27.650000,going to home base
2024-04-12T21:59:09Z,2408.5,2407.5,2408.1,2676.3,2676.4,2676.5,5766.0,5765.6,5765.2,2372.0,2371.8,2372.0,3557.6,3557.7,3557.5,4497.5,4497.0,4496.6,6288.3,6287.6,6288.0,8760.0,8759.0,8759.2,5298.5,5297.7,5299.0,7541.4,7540.9,7542.7,6202.3,6200.5,6200.7,1883.5,1881.9,1882.3,3741.5,3741.6,3742.6,2625.3,2624.4,2624.7,2937.2,2935.7,2936.5,27.459999,27.680000,going to home base
2024-04-12T21:59:15Z,2408.0,2407.1,2407.0,2675.9,2676.2,2676.4,5765.6,5765.1,5765.1,2372.5,2372.5,2372.5,3557.6,3557.0,3557.2,4497.4,4497.1,4496.7,6287.8,6286.3,6288.9,8760.4,8759.3,8759.2,5297.9,5297.6,5297.7,7540.7,7540.9,7540.1,6195.6,6195.1,6195.7,1883.5,1882.0,1882.2,3741.0,3741.4,3742.5,2625.6,2624.9,2625.2,2936.4,2936.0,2935.7,27.459999,27.680000,going to home base
2024-04-12T21:59:20Z,2408.1,2407.3,2407.3,2675.9,2676.1,2676.6,5765.3,5765.5,5765.0,2371.9,2371.9,2372.5,3557.5,3557.4,3556.8,4497.1,4496.7,4496.7,6288.8,6286.9,6289.0,8761.1,8761.2,8759.8,5299.3,5299.0,5299.7,7539.1,7536.7,7537.6,6200.7,6202.0,6202.2,1882.4,1881.2,1881.1,3741.6,3741.8,3742.8,2625.3,2624.6,2624.9,2936.0,2935.1,2935.4,27.450001,27.650000,going to home base
2024-04-12T21:59:25Z,2407.9,2407.6,2407.5,2675.6,2675.8,2676.4,5765.4,5764.6,5765.6,2371.2,2370.9,2371.5,3558.2,3557.9,3558.3,4496.3,4496.3,4496.5,6288.0,6287.1,6287.1,8759.2,8758.9,8758.0,5297.9,5298.6,5299.5,7540.0,7538.1,7537.2,6201.5,6199.7,6200.3,1883.3,1881.6,1881.6,3741.9,3741.9,3742.6,2625.2,2623.9,2624.6,2936.9,2936.0,2936.6,27.450001,27.650000,going to home base
2024-04-12T21:59:30Z,2409.1,2408.5,2408.5,2675.6,2675.4,2675.8,5764.9,5764.9,5765.1,2371.3,2371.0,2372.0,3557.7,3557.4,3557.4,4497.1,4497.8,4496.7,6289.8,6287.3,6288.8,8760.8,8759.0,8759.5,5297.3,5297.4,5297.5,7539.5,7537.7,7537.8,6200.2,6200.3,6197.7,1883.3,1881.9,1882.1,3741.5,3741.3,3742.3,2624.7,2623.6,2624.3,2936.6,2936.6,2936.7,27.440001,27.690001,going to home base
2024-04-12T21:59:35Z,2408.9,2408.0,2407.9,2675.6,2675.9,2675.7,5765.4,5764.7,5764.8,2371.4,2371.0,2372.1,3558.7,3558.1,3557.7,4497.1,4497.0,4497.4,6287.9,6288.6,6286.6,8757.1,8758.0,8757.9,5297.1,5297.3,5298.1,7537.7,7537.4,7537.8,6199.6,6199.7,6198.3,1883.3,1881.8,1881.9,3742.2,3742.6,3743.5,2625.0,2624.3,2624.6,2937.4,2936.3,2936.8,27.459999,27.709999,going to home base
2024-04-12T21:59:40Z,2408.5,2407.7,2408.2,2675.2,2675.4,2675.7,5765.3,5764.9,5765.4,2370.8,2371.2,2371.8,3557.7,3556.9,3557.1,4497.1,4497.3,4496.9,6286.8,6286.6,6287.9,8758.8,8757.8,8757.3,5297.5,5297.9,5297.7,7538.6,7539.4,7538.4,6201.0,6201.6,6200.9,1883.5,1881.9,1881.6,3742.4,3742.1,3742.8,2624.6,2623.7,2624.2,2935.4,2934.9,2936.1,27.440001,27.680000,going to home base
2024-04-12T21:59:45Z,2409.5,2408.3,2409.0,2675.9,2675.4,2676.2,5765.2,5764.9,5764.9,2371.3,2371.1,2371.8,3557.4,3556.8,3556.5,4496.5,4496.9,4496.7,6287.4,6286.8,6286.9,8760.2,8759.7,8759.7,5298.0,5297.3,5297.6,7537.8,7536.0,7534.8,6199.1,6198.7,6198.2,1883.5,1882.2,1882.1,3742.4,3742.6,3743.0,2625.0,2623.9,2623.9,2935.5,2935.1,2935.3,27.450001,27.639999,going to home base
2024-04-12T21:59:50Z,2409.2,2408.2,2408.5,2675.8,2675.9,2676.3,5765.4,5764.6,5765.4,2371.8,2371.2,2371.7,3557.6,3557.1,3557.1,4497.1,4496.9,4496.6,6288.7,6286.5,6288.9,8760.2,8759.0,8758.9,5295.4,5294.9,5296.0,7534.2,7535.2,7535.7,6200.1,6201.0,6199.8,1884.1,1882.7,1882.3,3742.6,3742.4,3743.6,2625.0,2624.5,2624.4,2936.5,2935.9,2935.9,27.450001,27.690001,going to home base
2024-04-12T21:59:55Z,2409.3,2408.5,2408.2,2674.9,2675.1,2675.5,5765.0,5764.4,5764.3,2371.4,2371.8,2372.0,3556.5,3556.2,3556.4,4496.9,4496.8,4496.5,6287.4,6286.9,6287.7,8758.0,8757.0,8758.2,5298.6,5298.5,5299.2,7534.6,7533.3,7536.0,6198.4,6196.9,6200.2,1883.3,1881.8,1881.8,3741.5,3741.6,3742.5,2625.9,2625.4,2624.9,2936.8,2936.5,2936.2,27.459999,27.690001,going to home base
2024-04-12T21:59:59Z,2408.8,2408.0,2408.4,2675.6,2675.3,2676.0,5764.9,5764.2,5764.3,2371.4,2371.0,2371.7,3557.1,3556.9,3556.9,4496.7,4496.3,4496.2,6286.8,6286.5,6287.9,8758.8,8759.0,8759.0,5297.5,5297.8,5298.6,7537.9,7537.0,7535.3,6197.7,6196.9,6197.5,1883.4,1881.5,1881.9,3742.5,3741.8,3743.2,2624.9,2624.9,2624.1,2937.2,2935.9,2936.8,27.459999,27.690001,going to home base
2024-04-12T22:00:05Z,2409.1,2408.3,2408.9,2676.0,2676.3,2676.9,5765.0,5764.4,5764.5,2371.7,2371.4,2372.0,3557.0,3556.4,3556.6,4496.2,4495.9,4496.3,6287.9,6286.8,6287.3,8760.1,8759.4,8758.4,5296.9,5296.9,5297.1,7537.0,7535.2,7536.5,6199.6,6198.6,6197.9,1883.1,1881.5,1881.5,3741.0,3741.0,3741.6,2624.7,2624.0,2624.4,2936.3,2936.6,2936.5,27.480000,27.680000,going to home base
2024-04-12T22:00:09Z,2408.8,2408.0,2408.0,2676.0,2675.1,2675.6,5765.1,5764.7,5764.5,2370.7,2371.1,2371.4,3556.2,3555.6,3555.9,4496.3,4496.4,4496.3,6287.1,6287.6,6288.6,8758.0,8758.2,8757.5,5295.9,5296.5,5297.0,7537.1,7538.1,7538.2,6199.8,6201.0,6201.3,1883.1,1881.5,1881.8,3740.7,3740.6,3741.6,2624.9,2624.4,2624.4,2936.8,2935.5,2936.2,27.450001,27.700001,going to home base
2024-04-12T22:00:14Z,2408.6,2408.0,2408.4,2675.7,2675.7,2675.7,5764.2,5763.7,5764.0,2371.2,2371.1,2371.6,3556.7,3556.2,3555.7,4496.2,4496.2,4495.8,6288.5,6284.9,6286.8,8760.8,8760.4,8761.5,5298.1,5297.7,5297.6,7536.5,7532.5,7536.1,6199.8,6198.6,6197.8,1883.2,1881.8,1881.7,3741.0,3741.2,3741.6,2625.2,2624.1,2624.1,2935.7,2936.0,2935.0,27.459999,27.680000,going to home base
2024-04-12T22:00:20Z,2409.1,2408.3,2408.2,2675.7,2675.1,2675.9,5764.7,5764.4,5764.4,2371.0,2370.7,2371.1,3556.6,3556.3,3556.1,4496.3,4496.2,4496.4,6287.2,6286.9,6287.8,8757.4,8756.9,8757.7,5296.6,5296.3,5297.2,7537.3,7534.9,7534.1,6200.8,6200.5,6200.2,1883.2,1881.6,1881.6,3741.1,3741.0,3742.1,2625.1,2624.1,2624.3,2935.3,2934.8,2935.7,27.450001,27.660000,going to home base
2024-04-12T22:00:25Z,2408.5,2408.0,2407.5,2675.1,2675.1,2675.8,5763.8,5763.9,5764.0,2370.5,2371.0,2371.2,3556.4,3556.3,3556.5,4496.4,4496.2,4496.4,6288.1,6287.7,6290.3,8758.6,8757.2,8758.0,5297.8,5297.0,5297.5,7539.0,7536.5,7535.0,6201.9,6201.1,6201.8,1883.2,1881.6,1881.0,3740.8,3741.3,3741.7,2623.7,2623.6,2623.3,2935.4,2934.7,2934.9,27.450001,27.690001,going to home base
2024-04-12T22:00:30Z,2408.5,2407.4,2408.0,2675.9,2675.6,2676.0,5764.8,5764.3,5764.4,2371.4,2371.2,2371.1,3555.6,3555.3,3554.9,4496.4,4496.4,4496.3,6286.7,6286.8,6286.4,8756.1,8757.1,8756.1,5296.3,5296.6,5297.2,7538.2,7535.8,7536.1,6200.1,6201.9,6203.4,1883.4,1882.2,1882.0,3741.8,3741.8,3742.5,2624.9,2624.6,2624.3,2934.8,2933.9,2934.2,27.450001,27.700001,going to home base
2024-04-12T22:00:35Z,2408.3,2407.5,2407.8,2675.0,2675.6,2675.9,5764.3,5763.9,5763.7,2371.2,2371.1,2372.0,3556.0,3555.6,3556.1,4496.5,4495.9,4496.3,6285.6,6284.1,6285.2,8760.2,8760.4,8759.2,5296.3,5296.2,5297.8,7535.7,7536.6,7533.7,6201.6,6202.6,6201.1,1882.8,1881.8,1881.6,3741.1,3741.3,3741.8,2624.6,2623.5,2624.5,2934.1,2934.1,2935.0,27.440001,27.680000,going to home base
2024-04-12T22:00:40Z,2408.4,2407.5,2407.8,2675.1,2675.1,2675.8,5764.2,5763.9,5764.5,2370.7,2371.1,2371.8,3556.3,3556.2,3555.8,4496.1,4496.5,4496.2,6284.4,6284.6,6285.2,8757.8,8758.1,8758.8,5295.7,5295.9,5296.7,7540.4,7538.3,7538.6,6200.0,6199.3,6200.4,1883.1,1881.7,1881.6,3741.1,3741.3,3743.0,2625.4,2624.5,2624.6,2934.7,2933.9,2933.5,27.450001,27.730000,going to home base
2024-04-12T22:00:44Z,2408.6,2407.8,2408.4,2675.3,2675.4,2675.7,5764.1,5763.9,5763.8,2371.2,2371.2,2371.9,3556.9,3556.8,3556.4,4495.8,4496.1,4495.7,6286.8,6286.8,6287.4,8758.0,8757.1,8757.9,5296.8,5295.9,5296.9,7536.1,7535.7,7537.5,6197.8,6196.8,6196.1,1883.3,1881.5,1881.4,3740.6,3740.9,3741.7,2624.8,2623.8,2623.4,2935.3,2935.2,2935.4,27.440001,27.719999,going to home base
2024-04-12T22:00:50Z,2408.8,2407.7,2408.2,2675.8,2675.3,2675.9,5764.8,5764.2,5764.6,2370.7,2370.8,2371.7,3555.5,3555.5,3555.4,4496.7,4496.4,4496.3,6285.7,6284.8,6285.5,8759.4,8759.4,8758.4,5296.5,5296.0,5296.0,7537.8,7536.5,7538.0,6197.3,6197.8,6199.1,1883.1,1881.8,1882.1,3740.1,3739.9,3740.9,2624.2,2623.1,2623.6,2934.5,2934.6,2934.8,27.450001,27.700001,going to home base
2024-04-12T22:00:54Z,2408.4,2407.1,2408.0,2676.2,2676.3,2676.4,5764.1,5763.9,5763.4,2371.7,2371.4,2371.6,3556.3,3556.4,3556.3,4496.3,4495.9,4495.6,6286.4,6286.3,6287.3,8758.7,8758.1,8758.8,5295.9,5295.8,5295.5,7537.1,7536.9,7537.0,6198.1,6196.3,6197.2,1883.4,1881.8,1881.8,3741.0,3741.1,3741.4,2624.0,2623.7,2624.4,2934.8,2934.7,2934.8,27.459999,27.719999,going to home base
2024-04-12T22:00:59Z,2408.2,2407.8,2407.8,2675.8,2675.5,2676.2,5764.0,5763.0,5763.6,2371.0,2370.6,2371.0,3556.7,3556.1,3555.8,4496.0,4496.1,4495.7,6285.6,6285.4,6286.4,8755.6,8756.0,8756.0,5298.3,5297.0,5298.0,7534.4,7534.8,7535.2,6196.9,6197.7,6197.2,1883.7,1882.1,1882.0,3741.0,3741.2,3741.7,2624.1,2623.3,2623.0,2934.9,2934.6,2935.0,27.450001,27.629999,going to home base
2024-04-12T22:01:04Z,2408.2,2407.5,2407.6,2675.8,2676.2,2676.7,5763.5,5763.4,5762.8,2371.3,2371.0,2371.4,3557.6,3557.0,3556.4,4496.0,4496.1,4495.6,6286.6,6286.3,6285.7,8759.2,8759.2,8756.6,5296.9,5297.3,5297.2,7534.6,7533.5,7533.7,6197.3,6197.8,6200.3,1884.0,1882.1,1882.6,3741.3,3741.2,3742.4,2624.3,2623.6,2623.4,2935.2,2934.5,2934.8,27.480000,27.690001,going to home base
2024-04-12T22:01:09Z,2408.3,2407.1,2407.5,2675.9,2675.4,2675.7,5763.1,5763.0,5763.1,2370.5,2371.0,2371.2,3556.2,3556.3,3555.7,4495.5,4495.9,4495.9,6285.1,6284.8,6284.8,8757.4,8758.1,8758.4,5296.8,5296.9,5297.5,7534.4,7533.6,7534.3,6198.6,6197.6,6199.4,1882.8,1881.5,1881.5,3740.7,3741.0,3741.3,2624.3,2623.4,2624.0,2936.0,2935.7,2936.3,27.459999,27.700001,going to home base
2024-04-12T22:01:14Z,2407.4,2407.2,2407.0,2675.8,2675.1,2675.8,5763.2,5763.2,5763.1,2371.1,2371.2,2371.5,3557.1,3557.0,3556.5,4496.0,4495.9,4495.7,6288.6,6286.1,6287.5,8756.5,8756.4,8757.5,5296.4,5295.5,5296.2,7538.6,7536.9,7536.8,6197.3,6196.1,6196.0,1883.5,1881.7,1882.1,3739.7,3740.3,3741.1,2624.8,2623.8,2623.8,2933.9,2932.3,2933.1,27.450001,27.680000,going to home base
2024-04-12T22:01:19Z,2408.5,2408.2,2408.6,2675.5,2675.2,2676.0,5763.2,5762.9,5762.8,2371.6,2371.4,2371.5,3556.3,3555.9,3556.4,4495.4,4495.5,4495.8,6284.1,6285.8,6286.3,8756.8,8757.3,8756.6,5296.9,5296.8,5296.9,7536.3,7536.4,7533.8,6196.0,6193.0,6194.5,1883.1,1882.2,1881.6,3740.7,3740.8,3741.3,2624.1,2623.6,2623.6,2935.7,2935.2,2935.6,27.459999,27.690001,going to home base
2024-04-12T22:01:24Z,2408.8,2408.0,2408.2,2675.3,2675.3,2675.8,5763.4,5763.4,5763.4,2371.2,2371.5,2371.7,3557.6,3556.6,3556.2,4495.7,4495.6,4495.4,6287.5,6286.9,6285.2,8755.7,8755.8,8754.2,5296.2,5296.1,5297.0,7536.4,7534.8,7535.2,6195.6,6195.6,6195.1,1883.4,1881.6,1881.4,3740.6,3740.8,3741.8,2622.9,2622.7,2622.9,2935.0,2934.1,2934.7,27.450001,27.680000,going to home base
2024-04-12T22:01:29Z,2408.6,2407.5,2407.6,2675.7,2675.4,2675.9,5762.8,5762.4,5763.0,2370.7,2371.3,2370.8,3555.3,3556.4,3555.5,4495.1,4495.3,4495.5,6287.5,6286.7,6285.4,8756.7,8755.8,8756.5,5296.6,5296.4,5297.4,7537.9,7536.1,7536.8,6192.1,6193.3,6193.8,1882.9,1881.4,1881.7,3740.8,3740.7,3741.8,2623.8,2622.9,2623.3,2932.3,2931.6,2931.9,27.450001,27.700001,going to home base
2024-04-12T22:01:34Z,2407.6,2407.2,2407.0,2675.3,2675.1,2675.9,5763.3,5762.8,5762.7,2371.2,2371.3,2371.2,3556.7,3556.1,3556.6,4495.3,4495.5,4495.6,6283.2,6283.5,6284.9,8757.7,8758.7,8757.9,5295.7,5295.3,5296.7,7535.0,7534.8,7535.8,6192.4,6194.5,6195.1,1883.9,1882.2,1882.2,3739.6,3739.8,3740.3,2624.2,2623.2,2623.0,2934.7,2934.4,2933.8,27.440001,27.700001,going to home base
2024-04-12T22:01:40Z,2408.6,2407.8,2408.0,2674.8,2674.4,2674.8,5763.2,5762.9,5762.9,2370.9,2371.2,2371.3,3555.9,3555.8,3556.0,4494.9,4494.6,4494.8,6285.0,6281.7,6284.3,8757.1,8759.1,8758.2,5295.6,5296.0,5295.6,7539.1,7536.7,7537.5,6196.2,6196.4,6194.4,1883.2,1881.9,1881.3,3740.5,3740.6,3741.8,2624.2,2623.5,2623.1,2934.1,2932.9,2934.2,27.450001,27.660000,going to home base
2024-04-12T22:01:44Z,2408.7,2408.0,2408.4,2674.4,2674.9,2675.2,5763.6,5762.8,5762.5,2371.3,2371.4,2371.7,3556.7,3555.6,3555.7,4494.9,4495.3,4495.2,6283.5,6281.5,6282.0,8758.1,8756.5,8757.1,5295.4,5295.4,5295.5,7536.3,7534.1,7533.0,6195.0,6195.6,6193.2,1883.4,1881.1,1881.7,3740.1,3739.7,3740.4,2623.9,2622.8,2622.9,2933.5,2933.5,2933.9,27.459999,27.680000,going to home base
2024-04-12T22:01:49Z,2408.6,2407.5,2407.6,2675.0,2674.5,2675.4,5762.9,5762.7,5762.9,2370.7,2370.4,2370.6,3555.1,3555.2,3554.7,4494.2,4493.8,4494.3,6283.3,6282.7,6283.0,8755.8,8758.0,8757.6,5293.7,5294.8,5294.8,7534.8,7535.7,7534.8,6192.5,6194.5,6193.9,1882.5,1881.2,1881.5,3740.2,3740.3,3741.6,2623.6,2623.0,2622.7,2934.8,2934.0,2934.5,27.450001,27.700001,going to home base
2024-04-12T22:01:54Z,2407.3,2407.4,2407.3,2675.6,2674.5,2675.0,5763.2,5763.2,5763.1,2371.0,2370.7,2371.4,3556.4,3556.3,3556.6,4494.9,4495.0,4494.8,6281.8,6281.4,6280.9,8757.9,8757.2,8756.1,5294.8,5295.0,5295.5,7533.4,7533.7,7534.3,6197.4,6196.0,6195.9,1882.7,1881.0,1881.3,3740.3,3740.0,3741.1,2623.7,2623.0,2623.0,2934.1,2934.2,2933.3,27.420000,27.700001,going to home base
2024-04-12T22:01:59Z,2407.3,2406.6,2407.2,2674.8,2674.5,2674.3,5762.8,5763.0,5763.0,2371.0,2370.8,2371.0,3556.6,3556.6,3556.3,4495.1,4495.1,4495.1,6283.9,6285.0,6284.5,8757.5,8757.7,8757.5,5295.7,5295.6,5296.5,7534.6,7534.3,7534.4,6195.8,6196.1,6196.8,1882.6,1881.4,1881.2,3740.1,3740.3,3741.8,2623.5,2623.1,2623.3,2934.3,2933.8,2933.8,27.440001,27.700001,going to home base
2024-04-12T22:02:04Z,2407.8,2407.1,2407.8,2674.7,2675.0,2675.3,5763.4,5762.9,5763.0,2370.6,2370.7,2371.7,3556.4,3555.5,3555.9,4494.5,4494.2,4494.5,6281.6,6281.5,6281.7,8758.3,8755.8,8755.9,5294.9,5295.3,5295.7,7533.7,7533.0,7530.3,6196.1,6195.1,6194.0,1883.0,1881.7,1881.6,3740.4,3741.0,3741.5,2622.9,2622.5,2622.2,2934.9,2934.2,2934.2,27.420000,27.719999,going to home base
2024-04-12T22:02:10Z,2407.4,2406.9,2407.5,2675.1,2674.4,2675.3,5763.8,5763.7,5763.3,2371.9,2371.3,2372.0,3555.9,3555.7,3555.6,4494.6,4494.8,4494.1,6285.4,6282.6,6282.6,8757.3,8757.4,8756.7,5294.8,5294.8,5295.2,7535.1,7532.5,7533.9,6193.9,6193.6,6194.2,1882.9,1882.0,1881.6,3740.7,3740.7,3741.6,2623.6,2622.5,2622.7,2933.9,2933.4,2933.7,27.420000,27.719999,going to home base
2024-04-12T22:02:14Z,2408.1,2407.4,2407.5,2675.1,2674.7,2674.7,5763.5,5762.5,5762.8,2370.5,2370.7,2371.1,3555.4,3555.9,3555.3,4494.4,4494.2,4494.3,6285.1,6282.6,6283.1,8755.5,8756.1,8753.1,5295.9,5294.3,5295.2,7530.4,7529.9,7530.6,6191.1,6191.5,6193.0,1882.4,1880.8,1881.0,3740.7,3740.7,3741.4,2624.0,2623.5,2623.4,2935.4,2935.4,2935.5,27.420000,27.719999,going to home base
2024-04-12T22:02:19Z,2408.7,2407.7,2407.4,2674.5,2675.3,2675.1,5762.6,5762.9,5762.8,2370.5,2370.7,2371.0,3555.8,3555.0,3555.5,4494.0,4493.8,4493.5,6281.3,6280.2,6281.9,8757.0,8756.8,8757.6,5294.5,5294.2,5295.2,7533.8,7533.5,7534.4,6196.5,6196.5,6197.6,1882.6,1881.4,1881.3,3740.5,3739.9,3741.4,2622.9,2622.9,2622.9,2934.9,2933.8,2934.6,27.450001,27.690001,going to home base
2024-04-12T22:02:29Z,2408.2,2408.3,2407.9,2674.5,2674.4,2675.3,5763.5,5762.9,5762.9,2370.0,2369.8,2370.6,3555.9,3554.7,3555.3,4493.9,4493.6,4493.9,6283.8,6282.6,6282.7,8758.0,8758.1,8756.8,5293.8,5294.3,5294.4,7534.9,7533.0,7531.8,6195.4,6194.5,6193.8,1882.4,1881.4,1start,27258.5,27265.3,2407.8,2407.0,2406.9,2674.2,2674.1,2674.5,5762.9,2370.3,2370.2,going to home base
2024-04-12T22:02:39Z,2407.5,2406.7,2406.8,2674.0,2674.2,2674.2,5762.7,5762.3,5762.5,2370.1,2370.1,2370.4,3555.8,3555.1,3555.4,4494.2,4494.0,4493.8,6284.6,6283.6,6283.4,8755.5,8754.2,8756.1,5294.7,5294.0,5293.9,7534.1,7534.2,7535.1,6194.0,6193.7,6193.9,1882.9,1881.4,1881.5,3739.5,3739.3,3740.5,2623.4,2622.9,2623.2,2933.9,2933.4,2933.4,27.440001,27.719999,going to home base
2024-04-12T22:02:44Z,2408.1,2407.2,2407.5,2674.4,2674.3,2675.4,5763.4,5763.2,5763.0,2370.6,2370.1,2370.5,3555.3,3555.0,3555.0,4494.1,4493.5,4493.8,6281.5,6280.3,6279.8,8755.9,8757.8,8757.7,5294.7,5293.5,5295.4,7531.8,7531.9,7531.6,6199.2,6199.6,6197.4,1883.1,1881.7,1881.1,3740.4,3740.2,3741.1,2624.0,2622.8,2623.0,2936.7,2936.2,2936.2,27.440001,27.730000,going to home base
2024-04-12T22:02:49Z,2408.0,2407.5,2407.9,2674.5,2674.5,2674.6,5762.5,5762.4,5762.2,2370.2,2370.4,2370.5,3555.7,3554.6,3555.1,4493.7,4493.7,4493.1,6282.5,6281.7,6282.9,8757.4,8756.3,8756.5,5295.5,5295.1,5295.2,7530.8,7532.6,7533.0,6195.9,6195.2,6196.0,1882.6,1880.9,1880.8,3739.3,3740.0,3740.8,2623.4,2621.9,2622.3,2934.8,2934.5,2934.2,27.440001,27.719999,going to home base
2024-04-12T22:02:54Z,2408.3,2407.7,2407.9,2674.7,2675.0,2674.9,5762.7,5762.3,5762.5,2370.5,2370.5,2371.2,3555.6,3555.1,3554.8,4493.9,4493.5,4493.9,6281.1,6280.5,6281.3,8756.9,8755.2,8755.9,5294.9,5295.4,5296.1,7533.7,7532.9,7530.4,6197.4,6196.4,6196.2,1882.8,1881.5,1881.3,3739.2,3739.1,3739.8,2622.9,2622.4,2621.9,2933.7,2933.0,2933.4,27.459999,27.750000,going to home base
2024-04-12T22:02:59Z,2408.2,2407.4,2407.8,2675.1,2674.8,2675.0,5763.1,5762.7,5762.5,2370.2,2370.5,2370.5,3556.0,3556.4,3555.9,4494.2,4494.0,4494.2,6280.1,6279.7,6279.7,8757.2,8756.8,8756.1,5294.7,5295.0,5294.8,7533.4,7532.3,7531.2,6197.2,6197.9,6197.8,1882.6,1881.2,1881.3,3739.7,3739.7,3740.7,2623.2,2623.1,2622.2,2934.8,2934.3,2934.3,27.450001,27.760000,going to home base
2024-04-12T22:03:04Z,2408.7,2407.7,2407.9,2675.0,2675.1,2675.4,5763.6,5762.7,5762.7,2370.7,2370.4,2370.9,3555.5,3555.4,3555.3,4493.2,4493.4,4493.3,6280.1,6279.8,6280.4,8757.3,8755.8,8755.4,5295.4,5294.9,5296.5,7533.5,7532.4,7531.4,6197.1,6197.2,6197.8,1882.3,1881.0,1880.7,3739.2,3739.9,3740.3,2623.2,2623.0,2622.6,2934.4,2934.0,2934.7,27.440001,27.719999,going to home base
2024-04-12T22:03:09Z,2407.5,2406.8,2406.8,2674.9,2674.7,2675.1,5763.3,5762.8,5763.0,2370.5,2370.7,2370.9,3555.4,3554.9,3554.5,4493.2,4492.9,4493.3,6284.7,6282.5,6284.6,8758.0,8757.9,8756.3,5294.3,5294.0,5294.8,7530.6,7531.2,7530.7,6197.7,6197.0,6198.5,1882.8,1881.6,1881.3,3738.7,3739.0,3739.9,2622.7,2622.0,2622.5,2935.3,2935.4,2935.4,27.410000,27.690001,going to home base
2024-04-12T22:03:14Z,2407.7,2406.8,2407.2,2675.2,2674.7,2675.0,5762.1,5761.6,5761.7,2370.9,2370.7,2370.4,3555.6,3554.8,3554.5,4493.4,4493.3,4493.6,6282.4,6281.4,6281.6,8756.4,8756.7,8756.9,5294.7,5294.9,5295.3,7529.7,7529.8,7529.4,6196.0,6197.5,6197.7,1882.5,1880.9,1881.0,3739.8,3739.2,3740.4,2623.8,2622.9,2622.4,2934.2,2935.0,2934.6,27.420000,27.719999,going to home base
2024-04-12T22:03:19Z,2407.1,2406.7,2406.8,2673.7,2674.0,2674.5,5762.6,5762.5,5762.2,2370.6,2370.9,2371.7,3554.8,3554.1,3554.3,4493.1,4493.0,4493.1,6283.7,6283.0,6282.4,8756.1,8755.2,8755.4,5295.7,5295.8,5294.9,7530.9,7531.5,7530.7,6194.4,6195.6,6194.6,1882.2,1880.8,1880.9,3739.3,3739.5,3740.8,2623.1,2622.0,2622.0,2935.0,2935.2,2935.6,27.420000,27.719999,going to home base
2024-04-12T22:03:24Z,2407.6,2406.8,2407.2,2674.0,2674.1,2674.1,5762.3,5761.8,5762.1,2369.6,2369.6,2369.7,3555.4,3555.6,3555.1,4493.1,4493.4,4493.5,6282.1,6281.3,6281.9,8756.5,8755.9,8757.4,5294.4,5292.9,5295.0,7530.8,7530.4,7530.3,6192.7,6192.4,6193.5,1882.3,1880.7,1881.1,3739.2,3739.4,3739.9,2623.6,2622.5,2622.4,2934.6,2934.8,2934.7,27.459999,27.680000,going to home base
2024-04-12T22:03:29Z,2407.7,2407.2,2407.4,2673.7,2672.9,2673.6,5762.9,5762.9,5762.4,2370.2,2369.9,2370.4,3555.5,3555.5,3555.6,4492.8,4492.7,4493.0,6282.7,6282.4,6282.1,8755.7,8755.2,8753.5,5294.0,5293.5,5294.3,7532.6,7532.0,7530.1,6194.5,6194.7,6195.4,1882.3,1880.9,1880.9,3739.3,3739.4,3740.5,2623.1,2622.1,2622.7,2936.0,2935.0,2935.4,27.440001,27.760000,going to home base
2024-04-12T22:03:34Z,2408.4,2407.5,2407.7,2674.7,2674.4,2674.9,5762.9,5762.6,5763.0,2370.2,2370.0,2370.1,3555.2,3554.6,3555.0,4493.5,4493.4,4493.3,6280.1,6280.4,6281.8,8756.5,8755.6,8754.9,5294.5,5293.6,5295.8,7533.8,7532.1,7532.9,6197.1,6195.6,6196.1,1882.3,1880.8,1880.9,3739.7,3739.6,3741.0,2623.7,2622.4,2622.4,2934.5,2934.7,2934.3,27.420000,27.700001,going to home base
2024-04-12T22:03:39Z,2407.5,2406.7,2407.0,2674.6,2674.7,2674.6,5762.4,5762.0,5762.1,2370.6,2370.4,2370.8,3554.7,3554.3,3555.0,4493.7,4493.9,4493.4,6280.5,6281.4,6279.2,8757.1,8755.5,8754.4,5294.8,5293.9,5294.4,7529.9,7530.7,7529.5,6193.3,6194.6,6194.7,1882.7,1881.7,1881.1,3739.1,3739.3,3740.8,2623.3,2622.3,2622.9,2933.6,2933.2,2935.3,27.440001,27.719999,going to home base
2024-04-12T22:03:44Z,2407.4,2406.8,2407.1,2675.1,2674.3,2674.8,5762.8,5762.3,5762.8,2370.2,2370.1,2370.8,3554.9,3554.9,3554.4,4493.9,4493.5,4492.9,6277.3,6278.0,6278.9,8753.6,8753.2,8753.0,5294.7,5294.5,5295.5,7529.7,7529.0,7531.6,6196.7,6196.1,6195.9,1882.2,1881.2,1881.0,3739.6,3739.7,3740.3,2623.2,2622.4,2622.6,2934.5,2934.2,2933.5,27.410000,27.700001,going to home base
2024-04-12T22:03:49Z,2407.6,2406.9,2407.3,2674.4,2673.9,2674.3,5762.2,5762.5,5762.5,2370.2,2369.8,2370.0,3555.7,3555.7,3555.4,4493.5,4493.5,4493.6,6280.2,6281.0,6280.5,8754.6,8753.9,8755.0,5295.0,5295.1,5295.7,7528.6,7530.0,7530.3,6193.9,6195.6,6197.2,1881.9,1881.0,1880.6,3739.8,3739.8,3740.7,2623.5,2623.0,2622.8,2934.1,2933.3,2932.8,27.440001,27.760000,going to home base
2024-04-12T22:03:54Z,2407.6,2406.6,2407.1,2674.1,2673.7,2674.2,5762.6,5761.7,5762.4,2369.4,2369.4,2369.5,3555.2,3554.8,3554.4,4493.4,4492.0,4492.7,6280.8,6280.6,6282.1,8752.0,8753.4,8754.9,5295.0,5294.1,5294.8,7531.6,7531.0,7531.3,6195.3,6195.9,6195.7,1882.4,1881.0,1880.7,3739.7,3740.1,3741.0,2623.8,2622.6,2622.6,2933.3,2932.8,2932.8,27.440001,27.700001,going to home base
2024-04-12T22:03:59Z,2407.5,2406.9,2407.3,2674.4,2674.6,2674.6,5762.0,5761.8,5761.9,2369.7,2369.9,2370.2,3555.0,3554.6,3554.3,4493.3,4493.3,4493.1,6279.6,6279.0,6280.9,8755.4,8753.9,8754.5,5293.8,5293.4,5293.9,7531.2,7530.9,7530.5,6194.6,6194.2,6193.6,1882.3,1880.8,1880.6,3738.8,3738.8,3739.9,2623.4,2622.8,2622.3,2934.9,2934.7,2936.0,27.420000,27.750000,going to home base
2024-04-12T22:04:04Z,2407.7,2406.8,2406.7,2674.4,2675.1,2674.3,5761.1,5760.5,5761.1,2370.2,2370.0,2370.3,3555.3,3555.3,3555.1,4492.9,4492.7,4492.8,6280.6,6282.2,6281.5,8753.2,8750.3,8750.8,5295.2,5295.4,5295.0,7528.4,7526.0,7528.5,6192.1,6191.0,6193.0,1881.8,1880.5,1880.2,3739.8,3739.9,3741.3,2623.7,2622.8,2622.8,2935.3,2934.9,2934.8,27.459999,27.690001,going to home base
2024-04-12T22:04:09Z,2407.8,2407.0,2407.0,2674.1,2673.6,2674.1,5761.6,5760.9,5760.7,2369.4,2369.7,2369.8,3555.8,3555.1,3555.3,4492.9,4492.6,4492.8,6282.7,6281.5,6282.8,8750.8,8749.7,8750.3,5295.7,5294.0,5295.8,7528.7,7530.2,7528.7,6193.8,6192.8,6193.2,1882.0,1880.5,1880.6,3739.7,3739.1,3740.1,2623.0,2622.2,2622.1,2933.9,2933.4,2933.0,27.440001,27.730000,going to home base
2024-04-12T22:04:14Z,2407.8,2407.0,2407.4,2673.4,2673.6,2673.7,5761.7,5761.2,5761.2,2370.1,2369.5,2370.0,3555.2,3555.0,3554.9,4493.0,4492.6,4493.1,6281.2,6280.7,6280.7,8752.4,8752.7,8752.3,5294.5,5293.6,5294.8,7530.2,7530.5,7530.0,6194.4,6194.4,6195.2,1882.2,1881.0,1881.0,3739.9,3739.8,3740.6,2622.7,2622.3,2622.4,2935.9,2935.0,2935.3,27.420000,27.730000,going to home base
2024-04-12T22:04:20Z,2407.7,2407.4,2407.4,2673.6,2673.6,2673.3,5761.7,5761.3,5761.5,2370.1,2369.6,2370.5,3555.1,3555.5,3555.8,4493.1,4493.1,4492.9,6282.6,6282.5,6282.7,8752.6,8751.9,8752.4,5294.5,5295.1,5296.4,7531.4,7530.4,7530.4,6193.9,6193.9,6193.4,1882.2,1880.9,1880.7,3739.5,3739.6,3740.7,2622.6,2622.2,2622.1,2936.0,2935.8,2936.0,27.450001,27.680000,going to home base
2024-04-12T22:04:24Z,2407.7,2407.0,2407.5,2673.5,2673.6,2674.0,5762.0,5761.6,5761.6,2369.2,2369.6,2371.1,3555.0,3555.3,3554.7,4493.0,4492.5,4493.0,6282.1,6280.1,6280.2,8753.1,8753.9,8753.4,5295.2,5295.6,5295.0,7529.3,7528.2,7528.3,6193.0,6192.7,6192.1,1881.9,1880.8,1880.7,3738.8,3739.6,3740.0,2622.3,2621.9,2622.0,2933.8,2933.8,2934.7,27.450001,27.700001,going to home base
2024-04-12T22:04:34Z,2408.0,2406.9,2407.6,2674.4,2673.9,2674.0,5761.0,5761.0,5760.7,2370.1,2370.0,2370.0,3555.4,3555.3,3555.3,4492.0,4492.3,4492.6,6280.6,6281.2,6280.2,8start,27259.6,27264.7,2407.3,2406.2,2406.5,2674.0,2674.2,2674.1,5760.9,5760.7,5760.8,3804.3,89197.4,89205.7,14531.1,14528.8,14531.4,3555.9,3555.6,3555.9,4492.2,4492.3,4491.9,6277.4,16867.7,going to home base
2024-04-12T22:04:44Z,2406.7,2406.2,2406.2,2673.2,2673.4,2673.8,5760.7,5760.8,5761.4,2370.0,2370.0,2370.2,3555.5,3555.0,3554.9,4492.0,4491.8,4491.8,6279.0,6277.8,6278.5,8753.4,8752.3,8753.4,5294.8,5294.7,5296.6,7527.4,7528.6,7529.6,6191.8,6190.6,6191.9,1882.0,1880.5,1880.5,3738.2,3738.0,3740.0,2622.0,2621.4,2621.9,2934.1,2932.9,2933.7,27.440001,27.719999,going to home base
2024-04-12T22:04:49Z,2407.1,2406.5,2406.7,2673.8,2673.4,2673.8,5761.0,5760.0,5760.1,2369.6,2369.7,2370.3,3555.6,3554.2,3554.8,4492.1,4492.1,4492.2,6277.2,6276.9,6279.5,8755.0,8754.0,8753.3,5296.6,5295.8,5297.9,7531.3,7532.2,7531.0,6192.5,6193.7,6193.8,1882.0,1880.1,1880.1,3738.1,3739.0,3739.3,2622.3,2621.6,2621.3,2934.7,2934.3,2934.2,27.410000,27.719999,going to home base
2024-04-12T22:04:54Z,2407.4,2406.5,2406.4,2674.1,2673.9,2673.8,5760.4,5760.3,5760.3,2370.0,2369.2,2369.6,3555.2,3555.2,3555.4,4492.1,4492.3,4492.0,6280.6,6281.4,6280.6,8752.3,8752.2,8751.9,5293.7,5293.6,5294.7,7532.4,7532.6,7532.0,6190.2,6192.3,6191.7,1881.3,1879.4,1879.4,3738.4,3738.5,3739.5,2622.3,2621.7,2621.9,2932.8,2932.5,2932.5,27.450001,27.700001,going to home base
2024-04-12T22:04:59Z,2407.3,2406.9,2407.0,2673.7,2673.6,2674.2,5760.4,5760.1,5760.1,2370.4,2369.6,2370.3,3555.2,3554.1,3554.6,4492.7,4492.4,4492.5,6279.3,6279.9,6280.7,8752.3,8750.6,8751.0,5294.5,5294.9,5295.5,7529.7,7529.5,7527.5,6191.5,6190.6,6190.7,1881.3,1880.1,1879.9,3738.3,3738.8,3739.5,2622.6,2622.4,2622.4,2934.0,2932.4,2933.4,27.420000,27.730000,going to home base
2024-04-12T22:05:04Z,2408.2,2407.5,2407.3,2673.0,2673.4,2673.5,5760.2,5759.8,5759.9,2369.9,2369.0,2369.6,3555.5,3555.6,3555.2,4492.2,4492.6,4492.4,6281.5,6280.7,6282.3,8750.9,8751.6,8752.2,5293.1,5294.5,5294.3,7528.8,7527.3,7528.4,6192.0,6192.6,6193.2,1881.4,1880.0,1879.9,3737.7,3738.4,3738.9,2622.1,2621.5,2621.3,2934.2,2933.1,2933.3,27.440001,27.730000,going to home base
2024-04-12T22:05:09Z,2407.0,2406.3,2406.9,2673.0,2672.9,2673.6,5760.5,5760.2,5760.6,2369.2,2368.8,2369.7,3555.7,3555.7,3555.6,4491.8,4491.3,4491.4,6279.4,6278.7,6278.7,8753.6,8753.0,8752.6,5296.1,5294.4,5295.2,7529.3,7526.9,7529.1,6194.5,6194.5,6193.5,1881.8,1880.8,1880.5,3737.7,3737.7,3738.9,2621.4,2620.5,2621.3,2934.6,2933.9,2933.9,27.459999,27.730000,going to home base
2024-04-12T22:05:14Z,2408.2,2407.1,2407.7,2673.8,2673.4,2673.7,5760.7,5760.8,5760.5,2369.6,2369.5,2370.1,3556.5,3556.0,3556.0,4491.5,4491.6,4491.9,6276.7,6277.7,6277.9,8751.6,8750.2,8750.4,5294.0,5294.2,5295.0,7529.8,7529.6,7531.5,6191.5,6193.7,6192.5,1881.9,1880.2,1880.3,3738.6,3738.4,3739.2,2622.1,2621.3,2621.5,2933.1,2932.7,2932.3,27.420000,27.690001,going to home base
2024-04-12T22:05:19Z,2408.1,2407.3,2407.3,2673.1,2673.2,2673.5,5761.3,5760.9,5760.4,2368.6,2368.4,2369.3,3555.0,3555.2,3554.9,4491.8,4491.9,4492.3,6279.9,6279.1,6279.2,8752.3,8752.3,8752.3,5294.9,5294.4,5294.7,7530.1,7530.0,7528.9,6192.8,6192.3,6192.8,1881.8,1880.3,1880.3,3738.0,3737.7,3738.8,2621.7,2620.7,2620.5,2933.0,2932.1,2932.6,27.450001,27.750000,going to home base
2024-04-12T22:05:24Z,2407.6,2407.0,2406.9,2672.4,2672.7,2673.2,5760.5,5760.5,5760.7,2369.0,2368.6,2369.0,3555.0,3554.5,3554.1,4491.8,4491.8,4492.0,6275.4,6275.2,6275.1,8751.0,8750.0,8750.1,5293.6,5293.6,5293.5,7529.9,7529.3,7529.6,6195.8,6194.5,6195.1,1881.2,1879.5,1879.7,3738.7,3738.9,3739.6,2622.0,2622.0,2621.4,2933.2,2932.2,2932.5,27.410000,27.680000,going to home base
2024-04-12T22:05:29Z,2407.3,2406.7,2407.1,2673.1,2672.9,2673.4,5760.7,5760.0,5760.0,2369.3,2369.3,2369.4,3555.5,3554.1,3554.7,4491.3,4491.3,4491.4,6276.6,6276.7,6278.2,8753.4,8751.7,8750.6,5294.5,5293.6,5294.5,7529.7,7529.6,7529.0,6194.9,6194.9,6194.7,1881.0,1879.7,1879.9,3738.2,3738.4,3739.2,2621.2,2620.4,2620.2,2933.6,2933.3,2933.0,27.440001,27.730000,going to home base
2024-04-12T22:05:34Z,2407.2,2406.7,2407.1,2673.4,2673.1,2673.6,5760.8,5759.9,5760.1,2368.6,2368.4,2368.6,3555.2,3554.5,3554.2,4491.8,4492.2,4491.6,6277.1,6275.8,6276.7,8749.7,8750.1,8750.7,5294.6,5295.5,5295.0,7530.4,7527.9,7528.9,6193.7,6193.5,6193.5,1880.8,1879.4,1879.4,3738.6,3738.5,3739.6,2622.0,2621.0,2621.4,2933.3,2933.0,2933.6,27.440001,27.730000,going to home base
2024-04-12T22:05:39Z,2407.1,2406.5,2406.4,2673.1,2673.2,2672.9,5760.2,5759.8,5759.7,2369.0,2368.7,2369.7,3554.5,3554.9,3554.6,4491.7,4491.3,4491.4,6280.7,6280.2,6281.6,8750.5,8748.5,8753.1,5294.0,5292.6,5294.0,7529.2,7527.6,7526.7,6191.9,6192.2,6192.5,1881.1,1879.5,1879.7,3737.6,3737.9,3738.6,2621.6,2621.0,2620.6,2934.1,2932.8,2932.8,27.440001,27.700001,going to home base
2024-04-12T22:05:44Z,2407.1,2406.4,2406.4,2673.3,2673.1,2673.3,5760.0,5760.1,5759.6,2369.4,2369.6,2369.8,3555.0,3554.6,3554.6,4491.8,4492.1,4491.9,6279.7,6277.3,6278.7,8750.4,8752.8,8751.1,5292.2,5293.1,5293.9,7530.3,7529.8,7528.5,6194.7,6193.6,6194.6,1881.1,1879.7,1879.8,3738.4,3738.5,3739.4,2620.5,2621.2,2621.1,2933.0,2933.0,2933.1,27.440001,27.730000,going to home base
2024-04-12T22:05:49Z,2406.9,2406.2,2406.3,2673.7,2673.2,2674.0,5760.5,5759.6,5759.9,2369.2,2369.2,2369.9,3555.1,3554.9,3554.3,4490.9,4490.9,4491.2,6278.9,6277.2,6279.6,8751.4,8750.6,8751.6,5292.4,5292.4,5293.7,7530.3,7529.2,7527.3,6196.4,6196.3,6195.9,1881.3,1879.5,1879.5,3736.5,3736.0,3736.5,2621.9,2621.1,2621.2,2933.9,2933.4,2933.4,27.450001,27.750000,going to home base
2024-04-12T22:05:54Z,2406.8,2406.1,2406.3,2673.3,2673.3,2673.6,5759.7,5759.6,5759.6,2368.8,2368.8,2369.6,3554.7,3554.9,3554.0,4491.5,4491.3,4491.1,6277.8,6277.0,6277.4,8751.9,8750.3,8750.8,5293.1,5293.4,5294.6,7528.3,7528.8,7527.9,6195.8,6196.1,6194.5,1880.9,1879.4,1879.3,3737.6,3738.6,3739.4,2621.6,2620.8,2621.3,2933.7,2932.7,2933.5,27.389999,27.760000,going to home base
2024-04-12T22:05:59Z,2407.1,2406.5,2406.8,2673.3,2673.8,2673.8,5760.1,5759.7,5759.7,2368.8,2369.2,2369.5,3555.7,3555.2,3555.2,4491.2,4491.0,4491.1,6277.9,6277.1,6277.5,8750.9,8750.9,8751.4,5293.6,5293.0,5294.1,7529.6,7528.4,7529.7,6193.7,6192.8,6192.9,1881.1,1879.4,1879.4,3737.5,3737.6,3738.3,2621.3,2621.0,2621.4,2932.7,2933.1,2933.4,27.450001,27.760000,going to home base
2024-04-12T22:06:04Z,2406.9,2406.5,2406.8,2672.4,2672.6,2672.6,5759.5,5759.3,5759.7,2369.9,2369.6,2370.2,3554.8,3554.6,3554.8,4491.2,4491.3,4490.9,6278.0,6277.6,6277.5,8748.2,8749.9,8750.7,5293.5,5292.9,5293.7,7529.1,7530.0,7529.8,6194.5,6193.4,6195.4,1881.4,1879.7,1879.4,3737.6,3737.4,3738.1,2622.2,2621.1,2620.6,2934.2,2934.4,2934.2,27.440001,27.730000,going to home base
2024-04-12T22:06:09Z,2406.8,2406.1,2406.6,2672.9,2672.6,2673.3,5760.5,5759.9,5759.5,2370.2,2370.1,2370.4,3555.1,3553.5,3554.8,4491.4,4490.9,4491.0,6282.1,6280.2,6280.6,8748.3,8750.1,8749.8,5292.4,5292.1,5293.8,7528.2,7525.6,7524.4,6192.0,6193.4,6193.2,1881.4,1879.7,1879.7,3736.6,3737.6,3738.2,2621.2,2620.2,2620.3,2933.1,2932.9,2933.2,27.450001,27.730000,going to home base
2024-04-12T22:06:14Z,2406.3,2405.8,2406.0,2672.9,2673.2,2673.3,5759.7,5759.5,5759.3,2368.8,2368.6,2369.3,3554.2,3553.4,3553.4,4491.0,4491.3,4491.1,6277.5,6276.1,6276.0,8750.6,8749.2,8748.3,5294.2,5293.1,5293.4,7527.1,7525.7,7526.9,6193.0,6193.5,6193.4,1880.7,1879.6,1879.9,3736.6,3736.5,3738.3,2621.5,2620.5,2620.4,2932.8,2932.2,2933.0,27.440001,27.719999,going to home base
2024-04-12T22:06:19Z,2407.2,2406.3,2406.5,2672.2,2672.6,2673.6,5760.5,5759.7,5759.8,2369.2,2369.5,2370.2,3554.3,3553.5,3554.1,4490.5,4490.4,4490.4,6279.3,6282.4,6281.6,8752.4,8751.1,8749.5,5292.9,5293.4,5293.7,7525.6,7526.2,7525.1,6194.3,6194.1,6194.2,1881.1,1879.8,1879.6,3736.7,3736.4,3737.6,2621.4,2621.0,2621.0,2933.5,2933.6,2932.8,27.440001,27.740000,going to home base
2024-04-12T22:06:24Z,2406.8,2406.2,2406.4,2673.4,2672.9,2673.5,5759.8,5759.7,5759.5,2369.2,2369.4,2370.3,3554.3,3554.1,3554.2,4491.0,4490.5,4491.2,6277.6,6278.1,6278.2,8751.3,8750.0,8751.5,5290.5,5290.4,5291.9,7527.0,7528.1,7527.7,6193.1,6193.8,6192.7,1881.4,1880.3,1880.1,3736.7,3736.7,3738.0,2620.5,2620.3,2620.0,2934.4,2933.8,2934.0,27.440001,27.790001,going to home base
2024-04-12T22:06:29Z,2406.5,2406.2,2406.6,2673.3,2673.1,2673.7,5760.5,5759.6,5759.6,2369.0,2369.1,2369.8,3554.0,3553.7,3554.0,4491.0,4491.0,4490.9,6276.1,6277.4,6276.7,8750.3,8750.8,8751.9,5291.4,5291.5,5292.5,7526.6,7526.5,7526.4,6193.4,6192.6,6194.3,1881.4,1879.8,1880.0,3736.4,3736.8,3737.4,2621.3,2620.6,2620.4,2934.0,2932.5,2933.9,27.410000,27.719999,going to home base
2024-04-12T22:06:39Z,2407.1,2406.3,2406.1,2672.6,2672.4,2672.4,start,27237.8,27242.7,2407.2,2406.1,2406.7,2369.7,2369.8,3804.0,3804.0,89108.3,89107.5,14522.8,14518.9,14515.2,4490.4,4490.6,6274.8,6273.7,6275.3,16869.8,16867.2,34434.5,34444.5,8751.4,8750.2,8751.2,7527.4,7524.6,6195.1,6192.4,6194.4,45086.5,45109.2,3766.1,3766.7,1880.4,1878.8,1879.0,3737.5,2621.1,going to home base
2024-04-12T22:06:49Z,2406.2,2406.0,2406.0,2672.5,2672.0,2672.8,5759.7,5759.0,5759.6,2369.7,2369.3,2369.6,3554.5,3553.7,3553.8,4491.0,4490.7,4490.5,6275.5,6277.2,6277.2,8750.5,8750.0,8749.5,5292.0,5291.3,5292.6,7526.9,7525.8,7526.3,6195.3,6195.0,6195.1,1881.4,1880.2,1880.1,3736.5,3736.6,3737.6,2620.4,2619.8,2619.6,2934.2,2934.0,2933.9,27.420000,27.780001,going to home base
2024-04-12T22:06:54Z,2406.6,2405.9,2405.9,2672.9,2672.6,2673.1,5760.1,5759.9,5760.2,2368.3,2368.2,2368.7,3554.8,3554.0,3554.9,4490.4,4489.9,4489.9,6278.3,6278.8,6278.0,8752.1,8751.1,8751.0,5292.9,5293.7,5293.3,7525.3,7524.4,7523.3,6194.7,6194.7,6194.0,1880.9,1879.3,1879.1,3736.3,3736.5,3737.1,2621.8,2621.2,2621.4,2933.0,2932.0,2932.6,27.440001,27.730000,going to home base
2024-04-12T22:06:59Z,2406.5,2406.3,2406.1,2671.6,2671.7,2672.2,5759.9,5759.2,5759.6,2369.2,2368.7,2369.4,3554.3,3554.0,3553.6,4490.3,4490.8,4490.2,6276.6,6275.6,6277.4,8750.3,8752.0,8751.5,5292.2,5291.1,5293.2,7526.4,7523.9,7523.9,6194.5,6192.7,6194.6,1881.0,1880.2,1880.5,3736.8,3736.8,3737.5,2622.2,2621.8,2622.0,2933.2,2933.2,2932.3,27.420000,27.700001,going to home base
2024-04-12T22:07:04Z,2407.4,2406.8,2406.8,2672.7,2671.8,2673.0,5759.2,5758.8,5758.9,2369.4,2369.4,2369.9,3553.4,3553.0,3553.5,4490.4,4490.0,4490.1,6274.2,6274.8,6274.7,8750.0,8750.2,8750.4,5292.7,5292.2,5292.8,7526.2,7526.2,7526.0,6195.2,6194.5,6195.2,1880.9,1880.1,1879.0,3737.1,3737.1,3738.3,2620.9,2620.1,2619.8,2934.3,2933.5,2933.9,27.440001,27.700001,going to home base
2024-04-12T22:07:09Z,2406.4,2405.8,2405.8,2672.7,2672.6,2672.5,5759.8,5759.2,5759.7,2368.9,2368.8,2369.1,3553.8,3553.4,3554.0,4490.1,4490.6,4490.1,6274.5,6272.6,6275.6,8750.2,8749.5,8750.9,5292.6,5292.5,5292.6,7527.1,7525.8,7525.1,6193.1,6193.0,6193.3,1880.7,1879.1,1879.2,3736.8,3737.0,3737.8,2621.6,2620.9,2620.3,2932.1,2932.2,2932.3,27.420000,27.719999,going to home base
2024-04-12T22:07:14Z,2406.7,2406.1,2406.4,2672.4,2672.3,2672.7,5760.1,5759.6,5760.1,2369.0,2369.3,2369.1,3553.6,3553.5,3553.7,4490.4,4490.4,4490.0,6275.7,6275.4,6276.2,8751.7,8751.7,8752.1,5291.3,5290.9,5291.6,7526.2,7525.6,7527.9,6195.1,6194.6,6191.8,1880.9,1879.3,1879.6,3736.5,3736.7,3737.4,2621.5,2620.5,2620.9,2931.8,2931.2,2931.7,27.420000,27.690001,going to home base
2024-04-12T22:07:19Z,2406.6,2405.9,2406.1,2672.8,2672.4,2672.6,5759.6,5759.6,5760.2,2369.1,2368.9,2369.6,3553.3,3553.1,3554.2,4489.7,4489.7,4489.8,6277.7,6277.7,6278.3,8749.3,8748.0,8748.8,5291.1,5290.7,5291.1,7526.5,7525.0,7525.7,6191.5,6192.0,6193.4,1880.1,1879.2,1879.1,3736.6,3736.6,3737.0,2621.6,2621.3,2620.8,2931.1,2931.2,2932.5,27.410000,27.730000,going to home base
2024-04-12T22:07:24Z,2406.4,2405.6,2406.2,2672.1,2672.0,2672.1,5759.7,5758.8,5758.9,2369.2,2369.5,2369.8,3553.8,3553.8,3554.4,4490.3,4490.3,4490.2,6276.6,6277.4,6278.5,8750.3,8750.0,8748.4,5291.9,5291.5,5292.7,7524.3,7523.8,7524.4,6194.4,6192.7,6195.0,1880.7,1879.5,1879.3,3736.2,3735.8,3737.7,2621.0,2620.0,2620.5,2933.1,2931.9,2933.1,27.420000,27.730000,going to home base
2024-04-12T22:07:29Z,2406.3,2405.5,2405.9,2672.6,2672.7,2673.4,5759.3,5759.1,5759.2,2369.1,2369.3,2369.4,3553.3,3552.8,3552.1,4490.0,4489.8,4489.9,6276.3,6276.1,6276.2,8750.2,8750.3,8750.3,5291.1,5291.9,5292.3,7526.1,7525.3,7524.6,6194.3,6193.8,6194.7,1881.6,1879.7,1879.5,3736.5,3736.9,3737.3,2621.8,2620.9,2621.0,2932.3,2931.6,2932.0,27.440001,27.719999,going to home base
2024-04-12T22:07:34Z,2406.4,2405.4,2405.8,2672.3,2671.9,2672.0,5759.4,5759.0,5758.6,2369.0,2369.2,2369.4,3553.5,3552.9,3552.7,4489.6,4489.1,4488.5,6276.0,6275.4,6275.8,8749.4,8749.5,8749.0,5291.0,5291.2,5291.8,7528.3,7526.1,7525.5,6196.2,6196.0,6196.0,1880.9,1879.5,1879.3,3736.6,3736.9,3738.0,2620.9,2620.3,2620.1,2932.5,2932.4,2932.5,27.440001,27.700001,going to home base
2024-04-12T22:07:39Z,2406.4,2405.7,2406.2,2671.9,2671.5,2671.4,5758.6,5758.6,5759.0,2369.1,2368.8,2369.4,3553.7,3552.7,3552.7,4489.9,4489.9,4490.1,6275.0,6276.4,6277.0,8747.9,8748.1,8749.4,5291.7,5290.7,5292.6,7524.9,7524.7,7521.7,6195.1,6194.8,6193.6,1881.0,1879.5,1879.2,3736.4,3736.3,3737.2,2621.7,2620.7,2620.1,2932.4,2930.5,2931.7,27.440001,27.719999,going to home base
2024-04-12T22:07:44Z,2406.5,2405.5,2405.8,2672.8,2672.1,2672.6,5758.6,5758.1,5758.3,2369.5,2369.4,2370.0,3554.2,3553.4,3554.1,4489.2,4489.6,4489.5,6276.3,6276.9,6274.6,8749.2,8747.7,8748.0,5292.1,5291.5,5293.0,7524.9,7524.6,7523.8,6196.0,6194.8,6195.3,1880.4,1879.1,1879.1,3736.0,3735.9,3736.6,2621.0,2620.1,2620.2,2931.9,2930.9,2931.3,27.420000,27.730000,going to home base
2024-04-12T22:07:49Z,2406.8,2405.7,2406.2,2672.3,2672.5,2673.0,5758.9,5758.5,5758.8,2368.9,2368.6,2369.0,3552.9,3552.7,3552.4,4490.5,4489.8,4490.3,6276.9,6278.2,6279.4,8750.8,8748.9,8748.7,5292.0,5291.3,5293.0,7527.6,7527.0,7527.4,6194.2,6194.3,6194.5,1880.8,1879.5,1879.4,3735.7,3736.4,3736.6,2620.4,2619.7,2619.7,2932.3,2931.9,2931.9,27.410000,27.730000,going to home base
2024-04-12T22:07:54Z,2406.2,2405.8,2406.0,2672.3,2672.1,2672.8,5758.7,5758.6,5758.3,2368.7,2368.7,2369.4,3553.1,3551.8,3551.6,4489.9,4489.7,4489.8,6274.9,6273.5,6275.5,8750.4,8750.7,8750.3,5291.0,5290.5,5290.7,7525.3,7523.9,7523.4,6194.6,6194.3,6193.7,1880.8,1879.3,1879.1,3735.2,3735.4,3736.2,2621.1,2620.0,2620.3,2931.9,2931.1,2931.4,27.440001,27.730000,going to home base
2024-04-12T22:07:59Z,2406.2,2405.6,2405.5,2672.9,2672.9,2672.9,5758.8,5758.7,5758.8,2368.8,2369.0,2369.4,3553.9,3554.0,3553.4,4489.5,4489.5,4489.9,6275.2,6276.4,6277.3,8751.1,8750.8,8750.9,5290.8,5291.4,5292.6,7525.0,7525.2,7525.1,6193.0,6193.9,6193.5,1880.2,1878.8,1878.8,3735.2,3735.5,3735.7,2620.1,2619.2,2619.5,2933.3,2931.9,2933.3,27.440001,27.730000,going to home base
2024-04-12T22:08:04Z,2406.0,2405.6,2405.5,2672.3,2671.9,2672.6,5758.8,5758.5,5758.3,2369.0,2369.1,2369.4,3552.8,3552.9,3552.5,4490.2,4489.4,4489.5,6277.5,6275.9,6277.7,8749.0,8748.6,8750.0,5290.7,5290.8,5291.6,7524.7,7523.0,7523.5,6195.0,6192.6,6194.1,1880.4,1878.8,1878.7,3736.1,3735.9,3736.4,2620.5,2620.2,2620.8,2931.9,2932.2,2932.1,27.420000,27.719999,going to home base
2024-04-12T22:08:09Z,2407.0,2406.1,2406.6,2671.6,2671.4,2671.4,5758.8,5758.8,5759.0,2368.2,2368.4,2368.6,3553.2,3552.0,3553.0,4489.5,4489.3,4488.6,6278.6,6277.9,6278.4,8750.4,8749.0,8748.5,5289.8,5289.5,5289.9,7524.4,7525.0,7525.6,6192.2,6191.8,6192.0,1880.6,1879.3,1879.3,3735.2,3735.6,3736.7,2620.2,2618.6,2619.0,2932.2,2932.5,2931.9,27.440001,27.750000,going to home base
2024-04-12T22:08:14Z,2405.6,2405.0,2405.3,2671.9,2672.0,2672.1,5759.1,5758.4,5758.9,2369.1,2368.4,2369.1,3553.7,3553.6,3552.9,4488.6,4488.7,4488.8,6279.6,6278.7,6279.0,8749.2,8748.8,8748.7,5290.7,5289.1,5290.0,7526.0,7526.4,7525.8,6190.7,6190.5,6192.0,1880.3,1879.1,1879.1,3736.0,3735.8,3736.5,2621.3,2620.7,2620.4,2932.1,2931.9,2932.0,27.420000,27.719999,going to home base
2024-04-12T22:08:19Z,2406.0,2405.6,2405.6,2671.7,2671.2,2671.7,5758.5,5757.4,5758.2,2368.9,2369.0,2369.4,3552.5,3552.7,3552.3,4489.1,4488.5,4488.3,6275.3,6274.6,6275.8,8750.1,8749.8,8750.6,5289.9,5289.7,5291.3,7525.9,7524.9,7523.2,6190.0,6187.5,6189.6,1881.0,1879.1,1879.2,3735.4,3735.3,3736.0,2620.5,2619.6,2619.6,2932.9,2932.4,2932.7,27.440001,27.719999,going to home base
2024-04-12T22:08:24Z,2406.6,2406.1,2405.7,2672.2,2671.7,2672.1,5757.9,5757.3,5757.6,2367.2,2367.3,2368.1,3554.0,3552.9,3553.1,4489.6,4489.2,4489.4,6278.1,6276.9,6277.4,8748.3,8748.6,8749.2,5292.3,5291.7,5292.4,7525.9,7523.6,7525.4,6191.3,6190.4,6191.0,1881.0,1879.0,1879.3,3735.5,3735.4,3736.3,2620.0,2619.0,2619.3,2931.1,2930.8,2931.2,27.420000,27.780001,going to home base
2024-04-12T22:08:30Z,2405.9,2405.5,2405.6,2671.6,2671.3,2671.6,5758.8,5758.3,5758.5,2368.1,2368.3,2368.6,3553.5,3552.7,3553.4,4489.2,4489.4,4488.9,6274.9,6275.7,6274.5,8747.5,8747.2,8746.8,5289.9,5289.7,5291.2,7525.8,7525.8,7526.4,6189.9,6191.6,6192.2,1880.8,1879.2,1879.1,3735.1,3734.9,3736.4,2620.3,2619.6,2619.5,2931.8,2931.3,2931.9,27.420000,27.730000,going to home base
2024-04-12T22:08:34Z,2406.2,2405.5,2405.2,2671.7,2671.4,2671.9,5758.2,5757.8,5757.9,2369.2,2368.6,2368.6,3552.8,3552.3,3552.8,4489.7,4489.6,4489.3,6274.5,6275.4,6274.7,8747.7,8747.1,8747.8,5289.5,5290.5,5290.2,7525.5,7525.8,7526.5,6190.9,6190.0,6191.0,1880.7,1879.1,1878.9,3735.0,3735.2,3736.0,2620.0,2619.1,2618.9,2932.6,2931.4,2931.4,27.420000,27.719999,going to home base
2024-04-12T22:08:44Z,2406.5,2405.9,2406.3,2671.1,2671.9,2672.2,start,27237.4,27239.1,2406.7,2406.0,2406.7,2367.0,2367.7,3803.3,3803.3,89088.1,89131.6,14509.6,14508.9,14514.1,4488.8,4488.7,6275.7,6275.0,6274.0,16857.7,16855.6,34419.7,34442.1,8747.7,8748.6,8747.3,7525.1,7524.6,6189.0,6187.9,6188.5,45076.6,45089.4,3766.1,3766.5,1881.0,1879.5,1879.3,3736.0,2620.3,going to home base
2024-04-12T22:08:54Z,2406.6,2405.5,2405.8,2671.1,2670.7,2671.2,5757.9,5757.7,5758.2,2368.0,2368.4,2368.7,3553.7,3553.0,3552.8,4488.9,4489.0,4488.8,6275.2,6276.0,6277.7,8747.1,8748.1,8747.1,5290.0,5289.6,5290.9,7523.1,7522.0,7524.1,6186.9,6185.7,6187.5,1880.8,1878.9,1878.6,3734.6,3734.6,3735.4,2620.1,2618.8,2619.1,2932.7,2931.6,2932.6,27.440001,27.680000,going to home base
2024-04-12T22:08:59Z,2406.7,2405.7,2405.8,2671.4,2671.3,2671.9,5757.6,5757.0,5757.0,2367.7,2367.7,2368.7,3553.1,3552.4,3551.9,4489.3,4488.7,4488.8,6273.3,6273.2,6274.2,8747.8,8746.0,8747.2,5287.5,5289.1,5289.4,7522.4,7521.9,7520.8,6191.7,6190.6,6191.2,1880.4,1878.6,1878.6,3734.8,3734.4,3736.3,2619.2,2618.6,2618.8,2932.1,2931.2,2931.2,27.440001,27.730000,going to home base
2024-04-12T22:09:04Z,2405.9,2405.1,2405.5,2671.6,2671.6,2671.7,5756.9,5756.7,5756.8,2367.9,2367.9,2368.0,3553.4,3553.1,3552.7,4488.8,4489.1,4489.6,6273.5,6273.1,6273.1,8747.2,8747.3,8746.5,5290.4,5290.1,5291.3,7524.9,7523.9,7522.0,6187.8,6186.8,6187.2,1880.8,1879.4,1879.3,3735.0,3735.5,3736.6,2619.4,2618.8,2619.1,2931.4,2930.5,2931.1,27.420000,27.690001,going to home base
2024-04-12T22:09:09Z,2406.6,2405.5,2405.8,2671.1,2671.5,2672.0,5757.2,5756.9,5756.8,2367.4,2367.6,2368.6,3553.5,3553.6,3553.2,4489.6,4489.0,4489.3,6276.0,6274.8,6275.3,8746.2,8748.0,8748.8,5290.5,5290.2,5290.2,7523.6,7522.4,7521.3,6190.4,6189.8,6190.6,1880.2,1878.5,1878.5,3735.7,3735.1,3736.1,2619.7,2619.2,2618.7,2933.3,2932.0,2932.1,27.410000,27.750000,going to home base
2024-04-12T22:09:14Z,2406.6,2406.1,2406.0,2671.1,2671.1,2671.8,5757.5,5756.6,5756.7,2368.0,2367.3,2368.0,3554.5,3553.4,3554.0,4489.0,4488.5,4488.8,6277.3,6277.9,6278.2,8745.6,8745.2,8745.4,5288.5,5288.1,5288.8,7524.2,7523.2,7524.7,6189.6,6190.5,6190.1,1880.0,1878.1,1877.9,3734.4,3734.2,3735.6,2617.9,2617.5,2617.6,2933.0,2932.7,2932.3,27.420000,27.700001,going to home base
2024-04-12T22:09:19Z,2406.6,2405.5,2405.8,2671.2,2671.2,2671.5,5756.9,5756.4,5757.2,2368.1,2368.0,2368.8,3552.6,3552.2,3552.3,4488.0,4488.2,4488.4,6276.7,6273.7,6274.2,8748.3,8748.9,8747.0,5288.8,5288.5,5289.9,7523.1,7520.9,7521.4,6190.7,6193.7,6191.4,1880.5,1878.9,1878.9,3734.6,3734.6,3735.6,2619.1,2618.6,2618.4,2933.2,2932.4,2932.0,27.410000,27.730000,going to home base
2024-04-12T22:09:24Z,2405.9,2405.5,2405.5,2671.2,2671.2,2671.7,5757.0,5756.5,5756.5,2367.6,2368.1,2368.5,3552.5,3552.6,3552.3,4488.5,4488.0,4488.3,6276.1,6275.2,6275.4,8747.8,8748.6,8747.7,5289.8,5288.1,5288.4,7524.6,7522.1,7522.5,6191.5,6192.3,6193.8,1881.0,1879.7,1879.8,3733.9,3734.3,3735.5,2619.2,2617.9,2618.2,2931.6,2931.1,2930.8,27.459999,27.790001,going to home base
2024-04-12T22:09:29Z,2406.5,2405.8,2406.1,2672.0,2672.1,2672.3,5757.8,5757.7,5757.4,2367.9,2367.8,2368.4,3551.6,3552.0,3552.0,4488.9,4489.0,4488.9,6275.6,6273.3,6275.8,8746.8,8747.1,8750.6,5288.8,5288.2,5290.0,7526.5,7524.9,7525.3,6193.6,6193.9,6191.7,1880.8,1879.5,1879.2,3733.6,3733.7,3734.4,2618.9,2618.1,2618.2,2933.6,2932.4,2932.5,27.420000,27.750000,going to home base
2024-04-12T22:09:34Z,2405.7,2405.2,2405.2,2671.1,2670.9,2671.8,5757.2,5756.9,5757.1,2367.6,2367.7,2368.3,3552.6,3551.7,3551.7,4488.4,4488.4,4488.7,6273.6,6275.0,6273.6,8746.3,8746.5,8747.9,5288.8,5288.8,5290.1,7524.3,7523.9,7524.1,6189.3,6189.5,6190.6,1880.5,1879.2,1879.3,3734.1,3734.1,3735.2,2619.0,2617.9,2617.9,2932.7,2931.8,2932.6,27.440001,27.790001,going to home base
2024-04-12T22:09:39Z,2405.8,2405.0,2405.2,2671.4,2671.2,2671.7,5757.2,5756.9,5756.6,2367.5,2367.5,2367.6,3551.0,3551.3,3551.5,4489.0,4488.6,4488.4,6272.0,6272.7,6272.6,8747.6,8746.1,8746.6,5288.5,5287.6,5289.0,7524.6,7523.5,7523.7,6191.6,6190.5,6192.2,1880.6,1879.2,1879.5,3735.8,3735.4,3736.2,2618.7,2618.4,2618.1,2932.5,2932.3,2931.9,27.440001,27.730000,going to home base
2024-04-12T22:09:44Z,2405.6,2405.0,2404.6,2672.0,2671.8,2671.8,5757.4,5756.8,5757.1,2367.2,2367.3,2367.8,3552.4,3551.9,3552.6,4488.7,4488.4,4488.3,6273.8,6272.8,6273.5,8745.8,8747.0,8747.6,5288.4,5288.7,5289.4,7523.3,7523.2,7523.5,6187.7,6189.0,6188.4,1880.6,1879.1,1879.2,3734.3,3733.7,3735.2,2618.8,2618.4,2618.7,2933.8,2932.9,2932.9,27.440001,27.760000,going to home base
2024-04-12T22:09:49Z,2406.2,2405.6,2406.1,2671.9,2671.9,2672.5,5757.3,5756.9,5757.0,2368.1,2367.9,2368.1,3553.3,3552.9,3552.7,4488.3,4488.0,4488.7,6275.6,6273.3,6273.9,8747.8,8748.5,8747.1,5289.1,5288.6,5290.1,7525.3,7524.6,7526.5,6193.0,6193.8,6193.9,1880.5,1879.2,1879.3,3733.4,3733.9,3734.2,2618.0,2617.0,2617.1,2932.2,2930.2,2932.0,27.440001,27.790001,going to home base
2024-04-12T22:09:54Z,2405.8,2405.3,2405.3,2672.0,2671.3,2672.0,5757.0,5756.8,5757.0,2367.8,2367.5,2368.1,3553.3,3552.8,3553.0,4488.3,4487.9,4487.9,6273.9,6274.2,6274.8,8749.8,8749.1,8748.3,5289.8,5289.0,5289.9,7523.7,7523.1,7522.8,6189.4,6189.9,6188.7,1880.4,1879.0,1878.7,3734.2,3734.1,3734.7,2618.4,2618.1,2618.1,2933.4,2931.9,2932.5,27.440001,27.700001,going to home base
2024-04-12T22:09:59Z,2406.1,2405.1,2405.7,2672.2,2671.8,2671.7,5756.9,5756.4,5756.5,2366.8,2367.0,2367.3,3552.1,3552.1,3551.9,4488.3,4487.7,4487.7,6273.4,6273.8,6275.5,8747.1,8746.3,8746.1,5286.6,5286.3,5288.2,7522.9,7521.1,7523.3,6190.1,6189.2,6189.6,1880.4,1878.7,1879.0,3734.1,3734.1,3734.8,2618.0,2617.9,2618.0,2932.3,2931.9,2932.3,27.420000,27.719999,going to home base
2024-04-12T22:10:04Z,2406.2,2405.5,2405.7,2671.0,2671.0,2671.7,5756.5,5756.4,5756.6,2368.1,2367.3,2367.7,3551.7,3551.7,3551.0,4487.8,4487.8,4487.4,6273.3,6272.0,6274.5,8745.9,8746.1,8745.2,5290.1,5288.6,5288.1,7523.8,7523.2,7521.1,6191.0,6190.8,6190.8,1880.4,1879.0,1879.1,3734.5,3734.4,3734.9,2618.1,2617.7,2618.0,2931.6,2932.1,2932.5,27.450001,27.760000,going to home base
2024-04-12T22:10:09Z,2406.0,2405.8,2405.8,2671.9,2671.6,2671.7,5757.0,5756.7,5756.6,2367.5,2367.8,2368.0,3552.3,3551.7,3551.8,4488.0,4488.1,4488.0,6272.3,6274.3,6276.4,8748.2,8747.9,8746.8,5288.6,5287.8,5288.9,7522.4,7521.9,7521.5,6189.7,6187.8,6187.6,1880.7,1879.4,1879.2,3734.3,3734.2,3734.7,2619.0,2618.1,2618.4,2929.6,2930.7,2930.0,27.420000,27.730000,going to home base
2024-04-12T22:10:14Z,2405.9,2405.0,2405.3,2671.9,2671.5,2672.3,5756.5,5756.1,5755.8,2367.1,2367.4,2367.6,3552.9,3552.3,3552.1,4487.9,4487.8,4487.7,6275.8,6274.6,6274.4,8744.7,8744.1,8745.2,5288.7,5288.3,5288.7,7522.6,7523.0,7522.4,6189.8,6190.1,6189.3,1880.9,1879.2,1879.2,3734.5,3734.5,3735.1,2618.5,2617.6,2617.9,2932.2,2931.7,2931.6,27.450001,27.730000,going to home base
2024-04-12T22:10:19Z,2405.8,2405.7,2405.8,2671.7,2671.9,2672.6,5756.9,5757.1,5756.8,2367.3,2367.2,2367.5,3554.3,3553.2,3553.3,4487.5,4487.3,4487.4,6277.8,6274.8,6276.3,8746.5,8744.7,8744.9,5287.2,5286.4,5287.4,7523.3,7522.9,7521.6,6189.1,6189.8,6189.0,1880.9,1879.5,1879.5,3734.6,3734.1,3735.2,2619.1,2617.8,2618.0,2931.7,2931.7,2932.6,27.440001,27.719999,going to home base
2024-04-12T22:10:24Z,2406.0,2405.2,2405.3,2671.7,2670.9,2671.7,5757.4,5756.2,5756.6,2367.5,2367.3,2367.3,3552.7,3552.4,3553.1,4487.4,4487.4,4487.3,6271.9,6271.1,6272.1,8747.1,8747.3,8746.4,5289.0,5287.9,5288.2,7524.4,7522.2,7523.4,6190.2,6190.5,6191.7,1880.6,1878.9,1879.0,3733.7,3733.6,3734.8,2618.3,2617.4,2617.0,2932.2,2931.4,2931.6,27.420000,27.730000,going to home base
2024-04-12T22:10:29Z,2405.9,2405.2,2405.9,2671.5,2671.8,2672.2,5756.4,5755.6,5756.2,2367.3,2366.9,2367.6,3552.7,3551.5,3551.9,4487.9,4487.9,4488.1,6271.6,6273.0,6273.8,8747.8,8746.9,8746.1,5287.5,5287.7,5288.3,7522.6,7523.9,7523.1,6187.2,6185.9,6187.1,1880.7,1879.0,1879.1,3733.4,3733.9,3734.5,2618.2,2618.0,2617.7,2931.5,2931.7,2932.0,27.420000,27.780001,going to home base
2024-04-12T22:10:34Z,2406.0,2405.0,2405.4,2671.9,2671.9,2672.4,5756.5,5755.7,5755.9,2367.3,2367.2,2367.3,3553.0,3552.4,3551.7,4488.0,4487.6,4488.0,6271.6,6273.4,6273.6,8747.4,8748.3,8747.0,5286.6,5287.2,5287.0,7524.1,7524.5,7523.6,6188.6,6187.2,6187.1,1880.7,1878.8,1879.1,3733.3,3733.6,3735.0,2617.7,2618.0,2618.0,2932.2,2931.2,2931.8,27.440001,27.750000,going to home base
2024-04-12T22:10:39Z,2405.8,2405.3,2405.6,2671.0,2671.1,2671.4,5756.3,5756.2,5755.9,2367.2,2367.0,2367.1,3552.3,3552.0,3551.9,4487.7,4487.8,4487.9,6271.7,6270.8,6271.8,8746.3,8746.6,8744.6,5287.7,5286.5,5288.2,7521.6,7521.2,7521.0,6189.7,6190.1,6190.3,1880.7,1879.2,1878.8,3734.4,3734.1,3735.1,2618.2,2617.6,2618.4,2929.3,2928.6,2928.7,27.420000,27.750000,going to home base
2024-04-12T22:10:44Z,2406.1,2405.6,2405.7,2670.2,2670.8,2670.9,5756.6,5756.4,5756.2,2367.6,2367.2,2367.6,3552.3,3551.9,3551.8,4488.1,4488.0,4488.1,6272.2,6272.9,6273.7,8748.1,8747.6,8746.0,5289.0,5288.4,5290.4,7521.2,7520.0,7521.2,6189.2,6189.0,6190.7,1880.2,1878.7,1879.1,3734.7,3735.1,3735.4,2618.5,2617.8,2617.9,2931.3,2930.6,2930.7,27.450001,27.750000,going to home base
2024-04-12T22:10:49Z,2406.3,2405.4,2405.8,2671.7,2671.6,2671.8,5756.0,5755.9,5756.3,2366.9,2367.0,2367.1,3552.5,3552.8,3552.7,4487.9,4487.3,4487.4,6272.3,6271.6,6273.8,8746.1,8746.4,8745.8,5287.7,5287.0,5288.3,7522.8,7521.0,7521.0,6189.3,6188.9,6190.0,1880.0,1878.9,1878.8,3734.5,3734.2,3735.2,2617.3,2616.8,2616.5,2931.4,2930.3,2931.3,27.420000,27.750000,going to home base
2024-04-12T22:10:54Z,2405.9,2405.3,2405.5,2671.7,2671.5,2671.8,5756.3,5756.1,5756.2,2365.9,2366.0,2367.0,3552.5,3551.7,3551.7,4487.5,4487.7,4487.1,6270.2,6269.9,6270.9,8746.8,8746.2,8746.1,5289.0,5288.7,5289.3,7521.9,7521.7,7521.8,6188.3,6187.7,6187.9,1880.4,1879.0,1879.0,3735.0,3735.2,3736.0,2619.0,2618.6,2617.9,2931.2,2931.5,2931.6,27.450001,27.700001,going to home base
2024-04-12T22:10:59Z,2405.1,2404.4,2404.6,2670.9,2671.2,2671.4,5756.0,5755.6,5756.0,2367.0,2366.8,2367.5,3551.1,3551.0,3551.5,4487.7,4487.4,4487.1,6269.1,6269.3,6270.4,8745.6,8745.3,8745.6,5289.3,5288.8,5288.6,7520.9,7520.8,7520.3,6187.3,6188.0,6188.6,1880.5,1878.8,1878.9,3734.6,3734.2,3735.4,2619.0,2618.7,2618.9,2931.2,2930.2,2930.9,27.450001,27.730000,going to home base
2024-04-12T22:11:04Z,2406.0,2405.4,2405.6,2671.1,2670.3,2670.7,5756.3,5755.5,5755.9,2366.8,2366.8,2367.7,3552.5,3552.6,3552.3,4487.0,4487.7,4487.6,6271.6,6273.1,6272.2,8748.2,8747.1,8746.2,5288.9,5287.7,5290.3,7521.7,7520.8,7521.2,6186.2,6188.1,6189.0,1880.8,1879.1,1879.1,3734.1,3734.5,3734.9,2618.5,2617.6,2617.5,2929.9,2930.1,2928.7,27.420000,27.700001,going to home base
2024-04-12T22:11:09Z,2405.2,2404.7,2405.3,2670.4,2670.2,2670.6,5756.3,5756.0,5755.6,2367.0,2366.6,2366.8,3553.3,3553.2,3553.0,4488.1,4487.8,4487.7,6273.2,6273.2,6274.7,8745.6,8746.6,8747.0,5290.3,5289.1,5290.3,7520.1,7520.3,7518.5,6185.7,6186.4,6187.1,1880.7,1879.7,1879.5,3733.6,3733.6,3735.0,2618.2,2617.2,2617.1,2929.2,2929.3,2929.1,27.420000,27.790001,going to home base
2024-04-12T22:11:14Z,2406.5,2405.8,2406.1,2671.6,2671.5,2671.7,5756.2,5755.7,5755.9,2366.6,2367.1,2367.3,3552.6,3552.2,3552.0,4487.2,4487.4,4487.4,6272.8,6273.1,6274.4,8747.7,8747.4,8746.7,5288.3,5288.4,5289.5,7519.4,7519.9,7520.3,6189.5,6187.6,6190.0,1881.6,1879.7,1879.8,3733.2,3733.4,3734.4,2618.6,2617.3,2617.0,2931.1,2930.5,2930.0,27.440001,27.750000,going to home base
2024-04-12T22:11:19Z,2405.7,2404.7,2405.0,2671.2,2671.3,2671.4,5755.6,5755.0,5755.7,2367.3,2367.3,2367.0,3552.0,3551.2,3551.4,4487.9,4487.8,4488.3,6273.5,6274.1,6273.6,8749.2,8748.6,8746.9,5285.3,5284.9,5286.1,7519.9,7517.9,7517.7,6188.5,6188.2,6188.4,1880.7,1879.6,1879.1,3733.4,3733.8,3734.8,2618.5,2617.3,2617.9,2931.1,2930.9,2930.9,27.440001,27.780001,going to home base
2024-04-12T22:11:24Z,2405.9,2404.9,2405.4,2671.7,2671.5,2671.0,5756.4,5755.6,5755.4,2367.0,2366.5,2367.0,3552.3,3551.5,3551.4,4487.7,4487.5,4487.5,6272.2,6273.1,6272.4,8745.7,8747.0,8746.4,5285.1,5284.9,5285.0,7522.1,7521.6,7520.0,6189.1,6187.9,6187.3,1880.2,1878.9,1878.5,3734.8,3734.5,3735.2,2617.7,2617.8,2617.5,2929.9,2930.0,2930.3,27.450001,27.700001,going to home base
2024-04-12T22:11:29Z,2405.6,2404.7,2404.9,2670.9,2670.7,2670.9,5755.8,5755.1,5755.2,2367.2,2367.3,2367.6,3552.1,3551.8,3551.3,4487.7,4487.1,4487.5,6271.1,6272.0,6272.7,8747.7,8745.7,8746.9,5286.6,5286.7,5287.4,7522.4,7523.1,7520.9,6189.7,6189.1,6188.2,1880.8,1879.3,1879.0,3734.7,3734.9,3736.1,2617.6,2617.0,2617.0,2929.8,2929.8,2929.8,27.420000,27.700001,going to home base
2024-04-12T22:11:34Z,2405.2,2404.6,2404.5,2671.4,2671.0,2671.6,5755.8,5755.1,5755.0,2367.2,2366.6,2367.6,3552.1,3551.2,3552.3,4487.6,4487.4,4487.3,6272.8,6272.4,6273.1,8746.4,8747.3,8746.8,5289.5,5288.6,5289.9,7521.3,7519.5,7520.8,6184.7,6184.4,6186.4,1880.0,1878.7,1878.7,3732.7,3733.5,3734.4,2618.5,2618.4,2618.4,2929.2,2929.5,2930.1,27.420000,27.690001,going to home base
2024-04-12T22:11:39Z,2405.7,2405.3,2405.3,2670.4,2670.6,2671.1,5756.8,5755.8,5756.0,2366.7,2367.1,2366.9,3552.1,3551.7,3551.5,4487.2,4487.0,4487.0,6274.4,6272.6,6273.7,8746.6,8745.3,8744.6,5288.6,5288.4,5288.9,7523.6,7522.3,7521.4,6184.5,6185.0,6185.3,1880.3,1878.7,1878.4,3733.0,3733.2,3733.7,2618.7,2617.5,2617.5,2930.1,2930.1,2929.7,27.440001,27.740000,going to home base
2024-04-12T22:11:44Z,2405.0,2404.5,2404.7,2670.6,2670.8,2671.8,5755.3,5755.5,5755.2,2366.6,2366.8,2366.8,3552.8,3551.4,3551.1,4486.7,4486.8,4486.8,6273.5,6272.8,6275.4,8746.5,8746.1,8746.1,5287.7,5287.6,5288.0,7521.6,7521.4,7521.6,6185.7,6185.0,6186.1,1880.1,1878.4,1878.5,3733.5,3733.9,3734.4,2617.6,2617.0,2617.8,2930.7,2930.1,2931.2,27.440001,27.760000,going to home base
2024-04-12T22:11:49Z,2405.8,2404.9,2404.6,2670.8,2670.9,2671.5,5755.8,5755.9,5755.5,2367.5,2368.0,2368.5,3551.7,3551.4,3551.5,4486.8,4486.6,4486.5,6272.1,6271.6,6272.3,8747.5,8747.3,8746.9,5287.9,5287.2,5289.0,7523.5,7521.9,7521.3,6187.1,6185.5,6186.7,1879.8,1878.5,1878.7,3734.2,3734.4,3734.8,2618.0,2617.0,2617.6,2931.4,2930.4,2931.6,27.420000,27.700001,going to home base
2024-04-12T22:11:54Z,2404.7,2404.3,2404.5,2670.7,2670.6,2671.2,5755.5,5755.0,5755.4,2367.8,2367.8,2368.1,3551.9,3550.6,3550.6,4486.7,4486.3,4486.4,6274.5,6273.0,6273.6,8746.4,8745.6,8745.7,5287.0,5287.7,5287.5,7521.9,7521.5,7522.2,6187.3,6187.4,6189.4,1880.0,1878.6,1878.7,3733.4,3733.5,3734.4,2618.5,2617.4,2617.6,2930.6,2929.7,2930.4,27.440001,27.700001,going to home base
2024-04-12T22:11:59Z,2405.2,2404.4,2404.5,2670.4,2670.2,2670.9,5754.8,5754.4,5754.3,2366.9,2367.0,2367.4,3551.7,3551.8,3551.5,4486.3,4486.2,4486.1,6270.2,6270.9,6270.8,8747.3,8747.3,8747.2,5288.2,5286.9,5288.3,7521.0,7521.5,7520.1,6186.3,6186.0,6186.0,1879.2,1877.9,1878.0,3733.6,3733.5,3733.9,2618.3,2618.0,2617.9,2930.5,2930.3,2931.3,27.440001,27.750000,going to home base
2024-04-12T22:12:04Z,2405.1,2404.4,2404.8,2671.7,2671.5,2671.8,5755.1,5754.8,5754.5,2367.6,2367.4,2367.5,3552.2,3551.6,3551.1,4486.2,4486.0,4485.9,6273.9,6271.2,6271.5,8746.3,8744.6,8744.3,5288.2,5287.5,5289.3,7521.4,7520.9,7520.7,6188.9,6188.2,6189.2,1879.9,1878.7,1878.7,3734.3,3734.5,3734.8,2618.6,2617.7,2617.7,2930.6,2929.7,2930.5,27.450001,27.700001,going to home base
2024-04-12T22:12:09Z,2404.9,2403.9,2404.5,2670.8,2670.3,2670.9,5754.5,5754.2,5754.0,2366.3,2366.5,2366.8,3551.5,3551.6,3551.2,4485.5,4486.0,4486.3,6273.8,6272.5,6272.6,8744.1,8744.3,8744.2,5289.6,5288.7,5288.5,7520.5,7521.4,7521.3,6187.9,6187.3,6187.3,1879.2,1877.8,1877.8,3733.7,3734.0,3734.5,2618.2,2617.3,2617.2,2930.7,2930.8,2930.4,27.440001,27.730000,going to home base
2024-04-12T22:12:19Z,2405.1,2404.5,2404.2,2670.3,2670.3,2670.4,5754.3,5753.3,5754.1,2366.2,2366.4,2366.9,3551.6,3551.9,3552.4,4485.9,4485.8,4485.7,6270.3,6268.5,6271.3,8start,27235.0,27233.2,2405.3,2404.7,2404.8,2671.6,2670.9,2671.4,5754.8,5754.4,5754.6,3800.8,89034.2,88994.4,14510.2,14504.9,14504.8,3551.6,3550.5,3550.7,4486.6,4486.5,4486.2,6269.7,16842.8,going to home base
2024-04-12T22:12:29Z,2404.9,2404.0,2404.1,2671.2,2671.4,2671.6,5754.8,5754.1,5754.5,2366.8,2366.5,2367.5,3552.4,3551.9,3551.7,4486.4,4486.3,4486.2,6272.6,6272.3,6272.2,8741.8,8744.4,8743.6,5288.8,5288.6,5289.6,7520.7,7520.4,7520.1,6186.7,6187.8,6187.2,1880.2,1878.6,1878.6,3733.1,3733.4,3734.2,2618.6,2617.9,2617.8,2930.7,2931.2,2931.1,27.440001,27.740000,going to home base
2024-04-12T22:12:34Z,2404.4,2404.1,2404.5,2670.1,2670.1,2671.0,5754.7,5754.1,5753.7,2367.0,2366.8,2367.1,3551.5,3551.5,3552.1,4485.4,4485.2,4485.5,6271.2,6269.4,6269.2,8743.7,8743.2,8742.0,5288.2,5286.7,5287.9,7519.5,7518.1,7518.1,6189.8,6190.5,6190.9,1880.2,1878.7,1878.8,3731.7,3732.2,3733.5,2617.0,2616.5,2616.0,2930.4,2930.7,2930.5,27.440001,27.719999,going to home base
2024-04-12T22:12:39Z,2405.3,2404.7,2405.0,2670.5,2670.0,2670.3,5755.1,5753.6,5754.2,2367.1,2367.0,2366.6,3551.3,3551.3,3550.7,4486.4,4486.0,4486.2,6270.1,6268.9,6269.1,8743.8,8743.6,8743.5,5288.8,5287.5,5287.7,7521.5,7520.0,7521.0,6188.6,6190.1,6191.1,1880.2,1878.7,1878.2,3732.5,3732.5,3733.2,2617.8,2617.0,2616.7,2929.3,2929.7,2929.6,27.440001,27.719999,going to home base
2024-04-12T22:12:44Z,2404.9,2404.4,2404.7,2670.1,2670.0,2670.1,5754.6,5754.1,5754.5,2367.4,2367.0,2367.4,3552.6,3551.6,3551.7,4486.2,4485.9,4485.9,6268.3,6269.6,6268.6,8743.5,8742.2,8741.2,5286.7,5286.1,5287.2,7520.6,7520.5,7519.9,6187.7,6187.3,6187.5,1879.8,1878.9,1878.7,3732.5,3732.0,3732.8,2617.7,2617.0,2616.6,2928.6,2928.4,2928.9,27.420000,27.790001,going to home base
2024-04-12T22:12:49Z,2405.6,2405.0,2405.1,2670.2,2670.2,2670.6,5754.1,5753.4,5753.8,2366.8,2366.7,2366.9,3551.5,3551.5,3551.6,4486.3,4485.7,4486.0,6270.9,6269.4,6269.3,8742.8,8743.9,8743.0,5288.2,5287.7,5287.9,7521.1,7520.6,7520.1,6186.6,6185.2,6187.1,1880.2,1878.7,1878.6,3732.1,3731.6,3732.9,2616.9,2616.4,2616.5,2929.5,2928.2,2928.9,27.450001,27.730000,going to home base
2024-04-12T22:12:54Z,2405.3,2404.2,2404.8,2669.7,2669.9,2670.2,5754.1,5754.1,5753.9,2366.1,2365.8,2366.5,3551.5,3550.9,3550.4,4485.4,4485.5,4486.2,6268.5,6267.8,6268.7,8740.0,8738.9,8740.8,5287.6,5287.1,5289.3,7521.0,7521.1,7518.8,6187.7,6186.6,6188.7,1879.6,1878.0,1878.2,3731.7,3731.7,3732.1,2617.5,2616.5,2616.1,2928.3,2927.7,2927.3,27.420000,27.700001,going to home base
2024-04-12T22:12:59Z,2405.7,2404.8,2405.0,2669.8,2669.6,2669.9,5754.1,5753.7,5754.3,2366.6,2367.0,2367.3,3551.2,3550.7,3551.0,4485.6,4485.8,4485.9,6269.6,6268.5,6269.2,8742.9,8738.8,8740.1,5288.1,5287.9,5288.5,7519.4,7520.4,7520.2,6186.4,6186.2,6189.1,1879.7,1878.4,1878.4,3731.5,3731.8,3733.2,2618.0,2617.2,2616.9,2928.9,2928.7,2928.7,27.440001,27.730000,going to home base
2024-04-12T22:13:04Z,2405.2,2404.2,2404.4,2669.2,2669.1,2669.1,5753.6,5752.8,5752.7,2367.1,2367.3,2367.5,3550.7,3550.3,3550.8,4486.1,4485.8,4485.6,6269.1,6269.4,6269.9,8741.3,8739.7,8741.1,5287.6,5287.6,5288.4,7521.3,7520.9,7520.9,6186.1,6185.7,6187.2,1879.4,1878.0,1877.7,3731.4,3731.9,3732.6,2618.5,2617.9,2617.8,2929.4,2928.7,2928.8,27.440001,27.719999,going to home base
2024-04-12T22:13:09Z,2405.3,2404.3,2404.4,2669.9,2669.8,2670.3,5753.7,5753.6,5753.3,2366.8,2366.9,2367.0,3551.5,3551.4,3551.2,4485.7,4485.6,4485.2,6268.9,6270.6,6269.8,8741.6,8740.4,8739.9,5288.6,5287.7,5289.6,7522.1,7521.1,7520.4,6186.3,6188.8,6186.2,1879.6,1878.2,1877.9,3731.5,3732.0,3732.9,2618.2,2617.0,2617.0,2927.9,2927.2,2928.0,27.450001,27.730000,going to home base
2024-04-12T22:13:14Z,2405.2,2404.6,2404.7,2669.9,2670.4,2670.7,5753.6,5753.0,5753.4,2367.2,2367.0,2367.6,3550.6,3550.3,3550.4,4485.9,4485.7,4486.0,6269.6,6268.8,6269.8,8741.5,8740.8,8739.5,5285.7,5285.8,5286.9,7522.5,7520.5,7520.3,6186.1,6184.8,6185.9,1879.3,1878.2,1878.0,3730.9,3731.8,3732.1,2617.7,2616.9,2616.6,2929.5,2929.1,2929.4,27.440001,27.750000,going to home base
2024-04-12T22:13:19Z,2404.6,2403.5,2403.7,2670.7,2671.0,2670.9,5754.0,5753.8,5753.9,2366.6,2366.5,2366.8,3550.8,3550.3,3550.3,4485.6,4484.9,4485.3,6268.3,6269.6,6270.5,8741.3,8739.5,8740.8,5287.1,5286.1,5287.3,7520.7,7520.1,7519.7,6187.1,6186.2,6187.0,1879.7,1878.2,1878.1,3731.3,3731.5,3732.1,2617.7,2616.7,2616.5,2930.4,2929.3,2930.2,27.450001,27.760000,going to home base
2024-04-12T22:13:24Z,2404.6,2403.6,2403.8,2670.4,2670.1,2670.7,5753.4,5753.4,5753.2,2366.7,2367.1,2366.8,3550.7,3550.2,3550.3,4485.7,4485.4,4485.7,6269.9,6269.3,6267.7,8743.5,8742.6,8743.3,5287.4,5286.2,5287.6,7518.5,7518.1,7517.5,6185.1,6185.8,6186.4,1879.2,1878.0,1877.6,3731.5,3731.8,3733.2,2617.4,2616.1,2616.5,2928.2,2927.7,2928.0,27.420000,27.750000,going to home base
2024-04-12T22:13:29Z,2404.5,2403.7,2404.5,2669.9,2669.7,2670.1,5753.6,5752.9,5752.8,2366.6,2366.1,2366.1,3550.4,3550.0,3550.8,4485.4,4485.1,4485.5,6270.8,6272.3,6271.9,8740.6,8741.6,8741.5,5285.1,5284.5,5286.1,7521.5,7520.3,7520.6,6187.2,6187.5,6188.5,1879.7,1878.2,1878.1,3731.4,3731.7,3732.3,2617.7,2616.5,2616.8,2928.8,2928.1,2928.2,27.440001,27.740000,going to home base
2024-04-12T22:13:34Z,2404.6,2404.0,2404.1,2669.8,2669.4,2669.9,5753.8,5753.6,5753.5,2366.8,2367.1,2367.1,3550.4,3550.3,3550.4,4485.1,4485.3,4485.5,6270.5,6270.0,6270.5,8739.8,8740.9,8739.9,5285.9,5285.6,5285.4,7519.6,7517.7,7518.7,6187.4,6186.8,6185.9,1879.3,1878.0,1877.4,3731.8,3731.4,3732.4,2617.5,2616.7,2616.3,2928.8,2928.2,2927.8,27.440001,27.730000,going to home base
2024-04-12T22:13:39Z,2404.6,2403.9,2404.0,2670.2,2669.9,2670.3,5753.1,5753.3,5752.9,2366.5,2366.8,2367.1,3551.0,3551.0,3550.4,4485.7,4485.2,4485.8,6268.7,6269.3,6269.3,8740.6,8741.4,8740.0,5285.3,5284.8,5286.1,7520.2,7518.1,7519.1,6188.3,6188.5,6187.8,1879.7,1878.3,1878.0,3731.5,3731.5,3732.4,2617.5,2617.0,2616.8,2928.5,2928.4,2929.8,27.450001,27.760000,going to home base
2024-04-12T22:13:44Z,2404.2,2403.3,2403.7,2669.7,2669.8,2670.1,5753.4,5752.7,5751.5,2367.6,2366.8,2367.6,3550.9,3550.6,3550.0,4485.1,4485.2,4485.2,6270.3,6270.1,6269.6,8739.3,8737.7,8737.5,5286.9,5286.8,5286.6,7519.5,7517.3,7517.4,6188.4,6186.4,6187.9,1879.9,1878.6,1878.6,3731.0,3731.8,3732.5,2617.0,2616.4,2616.2,2928.0,2927.8,2927.5,27.440001,27.799999,going to home base
2024-04-12T22:13:49Z,2405.1,2404.3,2404.4,2669.6,2669.2,2669.2,5753.7,5753.4,5753.8,2367.0,2366.8,2367.8,3550.9,3550.4,3550.2,4484.5,4484.4,4484.4,6267.9,6268.0,6268.9,8737.1,8738.1,8737.9,5285.9,5286.3,5287.1,7517.4,7515.4,7518.5,6185.7,6185.9,6186.0,1879.3,1877.6,1877.8,3731.4,3731.6,3732.5,2617.4,2616.5,2616.4,2930.3,2928.9,2929.4,27.440001,27.730000,going to home base
2024-04-12T22:13:54Z,2404.2,2403.4,2403.5,2669.8,2669.5,2670.0,5753.9,5753.5,5752.7,2366.7,2366.6,2366.7,3550.9,3550.7,3550.6,4485.2,4485.1,4484.7,6268.6,6267.5,6269.4,8738.0,8738.2,8737.6,5286.4,5286.8,5286.7,7518.7,7517.1,7516.4,6186.3,6185.8,6187.2,1879.5,1878.5,1878.2,3731.5,3731.6,3731.6,2617.2,2616.2,2617.2,2928.1,2927.3,2927.8,27.440001,27.719999,going to home base
2024-04-12T22:13:59Z,2405.2,2404.4,2404.9,2670.3,2670.0,2670.7,5753.0,5753.0,5753.1,2366.9,2366.7,2367.5,3550.9,3550.2,3550.4,4484.6,4484.8,4484.8,6271.0,6269.7,6269.5,8739.5,8737.0,8737.8,5285.9,5286.0,5286.8,7518.5,7516.9,7516.8,6184.0,6184.3,6183.9,1879.6,1877.9,1877.9,3731.6,3731.2,3731.7,2616.8,2616.1,2616.2,2928.9,2928.5,2928.4,27.440001,27.780001,going to home base
2024-04-12T22:14:04Z,2404.2,2403.4,2403.7,2669.6,2669.5,2669.6,5752.7,5752.3,5752.3,2366.9,2366.7,2367.3,3550.7,3550.1,3550.8,4485.3,4485.1,4485.3,6267.0,6267.0,6267.5,8738.0,8738.3,8738.0,5286.0,5286.1,5286.8,7518.4,7518.0,7517.1,6185.5,6184.7,6184.3,1880.4,1878.4,1878.3,3730.7,3730.1,3731.1,2617.5,2616.3,2616.4,2928.7,2928.1,2928.0,27.450001,27.730000,going to home base
2024-04-12T22:14:09Z,2404.8,2403.5,2404.2,2669.0,2668.8,2670.1,5752.7,5752.3,5752.2,2366.4,2366.9,2367.3,3550.7,3550.4,3550.3,4484.7,4485.0,4485.2,6266.7,6266.2,6266.9,8737.5,8736.7,8737.6,5287.1,5286.9,5287.6,7518.9,7518.8,7517.5,6187.8,6188.0,6186.8,1880.4,1878.8,1878.8,3731.2,3731.0,3731.7,2617.4,2616.5,2616.1,2929.0,2928.5,2928.2,27.440001,27.730000,going to home base
2024-04-12T22:14:14Z,2404.5,2403.8,2403.8,2669.4,2669.4,2669.1,5753.1,5752.4,5752.5,2366.6,2366.5,2366.6,3550.6,3549.9,3549.8,4484.9,4485.1,4484.8,6267.7,6266.4,6267.3,8739.3,8739.4,8739.8,5286.2,5286.4,5286.1,7518.8,7517.7,7518.5,6184.8,6185.2,6184.7,1879.5,1878.2,1878.1,3731.0,3731.8,3732.3,2617.1,2616.2,2616.8,2929.2,2929.0,2928.3,27.459999,27.719999,going to home base
2024-04-12T22:14:19Z,2405.3,2404.4,2404.3,2669.1,2669.2,2669.5,5753.1,5753.0,5753.1,2366.6,2366.3,2366.8,3550.9,3550.1,3549.9,4484.7,4484.8,4484.6,6268.5,6268.5,6269.7,8738.6,8738.0,8737.6,5286.0,5285.6,5286.6,7518.6,7517.5,7516.9,6187.9,6186.3,6187.1,1879.4,1878.2,1878.4,3732.1,3732.3,3733.2,2617.1,2616.4,2616.1,2928.5,2927.9,2928.6,27.440001,27.730000,going to home base
2024-04-12T22:14:24Z,2405.0,2404.4,2404.9,2668.8,2668.9,2669.1,5752.9,5752.8,5752.8,2366.7,2366.7,2366.7,3550.0,3549.2,3549.3,4484.7,4484.3,4484.4,6268.2,6266.5,6269.1,8737.6,8738.7,8737.8,5287.2,5287.4,5287.3,7521.0,7517.7,7518.8,6186.6,6188.6,6189.9,1879.5,1878.6,1878.3,3732.5,3732.3,3733.3,2617.8,2616.6,2616.2,2927.6,2928.2,2929.1,27.440001,27.750000,going to home base
2024-04-12T22:14:29Z,2404.6,2403.8,2404.0,2669.2,2669.7,2669.4,5753.1,5752.8,5753.1,2367.0,2367.2,2366.8,3549.1,3548.8,3549.2,4483.5,4483.6,4483.9,6272.2,6271.3,6272.9,8738.3,8737.7,8736.3,5286.2,5285.2,5287.0,7517.3,7517.0,7515.8,6189.0,6187.8,6186.3,1879.9,1877.9,1877.9,3732.1,3731.6,3732.4,2617.0,2616.1,2616.0,2929.4,2928.3,2928.6,27.440001,27.770000,going to home base
2024-04-12T22:14:34Z,2404.5,2403.8,2403.7,2669.8,2669.6,2670.4,5753.4,5752.8,5753.0,2366.9,2366.6,2367.5,3549.6,3549.5,3548.5,4484.2,4484.5,4484.3,6268.6,6268.2,6268.2,8737.0,8738.0,8738.1,5285.4,5284.4,5284.1,7514.0,7515.2,7514.8,6184.4,6185.9,6184.7,1879.5,1877.7,1877.4,3731.6,3732.0,3732.8,2617.9,2616.8,2616.6,2927.2,2927.4,2929.1,27.440001,27.750000,going to home base
2024-04-12T22:14:39Z,2404.5,2403.7,2403.7,2669.3,2669.1,2669.6,5753.1,5754.2,5752.9,2367.3,2366.8,2367.7,3549.9,3549.0,3549.3,4484.0,4483.9,4483.7,6267.3,6267.1,6267.3,8739.1,8738.1,8737.2,5286.6,5285.8,5287.0,7518.8,7516.7,7517.7,6186.8,6183.7,6184.1,1879.1,1878.0,1877.6,3730.7,3730.5,3731.7,2617.5,2616.8,2616.6,2928.4,2928.1,2928.6,27.440001,27.799999,going to home base
2024-04-12T22:14:44Z,2405.1,2404.1,2404.1,2669.5,2669.9,2670.3,5752.8,5753.0,5752.1,2366.9,2367.1,2367.9,3551.2,3550.8,3550.6,4484.4,4483.7,4484.2,6268.3,6268.0,6269.2,8738.1,8739.3,8738.8,5285.2,5285.6,5285.2,7520.8,7519.3,7518.5,6185.9,6186.1,6187.4,1879.4,1877.8,1877.6,3731.3,3730.7,3731.6,2618.0,2617.1,2616.5,2927.8,2926.7,2927.6,27.450001,27.780001,going to home base
2024-04-12T22:14:49Z,2405.2,2404.3,2405.3,2670.2,2669.5,2670.0,5753.0,5752.7,5753.0,2366.6,2366.9,2366.9,3550.9,3550.8,3550.3,4483.9,4483.6,4483.7,6267.8,6266.5,6267.1,8738.3,8737.8,8738.7,5285.4,5284.4,5286.5,7519.6,7519.6,7517.8,6181.2,6183.2,6182.7,1879.1,1877.8,1877.8,3732.0,3731.9,3732.8,2617.3,2616.1,2616.7,2929.1,2928.5,2929.4,27.450001,27.760000,going to home base
2024-04-12T22:14:54Z,2405.0,2404.3,2405.1,2669.5,2669.3,2670.0,5753.2,5752.7,5752.8,2367.5,2367.6,2367.8,3550.9,3550.9,3550.9,4484.4,4484.3,4484.0,6265.0,6264.3,6264.8,8738.2,8737.7,8736.2,5284.9,5285.3,5286.8,7519.6,7516.9,7517.5,6186.0,6185.5,6186.2,1879.7,1878.0,1877.9,3731.9,3732.0,3732.5,2617.2,2616.6,2617.4,2929.6,2929.4,2930.4,27.440001,27.790001,going to home base
2024-04-12T22:14:59Z,2405.4,2405.2,2405.4,2670.0,2670.0,2670.1,5754.2,5753.8,5754.1,2367.9,2367.4,2367.9,3551.0,3550.5,3550.4,4484.4,4484.4,4484.4,6266.3,6266.3,6268.1,8737.5,8737.4,8737.9,5285.6,5285.4,5286.4,7519.1,7520.1,7520.0,6187.9,6186.7,6185.7,1878.8,1877.2,1877.1,3731.3,3731.1,3732.1,2617.0,2615.2,2615.7,2928.9,2928.8,2928.4,27.440001,27.780001,going to home base
2024-04-12T22:15:04Z,2405.6,2404.8,2404.8,2669.6,2669.2,2669.8,5754.2,5753.4,5753.6,2366.9,2366.4,2367.7,3551.1,3551.0,3550.3,4484.3,4484.5,4484.5,6266.4,6267.8,6266.3,8737.3,8738.0,8737.6,5285.4,5285.3,5285.7,7519.4,7519.1,7517.2,6181.2,6185.1,6183.2,1879.3,1877.8,1877.7,3731.8,3731.7,3732.4,2616.9,2616.8,2616.3,2928.6,2928.9,2929.0,27.440001,27.760000,going to home base
2024-04-12T22:15:09Z,2406.2,2405.1,2405.4,2669.1,2669.2,2669.6,5753.9,5753.6,5754.2,2367.0,2366.8,2367.3,3549.9,3549.9,3549.4,4484.6,4484.6,4484.4,6263.3,6263.9,6264.8,8736.7,8736.2,8736.6,5284.5,5286.4,5287.5,7520.2,7519.6,7520.6,6183.3,6185.3,6184.0,1879.6,1878.0,1877.8,3730.8,3731.0,3731.8,2618.0,2617.0,2617.2,2930.7,2930.2,2929.8,27.440001,27.760000,going to home base
2024-04-12T22:15:14Z,2405.5,2405.0,2405.2,2669.7,2669.8,2670.2,5754.1,5753.3,5753.4,2367.7,2367.8,2367.7,3550.4,3550.6,3550.8,4484.7,4484.5,4484.7,6263.5,6263.8,6264.0,8740.7,8738.7,8738.0,5284.7,5284.9,5284.9,7517.8,7516.6,7517.9,6182.1,6181.9,6182.5,1879.0,1878.1,1877.8,3732.0,3731.9,3732.9,2616.3,2615.7,2616.3,2929.4,2929.1,2929.1,27.440001,27.799999,going to home base
2024-04-12T22:15:19Z,2405.1,2404.6,2404.8,2670.1,2670.3,2670.2,5754.3,5753.6,5753.2,2367.3,2367.2,2367.7,3550.8,3549.9,3550.4,4484.4,4484.1,4484.6,6268.9,6266.9,6267.6,8738.0,8736.2,8736.8,5286.1,5285.2,5286.0,7518.6,7515.7,7516.8,6185.4,6184.0,6184.2,1879.7,1878.0,1877.9,3731.2,3731.7,3732.6,2616.8,2615.9,2616.0,2928.6,2928.5,2929.0,27.420000,27.790001,going to home base
2024-04-12T22:15:24Z,2405.8,2404.8,2405.0,2670.3,2670.0,2670.1,5753.7,5753.2,5753.3,2367.3,2367.7,2367.8,3550.9,3551.3,3551.1,4485.3,4485.0,4484.8,6266.0,6265.2,6266.4,8737.3,8737.1,8738.5,5285.6,5286.4,5285.7,7519.4,7518.1,7519.0,6187.2,6188.1,6186.3,1879.8,1877.9,1878.4,3732.5,3732.7,3733.8,2616.9,2615.8,2615.9,2928.4,2927.6,2928.0,27.440001,27.790001,going to home base
2024-04-12T22:15:29Z,2405.4,2404.9,2404.6,2670.0,2670.1,2670.5,5754.1,5753.8,5754.1,2367.9,2367.7,2367.7,3551.0,3551.2,3550.5,4484.8,4484.6,4484.7,6265.3,6265.3,6266.1,8735.0,8737.6,8737.4,5284.8,5284.9,5285.2,7520.2,7517.9,7517.9,6186.7,6185.2,6185.3,1879.7,1878.5,1878.4,3731.9,3732.1,3732.6,2617.4,2616.1,2616.1,2929.0,2928.7,2929.4,27.420000,27.799999,going to home base
2024-04-12T22:15:34Z,2405.0,2404.3,2404.8,2669.9,2669.2,2669.7,5754.7,5753.8,5753.8,2367.0,2366.9,2367.2,3552.1,3551.0,3551.2,4484.9,4484.6,4484.5,6267.0,6267.3,6266.1,8739.0,8738.1,8739.1,5285.5,5285.4,5286.0,7519.4,7518.4,7520.8,6185.6,6183.1,6185.5,1878.9,1878.1,1878.1,3731.8,3732.2,3733.3,2617.3,2616.1,2616.2,2928.0,2927.7,2927.5,27.440001,27.830000,going to home base
2024-04-12T22:15:39Z,2405.9,2404.7,2405.3,2670.2,2669.7,2670.2,5754.8,5754.6,5754.3,2367.2,2367.2,2367.5,3550.9,3551.1,3550.5,4484.5,4485.0,4485.0,6265.3,6264.2,6263.2,8741.3,8739.3,8738.5,5284.7,5283.8,5284.3,7518.3,7517.8,7518.0,6184.0,6184.7,6183.1,1879.6,1878.3,1878.1,3731.7,3731.7,3732.4,2616.8,2615.3,2616.6,2930.0,2929.2,2929.4,27.410000,27.850000,going to home base
2024-04-12T22:15:44Z,2405.2,2404.6,2404.8,2669.7,2669.5,2670.5,5754.3,5754.4,5754.6,2367.0,2367.1,2367.4,3550.2,3549.8,3550.7,4484.8,4484.3,4485.0,6265.7,6267.2,6266.3,8740.3,8740.5,8739.8,5284.4,5285.4,5285.4,7519.9,7519.6,7519.5,6185.1,6184.3,6185.9,1879.2,1877.5,1877.7,3734.4,3733.5,3734.8,2617.0,2616.7,2616.7,2930.0,2929.7,2929.2,27.420000,27.799999,going to home base
2024-04-12T22:15:49Z,2404.9,2404.3,2404.6,2669.9,2670.0,2670.4,5754.6,5754.5,5754.9,2367.6,2367.4,2367.6,3549.7,3549.6,3549.3,4484.8,4484.1,4484.4,6267.8,6268.6,6268.2,8740.8,8740.1,8740.0,5286.9,5286.8,5288.1,7520.3,7520.3,7519.2,6186.9,6187.2,6187.9,1879.1,1878.1,1877.8,3733.4,3733.7,3734.2,2616.1,2615.7,2615.6,2929.5,2929.1,2929.1,27.420000,27.799999,going to home base
2024-04-12T22:15:54Z,2404.6,2404.0,2404.6,2669.7,2670.2,2670.0,5754.6,5754.1,5753.6,2366.9,2366.8,2367.5,3550.1,3549.7,3549.5,4484.7,4484.9,4485.1,6264.5,6264.3,6266.2,8737.7,8740.1,8738.7,5283.6,5284.8,5286.3,7519.2,7518.8,7519.2,6187.2,6187.3,6187.9,1879.4,1878.3,1878.0,3732.6,3732.4,3733.6,2617.3,2616.8,2616.7,2930.0,2929.6,2929.4,27.450001,27.760000,going to home base
2024-04-12T22:15:59Z,2405.0,2403.7,2404.3,2670.1,2668.9,2669.6,5753.4,5753.5,5752.9,2366.5,2367.0,2367.4,3550.2,3549.0,3550.2,4484.3,4484.8,4484.4,6262.8,6262.7,6262.6,8739.7,8739.9,8740.7,5285.9,5286.0,5286.2,7518.4,7518.5,7519.4,6186.3,6187.1,6186.8,1879.3,1877.7,1877.7,3732.7,3732.2,3732.8,2617.1,2615.6,2616.3,2929.6,2929.6,2929.7,27.410000,27.820000,going to home base
2024-04-12T22:16:04Z,2405.5,2405.0,2405.1,2669.3,2669.4,2670.1,5754.1,5754.1,5754.1,2367.7,2367.9,2368.4,3551.3,3550.5,3550.5,4484.8,4484.5,4484.7,6263.5,6263.7,6263.8,8738.9,8738.3,8740.4,5284.5,5283.9,5285.6,7519.9,7518.9,7520.1,6186.0,6185.6,6185.2,1880.4,1878.6,1878.6,3733.2,3733.2,3734.1,2617.5,2616.8,2616.8,2931.2,2930.8,2931.7,27.459999,27.870001,going to home base
2024-04-12T22:16:09Z,2405.1,2404.1,2404.4,2668.8,2669.3,2670.4,5754.3,5753.8,5753.4,2368.3,2367.8,2368.2,3550.8,3550.7,3550.4,4484.8,4484.7,4485.2,6265.6,6265.6,6265.0,8738.8,8739.0,8738.0,5284.3,5284.8,5286.1,7520.3,7519.4,7519.8,6185.0,6183.8,6185.6,1879.3,1877.6,1877.6,3732.3,3732.5,3733.7,2618.0,2617.0,2616.8,2931.9,2931.1,2931.4,27.440001,27.790001,going to home base
2024-04-12T22:16:14Z,2404.9,2404.5,2404.6,2669.9,2669.5,2670.1,5754.5,5754.2,5754.4,2367.6,2367.6,2368.2,3550.9,3549.9,3550.3,4485.1,4484.8,4484.6,6266.4,6264.9,6264.7,8737.9,8738.7,8738.6,5284.0,5284.0,5285.4,7520.9,7520.6,7521.9,6184.9,6185.4,6185.7,1879.7,1878.2,1878.3,3733.3,3733.0,3733.8,2617.2,2617.0,2616.4,2931.1,2930.3,2930.7,27.440001,27.830000,going to home base
2024-04-12T22:16:19Z,2405.2,2404.3,2404.5,2670.3,2670.0,2670.1,5755.0,5754.5,5754.8,2367.9,2367.7,2368.2,3551.4,3550.7,3550.9,4485.5,4484.9,4485.2,6266.6,6267.2,6265.2,8737.6,8736.9,8736.8,5285.4,5284.7,5286.0,7518.9,7520.5,7521.1,6184.6,6183.3,6184.9,1879.6,1878.0,1878.0,3733.0,3733.1,3733.9,2617.8,2616.6,2616.6,2930.4,2930.0,2929.0,27.450001,27.830000,going to home base
2024-04-12T22:16:24Z,2405.7,2404.5,2404.5,2670.0,2669.8,2670.0,5754.7,5754.1,5754.2,2368.5,2368.1,2368.5,3550.8,3550.4,3549.9,4485.6,4485.8,4485.3,6265.0,6265.8,6266.6,8739.5,8740.3,8738.8,5285.1,5285.3,5285.1,7520.6,7519.5,7520.4,6186.6,6185.5,6185.6,1879.5,1878.1,1877.8,3733.1,3733.9,3734.3,2618.3,2617.5,2617.8,2930.5,2930.4,2930.9,27.459999,27.770000,going to home base
2024-04-12T22:16:29Z,2405.2,2404.5,2404.7,2669.5,2669.2,2669.8,5755.2,5754.0,5754.7,2368.0,2367.5,2368.4,3550.6,3549.9,3549.7,4485.9,4485.7,4486.0,6265.5,6266.0,6267.8,8737.9,8737.7,8738.6,5285.7,5284.2,5286.4,7521.0,7520.3,7521.2,6185.1,6184.2,6183.8,1879.4,1878.2,1877.8,3733.5,3733.6,3734.4,2617.9,2617.3,2617.1,2930.0,2930.1,2930.1,27.440001,27.820000,going to home base
2024-04-12T22:16:34Z,2406.2,2405.2,2405.1,2669.3,2669.8,2670.3,5755.4,5754.8,5754.9,2368.4,2368.3,2368.7,3550.0,3549.5,3550.0,4485.7,4485.8,4485.6,6265.7,6264.9,6266.1,8738.9,8738.9,8739.5,5285.7,5285.1,5285.2,7520.8,7517.6,7517.8,6188.1,6186.9,6187.9,1879.9,1878.6,1878.3,3732.7,3733.2,3734.0,2617.7,2616.8,2617.0,2929.7,2929.2,2929.4,27.440001,27.799999,going to home base
2024-04-12T22:16:39Z,2405.1,2404.5,2404.7,2669.6,2669.9,2670.0,5756.0,5754.6,5755.2,2367.9,2368.1,2368.4,3549.7,3549.5,3549.6,4486.2,4485.7,4485.9,6264.7,6262.9,6262.7,8741.6,8739.6,8738.9,5286.8,5286.5,5287.2,7521.6,7519.3,7519.6,6184.0,6184.8,6185.2,1879.4,1878.8,1878.5,3733.1,3733.3,3734.4,2617.9,2617.7,2617.2,2931.8,2931.2,2931.6,27.440001,27.850000,going to home base
2024-04-12T22:16:44Z,2405.3,2404.5,2404.7,2669.2,2669.5,2669.9,5755.7,5754.8,5755.4,2367.8,2367.4,2368.3,3550.3,3550.0,3549.6,4486.1,4485.4,4485.9,6264.6,6264.5,6266.0,8741.9,8740.5,8739.5,5287.0,5286.4,5287.4,7521.3,7518.6,7519.5,6185.4,6183.0,6186.2,1879.8,1878.2,1878.5,3733.1,3733.1,3733.5,2618.4,2617.4,2617.7,2930.5,2930.6,2930.6,27.450001,27.790001,going to home base
2024-04-12T22:16:54Z,2405.8,2405.0,2405.0,2669.6,2669.8,2670.2,start,27231.6,27230.4,2404.8,2404.5,2404.7,2367.2,2367.5,3800.7,3800.8,89044.1,89080.7,14507.7,14502.7,14503.2,4485.7,4485.6,6266.3,6265.3,6266.7,16839.5,16836.0,34398.6,34401.0,8739.6,8740.2,8741.2,7521.1,7521.4,6188.7,6188.1,6190.1,45047.0,45061.4,3762.8,3763.6,1879.5,1877.9,1878.1,3733.7,2617.6,going to home base
2024-04-12T22:17:05Z,2405.7,2404.8,2404.8,2669.0,2669.2,2669.7,5754.9,5754.2,5754.1,2367.4,2367.5,2367.8,3550.9,3550.3,3550.1,4486.1,4485.7,4485.4,6263.2,6263.0,6263.3,8740.0,8739.9,8739.7,5286.3,5285.6,5286.9,7523.7,7521.0,7520.4,6186.0,6185.8,6186.2,1879.4,1878.0,1877.8,3732.6,3733.3,3734.1,2617.8,2617.3,2617.4,2929.6,2929.0,2929.1,27.440001,27.799999,going to home base
2024-04-12T22:17:09Z,2405.5,2404.1,2404.2,2670.0,2669.7,2670.0,5754.0,5753.8,5753.7,2367.4,2367.3,2367.8,3549.4,3549.2,3549.5,4485.4,4485.3,4485.4,6264.0,6263.1,6264.2,8741.3,8739.1,8738.7,5286.9,5286.2,5286.9,7521.4,7523.3,7519.9,6184.1,6184.3,6184.4,1879.6,1878.2,1877.8,3733.4,3733.6,3734.1,2617.9,2617.2,2616.6,2929.4,2927.9,2928.5,27.440001,27.760000,going to home base
2024-04-12T22:17:14Z,2404.9,2404.4,2404.6,2669.0,2669.7,2669.9,5754.0,5753.9,5753.8,2367.3,2367.4,2367.4,3549.0,3548.8,3548.8,4485.9,4485.8,4485.5,6265.3,6264.8,6265.1,8740.8,8740.2,8740.1,5286.0,5285.3,5287.5,7522.9,7523.2,7522.7,6186.8,6187.7,6187.9,1879.4,1877.6,1877.9,3732.7,3732.3,3733.8,2619.3,2618.2,2618.1,2930.9,2930.9,2931.5,27.440001,27.790001,going to home base
2024-04-12T22:17:19Z,2404.3,2404.4,2404.2,2670.2,2669.8,2670.5,5754.2,5753.4,5753.3,2366.9,2366.8,2367.3,3550.3,3550.0,3549.7,4485.9,4485.8,4485.8,6265.6,6264.6,6265.2,8740.0,8740.7,8741.3,5285.7,5285.2,5285.2,7522.4,7520.5,7521.6,6189.2,6189.2,6189.4,1879.7,1878.5,1878.0,3732.8,3732.6,3733.4,2617.6,2616.9,2616.6,2930.2,2929.0,2929.8,27.440001,27.780001,going to home base
2024-04-12T22:17:24Z,2405.6,2405.2,2405.4,2669.9,2669.5,2669.6,5753.2,5753.0,5753.0,2366.6,2366.7,2367.3,3550.8,3549.3,3550.0,4485.1,4484.7,4485.2,6262.8,6262.6,6264.0,8737.3,8737.0,8737.6,5285.8,5286.1,5286.4,7523.2,7523.2,7522.4,6186.2,6188.8,6188.5,1879.9,1878.4,1878.1,3731.7,3731.6,3732.7,2618.2,2617.3,2617.6,2930.2,2929.4,2930.4,27.440001,27.790001,going to home base
2024-04-12T22:17:29Z,2404.6,2404.1,2404.6,2669.6,2669.4,2670.1,5753.0,5752.4,5752.7,2367.7,2367.4,2367.5,3550.5,3550.5,3550.0,4485.3,4485.6,4485.0,6263.8,6266.3,6265.2,8740.3,8737.9,8738.2,5285.9,5286.0,5287.2,7521.2,7520.1,7521.0,6186.5,6185.1,6186.4,1879.6,1878.3,1878.4,3732.3,3732.0,3733.4,2618.0,2616.9,2617.5,2930.3,2929.9,2930.8,27.450001,27.719999,going to home base
2024-04-12T22:17:34Z,2404.3,2404.0,2404.6,2669.5,2669.3,2669.8,5753.3,5753.0,5752.9,2366.9,2367.1,2367.4,3550.2,3549.3,3549.2,4485.5,4484.8,4484.9,6263.7,6263.3,6262.7,8738.4,8739.2,8740.2,5286.5,5285.9,5286.7,7522.0,7522.0,7522.6,6187.5,6185.5,6186.2,1879.9,1878.6,1878.6,3732.1,3731.6,3732.4,2617.4,2616.5,2616.2,2930.9,2930.4,2930.5,27.450001,27.750000,going to home base
2024-04-12T22:17:39Z,2404.8,2404.2,2404.3,2669.4,2669.2,2669.8,5753.6,5753.0,5753.2,2367.1,2367.1,2367.5,3551.1,3550.6,3550.2,4485.0,4485.1,4485.0,6264.5,6264.0,6264.3,8740.1,8739.5,8740.1,5287.3,5285.4,5286.8,7521.0,7521.1,7521.2,6184.7,6185.2,6185.8,1879.0,1877.6,1877.9,3731.5,3731.2,3732.1,2616.9,2616.2,2616.3,2930.2,2929.4,2929.6,27.459999,27.719999,going to home base
2024-04-12T22:17:44Z,2405.2,2404.4,2404.4,2669.7,2669.5,2670.3,5753.0,5752.6,5752.7,2368.0,2367.6,2368.0,3550.1,3550.1,3550.0,4484.6,4484.8,4484.4,6265.3,6263.7,6263.8,8741.4,8740.6,8740.4,5285.6,5286.0,5286.7,7523.5,7522.6,7521.6,6183.9,6183.7,6183.3,1879.6,1878.1,1878.2,3732.0,3732.1,3733.1,2616.7,2616.5,2616.1,2928.9,2928.7,2930.1,27.450001,27.750000,going to home base
2024-04-12T22:17:49Z,2405.5,2404.7,2404.8,2669.0,2669.3,2669.4,5753.0,5753.6,5753.1,2367.1,2366.9,2367.2,3550.9,3550.6,3551.1,4484.6,4484.4,4484.5,6261.1,6262.8,6262.8,8738.7,8736.5,8736.5,5287.2,5287.0,5287.0,7520.5,7521.2,7521.0,6186.1,6185.9,6185.8,1879.5,1878.3,1878.3,3731.8,3732.1,3732.8,2617.3,2616.4,2615.9,2928.4,2928.0,2928.8,27.410000,27.730000,going to home base
2024-04-12T22:17:54Z,2405.1,2404.9,2404.8,2668.1,2668.3,2668.6,5753.7,5753.5,5752.9,2366.8,2367.3,2367.3,3549.6,3549.2,3549.2,4484.4,4484.1,4484.6,6264.6,6265.3,6266.0,8739.8,8738.7,8738.3,5286.4,5285.5,5285.6,7525.1,7523.6,7523.3,6186.7,6186.0,6187.1,1879.1,1877.9,1877.6,3732.5,3732.3,3733.3,2617.2,2616.5,2616.3,2929.2,2928.7,2929.1,27.450001,27.719999,going to home base
2024-04-12T22:17:59Z,2404.5,2404.0,2403.8,2668.0,2668.0,2668.9,5753.3,5753.1,5753.0,2367.2,2366.6,2367.4,3549.3,3549.0,3549.3,4484.8,4484.9,4484.8,6265.0,6264.2,6265.2,8739.1,8740.1,8740.3,5285.4,5285.1,5286.0,7522.3,7521.2,7522.6,6188.1,6186.2,6188.3,1879.5,1878.0,1878.0,3732.5,3732.6,3733.5,2616.8,2616.5,2616.1,2928.9,2928.8,2928.7,27.440001,27.790001,going to home base
2024-04-12T22:18:04Z,2405.1,2404.3,2404.1,2669.6,2669.3,2669.2,5753.4,5753.1,5753.4,2367.2,2367.3,2367.8,3549.9,3549.3,3549.1,4484.9,4484.7,4485.0,6265.0,6264.2,6264.7,8738.6,8738.7,8738.7,5286.8,5286.6,5287.6,7524.5,7522.4,7524.7,6190.5,6190.6,6189.6,1879.5,1878.1,1877.9,3731.2,3731.3,3731.7,2617.3,2616.7,2616.8,2929.4,2928.6,2929.1,27.420000,27.780001,going to home base
2024-04-12T22:18:09Z,2404.4,2403.9,2404.0,2669.6,2668.6,2669.3,5753.5,5753.2,5753.1,2366.8,2366.6,2367.3,3549.9,3548.7,3549.2,4484.7,4484.6,4484.6,6264.4,6263.5,6265.1,8740.3,8740.5,8741.4,5285.6,5286.7,5286.4,7523.8,7523.9,7524.0,6186.8,6186.3,6187.0,1879.0,1877.7,1877.6,3732.4,3732.3,3733.5,2617.2,2616.6,2616.9,2929.4,2928.9,2929.2,27.440001,27.830000,going to home base
2024-04-12T22:18:14Z,2404.6,2403.7,2404.0,2669.5,2669.7,2670.0,5754.3,5753.5,5753.9,2367.4,2367.3,2368.0,3550.0,3549.1,3548.6,4484.9,4484.6,4485.0,6264.3,6262.9,6263.1,8738.3,8737.2,8739.5,5287.3,5287.2,5288.2,7524.4,7523.2,7523.9,6188.1,6187.3,6187.8,1879.6,1878.1,1878.0,3733.0,3733.0,3733.9,2616.7,2616.4,2616.7,2931.2,2929.6,2930.3,27.450001,27.799999,going to home base
2024-04-12T22:18:19Z,2405.0,2403.9,2404.2,2668.8,2668.6,2669.2,5752.8,5752.6,5752.9,2367.4,2367.6,2367.9,3549.8,3549.2,3549.7,4484.7,4484.9,4485.2,6263.9,6262.0,6263.5,8741.7,8740.5,8740.5,5286.9,5286.8,5287.7,7525.4,7524.8,7524.9,6185.8,6185.6,6185.0,1879.2,1877.6,1877.5,3732.6,3732.7,3733.3,2616.9,2616.1,2616.3,2930.3,2931.2,2931.1,27.440001,27.799999,going to home base
2024-04-12T22:18:24Z,2405.5,2404.2,2404.8,2669.5,2668.8,2669.7,5753.7,5753.7,5753.7,2368.1,2367.4,2367.8,3549.1,3548.3,3548.5,4485.6,4485.0,4484.9,6261.3,6261.7,6261.2,8740.1,8738.5,8739.4,5286.2,5286.4,5285.4,7522.5,7521.5,7520.3,6184.9,6184.9,6185.2,1879.1,1878.0,1877.7,3733.2,3732.7,3733.7,2616.8,2616.2,2616.2,2930.3,2930.0,2929.6,27.450001,27.760000,going to home base
2024-04-12T22:18:29Z,2404.7,2404.1,2404.3,2669.4,2669.4,2669.8,5753.6,5752.6,5752.7,2367.2,2367.3,2367.7,3549.1,3548.2,3548.5,4484.9,4485.0,4484.9,6261.2,6260.8,6261.8,8736.8,8737.5,8736.5,5287.4,5286.3,5286.7,7523.0,7520.2,7521.2,6186.7,6187.4,6185.7,1879.4,1878.3,1878.0,3733.4,3733.8,3734.4,2617.5,2616.7,2616.9,2929.6,2928.1,2928.4,27.440001,27.780001,going to home base
2024-04-12T22:18:34Z,2404.3,2403.8,2403.8,2669.5,2669.7,2670.0,5753.9,5753.2,5753.9,2367.5,2367.1,2366.5,3548.7,3548.2,3548.3,4485.0,4484.5,4485.0,6264.7,6264.8,6264.9,8738.8,8739.1,8737.7,5286.0,5285.6,5286.4,7524.3,7524.0,7522.4,6185.7,6185.0,6185.3,1879.8,1878.1,1878.1,3732.4,3732.9,3733.7,2617.3,2616.6,2616.7,2930.2,2928.7,2930.1,27.420000,27.830000,going to home base
2024-04-12T22:18:39Z,2404.9,2404.3,2404.5,2669.7,2669.5,2670.2,5753.9,5753.6,5754.1,2366.7,2366.5,2367.3,3549.5,3549.7,3549.2,4484.7,4484.7,4485.0,6263.7,6263.3,6263.6,8739.6,8739.7,8739.2,5285.5,5285.3,5287.4,7521.6,7520.9,7521.8,6186.4,6185.1,6186.5,1879.5,1878.1,1877.9,3733.0,3732.7,3733.6,2617.0,2615.6,2615.7,2929.6,2929.1,2929.9,27.440001,27.820000,going to home base
2024-04-12T22:18:44Z,2404.7,2404.1,2404.0,2669.8,2670.0,2670.0,5754.1,5753.7,5753.9,2366.5,2365.9,2367.2,3549.6,3549.5,3550.1,4485.1,4484.8,4485.1,6263.9,6264.2,6264.1,8738.8,8739.8,8737.4,5287.4,5287.2,5289.0,7524.3,7524.1,7523.3,6187.0,6187.6,6187.1,1879.5,1878.3,1878.2,3732.7,3732.8,3733.6,2616.2,2615.9,2616.1,2929.8,2929.0,2929.5,27.450001,27.790001,going to home base
2024-04-12T22:18:49Z,2405.3,2404.9,2404.9,2669.5,2669.2,2669.6,5754.5,5753.9,5753.9,2367.4,2367.2,2367.9,3549.1,3548.9,3548.3,4484.5,4484.4,4484.6,6263.3,6261.8,6262.4,8740.2,8738.9,8738.0,5287.4,5286.3,5287.3,7524.3,7523.9,7522.4,6187.0,6187.8,6187.5,1878.8,1877.4,1877.4,3732.5,3732.9,3733.9,2617.1,2616.6,2616.9,2930.4,2929.1,2929.3,27.440001,27.780001,going to home base
2024-04-12T22:18:54Z,2404.9,2404.2,2404.2,2670.1,2670.1,2670.0,5754.7,5754.2,5754.2,2367.3,2366.8,2367.1,3549.6,3549.1,3548.8,4485.2,4485.2,4485.1,6264.1,6264.0,6264.9,8739.0,8739.0,8739.2,5287.2,5286.3,5287.1,7522.9,7523.5,7523.7,6186.6,6187.0,6188.9,1879.2,1878.0,1877.6,3733.1,3733.4,3734.1,2617.0,2616.2,2616.0,2928.3,2927.7,2928.7,27.450001,27.790001,going to home base
2024-04-12T22:18:59Z,2404.9,2404.0,2404.3,2669.3,2669.6,2670.2,5754.1,5754.2,5754.3,2367.6,2367.6,2367.8,3549.5,3548.8,3548.6,4484.8,4484.9,4485.4,6264.8,6264.3,6264.0,8739.3,8740.1,8739.3,5286.4,5285.0,5286.9,7525.3,7526.1,7523.9,6188.3,6185.6,6186.3,1878.9,1878.0,1877.6,3732.5,3732.5,3733.2,2616.8,2615.9,2615.9,2929.0,2928.1,2928.4,27.450001,27.760000,going to home base
2024-04-12T22:19:04Z,2404.0,2403.3,2403.8,2669.4,2668.9,2669.8,5754.2,5754.0,5754.1,2366.6,2366.4,2367.0,3550.7,3550.1,3550.0,4484.7,4484.4,4484.8,6261.9,6258.7,6262.1,8740.5,8740.5,8740.4,5288.0,5287.0,5288.8,7525.5,7522.3,7523.1,6188.2,6187.6,6186.6,1879.2,1878.1,1878.0,3733.0,3732.8,3733.9,2617.4,2616.3,2616.4,2928.6,2927.8,2927.9,27.450001,27.760000,going to home base
2024-04-12T22:19:09Z,2404.5,2403.2,2403.8,2668.9,2668.8,2669.1,5754.5,5753.8,5753.7,2367.2,2367.6,2367.7,3550.2,3549.8,3550.0,4485.1,4484.7,4485.0,6262.8,6263.2,6263.7,8739.8,8738.6,8740.0,5288.0,5288.3,5289.1,7523.5,7523.6,7523.5,6188.2,6185.6,6188.3,1878.8,1877.5,1877.3,3733.1,3733.3,3734.0,2617.3,2616.3,2616.5,2928.9,2927.9,2928.9,27.420000,27.730000,going to home base
2024-04-12T22:19:14Z,2404.3,2403.5,2403.8,2668.9,2668.9,2668.7,5753.7,5753.2,5753.7,2366.7,2366.8,2367.0,3550.5,3549.9,3549.5,4484.9,4484.3,4484.2,6263.0,6262.5,6261.7,8741.1,8741.5,8740.5,5288.3,5288.4,5288.5,7524.1,7521.8,7522.4,6186.1,6185.2,6184.6,1879.8,1878.0,1877.8,3732.6,3731.9,3733.1,2617.4,2616.8,2616.8,2928.7,2928.3,2928.7,27.440001,27.760000,going to home base
2024-04-12T22:19:19Z,2404.3,2403.4,2403.8,2669.4,2668.6,2669.0,5753.7,5753.2,5753.3,2366.9,2366.9,2367.3,3549.8,3549.4,3549.7,4484.7,4484.7,4484.7,6259.8,6260.1,6260.8,8739.5,8739.1,8739.9,5286.2,5286.0,5286.5,7525.1,7522.7,7523.3,6189.4,6187.5,6189.0,1879.2,1877.7,1877.7,3732.8,3732.6,3733.9,2617.8,2617.2,2616.3,2929.4,2929.8,2929.7,27.440001,27.780001,going to home base
2024-04-12T22:19:24Z,2403.8,2403.4,2404.0,2668.5,2668.5,2668.3,5754.0,5753.0,5753.2,2367.1,2367.5,2367.9,3549.6,3549.3,3548.8,4484.9,4484.7,4485.1,6260.6,6259.8,6261.4,8738.3,8737.5,8739.2,5286.7,5287.4,5286.4,7524.3,7524.0,7522.1,6184.2,6182.6,6184.1,1879.5,1878.1,1878.0,3733.0,3733.0,3734.1,2616.9,2615.8,2616.2,2928.3,2927.8,2928.8,27.420000,27.760000,going to home base
2024-04-12T22:19:29Z,2405.1,2404.3,2404.5,2668.2,2667.8,2668.8,5754.0,5753.4,5753.2,2367.0,2366.6,2367.1,3549.6,3549.2,3549.2,4484.9,4484.8,4485.1,6261.8,6262.8,6263.9,8739.4,8740.1,8740.3,5287.3,5288.3,5288.5,7523.1,7522.9,7522.3,6186.1,6187.7,6187.2,1879.4,1878.2,1877.7,3733.0,3733.2,3734.7,2616.7,2615.3,2615.2,2928.6,2927.5,2927.9,27.450001,27.799999,going to home base
2024-04-12T22:19:34Z,2404.8,2404.0,2403.6,2668.7,2668.6,2668.9,5753.4,5753.4,5752.9,2366.4,2365.9,2366.6,3549.2,3548.5,3549.4,4485.2,4485.0,4484.6,6257.9,6257.4,6256.7,8740.2,8738.2,8738.4,5286.0,5286.5,5287.1,7524.5,7523.6,7522.2,6186.5,6187.1,6187.7,1879.0,1877.9,1877.5,3732.9,3733.3,3733.6,2616.7,2615.4,2615.9,2929.5,2928.0,2928.4,27.450001,27.760000,going to home base
2024-04-12T22:19:39Z,2405.0,2403.9,2404.9,2669.1,2668.5,2669.1,5754.3,5754.1,5753.9,2367.2,2367.1,2368.1,3549.5,3548.9,3549.1,4485.0,4484.5,4484.5,6260.5,6261.1,6260.8,8740.9,8741.2,8740.6,5288.1,5284.8,5285.0,7523.6,7522.7,7523.3,6183.8,6184.2,6187.1,1879.9,1877.7,1878.0,3734.0,3734.0,3734.8,2617.1,2616.0,2616.0,2929.7,2929.3,2928.6,27.440001,27.730000,going to home base
2024-04-12T22:19:44Z,2405.2,2404.3,2404.5,2669.0,2668.7,2669.3,5754.9,5754.2,5754.1,2367.1,2367.2,2367.4,3549.4,3549.4,3549.0,4485.1,4484.9,4484.7,6259.3,6258.9,6261.2,8737.9,8738.0,8737.2,5286.6,5285.2,5286.2,7525.0,7525.3,7524.7,6187.4,6184.3,6187.0,1879.4,1878.1,1877.9,3734.3,3734.4,3734.7,2617.2,2616.7,2616.5,2930.2,2929.6,2930.2,27.459999,27.820000,going to home base
2024-04-12T22:19:49Z,2404.7,2404.6,2404.3,2669.2,2669.6,2669.8,5753.7,5753.7,5754.0,2367.9,2367.4,2368.2,3548.7,3548.9,3548.8,4484.9,4485.1,4484.9,6263.0,6262.6,6262.4,8739.1,8739.1,8739.6,5285.9,5286.4,5287.0,7523.4,7523.8,7522.6,6187.0,6186.7,6185.1,1879.6,1877.8,1877.6,3732.4,3732.8,3733.3,2616.7,2615.7,2615.6,2929.3,2928.2,2927.9,27.459999,27.790001,going to home base
2024-04-12T22:19:54Z,2405.2,2404.7,2404.6,2669.3,2669.4,2670.4,5754.4,5754.0,5754.1,2367.8,2367.9,2368.2,3549.5,3549.6,3549.8,4485.8,4485.3,4485.8,6260.4,6260.8,6261.9,8739.3,8739.6,8738.9,5285.7,5285.0,5285.9,7524.4,7523.8,7522.4,6184.1,6184.3,6185.1,1879.5,1878.2,1878.1,3734.0,3733.6,3734.2,2616.9,2615.9,2616.0,2930.1,2928.5,2929.6,27.440001,27.760000,going to home base
2024-04-12T22:19:59Z,2404.1,2403.6,2403.3,2668.5,2668.2,2669.1,5754.0,5753.6,5754.0,2367.8,2367.4,2367.8,3550.0,3549.9,3550.0,4485.5,4485.3,4485.2,6260.0,6260.3,6261.3,8738.9,8737.9,8739.4,5286.2,5286.4,5286.4,7524.7,7522.8,7524.4,6183.5,6183.9,6186.0,1879.3,1877.6,1877.7,3732.2,3732.4,3733.4,2616.6,2615.8,2616.1,2928.5,2929.3,2929.3,27.440001,27.730000,going to home base
2024-04-12T22:20:04Z,2405.0,2404.5,2404.5,2668.8,2668.4,2668.6,5754.0,5753.2,5753.7,2367.9,2367.8,2368.0,3550.1,3549.3,3549.7,4484.7,4484.7,4484.9,6262.0,6262.5,6261.3,8738.0,8737.5,8737.3,5285.8,5285.3,5285.7,7523.5,7521.8,7522.1,6185.1,6185.6,6185.3,1879.4,1878.0,1877.5,3733.5,3733.4,3734.2,2617.0,2616.0,2616.2,2928.9,2928.0,2929.1,27.450001,27.730000,going to home base
2024-04-12T22:20:09Z,2404.9,2404.1,2404.3,2669.3,2669.3,2669.0,5753.4,5753.2,5753.3,2367.4,2367.4,2367.7,3550.6,3550.0,3550.6,4485.1,4485.0,4485.2,6260.4,6259.1,6262.7,8738.4,8738.3,8739.4,5285.8,5284.9,5286.2,7522.2,7521.4,7522.4,6184.8,6182.3,6185.0,1878.9,1877.3,1877.3,3732.1,3732.4,3733.9,2615.9,2614.8,2615.5,2928.9,2929.7,2928.9,27.480000,27.780001,going to home base
2024-04-12T22:20:14Z,2405.4,2404.6,2404.6,2668.4,2667.8,2668.1,5754.1,5753.8,5753.7,2368.3,2368.2,2368.5,3549.3,3548.9,3548.9,4484.7,4484.6,4484.9,6261.1,6259.3,6261.0,8738.0,8738.1,8737.9,5285.5,5285.8,5285.9,7522.8,7521.5,7520.8,6186.1,6186.2,6183.9,1878.6,1877.3,1877.0,3731.9,3732.2,3733.4,2615.5,2615.2,2615.4,2929.5,2929.0,2929.7,27.420000,27.730000,going to home base
2024-04-12T22:20:19Z,2404.6,2404.0,2404.3,2669.7,2669.3,2669.6,5754.2,5753.9,5754.3,2367.1,2366.5,2367.4,3549.5,3549.6,3549.5,4484.6,4484.4,4484.9,6263.5,6262.4,6262.5,8739.0,8739.3,8740.9,5285.7,5284.4,5285.1,7524.8,7522.9,7522.6,6188.2,6187.5,6189.7,1879.5,1877.9,1877.5,3732.8,3732.7,3732.9,2616.9,2616.2,2616.3,2929.9,2929.0,2929.2,27.450001,27.750000,going to home base
2024-04-12T22:20:24Z,2404.1,2403.9,2403.8,2669.0,2668.5,2669.2,5754.2,5753.4,5753.2,2368.0,2366.7,2367.3,3548.9,3549.1,3549.2,4484.8,4484.6,4485.1,6263.5,6263.1,6263.7,8741.1,8740.0,8739.9,5286.5,5286.6,5286.0,7523.4,7521.2,7523.3,6183.2,6183.3,6183.6,1879.3,1877.7,1877.7,3732.2,3732.2,3733.7,2616.6,2616.3,2616.3,2927.6,2928.6,2928.6,27.440001,27.750000,going to home base
2024-04-12T22:20:29Z,2404.4,2404.0,2403.9,2669.7,2668.9,2669.4,5752.9,5753.2,5752.7,2367.3,2366.5,2367.4,3549.2,3548.3,3548.7,4484.9,4484.8,4484.7,6263.8,6263.0,6263.4,8739.6,8739.8,8741.4,5286.1,5284.7,5285.9,7522.2,7521.0,7520.5,6183.2,6182.4,6183.7,1879.0,1877.3,1877.3,3732.4,3733.0,3733.5,2616.1,2615.5,2615.4,2928.0,2927.7,2927.3,27.450001,27.719999,going to home base
2024-04-12T22:20:34Z,2404.7,2403.9,2404.5,2668.9,2668.6,2669.1,5753.5,5752.8,5752.8,2366.2,2366.3,2366.7,3550.6,3549.7,3549.8,4484.6,4484.7,4484.4,6262.5,6262.0,6263.7,8739.2,8738.1,8740.3,5285.6,5285.3,5286.1,7521.7,7521.4,7521.2,6184.6,6184.8,6185.8,1879.4,1877.8,1877.6,3732.6,3732.8,3733.5,2615.9,2615.0,2615.2,2928.3,2927.7,2928.9,27.450001,27.730000,going to home base
2024-04-12T22:20:39Z,2404.4,2403.5,2403.8,2668.0,2668.4,2668.2,5753.4,5752.9,5752.7,2366.2,2366.1,2366.6,3549.9,3549.8,3549.0,4485.2,4485.3,4485.6,6261.7,6261.5,6261.2,8739.7,8741.1,8738.9,5285.6,5284.7,5285.9,7521.7,7519.9,7520.6,6186.0,6185.4,6185.4,1878.6,1877.0,1877.5,3732.6,3732.1,3733.8,2616.6,2616.1,2615.4,2928.2,2927.8,2928.9,27.450001,27.780001,going to home base
2024-04-12T22:20:44Z,2405.1,2403.9,2404.7,2668.5,2668.2,2669.1,5752.4,5752.0,5752.4,2365.8,2365.5,2366.5,3549.2,3549.3,3549.0,4484.9,4484.8,4484.5,6262.8,6262.3,6262.0,8740.7,8737.9,8739.9,5284.8,5285.1,5285.3,7520.9,7520.4,7519.5,6186.4,6184.5,6185.2,1879.0,1877.4,1877.5,3732.3,3731.9,3732.6,2616.4,2615.3,2615.8,2928.5,2928.1,2928.9,27.459999,27.719999,going to home base
2024-04-12T22:20:49Z,2405.0,2404.1,2404.4,2667.7,2668.3,2668.0,5753.0,5752.8,5752.6,2365.9,2366.9,2367.1,3549.1,3548.5,3548.7,4484.5,4484.7,4484.5,6261.0,6260.7,6259.5,8739.8,8738.8,8739.0,5283.2,5283.7,5284.3,7520.9,7519.4,7519.7,6183.9,6184.8,6185.6,1879.0,1877.3,1877.3,3731.3,3731.4,3732.2,2616.0,2615.6,2615.8,2927.6,2927.7,2927.6,27.440001,27.750000,going to home base
2024-04-12T22:20:54Z,2404.5,2404.1,2404.3,2669.9,2669.2,2668.6,5753.1,5752.7,5752.7,2366.8,2367.2,2367.3,3549.8,3549.2,3549.5,4483.5,4483.4,4483.5,6259.7,6259.0,6259.5,8739.8,8739.5,8738.5,5284.2,5284.6,5284.6,7520.8,7521.8,7521.1,6183.6,6181.3,6182.4,1879.0,1878.1,1877.8,3731.2,3731.3,3732.4,2615.7,2615.0,2615.4,2930.4,2929.7,2930.3,27.440001,27.719999,going to home base
2024-04-12T22:20:59Z,2404.3,2403.3,2403.4,2669.1,2668.6,2669.3,5752.8,5752.5,5752.8,2366.8,2366.9,2367.3,3548.5,3548.7,3548.0,4483.6,4483.8,4483.4,6259.6,6258.9,6260.1,8737.5,8736.1,8738.1,5283.7,5284.4,5284.3,7521.2,7519.1,7521.4,6183.9,6184.3,6183.7,1879.1,1877.4,1877.5,3731.8,3731.2,3732.4,2616.2,2615.7,2615.4,2930.0,2929.3,2929.9,27.420000,27.750000,going to home base
2024-04-12T22:21:04Z,2403.9,2403.3,2403.6,2669.0,2668.4,2668.7,5752.8,5752.3,5752.5,2367.0,2367.0,2367.9,3549.2,3548.6,3547.9,4484.3,4483.9,4484.2,6259.4,6260.1,6260.4,8738.2,8736.9,8738.2,5283.0,5283.3,5284.0,7522.8,7521.4,7520.9,6185.6,6183.8,6183.5,1879.7,1877.9,1877.8,3730.8,3731.3,3731.9,2616.2,2615.3,2614.9,2929.6,2929.1,2929.8,27.450001,27.780001,going to home base
2024-04-12T22:21:09Z,2404.5,2403.6,2403.1,2669.0,2669.1,2668.7,5753.2,5752.6,5752.7,2366.1,2366.2,2367.0,3548.6,3548.0,3547.9,4484.1,4484.1,4484.8,6261.4,6260.0,6261.3,8738.1,8737.3,8736.4,5283.4,5283.6,5285.2,7523.0,7522.3,7522.8,6182.4,6183.1,6183.3,1879.4,1877.8,1877.7,3730.6,3731.0,3732.0,2616.3,2615.9,2615.5,2929.0,2928.8,2929.3,27.450001,27.750000,going to home base
2024-04-12T22:21:14Z,2404.3,2403.7,2403.9,2668.7,2668.4,2668.7,5753.3,5752.5,5752.8,2367.0,2366.3,2366.8,3547.8,3548.1,3548.4,4484.0,4483.5,4484.2,6265.1,6264.0,6264.9,8735.1,8734.8,8734.1,5283.0,5283.7,5284.3,7521.7,7519.8,7520.3,6185.6,6184.3,6184.9,1879.2,1877.9,1877.9,3731.7,3731.8,3732.5,2615.7,2615.4,2615.3,2929.7,2928.4,2928.8,27.420000,27.820000,going to home base
2024-04-12T22:21:19Z,2404.0,2403.6,2403.9,2668.9,2668.5,2669.1,5752.8,5752.7,5752.2,2366.2,2365.9,2366.5,3548.1,3548.2,3548.2,4484.3,4484.8,4484.3,6263.2,6264.8,6264.6,8739.3,8739.2,8738.1,5283.4,5282.9,5284.5,7521.8,7520.2,7520.8,6182.5,6181.1,6183.1,1879.5,1877.6,1877.5,3730.9,3731.1,3731.9,2615.7,2615.0,2614.0,2928.7,2927.9,2929.5,27.440001,27.750000,going to home base
2024-04-12T22:21:24Z,2403.7,2403.4,2403.4,2668.1,2668.0,2667.9,5752.3,5752.0,5752.0,2365.9,2365.7,2366.5,3547.5,3547.4,3547.4,4483.8,4483.2,4483.4,6263.4,6263.6,6263.8,8734.7,8732.7,8734.6,5284.6,5285.2,5286.5,7520.1,7519.5,7518.6,6183.2,6182.4,6183.9,1879.5,1878.3,1877.8,3731.5,3731.6,3732.9,2615.9,2614.3,2614.2,2929.8,2929.1,2930.0,27.459999,27.760000,going to home base
2024-04-12T22:21:29Z,2404.2,2403.3,2403.6,2668.7,2668.0,2668.5,5751.9,5751.3,5751.7,2365.9,2365.9,2366.3,3547.5,3547.2,3547.4,4484.2,4483.6,4483.5,6262.6,6261.8,6264.1,8736.3,8736.5,8737.0,5285.2,5285.4,5285.8,7523.0,7521.9,7522.6,6185.0,6186.2,6186.3,1879.2,1877.9,1877.4,3730.8,3730.8,3731.6,2615.6,2614.5,2614.8,2928.9,2927.8,2928.0,27.450001,27.780001,going to home base
2024-04-12T22:21:34Z,2404.5,2403.9,2404.1,2667.9,2667.9,2668.4,5751.8,5751.7,5751.7,2366.8,2366.8,2367.1,3548.6,3548.1,3548.1,4482.9,4483.0,4483.3,6261.1,6261.7,6258.8,8737.7,8735.9,8736.8,5285.7,5284.9,5285.0,7521.2,7520.8,7520.9,6182.5,6181.4,6181.6,1879.0,1877.5,1877.1,3730.4,3730.8,3731.6,2615.6,2614.9,2615.1,2928.1,2927.4,2928.8,27.450001,27.780001,going to home base
2024-04-12T22:21:39Z,2404.0,2403.5,2403.8,2668.0,2667.5,2667.9,5752.1,5751.5,5751.9,2365.7,2366.4,2366.6,3548.8,3548.3,3548.5,4483.7,4483.3,4483.2,6260.7,6258.5,6260.1,8735.6,8735.7,8735.9,5285.2,5286.0,5285.1,7521.8,7521.3,7519.8,6182.2,6182.3,6182.9,1879.3,1878.1,1878.1,3730.6,3730.6,3731.5,2614.3,2613.7,2614.0,2928.8,2928.6,2929.6,27.450001,27.760000,going to home base
2024-04-12T22:21:44Z,2403.9,2403.7,2403.3,2667.6,2667.9,2668.2,5752.4,5752.0,5752.0,2365.9,2365.6,2366.5,3547.3,3546.6,3547.2,4483.7,4483.6,4483.2,6261.5,6262.4,6261.3,8735.5,8734.7,8735.2,5284.8,5284.2,5285.3,7521.6,7521.5,7522.7,6185.9,6185.9,6184.9,1878.7,1877.1,1877.5,3730.0,3730.4,3731.2,2614.7,2613.2,2613.7,2928.8,2928.3,2928.6,27.459999,27.760000,going to home base
2024-04-12T22:21:49Z,2404.0,2403.5,2403.8,2667.2,2667.8,2667.7,5751.4,5750.7,5751.0,2366.2,2365.9,2366.8,3548.1,3547.8,3547.9,4483.8,4483.8,4483.4,6261.0,6260.1,6258.6,8732.6,8731.6,8733.0,5283.3,5283.2,5285.8,7522.2,7520.8,7521.4,6184.0,6183.5,6185.1,1879.2,1877.7,1877.4,3730.4,3730.0,3730.9,2615.0,2614.1,2614.1,2928.5,2928.2,2928.2,27.450001,27.760000,going to home base
2024-04-12T22:21:59Z,2404.2,2403.2,2403.3,2667.9,2667.9,2668.4,5752.7,5751.5,5751.8,2366.3,2365.8,2366.6,2403.5,2403.7,2667.9,2668.3,2668.4,5751.5,5750.9,5751.4,2365.9,89104.6,89098.5,14508.2,14502.0,14499.8,3549.4,3548.9,3548.7,4483.8,4483.0,4483.7,6261.3,34350.0,34353.2,8732.2,8732.0,8733.5,5283.9,5283.2,5283.8,7519.6,7519.3,7519.7,6179.7,44991.9,44991.0,going to home base
2024-04-12T22:22:09Z,2403.8,2403.0,2402.5,2667.8,2668.2,2668.4,5751.5,5751.3,5751.0,2365.8,2366.0,2366.4,3549.6,3550.0,3549.8,4483.3,4483.4,4483.8,6258.0,6258.7,6261.1,8733.3,8732.6,8731.9,5284.2,5284.0,5284.4,7520.4,7518.7,7519.4,6181.1,6181.4,6180.9,1879.5,1878.0,1878.2,3730.5,3730.9,3732.0,2615.3,2614.3,2614.6,2927.8,2927.1,2927.6,27.420000,27.760000,going to home base
2024-04-12T22:22:14Z,2403.8,2403.6,2402.8,2668.6,2668.0,2668.2,5750.2,5750.5,5750.6,2365.4,2365.3,2365.9,3547.9,3546.9,3547.0,4483.1,4483.0,4483.3,6258.3,6258.9,6259.5,8732.8,8732.0,8733.3,5284.4,5285.1,5285.8,7521.8,7521.8,7521.2,6184.8,6184.6,6183.5,1878.7,1877.5,1877.4,3730.7,3730.9,3731.5,2615.5,2614.3,2614.8,2926.8,2926.4,2927.3,27.440001,27.760000,going to home base
2024-04-12T22:22:19Z,2404.1,2403.4,2403.3,2668.6,2667.7,2668.7,5751.5,5751.3,5750.9,2364.6,2364.5,2365.2,3547.0,3546.4,3546.9,4483.3,4483.3,4483.3,6260.3,6260.5,6258.7,8734.1,8734.4,8734.8,5285.4,5285.7,5286.2,7521.9,7521.6,7521.4,6184.5,6184.0,6182.5,1879.7,1877.8,1877.5,3730.3,3729.5,3731.1,2614.8,2614.2,2614.6,2928.5,2928.1,2928.3,27.440001,27.750000,going to home base
2024-04-12T22:22:24Z,2404.4,2403.6,2403.8,2667.8,2667.8,2668.1,5752.0,5750.9,5751.4,2365.9,2366.0,2366.5,3547.2,3547.6,3547.6,4483.4,4483.2,4483.4,6263.3,6262.0,6261.6,8735.6,8734.4,8735.0,5285.3,5283.5,5284.9,7518.5,7518.9,7517.5,6187.5,6187.2,6185.7,1879.1,1877.5,1877.3,3729.9,3729.8,3730.8,2615.3,2614.1,2613.6,2928.9,2927.4,2928.4,27.440001,27.760000,going to home base
2024-04-12T22:22:29Z,2403.6,2403.1,2403.2,2667.6,2667.7,2667.5,5750.7,5750.3,5751.0,2365.6,2365.5,2365.8,3547.2,3547.2,3546.7,4482.6,4482.8,4482.7,6257.9,6258.5,6258.4,8735.8,8735.5,8733.9,5283.3,5282.7,5283.6,7519.6,7520.6,7521.4,6183.8,6184.5,6182.7,1878.9,1877.2,1877.3,3729.9,3729.7,3730.7,2615.1,2613.9,2613.9,2926.9,2926.5,2927.9,27.440001,27.790001,going to home base
2024-04-12T22:22:34Z,2404.1,2403.5,2403.8,2667.0,2666.7,2667.3,5750.7,5750.3,5750.2,2365.9,2365.5,2366.6,3547.3,3547.1,3547.1,4483.0,4483.4,4483.2,6260.2,6259.3,6260.9,8735.2,8737.4,8735.2,5283.0,5282.3,5283.2,7516.5,7517.3,7515.5,6186.3,6183.5,6183.7,1879.0,1877.9,1877.8,3730.2,3730.2,3731.3,2614.8,2614.0,2614.1,2929.0,2928.3,2928.6,27.440001,27.750000,going to home base
2024-04-12T22:22:39Z,2404.0,2403.2,2403.3,2667.1,2666.9,2667.6,5750.8,5750.2,5750.0,2365.6,2365.5,2366.8,3548.1,3547.9,3547.8,4482.8,4482.5,4482.5,6257.7,6259.6,6259.0,8736.0,8736.6,8735.3,5282.4,5282.3,5283.9,7519.2,7518.7,7518.3,6182.9,6184.4,6184.3,1879.2,1877.8,1877.5,3730.0,3729.9,3730.9,2615.4,2614.4,2614.7,2929.1,2928.5,2928.9,27.440001,27.730000,going to home base
2024-04-12T22:22:44Z,2403.9,2403.1,2403.3,2667.4,2667.0,2667.9,5749.9,5749.5,5749.5,2365.9,2366.0,2365.9,3548.3,3547.8,3547.4,4482.8,4482.4,4482.8,6257.5,6257.9,6258.2,8734.0,8732.6,8735.8,5282.7,5281.1,5282.5,7516.8,7516.9,7518.0,6183.9,6182.5,6182.5,1878.7,1877.3,1877.2,3729.7,3730.2,3730.6,2614.7,2614.7,2614.3,2929.7,2929.3,2928.8,27.450001,27.780001,going to home base
2024-04-12T22:22:49Z,2403.6,2403.1,2403.3,2667.2,2666.8,2666.5,5750.6,5750.1,5749.9,2365.9,2366.0,2365.9,3547.1,3547.2,3546.5,4482.6,4482.4,4482.6,6255.6,6255.7,6257.1,8734.3,8733.1,8734.2,5282.0,5281.9,5283.5,7519.3,7519.7,7518.8,6182.0,6181.4,6182.3,1878.6,1877.2,1877.2,3729.9,3729.9,3731.4,2614.9,2613.8,2614.2,2928.3,2927.3,2928.2,27.450001,27.799999,going to home base
2024-04-12T22:22:54Z,2403.7,2403.1,2403.1,2666.6,2667.0,2667.1,5749.6,5749.0,5749.1,2365.5,2365.4,2366.0,3547.2,3547.3,3547.3,4482.7,4482.8,4482.5,6254.7,6255.3,6255.8,8734.1,8733.3,8733.1,5283.1,5283.3,5283.4,7517.7,7517.2,7518.0,6177.8,6177.7,6178.1,1878.4,1877.1,1876.6,3729.8,3729.9,3731.2,2615.5,2614.2,2614.6,2927.4,2926.8,2927.1,27.459999,27.799999,going to home base
2024-04-12T22:22:59Z,2404.5,2403.4,2403.6,2666.9,2667.3,2667.4,5750.0,5749.6,5750.5,2365.5,2364.7,2365.4,3546.7,3546.9,3547.5,4482.5,4482.4,4482.5,6258.0,6257.7,6258.4,8735.6,8734.1,8734.6,5283.3,5283.0,5284.6,7516.7,7517.6,7518.3,6181.8,6180.6,6181.1,1878.2,1877.0,1877.0,3730.0,3729.5,3730.7,2615.1,2613.7,2614.1,2928.0,2928.4,2929.2,27.450001,27.760000,going to home base
2024-04-12T22:23:04Z,2403.5,2402.8,2403.1,2666.2,2666.3,2666.7,5750.1,5749.6,5749.8,2365.2,2365.4,2365.5,3546.7,3547.1,3546.4,4482.3,4481.9,4481.8,6257.7,6258.3,6257.1,8735.4,8735.0,8735.3,5281.8,5282.3,5283.5,7516.6,7514.1,7515.8,6182.9,6181.9,6182.5,1878.2,1876.9,1876.6,3729.4,3730.2,3730.3,2614.4,2614.1,2613.6,2927.5,2926.5,2926.6,27.410000,27.760000,going to home base
2024-04-12T22:23:14Z,2403.3,2402.8,2402.7,2666.0,2665.9,2666.3,5749.5,5749.1,5749.8,2365.1,2364.8,2364.9,3547.8,3547.5,3547.3,4481.9,4481.5,4481.6,6256.7,6257.1,6256.6,8start,27204.8,27207.7,2403.2,2402.2,2402.9,2666.7,2666.0,2666.5,5749.2,5748.9,5749.1,3797.1,89047.6,89094.0,14488.5,14486.7,14488.0,3546.4,3546.3,3545.3,4481.5,4481.3,4481.5,6257.7,16826.3,going to home base
2024-04-12T22:23:24Z,2403.8,2403.4,2403.0,2667.2,2665.9,2666.9,5749.0,5748.7,5748.8,2365.3,2365.4,2365.3,3547.8,3547.2,3547.5,4481.8,4482.1,4481.4,6256.4,6256.5,6257.4,8735.6,8733.7,8733.5,5281.9,5282.0,5283.4,7514.1,7514.5,7513.1,6183.1,6183.2,6180.3,1877.7,1876.5,1876.2,3728.5,3728.3,3729.2,2614.8,2613.5,2613.9,2927.8,2927.4,2927.4,27.459999,27.799999,going to home base
2024-04-12T22:23:29Z,2403.1,2402.6,2403.2,2666.3,2666.7,2666.9,5749.5,5749.0,5748.8,2365.1,2365.0,2365.3,3547.2,3546.4,3546.2,4480.9,4480.5,4480.6,6254.1,6254.3,6254.9,8732.7,8731.3,8731.3,5283.0,5281.6,5282.2,7517.2,7516.0,7515.8,6181.2,6178.9,6180.2,1877.9,1876.4,1876.6,3729.5,3728.8,3729.7,2614.2,2613.5,2613.1,2928.5,2928.4,2927.6,27.440001,27.820000,going to home base
2024-04-12T22:23:34Z,2403.7,2403.2,2403.7,2666.8,2666.1,2666.5,5749.1,5749.2,5748.9,2365.3,2364.8,2365.1,3546.9,3546.2,3546.9,4481.1,4480.8,4480.5,6256.2,6256.7,6257.6,8734.1,8733.2,8733.0,5282.2,5282.2,5282.2,7516.4,7514.7,7514.6,6180.4,6179.2,6180.4,1878.4,1876.7,1876.4,3728.6,3729.5,3730.5,2613.4,2612.9,2613.3,2927.9,2927.5,2927.4,27.450001,27.760000,going to home base
2024-04-12T22:23:39Z,2403.3,2402.7,2403.4,2667.4,2667.4,2667.6,5748.8,5748.7,5749.0,2365.4,2366.1,2366.0,3547.3,3546.4,3547.0,4480.6,4480.1,4480.4,6257.1,6256.7,6256.6,8732.5,8730.6,8730.7,5283.5,5282.3,5284.2,7516.1,7514.0,7514.2,6180.2,6180.0,6180.0,1878.0,1876.9,1876.9,3728.6,3728.9,3729.5,2613.2,2612.7,2613.0,2928.2,2927.4,2928.1,27.450001,27.750000,going to home base
2024-04-12T22:23:44Z,2403.5,2403.1,2403.3,2667.1,2667.2,2667.1,5748.6,5748.5,5748.7,2365.0,2364.7,2365.1,3546.8,3546.5,3546.6,4481.1,4480.7,4480.9,6257.2,6256.9,6257.7,8731.3,8732.0,8732.1,5281.2,5281.0,5282.0,7518.0,7516.8,7516.0,6181.4,6180.5,6177.4,1878.8,1877.2,1876.8,3728.8,3728.8,3729.5,2614.1,2613.3,2613.4,2928.5,2928.5,2928.6,27.450001,27.780001,going to home base
2024-04-12T22:23:49Z,2403.5,2402.6,2402.8,2668.1,2667.8,2668.2,5748.6,5748.0,5749.0,2365.6,2365.3,2365.4,3547.8,3547.6,3547.6,4480.9,4480.6,4481.0,6258.5,6258.2,6257.5,8734.4,8732.9,8733.4,5282.0,5282.3,5282.1,7516.2,7515.7,7515.7,6179.2,6179.3,6179.6,1877.9,1876.8,1876.6,3729.1,3729.5,3730.6,2614.5,2613.4,2613.8,2930.8,2929.5,2930.1,27.450001,27.760000,going to home base
2024-04-12T22:23:54Z,2402.8,2402.8,2402.6,2667.5,2667.1,2667.1,5749.1,5748.6,5748.7,2365.7,2365.3,2366.0,3547.2,3546.5,3546.5,4481.1,4481.0,4481.2,6253.9,6253.9,6253.0,8732.8,8733.9,8734.0,5281.2,5281.5,5283.3,7515.1,7515.5,7514.9,6180.2,6179.0,6179.2,1878.5,1877.4,1877.1,3729.4,3728.8,3730.2,2614.8,2613.7,2614.0,2928.8,2928.6,2928.9,27.459999,27.780001,going to home base
2024-04-12T22:23:59Z,2403.6,2403.1,2403.3,2667.3,2667.1,2667.1,5748.8,5748.2,5748.6,2364.4,2364.1,2364.8,3546.9,3546.2,3546.4,4481.0,4481.5,4481.7,6254.2,6255.4,6255.5,8731.5,8733.5,8731.7,5282.5,5281.2,5282.6,7514.9,7513.7,7515.1,6179.4,6177.6,6178.3,1878.8,1877.3,1877.0,3729.4,3729.1,3730.0,2613.5,2612.9,2612.6,2928.7,2927.8,2928.8,27.450001,27.760000,going to home base
2024-04-12T22:24:04Z,2402.9,2402.6,2403.0,2666.2,2666.4,2666.3,5748.3,5747.8,5747.8,2364.1,2363.7,2363.9,3547.0,3546.6,3546.9,4480.9,4480.9,4481.1,6256.9,6254.9,6256.7,8735.8,8736.4,8734.6,5282.3,5281.7,5282.1,7517.0,7517.6,7514.2,6179.3,6177.1,6176.8,1878.2,1876.7,1876.8,3729.1,3729.1,3730.0,2613.7,2612.6,2612.7,2927.7,2926.4,2927.2,27.450001,27.830000,going to home base
2024-04-12T22:24:09Z,2403.3,2403.0,2402.7,2667.0,2667.0,2667.2,5748.4,5748.1,5748.3,2364.0,2364.4,2364.2,3546.5,3546.0,3546.2,4480.6,4480.6,4480.7,6256.3,6256.1,6255.8,8733.2,8733.6,8733.0,5281.5,5281.6,5281.4,7516.9,7517.0,7514.8,6177.2,6177.6,6176.9,1878.3,1877.4,1876.9,3728.7,3728.7,3729.3,2614.9,2614.4,2614.4,2928.1,2927.8,2927.8,27.459999,27.820000,going to home base
2024-04-12T22:24:14Z,2403.5,2402.4,2403.0,2666.4,2666.0,2666.9,5748.3,5747.9,5748.1,2364.6,2364.7,2365.3,3547.4,3546.7,3547.0,4481.0,4480.7,4480.7,6257.8,6256.8,6257.3,8735.8,8735.2,8734.5,5281.0,5281.1,5281.1,7516.2,7515.7,7516.0,6177.9,6178.2,6177.3,1878.1,1876.7,1876.6,3728.9,3728.9,3729.3,2614.6,2614.2,2615.0,2928.0,2927.2,2927.0,27.459999,27.799999,going to home base
2024-04-12T22:24:19Z,2403.4,2403.0,2402.7,2666.4,2666.4,2666.6,5748.9,5748.4,5748.4,2364.0,2364.4,2364.2,3546.7,3546.7,3546.6,4481.2,4480.9,4480.9,6252.9,6254.9,6253.8,8734.2,8734.0,8735.2,5282.0,5281.4,5282.4,7513.1,7511.5,7513.8,6180.3,6179.3,6181.1,1878.6,1876.8,1876.9,3728.7,3728.3,3729.3,2615.1,2614.8,2615.1,2928.8,2928.0,2928.5,27.480000,27.820000,going to home base
2024-04-12T22:24:24Z,2403.3,2402.6,2402.8,2666.9,2666.6,2667.4,5748.0,5747.5,5748.1,2364.6,2365.2,2364.8,3547.1,3547.5,3547.0,4481.1,4481.1,4481.1,6256.0,6253.6,6253.9,8732.3,8731.9,8731.6,5280.2,5281.1,5282.0,7516.8,7515.3,7513.7,6180.0,6181.6,6181.5,1878.3,1876.8,1877.2,3728.4,3728.6,3729.5,2614.1,2613.8,2613.6,2928.1,2927.7,2927.3,27.420000,27.820000,going to home base
2024-04-12T22:24:29Z,2403.3,2402.7,2402.8,2666.4,2666.1,2666.9,5748.6,5748.0,5747.9,2364.3,2364.7,2365.4,3547.3,3547.4,3547.0,4480.8,4480.7,4480.9,6256.6,6253.9,6254.0,8735.1,8735.7,8735.9,5281.1,5281.0,5282.5,7515.0,7513.4,7514.3,6179.6,6179.8,6180.5,1878.4,1877.1,1876.7,3728.9,3729.0,3730.0,2614.6,2613.6,2613.2,2927.8,2926.7,2927.4,27.480000,27.760000,going to home base
2024-04-12T22:24:34Z,2403.3,2402.5,2402.6,2666.3,2666.2,2666.6,5747.9,5747.8,5748.0,2364.3,2364.3,2364.6,3546.1,3545.2,3545.9,4481.2,4480.7,4481.1,6253.4,6253.1,6252.6,8732.7,8731.6,8734.4,5280.4,5281.1,5281.8,7515.5,7514.6,7514.7,6179.8,6179.8,6180.8,1878.5,1876.8,1876.6,3728.0,3728.1,3728.8,2614.6,2613.4,2613.8,2928.4,2928.5,2927.9,27.440001,27.790001,going to home base
2024-04-12T22:24:39Z,2403.8,2403.0,2403.2,2666.0,2665.7,2667.1,5747.7,5747.1,5747.1,2364.0,2364.5,2364.8,3546.1,3545.4,3545.4,4480.7,4480.3,4480.2,6254.0,6253.9,6254.3,8730.7,8730.2,8731.5,5281.8,5281.7,5282.6,7514.7,7512.8,7513.1,6180.3,6179.0,6181.0,1878.4,1877.2,1876.7,3728.4,3728.4,3729.8,2614.9,2614.2,2613.5,2928.0,2928.0,2928.0,27.459999,27.780001,going to home base
2024-04-12T22:24:44Z,2403.4,2402.8,2403.2,2666.6,2666.5,2667.1,5748.4,5747.7,5747.9,2364.1,2364.4,2364.9,3546.3,3546.0,3545.9,4480.2,4480.8,4480.2,6255.9,6257.3,6256.2,8731.3,8731.2,8732.5,5280.8,5280.7,5280.8,7513.9,7515.8,7514.9,6176.5,6176.5,6179.2,1878.1,1876.4,1876.5,3727.2,3727.6,3728.4,2614.2,2613.3,2613.5,2927.9,2927.2,2927.8,27.480000,27.790001,going to home base
2024-04-12T22:24:49Z,2403.1,2402.7,2403.0,2666.7,2667.1,2667.3,5748.3,5747.6,5748.0,2364.3,2363.7,2363.7,3546.5,3546.2,3545.8,4480.8,4480.8,4480.5,6255.7,6255.8,6257.1,8729.7,8728.2,8729.4,5280.6,5281.2,5282.3,7514.5,7513.1,7513.6,6179.1,6179.8,6179.3,1878.9,1877.2,1876.8,3727.6,3728.0,3728.7,2614.8,2613.9,2613.3,2926.8,2926.5,2926.6,27.450001,27.780001,going to home base
2024-04-12T22:24:54Z,2403.5,2403.0,2403.0,2666.7,2666.3,2666.4,5748.0,5747.8,5747.7,2363.7,2363.5,2364.1,3546.0,3546.4,3546.5,4480.0,4479.8,4479.9,6253.5,6254.3,6254.6,8731.1,8731.1,8730.8,5280.8,5280.5,5281.6,7513.4,7513.5,7514.2,6179.6,6179.6,6181.8,1877.0,1875.9,1875.6,3728.5,3728.6,3729.2,2614.5,2614.1,2614.7,2928.7,2928.4,2928.0,27.450001,27.790001,going to home base
2024-04-12T22:24:59Z,2403.7,2403.1,2403.4,2666.3,2666.1,2666.1,5747.6,5746.8,5747.6,2364.4,2364.0,2364.3,3546.1,3545.8,3545.2,4479.6,4479.7,4480.2,6252.9,6252.2,6253.9,8732.5,8731.7,8730.5,5281.7,5282.1,5281.3,7514.0,7512.7,7511.3,6178.3,6179.2,6178.6,1878.2,1876.9,1876.8,3728.0,3727.9,3728.9,2614.1,2612.5,2613.0,2929.4,2928.5,2928.6,27.480000,27.760000,going to home base
2024-04-12T22:25:04Z,2403.5,2402.9,2402.8,2665.3,2666.1,2666.1,5747.9,5747.6,5747.3,2363.8,2363.7,2364.1,3546.6,3547.1,3545.8,4480.3,4480.0,4480.2,6257.2,6255.3,6254.7,8729.5,8727.5,8728.5,5281.1,5279.9,5280.9,7512.4,7510.2,7510.4,6177.1,6178.3,6178.4,1877.8,1876.1,1876.3,3727.6,3728.0,3729.0,2614.1,2613.2,2612.9,2926.7,2926.7,2926.9,27.450001,27.790001,going to home base
2024-04-12T22:25:09Z,2403.8,2403.0,2403.3,2665.8,2665.9,2666.5,5747.4,5747.6,5747.9,2363.5,2363.0,2363.3,3546.5,3545.7,3546.0,4480.2,4480.2,4480.0,6255.5,6255.7,6255.7,8731.9,8730.0,8730.2,5281.6,5281.2,5281.3,7512.3,7511.0,7511.9,6181.8,6180.3,6181.6,1877.7,1876.3,1876.5,3727.9,3727.4,3728.2,2613.8,2613.0,2613.1,2928.0,2927.6,2927.6,27.490000,27.830000,going to home base
2024-04-12T22:25:14Z,2403.8,2403.0,2403.5,2665.1,2665.5,2665.7,5747.1,5746.7,5747.0,2363.6,2363.6,2364.2,3545.5,3545.4,3545.2,4480.5,4480.5,4480.6,6259.7,6258.5,6258.7,8732.0,8732.1,8730.4,5281.9,5282.1,5281.7,7513.2,7511.5,7511.4,6177.5,6178.4,6178.9,1877.8,1876.1,1876.6,3727.3,3727.4,3727.9,2614.3,2613.5,2613.1,2927.8,2926.1,2927.1,27.480000,27.820000,going to home base
2024-04-12T22:25:19Z,2402.1,2402.5,2402.8,2666.0,2666.1,2666.9,5747.5,5746.9,5747.1,2364.0,2364.1,2364.3,3545.9,3545.9,3545.7,4479.8,4480.1,4480.3,6255.7,6257.2,6257.6,8732.5,8730.8,8732.1,5283.0,5280.7,5281.3,7510.4,7508.9,7509.7,6178.2,6178.5,6179.1,1878.0,1876.8,1876.8,3727.2,3727.0,3728.1,2613.3,2612.8,2612.5,2926.9,2926.6,2926.7,27.450001,27.820000,going to home base
2024-04-12T22:25:24Z,2402.5,2401.8,2401.6,2666.2,2666.2,2666.2,5747.0,5746.7,5747.3,2363.7,2364.2,2364.5,3546.7,3546.1,3546.5,4480.3,4480.2,4480.1,6256.4,6254.5,6254.9,8730.1,8729.1,8730.5,5280.8,5280.0,5280.2,7513.8,7511.1,7512.6,6180.4,6179.4,6180.9,1878.0,1877.1,1876.5,3727.3,3726.7,3728.2,2613.9,2612.9,2612.9,2926.8,2927.2,2927.4,27.450001,27.820000,going to home base
2024-04-12T22:25:29Z,2403.1,2402.4,2402.4,2666.3,2666.3,2666.7,5747.3,5746.7,5746.8,2364.1,2364.7,2365.3,3546.2,3546.1,3546.3,4480.6,4480.0,4480.2,6258.1,6258.7,6259.1,8730.9,8730.9,8730.5,5280.3,5279.6,5280.4,7514.8,7514.9,7514.0,6177.7,6178.2,6178.0,1878.0,1876.9,1876.5,3727.2,3727.1,3727.4,2614.1,2613.3,2613.8,2927.1,2926.9,2927.2,27.440001,27.820000,going to home base
2024-04-12T22:25:34Z,2403.2,2402.4,2403.0,2666.2,2666.2,2666.0,5746.9,5745.9,5745.7,2364.7,2365.1,2365.3,3546.6,3545.9,3546.1,4479.9,4479.9,4480.2,6259.0,6256.7,6256.9,8730.6,8730.9,8730.1,5280.9,5279.9,5281.0,7514.0,7514.6,7514.8,6178.7,6178.6,6180.3,1878.2,1876.6,1876.5,3726.0,3725.7,3726.6,2613.8,2613.0,2613.2,2927.5,2926.6,2927.6,27.450001,27.790001,going to home base
2024-04-12T22:25:39Z,2403.3,2402.8,2402.7,2666.4,2666.6,2666.5,5746.8,5746.2,5746.6,2363.2,2363.8,2363.9,3547.8,3547.4,3546.6,4480.2,4479.8,4479.3,6255.4,6256.2,6257.4,8732.0,8731.7,8732.0,5279.0,5279.7,5280.6,7512.8,7513.4,7512.8,6180.4,6179.7,6180.5,1877.7,1876.2,1876.7,3725.5,3725.4,3726.6,2613.8,2613.1,2613.1,2927.2,2926.9,2926.9,27.459999,27.799999,going to home base
2024-04-12T22:25:44Z,2403.4,2402.9,2403.1,2666.4,2666.6,2667.1,5746.3,5746.3,5745.8,2364.6,2364.2,2364.8,3546.8,3546.4,3546.2,4480.0,4479.6,4479.8,6256.6,6257.0,6256.2,8731.3,8731.1,8730.9,5280.8,5279.9,5281.2,7513.6,7513.6,7514.3,6179.5,6176.5,6179.3,1878.0,1876.5,1876.3,3725.8,3725.8,3726.7,2613.9,2613.9,2613.6,2927.8,2926.7,2926.4,27.450001,27.830000,going to home base
2024-04-12T22:25:49Z,2403.6,2402.9,2402.8,2666.2,2666.0,2666.3,5746.3,5746.2,5746.0,2364.6,2364.5,2364.9,3546.5,3545.7,3545.8,4479.8,4479.6,4479.6,6255.7,6253.9,6254.3,8729.6,8730.9,8729.7,5279.3,5279.4,5279.9,7514.4,7513.5,7512.3,6176.7,6177.8,6177.0,1877.4,1875.8,1876.0,3726.4,3726.1,3726.9,2613.7,2612.6,2612.6,2928.3,2926.5,2926.6,27.490000,27.850000,going to home base
2024-04-12T22:25:54Z,2402.4,2402.1,2402.5,2666.7,2665.9,2666.9,5746.7,5746.0,5746.3,2364.2,2364.4,2365.1,3546.6,3546.3,3546.8,4479.1,4479.0,4479.1,6256.7,6255.5,6256.5,8732.1,8730.2,8729.1,5278.8,5278.7,5279.3,7514.0,7513.1,7513.1,6178.5,6177.4,6178.4,1877.9,1876.9,1876.6,3726.1,3726.7,3728.1,2613.9,2613.0,2612.6,2929.2,2929.3,2929.3,27.490000,27.799999,going to home base
2024-04-12T22:25:59Z,2402.2,2401.4,2401.7,2665.7,2665.7,2666.4,5747.0,5746.3,5746.3,2364.5,2364.7,2365.3,3545.6,3545.4,3545.7,4479.6,4479.3,4479.0,6253.4,6253.8,6253.4,8730.5,8728.8,8728.9,5280.4,5279.8,5280.0,7510.0,7510.3,7509.6,6180.2,6179.8,6180.1,1877.5,1876.6,1876.1,3726.3,3726.2,3727.7,2614.3,2612.6,2613.0,2927.1,2926.7,2927.5,27.450001,27.820000,going to home base
2024-04-12T22:26:04Z,2402.6,2401.9,2402.1,2666.0,2665.8,2666.5,5746.2,5745.6,5745.8,2364.1,2364.0,2364.1,3546.6,3546.6,3546.5,4478.9,4478.8,4479.3,6254.6,6254.3,6254.6,8728.1,8728.7,8727.4,5278.7,5279.0,5279.0,7514.3,7513.5,7511.7,6178.7,6179.3,6180.1,1877.8,1876.3,1876.3,3726.6,3726.6,3727.1,2613.7,2613.2,2613.1,2928.9,2928.1,2929.2,27.480000,27.809999,going to home base
2024-04-12T22:26:09Z,2402.9,2402.1,2402.4,2666.0,2666.0,2666.0,5746.0,5746.1,5746.5,2364.3,2364.4,2364.2,3546.2,3546.0,3545.9,4478.8,4478.7,4478.8,6256.9,6254.7,6256.0,8730.7,8729.9,8731.0,5279.0,5279.4,5278.8,7511.7,7510.9,7512.8,6175.6,6176.1,6177.4,1877.1,1876.0,1876.5,3726.9,3726.6,3727.0,2613.6,2612.7,2612.8,2927.9,2926.6,2927.0,27.459999,27.820000,going to home base
2024-04-12T22:26:14Z,2403.1,2402.7,2402.7,2665.8,2665.9,2666.4,5746.1,5745.6,5745.8,2364.4,2364.4,2365.0,3546.4,3546.8,3547.2,4478.8,4478.6,4479.1,6254.4,6255.2,6255.0,8729.0,8727.0,8727.6,5279.2,5279.1,5280.2,7513.0,7511.0,7511.9,6176.7,6176.1,6177.0,1877.4,1875.8,1875.7,3725.6,3725.7,3726.6,2613.2,2612.4,2612.3,2927.5,2926.9,2927.6,27.440001,27.830000,going to home base
2024-04-12T22:26:19Z,2402.4,2402.1,2402.1,2665.6,2665.5,2666.0,5745.3,5744.9,5745.0,2364.4,2364.1,2365.0,3544.9,3545.0,3545.1,4478.2,4478.1,4478.0,6253.1,6253.3,6255.8,8730.7,8731.5,8731.5,5278.1,5277.3,5278.0,7512.8,7513.0,7510.7,6178.5,6178.3,6177.8,1878.0,1877.1,1876.7,3724.5,3724.2,3725.5,2613.3,2612.5,2612.5,2925.7,2926.3,2926.0,27.459999,27.820000,going to home base
2024-04-12T22:26:24Z,2402.6,2402.4,2402.5,2665.5,2665.9,2666.4,5745.5,5744.7,5745.5,2364.1,2364.2,2364.6,3545.6,3545.8,3545.2,4478.4,4478.3,4477.9,6255.9,6254.6,6254.2,8730.1,8730.2,8730.5,5279.0,5278.6,5279.9,7513.1,7510.7,7512.0,6176.6,6175.5,6177.7,1877.5,1876.0,1875.7,3725.7,3725.8,3726.5,2613.5,2612.8,2613.1,2926.5,2925.6,2926.1,27.480000,27.820000,going to home base
2024-04-12T22:26:29Z,2403.1,2402.3,2402.1,2664.7,2665.1,2665.3,5745.4,5745.1,5745.5,2364.6,2364.3,2364.4,3545.3,3545.6,3545.0,4478.0,4477.8,4478.3,6253.1,6253.2,6254.6,8729.3,8729.7,8731.4,5279.5,5277.9,5278.8,7510.9,7510.2,7510.7,6178.2,6177.6,6178.1,1877.5,1876.1,1875.8,3726.1,3726.5,3727.8,2612.9,2612.4,2612.8,2927.1,2926.9,2927.5,27.459999,27.830000,going to home base
2024-04-12T22:26:34Z,2402.3,2401.9,2401.5,2665.0,2665.0,2665.4,5744.9,5744.9,5744.4,2363.6,2363.8,2364.2,3545.7,3545.1,3545.3,4477.8,4477.6,4477.6,6252.5,6253.2,6255.4,8729.8,8730.1,8730.0,5278.5,5278.6,5279.8,7511.5,7510.2,7511.5,6175.5,6174.2,6174.8,1877.5,1876.2,1876.2,3725.6,3725.8,3726.1,2612.6,2611.7,2612.1,2927.7,2927.2,2926.8,27.459999,27.830000,going to home base
2024-04-12T22:26:39Z,2401.7,2401.4,2401.3,2665.7,2666.2,2665.7,5745.7,5745.3,5745.0,2364.4,2364.5,2365.0,3545.0,3544.7,3544.5,4477.6,4477.6,4477.9,6253.7,6254.3,6253.5,8730.1,8730.1,8728.6,5279.1,5278.9,5280.2,7511.8,7510.5,7510.3,6176.0,6175.0,6176.1,1877.5,1876.1,1875.7,3726.2,3726.5,3727.3,2613.4,2612.7,2612.0,2926.8,2926.2,2926.5,27.459999,27.799999,going to home base
2024-04-12T22:26:44Z,2402.6,2401.1,2401.1,2665.6,2665.4,2665.5,5745.5,5745.1,5745.1,2363.8,2363.8,2364.0,3545.4,3545.9,3545.1,4478.0,4477.6,4478.0,6252.9,6251.1,6252.5,8728.6,8727.8,8730.2,5278.9,5278.8,5280.1,7512.0,7511.7,7512.0,6174.8,6174.1,6175.8,1876.9,1875.8,1875.8,3726.1,3726.3,3726.8,2613.0,2612.6,2612.7,2926.0,2924.5,2924.7,27.459999,27.860001,going to home base
2024-04-12T22:26:49Z,2402.0,2401.0,2400.8,2665.7,2665.1,2665.6,5745.6,5744.5,5745.2,2364.1,2363.7,2363.9,3544.9,3544.3,3544.4,4477.7,4477.8,4477.7,6249.9,6250.8,6250.4,8731.5,8731.8,8730.3,5279.3,5279.2,5280.2,7510.1,7510.3,7510.2,6174.5,6175.7,6174.8,1877.4,1875.6,1875.7,3726.2,3725.5,3726.7,2613.0,2611.7,2612.2,2926.0,2924.9,2925.9,27.450001,27.830000,going to home base
2024-04-12T22:26:54Z,2401.9,2401.1,2401.6,2665.3,2664.5,2665.6,5744.7,5744.1,5744.4,2364.3,2363.9,2364.5,3545.2,3545.0,3545.0,4477.6,4477.8,4477.3,6250.7,6251.3,6252.9,8729.9,8731.2,8728.6,5280.5,5279.0,5280.4,7511.1,7509.4,7512.6,6176.5,6175.9,6176.2,1877.2,1875.7,1875.4,3725.9,3726.3,3726.8,2612.6,2611.7,2611.9,2928.0,2926.4,2926.7,27.450001,27.820000,going to home base
2024-04-12T22:26:59Z,2402.2,2401.8,2401.8,2664.7,2664.6,2665.2,5745.5,5745.1,5745.1,2364.1,2363.9,2364.1,3545.0,3544.6,3544.3,4478.2,4477.6,4478.1,6252.2,6252.1,6252.7,8730.0,8726.3,8726.7,5281.1,5280.5,5281.1,7509.4,7508.7,7508.3,6176.2,6176.3,6179.1,1877.4,1875.7,1875.8,3726.1,3725.7,3726.2,2612.3,2611.7,2612.0,2926.4,2925.6,2926.6,27.459999,27.820000,going to home base
2024-04-12T22:27:04Z,2402.7,2401.6,2401.6,2665.4,2664.7,2665.6,5744.7,5745.3,5744.8,2363.7,2363.6,2364.2,3544.8,3544.7,3545.2,4477.7,4477.4,4477.6,6253.6,6252.0,6251.9,8729.6,8730.0,8729.7,5278.9,5278.6,5277.7,7508.8,7508.5,7507.6,6175.4,6175.8,6177.2,1877.1,1875.7,1875.4,3724.9,3725.0,3726.1,2613.6,2612.5,2613.0,2926.7,2925.3,2925.8,27.490000,27.830000,going to home base
2024-04-12T22:27:09Z,2402.7,2401.4,2401.8,2665.0,2664.8,2665.2,5746.1,5745.8,5745.1,2363.0,2363.2,2364.0,3544.8,3544.8,3544.4,4477.6,4478.4,4477.7,6253.1,6251.7,6252.7,8729.6,8728.3,8729.4,5278.9,5279.0,5279.2,7510.4,7509.7,7508.4,6175.0,6173.0,6174.1,1877.4,1875.9,1875.5,3726.0,3726.0,3727.4,2613.7,2613.4,2613.2,2924.7,2924.3,2924.0,27.459999,27.820000,going to home base
2024-04-12T22:27:14Z,2402.9,2402.3,2402.6,2664.6,2664.6,2665.1,5745.2,5745.1,5745.3,2363.7,2363.5,2364.0,3545.4,3545.3,3545.2,4478.1,4478.1,4477.8,6254.0,6253.2,6254.3,8727.1,8727.8,8727.1,5279.4,5278.1,5278.3,7507.1,7511.0,7509.4,6178.9,6179.4,6179.7,1877.8,1875.8,1875.9,3725.2,3725.3,3726.0,2613.3,2612.3,2612.1,2925.2,2924.9,2925.2,27.459999,27.799999,going to home base
2024-04-12T22:27:19Z,2403.1,2402.4,2402.9,2665.1,2665.1,2665.3,5745.0,5744.5,5744.8,2363.6,2363.8,2364.5,3545.6,3545.2,3544.7,4477.8,4477.8,4477.4,6253.3,6254.3,6256.8,8729.5,8731.2,8730.6,5277.5,5278.4,5278.3,7511.6,7509.9,7508.7,6174.7,6172.9,6171.7,1877.5,1875.9,1875.7,3726.1,3725.4,3726.6,2612.3,2611.4,2611.4,2924.9,2925.3,2924.6,27.480000,27.870001,going to home base
2024-04-12T22:27:24Z,2403.3,2402.3,2402.6,2666.1,2665.8,2666.5,5745.6,5745.1,5745.3,2362.9,2362.5,2363.5,3544.1,3543.9,3543.6,4477.6,4477.1,4477.6,6252.8,6252.8,6253.4,8730.9,8728.7,8729.1,5278.5,5278.8,5278.3,7509.7,7509.4,7508.1,6174.3,6172.2,6172.6,1877.0,1876.1,1875.7,3725.8,3725.7,3726.6,2613.2,2612.8,2612.5,2927.5,2926.9,2927.4,27.490000,27.820000,going to home base
2024-04-12T22:27:29Z,2401.4,2400.8,2401.5,2665.7,2665.7,2665.8,5745.5,5744.9,5745.6,2363.1,2363.4,2364.3,3545.4,3545.0,3545.5,4478.3,4477.9,4477.7,6253.6,6253.0,6251.8,8732.4,8731.6,8730.6,5277.9,5276.9,5278.6,7513.7,7509.6,7508.6,6174.6,6173.4,6175.8,1877.0,1875.5,1875.6,3725.8,3726.4,3727.3,2613.1,2612.8,2612.4,2925.6,2925.8,2926.2,27.459999,27.850000,going to home base
2024-04-12T22:27:34Z,2401.6,2401.1,2401.2,2665.6,2665.6,2665.6,5745.0,5744.9,5744.2,2364.8,2364.9,2364.9,3544.9,3544.7,3544.8,4478.0,4477.4,4477.6,6252.1,6250.7,6252.0,8730.5,8729.3,8729.0,5276.2,5277.7,5277.7,7511.6,7510.8,7511.4,6175.8,6174.9,6176.1,1877.4,1875.8,1875.9,3726.0,3726.3,3727.3,2613.3,2612.2,2612.6,2927.0,2926.5,2926.8,27.459999,27.820000,going to home base
2024-04-12T22:27:39Z,2402.4,2401.5,2401.9,2666.4,2666.1,2666.3,5745.1,5744.9,5745.2,2363.8,2363.8,2364.4,3545.1,3544.8,3544.9,4477.3,4477.5,4477.9,6250.1,6248.9,6250.4,8729.5,8729.0,8729.8,5277.9,5278.2,5278.3,7511.0,7509.4,7509.6,6176.3,6176.0,6177.2,1877.6,1876.1,1875.9,3726.6,3726.2,3727.3,2613.5,2612.1,2611.9,2926.4,2926.6,2926.1,27.480000,27.860001,going to home base
2024-04-12T22:27:44Z,2402.5,2402.2,2402.6,2665.8,2665.5,2665.8,5746.1,5745.1,5745.4,2364.1,2363.9,2364.3,3543.5,3543.3,3543.9,4477.8,4477.7,4477.5,6251.6,6253.1,6253.5,8729.8,8729.7,8730.1,5274.9,5275.5,5275.4,7511.3,7510.2,7510.9,6175.7,6175.8,6178.4,1877.3,1875.8,1876.0,3725.9,3725.8,3726.9,2611.6,2611.7,2611.6,2925.1,2924.3,2924.9,27.459999,27.820000,going to home base
2024-04-12T22:27:49Z,2401.9,2402.0,2402.3,2664.8,2664.7,2665.2,5745.4,5745.1,5744.9,2364.7,2364.7,2364.7,3544.9,3544.1,3544.2,4477.0,4477.3,4477.3,6254.6,6253.9,6255.4,8729.5,8728.6,8728.0,5278.0,5277.9,5277.0,7508.1,7508.1,7508.7,6174.3,6174.5,6175.3,1877.7,1876.6,1876.3,3726.0,3725.9,3726.7,2612.3,2611.7,2611.8,2927.2,2926.9,2926.0,27.459999,27.860001,going to home base
2024-04-12T22:27:54Z,2402.5,2402.1,2401.7,2664.7,2664.4,2665.2,5744.9,5744.5,5744.8,2364.2,2364.3,2364.7,3545.4,3545.5,3546.2,4477.3,4477.2,4476.9,6252.6,6252.2,6251.7,8728.0,8728.0,8727.9,5278.6,5277.5,5279.0,7507.8,7507.2,7507.0,6174.2,6174.2,6173.7,1878.3,1876.7,1876.7,3725.7,3725.8,3726.5,2612.2,2611.4,2610.7,2925.7,2924.5,2924.9,27.459999,27.850000,going to home base
2024-04-12T22:27:59Z,2402.4,2401.7,2402.1,2664.8,2665.3,2666.1,5745.5,5745.3,5744.9,2363.8,2363.6,2364.2,3544.6,3544.6,3544.6,4477.4,4477.0,4477.1,6254.3,6253.6,6253.0,8729.6,8727.9,8729.6,5277.9,5277.3,5278.9,7507.2,7506.7,7507.1,6175.5,6175.7,6177.0,1878.3,1877.0,1876.5,3726.2,3726.1,3727.0,2611.4,2611.1,2611.2,2927.5,2926.9,2927.4,27.450001,27.820000,going to home base
2024-04-12T22:28:04Z,2402.5,2401.8,2402.1,2664.5,2664.4,2664.6,5745.7,5744.8,5745.3,2364.0,2363.5,2363.7,3544.3,3543.5,3543.9,4477.1,4477.3,4477.3,6251.5,6251.5,6251.5,8728.1,8728.5,8729.6,5277.5,5277.3,5278.2,7509.2,7508.3,7507.5,6176.6,6177.7,6176.0,1878.0,1876.3,1876.2,3726.0,3726.0,3726.8,2612.3,2611.7,2611.8,2926.0,2926.1,2926.9,27.480000,27.860001,going to home base
2024-04-12T22:28:09Z,2402.3,2402.1,2402.1,2664.6,2664.2,2665.2,5746.4,5745.5,5745.5,2364.2,2363.8,2364.2,3544.5,3544.5,3544.2,4477.9,4477.4,4477.2,6253.5,6253.6,6252.5,8728.3,8729.4,8728.9,5277.9,5277.0,5278.1,7507.6,7508.3,7508.4,6178.0,6176.1,6176.9,1878.3,1876.8,1877.1,3725.5,3725.7,3726.6,2611.8,2611.4,2611.1,2926.2,2925.5,2925.8,27.459999,27.850000,going to home base
2024-04-12T22:28:14Z,2402.1,2401.0,2401.3,2664.6,2664.2,2664.9,5745.2,5745.0,5745.0,2363.5,2364.0,2364.2,3544.4,3544.4,3545.0,4476.9,4476.8,4476.7,6253.2,6253.6,6252.5,8730.3,8728.7,8729.4,5278.4,5278.3,5278.4,7509.5,7509.4,7509.9,6176.7,6174.2,6172.0,1878.1,1876.8,1877.0,3725.5,3725.7,3726.4,2611.9,2610.8,2611.0,2926.9,2927.2,2927.1,27.440001,27.860001,going to home base
2024-04-12T22:28:19Z,2401.6,2401.0,2401.3,2663.9,2664.0,2663.9,5744.7,5744.5,5745.0,2363.5,2363.3,2363.9,3544.4,3544.4,3544.8,4477.3,4477.0,4477.3,6251.3,6249.9,6252.8,8731.1,8728.6,8730.6,5278.3,5277.6,5279.1,7509.5,7508.0,7508.7,6172.0,6173.4,6175.8,1877.4,1876.5,1876.5,3725.2,3725.1,3726.0,2612.1,2611.5,2611.5,2926.8,2926.1,2926.1,27.459999,27.850000,going to home base
2024-04-12T22:28:24Z,2402.7,2402.3,2402.1,2663.9,2663.9,2664.4,5744.8,5744.3,5744.2,2363.4,2363.6,2364.0,3545.8,3544.9,3544.4,4477.3,4477.0,4477.5,6251.4,6251.9,6251.8,8729.5,8728.7,8729.7,5277.5,5276.7,5278.1,7508.6,7509.8,7510.2,6175.6,6176.3,6176.6,1877.2,1876.2,1875.7,3725.7,3725.6,3726.2,2611.9,2611.3,2611.6,2926.0,2924.9,2925.7,27.450001,27.830000,going to home base
2024-04-12T22:28:29Z,2402.6,2402.0,2402.2,2664.5,2664.1,2664.7,5744.1,5744.0,5744.2,2362.7,2362.6,2363.2,3545.1,3544.7,3544.2,4477.1,4476.9,4476.6,6252.9,6251.7,6252.0,8727.4,8727.2,8727.3,5277.6,5277.2,5276.7,7508.4,7507.7,7508.3,6175.6,6176.9,6175.4,1876.9,1875.6,1875.8,3725.3,3725.5,3726.3,2611.8,2611.5,2611.7,2926.6,2926.2,2926.5,27.459999,27.900000,going to home base
2024-04-12T22:28:34Z,2402.3,2401.2,2401.1,2664.6,2664.5,2665.0,5743.9,5743.2,5743.7,2361.9,2361.7,2362.2,3545.1,3544.5,3544.9,4477.0,4477.2,4476.8,6252.4,6252.3,6250.8,8726.3,8727.8,8729.0,5277.8,5277.3,5278.5,7506.7,7507.9,7508.2,6178.1,6177.7,6176.8,1876.6,1875.1,1875.1,3724.8,3724.5,3725.3,2612.0,2611.6,2611.1,2926.0,2925.5,2925.5,27.450001,27.870001,going to home base
2024-04-12T22:28:39Z,2401.6,2400.8,2401.2,2664.4,2664.8,2665.4,5744.9,5744.3,5744.1,2362.6,2362.9,2363.6,3544.8,3544.8,3544.9,4476.9,4476.6,4476.6,6253.4,6254.4,6253.8,8726.1,8728.5,8726.5,5279.4,5278.5,5278.8,7508.1,7506.4,7506.2,6178.0,6177.7,6179.1,1876.5,1875.6,1875.4,3724.7,3725.0,3725.4,2611.3,2610.7,2611.1,2927.3,2927.0,2927.5,27.480000,27.889999,going to home base
2024-04-12T22:28:44Z,2401.9,2401.1,2401.6,2664.6,2664.3,2664.5,5744.6,5744.1,5744.2,2362.5,2362.0,2362.6,3544.5,3543.9,3543.9,4476.9,4477.3,4476.7,6255.1,6254.0,6252.6,8727.4,8727.6,8727.6,5276.8,5276.1,5277.6,7507.8,7508.1,7508.8,6177.6,6178.1,6178.6,1877.1,1875.8,1875.6,3724.4,3724.9,3725.5,2611.9,2610.8,2611.0,2926.9,2925.7,2926.5,27.450001,27.860001,going to home base
2024-04-12T22:28:49Z,2402.7,2401.6,2402.5,2664.5,2664.4,2664.5,5744.8,5744.4,5744.5,2364.1,2364.0,2364.3,3545.0,3545.1,3545.1,4476.3,4476.3,4476.5,6251.7,6253.4,6253.4,8728.3,8727.2,8726.9,5277.1,5276.6,5277.7,7509.7,7507.4,7509.3,6177.4,6177.4,6175.1,1876.5,1875.6,1875.3,3725.5,3726.0,3726.8,2612.1,2611.1,2611.4,2926.3,2925.6,2926.3,27.459999,27.870001,going to home base
2024-04-12T22:28:54Z,2402.0,2402.0,2402.2,2663.5,2663.7,2664.5,5744.2,5743.4,5743.8,2363.5,2363.9,2363.3,3544.9,3544.4,3544.5,4477.1,4476.7,4476.8,6251.8,6252.7,6251.8,8729.0,8727.3,8728.0,5277.3,5276.2,5276.4,7508.2,7507.3,7507.0,6176.8,6177.4,6175.4,1877.1,1875.5,1875.3,3724.8,3724.6,3725.5,2611.6,2611.2,2611.3,2927.6,2926.9,2927.0,27.450001,27.900000,going to home base
2024-04-12T22:28:59Z,2402.1,2401.7,2402.0,2665.2,2664.4,2665.0,5744.2,5743.7,5744.0,2363.0,2362.6,2363.0,3545.2,3544.3,3544.5,4476.2,4476.3,4476.7,6253.3,6253.1,6251.8,8725.7,8724.8,8725.8,5277.5,5277.0,5279.0,7508.3,7506.5,7506.7,6173.9,6173.2,6174.1,1877.2,1875.5,1875.3,3724.2,3724.4,3725.4,2612.1,2611.6,2611.3,2926.9,2925.5,2926.3,27.459999,27.889999,going to home base
2024-04-12T22:29:04Z,2401.4,2400.9,2401.2,2664.3,2664.4,2664.9,5743.9,5743.5,5743.9,2363.0,2362.3,2362.9,3545.3,3544.6,3544.6,4476.6,4476.6,4476.0,6250.2,6251.0,6251.8,8726.9,8726.5,8727.1,5277.1,5277.0,5277.6,7506.2,7506.6,7505.1,6177.2,6177.0,6179.1,1877.2,1875.6,1875.5,3724.5,3724.4,3725.3,2611.7,2610.7,2610.8,2926.2,2926.0,2926.4,27.459999,27.850000,going to home base
2024-04-12T22:29:09Z,2402.2,2401.6,2401.0,2663.7,2663.8,2664.2,5744.3,5743.4,5743.7,2362.1,2362.2,2362.6,3544.3,3543.8,3544.2,4476.4,4476.2,4476.5,6248.6,6248.5,6250.8,8727.8,8728.4,8728.7,5275.6,5275.9,5276.5,7506.6,7505.4,7505.4,6175.3,6176.6,6178.3,1877.7,1875.5,1876.0,3724.5,3725.1,3726.1,2612.5,2611.4,2611.6,2925.7,2925.1,2925.2,27.459999,27.900000,going to home base
2024-04-12T22:29:14Z,2402.3,2401.6,2401.4,2664.2,2663.7,2664.4,5743.7,5743.1,5743.6,2362.5,2362.4,2363.5,3543.9,3544.3,3544.1,4476.1,4476.0,4476.6,6251.4,6251.9,6253.3,8728.7,8727.5,8726.7,5275.5,5274.8,5275.5,7508.3,7506.6,7508.3,6180.1,6179.5,6178.1,1877.3,1875.6,1875.6,3725.4,3725.6,3726.1,2612.4,2611.8,2611.8,2927.8,2926.9,2928.0,27.459999,27.850000,going to home base
2024-04-12T22:29:19Z,2402.2,2401.3,2401.6,2664.2,2664.2,2664.4,5743.7,5742.8,5743.3,2362.4,2362.5,2363.2,3543.8,3543.6,3542.9,4476.2,4476.0,4475.9,6248.5,6248.1,6249.3,8725.4,8726.4,8726.0,5276.1,5277.2,5278.2,7508.5,7507.8,7507.9,6176.8,6175.1,6178.7,1876.6,1875.4,1875.1,3724.7,3725.1,3726.0,2611.5,2610.7,2611.0,2927.6,2926.8,2926.4,27.459999,27.870001,going to home base
2024-04-12T22:29:24Z,2401.2,2400.9,2401.1,2663.6,2663.6,2663.8,5743.5,5743.0,5743.3,2363.2,2363.2,2363.2,3544.9,3544.2,3543.5,4475.7,4475.6,4475.7,6252.2,6251.2,6251.7,8725.2,8725.2,8725.0,5276.6,5276.3,5277.4,7506.5,7506.3,7506.0,6177.3,6178.1,6178.1,1877.6,1875.8,1875.9,3724.4,3723.7,3724.8,2611.6,2610.9,2611.2,2926.7,2925.6,2926.9,27.459999,27.830000,going to home base
2024-04-12T22:29:29Z,2401.0,2400.7,2401.1,2663.8,2663.6,2664.1,5743.7,5743.0,5743.2,2363.3,2363.1,2363.5,3543.9,3543.2,3542.9,4475.1,4475.6,4475.7,6249.7,6250.1,6251.1,8724.4,8724.5,8724.3,5277.1,5276.2,5277.7,7507.2,7504.2,7507.9,6176.3,6174.9,6177.5,1877.4,1876.5,1875.8,3724.3,3724.9,3725.2,2611.8,2611.2,2611.5,2926.5,2925.6,2925.8,27.459999,27.860001,going to home base
2024-04-12T22:29:34Z,2401.6,2401.1,2400.6,2663.8,2663.4,2664.0,5743.0,5742.6,5742.3,2363.3,2362.9,2363.8,3544.0,3543.7,3544.4,4476.1,4475.9,4476.2,6252.8,6252.1,6252.1,8725.5,8726.8,8725.9,5276.7,5277.0,5277.2,7507.8,7508.3,7506.6,6175.0,6173.8,6175.8,1877.0,1875.9,1876.5,3723.8,3723.4,3725.1,2611.1,2610.3,2610.6,2927.2,2927.5,2927.1,27.459999,27.889999,going to home base
2024-04-12T22:29:39Z,2401.7,2401.4,2401.8,2663.4,2663.1,2663.2,5743.5,5743.3,5743.2,2363.3,2363.3,2363.2,3544.4,3544.1,3544.0,4475.8,4475.9,4475.7,6248.6,6249.3,6250.0,8726.7,8727.7,8726.3,5276.1,5276.7,5277.3,7506.7,7506.1,7506.9,6173.1,6174.2,6174.1,1877.3,1876.0,1875.8,3724.6,3724.3,3725.7,2611.1,2610.0,2610.7,2926.4,2925.1,2926.0,27.450001,27.870001,going to home base
2024-04-12T22:29:44Z,2401.9,2401.1,2401.5,2663.3,2663.3,2663.7,5742.6,5742.5,5742.5,2362.3,2362.1,2362.7,3544.1,3543.9,3543.8,4475.8,4475.4,4475.3,6250.0,6250.4,6250.5,8726.9,8726.4,8726.7,5276.3,5275.9,5277.1,7507.9,7508.4,7506.3,6174.0,6172.6,6171.9,1877.3,1875.7,1875.7,3723.7,3724.0,3724.9,2611.0,2610.4,2610.4,2925.4,2925.1,2924.4,27.480000,27.870001,going to home base
2024-04-12T22:29:49Z,2402.2,2401.5,2401.9,2664.0,2664.2,2663.8,5743.6,5742.6,5743.3,2362.3,2362.3,2362.7,3542.9,3542.8,3542.9,4475.1,4475.0,4475.4,6250.7,6250.8,6251.4,8724.3,8724.3,8724.9,5277.4,5276.9,5278.7,7506.4,7505.5,7505.1,6176.3,6176.5,6177.4,1877.2,1875.9,1875.8,3723.6,3723.6,3724.9,2611.8,2610.9,2611.0,2927.5,2926.6,2927.2,27.459999,27.850000,going to home base
2024-04-12T22:29:54Z,2402.7,2401.9,2402.2,2664.4,2664.1,2664.6,5742.7,5743.0,5742.6,2362.0,2362.4,2363.0,3543.3,3543.4,3543.2,4475.8,4475.7,4475.5,6251.1,6252.6,6251.4,8726.4,8725.3,8725.2,5276.6,5276.4,5277.2,7507.4,7504.2,7505.4,6175.6,6174.2,6175.8,1876.5,1875.0,1875.0,3723.6,3723.7,3724.3,2611.2,2610.9,2610.7,2927.2,2926.9,2927.0,27.480000,27.820000,going to home base
2024-04-12T22:29:59Z,2402.5,2401.3,2401.8,2663.5,2663.2,2663.5,5743.1,5742.4,5742.6,2362.7,2362.6,2362.7,3544.3,3543.1,3543.2,4475.3,4474.9,4475.1,6250.2,6251.1,6250.5,8727.9,8725.5,8725.4,5277.0,5278.1,5278.8,7506.1,7505.8,7504.4,6172.6,6171.8,6171.7,1877.0,1875.5,1875.4,3723.7,3723.7,3724.7,2611.6,2610.6,2610.0,2926.4,2926.4,2926.0,27.450001,27.900000,going to home base
2024-04-12T22:30:04Z,2402.6,2401.9,2401.2,2664.0,2663.4,2664.0,5742.0,5741.5,5741.7,2362.0,2361.9,2362.7,3543.9,3543.6,3543.4,4475.3,4474.9,4475.7,6252.5,6251.2,6252.0,8726.9,8726.2,8726.4,5276.1,5276.0,5277.0,7506.2,7505.8,7504.5,6172.8,6173.8,6175.4,1876.9,1875.6,1875.8,3723.2,3723.3,3724.5,2611.1,2610.1,2610.3,2926.8,2926.0,2926.8,27.480000,27.860001,going to home base
2024-04-12T22:30:09Z,2402.9,2402.1,2402.2,2663.8,2663.2,2663.9,5742.4,5741.9,5741.6,2362.3,2362.4,2362.6,3544.3,3544.3,3544.5,4474.7,4474.5,4474.8,6250.4,6249.8,6251.6,8726.3,8725.1,8725.0,5276.2,5276.1,5276.8,7506.2,7505.2,7505.7,6176.4,6175.0,6175.6,1876.7,1875.7,1875.6,3722.2,3722.7,3723.3,2611.0,2610.1,2610.6,2926.5,2925.9,2925.6,27.459999,27.870001,going to home base
2024-04-12T22:30:14Z,2402.5,2401.5,2401.9,2664.0,2663.9,2664.0,5741.9,5741.4,5741.7,2362.8,2362.8,2363.3,3543.8,3543.4,3543.1,4474.8,4475.1,4475.0,6251.1,6250.9,6252.5,8726.9,8726.6,8728.4,5275.3,5275.4,5275.7,7504.9,7504.4,7504.1,6175.8,6174.9,6176.3,1877.0,1875.9,1875.7,3722.5,3722.3,3723.8,2610.6,2610.3,2610.8,2927.6,2927.2,2927.7,27.459999,27.889999,going to home base
2024-04-12T22:30:19Z,2401.5,2400.9,2401.1,2663.8,2663.3,2663.5,5741.7,5741.9,5742.3,2362.6,2362.7,2363.1,3543.9,3543.5,3543.8,4475.3,4475.2,4474.9,6251.0,6251.7,6250.9,8725.2,8724.7,8726.0,5276.6,5276.0,5277.3,7509.4,7506.2,7505.5,6175.8,6173.2,6176.0,1877.0,1875.7,1875.8,3723.0,3722.4,3723.4,2610.4,2610.1,2610.5,2927.2,2926.6,2926.6,27.459999,27.850000,going to home base
2024-04-12T22:30:24Z,2402.0,2401.7,2401.9,2662.8,2663.1,2663.1,5741.8,5741.1,5741.2,2362.6,2362.6,2362.6,3544.2,3544.0,3544.4,4474.4,4474.2,4475.1,6247.2,6247.4,6249.1,8722.8,8722.4,8723.7,5276.5,5275.1,5276.3,7504.8,7503.0,7503.7,6174.2,6173.5,6174.4,1877.7,1876.4,1875.9,3722.5,3722.3,3723.2,2609.9,2609.5,2610.1,2926.1,2926.3,2926.3,27.459999,27.870001,going to home base
2024-04-12T22:30:29Z,2402.2,2401.6,2401.9,2664.1,2663.9,2664.6,5741.7,5741.4,5741.4,2362.5,2362.5,2362.9,3544.0,3543.9,3544.3,4475.0,4474.9,4475.3,6250.3,6250.9,6250.2,8725.2,8725.0,8725.9,5274.9,5274.8,5275.6,7507.0,7505.0,7504.2,6176.1,6174.4,6175.0,1876.8,1875.7,1875.0,3722.9,3722.8,3724.0,2610.5,2609.8,2609.8,2925.8,2925.0,2925.5,27.450001,27.920000,going to home base
2024-04-12T22:30:34Z,2402.3,2401.5,2401.6,2663.6,2663.6,2664.2,5742.2,5742.0,5741.2,2361.7,2361.7,2362.3,3542.7,3542.3,3542.5,4474.7,4474.2,4474.3,6252.1,6251.7,6252.5,8726.2,8724.6,8725.1,5275.2,5274.1,5275.2,7506.0,7508.1,7507.8,6175.8,6175.7,6176.6,1877.5,1875.7,1875.5,3722.7,3723.2,3723.9,2610.5,2610.2,2610.0,2925.4,2925.9,2925.4,27.450001,27.959999,going to home base
2024-04-12T22:30:39Z,2402.4,2401.7,2402.0,2663.7,2663.3,2664.0,5741.9,5741.6,5741.9,2361.4,2362.0,2362.6,3543.5,3542.9,3543.0,4474.9,4474.5,4474.9,6248.8,6249.0,6249.3,8725.9,8725.0,8723.9,5273.9,5274.6,5274.2,7505.8,7504.4,7503.8,6174.0,6174.5,6175.3,1877.1,1875.9,1875.7,3723.7,3723.5,3724.6,2610.2,2609.6,2609.5,2925.2,2924.9,2925.3,27.459999,27.889999,going to home base
2024-04-12T22:30:44Z,2401.2,2400.6,2400.9,2664.8,2664.6,2665.3,5741.9,5741.4,5741.6,2361.9,2361.6,2362.1,3543.6,3543.4,3543.1,4474.9,4474.4,4474.4,6250.2,6250.8,6251.8,8723.2,8724.3,8725.0,5275.6,5275.0,5275.9,7504.9,7503.0,7504.7,6176.4,6176.4,6176.6,1877.3,1875.9,1876.0,3723.2,3723.7,3724.1,2609.8,2609.0,2609.0,2924.6,2924.2,2924.7,27.480000,27.900000,going to home base
2024-04-12T22:30:49Z,2401.4,2401.0,2401.7,2664.2,2663.7,2663.8,5742.7,5742.2,5742.2,2361.5,2361.6,2362.3,3543.5,3543.5,3543.1,4474.7,4474.5,4474.7,6248.9,6248.9,6249.4,8722.3,8723.6,8723.4,5275.2,5276.3,5276.6,7503.1,7501.8,7502.7,6176.3,6175.8,6176.5,1877.2,1875.5,1875.7,3724.3,3724.4,3725.0,2610.3,2609.3,2609.4,2925.6,2925.2,2926.6,27.450001,27.900000,going to home base
2024-04-12T22:30:54Z,2401.1,2400.3,2401.3,2663.7,2664.1,2664.7,5743.0,5742.1,5742.3,2363.0,2362.7,2362.4,3543.2,3543.7,3542.9,4473.9,4474.0,4474.5,6248.4,6249.1,6248.9,8726.9,8726.5,8725.0,5276.1,5276.8,5275.8,7505.5,7503.7,7503.5,6175.2,6174.9,6174.4,1876.5,1875.1,1874.9,3723.8,3723.7,3724.7,2609.9,2609.3,2609.2,2925.1,2925.4,2926.6,27.450001,27.920000,going to home base
2024-04-12T22:30:59Z,2401.8,2401.0,2401.0,2663.4,2663.5,2663.5,5742.2,5741.8,5741.6,2362.6,2362.7,2363.5,3543.5,3542.8,3543.3,4474.5,4473.9,4474.2,6250.4,6249.4,6249.0,8724.2,8723.9,8724.3,5275.4,5275.6,5276.6,7502.9,7502.1,7502.0,6173.1,6174.5,6174.2,1876.6,1875.1,1875.1,3722.6,3722.6,3724.0,2610.8,2609.9,2610.6,2926.0,2926.1,2925.9,27.450001,27.889999,going to home base
2024-04-12T22:31:04Z,2401.4,2400.3,2400.8,2662.9,2662.8,2663.4,5742.3,5741.7,5741.9,2361.6,2362.1,2362.7,3544.0,3543.3,3543.6,4474.0,4474.0,4473.9,6248.6,6247.7,6247.4,8725.0,8724.7,8724.9,5275.0,5274.7,5275.6,7500.9,7502.3,7501.7,6170.5,6170.6,6170.4,1877.0,1875.1,1875.0,3723.1,3723.1,3723.7,2610.3,2609.8,2609.4,2926.3,2925.9,2925.6,27.450001,27.920000,going to home base
2024-04-12T22:31:09Z,2401.1,2400.3,2400.5,2664.1,2664.0,2664.3,5741.6,5741.0,5741.6,2362.4,2362.3,2362.7,3544.1,3544.0,3544.2,4474.2,4473.5,4473.9,6246.7,6246.2,6247.0,8724.1,8725.2,8723.6,5274.1,5274.0,5275.1,7503.7,7501.7,7502.2,6170.0,6168.6,6169.2,1875.9,1874.1,1874.4,3722.8,3722.7,3723.7,2610.1,2609.8,2609.8,2926.4,2924.5,2926.1,27.420000,27.889999,going to home base
2024-04-12T22:31:14Z,2402.1,2401.0,2401.6,2663.2,2663.5,2663.8,5741.9,5742.0,5741.7,2361.8,2362.2,2362.3,3544.9,3544.2,3544.2,4474.1,4473.6,4473.6,6250.2,6250.1,6250.8,8721.1,8723.0,8722.7,5275.1,5274.6,5275.2,7506.1,7505.6,7504.3,6168.9,6169.6,6169.9,1876.3,1874.8,1874.7,3724.0,3724.2,3724.6,2609.6,2608.5,2609.9,2926.7,2927.2,2927.1,27.480000,27.870001,going to home base
2024-04-12T22:31:19Z,2401.4,2400.7,2400.2,2663.4,2663.2,2664.0,5742.7,5741.9,5741.9,2362.0,2361.9,2362.3,3543.8,3543.5,3543.8,4473.6,4473.9,4473.7,6245.9,6246.1,6246.6,8723.0,8722.0,8720.6,5274.8,5274.3,5275.8,7504.3,7503.2,7502.9,6166.9,6167.8,6167.7,1877.3,1875.6,1875.4,3723.2,3723.3,3724.0,2610.5,2610.3,2610.4,2926.0,2925.8,2926.5,27.459999,27.860001,going to home base
2024-04-12T22:31:24Z,2400.7,2400.4,2400.8,2663.7,2663.5,2664.2,5742.2,5741.6,5741.7,2362.4,2362.2,2362.4,3542.8,3542.7,3542.6,4473.9,4473.8,4473.7,6247.5,6247.9,6247.3,8723.8,8724.1,8723.5,5275.7,5276.0,5276.8,7501.0,7500.5,7502.8,6168.5,6168.3,6168.6,1876.5,1875.2,1874.8,3723.9,3723.7,3724.7,2611.2,2609.8,2609.7,2926.3,2925.6,2926.0,27.450001,27.889999,going to home base
2024-04-12T22:31:29Z,2401.2,2400.2,2400.7,2663.9,2663.1,2663.9,5741.7,5741.4,5741.3,2361.1,2361.2,2361.4,3543.2,3543.2,3543.3,4473.4,4473.5,4473.6,6245.4,6245.7,6247.4,8725.2,8724.0,8724.2,5275.2,5275.7,5276.2,7500.7,7499.5,7498.6,6173.7,6172.6,6172.1,1876.4,1875.2,1875.2,3721.9,3722.3,3722.8,2610.2,2608.7,2609.5,2926.2,2925.1,2925.0,27.459999,27.900000,going to home base
2024-04-12T22:31:34Z,2402.1,2401.3,2401.7,2663.1,2663.0,2663.6,5741.9,5741.2,5741.4,2361.9,2361.9,2361.8,3544.1,3544.0,3544.2,4473.9,4473.7,4473.4,6247.4,6246.9,6246.3,8724.2,8724.7,8724.6,5275.0,5275.6,5276.6,7503.1,7503.2,7502.9,6171.3,6172.2,6171.8,1876.4,1874.4,1875.1,3722.7,3722.8,3723.6,2611.1,2610.5,2610.1,2926.7,2926.8,2927.2,27.459999,27.900000,going to home base
2024-04-12T22:31:39Z,2401.2,2400.2,2400.5,2664.0,2663.4,2663.9,5741.3,5741.1,5741.4,2362.0,2362.0,2361.6,3544.5,3543.7,3543.6,4473.8,4473.4,4473.6,6249.3,6249.1,6249.0,8725.3,8724.5,8724.7,5276.6,5276.1,5276.8,7503.0,7502.8,7502.1,6171.7,6170.5,6170.2,1876.5,1875.0,1874.9,3722.2,3722.6,3723.1,2610.2,2609.4,2609.5,2925.3,2924.6,2925.1,27.450001,27.920000,going to home base
2024-04-12T22:31:44Z,2401.1,2400.4,2400.5,2663.3,2662.7,2663.9,5741.5,5740.9,5741.4,2361.9,2361.9,2362.4,3543.4,3543.3,3544.1,4473.0,4472.7,4472.6,6246.5,6246.6,6246.4,8724.4,8723.6,8725.0,5275.6,5275.3,5276.1,7504.2,7502.1,7503.1,6171.0,6170.2,6171.2,1877.1,1875.6,1875.5,3722.4,3722.4,3723.2,2610.0,2609.0,2608.9,2926.8,2926.5,2927.5,27.480000,27.900000,going to home base
2024-04-12T22:31:49Z,2402.0,2400.6,2401.4,2663.6,2663.7,2663.7,5741.0,5740.7,5740.4,2361.9,2362.5,2362.8,3544.7,3543.6,3543.0,4473.3,4473.3,4473.2,6247.0,6244.6,6245.7,8721.7,8723.0,8721.9,5275.9,5276.1,5276.4,7503.1,7502.4,7503.0,6170.6,6169.6,6169.1,1876.3,1874.9,1874.7,3722.3,3722.5,3722.8,2610.2,2609.0,2608.8,2925.6,2925.8,2926.7,27.450001,27.930000,going to home base
2024-04-12T22:31:54Z,2401.7,2400.7,2401.1,2663.8,2663.9,2664.0,5741.5,5740.8,5741.1,2361.6,2362.4,2362.3,3544.3,3543.9,3544.1,4472.6,4472.4,4472.8,6247.4,6246.3,6246.4,8724.3,8723.1,8723.0,5274.6,5274.3,5275.3,7502.4,7501.7,7501.8,6169.1,6169.2,6168.6,1876.0,1874.8,1875.1,3722.1,3722.2,3722.5,2610.3,2609.1,2609.0,2924.9,2925.0,2926.2,27.450001,27.889999,going to home base
2024-04-12T22:31:59Z,2401.6,2400.8,2401.3,2663.5,2663.0,2663.7,5741.5,5741.1,5741.1,2360.9,2361.6,2361.5,3542.9,3543.7,3542.9,4472.4,4472.3,4471.9,6247.4,6247.0,6246.4,8723.3,8723.5,8723.5,5275.5,5275.4,5275.6,7503.2,7502.1,7502.9,6168.8,6166.8,6167.3,1876.7,1875.1,1875.3,3721.5,3722.0,3722.3,2609.9,2609.4,2609.1,2925.5,2923.7,2924.9,27.459999,27.889999,going to home base
2024-04-12T22:32:09Z,2401.7,2401.1,2401.5,2663.2,2662.5,2663.3,5741.8,5741.5,5741.0,2361.1,2361.0,2362.0,3543.4,3542.8,3542.9,4473.1,4472.9,4472.7,6246.2,6247.0,6246.7,8722.4,8721.4,8720.4,5275.1,5274.2,5275.1,7503.1,7502.3,7502.4,6168.1,6167.5,6168.8,1876.0,1874.5,1874.6,3722.5,3722.3,3723.6,2609.9,2608.7,2609.0,2926.3,2926.6,29start,2401.8,2400.9,going to home base
2024-04-12T22:32:19Z,2401.3,2400.6,2401.0,2662.2,2663.0,2663.3,5741.1,5741.1,5740.6,2361.7,2362.1,2362.3,3543.5,3543.2,3543.7,4472.4,4472.2,4472.6,6245.3,6246.1,6245.9,8723.7,8723.5,8722.7,5276.1,5276.2,5276.7,7504.0,7502.7,7502.2,6170.5,6170.0,6172.1,1876.0,1874.6,1874.4,3723.0,3723.0,3723.5,2609.3,2608.5,2608.6,2923.3,2923.1,2923.6,27.459999,27.930000,going to home base
2024-04-12T22:32:24Z,2401.3,2400.3,2400.5,2662.1,2662.1,2663.0,5740.2,5739.9,5739.5,2361.0,2360.9,2361.6,3543.4,3542.1,3543.1,4472.9,4472.5,4472.8,6245.4,6244.3,6244.9,8721.8,8721.9,8723.3,5274.9,5274.6,5275.3,7504.7,7503.9,7505.1,6169.9,6171.4,6170.6,1875.9,1874.4,1874.3,3722.3,3722.9,3723.6,2610.0,2609.1,2609.4,2925.6,2925.5,2926.2,27.440001,27.900000,going to home base
2024-04-12T22:32:29Z,2400.7,2400.4,2400.5,2662.2,2662.2,2662.7,5740.4,5739.5,5740.0,2361.2,2360.9,2360.9,3542.9,3542.9,3542.8,4472.2,4472.0,4471.7,6245.4,6244.4,6245.7,8721.4,8721.2,8720.4,5274.6,5274.9,5276.3,7504.2,7504.1,7502.5,6168.3,6169.7,6168.5,1875.9,1874.6,1874.8,3721.6,3721.0,3722.0,2609.6,2609.0,2609.0,2926.3,2925.2,2925.6,27.459999,27.930000,going to home base
2024-04-12T22:32:34Z,2401.0,2400.2,2400.3,2662.7,2662.4,2662.8,5739.3,5739.4,5739.6,2360.7,2360.4,2361.1,3542.1,3542.3,3542.4,4472.5,4473.0,4472.5,6247.8,6245.5,6246.4,8720.6,8721.3,8721.7,5275.1,5275.6,5275.4,7502.8,7502.9,7499.4,6170.3,6170.8,6168.5,1875.7,1874.3,1873.8,3721.1,3721.6,3722.5,2609.5,2608.6,2608.6,2925.2,2924.5,2924.7,27.440001,27.940001,going to home base
2024-04-12T22:32:44Z,2400.8,2400.4,2400.5,2662.5,2662.2,2663.0,5739.8,5739.7,5739.8,2360.7,2360.3,2360.5,3543.0,3543.0,3542.8,4472.6,4472.1,4472.3,6244.6,6245.0,6244.8,8721.7,8721.7,8720.7,5275.4,5275.1,5274.9,7503.5,7503.5,7502.2,6170.4,6169.1,6169.1,1875.9,1874.7,1start,27170.4,27174.0,2400.5,2399.5,2399.6,2662.4,2662.5,2662.5,5740.7,2360.6,2360.3,going to home base
2024-04-12T22:32:54Z,2400.6,2399.1,2399.7,2661.8,2661.9,2662.1,5739.4,5738.6,5738.9,2360.7,2360.6,2360.9,3542.3,3541.9,3542.7,4472.2,4471.9,4471.8,6246.1,6246.2,6244.2,8722.9,8722.1,8720.9,5273.1,5272.6,5273.8,7498.5,7500.0,7499.3,6167.1,6165.7,6166.1,1876.1,1874.8,1874.3,3721.5,3721.6,3722.5,2608.7,2607.9,2608.2,2924.7,2924.7,2924.0,27.459999,27.930000,going to home base
2024-04-12T22:32:59Z,2400.1,2399.8,2400.0,2662.2,2661.1,2662.1,5740.0,5739.6,5739.1,2362.0,2361.2,2361.6,3543.0,3543.4,3542.9,4471.1,4471.0,4470.9,6244.8,6245.7,6244.2,8721.3,8720.8,8722.0,5274.4,5272.9,5274.0,7499.5,7499.0,7497.2,6170.0,6170.1,6170.4,1876.2,1875.2,1874.7,3722.0,3721.5,3721.8,2608.7,2607.7,2608.0,2924.6,2924.9,2925.4,27.459999,27.950001,going to home base
2024-04-12T22:33:04Z,2400.4,2399.5,2399.9,2662.9,2662.4,2662.9,5739.2,5739.1,5739.4,2360.5,2360.5,2361.3,3542.6,3542.4,3542.3,4471.5,4471.5,4471.6,6244.9,6243.8,6243.6,8720.7,8721.1,8721.2,5274.1,5274.6,5274.7,7501.8,7501.3,7499.8,6168.8,6168.4,6168.1,1876.0,1874.0,1874.3,3720.6,3720.3,3721.4,2609.1,2608.1,2608.5,2923.2,2922.6,2922.9,27.450001,27.930000,going to home base
2024-04-12T22:33:09Z,2401.1,2400.4,2401.1,2662.5,2662.0,2662.8,5739.6,5739.3,5739.7,2360.8,2360.8,2361.4,3542.3,3542.3,3542.0,4471.6,4471.0,4472.0,6244.7,6244.2,6245.0,8720.7,8721.8,8722.2,5274.6,5273.8,5274.3,7501.3,7501.0,7500.3,6164.4,6164.0,6163.5,1875.9,1874.3,1874.1,3720.5,3720.1,3720.9,2609.1,2608.1,2607.7,2923.5,2923.1,2923.2,27.450001,27.959999,going to home base
2024-04-12T22:33:19Z,2401.2,2400.4,2400.8,2662.5,2662.0,2662.2,5738.7,5738.2,5738.4,2360.9,2360.6,2360.7,3542.7,3542.5,3542.0,4471.6,4471.7,4471.9,6242.8,6242.5,6244.5,8721.1,8721.5,8721.6,5273.3,5273.1,5274.4,7500.4,7501.6,7503.4,61start,27167.7,27157.6,2661.6,2662.0,5739.3,5738.1,5738.8,2361.2,2361.0,2361.2,3791.3,3791.3,88933.3,88921.1,14444.7,3542.4,going to home base
2024-04-12T22:33:29Z,2401.3,2400.5,2400.9,2662.0,2661.9,2662.6,5739.1,5739.0,5738.8,2360.3,2360.5,2360.6,3542.9,3542.0,3542.1,4471.4,4470.6,4470.9,6245.8,6245.2,6246.7,8721.3,8720.2,8722.3,5272.7,5273.5,5274.1,7498.8,7499.4,7498.1,6170.5,6170.2,6171.1,1876.2,1875.3,1875.3,3721.0,3720.2,3721.1,2608.7,2607.9,2608.2,2923.5,2923.4,2922.6,27.459999,27.950001,going to home base
2024-04-12T22:33:34Z,2401.3,2400.1,2400.9,2661.3,2661.4,2661.8,5738.2,5738.4,5738.5,2360.4,2360.6,2360.6,3542.3,3541.5,3541.2,4470.9,4471.1,4471.3,6245.8,6246.0,6245.9,8720.3,8720.9,8720.5,5274.7,5273.0,5272.6,7498.9,7497.1,7499.1,6167.3,6166.1,6165.7,1875.6,1874.1,1874.6,3720.2,3719.9,3720.7,2608.7,2607.8,2608.2,2922.7,2922.6,2923.0,27.480000,27.930000,going to home base
2024-04-12T22:33:39Z,2400.8,2400.3,2400.1,2661.9,2661.6,2661.6,5739.0,5738.2,5738.2,2360.9,2360.6,2361.5,3541.5,3541.7,3541.3,4470.5,4470.0,4469.8,6243.8,6243.7,6243.5,8720.1,8721.0,8721.8,5272.3,5272.6,5273.0,7500.3,7501.2,7500.7,6165.5,6165.3,6165.4,1876.5,1874.8,1874.5,3720.1,3720.2,3721.4,2609.2,2608.4,2608.2,2922.3,2921.8,2922.1,27.459999,27.930000,going to home base
2024-04-12T22:33:44Z,2401.2,2400.7,2400.7,2661.9,2661.3,2661.3,5738.7,5738.4,5738.7,2361.0,2360.9,2360.9,3542.3,3542.1,3542.5,4471.3,4471.1,4471.2,6247.1,6247.0,6244.5,8720.8,8720.6,8720.7,5272.7,5271.9,5272.4,7501.2,7501.5,7501.5,6164.6,6165.9,6165.7,1875.6,1874.0,1873.9,3720.0,3719.6,3720.4,2609.1,2608.1,2608.3,2923.7,2923.6,2923.7,27.459999,27.940001,going to home base
2024-04-12T22:33:54Z,2400.8,2399.9,2400.2,2661.2,2660.8,2661.3,5739.3,5738.8,5738.5,2360.5,2360.8,2360.7,3542.6,3541.9,3542.7,4471.4,4471.3,4471.5,6247.3,6246.1,6247.2,8719.7,8720.0,8720.6,5272.3,5271.9,5273.1,7502.0,7498.2,7499.4,61start,27162.9,27162.4,2662.4,2662.1,5738.6,5738.5,5738.7,2360.2,2360.4,2360.2,3791.9,3791.2,89027.0,88971.2,14443.0,3542.0,going to home base
2024-04-12T22:34:04Z,2400.1,2399.5,2399.8,2662.1,2661.8,2661.5,5738.8,5738.4,5738.4,2360.7,2360.4,2361.0,3541.9,3542.0,3541.0,4471.2,4471.1,4471.4,6243.8,6244.8,6244.3,8719.0,8717.0,8717.7,5273.4,5272.2,5273.1,7498.3,7498.0,7498.3,6167.3,6169.1,6167.0,1875.8,1874.6,1874.3,3719.4,3719.7,3720.4,2608.1,2608.1,2608.1,2924.0,2923.8,2924.4,27.450001,27.940001,going to home base
2024-04-12T22:34:09Z,2400.6,2400.0,2400.1,2662.3,2661.4,2662.0,5739.1,5739.2,5738.9,2360.4,2360.5,2360.9,3542.0,3541.9,3541.8,4470.3,4470.2,4470.3,6242.6,6242.3,6242.4,8717.2,8717.9,8717.8,5271.8,5272.0,5273.0,7497.8,7497.9,7496.6,6166.8,6169.2,6167.9,1875.6,1874.6,1874.4,3719.9,3720.4,3721.2,2609.6,2608.7,2609.2,2923.6,2922.9,2923.1,27.450001,27.959999,going to home base
2024-04-12T22:34:14Z,2401.6,2401.0,2401.1,2661.3,2661.3,2661.6,5739.1,5738.5,5738.4,2359.9,2359.7,2360.3,3542.3,3542.7,3542.2,4470.9,4471.3,4470.9,6243.3,6243.8,6243.9,8717.0,8718.2,8717.8,5272.1,5271.7,5273.3,7500.3,7499.2,7500.6,6166.5,6168.1,6167.1,1876.5,1874.8,1874.2,3719.9,3720.2,3720.7,2609.1,2608.4,2608.7,2925.3,2924.8,2924.5,27.459999,27.940001,going to home base
2024-04-12T22:34:19Z,2401.3,2400.5,2401.1,2661.5,2661.7,2662.1,5739.0,5738.8,5738.4,2360.0,2359.8,2360.0,3542.1,3541.6,3542.6,4470.6,4470.5,4470.4,6247.6,6245.4,6245.3,8718.1,8717.3,8716.9,5271.4,5271.7,5273.2,7501.7,7500.2,7499.5,6169.2,6168.7,6169.3,1875.4,1874.2,1874.1,3720.3,3720.0,3720.8,2609.0,2608.5,2609.1,2923.7,2923.4,2924.0,27.459999,27.900000,going to home base
2024-04-12T22:34:29Z,2401.0,2400.5,2400.6,2662.3,2661.9,2662.1,5738.5,5737.8,5738.0,2360.0,2359.8,2360.2,3542.6,3541.8,3541.8,4469.4,4470.2,4469.8,6242.9,6242.0,6242.8,8start,27160.1,27161.2,2400.8,2399.9,2400.2,2661.1,2660.7,2661.8,5738.2,5738.1,5738.1,3790.9,89010.7,88949.3,14441.8,14448.4,14446.0,3543.2,3542.5,3542.3,4470.4,4470.4,4470.4,6243.8,16811.0,going to home base
2024-04-12T22:34:39Z,2401.3,2400.7,2400.8,2662.0,2661.7,2662.2,5737.9,5737.5,5737.1,2360.1,2360.1,2360.4,3542.4,3542.3,3542.1,4470.5,4470.2,4470.3,6242.7,6241.5,6240.7,8717.5,8718.0,8719.1,5272.6,5272.0,5273.5,7499.1,7498.3,7498.4,6164.7,6163.4,6164.4,1875.7,1874.6,1874.4,3720.2,3720.4,3721.2,2608.5,2607.9,2608.1,2924.7,2924.7,2925.8,27.459999,27.959999,going to home base
2024-04-12T22:34:44Z,2401.3,2400.7,2400.2,2661.8,2661.6,2661.9,5737.5,5737.6,5738.0,2360.2,2359.8,2360.5,3542.2,3542.4,3542.5,4470.4,4470.2,4470.4,6244.4,6243.7,6244.7,8718.8,8717.0,8717.3,5273.3,5272.1,5273.6,7499.1,7498.5,7497.3,6163.7,6164.3,6164.3,1875.8,1874.4,1874.0,3720.0,3720.1,3720.5,2608.4,2607.4,2607.7,2925.2,2924.5,2924.8,27.450001,27.969999,going to home base
2024-04-12T22:34:49Z,2400.9,2400.4,2400.4,2661.2,2661.7,2661.8,5738.2,5738.0,5738.2,2360.0,2360.1,2360.5,3541.7,3541.2,3541.8,4469.9,4469.8,4470.0,6240.1,6242.2,6240.7,8719.7,8717.8,8717.6,5273.9,5272.8,5273.8,7499.7,7498.4,7497.4,6167.4,6167.0,6167.6,1875.4,1874.4,1874.0,3720.6,3720.6,3721.7,2609.5,2608.2,2607.9,2924.0,2923.7,2924.4,27.450001,28.000000,going to home base
2024-04-12T22:34:54Z,2401.0,2400.3,2399.9,2661.3,2661.2,2661.9,5737.8,5737.2,5737.8,2359.7,2360.0,2360.5,3542.3,3541.6,3541.7,4470.1,4469.8,4469.7,6245.0,6242.8,6243.4,8716.8,8717.3,8718.8,5272.8,5271.1,5271.8,7498.0,7498.0,7497.6,6168.9,6167.5,6168.3,1875.9,1874.2,1873.7,3720.9,3721.1,3722.3,2607.9,2608.1,2607.7,2922.7,2923.6,2923.6,27.450001,27.959999,going to home base
2024-04-12T22:35:04Z,2400.9,2400.6,2400.6,2661.5,2661.0,2662.0,5737.5,5737.2,5736.7,2359.9,2360.0,2360.2,3541.9,3541.9,3542.0,4469.9,4469start,27155.9,27156.4,2401.0,2399.9,5736.8,5736.8,5736.8,2360.7,2360.7,2360.5,3791.5,3791.4,88975.4,88940.6,14446.0,14442.8,4469.8,4470.0,4470.3,6241.9,6240.5,6241.0,16801.2,16803.5,34341.0,34360.1,8719.3,8718.3,5271.0,5271.8,going to home base
2024-04-12T22:35:14Z,2400.7,2399.8,2400.3,2661.7,2661.1,2662.1,5737.4,5737.0,5736.8,2360.1,2360.2,2360.3,3541.9,3541.9,3541.2,4469.9,4470.7,4470.6,6241.9,6240.2,6242.8,8718.4,8716.0,8718.5,5271.8,5271.5,5272.8,7498.7,7496.4,7497.0,6167.0,6167.3,6167.2,1875.4,1873.6,1874.1,3718.9,3719.6,3720.5,2608.0,2607.3,2607.0,2923.7,2922.9,2924.3,27.450001,27.969999,going to home base
2024-04-12T22:35:19Z,2400.5,2399.9,2400.4,2661.6,2661.7,2661.8,5737.4,5736.9,5736.9,2359.9,2360.1,2360.6,3542.6,3541.9,3541.7,4469.6,4469.6,4469.8,6238.1,6238.8,6238.7,8717.2,8715.6,8716.0,5271.4,5271.3,5272.4,7499.7,7497.9,7498.7,6163.0,6163.6,6162.6,1875.0,1873.9,1873.5,3719.9,3719.8,3720.6,2608.2,2607.9,2607.7,2923.8,2923.8,2924.0,27.459999,27.930000,going to home base
2024-04-12T22:35:24Z,2400.9,2400.1,2400.4,2661.5,2661.6,2662.1,5736.7,5736.3,5736.3,2360.1,2360.0,2360.6,3541.1,3540.6,3540.1,4470.1,4470.0,4469.6,6243.0,6242.1,6243.3,8716.5,8715.7,8715.8,5271.7,5272.1,5271.4,7498.6,7497.0,7497.9,6162.8,6162.8,6164.1,1875.6,1873.8,1873.9,3718.2,3718.5,3719.7,2607.8,2607.2,2607.1,2923.8,2923.5,2924.2,27.459999,27.920000,going to home base
2024-04-12T22:35:29Z,2400.6,2400.2,2400.1,2661.4,2661.3,2661.4,5737.0,5736.8,5736.7,2359.7,2360.0,2360.5,3540.5,3540.8,3540.2,4469.7,4469.3,4469.4,6241.7,6240.6,6240.9,8717.9,8717.1,8716.9,5271.3,5271.4,5272.4,7498.6,7496.2,7497.7,6162.4,6163.9,6163.5,1875.0,1873.3,1873.4,3719.4,3719.3,3720.3,2608.4,2607.3,2607.5,2923.5,2922.6,2923.0,27.459999,27.940001,going to home base
2024-04-12T22:35:39Z,2400.0,2399.5,2399.7,2661.5,2661.3,2661.7,5737.3,5736.7,5736.9,2360.5,2360.6,2360.9,2399.6,2400.0,2661.8,2661.5,2661.9,5737.4,5736.9,5736.9,2360.4,88932.6,88925.1,14437.1,14437.7,14430.2,3540.5,3540.0,3539.6,4469.0,4469.1,4469.0,6241.3,34352.6,34355.9,8715.3,8717.0,8716.6,5271.0,5270.9,5270.8,7496.6,7495.5,7496.8,6160.0,44839.5,44844.2,going to home base
2024-04-12T22:35:49Z,2400.4,2399.8,2400.2,2661.5,2660.8,2661.4,5736.9,5736.4,5736.2,2360.2,2360.0,2360.7,3541.0,3540.2,3541.2,4469.6,4469.3,4469.6,6240.9,6240.5,6241.3,8715.4,8715.4,8715.5,5273.2,5272.2,5272.4,7498.6,7496.1,7496.4,6159.7,6160.5,6161.4,1874.7,1873.8,1872.9,3718.3,3718.2,3719.6,2607.7,2607.5,2607.7,2923.1,2922.7,2923.3,27.480000,27.930000,going to home base
2024-04-12T22:35:54Z,2400.9,2400.5,2401.0,2661.4,2661.4,2661.9,5736.6,5736.4,5736.3,2360.1,2360.3,2360.9,3540.7,3539.7,3539.8,4469.8,4469.6,4469.8,6239.9,6240.9,6241.7,8716.5,8715.8,8718.2,5271.4,5270.2,5271.3,7496.4,7494.4,7495.8,6161.3,6162.8,6161.6,1875.3,1873.5,1873.7,3719.5,3719.2,3719.9,2607.4,2607.1,2607.0,2923.8,2923.2,2924.1,27.459999,27.930000,going to home base
2024-04-12T22:35:59Z,2401.2,2400.5,2400.5,2661.9,2661.5,2661.9,5737.9,5737.0,5737.5,2360.2,2360.0,2360.4,3542.1,3541.4,3541.1,4469.4,4469.0,4469.3,6237.7,6238.2,6238.5,8715.3,8717.0,8717.1,5269.8,5271.0,5271.4,7496.4,7496.3,7496.8,6162.6,6162.1,6162.8,1874.8,1873.3,1873.5,3719.3,3719.1,3719.9,2607.7,2606.9,2606.7,2922.7,2922.2,2923.5,27.450001,27.940001,going to home base
2024-04-12T22:36:04Z,2400.7,2399.4,2399.9,2661.6,2661.7,2661.7,5737.8,5737.1,5737.4,2359.6,2360.0,2360.1,3541.8,3540.9,3540.8,4469.7,4469.3,4469.5,6240.2,6241.2,6241.5,8717.5,8716.5,8718.0,5270.8,5270.2,5270.8,7500.5,7497.6,7498.8,6160.8,6161.8,6164.6,1875.4,1874.0,1873.6,3719.6,3719.9,3720.4,2608.0,2607.3,2607.6,2924.6,2924.1,2923.9,27.459999,27.940001,going to home base
2024-04-12T22:36:14Z,2401.1,2400.3,2400.7,2661.0,2660.7,2661.0,5737.2,5737.1,5737.2,2360.1,2359.6,2360.7,2400.3,2400.6,2660.2,2660.1,2660.9,5737.9,5737.3,5737.8,2360.5,88905.5,88940.7,14426.4,14428.6,14432.6,3541.0,3540.4,3540.5,4469.3,4469.1,4469.0,6238.9,34334.7,34345.4,8714.9,8715.7,8713.8,5270.9,5270.5,5271.6,7497.0,7496.8,7498.4,6161.4,44842.9,44832.8,going to home base
2024-04-12T22:36:24Z,2400.9,2399.9,2399.9,2660.5,2660.3,2660.9,5737.7,5737.3,5737.4,2360.0,2359.9,2360.2,3540.9,3540.6,3540.4,4469.3,4469.3,4469.3,6240.5,6238.9,6240.2,8716.2,8715.3,8713.2,5270.3,5270.3,5271.1,7495.0,7495.3,7494.8,6160.1,6160.2,6160.9,1874.8,1873.5,1873.3,3719.8,3719.6,3720.1,2607.4,2606.9,2606.5,2923.8,2922.9,2923.4,27.459999,27.910000,going to home base
2024-04-12T22:36:29Z,2400.8,2400.4,2400.5,2661.0,2661.0,2661.2,5738.1,5737.5,5737.2,2359.2,2359.5,2360.2,3540.1,3539.7,3540.1,4469.4,4469.3,4469.1,6240.1,6239.9,6240.2,8714.7,8713.8,8714.2,5269.6,5269.2,5270.8,7497.7,7497.1,7496.4,6163.4,6163.1,6163.0,1874.7,1873.1,1872.8,3719.4,3719.7,3720.5,2607.4,2607.0,2606.9,2923.8,2923.2,2923.1,27.459999,27.959999,going to home base
2024-04-12T22:36:34Z,2401.7,2401.4,2401.3,2660.3,2660.7,2661.0,5737.3,5736.8,5736.9,2360.1,2360.2,2360.5,3540.3,3540.3,3540.1,4469.3,4469.4,4468.8,6238.8,6240.1,6240.2,8715.6,8716.3,8714.0,5272.2,5271.2,5273.5,7497.1,7495.7,7494.4,6163.8,6164.3,6164.5,1875.4,1873.8,1873.8,3719.8,3719.3,3720.8,2606.9,2606.2,2606.9,2925.0,2924.4,2925.3,27.459999,27.980000,going to home base
2024-04-12T22:36:39Z,2400.9,2400.3,2400.3,2660.9,2660.5,2660.8,5737.5,5737.5,5737.4,2360.3,2360.3,2360.7,3540.9,3540.6,3540.3,4468.9,4468.9,4468.6,6236.9,6236.7,6237.9,8716.6,8715.1,8714.1,5271.2,5270.2,5270.9,7495.3,7493.7,7494.8,6164.3,6165.4,6164.1,1875.0,1873.6,1873.1,3720.2,3720.2,3720.6,2606.5,2605.4,2605.4,2924.5,2923.6,2924.8,27.450001,27.940001,going to home base
2024-04-12T22:36:49Z,2400.3,2400.0,2400.1,2661.4,2660.5,2661.1,start,27155.5,27167.2,2400.5,2400.4,2400.0,2358.7,2359.0,3790.3,3790.2,88911.4,88862.7,14432.5,14431.8,14423.5,4468.7,4468.5,6237.5,6237.6,6238.1,16807.2,16805.6,34331.4,34336.6,8715.9,8714.1,8713.1,7493.9,7495.4,6164.2,6164.0,6163.2,44824.7,44831.0,3752.5,3752.6,1874.8,1873.7,1873.3,3721.4,2607.1,going to home base
2024-04-12T22:36:59Z,2400.8,2400.0,2399.9,2660.3,2660.7,2661.3,5737.2,5737.0,5737.4,2359.1,2359.3,2359.4,3540.4,3539.4,3539.6,4468.8,4468.3,4468.1,6239.0,6238.5,6238.6,8715.4,8712.3,8713.6,5271.1,5272.8,5273.0,7495.4,7493.5,7494.5,6162.3,6163.1,6163.2,1874.9,1873.5,1873.6,3720.4,3720.5,3721.2,2606.5,2605.9,2606.1,2923.2,2922.4,2922.0,27.480000,27.959999,going to home base
2024-04-12T22:37:04Z,2400.6,2399.5,2400.0,2661.3,2661.4,2662.0,5737.4,5737.1,5737.3,2359.4,2359.8,2360.2,3540.1,3539.5,3539.4,4468.9,4468.9,4469.2,6236.6,6235.9,6235.1,8714.2,8714.0,8715.0,5270.1,5270.2,5270.3,7494.1,7493.3,7493.7,6165.5,6164.6,6165.7,1874.7,1873.5,1873.6,3719.4,3719.5,3720.5,2607.2,2606.2,2606.8,2923.4,2923.1,2923.9,27.450001,27.969999,going to home base
2024-04-12T22:37:09Z,2400.2,2399.6,2400.3,2660.4,2660.2,2661.2,5736.8,5736.6,5736.6,2359.9,2359.8,2360.1,3540.2,3540.8,3540.2,4469.1,4469.1,4469.5,6237.6,6236.9,6238.6,8714.4,8715.5,8717.4,5268.5,5269.2,5269.4,7495.9,7495.6,7494.7,6163.7,6163.4,6164.3,1874.7,1872.9,1873.3,3719.4,3719.5,3720.1,2607.2,2606.3,2606.4,2925.2,2925.2,2926.0,27.480000,27.940001,going to home base
2024-04-12T22:37:14Z,2400.1,2399.8,2400.0,2660.3,2660.0,2660.6,5737.5,5737.0,5737.1,2359.8,2359.8,2360.7,3540.3,3539.9,3539.8,4468.8,4468.5,4468.6,6238.5,6239.0,6240.4,8713.9,8713.4,8714.9,5269.3,5268.9,5270.4,7496.4,7494.7,7495.4,6166.2,6164.7,6166.3,1874.7,1873.2,1873.1,3718.7,3718.7,3719.6,2606.4,2606.3,2606.4,2925.5,2924.3,2923.0,27.450001,27.940001,going to home base
2024-04-12T22:37:24Z,2400.7,2399.9,2400.1,2660.6,2660.4,2660.6,5736.8,5736.7,5736.3,2360.0,2360.2,2360.3,3541.1,3540.6,3540.5,4468.8,4468.7,4469.2,6239.0,6237.4,6238.7,8716.7,8713.1,8714.2,5269.4,5269.2,5270.2,7497.3,7497.9,7497.3,6163.1,6162.5,6161.6,1874.8,1873.4,1873.7,3718.9,3718.8,3719.9,2606.5,2606.0,2606.3,2924.7,2924.0,2924.5,27.490000,27.930000,going to home base
2024-04-12T22:37:29Z,2400.4,2400.0,2399.5,2660.5,2660.5,2661.2,5737.2,5736.2,5736.3,2360.5,2360.2,2360.5,3540.9,3540.4,3540.4,4469.4,4469.2,4469.1,6239.6,6238.8,6240.3,8716.7,8715.0,8716.4,5270.7,5270.2,5270.8,7499.1,7497.7,7498.5,6159.9,6161.4,6161.7,1874.6,1873.6,1873.9,3718.6,3719.1,3719.8,2606.6,2606.4,2606.3,2924.3,2923.2,2923.7,27.480000,27.969999,going to home base
2024-04-12T22:37:34Z,2400.8,2400.2,2400.4,2660.6,2660.5,2661.0,5737.2,5736.8,5737.0,2360.1,2360.2,2360.5,3540.6,3540.7,3540.6,4469.1,4468.6,4468.5,6238.7,6239.2,6238.2,8715.6,8713.6,8714.1,5271.4,5270.7,5271.3,7496.8,7497.5,7494.9,6163.0,6161.5,6163.3,1874.4,1873.2,1873.3,3719.1,3718.8,3719.9,2606.8,2606.2,2605.9,2925.9,2924.4,2925.2,27.450001,28.010000,going to home base
2024-04-12T22:37:39Z,2400.9,2399.9,2400.1,2661.1,2661.1,2661.2,5736.8,5736.6,5736.2,2360.6,2360.4,2360.5,3541.6,3541.1,3541.2,4468.2,4468.4,4468.6,6237.4,6240.1,6239.3,8715.6,8715.6,8716.3,5270.5,5270.2,5271.4,7494.2,7492.9,7493.4,6164.1,6164.6,6165.4,1875.8,1874.5,1874.1,3719.7,3719.2,3720.0,2606.4,2605.8,2605.6,2926.2,2925.3,2925.2,27.450001,28.000000,going to home base
2024-04-12T22:37:44Z,2400.3,2399.4,2399.6,2660.7,2660.9,2661.0,5736.7,5736.3,5736.1,2360.6,2361.2,2361.4,3540.7,3540.9,3541.1,4468.2,4468.1,4468.2,6239.9,6238.4,6239.8,8716.1,8715.5,8714.5,5271.4,5270.5,5271.7,7493.0,7490.6,7492.7,6163.1,6162.5,6163.6,1875.6,1873.9,1873.8,3719.5,3719.2,3720.3,2606.8,2605.5,2605.9,2924.9,2924.4,2923.9,27.450001,27.969999,going to home base
2024-04-12T22:37:49Z,2400.4,2400.2,2399.8,2660.9,2660.4,2660.7,5736.4,5736.2,5736.4,2360.1,2360.1,2360.4,3540.1,3540.1,3539.4,4468.7,4468.6,4468.8,6236.3,6236.8,6237.1,8712.9,8712.6,8713.8,5270.8,5269.7,5270.9,7494.4,7493.9,7493.8,6165.7,6164.8,6165.8,1875.2,1873.7,1873.8,3718.6,3718.9,3719.5,2606.6,2606.2,2606.1,2922.2,2922.3,2922.6,27.450001,27.930000,going to home base
2024-04-12T22:37:54Z,2399.8,2399.2,2400.0,2660.8,2660.6,2660.9,5735.7,5735.4,5735.8,2359.6,2359.1,2359.9,3540.3,3540.2,3539.2,4468.5,4468.2,4468.6,6235.4,6235.6,6237.0,8713.0,8712.5,8709.8,5271.3,5270.4,5270.9,7492.6,7492.1,7492.7,6165.2,6165.9,6166.1,1875.6,1873.8,1873.9,3719.0,3718.9,3719.3,2606.3,2605.3,2605.3,2923.7,2923.4,2923.8,27.459999,27.959999,going to home base
2024-04-12T22:37:59Z,2399.8,2399.4,2399.5,2660.2,2660.0,2661.2,5735.6,5735.8,5736.1,2360.3,2360.1,2360.2,3540.9,3539.9,3540.2,4467.8,4467.7,4467.9,6237.0,6237.1,6237.1,8713.4,8712.5,8712.1,5271.6,5271.4,5270.8,7495.5,7494.1,7492.5,6162.4,6161.9,6164.3,1875.1,1873.7,1873.6,3718.9,3718.3,3719.4,2606.7,2605.6,2605.9,2922.9,2923.4,2923.4,27.480000,27.969999,going to home base
2024-04-12T22:38:04Z,2400.3,2399.7,2399.5,2661.2,2661.4,2661.6,5735.9,5736.0,5735.6,2360.8,2360.7,2361.5,3540.2,3539.5,3539.8,4468.3,4468.0,4468.1,6238.7,6238.4,6238.1,8711.0,8713.8,8712.1,5271.1,5271.4,5272.1,7493.1,7493.7,7493.9,6166.6,6166.1,6166.8,1875.5,1873.9,1873.6,3718.7,3718.2,3719.9,2607.1,2606.2,2606.7,2922.2,2921.2,2922.2,27.480000,27.959999,going to home base
2024-04-12T22:38:09Z,2399.9,2399.2,2399.5,2660.7,2661.1,2661.2,5736.4,5736.3,5735.9,2359.3,2359.7,2360.3,3541.4,3540.9,3539.8,4468.5,4468.5,4468.5,6239.0,6238.2,6239.1,8712.9,8712.9,8713.1,5269.3,5269.8,5269.7,7497.8,7496.0,7495.6,6163.4,6164.3,6163.4,1875.1,1874.1,1873.9,3718.5,3718.3,3719.6,2606.7,2605.8,2605.7,2923.4,2922.9,2924.1,27.459999,27.950001,going to home base
2024-04-12T22:38:14Z,2400.3,2399.6,2399.9,2660.8,2661.2,2661.5,5735.9,5735.8,5735.7,2361.1,2360.5,2360.7,3540.9,3539.7,3540.0,4468.7,4468.7,4468.9,6236.6,6237.9,6236.8,8715.7,8713.8,8713.4,5270.8,5269.6,5271.0,7497.4,7495.8,7495.9,6164.8,6165.5,6166.5,1874.9,1873.3,1873.4,3719.0,3718.1,3719.7,2607.2,2606.7,2606.8,2921.8,2921.0,2922.1,27.459999,27.920000,going to home base
2024-04-12T22:38:19Z,2399.3,2399.2,2399.7,2659.8,2659.5,2660.1,5736.7,5735.8,5736.1,2359.6,2360.2,2360.1,3540.6,3540.7,3539.9,4468.3,4468.3,4468.6,6237.9,6237.2,6236.8,8716.0,8715.4,8716.2,5272.5,5270.1,5271.8,7497.4,7497.0,7495.5,6164.1,6163.5,6164.0,1875.5,1874.3,1874.2,3718.4,3718.7,3719.2,2606.9,2605.8,2606.3,2922.4,2922.3,2922.0,27.480000,27.940001,going to home base
2024-04-12T22:38:24Z,2399.2,2398.8,2398.6,2659.8,2659.8,2660.0,5736.0,5736.2,5736.2,2359.9,2360.2,2360.3,3541.5,3541.1,3541.4,4468.7,4468.4,4467.9,6239.3,6237.8,6238.4,8714.1,8713.7,8715.4,5271.8,5270.6,5271.4,7496.3,7495.7,7495.0,6162.2,6161.9,6164.2,1875.1,1873.8,1873.7,3718.8,3718.7,3719.4,2607.9,2607.0,2607.4,2922.3,2922.7,2922.5,27.459999,27.969999,going to home base
2024-04-12T22:38:29Z,2400.5,2399.7,2399.3,2660.2,2660.1,2660.4,5735.9,5735.6,5735.7,2360.0,2359.6,2360.1,3541.7,3541.4,3541.5,4468.5,4467.9,4468.1,6238.7,6237.5,6238.3,8714.0,8712.4,8712.4,5270.0,5270.5,5271.4,7496.0,7496.9,7496.9,6163.9,6163.2,6164.5,1874.9,1873.9,1873.9,3718.9,3719.2,3719.8,2606.9,2606.4,2607.0,2923.2,2921.9,2922.9,27.459999,27.930000,going to home base
2024-04-12T22:38:34Z,2399.7,2399.1,2399.6,2660.3,2660.3,2660.7,5735.8,5734.8,5735.3,2360.3,2360.1,2360.5,3541.9,3541.9,3541.9,4468.2,4468.1,4468.3,6236.6,6236.2,6237.5,8713.7,8714.5,8713.8,5270.7,5270.7,5272.6,7499.3,7497.6,7496.9,6165.5,6163.1,6165.2,1875.1,1873.7,1873.5,3720.0,3719.4,3720.9,2606.7,2606.3,2606.1,2922.0,2921.6,2921.4,27.459999,27.920000,going to home base
2024-04-12T22:38:39Z,2400.1,2398.9,2399.6,2660.0,2659.8,2660.2,5735.7,5735.6,5735.2,2359.2,2359.1,2360.0,3541.8,3541.4,3541.2,4468.5,4468.7,4468.4,6237.7,6237.8,6237.9,8713.1,8713.0,8712.9,5271.7,5270.1,5271.4,7497.3,7499.0,7497.3,6164.6,6165.0,6164.1,1874.9,1873.6,1873.6,3720.3,3720.1,3721.1,2606.2,2605.1,2605.4,2923.9,2923.1,2923.8,27.440001,27.920000,going to home base
2024-04-12T22:38:44Z,2399.3,2399.1,2399.0,2660.6,2661.0,2661.2,5736.2,5736.0,5735.2,2360.3,2360.3,2360.8,3541.6,3541.4,3541.6,4469.2,4468.7,4468.6,6237.1,6237.9,6237.5,8715.8,8712.4,8713.4,5271.3,5271.7,5271.5,7494.9,7495.2,7495.3,6164.2,6163.0,6162.3,1875.2,1873.9,1873.8,3719.9,3720.2,3720.6,2606.8,2606.0,2605.7,2922.5,2922.1,2923.3,27.480000,27.900000,going to home base
2024-04-12T22:38:49Z,2399.9,2399.4,2399.4,2661.1,2660.8,2661.1,5735.8,5735.5,5735.3,2360.0,2360.2,2360.5,3541.8,3541.9,3541.5,4468.8,4468.3,4468.4,6237.3,6237.2,6237.6,8714.2,8716.0,8715.2,5271.0,5271.1,5270.7,7497.4,7496.0,7495.3,6164.5,6163.6,6166.3,1875.3,1873.8,1873.9,3719.2,3719.1,3720.5,2606.2,2605.7,2605.3,2921.9,2921.7,2922.2,27.480000,27.959999,going to home base
2024-04-12T22:38:54Z,2399.7,2399.5,2399.6,2660.6,2660.9,2661.0,5735.7,5736.1,5735.9,2358.9,2358.8,2359.2,3541.4,3541.2,3541.3,4468.7,4468.3,4468.8,6237.8,6238.4,6236.9,8710.8,8712.5,8712.5,5271.1,5270.5,5270.6,7495.2,7495.2,7495.1,6164.2,6164.1,6164.3,1875.7,1874.1,1874.0,3719.0,3719.2,3719.8,2607.0,2605.8,2605.4,2925.4,2925.4,2925.4,27.480000,27.950001,going to home base
2024-04-12T22:38:59Z,2400.1,2399.2,2399.4,2660.3,2660.1,2660.6,5735.8,5735.3,5735.2,2360.5,2359.8,2360.4,3540.5,3540.7,3541.2,4468.3,4467.9,4468.0,6240.7,6238.9,6239.1,8714.2,8711.3,8711.8,5270.4,5270.0,5271.7,7495.4,7494.4,7496.7,6166.5,6164.8,6163.6,1875.6,1874.1,1874.2,3719.6,3719.5,3720.4,2607.4,2606.4,2606.5,2924.6,2923.6,2924.5,27.459999,28.000000,going to home base
2024-04-12T22:39:04Z,2400.2,2399.4,2399.6,2660.3,2659.8,2660.4,5735.6,5734.8,5735.3,2359.2,2359.0,2359.3,3541.2,3541.0,3540.8,4468.2,4468.1,4468.1,6240.0,6238.9,6238.6,8710.6,8710.4,8711.9,5271.0,5270.4,5272.4,7498.6,7495.9,7497.2,6165.0,6164.8,6165.4,1875.5,1874.2,1874.0,3719.6,3719.3,3720.5,2607.1,2606.0,2606.3,2925.6,2924.6,2925.2,27.480000,27.969999,going to home base
2024-04-12T22:39:09Z,2399.6,2398.9,2399.2,2659.8,2659.4,2660.0,5735.3,5735.4,5735.8,2360.6,2360.9,2360.8,3541.8,3541.0,3541.1,4468.7,4468.0,4468.2,6237.3,6237.2,6235.9,8711.3,8711.3,8711.7,5271.4,5270.8,5271.0,7497.1,7496.8,7496.0,6162.9,6163.2,6163.0,1875.2,1873.7,1873.7,3719.5,3719.5,3720.6,2606.3,2605.3,2605.5,2924.3,2923.9,2924.1,27.459999,27.959999,going to home base
2024-04-12T22:39:14Z,2400.0,2399.3,2399.2,2660.2,2660.3,2660.5,5734.9,5734.8,5734.9,2360.4,2360.2,2360.8,3541.7,3541.2,3540.8,4468.6,4468.4,4468.0,6236.4,6236.2,6237.0,8712.9,8713.1,8712.9,5269.8,5270.1,5271.7,7497.7,7495.4,7496.5,6162.7,6163.7,6164.2,1875.4,1873.9,1874.2,3719.3,3719.5,3720.0,2606.2,2605.7,2605.9,2925.0,2925.4,2925.6,27.480000,28.000000,going to home base
2024-04-12T22:39:19Z,2399.6,2399.0,2399.2,2660.5,2660.2,2660.6,5735.3,5734.8,5734.9,2359.7,2359.2,2360.6,3541.3,3541.3,3541.1,4468.9,4468.2,4468.5,6238.4,6239.1,6237.9,8711.6,8711.9,8711.4,5270.6,5271.3,5270.9,7496.9,7495.6,7496.0,6163.0,6163.4,6161.0,1875.5,1874.1,1873.8,3718.8,3719.0,3719.7,2606.4,2605.9,2606.2,2922.9,2922.7,2922.3,27.480000,27.959999,going to home base
2024-04-12T22:39:24Z,2399.7,2399.1,2399.1,2660.2,2660.1,2660.2,5735.3,5735.3,5734.9,2360.2,2359.7,2360.3,3541.2,3541.1,3541.4,4468.6,4468.4,4468.4,6236.0,6238.2,6236.9,8713.6,8712.9,8714.1,5270.7,5270.3,5270.9,7498.0,7495.9,7497.8,6165.0,6164.3,6165.4,1875.1,1873.7,1874.1,3718.1,3718.4,3718.8,2606.6,2605.9,2606.4,2925.5,2924.0,2923.5,27.480000,27.980000,going to home base
2024-04-12T22:39:29Z,2400.4,2399.4,2399.7,2660.0,2659.4,2659.8,5735.5,5735.3,5735.6,2360.7,2360.5,2361.1,3541.2,3540.2,3540.3,4468.0,4468.2,4468.3,6239.2,6238.6,6239.7,8712.5,8713.4,8713.0,5269.4,5269.0,5270.4,7499.9,7499.1,7497.4,6163.6,6162.7,6163.2,1875.6,1874.2,1874.0,3718.7,3718.3,3719.2,2606.8,2605.8,2605.9,2923.7,2923.2,2923.5,27.459999,28.000000,going to home base
2024-04-12T22:39:34Z,2399.4,2398.6,2399.0,2660.1,2660.0,2660.7,5735.7,5735.3,5735.1,2360.3,2360.2,2360.1,3540.7,3540.6,3540.1,4468.5,4468.3,4468.5,6239.7,6240.1,6240.9,8712.5,8712.6,8712.8,5270.4,5271.0,5271.4,7497.8,7495.7,7494.4,6163.3,6164.0,6164.2,1875.2,1873.7,1873.5,3719.6,3719.8,3720.4,2606.6,2605.7,2605.9,2921.0,2921.1,2921.6,27.480000,27.920000,going to home base
2024-04-12T22:39:39Z,2400.3,2399.6,2399.8,2659.8,2660.0,2659.6,5734.8,5735.0,5734.8,2360.2,2360.2,2360.7,3540.6,3540.5,3540.8,4467.8,4467.7,4467.9,6239.9,6241.2,6239.3,8713.5,8714.0,8713.5,5271.0,5270.7,5270.7,7498.0,7497.6,7496.8,6163.7,6164.5,6164.6,1875.6,1873.8,1873.8,3718.5,3718.5,3719.6,2606.2,2605.6,2605.3,2922.3,2922.2,2922.2,27.459999,28.030001,going to home base
2024-04-12T22:39:44Z,2400.2,2399.4,2399.4,2659.9,2659.8,2660.0,5734.5,5734.5,5734.5,2360.6,2360.4,2361.5,3540.6,3539.8,3539.2,4468.3,4468.7,4468.6,6238.3,6239.1,6239.3,8713.2,8713.5,8713.9,5268.9,5269.6,5270.9,7494.3,7494.2,7495.1,6166.0,6165.5,6164.2,1874.7,1872.8,1872.7,3718.8,3718.8,3719.7,2606.0,2605.5,2605.6,2924.1,2923.7,2922.5,27.450001,27.940001,going to home base
2024-04-12T22:39:49Z,2400.2,2399.4,2399.8,2660.1,2660.0,2659.8,5734.8,5734.7,5734.9,2360.2,2360.0,2360.8,3540.8,3540.3,3540.1,4468.4,4468.1,4467.6,6237.0,6236.4,6236.9,8712.2,8712.0,8713.2,5269.9,5269.6,5271.1,7492.6,7492.1,7493.7,6165.0,6165.2,6164.8,1874.9,1873.6,1873.5,3718.7,3718.8,3719.7,2606.3,2605.9,2605.8,2922.7,2923.7,2922.8,27.480000,27.980000,going to home base
2024-04-12T22:39:54Z,2400.0,2399.2,2399.3,2660.1,2659.9,2660.5,5735.5,5735.0,5734.8,2359.5,2359.9,2360.4,3540.5,3541.0,3540.2,4468.2,4468.3,4468.2,6240.9,6239.4,6241.7,8715.2,8714.5,8714.9,5269.1,5269.5,5270.4,7494.0,7493.9,7492.2,6166.9,6165.6,6166.1,1874.9,1873.9,1873.5,3718.0,3718.8,3719.5,2605.9,2605.1,2605.1,2921.6,2920.2,2920.2,27.480000,27.969999,going to home base
2024-04-12T22:39:59Z,2399.7,2398.9,2399.2,2659.7,2659.5,2660.0,5735.2,5734.7,5735.1,2360.6,2360.4,2360.5,3541.5,3541.1,3541.2,4467.8,4468.1,4467.7,6239.3,6239.7,6237.9,8713.1,8711.6,8711.2,5269.5,5270.2,5271.4,7494.4,7491.6,7492.1,6163.0,6163.1,6165.0,1874.7,1873.0,1873.3,3718.8,3718.8,3719.2,2606.9,2605.7,2606.6,2922.2,2921.7,2921.8,27.459999,28.030001,going to home base
2024-04-12T22:40:04Z,2399.6,2399.1,2399.2,2660.4,2659.6,2660.0,5735.3,5735.0,5735.1,2359.2,2359.5,2359.9,3540.6,3540.0,3539.8,4467.7,4468.0,4467.8,6238.1,6237.1,6237.8,8711.2,8710.3,8711.6,5270.6,5271.5,5270.4,7491.7,7491.3,7491.1,6166.1,6167.0,6164.8,1874.9,1873.5,1873.1,3718.4,3718.6,3719.0,2607.5,2606.7,2606.9,2920.9,2921.2,2921.5,27.459999,27.990000,going to home base
2024-04-12T22:40:09Z,2399.8,2399.2,2399.5,2660.3,2660.3,2660.7,5735.8,5735.0,5735.4,2361.0,2361.4,2361.5,3540.8,3540.6,3539.9,4467.9,4467.7,4468.1,6237.3,6236.4,6236.4,8711.9,8710.1,8709.8,5269.8,5269.9,5270.6,7493.1,7493.4,7492.6,6162.0,6162.8,6163.1,1874.6,1873.3,1873.0,3719.3,3719.0,3719.9,2606.8,2605.7,2605.8,2922.2,2921.7,2922.5,27.480000,27.969999,going to home base
2024-04-12T22:40:14Z,2399.4,2398.8,2398.9,2659.8,2659.0,2659.9,5735.1,5735.2,5735.1,2361.0,2361.2,2361.5,3541.5,3540.7,3540.8,4468.0,4468.0,4468.1,6235.0,6235.0,6236.3,8713.4,8713.5,8713.8,5270.6,5270.4,5271.6,7494.0,7493.4,7494.4,6159.5,6157.7,6158.7,1875.2,1873.8,1873.3,3718.5,3718.8,3719.4,2606.0,2605.0,2605.7,2923.5,2922.7,2922.9,27.459999,27.959999,going to home base
2024-04-12T22:40:19Z,2399.8,2399.0,2399.4,2659.2,2659.9,2660.1,5735.9,5734.7,5735.4,2360.7,2360.4,2360.8,3540.9,3539.9,3540.0,4467.7,4467.0,4467.4,6237.3,6237.1,6238.1,8712.4,8713.4,8712.4,5270.6,5270.0,5271.0,7494.6,7492.4,7492.4,6160.3,6161.2,6160.5,1874.5,1873.5,1873.1,3718.8,3718.3,3719.0,2607.3,2606.7,2606.5,2923.8,2923.5,2923.9,27.459999,27.950001,going to home base
2024-04-12T22:40:24Z,2399.2,2398.5,2399.5,2659.6,2658.8,2659.4,5735.6,5734.7,5734.9,2359.6,2359.8,2360.2,3541.3,3540.9,3541.0,4467.6,4467.9,4467.5,6239.0,6238.2,6239.2,8713.2,8712.6,8712.9,5269.8,5268.6,5270.9,7494.4,7492.5,7492.4,6161.1,6160.5,6162.3,1874.5,1872.9,1872.9,3717.7,3717.4,3718.4,2606.4,2605.8,2605.3,2923.7,2922.8,2923.0,27.459999,27.959999,going to home base
2024-04-12T22:40:29Z,2400.1,2399.4,2399.5,2660.1,2659.5,2660.1,5735.5,5734.9,5735.2,2360.2,2359.9,2359.8,3540.7,3540.4,3540.4,4467.3,4467.5,4467.5,6239.1,6238.2,6239.3,8712.5,8712.2,8712.1,5269.2,5270.2,5271.1,7493.9,7493.3,7491.6,6160.3,6160.7,6158.9,1874.9,1873.3,1873.5,3718.9,3718.9,3719.6,2605.6,2604.8,2605.4,2923.1,2922.9,2923.5,27.450001,27.969999,going to home base
2024-04-12T22:40:34Z,2399.1,2399.2,2398.9,2660.8,2659.6,2660.4,5734.9,5735.1,5734.7,2359.1,2358.9,2359.3,3540.8,3540.8,3540.5,4467.6,4467.0,4467.0,6237.5,6237.2,6238.8,8713.0,8713.6,8714.1,5270.0,5268.8,5270.9,7494.3,7495.0,7495.0,6156.9,6158.2,6158.5,1875.1,1873.8,1873.6,3719.2,3718.9,3719.9,2605.8,2605.2,2604.9,2923.2,2923.2,2922.9,27.459999,27.980000,going to home base
2024-04-12T22:40:39Z,2399.6,2398.7,2399.1,2659.9,2659.3,2659.3,5735.6,5735.4,5735.5,2359.5,2359.5,2359.9,3540.7,3540.7,3540.0,4467.4,4467.1,4467.3,6239.1,6239.4,6238.8,8710.8,8711.1,8712.5,5269.5,5268.9,5270.2,7493.5,7492.9,7492.1,6161.3,6161.3,6163.7,1874.2,1872.7,1872.7,3717.3,3717.5,3718.0,2606.2,2604.6,2605.4,2923.6,2922.6,2922.9,27.450001,28.010000,going to home base
2024-04-12T22:40:44Z,2399.7,2399.0,2399.5,2659.4,2659.2,2659.5,5735.2,5734.4,5734.6,2359.5,2359.8,2360.2,3541.0,3540.5,3540.1,4466.6,4466.7,4466.7,6235.6,6235.9,6237.8,8711.5,8710.9,8708.9,5271.0,5270.4,5271.4,7491.5,7491.3,7492.8,6159.6,6160.3,6160.6,1874.0,1872.6,1872.4,3718.0,3718.0,3718.8,2604.0,2603.5,2604.0,2922.9,2923.7,2923.0,27.480000,28.000000,going to home base
2024-04-12T22:40:49Z,2399.5,2398.4,2398.7,2659.1,2659.6,2660.1,5735.2,5734.7,5734.8,2359.9,2359.5,2360.2,3539.5,3539.3,3539.8,4467.3,4467.5,4467.4,6238.2,6237.6,6238.4,8709.6,8709.7,8710.1,5269.8,5270.5,5271.6,7492.1,7492.8,7493.7,6161.5,6161.1,6163.6,1874.7,1873.2,1872.7,3718.7,3718.3,3719.0,2604.8,2603.7,2604.0,2924.1,2923.7,2923.4,27.480000,27.940001,going to home base
2024-04-12T22:40:54Z,2399.2,2398.5,2398.6,2660.0,2659.5,2660.2,5734.9,5734.4,5734.1,2360.1,2359.6,2360.6,3540.2,3540.1,3540.2,4467.5,4467.4,4467.4,6239.0,6237.0,6239.1,8710.3,8709.4,8710.6,5269.1,5269.2,5270.2,7493.1,7493.1,7492.2,6161.3,6162.4,6163.1,1874.1,1872.7,1872.5,3718.0,3718.1,3718.6,2605.4,2604.7,2604.6,2922.6,2921.9,2922.9,27.459999,28.000000,going to home base
2024-04-12T22:40:59Z,2399.6,2398.7,2399.2,2659.8,2659.7,2660.0,5734.4,5734.3,5734.2,2359.4,2359.6,2359.8,3539.5,3539.3,3538.9,4467.1,4466.3,4466.6,6236.1,6236.3,6235.2,8712.0,8711.4,8711.9,5268.9,5269.0,5269.9,7493.4,7491.3,7492.5,6160.8,6161.7,6160.6,1873.9,1872.5,1872.9,3717.7,3718.1,3718.8,2605.9,2604.8,2604.9,2921.9,2920.9,2922.0,27.490000,27.980000,going to home base
2024-04-12T22:41:04Z,2399.4,2398.7,2398.8,2659.3,2659.5,2659.9,5734.2,5734.3,5734.0,2360.0,2360.0,2360.2,3540.7,3540.5,3540.4,4467.3,4467.1,4467.2,6239.4,6240.1,6238.7,8712.1,8713.0,8711.7,5269.0,5269.2,5270.2,7492.7,7493.2,7493.0,6161.8,6161.4,6162.4,1874.3,1873.1,1872.8,3718.2,3718.5,3719.1,2604.0,2603.8,2603.9,2922.1,2922.1,2922.9,27.480000,27.969999,going to home base
2024-04-12T22:41:09Z,2399.5,2398.9,2399.1,2659.2,2658.8,2659.5,5734.4,5734.0,5733.7,2359.3,2359.3,2359.6,3540.4,3540.1,3540.0,4467.0,4467.3,4467.0,6236.2,6235.6,6237.6,8711.8,8711.0,8712.1,5270.1,5268.4,5271.8,7492.3,7491.5,7492.3,6163.2,6162.2,6163.6,1874.2,1872.7,1872.3,3718.5,3717.7,3719.1,2604.7,2603.3,2604.0,2921.5,2921.0,2921.1,27.459999,28.000000,going to home base
2024-04-12T22:41:14Z,2399.1,2398.5,2398.9,2659.6,2659.2,2659.5,5734.1,5733.6,5733.7,2359.6,2359.5,2360.3,3541.2,3540.2,3540.3,4467.6,4467.3,4467.7,6234.1,6232.4,6231.5,8714.1,8712.7,8711.4,5268.3,5269.2,5269.6,7493.7,7493.6,7491.8,6162.6,6162.5,6160.3,1874.9,1873.5,1873.4,3717.7,3717.6,3718.6,2604.9,2604.2,2604.3,2924.4,2923.3,2922.9,27.459999,27.969999,going to home base
2024-04-12T22:41:19Z,2399.5,2398.7,2399.2,2659.3,2658.9,2659.6,5733.6,5733.3,5733.6,2359.3,2359.4,2359.9,3539.9,3539.4,3539.2,4466.9,4466.6,4467.1,6238.0,6237.5,6237.0,8711.9,8713.1,8713.2,5268.8,5268.6,5269.3,7494.0,7493.8,7492.3,6160.9,6159.2,6161.7,1874.0,1872.7,1872.5,3718.2,3718.1,3718.5,2605.7,2605.0,2605.0,2921.9,2921.6,2921.8,27.480000,27.969999,going to home base
2024-04-12T22:41:24Z,2399.2,2398.5,2398.8,2659.0,2659.0,2658.9,5733.8,5733.0,5733.7,2358.8,2358.9,2359.7,3540.2,3540.3,3539.9,4466.5,4466.2,4466.4,6234.2,6235.1,6235.3,8712.7,8713.0,8714.3,5269.0,5268.0,5269.2,7492.7,7493.2,7492.8,6159.5,6160.7,6160.2,1873.9,1872.3,1872.2,3717.8,3717.8,3718.6,2604.4,2604.0,2603.8,2923.8,2922.6,2923.2,27.480000,27.990000,going to home base
2024-04-12T22:41:29Z,2398.5,2397.5,2397.8,2658.9,2658.6,2658.9,5733.8,5733.2,5733.4,2359.8,2359.5,2359.9,3540.2,3540.2,3539.9,4466.4,4466.5,4465.9,6234.8,6234.8,6235.7,8712.0,8713.6,8713.1,5268.8,5268.6,5269.9,7494.7,7493.7,7493.6,6163.5,6164.7,6162.9,1874.0,1872.4,1872.5,3717.2,3717.1,3718.0,2604.8,2603.9,2604.1,2921.4,2920.8,2920.7,27.480000,28.000000,going to home base
2024-04-12T22:41:34Z,2399.1,2398.6,2399.0,2659.1,2659.1,2659.2,5734.1,5733.7,5733.6,2359.1,2359.1,2360.0,3539.7,3539.5,3538.9,4466.5,4466.1,4466.3,6234.9,6234.4,6235.1,8712.0,8712.2,8713.0,5270.1,5270.0,5270.5,7492.3,7491.6,7491.2,6161.3,6160.0,6162.0,1873.7,1872.1,1872.6,3718.2,3718.2,3719.2,2605.3,2604.6,2604.7,2921.5,2921.1,2921.4,27.490000,28.010000,going to home base
2024-04-12T22:41:39Z,2399.8,2399.2,2399.0,2659.3,2659.1,2659.1,5734.2,5733.3,5733.5,2359.8,2359.3,2360.2,3540.3,3540.2,3540.1,4466.1,4466.1,4465.9,6231.5,6231.6,6232.4,8715.0,8713.9,8714.2,5268.6,5270.0,5269.9,7491.1,7490.9,7490.2,6163.1,6162.9,6162.7,1874.6,1873.0,1872.4,3716.7,3716.9,3718.3,2605.5,2604.3,2604.5,2920.1,2918.2,2919.3,27.490000,27.959999,going to home base
2024-04-12T22:41:44Z,2399.5,2398.7,2398.3,2659.2,2659.4,2659.4,5734.4,5733.1,5733.9,2359.6,2359.7,2360.2,3540.6,3540.2,3539.9,4465.4,4465.4,4466.1,6236.3,6235.4,6236.2,8712.2,8710.4,8710.3,5268.9,5268.0,5270.0,7492.8,7492.0,7492.7,6163.4,6163.0,6162.5,1875.0,1873.5,1873.4,3717.0,3717.0,3718.4,2605.3,2604.0,2604.5,2922.5,2921.3,2923.2,27.459999,27.969999,going to home base
2024-04-12T22:41:49Z,2399.5,2398.6,2399.0,2658.5,2658.8,2659.1,5733.9,5733.2,5733.8,2359.1,2359.1,2359.7,3539.7,3540.1,3539.7,4466.0,4465.6,4465.8,6235.9,6236.7,6235.9,8712.6,8711.7,8712.1,5269.1,5269.4,5270.2,7492.3,7490.7,7492.2,6161.9,6163.4,6159.3,1874.2,1872.2,1872.5,3717.3,3716.9,3717.9,2605.6,2604.8,2604.8,2921.0,2920.6,2920.1,27.490000,28.000000,going to home base
2024-04-12T22:41:54Z,2399.6,2398.9,2399.2,2658.8,2659.4,2659.5,5734.1,5733.3,5733.1,2359.0,2358.6,2359.1,3540.7,3540.5,3540.1,4466.1,4466.0,4465.7,6236.7,6236.2,6235.7,8710.8,8712.3,8711.7,5267.9,5267.8,5268.5,7491.5,7490.5,7489.9,6159.9,6161.8,6160.2,1874.2,1872.8,1873.0,3716.1,3716.5,3717.5,2604.5,2603.9,2604.0,2920.7,2920.3,2921.2,27.480000,28.000000,going to home base
2024-04-12T22:41:59Z,2399.8,2399.1,2399.4,2658.4,2658.2,2658.5,5733.6,5732.9,5733.5,2359.1,2358.9,2359.5,3540.9,3540.4,3540.6,4465.5,4465.9,4465.6,6234.2,6236.7,6236.1,8714.5,8712.9,8714.0,5269.6,5268.3,5269.3,7494.0,7491.9,7491.9,6162.7,6160.5,6161.8,1874.2,1872.7,1872.6,3716.9,3716.8,3717.3,2604.5,2604.2,2604.0,2921.0,2920.4,2920.8,27.459999,27.980000,going to home base
2024-04-12T22:42:04Z,2399.8,2398.9,2399.3,2658.8,2657.8,2658.8,5733.1,5732.4,5732.6,2359.6,2359.6,2359.3,3540.8,3540.5,3540.2,4465.4,4465.0,4465.2,6236.7,6234.8,6234.8,8710.8,8710.7,8712.1,5269.1,5268.1,5268.7,7490.3,7491.2,7491.4,6162.1,6161.0,6162.3,1874.6,1873.2,1873.0,3717.2,3717.4,3718.2,2604.9,2603.8,2604.2,2921.5,2920.6,2921.0,27.459999,27.980000,going to home base
2024-04-12T22:42:09Z,2399.4,2398.6,2399.0,2658.7,2658.2,2659.3,5733.4,5732.8,5733.2,2359.6,2360.1,2360.3,3539.6,3539.0,3539.7,4466.3,4466.1,4465.8,6236.2,6235.8,6236.3,8710.8,8710.6,8712.2,5270.4,5269.0,5271.6,7489.1,7490.1,7488.3,6162.6,6162.1,6163.8,1874.4,1872.9,1873.0,3716.1,3716.5,3717.2,2604.8,2604.2,2604.4,2921.7,2921.4,2921.5,27.459999,27.980000,going to home base
2024-04-12T22:42:14Z,2399.6,2398.9,2399.1,2658.7,2658.6,2658.7,5733.4,5732.9,5732.9,2359.0,2359.0,2359.9,3539.1,3538.4,3538.1,4465.6,4465.6,4465.4,6235.4,6235.2,6236.2,8713.7,8713.9,8714.3,5268.8,5268.5,5269.2,7491.5,7491.3,7491.1,6158.2,6159.2,6158.3,1873.5,1871.9,1872.1,3715.4,3715.6,3716.3,2604.9,2604.4,2604.5,2922.2,2921.7,2922.3,27.459999,28.000000,going to home base
2024-04-12T22:42:19Z,2399.4,2398.8,2399.1,2658.9,2659.2,2659.5,5733.4,5732.8,5733.3,2359.3,2359.2,2359.4,3539.2,3539.6,3538.6,4465.7,4465.8,4465.5,6235.2,6235.2,6238.0,8712.8,8711.0,8712.2,5268.7,5268.8,5269.4,7489.0,7487.4,7488.7,6165.4,6166.1,6165.5,1874.3,1872.9,1872.7,3715.3,3715.5,3716.5,2605.4,2604.0,2604.7,2921.7,2921.9,2921.8,27.480000,28.049999,going to home base
2024-04-12T22:42:24Z,2399.1,2397.8,2398.1,2659.8,2659.9,2660.2,5733.7,5732.8,5733.5,2359.4,2359.2,2359.7,3539.8,3538.6,3539.3,4465.7,4465.4,4465.9,6236.9,6236.5,6236.6,8709.7,8707.8,8709.1,5268.8,5268.2,5269.8,7492.5,7490.6,7490.6,6163.8,6161.9,6160.1,1874.6,1873.2,1873.0,3716.9,3717.0,3717.9,2605.8,2604.1,2603.9,2921.9,2921.4,2921.1,27.459999,27.940001,going to home base
2024-04-12T22:42:29Z,2398.8,2397.8,2397.9,2659.1,2658.7,2659.5,5732.6,5732.3,5732.3,2359.3,2359.2,2359.8,3539.5,3539.1,3539.3,4465.0,4465.1,4465.2,6236.1,6236.0,6235.9,8708.9,8708.2,8709.8,5268.9,5268.0,5269.9,7492.2,7491.8,7492.1,6162.1,6160.8,6161.5,1874.1,1872.8,1872.4,3716.5,3716.1,3717.7,2604.6,2603.3,2603.7,2920.9,2921.0,2920.2,27.480000,28.010000,going to home base
2024-04-12T22:42:34Z,2398.8,2398.1,2398.6,2659.2,2659.1,2659.7,5733.0,5732.4,5732.5,2358.9,2359.4,2359.9,3538.5,3538.7,3538.7,4465.6,4465.3,4465.4,6236.3,6235.1,6235.6,8708.4,8710.0,8709.0,5268.3,5268.0,5268.4,7490.4,7490.0,7489.4,6162.2,6162.5,6161.9,1873.8,1872.6,1872.6,3716.0,3716.6,3717.0,2604.9,2603.6,2603.7,2921.5,2920.4,2921.2,27.459999,28.010000,going to home base
2024-04-12T22:42:39Z,2397.9,2397.2,2397.2,2659.1,2658.7,2658.9,5733.0,5732.4,5732.6,2359.9,2359.8,2360.3,3539.9,3539.5,3539.8,4464.6,4464.7,4464.9,6234.8,6234.1,6234.7,8712.4,8712.3,8712.0,5267.2,5268.2,5268.0,7491.8,7490.1,7491.4,6161.5,6161.1,6162.9,1874.3,1872.4,1872.7,3715.8,3715.9,3716.5,2603.9,2602.9,2602.9,2922.6,2921.9,2922.1,27.450001,28.010000,going to home base
2024-04-12T22:42:44Z,2398.4,2398.1,2398.2,2659.0,2658.4,2659.5,5732.3,5732.0,5732.5,2359.9,2360.2,2360.2,3539.5,3539.4,3539.5,4465.3,4465.3,4464.8,6236.2,6235.4,6236.6,8711.8,8711.9,8711.0,5267.2,5267.0,5267.8,7491.5,7490.9,7491.3,6163.0,6162.4,6162.3,1874.2,1872.8,1873.1,3715.5,3715.4,3716.5,2604.2,2603.2,2603.4,2923.2,2921.8,2922.3,27.480000,27.930000,going to home base
2024-04-12T22:42:49Z,2398.6,2398.1,2398.5,2658.8,2659.4,2659.2,5732.4,5731.7,5731.8,2358.2,2357.9,2359.0,3539.2,3538.2,3538.7,4465.1,4464.7,4464.4,6234.4,6234.6,6234.6,8711.4,8709.1,8710.6,5267.5,5267.0,5268.4,7490.3,7489.6,7490.8,6162.2,6161.9,6162.0,1874.2,1872.6,1872.5,3716.3,3716.6,3717.6,2604.0,2603.4,2604.4,2923.3,2923.1,2923.0,27.480000,28.000000,going to home base
2024-04-12T22:42:54Z,2398.8,2398.4,2398.5,2658.9,2659.2,2659.4,5732.4,5731.7,5731.8,2358.7,2358.5,2359.7,3539.3,3538.9,3538.5,4464.7,4464.6,4464.7,6233.5,6232.6,6233.3,8708.5,8709.0,8708.3,5266.6,5267.2,5266.3,7492.9,7492.1,7490.9,6163.6,6161.4,6161.0,1873.9,1872.7,1872.6,3716.4,3716.5,3717.2,2603.6,2602.9,2603.3,2922.7,2921.7,2922.7,27.510000,27.980000,going to home base
2024-04-12T22:42:59Z,2398.9,2398.1,2398.1,2658.2,2658.0,2658.2,5732.1,5731.8,5731.8,2359.2,2358.8,2359.3,3539.1,3538.6,3538.8,4464.3,4464.5,4464.7,6234.1,6233.7,6233.3,8709.3,8708.7,8708.0,5266.2,5265.7,5266.5,7493.6,7491.7,7491.4,6162.2,6159.2,6160.6,1874.1,1872.3,1872.6,3716.0,3715.7,3716.2,2603.6,2602.3,2602.6,2922.8,2921.8,2922.3,27.480000,28.000000,going to home base
2024-04-12T22:43:04Z,2397.8,2397.4,2397.9,2659.0,2658.7,2659.4,5732.2,5731.7,5732.1,2359.4,2359.4,2360.1,3539.3,3538.9,3538.8,4463.9,4463.9,4464.1,6234.4,6235.9,6235.8,8704.8,8707.6,8707.5,5265.4,5265.1,5266.4,7486.0,7487.5,7486.8,6162.4,6162.5,6159.9,1874.1,1872.7,1872.4,3715.7,3715.5,3716.8,2604.6,2603.2,2603.5,2923.4,2922.6,2923.3,27.459999,28.010000,going to home base
2024-04-12T22:43:09Z,2398.4,2398.2,2398.1,2658.1,2657.9,2658.9,5732.2,5731.6,5731.6,2358.5,2358.4,2358.1,3538.8,3538.2,3538.3,4464.1,4464.4,4464.2,6232.6,6232.2,6234.5,8708.3,8707.6,8706.4,5267.8,5267.0,5267.8,7488.8,7486.9,7486.5,6161.8,6162.2,6160.8,1874.1,1872.7,1872.5,3715.7,3715.4,3716.4,2603.7,2602.7,2602.7,2922.0,2921.7,2921.7,27.490000,28.010000,going to home base
2024-04-12T22:43:14Z,2398.3,2397.5,2397.5,2658.4,2658.4,2658.8,5732.3,5732.3,5732.1,2358.6,2358.1,2358.9,3538.8,3539.0,3538.8,4464.1,4464.0,4464.0,6233.0,6231.8,6232.4,8707.4,8705.7,8705.8,5267.4,5266.9,5266.1,7489.3,7489.1,7489.6,6158.6,6158.4,6157.3,1875.0,1873.8,1873.2,3716.7,3716.9,3717.3,2603.6,2603.3,2602.8,2921.6,2921.6,2921.4,27.459999,28.000000,going to home base
2024-04-12T22:43:19Z,2398.3,2398.0,2398.1,2658.9,2658.7,2659.0,5731.5,5731.4,5731.4,2359.3,2359.2,2359.6,3539.6,3538.9,3539.1,4464.3,4463.8,4464.0,6230.6,6230.8,6231.1,8708.5,8707.7,8707.2,5268.2,5267.8,5267.4,7489.3,7488.7,7490.2,6159.2,6159.6,6159.6,1874.7,1873.3,1873.4,3716.9,3716.9,3717.5,2603.7,2603.1,2603.7,2922.1,2921.7,2921.7,27.459999,28.000000,going to home base
2024-04-12T22:43:24Z,2398.6,2397.4,2398.3,2658.5,2658.4,2658.5,5731.8,5731.1,5730.9,2358.0,2357.8,2358.4,3538.6,3538.1,3537.7,4464.4,4464.4,4464.5,6232.3,6232.9,6232.9,8711.1,8711.6,8709.7,5267.3,5266.6,5267.8,7489.2,7487.0,7487.6,6162.8,6161.7,6161.2,1874.3,1872.8,1873.2,3717.0,3717.4,3717.9,2603.0,2602.7,2602.5,2921.5,2921.2,2922.1,27.459999,27.959999,going to home base
2024-04-12T22:43:29Z,2398.0,2397.1,2397.2,2658.6,2658.4,2658.3,5732.3,5731.5,5731.5,2358.7,2358.4,2359.1,3538.4,3538.6,3538.1,4464.2,4464.2,4464.1,6233.3,6233.7,6233.1,8708.1,8707.5,8708.5,5267.6,5267.3,5268.1,7489.9,7490.3,7490.6,6159.9,6159.2,6157.3,1874.2,1872.6,1872.6,3717.9,3717.0,3718.9,2603.9,2602.5,2602.5,2921.4,2920.4,2921.0,27.480000,28.010000,going to home base
2024-04-12T22:43:34Z,2398.4,2397.3,2397.5,2658.6,2658.5,2659.5,5732.8,5732.7,5732.0,2359.3,2358.6,2359.3,3537.9,3537.6,3538.0,4464.7,4464.2,4464.7,6230.4,6228.9,6230.0,8708.3,8709.2,8708.4,5265.6,5265.4,5267.0,7488.4,7487.8,7489.5,6158.6,6158.6,6158.6,1874.1,1872.8,1872.6,3717.9,3718.1,3718.4,2603.6,2603.2,2603.2,2920.8,2921.1,2921.0,27.490000,27.969999,going to home base
2024-04-12T22:43:39Z,2397.7,2397.3,2397.6,2658.6,2658.3,2658.5,5732.0,5731.5,5731.7,2358.8,2358.4,2359.0,3537.9,3537.5,3537.8,4464.1,4464.2,4464.4,6232.0,6230.1,6231.8,8707.1,8707.7,8707.8,5266.3,5265.6,5266.5,7490.2,7489.2,7490.0,6158.0,6161.4,6160.5,1874.4,1872.8,1873.3,3718.0,3717.7,3718.8,2603.7,2603.6,2603.1,2921.6,2921.4,2921.2,27.490000,27.959999,going to home base
2024-04-12T22:43:44Z,2398.4,2397.7,2397.8,2658.2,2658.4,2659.2,5732.2,5731.8,5731.9,2359.3,2358.9,2360.0,3538.5,3538.0,3537.6,4464.2,4464.3,4464.7,6233.6,6232.6,6232.8,8709.6,8709.0,8709.7,5266.7,5266.0,5267.8,7490.2,7489.8,7490.3,6158.2,6157.3,6159.0,1874.3,1872.9,1872.6,3717.9,3718.1,3718.9,2603.4,2602.8,2602.6,2921.0,2920.6,2920.7,27.459999,27.969999,going to home base
2024-04-12T22:43:49Z,2398.2,2397.6,2397.7,2659.5,2659.5,2659.3,5732.9,5732.1,5731.9,2359.1,2359.1,2359.9,3538.8,3538.8,3539.1,4463.9,4464.1,4464.0,6234.9,6233.7,6233.9,8706.6,8706.5,8707.3,5268.8,5267.2,5268.4,7489.7,7489.8,7489.5,6159.8,6160.0,6160.4,1874.3,1873.1,1873.1,3717.2,3717.5,3718.0,2604.0,2602.5,2603.3,2921.0,2921.0,2921.4,27.459999,27.969999,going to home base
2024-04-12T22:43:54Z,2398.6,2398.1,2398.1,2658.5,2658.1,2658.7,5732.4,5731.7,5731.6,2358.5,2358.8,2359.2,3539.0,3539.1,3539.0,4464.5,4464.2,4464.3,6234.7,6233.9,6233.9,8710.6,8711.6,8710.9,5265.5,5265.5,5267.0,7487.8,7488.0,7487.4,6158.9,6159.4,6159.4,1874.5,1872.9,1872.8,3717.4,3717.6,3718.7,2604.0,2603.1,2602.9,2921.0,2921.1,2921.0,27.480000,28.010000,going to home base
2024-04-12T22:43:59Z,2397.9,2397.2,2397.3,2659.6,2658.9,2659.0,5731.8,5731.2,5731.7,2358.4,2358.8,2359.1,3538.3,3537.8,3537.5,4464.6,4464.5,4464.2,6234.5,6232.6,6233.0,8709.4,8707.7,8709.8,5268.3,5267.6,5268.6,7489.8,7488.0,7489.0,6162.9,6161.9,6160.6,1873.5,1872.3,1872.1,3717.8,3717.0,3718.2,2603.8,2602.9,2603.2,2921.1,2919.5,2919.9,27.480000,27.990000,going to home base
2024-04-12T22:44:04Z,2397.4,2396.7,2397.8,2658.9,2658.3,2658.7,5731.9,5731.7,5731.6,2357.6,2358.0,2358.7,3537.5,3538.0,3537.6,4464.8,4464.1,4464.4,6232.5,6234.1,6234.3,8710.1,8709.9,8711.4,5267.2,5266.7,5267.7,7490.0,7490.1,7488.8,6158.5,6158.3,6159.8,1873.8,1872.3,1872.1,3718.0,3716.9,3718.3,2603.7,2603.4,2603.6,2922.6,2922.2,2922.1,27.480000,28.030001,going to home base
2024-04-12T22:44:09Z,2398.6,2397.3,2398.0,2658.0,2658.2,2658.5,5732.1,5731.9,5731.5,2358.0,2358.1,2358.2,3539.3,3538.4,3539.2,4464.4,4463.9,4463.6,6233.7,6230.5,6231.5,8709.9,8710.1,8708.9,5264.9,5264.2,5265.0,7489.6,7489.0,7489.0,6162.4,6159.7,6160.7,1873.9,1872.2,1872.2,3716.2,3716.5,3717.6,2603.7,2603.4,2603.4,2920.2,2919.8,2920.1,27.459999,27.990000,going to home base
2024-04-12T22:44:14Z,2398.2,2398.1,2398.1,2658.2,2658.0,2658.1,5732.0,5730.9,5731.7,2357.7,2357.3,2358.1,3539.3,3539.8,3538.6,4464.4,4464.4,4464.8,6231.7,6233.5,6233.8,8707.7,8707.4,8706.4,5266.7,5266.1,5267.4,7490.8,7489.0,7488.9,6161.1,6158.4,6160.8,1874.2,1873.3,1873.1,3716.6,3716.7,3717.2,2603.6,2603.5,2603.1,2921.5,2921.2,2921.1,27.459999,28.030001,going to home base
2024-04-12T22:44:19Z,2398.7,2398.5,2398.7,2659.0,2658.4,2658.6,5732.2,5731.9,5731.7,2357.8,2358.0,2358.3,3539.1,3539.0,3538.9,4465.5,4464.9,4464.6,6234.0,6233.1,6232.0,8708.9,8708.7,8707.5,5266.6,5265.2,5265.6,7489.8,7488.0,7488.0,6162.3,6162.5,6163.7,1874.4,1872.9,1872.6,3717.6,3716.4,3717.6,2605.1,2603.9,2603.7,2921.2,2920.3,2921.7,27.490000,27.990000,going to home base
2024-04-12T22:44:24Z,2397.9,2397.3,2397.5,2658.6,2658.7,2658.5,5731.3,5731.4,5730.7,2358.8,2358.6,2358.8,3538.0,3537.8,3537.7,4464.6,4464.5,4464.4,6234.0,6232.4,6232.1,8707.4,8705.0,8706.3,5267.3,5266.4,5268.1,7487.9,7488.1,7488.7,6159.9,6160.6,6162.5,1874.2,1872.8,1872.4,3716.5,3717.3,3718.2,2603.8,2603.6,2603.5,2922.6,2921.7,2922.6,27.490000,28.010000,going to home base
2024-04-12T22:44:29Z,2398.1,2398.0,2398.2,2658.1,2657.7,2658.6,5732.1,5731.4,5731.3,2358.1,2358.0,2358.1,3537.4,3537.7,3536.9,4464.1,4464.1,4464.5,6234.0,6233.7,6235.2,8707.6,8705.9,8706.0,5266.7,5266.8,5267.6,7487.6,7487.2,7488.7,6159.3,6158.8,6160.3,1874.3,1872.2,1872.3,3716.4,3716.2,3717.5,2604.4,2604.2,2603.9,2922.0,2920.8,2920.7,27.459999,27.969999,going to home base
2024-04-12T22:44:34Z,2398.2,2397.7,2398.1,2658.0,2657.9,2658.5,5731.2,5730.5,5730.7,2357.3,2357.4,2357.9,3538.8,3538.4,3538.5,4464.5,4464.1,4464.2,6233.7,6229.9,6231.2,8708.1,8706.6,8707.1,5267.0,5265.9,5266.7,7488.1,7488.1,7489.9,6160.8,6160.9,6162.0,1873.4,1872.0,1872.2,3716.4,3716.9,3717.3,2604.2,2603.1,2603.4,2920.6,2920.1,2920.7,27.480000,28.010000,going to home base
2024-04-12T22:44:39Z,2397.9,2397.1,2397.8,2657.4,2657.6,2658.2,5731.7,5730.9,5730.6,2358.1,2358.2,2358.5,3538.3,3538.3,3538.5,4463.9,4463.3,4463.9,6232.1,6231.3,6231.5,8707.5,8708.6,8709.2,5266.5,5266.1,5267.1,7489.2,7490.5,7490.4,6159.6,6159.1,6159.8,1874.3,1872.9,1872.3,3716.3,3717.1,3717.3,2602.8,2602.0,2602.5,2922.3,2921.2,2921.9,27.490000,28.010000,going to home base
2024-04-12T22:44:44Z,2398.2,2397.4,2397.9,2657.8,2657.8,2658.4,5731.3,5731.1,5730.5,2355.9,2356.3,2357.2,3539.3,3538.1,3538.9,4464.1,4464.3,4463.7,6231.2,6231.4,6231.6,8706.9,8706.7,8708.1,5268.3,5266.5,5266.9,7490.5,7490.0,7489.6,6160.0,6158.9,6160.1,1873.8,1871.8,1872.2,3716.7,3716.0,3717.1,2603.5,2602.3,2603.0,2922.8,2922.2,2922.3,27.459999,27.980000,going to home base
2024-04-12T22:44:49Z,2398.1,2397.5,2397.5,2658.5,2658.0,2658.3,5731.2,5731.0,5730.6,2358.0,2357.7,2357.8,3538.0,3538.0,3539.0,4463.8,4463.6,4463.7,6230.5,6230.3,6230.4,8707.1,8707.0,8706.0,5265.8,5265.8,5266.4,7488.4,7488.1,7488.3,6159.5,6158.6,6158.5,1873.5,1872.3,1871.7,3717.0,3716.9,3718.2,2604.7,2603.9,2603.9,2921.8,2921.3,2921.8,27.459999,27.990000,going to home base
2024-04-12T22:44:54Z,2398.6,2397.6,2397.9,2658.2,2657.9,2658.3,5731.3,5730.9,5730.9,2357.3,2357.8,2358.2,3538.1,3537.9,3537.9,4464.1,4464.0,4463.6,6234.5,6233.7,6233.0,8708.7,8706.2,8707.0,5265.5,5266.5,5267.2,7488.3,7487.5,7487.3,6158.1,6158.8,6159.9,1873.4,1871.9,1872.3,3716.1,3716.5,3717.0,2604.2,2603.1,2602.8,2922.3,2922.0,2921.9,27.459999,28.030001,going to home base
2024-04-12T22:44:59Z,2398.4,2397.4,2397.7,2657.7,2657.6,2657.7,5731.4,5731.0,5731.3,2358.4,2358.6,2359.4,3538.2,3538.3,3537.9,4463.9,4463.4,4463.4,6232.6,6232.1,6231.9,8706.4,8705.8,8706.8,5267.0,5265.6,5267.1,7490.1,7488.0,7486.4,6160.1,6159.7,6159.9,1873.7,1872.0,1872.2,3716.2,3716.3,3717.5,2603.3,2602.7,2602.8,2922.4,2922.4,2922.3,27.459999,28.049999,going to home base
2024-04-12T22:45:04Z,2397.9,2397.3,2397.0,2658.1,2658.1,2658.2,5731.5,5730.9,5731.3,2358.3,2358.4,2358.6,3537.8,3537.7,3537.8,4463.9,4463.6,4463.5,6232.8,6232.0,6233.7,8708.1,8708.5,8708.6,5266.3,5266.7,5267.4,7487.3,7485.4,7486.3,6158.5,6158.1,6159.1,1873.8,1872.1,1872.1,3715.6,3715.5,3716.3,2603.6,2603.2,2603.4,2921.8,2920.9,2921.3,27.480000,28.010000,going to home base
2024-04-12T22:45:09Z,2398.6,2397.2,2397.5,2657.3,2657.0,2657.3,5731.2,5730.6,5730.4,2358.3,2357.4,2358.0,3538.7,3537.8,3537.7,4463.9,4463.4,4463.1,6232.7,6234.7,6233.4,8709.0,8709.6,8709.1,5267.1,5267.1,5268.5,7487.0,7486.5,7487.4,6160.6,6161.5,6161.1,1873.3,1872.6,1872.8,3716.1,3716.4,3717.2,2602.8,2602.4,2602.2,2922.1,2921.6,2922.3,27.459999,28.010000,going to home base
2024-04-12T22:45:14Z,2397.5,2397.1,2397.3,2657.6,2657.1,2657.2,5731.3,5731.0,5731.0,2358.5,2359.1,2359.6,3537.1,3537.2,3537.2,4463.9,4463.7,4463.4,6231.3,6230.9,6229.7,8708.4,8709.1,8708.5,5267.8,5266.8,5266.6,7487.2,7487.5,7487.7,6159.1,6159.4,6159.9,1873.5,1872.3,1872.3,3716.3,3716.7,3717.6,2603.6,2603.1,2603.1,2922.8,2921.5,2922.2,27.510000,28.040001,going to home base
2024-04-12T22:45:19Z,2397.3,2396.5,2397.2,2657.8,2657.9,2658.0,5731.3,5731.1,5731.4,2358.3,2358.5,2358.8,3538.9,3538.8,3537.5,4462.9,4463.3,4463.1,6231.0,6229.5,6231.6,8706.5,8708.1,8707.7,5266.0,5265.0,5266.4,7488.6,7488.3,7487.7,6159.2,6159.6,6161.1,1874.4,1872.7,1872.6,3715.9,3715.7,3716.9,2603.7,2602.8,2602.6,2923.5,2922.4,2922.6,27.459999,28.040001,going to home base
2024-04-12T22:45:24Z,2397.6,2397.0,2397.1,2657.4,2656.9,2657.5,5731.9,5731.3,5731.4,2358.5,2358.1,2358.7,3537.7,3537.3,3537.1,4463.3,4463.2,4463.3,6234.1,6232.4,6232.2,8707.2,8706.8,8705.8,5266.5,5266.5,5266.8,7489.5,7489.2,7490.3,6158.9,6159.8,6158.4,1874.4,1872.3,1872.1,3716.7,3716.6,3717.2,2602.9,2602.4,2602.0,2923.0,2922.7,2922.3,27.480000,27.980000,going to home base
2024-04-12T22:45:29Z,2397.6,2396.1,2397.1,2658.2,2658.3,2657.9,5731.5,5731.0,5731.5,2359.0,2359.2,2359.6,3537.4,3537.4,3536.7,4463.0,4463.5,4462.6,6229.7,6229.4,6229.8,8707.6,8706.5,8707.0,5265.2,5265.0,5265.0,7487.9,7487.4,7487.4,6159.3,6157.7,6158.1,1873.2,1871.4,1871.6,3717.4,3717.2,3718.3,2603.6,2603.2,2603.2,2922.4,2921.6,2921.2,27.459999,28.030001,going to home base
2024-04-12T22:45:34Z,2397.1,2397.0,2397.3,2658.1,2657.8,2657.7,5732.1,5731.7,5731.7,2358.6,2358.6,2358.7,3537.7,3538.1,3538.0,4463.3,4462.7,4463.0,6232.2,6230.9,6230.8,8706.1,8707.8,8706.9,5266.1,5265.4,5266.8,7490.0,7489.3,7489.2,6158.1,6158.1,6159.5,1873.9,1872.8,1872.5,3718.5,3718.1,3719.1,2603.1,2602.6,2602.4,2921.9,2922.0,2922.4,27.480000,28.040001,going to home base
2024-04-12T22:45:39Z,2398.5,2398.0,2397.9,2656.9,2656.9,2657.8,5731.8,5731.3,5731.3,2358.4,2357.6,2358.6,3538.2,3537.4,3537.6,4463.3,4463.0,4463.3,6228.9,6228.9,6229.6,8708.1,8706.3,8706.8,5264.9,5264.3,5266.7,7487.3,7487.2,7488.3,6161.6,6160.9,6162.1,1873.3,1871.9,1871.3,3717.5,3717.3,3718.3,2603.5,2603.1,2602.7,2922.8,2921.7,2923.0,27.480000,27.959999,going to home base
2024-04-12T22:45:44Z,2397.6,2397.0,2397.5,2658.1,2657.1,2658.0,5732.1,5731.5,5731.8,2358.5,2358.2,2358.8,3537.5,3537.9,3537.9,4463.4,4463.3,4463.6,6232.6,6230.8,6231.7,8706.2,8706.6,8707.3,5265.9,5266.6,5267.9,7488.7,7488.3,7488.1,6162.2,6161.4,6161.5,1873.6,1872.3,1872.5,3717.1,3717.2,3717.4,2603.0,2602.3,2602.3,2920.9,2921.2,2921.7,27.459999,27.980000,going to home base
2024-04-12T22:45:49Z,2397.7,2397.5,2397.1,2658.1,2657.6,2658.3,5731.9,5731.3,5732.1,2358.6,2358.4,2358.6,3538.1,3537.9,3538.1,4463.4,4463.3,4462.9,6231.4,6230.1,6230.7,8708.2,8705.6,8706.7,5265.0,5265.1,5266.0,7487.4,7487.5,7489.6,6162.8,6160.5,6160.1,1873.9,1872.3,1871.7,3717.1,3717.2,3717.6,2604.1,2602.9,2603.9,2923.1,2923.6,2923.7,27.480000,28.049999,going to home base
2024-04-12T22:45:54Z,2398.0,2396.8,2397.7,2658.4,2658.0,2657.7,5732.5,5731.5,5731.9,2358.8,2358.9,2359.2,3538.4,3538.2,3538.6,4463.7,4463.3,4463.3,6233.6,6231.9,6232.4,8705.9,8706.8,8705.8,5264.9,5263.2,5264.5,7490.2,7487.1,7487.8,6158.7,6157.8,6160.9,1874.1,1872.8,1872.3,3717.3,3717.4,3718.1,2604.1,2603.2,2603.4,2922.3,2920.8,2921.7,27.450001,28.040001,going to home base
2024-04-12T22:45:59Z,2398.0,2397.6,2397.1,2657.9,2657.3,2657.9,5731.7,5731.3,5731.6,2358.0,2358.5,2358.8,3537.5,3536.8,3537.7,4463.6,4463.7,4463.8,6230.9,6231.6,6231.0,8708.3,8706.4,8705.9,5265.0,5265.7,5266.4,7488.8,7488.9,7490.0,6159.5,6161.3,6160.7,1874.0,1872.6,1872.7,3717.9,3718.0,3719.0,2604.2,2603.4,2603.6,2920.9,2920.5,2921.7,27.490000,28.030001,going to home base
2024-04-12T22:46:04Z,2398.9,2397.7,2397.9,2658.3,2658.0,2658.5,5731.7,5730.9,5731.0,2358.6,2358.2,2358.9,3538.1,3537.4,3537.8,4463.3,4463.5,4463.0,6231.1,6230.7,6232.0,8708.0,8707.5,8708.5,5263.8,5263.6,5263.4,7490.5,7488.5,7490.4,6161.3,6160.5,6161.1,1873.8,1872.6,1872.4,3718.1,3717.8,3718.8,2604.5,2603.2,2603.4,2922.7,2921.8,2921.3,27.450001,28.010000,going to home base
2024-04-12T22:46:09Z,2398.5,2397.8,2397.8,2658.8,2658.4,2659.1,5732.3,5732.0,5732.4,2358.8,2359.0,2359.1,3538.3,3537.8,3537.7,4463.7,4463.3,4463.8,6232.6,6232.8,6233.9,8706.0,8705.8,8705.1,5264.6,5264.3,5265.9,7488.7,7488.6,7488.0,6159.2,6159.2,6159.9,1873.5,1872.1,1871.8,3718.3,3718.1,3719.1,2604.0,2603.6,2603.4,2922.2,2921.9,2922.5,27.450001,28.000000,going to home base
2024-04-12T22:46:14Z,2398.4,2397.6,2398.2,2658.2,2657.9,2658.2,5731.9,5731.7,5731.8,2358.5,2358.2,2359.5,3538.0,3537.9,3537.7,4463.7,4463.4,4463.5,6230.9,6230.4,6230.4,8707.9,8707.8,8708.2,5267.0,5267.0,5267.5,7488.4,7488.7,7488.8,6159.5,6159.6,6161.2,1873.2,1872.0,1871.4,3718.4,3718.3,3719.7,2604.1,2603.0,2603.5,2924.3,2922.6,2923.8,27.480000,27.980000,going to home base
2024-04-12T22:46:19Z,2398.2,2397.1,2397.3,2658.4,2658.9,2658.7,5731.9,5731.9,5731.7,2358.1,2357.9,2357.6,3537.8,3537.0,3537.1,4464.0,4463.5,4463.3,6231.9,6231.7,6232.7,8707.4,8708.7,8709.3,5266.6,5266.3,5266.3,7486.4,7487.0,7487.5,6162.9,6163.5,6165.0,1873.1,1871.8,1871.3,3717.9,3717.9,3719.0,2604.3,2602.9,2603.3,2923.7,2923.0,2923.6,27.459999,28.040001,going to home base
2024-04-12T22:46:24Z,2398.2,2397.3,2397.4,2658.0,2658.0,2658.2,5732.2,5731.4,5731.9,2357.6,2356.9,2357.3,3537.0,3536.3,3536.6,4463.9,4463.7,4464.0,6229.2,6230.0,6230.9,8708.6,8706.9,8709.7,5266.9,5267.0,5268.6,7492.4,7491.7,7490.8,6159.8,6161.3,6162.4,1874.2,1872.3,1872.3,3717.9,3717.9,3719.0,2604.7,2604.2,2604.0,2923.6,2924.2,2923.9,27.459999,28.030001,going to home base
2024-04-12T22:46:29Z,2398.6,2397.9,2398.2,2658.2,2658.4,2658.4,5733.3,5732.6,5732.7,2357.0,2357.0,2357.3,3537.5,3537.3,3537.2,4464.0,4464.0,4464.4,6228.0,6228.3,6227.4,8709.7,8708.9,8708.7,5268.4,5268.0,5267.7,7491.2,7489.8,7489.4,6161.7,6163.4,6163.4,1873.8,1872.0,1872.4,3717.9,3718.4,3719.1,2604.0,2603.2,2603.2,2923.0,2923.1,2923.8,27.490000,28.010000,going to home base
2024-04-12T22:46:34Z,2398.7,2398.0,2398.0,2657.6,2657.2,2658.5,5732.3,5732.2,5732.2,2358.6,2358.8,2359.5,3537.4,3536.9,3538.0,4463.6,4463.4,4463.2,6228.6,6228.9,6228.1,8709.0,8709.4,8709.4,5266.7,5265.5,5266.3,7491.8,7490.6,7491.3,6160.3,6162.4,6161.7,1874.1,1872.6,1872.3,3718.3,3718.4,3719.0,2604.2,2603.5,2603.6,2923.8,2922.9,2923.8,27.480000,28.010000,going to home base
2024-04-12T22:46:39Z,2398.5,2397.8,2398.2,2658.3,2657.9,2658.6,5732.3,5731.9,5731.4,2359.0,2359.2,2359.5,3537.7,3537.7,3537.9,4463.5,4463.3,4463.7,6229.9,6230.7,6232.5,8711.2,8710.6,8709.7,5264.9,5266.4,5266.5,7493.5,7491.4,7491.7,6158.7,6160.4,6163.7,1873.9,1873.2,1872.4,3718.3,3718.1,3718.6,2604.7,2604.0,2604.0,2923.1,2922.1,2923.0,27.490000,28.030001,going to home base
2024-04-12T22:46:44Z,2399.0,2397.7,2398.7,2658.1,2658.5,2658.6,5732.7,5732.0,5732.3,2358.0,2358.0,2358.3,3538.3,3538.4,3538.8,4464.2,4463.7,4463.9,6233.1,6232.8,6232.2,8711.0,8711.2,8711.7,5266.0,5266.3,5267.4,7492.4,7492.5,7492.8,6162.0,6164.2,6162.2,1873.7,1872.5,1872.7,3718.0,3718.5,3718.7,2603.9,2602.9,2603.0,2922.5,2922.6,2923.4,27.480000,28.010000,going to home base
2024-04-12T22:46:49Z,2398.8,2398.1,2398.6,2657.7,2657.9,2658.1,5732.4,5732.3,5732.2,2358.4,2358.6,2359.2,3538.5,3538.3,3538.2,4463.8,4464.2,4463.7,6230.6,6230.3,6231.2,8712.2,8710.5,8710.3,5268.5,5266.3,5267.5,7491.8,7489.9,7490.6,6163.2,6162.1,6163.3,1874.3,1872.6,1873.1,3718.8,3718.9,3719.4,2603.6,2602.5,2603.1,2923.8,2922.4,2922.6,27.490000,28.040001,going to home base
2024-04-12T22:46:54Z,2397.9,2397.6,2397.6,2659.1,2658.4,2658.7,5732.5,5731.9,5732.2,2358.4,2358.8,2358.9,3538.1,3537.8,3538.2,4464.0,4464.0,4463.8,6230.7,6229.7,6231.4,8711.0,8709.2,8710.2,5267.7,5267.2,5267.9,7494.1,7491.5,7491.5,6161.2,6162.6,6162.6,1874.0,1872.8,1872.6,3718.0,3717.7,3718.8,2603.1,2602.6,2602.5,2921.3,2921.2,2922.0,27.459999,28.030001,going to home base
2024-04-12T22:46:59Z,2398.3,2397.3,2398.1,2658.1,2658.1,2658.0,5733.0,5732.4,5732.7,2357.6,2357.6,2358.2,3538.1,3537.6,3537.9,4464.7,4464.4,4464.0,6227.8,6227.4,6227.7,8711.4,8709.8,8709.8,5263.5,5264.0,5264.0,7490.8,7490.9,7491.5,6164.1,6163.8,6163.1,1874.6,1873.4,1873.0,3717.7,3718.3,3718.9,2603.7,2602.9,2602.7,2921.6,2921.2,2921.5,27.490000,28.010000,going to home base
2024-04-12T22:47:04Z,2398.4,2397.8,2398.1,2658.7,2658.8,2659.2,5732.2,5731.6,5731.2,2357.6,2358.4,2358.3,3538.4,3538.4,3537.8,4463.8,4463.2,4463.2,6230.0,6228.7,6229.9,8707.6,8707.9,8708.6,5267.0,5267.0,5267.4,7488.8,7487.1,7487.5,6163.1,6161.4,6161.7,1874.8,1873.2,1873.2,3718.0,3718.1,3719.2,2603.6,2603.2,2603.0,2921.1,2920.4,2921.4,27.490000,28.040001,going to home base
2024-04-12T22:47:09Z,2398.1,2397.3,2397.6,2657.7,2657.7,2658.6,5732.0,5731.8,5731.6,2359.0,2358.9,2359.6,3537.9,3538.3,3537.8,4463.6,4463.5,4464.0,6231.6,6232.0,6232.9,8709.6,8710.9,8710.1,5266.7,5266.9,5267.7,7487.5,7487.5,7487.9,6160.3,6161.6,6162.9,1874.2,1872.5,1872.4,3717.5,3717.8,3718.8,2603.7,2603.1,2603.4,2922.1,2921.0,2921.2,27.490000,28.040001,going to home base
2024-04-12T22:47:14Z,2398.1,2397.3,2397.1,2657.7,2657.6,2657.8,5731.8,5731.4,5731.4,2358.3,2357.8,2358.0,3538.1,3537.9,3537.7,4464.2,4464.1,4464.3,6230.5,6229.0,6229.7,8708.7,8707.0,8708.5,5265.3,5265.1,5266.1,7489.6,7490.4,7489.2,6159.0,6159.2,6158.6,1874.5,1872.7,1872.6,3716.7,3717.0,3717.4,2603.6,2603.1,2603.5,2922.0,2921.9,2921.4,27.480000,28.040001,going to home base
2024-04-12T22:47:19Z,2398.7,2397.5,2398.1,2657.9,2657.6,2658.0,5732.0,5731.4,5731.4,2359.4,2359.4,2359.3,3538.4,3537.8,3537.7,4464.0,4463.8,4463.3,6229.7,6230.7,6230.6,8708.2,8707.3,8707.2,5265.0,5266.2,5266.5,7488.1,7486.7,7488.8,6164.2,6162.7,6162.7,1874.2,1872.8,1872.5,3717.3,3717.2,3718.4,2603.2,2602.4,2602.9,2922.2,2922.0,2922.3,27.490000,28.010000,going to home base
2024-04-12T22:47:24Z,2398.6,2398.1,2398.4,2657.9,2657.5,2657.9,5731.4,5731.0,5731.1,2357.7,2357.6,2358.4,3537.4,3537.6,3537.9,4464.3,4463.9,4463.9,6230.4,6230.8,6228.9,8708.3,8707.9,8709.5,5266.1,5265.8,5266.6,7491.0,7488.4,7488.8,6159.7,6159.8,6158.1,1874.3,1872.4,1872.5,3717.3,3717.3,3718.0,2603.3,2602.8,2602.6,2922.4,2921.9,2922.4,27.480000,28.040001,going to home base
2024-04-12T22:47:29Z,2397.5,2396.6,2397.9,2658.3,2658.1,2658.8,5731.4,5731.1,5731.3,2358.5,2358.5,2359.1,3537.0,3536.6,3537.0,4464.0,4463.8,4464.1,6228.7,6227.9,6230.2,8708.5,8707.1,8708.4,5266.9,5265.8,5267.7,7487.3,7486.5,7485.9,6164.3,6165.4,6164.5,1873.4,1872.4,1872.3,3717.6,3717.9,3718.3,2603.7,2602.6,2602.7,2922.7,2921.9,2922.2,27.480000,28.030001,going to home base
2024-04-12T22:47:34Z,2398.0,2397.4,2397.9,2657.7,2657.7,2657.8,5731.2,5730.7,5731.0,2359.2,2358.4,2358.6,3537.1,3536.2,3536.3,4463.7,4464.1,4464.0,6229.4,6229.9,6229.8,8709.3,8708.5,8707.3,5267.6,5267.9,5266.7,7488.0,7486.3,7486.6,6161.4,6160.7,6161.5,1874.2,1872.9,1872.5,3717.1,3718.0,3718.4,2604.2,2603.6,2603.9,2922.1,2921.7,2922.5,27.459999,28.010000,going to home base
2024-04-12T22:47:39Z,2398.1,2397.1,2398.0,2658.3,2658.0,2658.3,5731.5,5731.2,5731.0,2358.6,2358.6,2358.5,3537.0,3537.2,3537.1,4464.5,4464.1,4463.9,6228.8,6229.0,6229.9,8708.0,8707.5,8706.5,5265.6,5265.1,5266.7,7489.8,7487.5,7486.4,6162.6,6161.5,6163.7,1874.5,1872.8,1872.6,3717.9,3717.5,3718.2,2603.6,2603.1,2603.1,2921.0,2921.2,2922.1,27.490000,28.040001,going to home base
2024-04-12T22:47:44Z,2398.3,2397.7,2398.1,2658.2,2658.1,2658.4,5731.8,5730.7,5730.9,2358.8,2359.0,2358.9,3537.5,3537.5,3537.1,4463.8,4463.6,4464.2,6230.1,6229.8,6230.3,8707.1,8709.1,8708.3,5266.7,5267.1,5268.0,7488.9,7488.4,7487.2,6161.9,6161.6,6160.6,1874.2,1873.0,1872.6,3717.7,3717.8,3718.6,2603.1,2602.4,2602.8,2922.1,2922.3,2921.8,27.480000,28.049999,going to home base
2024-04-12T22:47:49Z,2397.2,2396.3,2396.8,2657.4,2657.4,2657.8,5731.2,5730.6,5730.6,2358.4,2357.9,2357.8,3537.9,3537.1,3537.7,4464.2,4464.2,4463.9,6229.8,6229.0,6229.9,8708.0,8707.5,8706.1,5266.0,5265.5,5265.0,7490.6,7490.5,7491.0,6160.7,6162.6,6162.6,1874.1,1872.9,1871.9,3717.6,3717.2,3718.6,2604.1,2603.2,2603.5,2919.9,2919.7,2919.9,27.480000,28.040001,going to home base
2024-04-12T22:47:54Z,2398.3,2397.4,2398.1,2656.7,2656.3,2656.6,5730.9,5730.7,5730.8,2358.1,2357.9,2358.4,3537.2,3536.1,3536.3,4463.7,4463.6,4463.3,6230.6,6230.3,6230.9,8706.4,8706.8,8706.6,5265.2,5264.9,5265.8,7488.3,7487.2,7489.1,6161.4,6161.2,6160.0,1873.4,1872.2,1872.0,3718.3,3718.3,3718.7,2603.8,2601.9,2602.6,2920.3,2918.9,2919.4,27.490000,28.030001,going to home base
2024-04-12T22:47:59Z,2397.6,2397.4,2397.1,2657.6,2657.1,2657.8,5731.1,5730.7,5730.7,2358.2,2358.5,2358.7,3536.9,3536.7,3536.7,4463.7,4463.7,4463.6,6230.4,6227.7,6227.8,8706.3,8704.5,8705.1,5266.0,5265.7,5266.2,7487.9,7489.0,7487.5,6162.3,6162.9,6164.3,1874.5,1872.7,1872.6,3717.8,3717.8,3718.6,2603.2,2602.7,2603.0,2922.2,2921.3,2921.2,27.510000,28.040001,going to home base
2024-04-12T22:48:04Z,2398.6,2398.0,2398.4,2657.8,2657.2,2657.8,5731.7,5731.1,5731.3,2357.9,2357.9,2358.6,3538.1,3537.6,3537.2,4464.1,4464.1,4463.9,6228.5,6229.6,6229.6,8705.0,8706.6,8706.6,5266.0,5265.8,5266.4,7487.2,7486.6,7488.8,6159.6,6159.0,6160.2,1874.0,1872.3,1872.2,3717.9,3717.8,3718.4,2603.4,2602.6,2603.2,2922.1,2920.5,2921.9,27.480000,28.000000,going to home base
2024-04-12T22:48:09Z,2398.1,2397.4,2397.7,2657.7,2657.6,2657.6,5731.5,5731.2,5731.6,2357.9,2356.9,2357.9,3537.1,3536.9,3536.7,4464.3,4463.9,4464.0,6232.1,6229.3,6230.9,8708.6,8709.5,8709.3,5267.3,5267.5,5267.0,7487.7,7486.2,7486.9,6161.5,6160.1,6160.4,1873.4,1872.1,1872.1,3716.8,3716.4,3718.0,2603.8,2602.9,2602.9,2921.5,2920.4,2920.3,27.490000,28.059999,going to home base
2024-04-12T22:48:14Z,2397.6,2397.2,2397.2,2657.8,2657.8,2657.9,5731.2,5730.9,5730.9,2358.5,2358.4,2358.7,3537.7,3536.9,3536.7,4463.6,4463.7,4463.9,6233.3,6233.0,6232.5,8708.5,8707.3,8707.3,5266.3,5266.6,5266.8,7488.7,7485.7,7486.4,6162.1,6161.8,6159.7,1873.6,1872.2,1872.3,3717.2,3717.3,3717.8,2603.9,2603.3,2602.8,2921.3,2921.2,2921.3,27.459999,28.030001,going to home base
2024-04-12T22:48:19Z,2398.2,2397.7,2397.5,2656.9,2656.9,2657.2,5731.6,5731.1,5731.2,2357.4,2357.4,2358.1,3537.9,3537.7,3537.4,4463.9,4463.2,4463.7,6231.6,6231.0,6231.9,8709.7,8708.4,8708.7,5266.7,5266.5,5267.9,7490.9,7490.3,7491.5,6161.1,6160.1,6161.0,1873.7,1872.6,1872.8,3718.1,3717.7,3718.8,2603.8,2603.0,2602.4,2921.1,2921.4,2921.4,27.459999,28.040001,going to home base
2024-04-12T22:48:24Z,2398.6,2397.9,2398.2,2657.7,2657.3,2657.6,5732.4,5732.1,5732.0,2359.2,2358.8,2359.6,3537.9,3537.7,3537.3,4463.4,4463.4,4463.4,6234.8,6233.7,6234.7,8706.1,8708.7,8707.0,5265.1,5264.6,5266.9,7486.5,7486.5,7486.9,6161.8,6161.5,6161.5,1873.9,1872.7,1872.7,3717.7,3717.8,3718.3,2603.3,2603.0,2602.9,2921.8,2920.9,2920.9,27.459999,28.000000,going to home base
2024-04-12T22:48:29Z,2398.4,2397.5,2397.8,2658.3,2657.8,2658.2,5732.3,5731.8,5731.9,2358.6,2358.6,2359.1,3537.9,3537.6,3536.9,4463.8,4463.9,4463.8,6232.5,6231.1,6232.3,8706.0,8705.8,8706.3,5264.2,5264.1,5264.3,7486.5,7484.6,7484.7,6163.8,6163.3,6163.0,1874.0,1872.8,1872.6,3718.2,3718.2,3718.9,2603.9,2603.1,2602.8,2921.4,2921.4,2921.2,27.480000,27.940001,going to home base
2024-04-12T22:48:34Z,2398.9,2397.6,2398.0,2657.3,2657.4,2657.8,5731.5,5732.0,5731.6,2358.3,2358.4,2358.8,3537.5,3537.2,3537.2,4464.1,4463.7,4464.0,6232.7,6233.5,6233.1,8708.4,8707.7,8707.3,5267.5,5266.4,5267.7,7486.6,7486.1,7486.7,6161.6,6162.4,6162.4,1874.0,1872.7,1872.8,3716.7,3716.9,3717.7,2603.9,2603.0,2603.1,2921.7,2920.7,2921.7,27.480000,28.010000,going to home base
2024-04-12T22:48:39Z,2398.5,2397.5,2398.0,2657.6,2657.4,2657.7,5731.9,5731.7,5731.6,2358.2,2358.5,2358.7,3537.7,3537.5,3537.6,4464.2,4464.2,4464.0,6230.7,6230.6,6232.3,8710.3,8708.2,8708.6,5267.0,5265.9,5266.3,7488.6,7487.5,7488.7,6161.9,6160.5,6161.6,1873.5,1872.5,1872.6,3717.9,3718.0,3718.5,2604.6,2603.9,2604.4,2921.0,2920.5,2920.2,27.459999,28.059999,going to home base
2024-04-12T22:48:44Z,2398.2,2398.2,2398.0,2657.4,2657.7,2658.3,5731.5,5731.1,5731.1,2359.0,2358.7,2359.4,3536.4,3536.2,3536.1,4464.6,4464.3,4464.1,6234.3,6233.5,6233.9,8711.8,8711.0,8710.4,5267.0,5266.6,5267.5,7489.8,7488.2,7488.2,6160.2,6160.4,6159.5,1873.6,1872.2,1872.5,3717.2,3717.3,3717.7,2603.6,2602.8,2602.9,2918.6,2919.9,2918.3,27.459999,28.030001,going to home base
2024-04-12T22:48:49Z,2398.9,2397.9,2398.1,2657.6,2657.7,2657.6,5732.4,5732.0,5732.0,2359.3,2359.2,2359.5,3537.9,3537.6,3537.3,4464.3,4464.1,4464.4,6232.7,6232.4,6234.2,8708.6,8708.7,8708.3,5266.6,5266.2,5267.2,7488.5,7487.4,7487.9,6161.9,6160.3,6158.9,1874.1,1872.5,1872.6,3717.6,3717.3,3717.8,2603.6,2603.2,2603.0,2920.5,2920.6,2921.5,27.490000,28.010000,going to home base
2024-04-12T22:48:54Z,2398.7,2398.1,2398.6,2658.5,2658.1,2657.9,5732.2,5731.8,5731.8,2358.2,2357.7,2358.4,3537.3,3537.0,3536.7,4464.5,4464.5,4464.0,6233.9,6234.1,6234.5,8709.0,8708.3,8706.3,5266.6,5266.1,5266.9,7489.5,7488.6,7489.3,6163.2,6161.0,6163.4,1874.5,1872.7,1872.8,3718.6,3718.3,3719.2,2603.7,2602.9,2602.8,2924.1,2922.1,2923.4,27.480000,28.070000,going to home base
2024-04-12T22:48:59Z,2398.7,2398.2,2398.2,2658.7,2658.4,2658.8,5733.1,5733.1,5732.9,2358.6,2358.3,2359.0,3537.6,3537.4,3537.4,4464.2,4463.9,4464.2,6232.9,6231.9,6232.3,8707.1,8706.8,8705.9,5266.8,5266.4,5265.8,7488.0,7487.1,7486.5,6160.4,6161.5,6160.0,1873.7,1872.5,1872.5,3718.3,3718.7,3719.1,2604.8,2604.3,2604.5,2922.9,2922.4,2922.0,27.480000,28.010000,going to home base
2024-04-12T22:49:04Z,2398.5,2398.0,2398.0,2659.1,2658.8,2659.1,5733.2,5732.6,5732.6,2358.0,2358.5,2358.6,3537.7,3537.4,3537.7,4464.0,4463.9,4464.0,6229.9,6230.9,6230.7,8709.0,8709.1,8708.1,5267.2,5267.1,5267.7,7487.1,7488.5,7486.9,6163.2,6162.0,6162.1,1874.0,1872.8,1872.7,3717.3,3717.2,3718.0,2605.1,2604.3,2604.8,2922.3,2921.8,2922.1,27.480000,28.030001,going to home base
2024-04-12T22:49:09Z,2398.4,2398.0,2398.7,2657.7,2657.7,2658.3,5733.2,5732.5,5733.1,2358.7,2359.2,2359.3,3539.0,3538.2,3537.9,4464.1,4464.0,4464.3,6231.0,6229.3,6230.8,8708.1,8708.0,8706.6,5266.6,5266.4,5266.7,7488.6,7488.6,7489.3,6162.9,6162.3,6162.3,1874.5,1872.9,1872.8,3717.4,3717.1,3718.3,2604.7,2603.6,2604.1,2921.3,2920.2,2920.2,27.490000,28.030001,going to home base
2024-04-12T22:49:14Z,2398.7,2397.5,2397.9,2658.0,2657.8,2658.4,5733.2,5732.4,5732.3,2358.5,2358.4,2359.2,3539.0,3537.8,3537.5,4463.6,4463.2,4463.8,6227.3,6228.4,6229.5,8709.3,8708.7,8707.8,5266.8,5266.3,5267.1,7490.3,7489.1,7488.5,6161.5,6160.8,6161.7,1873.9,1872.3,1872.8,3718.0,3717.4,3718.2,2604.5,2603.5,2603.7,2922.2,2921.8,2921.5,27.480000,28.010000,going to home base
2024-04-12T22:49:19Z,2398.3,2398.1,2398.3,2658.1,2657.3,2658.4,5733.1,5732.4,5732.7,2358.6,2358.4,2358.7,3538.0,3537.1,3536.9,4465.0,4464.5,4464.4,6226.2,6227.4,6229.0,8707.1,8707.2,8708.5,5266.2,5265.7,5266.0,7488.3,7486.9,7489.2,6160.5,6162.1,6161.5,1874.5,1872.9,1872.5,3717.4,3717.2,3718.5,2603.7,2603.5,2603.6,2922.0,2920.9,2922.1,27.490000,28.080000,going to home base
2024-04-12T22:49:24Z,2398.9,2397.8,2397.7,2658.3,2657.8,2658.4,5732.6,5732.6,5732.3,2358.3,2358.2,2358.5,3538.4,3538.2,3537.7,4464.0,4463.8,4463.7,6230.0,6231.7,6233.2,8705.5,8707.5,8707.4,5266.5,5266.0,5267.2,7487.0,7484.9,7486.7,6165.9,6164.9,6164.6,1874.4,1872.8,1872.8,3716.5,3716.6,3717.4,2603.3,2603.0,2602.7,2922.2,2922.8,2921.5,27.490000,28.059999,going to home base
2024-04-12T22:49:29Z,2397.9,2397.9,2397.4,2658.4,2658.2,2658.2,5732.9,5732.8,5732.4,2358.6,2358.1,2358.6,3538.0,3537.6,3537.7,4464.9,4464.6,4464.6,6229.4,6228.8,6229.6,8707.9,8708.3,8708.5,5268.3,5267.4,5267.4,7487.9,7487.2,7487.4,6161.2,6159.7,6161.5,1874.1,1872.7,1872.6,3717.3,3717.1,3717.9,2603.8,2602.4,2602.7,2922.5,2922.5,2922.3,27.510000,28.010000,going to home base
2024-04-12T22:49:34Z,2398.2,2397.6,2397.8,2658.4,2658.3,2658.9,5732.9,5732.5,5732.7,2358.9,2359.1,2359.4,3537.8,3538.0,3537.9,4464.3,4464.2,4463.8,6228.5,6228.8,6229.4,8706.5,8707.2,8707.7,5267.6,5267.7,5267.2,7489.7,7489.4,7487.9,6162.9,6160.3,6163.1,1873.8,1872.6,1872.5,3718.2,3717.8,3718.8,2603.7,2602.9,2602.3,2923.1,2922.6,2922.5,27.480000,28.010000,going to home base
2024-04-12T22:49:39Z,2398.8,2398.1,2398.0,2658.0,2657.6,2658.4,5732.1,5731.6,5731.8,2358.9,2358.5,2359.2,3537.7,3536.9,3536.3,4464.5,4464.3,4463.9,6227.6,6226.5,6225.3,8708.5,8708.6,8708.8,5268.0,5267.5,5268.0,7488.8,7489.3,7488.8,6161.4,6161.8,6162.3,1874.0,1872.4,1873.1,3717.2,3717.3,3718.1,2603.1,2602.3,2602.4,2921.7,2921.6,2922.0,27.480000,28.030001,going to home base
2024-04-12T22:49:44Z,2398.4,2397.7,2397.7,2657.7,2657.8,2658.2,5732.7,5732.4,5732.3,2358.9,2358.9,2360.0,3537.7,3537.0,3537.7,4464.6,4464.8,4464.9,6230.3,6229.3,6229.6,8706.6,8706.0,8706.6,5266.6,5267.0,5266.4,7488.7,7486.9,7487.2,6162.8,6161.0,6162.6,1874.1,1872.8,1872.4,3717.4,3717.5,3717.8,2603.8,2602.6,2602.9,2923.2,2921.1,2922.2,27.480000,28.030001,going to home base
2024-04-12T22:49:49Z,2397.9,2397.5,2397.7,2658.0,2658.1,2658.8,5732.6,5732.0,5732.1,2358.3,2358.0,2359.0,3538.5,3538.1,3538.4,4464.3,4464.1,4464.4,6229.7,6229.0,6230.2,8709.4,8707.7,8708.2,5268.6,5267.2,5267.6,7490.2,7487.9,7488.9,6161.3,6160.7,6160.4,1874.0,1873.0,1873.2,3717.7,3717.3,3718.3,2604.1,2603.1,2603.5,2922.7,2922.5,2922.0,27.490000,28.040001,going to home base
2024-04-12T22:49:54Z,2398.7,2398.1,2398.0,2658.1,2657.5,2658.3,5731.3,5730.7,5730.6,2359.0,2358.6,2358.9,3537.4,3537.0,3537.5,4465.1,4464.7,4464.4,6230.9,6231.8,6231.4,8708.4,8708.7,8707.4,5267.7,5266.1,5267.9,7489.6,7489.6,7488.6,6162.0,6162.2,6163.1,1874.2,1872.8,1872.9,3717.7,3717.3,3718.4,2603.2,2602.6,2602.7,2922.6,2921.9,2922.8,27.510000,28.040001,going to home base
2024-04-12T22:49:59Z,2397.5,2397.1,2397.3,2658.1,2658.2,2658.2,5732.4,5731.9,5732.0,2357.8,2357.9,2358.4,3537.2,3536.9,3537.7,4464.3,4464.1,4464.5,6229.4,6228.6,6230.4,8707.5,8707.6,8707.5,5266.6,5265.9,5267.2,7490.5,7488.5,7489.3,6162.4,6163.1,6162.9,1874.2,1872.5,1872.6,3716.6,3716.9,3717.3,2603.8,2602.9,2602.8,2922.8,2922.1,2922.6,27.520000,28.030001,going to home base
2024-04-12T22:50:04Z,2397.8,2397.7,2398.1,2658.3,2657.9,2658.2,5732.5,5732.2,5732.0,2359.0,2358.4,2359.5,3537.5,3537.6,3537.8,4464.1,4464.1,4464.3,6231.2,6228.2,6228.2,8708.3,8707.7,8705.7,5267.7,5266.7,5267.9,7487.6,7487.2,7486.8,6162.9,6162.2,6162.9,1875.8,1874.2,1874.3,3716.1,3716.4,3717.3,2604.0,2602.9,2603.0,2921.3,2920.5,2921.0,27.490000,28.030001,going to home base
2024-04-12T22:50:09Z,2398.0,2397.4,2397.5,2657.3,2657.2,2657.9,5732.6,5731.4,5731.7,2358.4,2358.0,2358.0,3537.1,3537.2,3537.1,4464.6,4464.3,4464.5,6229.0,6228.3,6229.7,8709.3,8709.2,8708.0,5266.3,5266.7,5267.2,7489.7,7487.6,7488.6,6160.1,6161.8,6161.3,1874.1,1872.9,1872.9,3717.0,3716.5,3717.8,2603.6,2603.5,2603.5,2923.1,2922.7,2922.2,27.490000,28.040001,going to home base
2024-04-12T22:50:14Z,2397.8,2397.0,2397.3,2657.8,2657.5,2658.1,5732.1,5731.2,5731.4,2358.1,2358.2,2358.5,3537.2,3536.5,3536.9,4463.9,4464.0,4464.3,6230.6,6229.4,6230.0,8707.0,8706.7,8707.4,5268.1,5267.4,5268.1,7490.4,7489.1,7488.8,6159.3,6160.3,6160.1,1874.2,1873.0,1873.2,3715.6,3715.6,3716.7,2604.0,2602.7,2603.3,2923.1,2922.8,2922.1,27.490000,28.059999,going to home base
2024-04-12T22:50:19Z,2397.2,2396.4,2396.3,2657.1,2657.3,2657.5,5731.8,5731.3,5730.8,2359.0,2359.4,2359.2,3537.5,3537.2,3537.0,4463.9,4463.4,4463.7,6229.9,6228.7,6230.3,8708.0,8706.3,8707.2,5267.1,5266.4,5266.5,7488.9,7488.4,7488.2,6159.0,6160.3,6160.7,1874.1,1872.3,1872.7,3715.7,3715.6,3716.6,2604.5,2603.1,2603.5,2921.3,2921.1,2921.8,27.480000,28.010000,going to home base
2024-04-12T22:50:24Z,2397.6,2397.0,2397.4,2657.6,2657.7,2657.4,5730.9,5730.7,5730.8,2358.4,2358.1,2358.5,3536.7,3537.6,3536.5,4463.8,4464.0,4464.0,6230.7,6231.5,6231.0,8707.7,8708.8,8708.1,5263.4,5263.7,5263.6,7488.1,7486.1,7486.4,6159.9,6161.9,6161.1,1874.2,1873.1,1872.7,3715.9,3716.3,3717.4,2604.3,2603.5,2603.1,2922.8,2921.6,2922.1,27.480000,28.040001,going to home base
2024-04-12T22:50:29Z,2397.5,2396.9,2397.3,2656.4,2656.8,2656.9,5731.3,5730.6,5730.5,2358.5,2358.8,2359.0,3536.6,3536.4,3535.7,4463.9,4463.4,4463.8,6232.3,6231.5,6233.1,8709.0,8709.6,8709.8,5265.7,5264.5,5265.4,7485.4,7485.4,7485.5,6159.7,6160.0,6160.2,1873.1,1871.8,1871.9,3716.1,3716.2,3717.5,2604.2,2603.5,2603.0,2919.9,2919.9,2920.2,27.480000,28.030001,going to home base
2024-04-12T22:50:34Z,2398.1,2397.3,2397.4,2657.0,2657.7,2658.1,5730.9,5730.3,5730.1,2357.8,2358.0,2358.8,3536.6,3536.4,3536.0,4463.7,4463.3,4463.6,6231.0,6230.3,6230.9,8708.2,8706.2,8707.0,5265.6,5264.8,5266.3,7487.2,7487.0,7485.8,6160.6,6159.6,6161.4,1874.2,1872.3,1872.4,3716.0,3716.4,3717.1,2604.2,2603.2,2602.9,2920.9,2920.8,2921.5,27.510000,28.040001,going to home base
2024-04-12T22:50:39Z,2397.8,2396.9,2397.1,2657.4,2657.1,2657.7,5730.7,5730.3,5729.9,2358.4,2358.4,2358.7,3536.4,3536.3,3535.9,4462.9,4462.5,4462.9,6229.0,6229.5,6228.9,8706.7,8707.1,8707.5,5264.6,5265.1,5264.4,7486.8,7486.6,7487.5,6161.6,6162.2,6162.9,1873.8,1872.8,1872.7,3716.2,3715.5,3716.9,2603.8,2602.9,2603.2,2922.2,2922.0,2921.5,27.480000,27.990000,going to home base
2024-04-12T22:50:44Z,2397.7,2397.0,2397.6,2657.5,2657.0,2657.3,5730.2,5729.9,5730.0,2358.3,2358.6,2359.2,3536.4,3535.5,3534.9,4463.7,4462.9,4463.1,6228.5,6229.0,6227.8,8707.2,8707.0,8707.1,5264.7,5263.6,5265.2,7487.6,7486.9,7485.5,6162.1,6163.3,6164.7,1873.8,1873.0,1872.6,3716.6,3716.4,3717.0,2603.9,2602.6,2603.3,2922.5,2922.4,2922.0,27.459999,28.030001,going to home base
2024-04-12T22:50:49Z,2397.3,2397.0,2397.1,2657.2,2657.2,2657.7,5730.9,5730.0,5730.3,2358.1,2358.1,2358.5,3536.7,3536.0,3536.1,4462.7,4463.1,4463.2,6226.1,6226.7,6228.3,8708.4,8707.6,8707.7,5266.3,5264.7,5266.2,7488.7,7489.3,7487.4,6162.0,6163.0,6164.2,1873.5,1872.2,1872.0,3715.9,3716.7,3716.8,2602.9,2602.0,2601.5,2922.1,2921.3,2921.7,27.490000,28.030001,going to home base
2024-04-12T22:50:54Z,2397.3,2396.6,2396.2,2657.0,2656.7,2657.4,5729.9,5729.5,5729.4,2358.0,2357.6,2358.1,3535.7,3535.8,3536.0,4462.3,4462.6,4462.4,6228.3,6228.1,6228.0,8707.5,8704.6,8707.7,5265.1,5264.2,5265.6,7487.9,7486.2,7487.2,6162.2,6161.7,6161.0,1873.9,1872.4,1872.4,3715.9,3716.3,3717.2,2604.0,2602.7,2602.7,2921.0,2920.8,2920.5,27.480000,28.059999,going to home base
2024-04-12T22:50:59Z,2397.6,2397.0,2397.3,2656.7,2657.0,2657.4,5729.7,5729.9,5730.3,2357.4,2357.3,2358.2,3536.7,3536.3,3535.7,4462.3,4463.1,4462.9,6228.7,6228.6,6228.0,8704.5,8705.4,8706.0,5265.3,5264.2,5265.2,7489.0,7488.5,7488.3,6162.8,6162.4,6162.1,1873.6,1871.4,1872.3,3715.6,3716.2,3716.9,2603.5,2602.0,2602.1,2921.6,2920.7,2920.9,27.480000,28.030001,going to home base
2024-04-12T22:51:04Z,2397.2,2396.3,2396.0,2656.4,2655.9,2657.0,5730.7,5730.7,5729.8,2357.4,2357.3,2358.0,3537.4,3536.8,3537.2,4463.3,4462.6,4462.7,6226.9,6226.3,6227.6,8706.3,8705.7,8706.4,5263.8,5263.9,5264.6,7488.7,7487.6,7487.2,6159.4,6159.5,6159.1,1874.1,1872.3,1872.1,3715.6,3715.6,3716.6,2603.2,2602.9,2602.2,2918.7,2919.4,2919.5,27.480000,28.010000,going to home base
2024-04-12T22:51:09Z,2397.6,2396.9,2397.4,2657.5,2657.2,2657.6,5730.3,5730.2,5730.6,2357.4,2357.1,2358.1,3536.8,3536.5,3536.2,4462.9,4462.6,4462.8,6227.0,6227.0,6228.0,8704.1,8705.0,8703.9,5264.7,5263.9,5263.6,7488.9,7488.4,7489.8,6162.2,6161.3,6161.9,1874.2,1872.3,1872.4,3715.7,3715.6,3716.5,2602.9,2602.4,2602.5,2921.4,2920.6,2920.6,27.520000,28.010000,going to home base
2024-04-12T22:51:14Z,2397.6,2397.1,2397.2,2657.6,2657.6,2657.9,5731.2,5730.7,5730.7,2357.3,2357.5,2358.4,3536.8,3536.5,3536.9,4462.7,4463.1,4462.7,6227.2,6228.5,6228.7,8704.7,8703.6,8703.6,5264.5,5263.6,5264.6,7487.6,7487.0,7488.0,6161.2,6160.8,6159.9,1874.0,1872.4,1872.1,3715.4,3715.8,3716.4,2602.9,2602.1,2602.0,2921.0,2920.6,2921.2,27.490000,28.010000,going to home base
2024-04-12T22:51:19Z,2397.4,2396.9,2396.9,2658.2,2657.9,2658.0,5731.1,5730.8,5731.2,2357.1,2357.2,2357.8,3537.6,3537.3,3537.5,4462.8,4462.5,4462.5,6224.8,6224.7,6225.6,8704.9,8704.1,8703.2,5262.1,5262.1,5262.1,7489.4,7487.3,7488.5,6162.4,6160.8,6162.1,1873.4,1872.2,1871.7,3715.5,3716.0,3716.3,2602.4,2601.6,2601.6,2920.8,2920.2,2920.6,27.490000,28.059999,going to home base
2024-04-12T22:51:24Z,2397.6,2397.4,2397.7,2658.9,2658.1,2659.0,5731.1,5731.0,5730.8,2358.4,2358.1,2359.0,3536.6,3535.9,3536.4,4462.9,4462.6,4462.9,6228.1,6228.2,6227.6,8705.5,8703.9,8703.2,5264.3,5263.9,5265.7,7488.9,7487.4,7487.3,6162.3,6162.6,6163.5,1873.8,1872.6,1873.0,3716.3,3716.0,3716.8,2603.1,2602.2,2602.9,2920.7,2920.7,2921.0,27.480000,28.000000,going to home base
2024-04-12T22:51:29Z,2397.7,2397.0,2397.4,2658.0,2657.9,2658.4,5731.4,5730.8,5731.3,2358.5,2358.0,2358.6,3536.0,3536.4,3536.7,4463.0,4462.6,4462.6,6222.9,6225.7,6225.6,8704.3,8702.6,8702.8,5265.5,5264.7,5265.1,7486.8,7486.9,7487.2,6162.9,6162.3,6162.5,1874.5,1872.9,1873.3,3716.6,3716.3,3717.0,2603.0,2602.2,2602.3,2920.8,2920.5,2920.9,27.459999,28.010000,going to home base
2024-04-12T22:51:34Z,2397.4,2397.3,2397.3,2657.1,2657.2,2657.6,5731.0,5730.5,5731.0,2358.2,2358.4,2358.4,3537.0,3537.6,3537.3,4462.7,4462.8,4462.5,6224.5,6223.9,6222.3,8704.5,8705.4,8704.9,5264.1,5264.0,5265.7,7489.2,7487.2,7488.9,6163.0,6162.8,6161.8,1874.0,1872.7,1872.8,3715.6,3715.8,3716.6,2604.1,2603.3,2603.5,2920.2,2920.7,2919.9,27.480000,28.020000,going to home base
2024-04-12T22:51:39Z,2397.2,2397.1,2397.0,2657.2,2657.4,2657.5,5730.9,5730.5,5730.8,2357.7,2357.7,2358.6,3536.6,3536.4,3536.3,4462.7,4462.5,4462.6,6227.1,6225.4,6226.3,8704.2,8703.9,8704.0,5265.2,5264.9,5264.9,7485.9,7485.6,7485.4,6160.0,6159.7,6163.5,1874.7,1873.0,1873.7,3716.5,3716.4,3717.5,2603.4,2602.3,2602.1,2919.7,2919.0,2919.0,27.480000,28.080000,going to home base
2024-04-12T22:51:44Z,2397.0,2396.5,2397.0,2657.5,2657.3,2658.1,5730.6,5730.3,5730.4,2358.7,2358.2,2359.1,3537.0,3536.4,3536.8,4462.5,4462.1,4462.2,6226.4,6224.9,6225.8,8706.8,8706.0,8704.9,5265.0,5265.1,5265.7,7487.9,7487.0,7487.2,6160.5,6160.7,6162.2,1874.7,1872.9,1872.7,3715.2,3715.4,3716.1,2602.6,2601.9,2602.5,2919.7,2919.0,2919.4,27.480000,28.030001,going to home base
2024-04-12T22:51:49Z,2397.9,2397.5,2397.3,2657.6,2657.7,2658.3,5730.6,5730.2,5730.2,2358.3,2358.1,2358.8,3537.0,3536.1,3536.6,4463.0,4462.5,4462.9,6227.9,6226.8,6226.2,8705.1,8705.2,8704.1,5264.6,5264.6,5265.0,7483.7,7485.1,7484.2,6160.8,6160.6,6160.4,1874.1,1872.4,1872.3,3715.6,3715.4,3716.4,2603.5,2602.1,2602.4,2919.1,2918.7,2919.3,27.480000,28.040001,going to home base
2024-04-12T22:51:54Z,2397.5,2397.0,2397.2,2657.6,2657.1,2657.9,5730.1,5729.7,5729.2,2357.7,2357.0,2358.0,3536.7,3536.4,3536.0,4463.0,4462.9,4463.0,6230.9,6228.0,6227.9,8706.3,8705.8,8707.7,5263.5,5263.4,5263.6,7488.0,7486.3,7487.4,6161.5,6159.2,6159.2,1874.4,1872.7,1872.8,3715.4,3715.4,3716.2,2602.7,2602.1,2602.4,2921.2,2920.5,2920.2,27.490000,28.030001,going to home base
2024-04-12T22:51:59Z,2397.2,2396.4,2396.3,2657.0,2656.7,2657.7,5730.1,5730.0,5730.0,2357.4,2357.9,2358.2,3536.2,3535.2,3535.3,4462.2,4462.0,4462.6,6224.9,6223.9,6224.4,8704.5,8702.0,8702.6,5265.3,5264.2,5265.6,7484.8,7483.2,7485.3,6158.1,6158.8,6159.0,1874.4,1873.0,1872.4,3715.3,3714.8,3716.0,2603.2,2602.0,2601.9,2920.6,2920.1,2921.0,27.480000,28.059999,going to home base
2024-04-12T22:52:04Z,2397.7,2396.9,2397.1,2657.3,2657.4,2657.3,5730.5,5729.8,5729.9,2357.6,2357.4,2358.3,3536.3,3536.0,3536.4,4463.2,4462.7,4463.1,6227.1,6226.5,6226.4,8705.5,8704.7,8704.3,5262.9,5262.7,5264.1,7486.8,7483.6,7485.4,6156.8,6156.7,6158.4,1873.5,1871.9,1871.8,3715.5,3715.8,3716.4,2603.1,2602.1,2602.2,2920.8,2920.2,2919.1,27.510000,28.010000,going to home base
2024-04-12T22:52:09Z,2397.4,2396.7,2397.2,2657.3,2657.1,2657.3,5730.8,5730.4,5730.4,2358.4,2358.3,2358.4,3536.4,3536.1,3536.1,4462.6,4462.4,4461.7,6228.0,6227.2,6227.2,8704.4,8703.1,8703.2,5265.3,5264.7,5265.4,7488.0,7486.4,7486.5,6159.6,6159.3,6159.5,1874.0,1872.9,1872.6,3715.8,3716.0,3716.3,2603.3,2602.3,2602.2,2919.5,2920.2,2918.5,27.490000,28.049999,going to home base
2024-04-12T22:52:14Z,2397.5,2396.9,2397.2,2656.6,2656.8,2657.2,5731.3,5730.8,5730.5,2357.6,2357.4,2357.7,3535.7,3535.3,3535.5,4463.1,4462.1,4462.1,6228.9,6228.8,6229.4,8703.2,8703.1,8703.4,5264.9,5264.0,5264.6,7487.0,7487.1,7485.5,6158.2,6157.2,6157.7,1874.5,1872.7,1872.8,3715.4,3715.9,3717.0,2602.5,2601.9,2601.8,2919.9,2920.0,2920.8,27.459999,28.070000,going to home base
2024-04-12T22:52:19Z,2397.2,2396.8,2397.3,2656.7,2657.1,2657.2,5730.9,5730.1,5730.9,2358.5,2358.2,2358.6,3536.1,3535.9,3536.0,4462.8,4462.6,4462.4,6224.7,6224.2,6225.6,8700.7,8701.6,8703.5,5264.2,5264.5,5264.4,7487.5,7486.8,7486.3,6158.2,6159.0,6160.0,1874.0,1872.0,1871.8,3716.2,3716.3,3717.7,2601.8,2600.7,2600.6,2920.4,2920.2,2919.8,27.480000,28.030001,going to home base
2024-04-12T22:52:24Z,2397.9,2397.2,2396.9,2657.1,2657.1,2657.5,5730.9,5730.6,5730.6,2357.6,2357.9,2358.4,3535.8,3534.9,3535.2,4462.3,4462.2,4462.6,6227.7,6225.9,6226.1,8703.0,8703.6,8704.0,5266.1,5265.2,5265.9,7489.0,7486.9,7485.8,6159.3,6162.3,6163.2,1873.6,1872.2,1872.5,3716.4,3716.1,3716.6,2603.0,2602.4,2602.5,2919.0,2919.3,2919.3,27.490000,28.070000,going to home base
2024-04-12T22:52:29Z,2397.6,2397.3,2397.1,2656.4,2656.4,2657.2,5730.5,5730.4,5730.6,2357.6,2357.5,2358.5,3535.7,3535.9,3535.1,4463.1,4462.9,4462.7,6227.0,6227.4,6226.8,8701.6,8702.0,8701.0,5263.4,5263.6,5264.7,7489.0,7487.7,7486.9,6159.1,6158.6,6160.7,1873.9,1871.9,1872.1,3715.9,3715.8,3717.0,2602.7,2602.2,2602.3,2919.5,2918.6,2919.0,27.480000,28.040001,going to home base
2024-04-12T22:52:34Z,2397.6,2396.8,2397.6,2656.7,2656.5,2657.0,5731.3,5730.5,5731.3,2357.8,2358.2,2357.9,3535.8,3535.9,3535.9,4462.6,4462.1,4462.1,6228.2,6227.2,6227.0,8704.4,8704.7,8704.6,5264.8,5264.5,5265.5,7485.7,7485.0,7487.8,6160.8,6159.9,6159.9,1873.7,1872.4,1872.0,3715.8,3715.8,3716.6,2602.2,2601.7,2602.0,2917.3,2917.2,2917.9,27.480000,28.059999,going to home base
2024-04-12T22:52:39Z,2398.1,2396.8,2397.3,2656.4,2656.6,2657.4,5730.8,5730.3,5729.8,2358.1,2357.9,2358.1,3537.2,3537.1,3537.1,4462.5,4462.3,4463.1,6225.2,6226.6,6226.0,8700.7,8701.9,8701.3,5264.3,5264.8,5265.0,7484.5,7483.9,7484.5,6162.7,6162.7,6163.1,1873.4,1872.2,1872.4,3716.7,3716.4,3717.4,2602.9,2602.7,2602.2,2919.7,2919.2,2918.7,27.490000,28.040001,going to home base
2024-04-12T22:52:44Z,2397.7,2397.2,2397.3,2657.4,2657.1,2658.0,5730.9,5730.0,5730.6,2358.5,2358.5,2358.8,3536.8,3536.8,3536.3,4462.5,4462.4,4462.5,6226.7,6226.4,6224.0,8703.6,8703.7,8702.9,5264.7,5262.7,5264.9,7486.2,7484.7,7484.5,6162.5,6162.2,6162.8,1873.7,1872.1,1871.6,3716.3,3716.4,3717.0,2602.6,2602.8,2602.4,2917.1,2916.1,2916.5,27.510000,28.010000,going to home base
2024-04-12T22:52:49Z,2397.1,2396.1,2396.7,2657.2,2657.4,2657.6,5731.2,5730.5,5731.1,2358.2,2358.4,2358.6,3537.6,3537.2,3537.6,4462.7,4463.0,4462.5,6224.9,6225.3,6224.3,8705.1,8703.2,8704.2,5263.3,5262.9,5264.2,7484.7,7485.2,7483.9,6162.6,6163.7,6163.7,1873.4,1871.6,1872.1,3716.1,3716.2,3717.2,2603.2,2602.6,2602.7,2917.4,2918.5,2918.8,27.490000,28.080000,going to home base
2024-04-12T22:52:54Z,2397.6,2396.7,2396.9,2657.8,2657.9,2657.8,5731.8,5731.1,5731.0,2358.1,2358.4,2358.3,3536.2,3536.7,3536.6,4462.3,4462.7,4462.7,6223.2,6222.5,6222.7,8702.7,8703.6,8702.5,5262.0,5261.9,5263.7,7486.7,7485.6,7485.3,6162.5,6162.7,6162.4,1874.0,1872.4,1872.3,3716.3,3716.6,3717.0,2602.3,2601.4,2600.9,2919.6,2919.4,2919.0,27.480000,28.059999,going to home base
2024-04-12T22:52:59Z,2396.7,2396.3,2396.6,2658.0,2657.2,2657.9,5731.4,5731.5,5730.9,2357.9,2358.3,2358.0,3536.2,3536.4,3536.0,4462.4,4462.5,4462.5,6224.7,6224.1,6224.2,8704.6,8703.8,8703.7,5263.2,5262.3,5263.5,7487.4,7486.5,7486.2,6162.7,6162.7,6162.6,1873.4,1872.1,1872.1,3716.5,3716.9,3717.4,2602.2,2601.4,2602.0,2920.7,2920.5,2921.1,27.510000,28.059999,going to home base
2024-04-12T22:53:04Z,2396.6,2396.2,2396.2,2657.5,2657.9,2658.0,5731.3,5731.0,5731.1,2358.6,2358.5,2359.1,3536.2,3536.6,3536.0,4462.4,4462.3,4462.5,6222.6,6222.2,6222.3,8705.9,8704.9,8704.7,5263.5,5263.4,5264.5,7488.7,7488.6,7488.7,6162.8,6162.4,6161.4,1874.6,1873.2,1872.8,3716.4,3716.2,3716.6,2602.4,2601.4,2601.4,2921.0,2920.0,2919.9,27.490000,28.070000,going to home base
2024-04-12T22:53:09Z,2397.0,2395.9,2396.5,2657.4,2656.8,2657.2,5730.6,5730.3,5730.2,2357.3,2357.0,2357.6,3535.7,3535.7,3535.6,4462.6,4462.4,4462.4,6225.2,6223.3,6225.0,8703.4,8703.5,8702.9,5264.2,5263.9,5265.3,7489.9,7489.0,7488.5,6163.4,6162.8,6163.2,1874.6,1873.4,1873.2,3716.1,3716.2,3716.9,2601.7,2601.1,2601.5,2920.0,2919.9,2919.8,27.480000,28.049999,going to home base
2024-04-12T22:53:14Z,2397.1,2397.2,2396.9,2657.3,2657.5,2657.6,5731.5,5731.0,5731.1,2358.5,2358.4,2358.4,3536.2,3535.9,3535.7,4462.7,4462.6,4462.0,6227.9,6228.8,6226.7,8704.6,8704.0,8705.0,5263.6,5264.7,5265.0,7487.3,7487.7,7487.8,6164.8,6161.2,6161.8,1874.0,1872.3,1872.4,3716.3,3716.5,3717.3,2602.7,2602.1,2602.0,2921.5,2921.4,2920.8,27.490000,28.000000,going to home base
2024-04-12T22:53:19Z,2397.7,2397.1,2397.5,2657.4,2657.0,2657.4,5732.2,5731.3,5731.1,2358.3,2357.9,2358.9,3535.9,3535.7,3535.3,4462.9,4462.6,4462.9,6225.3,6225.2,6225.1,8703.1,8702.3,8703.6,5266.1,5265.2,5266.3,7487.7,7488.3,7490.0,6161.5,6161.2,6162.1,1873.5,1872.0,1872.1,3715.6,3715.6,3716.7,2602.6,2601.4,2601.6,2920.0,2920.1,2919.7,27.490000,28.030001,going to home base
2024-04-12T22:53:24Z,2398.4,2397.8,2397.9,2657.7,2657.6,2658.0,5731.1,5730.5,5731.0,2358.0,2357.6,2358.3,3535.0,3535.3,3534.8,4462.9,4462.7,4462.8,6224.9,6226.9,6225.8,8702.7,8701.1,8702.7,5265.8,5265.1,5265.3,7488.7,7486.8,7486.8,6162.0,6161.9,6163.1,1873.5,1872.3,1872.0,3716.4,3716.4,3717.1,2602.4,2601.1,2601.2,2921.8,2921.4,2921.8,27.490000,28.070000,going to home base
2024-04-12T22:53:29Z,2397.2,2396.5,2396.7,2657.9,2657.3,2658.0,5731.2,5730.2,5730.5,2357.7,2357.3,2357.9,3535.8,3535.9,3535.9,4462.8,4462.6,4463.0,6226.3,6225.1,6227.1,8702.0,8702.1,8701.7,5266.1,5265.3,5266.1,7487.3,7488.3,7488.0,6162.3,6162.2,6163.7,1873.0,1871.5,1871.7,3716.5,3716.6,3717.6,2602.6,2602.1,2602.0,2922.0,2921.2,2921.6,27.520000,28.059999,going to home base
2024-04-12T22:53:34Z,2397.8,2397.2,2397.1,2657.3,2656.8,2658.0,5731.3,5730.7,5730.7,2357.5,2358.2,2358.8,3536.2,3535.1,3535.9,4462.0,4462.4,4462.2,6222.6,6222.3,6221.5,8703.1,8701.5,8703.2,5265.0,5265.3,5265.9,7489.2,7487.5,7486.1,6161.8,6160.5,6159.3,1874.1,1872.8,1872.3,3716.4,3717.1,3718.2,2602.2,2601.7,2602.0,2922.3,2922.0,2921.5,27.490000,28.059999,going to home base
2024-04-12T22:53:39Z,2397.2,2396.5,2396.6,2657.4,2658.1,2658.2,5731.2,5730.6,5730.4,2358.8,2358.3,2359.3,3536.6,3536.3,3535.9,4463.2,4462.9,4462.8,6225.5,6224.5,6225.5,8702.3,8701.9,8703.2,5264.1,5264.5,5264.8,7490.7,7489.0,7489.6,6158.9,6158.0,6158.1,1873.7,1872.2,1872.3,3716.8,3717.2,3718.0,2602.7,2602.4,2602.4,2922.3,2921.3,2921.1,27.480000,28.080000,going to home base
2024-04-12T22:53:44Z,2398.2,2396.9,2396.9,2657.4,2657.0,2658.0,5730.9,5730.7,5731.0,2358.7,2358.3,2358.8,3536.5,3536.4,3536.0,4463.1,4462.6,4462.2,6224.2,6222.8,6225.1,8705.8,8704.6,8706.3,5265.9,5264.9,5265.0,7490.6,7491.8,7489.8,6163.7,6163.0,6165.2,1874.0,1872.6,1872.2,3716.6,3717.0,3717.3,2603.7,2603.0,2602.9,2920.4,2919.9,2920.0,27.490000,28.000000,going to home base
2024-04-12T22:53:49Z,2397.4,2396.6,2396.9,2657.4,2657.1,2657.4,5731.3,5730.8,5730.9,2358.1,2358.4,2358.5,3536.6,3536.4,3535.7,4462.6,4463.1,4462.7,6222.1,6223.0,6224.0,8702.2,8700.6,8701.9,5265.3,5264.3,5265.6,7488.7,7488.2,7487.1,6160.0,6158.5,6159.1,1873.7,1872.2,1872.5,3716.7,3716.8,3717.6,2603.4,2602.8,2603.0,2922.4,2921.6,2922.0,27.459999,28.049999,going to home base
2024-04-12T22:53:54Z,2397.5,2396.9,2397.2,2657.4,2657.6,2657.4,5731.6,5731.1,5731.7,2358.7,2358.8,2358.5,3536.8,3536.7,3536.7,4462.9,4462.2,4462.9,6222.1,6222.8,6221.5,8702.9,8701.8,8703.9,5264.2,5263.8,5264.7,7486.2,7486.6,7487.0,6159.8,6159.3,6160.2,1873.9,1872.7,1872.6,3717.3,3717.4,3718.1,2603.4,2602.7,2602.5,2922.2,2920.7,2921.7,27.480000,28.040001,going to home base
2024-04-12T22:53:59Z,2397.3,2396.6,2396.9,2657.0,2657.0,2657.6,5731.6,5730.8,5731.3,2358.7,2358.3,2358.7,3537.0,3536.0,3535.7,4462.5,4462.5,4462.7,6223.4,6224.0,6224.5,8704.9,8703.3,8702.7,5264.4,5263.7,5266.3,7488.4,7489.3,7488.4,6158.3,6158.2,6159.0,1873.6,1872.2,1871.9,3717.6,3717.0,3718.2,2603.0,2602.8,2602.5,2920.2,2919.6,2920.5,27.490000,28.059999,going to home base
2024-04-12T22:54:04Z,2397.4,2396.8,2396.6,2657.0,2657.3,2657.1,5731.3,5730.9,5730.5,2358.0,2358.3,2358.6,3535.9,3535.7,3535.7,4462.2,4462.2,4462.4,6220.3,6220.5,6220.9,8705.9,8705.1,8704.2,5264.9,5264.8,5266.2,7490.8,7489.6,7489.7,6160.3,6161.4,6161.4,1873.1,1871.8,1872.1,3716.3,3715.9,3717.3,2603.5,2603.0,2603.0,2919.5,2919.6,2920.3,27.459999,28.040001,going to home base
2024-04-12T22:54:09Z,2397.4,2396.8,2397.0,2657.5,2657.8,2657.0,5730.5,5730.6,5730.5,2357.0,2357.8,2358.3,3535.9,3535.6,3536.1,4462.6,4462.7,4462.7,6220.9,6220.5,6221.6,8704.2,8704.2,8704.5,5265.4,5264.4,5265.4,7488.9,7488.2,7488.4,6162.2,6162.1,6163.9,1873.8,1872.9,1872.5,3717.2,3716.4,3717.0,2602.8,2602.6,2602.6,2920.4,2920.2,2920.3,27.480000,28.070000,going to home base
2024-04-12T22:54:14Z,2397.4,2396.5,2396.9,2657.9,2657.6,2657.4,5730.8,5730.1,5730.3,2357.8,2358.0,2358.6,3535.9,3535.6,3535.5,4462.8,4462.8,4463.2,6221.7,6221.3,6221.2,8705.7,8705.6,8705.0,5265.1,5265.0,5265.8,7489.4,7487.3,7488.2,6161.9,6161.5,6160.4,1873.5,1872.3,1872.1,3716.1,3716.4,3717.5,2602.5,2602.1,2602.1,2919.4,2919.0,2919.2,27.510000,28.080000,going to home base
2024-04-12T22:54:19Z,2396.8,2396.2,2396.5,2656.7,2656.6,2656.9,5730.9,5730.0,5730.7,2357.5,2357.8,2358.4,3535.3,3535.6,3535.3,4463.1,4462.8,4462.8,6222.1,6221.3,6223.4,8703.9,8704.7,8703.6,5265.9,5265.1,5266.5,7490.0,7488.8,7488.8,6159.7,6160.6,6160.8,1872.8,1871.3,1871.4,3716.8,3716.7,3717.2,2602.9,2602.1,2602.7,2919.2,2918.3,2919.4,27.480000,28.040001,going to home base
2024-04-12T22:54:24Z,2396.6,2395.7,2396.6,2657.7,2657.5,2657.5,5730.6,5730.2,5730.3,2358.6,2358.4,2359.1,3536.1,3535.1,3534.8,4462.6,4462.7,4462.4,6222.5,6220.8,6222.5,8702.2,8702.1,8702.7,5265.7,5264.6,5265.3,7487.5,7487.7,7488.1,6159.0,6159.1,6161.3,1874.3,1873.2,1872.8,3716.0,3716.3,3716.8,2603.1,2602.4,2602.5,2921.7,2920.8,2921.5,27.510000,28.010000,going to home base
2024-04-12T22:54:29Z,2396.4,2395.8,2395.8,2657.1,2656.9,2657.8,5730.1,5730.0,5730.1,2358.4,2358.5,2359.7,3536.2,3536.0,3535.8,4463.3,4463.0,4462.8,6221.0,6219.7,6221.2,8703.7,8702.1,8701.9,5264.9,5265.5,5266.1,7489.2,7488.8,7490.0,6157.5,6158.2,6158.2,1873.1,1871.8,1871.6,3716.0,3716.2,3717.6,2602.9,2602.1,2601.8,2920.2,2919.1,2920.1,27.510000,28.070000,going to home base
2024-04-12T22:54:34Z,2396.9,2396.6,2396.8,2657.3,2657.3,2657.6,5730.5,5730.4,5730.2,2358.5,2358.3,2358.9,3536.1,3535.4,3535.3,4463.0,4462.7,4462.9,6223.8,6222.1,6222.8,8702.9,8702.4,8702.9,5266.3,5266.4,5266.1,7489.7,7489.0,7488.3,6159.5,6157.7,6159.0,1873.1,1872.0,1871.9,3716.6,3716.4,3717.1,2602.8,2602.5,2602.0,2920.5,2919.7,2919.8,27.510000,28.059999,going to home base
2024-04-12T22:54:39Z,2397.0,2396.3,2396.6,2656.9,2657.2,2657.5,5731.5,5731.4,5731.1,2358.7,2358.7,2358.7,3536.7,3536.0,3536.3,4462.7,4462.9,4462.7,6222.5,6221.5,6220.9,8703.7,8702.6,8702.0,5264.5,5265.1,5265.7,7488.8,7487.9,7488.6,6158.7,6157.6,6159.1,1873.2,1872.2,1872.2,3715.8,3716.7,3717.6,2602.6,2602.2,2602.0,2919.4,2919.4,2919.9,27.510000,28.080000,going to home base
2024-04-12T22:54:44Z,2396.4,2396.1,2396.4,2656.8,2656.5,2656.9,5730.8,5730.3,5730.6,2358.4,2358.8,2359.0,3536.3,3535.7,3536.1,4462.6,4462.0,4462.4,6222.3,6222.1,6222.1,8704.7,8704.5,8704.4,5264.9,5264.8,5265.0,7488.4,7487.4,7488.1,6161.8,6162.1,6162.5,1873.6,1871.9,1872.2,3716.3,3716.3,3717.1,2602.7,2601.7,2601.6,2922.5,2922.4,2922.3,27.490000,28.049999,going to home base
2024-04-12T22:54:49Z,2396.5,2396.0,2396.8,2656.4,2656.1,2656.5,5730.9,5730.7,5730.5,2358.7,2358.8,2359.0,3536.7,3536.5,3536.3,4463.1,4463.8,4463.1,6225.9,6225.0,6225.8,8704.5,8702.8,8704.2,5263.4,5263.4,5265.4,7487.7,7487.8,7489.3,6160.2,6158.8,6161.1,1874.0,1872.2,1871.8,3715.9,3716.2,3716.5,2602.5,2601.3,2601.0,2921.0,2920.1,2920.7,27.490000,28.010000,going to home base
2024-04-12T22:54:54Z,2397.0,2396.1,2396.1,2655.7,2655.9,2656.4,5731.2,5730.3,5730.8,2358.5,2358.6,2359.1,3536.9,3536.0,3536.1,4463.2,4463.0,4462.6,6225.0,6226.1,6226.9,8705.3,8705.5,8706.9,5266.0,5265.4,5265.1,7488.0,7488.3,7487.1,6158.4,6158.2,6158.1,1873.9,1872.8,1872.4,3716.4,3716.4,3717.1,2603.0,2602.2,2602.0,2920.3,2920.6,2920.8,27.480000,28.059999,going to home base
2024-04-12T22:54:59Z,2396.7,2396.1,2397.0,2656.3,2656.4,2656.8,5731.0,5730.3,5730.9,2358.2,2358.6,2358.9,3536.9,3535.8,3536.1,4462.2,4462.2,4462.4,6226.5,6225.3,6225.3,8705.3,8705.1,8705.4,5266.3,5265.4,5265.9,7488.9,7489.5,7488.8,6159.2,6159.8,6159.4,1873.8,1872.6,1872.3,3717.0,3717.2,3718.2,2603.3,2602.1,2602.1,2919.6,2918.7,2920.3,27.510000,28.040001,going to home base
2024-04-12T22:55:04Z,2397.2,2396.7,2396.7,2656.0,2655.8,2656.0,5731.2,5730.2,5730.1,2358.3,2358.6,2358.4,3536.8,3536.0,3535.3,4462.1,4462.5,4462.4,6222.6,6222.1,6220.9,8702.1,8703.7,8703.2,5266.3,5266.7,5266.8,7488.5,7487.5,7488.5,6159.6,6160.2,6162.1,1873.4,1872.2,1873.5,3717.0,3717.1,3717.7,2602.7,2602.2,2602.2,2921.5,2920.8,2920.4,27.490000,28.059999,going to home base
2024-04-12T22:55:09Z,2397.5,2396.4,2397.0,2656.3,2656.4,2656.7,5730.8,5730.4,5730.4,2358.6,2358.4,2358.9,3536.6,3536.5,3536.3,4462.6,4462.6,4462.6,6222.9,6221.4,6221.7,8704.1,8702.9,8703.9,5265.5,5266.5,5266.3,7488.7,7488.5,7489.1,6160.9,6160.0,6160.6,1874.1,1872.7,1871.9,3716.8,3716.8,3718.0,2602.5,2601.9,2601.5,2921.4,2921.5,2921.3,27.510000,28.040001,going to home base
2024-04-12T22:55:14Z,2397.2,2396.4,2396.7,2656.2,2656.2,2656.5,5731.0,5730.9,5731.4,2358.3,2358.3,2358.7,3535.8,3535.4,3535.8,4461.8,4461.8,4461.9,6222.9,6223.7,6226.0,8703.0,8703.3,8703.1,5265.5,5265.4,5266.1,7488.8,7488.1,7488.1,6160.1,6160.0,6160.0,1874.0,1872.6,1872.7,3717.0,3717.6,3718.2,2602.5,2601.7,2601.9,2920.5,2919.6,2919.9,27.510000,28.000000,going to home base
2024-04-12T22:55:19Z,2396.8,2395.9,2396.3,2656.9,2656.8,2657.2,5731.0,5730.9,5731.1,2357.8,2357.6,2358.3,3536.8,3535.9,3536.5,4462.3,4462.3,4462.2,6225.6,6225.4,6226.3,8703.8,8703.4,8703.2,5266.2,5266.1,5268.2,7488.6,7487.6,7488.9,6159.3,6159.7,6159.0,1873.4,1871.9,1872.1,3717.7,3717.5,3718.6,2603.3,2602.8,2602.9,2919.6,2919.9,2919.9,27.490000,28.030001,going to home base
2024-04-12T22:55:24Z,2396.8,2396.2,2396.4,2656.1,2656.4,2656.6,5731.1,5731.0,5731.5,2357.3,2357.7,2357.6,3535.2,3534.8,3534.4,4462.5,4462.6,4462.5,6225.3,6224.2,6224.2,8704.8,8704.7,8705.1,5265.2,5265.1,5266.1,7489.5,7486.8,7487.2,6161.2,6158.5,6161.3,1873.7,1872.2,1872.3,3717.1,3717.4,3718.3,2603.2,2602.5,2602.3,2919.8,2919.8,2920.5,27.510000,28.040001,going to home base
2024-04-12T22:55:29Z,2397.0,2396.6,2397.0,2655.6,2655.7,2655.4,5730.8,5730.6,5730.4,2358.0,2358.1,2358.5,3535.0,3534.6,3535.1,4462.3,4462.2,4462.4,6222.9,6221.9,6221.9,8703.6,8701.9,8703.6,5265.4,5263.8,5266.5,7489.6,7489.0,7489.9,6158.3,6157.0,6159.6,1873.4,1871.8,1872.1,3716.4,3716.6,3717.0,2603.7,2602.4,2602.5,2919.8,2919.4,2920.0,27.480000,28.059999,going to home base
2024-04-12T22:55:34Z,2396.7,2396.0,2396.0,2655.9,2655.7,2656.2,5731.0,5730.6,5730.4,2358.3,2358.0,2358.6,3535.5,3535.1,3534.8,4462.2,4462.2,4462.2,6223.3,6222.8,6225.3,8705.3,8704.9,8706.2,5264.7,5265.0,5265.4,7489.1,7487.3,7489.6,6160.0,6158.5,6158.9,1873.3,1872.6,1872.1,3716.6,3716.6,3717.4,2602.2,2602.0,2602.0,2920.6,2919.8,2920.7,27.480000,28.040001,going to home base
2024-04-12T22:55:39Z,2396.9,2396.1,2396.1,2656.9,2656.9,2656.5,5731.4,5730.3,5730.7,2357.7,2357.4,2357.7,3534.2,3533.9,3534.3,4462.4,4462.3,4462.5,6223.1,6222.0,6222.2,8704.5,8706.7,8705.2,5265.0,5265.1,5264.9,7490.4,7488.3,7488.4,6160.2,6158.9,6159.8,1873.7,1872.3,1872.4,3717.0,3716.8,3717.7,2602.2,2601.1,2601.6,2918.9,2918.2,2918.5,27.490000,28.040001,going to home base
2024-04-12T22:55:44Z,2397.0,2396.2,2396.7,2656.9,2656.4,2657.1,5731.4,5730.8,5730.6,2357.4,2357.2,2357.8,3535.6,3534.9,3535.7,4462.5,4462.6,4462.4,6225.7,6224.5,6224.0,8704.9,8705.7,8704.8,5266.3,5265.6,5266.9,7490.4,7488.3,7489.1,6159.0,6157.9,6157.9,1873.7,1872.0,1872.0,3716.3,3716.4,3717.4,2602.8,2602.7,2602.5,2920.2,2920.8,2920.6,27.459999,28.040001,going to home base
2024-04-12T22:55:54Z,2397.4,2396.3,2396.7,2656.8,2656.6,2657.2,5730.3,5730.2,5730.4,2357.5,2357.4,2358.0,3535.3,3534.6,3534.9,4462.3,4462.2,4462.0,6224.9,6223.3,6225.0,8704.9,8705.9,8705.7,5265.7,5265.4,5264.7,7488.0,7487.0,7487.4,6158.8,6158.7,6158.9,1873.2,1871.7,1871.5,3716.1,3716.3,3717.0,2602.7,2601.4,2601.7,2919.8,2919.2,29start,2396.6,2395.6,going to home base
2024-04-12T22:56:04Z,2396.7,2395.8,2395.7,2656.2,2656.5,2656.6,5730.5,5730.2,5730.0,2356.9,2356.9,2357.4,3535.0,3535.3,3535.4,4462.7,4461.6,4462.1,6222.1,6223.7,6222.7,8705.8,8703.4,8704.3,5264.3,5264.4,5265.6,7491.0,7489.3,7490.3,6160.9,6160.4,6160.8,1873.1,1871.7,1871.8,3716.9,3716.7,3717.2,2603.3,2602.8,2602.7,2919.4,2918.4,2918.9,27.510000,28.040001,going to home base
2024-04-12T22:56:09Z,2396.8,2396.1,2396.4,2655.5,2654.9,2655.5,5730.7,5730.3,5730.3,2357.3,2357.3,2357.6,3534.9,3535.2,3534.5,4461.8,4462.2,4461.8,6225.2,6223.3,6224.8,8705.9,8705.9,8705.7,5265.1,5265.4,5265.6,7488.4,7487.3,7487.6,6156.6,6156.1,6156.2,1873.0,1871.5,1871.6,3715.5,3715.6,3716.5,2603.0,2601.7,2602.4,2919.3,2919.0,2919.4,27.490000,28.040001,going to home base
2024-04-12T22:56:14Z,2396.9,2396.4,2396.7,2656.2,2656.0,2656.6,5730.2,5729.5,5729.7,2357.1,2357.3,2357.9,3536.7,3536.3,3535.8,4461.9,4461.6,4461.6,6224.0,6225.3,6222.9,8705.2,8704.7,8704.5,5264.3,5263.4,5264.8,7487.4,7487.0,7488.5,6158.7,6158.8,6156.7,1872.9,1871.4,1871.4,3714.7,3715.7,3715.8,2602.9,2602.0,2602.0,2920.3,2919.7,2919.4,27.520000,28.059999,going to home base
2024-04-12T22:56:19Z,2396.3,2395.9,2396.4,2656.1,2655.8,2656.2,5730.4,5730.0,5729.8,2357.7,2357.9,2358.6,3535.0,3535.1,3535.0,4461.6,4461.5,4461.9,6222.1,6221.5,6222.9,8705.8,8705.9,8705.4,5265.7,5264.1,5265.2,7488.8,7488.2,7487.6,6158.4,6156.4,6156.8,1873.1,1871.9,1871.6,3715.4,3715.8,3716.9,2602.8,2601.5,2601.3,2918.9,2918.0,2918.2,27.510000,28.040001,going to home base
2024-04-12T22:56:29Z,2396.3,2395.9,2396.2,2656.3,2655.8,2656.2,5730.1,5730.2,5730.0,2358.3,2358.1,2358.4,3536.3,3535.6,3535.9,4461.9,4461.8,4461.9,6221.2,6219.9,6222.5,8707.3,8705.6,8708.2,5265.0,5263.7,5265.4,7486.6,7485.5,7484.4,6160.2,6159.2,6158.3,1872.8,1871.5,1871.3,3715.3,3715.4,3716.8,2602.2,2601.0,2601.6,2920.5,2919.7,29start,2397.2,2396.3,going to home base
2024-04-12T22:56:39Z,2397.3,2396.8,2397.0,2656.4,2655.6,2656.8,5730.1,5729.7,5729.7,2358.1,2358.3,2358.3,3535.2,3535.0,3535.2,4462.0,4462.3,4462.2,6221.4,6221.4,6222.1,8707.4,8707.9,8706.3,5264.9,5263.8,5265.0,7488.4,7487.6,7487.2,6157.5,6157.5,6159.2,1874.2,1872.2,1872.3,3715.4,3715.3,3716.2,2602.4,2601.9,2601.0,2919.5,2918.7,2919.1,27.510000,28.070000,going to home base
2024-04-12T22:56:44Z,2397.2,2396.2,2396.4,2656.4,2656.1,2656.7,5729.4,5729.4,5729.3,2358.3,2358.0,2358.2,3535.4,3535.4,3535.2,4461.5,4461.1,4461.4,6223.2,6222.2,6223.4,8707.0,8705.1,8703.8,5263.7,5263.9,5264.0,7488.1,7486.2,7486.6,6158.4,6158.1,6157.6,1873.0,1871.5,1872.0,3714.4,3714.2,3714.8,2600.9,2601.0,2600.6,2918.9,2918.5,2918.8,27.520000,28.030001,going to home base
2024-04-12T22:56:49Z,2397.2,2396.5,2396.6,2656.3,2656.1,2656.6,5730.3,5729.6,5729.8,2357.2,2357.7,2358.2,3536.2,3535.2,3535.4,4461.6,4461.3,4462.0,6224.9,6224.6,6224.1,8703.3,8703.3,8704.3,5264.1,5264.7,5265.2,7488.3,7485.9,7487.4,6154.0,6156.4,6154.1,1873.1,1871.7,1871.7,3715.6,3715.6,3716.7,2602.3,2601.7,2601.7,2920.5,2919.2,2919.8,27.510000,28.010000,going to home base
2024-04-12T22:56:54Z,2397.0,2396.2,2396.4,2655.9,2655.5,2656.2,5729.8,5729.2,5729.6,2357.3,2357.1,2357.7,3535.3,3534.7,3534.8,4461.3,4461.2,4461.0,6223.8,6225.3,6224.7,8705.9,8704.6,8704.7,5264.2,5264.2,5265.3,7485.7,7485.3,7484.5,6153.6,6153.6,6155.2,1874.2,1872.8,1872.0,3715.0,3715.3,3716.3,2602.4,2601.8,2601.8,2919.4,2919.1,2918.5,27.510000,27.990000,going to home base
2024-04-12T22:57:04Z,2397.4,2396.7,2396.8,2656.0,2656.5,2656.2,5729.8,5729.6,5729.6,2357.9,2357.6,2358.2,3535.5,3535.2,3535.8,4461.3,4461.4,4461.7,6221.0,6221.4,6222.7,8704.6,8704.9,8704.0,5265.2,5265.3,5265.5,7487.8,7486.1,7486.7,6154.5,6155.0,6154.3,1874.2,1872.9,1start,27117.2,27120.7,2397.2,2396.8,2397.1,2656.1,2655.9,2656.1,5730.6,2357.3,2357.0,going to home base
2024-04-12T22:57:14Z,2397.3,2396.3,2396.5,2655.9,2656.0,2655.9,5730.2,5729.3,5729.7,2358.0,2358.2,2358.4,3535.5,3536.0,3535.9,4462.0,4461.5,4461.8,6219.9,6220.4,6221.6,8702.8,8704.8,8704.3,5265.1,5264.2,5265.1,7483.8,7484.4,7484.6,6157.8,6158.6,6158.9,1873.5,1872.0,1872.1,3715.0,3715.0,3716.2,2602.1,2600.6,2601.3,2918.8,2918.4,2918.5,27.490000,28.070000,going to home base
2024-04-12T22:57:19Z,2396.8,2396.3,2396.3,2655.9,2656.3,2656.3,5729.6,5728.8,5729.1,2357.3,2357.4,2358.3,3535.9,3535.7,3535.5,4461.3,4461.4,4461.4,6220.3,6219.3,6219.5,8704.1,8703.6,8704.5,5266.3,5265.2,5264.6,7486.1,7486.5,7484.7,6155.6,6153.8,6155.7,1873.6,1872.0,1871.9,3715.3,3714.9,3716.0,2602.3,2601.7,2601.4,2919.9,2919.6,2919.8,27.490000,28.030001,going to home base
2024-04-12T22:57:24Z,2396.6,2396.0,2396.6,2656.5,2656.4,2656.2,5729.4,5729.3,5729.3,2357.8,2357.6,2357.7,3535.7,3535.6,3536.3,4461.5,4461.2,4461.4,6219.3,6218.7,6218.9,8703.6,8701.7,8703.0,5265.4,5264.8,5265.2,7486.9,7486.3,7484.4,6154.9,6155.6,6155.8,1873.9,1872.3,1872.2,3714.9,3715.1,3716.3,2602.5,2601.9,2602.0,2920.3,2919.6,2920.0,27.480000,28.030001,going to home base
2024-04-12T22:57:29Z,2396.8,2395.2,2395.7,2655.5,2655.8,2656.4,5729.4,5728.9,5729.0,2357.9,2357.3,2357.7,3534.7,3534.5,3534.6,4461.6,4461.6,4461.7,6220.2,6219.8,6221.1,8703.8,8702.7,8704.5,5265.6,5265.4,5264.6,7487.6,7487.6,7486.0,6156.0,6155.7,6155.5,1873.4,1872.1,1872.2,3715.1,3715.1,3715.8,2602.1,2601.0,2601.5,2921.2,2920.5,2921.1,27.510000,28.040001,going to home base
2024-04-12T22:57:39Z,2396.4,2395.6,2395.9,2655.8,2655.7,2655.9,5729.4,5729.2,5728.4,2357.4,2357.8,2358.2,3536.0,3535.5,3535.4,4461.5,4461.0,4461.4,6222.8,6221.8,6221.8,8703.3,8702.3,8702.6,5264.0,5264.2,5264.9,7485.3,7485.2,7484.3,61start,27127.9,27124.0,2656.0,2656.5,5729.6,5729.5,5729.4,2357.9,2358.0,2358.3,3785.7,3785.4,88618.8,88623.8,14404.2,3535.2,going to home base
2024-04-12T22:57:49Z,2396.2,2395.5,2395.6,2655.9,2656.0,2656.3,5729.3,5729.3,5729.3,2356.7,2356.8,2357.3,3534.6,3534.1,3534.2,4461.9,4461.3,4461.7,6222.1,6222.0,6221.8,8701.2,8703.4,8702.2,5264.1,5264.3,5264.2,7484.0,7485.3,7483.1,6157.3,6157.3,6158.8,1873.7,1872.2,1872.1,3715.1,3714.6,3715.8,2601.9,2601.6,2601.2,2920.0,2919.3,2919.2,27.490000,28.030001,going to home base
2024-04-12T22:57:54Z,2396.6,2396.2,2396.1,2655.2,2655.4,2655.8,5730.0,5729.3,5729.7,2357.7,2357.3,2357.6,3534.7,3535.2,3535.6,4461.7,4461.7,4461.9,6220.0,6220.9,6218.7,8706.2,8706.7,8705.6,5264.1,5264.0,5264.4,7486.0,7485.1,7485.5,6159.2,6158.4,6158.3,1873.1,1871.8,1871.7,3714.5,3715.3,3715.6,2601.6,2601.3,2601.6,2920.3,2919.1,2920.1,27.510000,28.030001,going to home base
2024-04-12T22:57:59Z,2396.3,2396.1,2396.1,2655.7,2655.8,2656.1,5729.5,5729.4,5729.5,2357.5,2357.8,2358.2,3535.6,3535.1,3534.9,4461.9,4462.0,4461.6,6218.3,6219.2,6217.5,8705.0,8703.6,8704.8,5265.3,5265.4,5265.7,7484.3,7483.0,7483.5,6158.1,6157.9,6158.6,1873.6,1871.9,1871.9,3715.5,3715.3,3716.3,2601.2,2600.7,2600.3,2920.3,2919.4,2920.4,27.510000,28.010000,going to home base
2024-04-12T22:58:04Z,2396.7,2395.9,2395.9,2655.0,2654.6,2655.5,5729.4,5729.4,5729.2,2358.0,2357.6,2358.1,3534.9,3534.8,3534.9,4461.4,4461.0,4461.2,6222.0,6221.4,6221.2,8706.9,8705.4,8704.4,5262.9,5262.9,5264.4,7484.1,7484.0,7482.9,6157.5,6156.7,6156.5,1873.5,1872.3,1871.8,3716.2,3715.5,3717.1,2601.9,2601.1,2601.1,2919.5,2919.2,2919.3,27.510000,28.030001,going to home base
2024-04-12T22:58:14Z,2396.6,2396.3,2396.3,2655.8,2655.9,2655.9,5729.8,5729.8,5729.4,2357.4,2357.4,2357.6,3535.4,3535.0,3535.6,4461.1,4461.0,4461.2,6222.0,6220.5,6222.1,8start,27126.7,27120.5,2396.8,2396.3,2396.4,2655.2,2655.2,2655.4,5729.7,5728.9,5729.5,3785.1,88866.9,88857.8,14418.3,14418.6,14415.2,3535.2,3534.7,3534.7,4461.6,4461.7,4461.1,6221.9,16771.0,going to home base
2024-04-12T22:58:24Z,2396.5,2396.0,2396.2,2654.9,2654.9,2654.7,5729.7,5729.5,5729.4,2357.0,2357.2,2357.9,3536.0,3535.1,3535.7,4461.1,4461.2,4461.3,6222.5,6220.8,6222.2,8705.8,8704.4,8703.8,5264.7,5264.2,5265.8,7486.6,7486.1,7485.1,6158.5,6156.8,6158.9,1873.7,1872.2,1872.0,3715.1,3715.6,3716.4,2602.6,2601.7,2601.9,2920.4,2919.3,2919.8,27.490000,28.059999,going to home base
2024-04-12T22:58:29Z,2395.9,2395.7,2396.4,2654.6,2654.0,2654.9,5729.1,5728.7,5728.8,2357.7,2357.1,2357.6,3533.6,3533.2,3533.2,4461.2,4460.7,4461.1,6218.9,6219.0,6218.5,8701.5,8701.1,8701.1,5263.5,5262.3,5263.6,7488.3,7487.7,7486.4,6160.7,6157.5,6159.6,1872.9,1872.0,1871.5,3715.3,3715.1,3716.1,2602.2,2601.2,2601.7,2919.0,2918.4,2918.8,27.490000,28.059999,going to home base
2024-04-12T22:58:34Z,2396.2,2395.6,2396.0,2655.0,2655.2,2655.1,5729.5,5728.6,5729.0,2357.4,2357.0,2357.5,3534.8,3534.3,3533.9,4461.5,4461.4,4461.7,6221.4,6221.3,6221.5,8702.8,8703.0,8704.2,5262.4,5262.3,5264.6,7484.2,7483.2,7485.7,6160.7,6162.5,6161.0,1873.1,1871.5,1871.7,3715.2,3715.4,3716.2,2602.3,2601.3,2601.1,2919.4,2918.8,2919.0,27.490000,28.030001,going to home base
2024-04-12T22:58:39Z,2396.6,2396.1,2395.8,2655.2,2655.0,2654.9,5729.2,5728.9,5729.0,2357.2,2357.1,2357.6,3535.7,3535.6,3535.1,4461.2,4460.8,4461.1,6218.5,6218.2,6218.8,8700.5,8701.7,8701.1,5263.2,5262.5,5262.9,7487.6,7486.3,7484.8,6157.3,6156.6,6156.1,1873.0,1871.7,1871.7,3715.6,3715.4,3716.3,2601.5,2601.0,2601.5,2920.0,2920.0,2920.2,27.490000,28.059999,going to home base
2024-04-12T22:58:49Z,2396.5,2395.9,2395.9,2655.3,2654.8,2655.2,5729.4,5728.9,5729.6,2356.8,2357.0,2356.8,3534.6,3534.2,3534.4,4461.4,4460start,27110.0,27112.3,2396.9,2396.1,5729.2,5728.3,5728.7,2356.6,2356.6,2357.2,3784.8,3784.9,88787.9,88834.2,14420.3,14416.3,4460.8,4460.7,4461.2,6220.4,6219.2,6220.0,16763.4,16761.5,34297.1,34306.8,8702.6,8702.7,5262.6,5263.4,going to home base
2024-04-12T22:58:59Z,2396.4,2395.3,2395.6,2655.0,2654.5,2654.6,5728.7,5728.6,5728.9,2357.5,2357.1,2357.8,3534.3,3534.2,3534.3,4460.5,4460.8,4460.9,6221.4,6220.8,6222.3,8701.0,8700.1,8701.2,5263.7,5263.3,5264.6,7486.9,7485.6,7483.7,6158.2,6156.3,6157.6,1873.2,1871.9,1872.1,3715.6,3715.9,3715.9,2602.4,2601.2,2601.7,2919.4,2917.9,2919.2,27.510000,28.030001,going to home base
2024-04-12T22:59:04Z,2396.4,2395.9,2396.1,2655.1,2655.0,2655.1,5728.8,5728.2,5729.1,2356.8,2357.2,2357.2,3535.2,3534.6,3534.2,4461.2,4461.3,4460.9,6219.3,6220.1,6218.5,8700.7,8700.7,8701.7,5263.5,5262.8,5264.3,7485.9,7484.0,7484.0,6156.4,6159.9,6161.3,1872.9,1871.6,1871.6,3714.9,3715.2,3716.1,2601.5,2601.3,2601.7,2918.6,2917.9,2918.5,27.490000,28.030001,going to home base
2024-04-12T22:59:09Z,2396.4,2396.3,2396.6,2655.2,2654.7,2655.6,5728.2,5728.1,5728.2,2356.8,2356.7,2357.2,3536.5,3536.2,3535.9,4461.3,4460.9,4461.1,6217.9,6217.7,6218.1,8701.7,8701.3,8702.1,5264.3,5263.2,5265.4,7487.6,7486.4,7486.4,6155.4,6156.2,6156.0,1873.1,1871.5,1871.2,3714.0,3714.4,3714.9,2602.8,2602.7,2602.5,2919.3,2918.4,2918.9,27.510000,28.030001,going to home base
2024-04-12T22:59:14Z,2396.9,2396.5,2396.4,2655.1,2654.9,2655.6,5728.3,5728.0,5727.9,2356.5,2356.4,2357.1,3535.2,3535.6,3534.8,4460.5,4460.6,4460.8,6217.7,6217.4,6219.8,8701.3,8701.8,8701.6,5264.8,5263.4,5263.6,7487.3,7484.9,7486.7,6157.4,6156.5,6156.0,1872.7,1871.3,1871.2,3714.4,3714.5,3715.1,2601.9,2601.7,2601.3,2920.5,2919.0,2920.0,27.490000,28.040001,going to home base
2024-04-12T22:59:19Z,2396.3,2395.9,2396.2,2654.8,2654.5,2655.4,5727.8,5727.6,5727.7,2357.8,2357.5,2357.8,3535.2,3535.2,3535.0,4460.7,4460.8,4460.5,6217.5,6215.6,6217.1,8703.0,8700.7,8701.8,5263.5,5264.6,5264.6,7485.1,7483.8,7482.4,6158.1,6159.1,6161.2,1874.3,1872.8,1872.7,3715.1,3714.5,3715.7,2601.3,2600.6,2601.0,2919.1,2918.4,2919.8,27.510000,28.030001,going to home base
2024-04-12T22:59:24Z,2395.9,2395.7,2396.2,2655.3,2655.2,2655.3,5728.0,5727.7,5727.7,2356.8,2357.2,2357.5,3535.0,3534.1,3534.9,4461.0,4461.2,4460.7,6215.1,6213.0,6214.3,8701.5,8700.7,8700.3,5264.4,5264.3,5266.1,7486.1,7483.3,7486.0,6157.9,6159.4,6160.6,1874.0,1872.7,1872.8,3714.1,3713.9,3714.8,2602.1,2601.5,2601.3,2920.1,2920.5,2919.7,27.520000,28.100000,going to home base
2024-04-12T22:59:29Z,2397.0,2396.4,2396.7,2654.3,2654.8,2654.7,5728.1,5727.1,5727.2,2357.2,2357.2,2357.2,3535.7,3534.8,3534.5,4461.7,4461.5,4461.4,6216.0,6214.6,6214.5,8700.7,8699.5,8700.2,5263.5,5263.3,5264.0,7487.1,7485.0,7486.4,6160.4,6159.4,6160.5,1874.1,1872.7,1872.8,3714.3,3714.6,3714.9,2602.2,2601.2,2601.0,2920.1,2919.8,2919.4,27.490000,28.010000,going to home base
2024-04-12T22:59:34Z,2396.7,2396.1,2396.1,2654.7,2655.0,2655.7,5728.6,5727.8,5728.1,2356.3,2356.3,2356.5,3535.9,3535.4,3535.2,4460.7,4460.2,4460.4,6220.7,6220.9,6221.7,8698.0,8699.1,8698.8,5263.9,5263.5,5262.9,7485.0,7485.2,7484.5,6159.5,6158.8,6158.7,1873.5,1872.4,1871.9,3714.3,3714.5,3714.8,2601.5,2600.3,2600.1,2921.3,2919.9,2920.5,27.490000,28.059999,going to home base
2024-04-12T22:59:39Z,2396.7,2395.9,2395.8,2654.5,2655.1,2655.0,5728.2,5728.1,5728.1,2356.0,2356.3,2356.4,3534.7,3534.3,3534.3,4460.8,4460.9,4460.6,6216.2,6216.7,6217.2,8701.7,8700.6,8699.7,5263.3,5263.3,5264.7,7485.8,7484.6,7484.0,6162.1,6162.9,6162.5,1874.0,1872.0,1871.6,3714.1,3714.1,3715.1,2601.7,2600.7,2601.1,2919.1,2919.1,2918.4,27.490000,28.040001,going to home base
2024-04-12T22:59:44Z,2397.2,2397.0,2397.2,2653.9,2654.3,2655.1,5728.1,5727.8,5728.1,2356.6,2356.3,2357.5,3535.5,3534.8,3535.5,4460.6,4460.6,4460.4,6221.1,6218.0,6219.2,8700.3,8699.4,8701.5,5264.2,5263.2,5265.0,7487.1,7485.5,7484.4,6158.1,6159.4,6160.0,1872.9,1871.3,1871.3,3714.3,3713.8,3714.8,2601.5,2600.4,2600.6,2918.9,2918.7,2919.0,27.490000,28.030001,going to home base
2024-04-12T22:59:49Z,2396.1,2395.3,2396.2,2654.9,2654.8,2655.4,5727.9,5727.3,5727.0,2356.5,2356.6,2357.0,3534.5,3534.3,3534.6,4460.6,4460.3,4460.3,6218.8,6218.7,6219.7,8700.0,8701.1,8698.8,5263.9,5264.4,5264.8,7483.3,7483.6,7483.6,6158.7,6156.5,6155.7,1873.1,1871.3,1871.2,3713.4,3713.9,3714.6,2600.6,2599.8,2600.4,2918.5,2917.4,2919.1,27.490000,28.059999,going to home base
2024-04-12T22:59:54Z,2397.3,2396.7,2397.0,2654.7,2654.2,2655.1,5727.8,5727.3,5727.6,2357.9,2357.8,2357.8,3533.9,3533.7,3533.8,4460.7,4460.5,4461.0,6220.0,6218.8,6219.6,8701.7,8700.8,8699.9,5264.7,5264.7,5263.8,7485.5,7484.8,7483.8,6155.4,6156.4,6155.7,1872.6,1871.2,1870.9,3713.7,3714.1,3714.7,2600.5,2600.1,2599.1,2918.1,2918.0,2918.9,27.510000,28.040001,going to home base
2024-04-12T22:59:59Z,2397.0,2396.3,2396.5,2654.4,2654.1,2654.7,5727.4,5727.2,5726.8,2357.5,2357.5,2358.0,3534.3,3534.0,3534.0,4459.4,4459.3,4459.6,6218.2,6216.9,6219.0,8701.5,8699.8,8700.6,5264.2,5263.4,5264.6,7484.6,7484.9,7486.1,6157.5,6157.4,6157.3,1872.9,1871.2,1871.6,3712.8,3712.8,3713.9,2601.6,2600.5,2601.0,2919.1,2919.0,2919.5,27.510000,28.040001,going to home base
2024-04-12T23:00:04Z,2396.8,2396.5,2396.5,2655.0,2654.6,2654.7,5727.4,5727.3,5727.6,2357.3,2356.9,2357.6,3534.6,3534.0,3534.3,4459.8,4459.8,4459.6,6218.7,6219.9,6219.3,8700.1,8699.8,8701.4,5263.4,5263.4,5263.6,7485.7,7487.2,7485.1,6159.5,6158.4,6158.5,1873.2,1871.8,1872.2,3713.4,3713.6,3714.3,2600.9,2599.9,2600.2,2919.8,2919.4,2919.5,27.520000,28.059999,going to home base
2024-04-12T23:00:09Z,2396.8,2396.1,2396.5,2654.2,2654.2,2654.3,5727.1,5727.4,5727.0,2356.9,2357.0,2357.3,3535.5,3535.2,3535.4,4460.1,4459.8,4460.2,6220.0,6220.0,6220.9,8700.0,8700.3,8699.1,5264.3,5263.6,5264.8,7485.1,7484.1,7483.1,6155.2,6153.6,6155.8,1872.8,1871.4,1871.4,3712.8,3713.3,3714.0,2600.6,2600.1,2600.3,2920.0,2919.2,2919.7,27.490000,28.000000,going to home base
2024-04-12T23:00:14Z,2396.4,2395.6,2396.6,2654.3,2654.8,2655.1,5727.5,5726.9,5726.9,2357.9,2357.5,2358.1,3534.6,3534.6,3534.8,4460.0,4459.6,4459.9,6221.5,6219.1,6219.1,8697.7,8698.0,8698.1,5263.2,5262.1,5262.7,7485.2,7483.9,7483.8,6162.0,6159.9,6160.3,1873.3,1871.7,1871.9,3712.8,3713.4,3714.3,2601.8,2600.8,2600.5,2921.4,2919.6,2919.0,27.520000,28.059999,going to home base
2024-04-12T23:00:19Z,2396.4,2395.9,2396.2,2655.1,2654.7,2654.9,5728.4,5727.8,5728.1,2357.3,2357.2,2357.6,3534.7,3533.9,3534.1,4460.0,4459.5,4459.9,6213.7,6213.4,6213.0,8696.5,8696.3,8696.5,5264.1,5264.4,5263.9,7485.6,7484.6,7484.7,6157.9,6157.5,6157.5,1874.2,1872.4,1872.7,3713.2,3713.7,3714.0,2600.8,2600.3,2600.0,2919.2,2919.2,2918.8,27.510000,28.059999,going to home base
2024-04-12T23:00:24Z,2396.6,2396.3,2396.1,2654.9,2655.0,2654.8,5727.8,5727.7,5727.9,2357.5,2357.4,2358.2,3534.4,3533.9,3534.2,4459.5,4460.1,4459.7,6216.5,6216.1,6216.2,8698.2,8697.6,8697.3,5262.4,5263.3,5263.6,7485.1,7484.3,7485.0,6155.0,6156.2,6157.8,1873.8,1872.3,1872.6,3713.6,3713.9,3714.8,2601.7,2600.8,2600.5,2918.5,2917.9,2918.2,27.510000,28.070000,going to home base
2024-04-12T23:00:29Z,2396.5,2395.8,2395.7,2655.6,2655.3,2655.5,5728.3,5727.5,5727.9,2357.6,2357.2,2357.8,3533.5,3533.9,3533.0,4460.2,4459.8,4460.0,6217.9,6217.4,6219.0,8697.2,8697.0,8696.5,5262.6,5263.0,5262.9,7486.5,7484.0,7484.0,6158.3,6157.7,6157.8,1873.9,1872.5,1872.3,3713.4,3712.9,3713.9,2601.4,2600.5,2600.1,2918.1,2917.6,2918.8,27.510000,28.070000,going to home base
2024-04-12T23:00:34Z,2395.8,2395.3,2395.6,2655.5,2655.2,2655.8,5728.2,5727.7,5728.0,2356.6,2356.4,2356.8,3534.2,3534.6,3534.3,4459.8,4459.6,4460.0,6218.8,6218.7,6218.1,8700.3,8699.2,8700.3,5262.7,5262.0,5263.2,7485.4,7480.8,7483.5,6151.9,6154.1,6155.3,1874.2,1872.6,1872.9,3714.4,3714.0,3714.8,2601.9,2600.6,2601.2,2918.6,2918.6,2919.4,27.490000,28.059999,going to home base
2024-04-12T23:00:39Z,2397.0,2396.4,2396.3,2654.5,2654.8,2655.1,5728.4,5728.1,5728.2,2356.7,2356.6,2356.9,3535.0,3534.4,3534.5,4460.9,4460.5,4460.9,6217.1,6217.7,6217.0,8702.4,8700.5,8700.9,5262.9,5263.1,5264.1,7486.6,7485.6,7485.0,6157.3,6157.0,6155.6,1874.1,1872.7,1872.4,3713.6,3713.4,3714.3,2602.9,2601.9,2602.1,2919.2,2918.9,2918.7,27.520000,28.030001,going to home base
2024-04-12T23:00:44Z,2397.0,2395.3,2395.4,2655.0,2655.3,2655.0,5728.1,5728.2,5728.1,2356.5,2356.5,2357.0,3535.3,3534.6,3534.4,4460.1,4460.0,4459.9,6216.8,6218.1,6219.1,8699.9,8699.2,8700.7,5262.1,5262.3,5263.0,7485.0,7485.7,7485.1,6155.3,6154.6,6154.9,1874.8,1873.3,1872.8,3713.0,3713.0,3713.6,2601.6,2601.1,2601.6,2920.6,2920.9,2919.5,27.490000,28.059999,going to home base
2024-04-12T23:00:49Z,2397.5,2396.5,2396.7,2655.1,2654.3,2655.4,5729.0,5728.4,5728.4,2356.8,2356.0,2357.2,3535.0,3534.6,3534.8,4460.4,4460.9,4460.9,6214.7,6216.0,6216.6,8697.5,8698.8,8698.4,5264.1,5263.7,5264.2,7485.9,7484.9,7485.4,6160.0,6160.2,6161.9,1874.2,1872.9,1872.8,3714.5,3713.9,3714.8,2601.5,2600.8,2601.1,2919.6,2919.4,2920.3,27.520000,28.040001,going to home base
2024-04-12T23:00:54Z,2397.2,2396.6,2397.1,2655.1,2654.7,2655.2,5728.9,5728.6,5728.6,2356.5,2355.8,2356.5,3535.1,3534.3,3534.0,4460.6,4460.2,4460.5,6218.1,6216.7,6217.4,8701.2,8699.9,8699.4,5264.4,5263.7,5264.2,7484.6,7484.1,7485.1,6157.4,6157.2,6158.3,1874.3,1873.0,1872.7,3712.9,3712.9,3713.5,2601.5,2600.2,2600.4,2919.6,2918.1,2919.0,27.510000,28.100000,going to home base
2024-04-12T23:00:59Z,2396.8,2396.0,2396.1,2654.6,2654.3,2655.1,5729.0,5728.6,5728.9,2355.7,2355.8,2356.0,3534.3,3534.1,3534.2,4460.4,4460.2,4460.4,6217.5,6216.9,6218.9,8700.6,8699.6,8696.7,5263.4,5263.3,5263.8,7483.2,7482.5,7482.9,6155.3,6153.8,6155.5,1874.0,1873.2,1873.0,3713.2,3713.2,3714.2,2601.7,2601.0,2600.8,2919.5,2919.5,2919.5,27.480000,28.040001,going to home base
2024-04-12T23:01:04Z,2397.5,2396.8,2396.7,2654.2,2654.1,2654.8,5728.8,5728.4,5728.5,2356.7,2356.6,2356.6,3533.9,3533.6,3533.6,4460.1,4460.5,4460.6,6219.1,6219.0,6219.3,8700.0,8700.6,8700.7,5263.3,5263.6,5264.1,7485.7,7483.6,7483.4,6156.0,6158.1,6157.1,1874.3,1872.8,1872.7,3713.6,3712.8,3713.8,2600.8,2599.8,2599.5,2918.8,2918.2,2918.8,27.480000,28.010000,going to home base
2024-04-12T23:01:09Z,2397.0,2396.2,2396.5,2653.8,2653.9,2654.4,5728.8,5728.5,5728.5,2357.1,2356.7,2357.3,3534.3,3534.2,3534.4,4460.4,4460.3,4460.6,6215.6,6215.3,6213.3,8701.3,8702.1,8700.5,5264.2,5263.1,5263.0,7485.8,7482.3,7484.9,6159.4,6158.9,6158.3,1873.9,1872.7,1872.5,3713.8,3713.8,3714.4,2601.5,2601.1,2600.7,2920.5,2919.8,2920.6,27.480000,28.059999,going to home base
2024-04-12T23:01:14Z,2397.5,2396.6,2397.0,2654.3,2654.5,2654.6,5728.4,5728.0,5727.9,2357.6,2357.3,2357.8,3534.8,3534.8,3534.9,4460.2,4459.8,4460.3,6216.4,6215.3,6216.2,8698.2,8698.8,8698.2,5263.2,5262.2,5262.7,7484.0,7484.8,7484.4,6158.5,6158.2,6159.0,1874.0,1872.6,1873.1,3712.9,3713.4,3713.9,2601.5,2600.4,2601.0,2919.4,2918.6,2919.2,27.520000,28.080000,going to home base
2024-04-12T23:01:19Z,2396.9,2396.6,2396.9,2654.1,2653.8,2653.9,5727.4,5727.4,5727.5,2356.9,2356.4,2357.3,3534.9,3534.5,3534.3,4459.4,4459.0,4459.3,6217.3,6217.6,6218.0,8700.5,8698.8,8699.8,5262.0,5262.0,5262.4,7485.4,7482.7,7483.2,6157.9,6156.6,6157.5,1874.3,1873.0,1872.6,3713.8,3713.4,3714.8,2601.2,2599.8,2600.2,2919.8,2919.2,2919.2,27.490000,28.059999,going to home base
2024-04-12T23:01:24Z,2397.0,2396.7,2396.7,2653.9,2654.1,2654.4,5727.3,5726.9,5727.2,2356.8,2357.2,2357.1,3534.1,3534.0,3533.9,4459.7,4459.4,4459.6,6218.8,6218.5,6219.1,8701.5,8701.1,8702.4,5262.0,5262.2,5263.2,7484.4,7482.2,7482.7,6157.9,6157.5,6158.1,1874.2,1872.8,1872.6,3712.7,3713.0,3713.7,2601.6,2600.8,2601.3,2919.8,2919.2,2919.4,27.510000,28.040001,going to home base
2024-04-12T23:01:29Z,2397.4,2396.8,2396.9,2653.9,2653.6,2654.2,5727.3,5726.8,5726.7,2356.9,2357.1,2357.4,3535.2,3534.6,3534.9,4459.5,4459.4,4459.1,6215.8,6217.3,6217.3,8701.9,8701.6,8701.2,5263.7,5263.7,5264.7,7481.7,7483.3,7482.3,6156.7,6156.2,6157.8,1874.3,1872.9,1872.6,3712.0,3712.1,3713.0,2601.3,2600.6,2600.9,2919.5,2918.9,2919.6,27.510000,28.040001,going to home base
2024-04-12T23:01:34Z,2396.7,2396.2,2396.7,2653.9,2653.7,2654.1,5727.9,5727.3,5727.4,2355.9,2355.8,2356.3,3533.5,3533.2,3533.4,4459.8,4459.5,4459.4,6217.0,6216.2,6217.8,8701.5,8700.6,8701.8,5262.2,5261.5,5262.0,7482.2,7482.0,7482.2,6158.0,6157.8,6157.5,1874.2,1872.8,1872.4,3712.5,3712.4,3714.2,2601.4,2600.3,2600.5,2919.9,2919.1,2919.2,27.510000,28.070000,going to home base
2024-04-12T23:01:39Z,2396.6,2395.7,2396.1,2654.7,2654.2,2654.7,5728.0,5727.5,5727.9,2357.7,2357.4,2357.8,3534.2,3533.6,3533.5,4459.5,4459.6,4460.0,6216.3,6218.1,6219.2,8700.5,8699.3,8700.0,5261.9,5263.2,5263.0,7483.6,7484.1,7483.0,6155.0,6156.6,6156.0,1873.8,1872.5,1872.5,3712.8,3712.9,3713.9,2601.6,2600.8,2600.6,2917.9,2917.7,2917.8,27.490000,28.059999,going to home base
2024-04-12T23:01:44Z,2396.9,2396.0,2396.4,2654.0,2653.2,2654.1,5726.9,5727.1,5727.1,2355.9,2355.4,2356.1,3534.5,3534.5,3534.2,4459.4,4459.2,4459.4,6221.5,6220.0,6220.4,8700.5,8700.6,8699.7,5262.4,5261.5,5262.1,7482.6,7482.2,7483.7,6158.6,6158.6,6158.4,1874.1,1872.4,1872.8,3712.9,3712.4,3713.3,2600.0,2599.5,2599.3,2919.1,2918.2,2919.3,27.490000,28.040001,going to home base
2024-04-12T23:01:49Z,2396.2,2395.6,2396.2,2653.8,2653.7,2654.0,5726.8,5726.5,5726.2,2356.1,2356.2,2356.8,3534.6,3533.9,3533.7,4459.3,4459.4,4459.7,6217.1,6218.2,6217.1,8700.4,8699.0,8700.6,5260.8,5260.8,5262.0,7485.7,7484.1,7483.7,6158.3,6158.7,6157.5,1874.6,1873.1,1872.8,3712.9,3712.5,3713.8,2601.5,2600.9,2600.7,2920.2,2920.2,2919.9,27.490000,28.030001,going to home base
2024-04-12T23:01:54Z,2395.9,2395.5,2395.8,2653.7,2653.5,2653.5,5726.5,5726.2,5726.2,2356.2,2355.4,2355.8,3533.3,3532.4,3532.4,4460.0,4459.6,4459.4,6218.1,6217.8,6217.3,8699.6,8699.9,8698.7,5262.2,5261.2,5262.2,7483.6,7481.6,7483.3,6159.1,6158.7,6159.8,1874.7,1872.9,1872.7,3712.5,3712.7,3713.8,2600.0,2599.4,2599.5,2920.1,2920.0,2920.0,27.510000,28.100000,going to home base
2024-04-12T23:01:59Z,2396.9,2396.2,2396.5,2654.2,2654.6,2654.5,5726.7,5725.9,5726.2,2355.9,2355.8,2356.4,3533.7,3532.5,3533.0,4459.0,4459.2,4459.0,6218.0,6217.6,6217.4,8699.5,8700.7,8699.9,5262.9,5261.4,5262.9,7481.4,7480.9,7480.6,6153.7,6154.6,6156.7,1874.5,1873.3,1873.1,3713.2,3713.5,3714.3,2600.7,2600.8,2600.5,2918.1,2917.7,2918.5,27.510000,28.040001,going to home base
2024-04-12T23:02:04Z,2396.4,2395.9,2395.9,2653.6,2653.3,2653.5,5726.9,5726.7,5726.9,2357.2,2356.9,2357.8,3533.0,3532.4,3532.8,4459.1,4459.8,4459.8,6220.2,6219.6,6220.1,8700.0,8699.9,8700.7,5263.6,5263.4,5264.6,7483.4,7483.3,7482.9,6155.1,6155.7,6157.8,1874.4,1872.5,1872.4,3712.5,3712.4,3713.4,2599.9,2599.8,2599.4,2919.5,2918.6,2919.2,27.490000,28.070000,going to home base
2024-04-12T23:02:09Z,2396.6,2395.7,2396.1,2653.9,2653.4,2653.5,5726.6,5726.8,5727.0,2355.8,2356.0,2356.4,3531.5,3531.6,3532.4,4460.0,4459.0,4459.5,6220.2,6218.0,6219.0,8701.6,8703.9,8702.9,5263.3,5262.5,5263.6,7484.9,7482.2,7482.3,6156.0,6157.0,6158.2,1874.2,1873.1,1873.1,3712.3,3712.1,3713.2,2600.5,2599.3,2600.0,2920.9,2920.8,2920.2,27.510000,28.010000,going to home base
2024-04-12T23:02:14Z,2395.7,2395.3,2395.6,2653.8,2653.7,2654.1,5726.5,5726.5,5726.5,2356.6,2356.6,2357.3,3532.7,3532.7,3532.5,4458.8,4459.3,4458.8,6219.3,6217.8,6218.5,8701.2,8701.8,8700.8,5263.5,5263.7,5263.3,7483.8,7483.0,7483.2,6154.3,6154.7,6155.7,1874.4,1872.8,1873.1,3713.0,3713.2,3714.0,2600.3,2599.3,2599.5,2920.3,2920.2,2920.2,27.520000,28.040001,going to home base
2024-04-12T23:02:19Z,2396.5,2395.8,2395.8,2654.0,2654.3,2654.1,5726.8,5724.8,5726.1,2355.8,2356.1,2356.8,3532.8,3532.2,3532.4,4458.7,4458.5,4458.8,6219.1,6217.8,6219.4,8698.4,8699.7,8699.6,5262.5,5263.1,5263.8,7483.2,7481.8,7483.3,6156.1,6157.5,6155.3,1874.5,1873.2,1873.0,3712.5,3712.9,3713.7,2600.8,2600.0,2600.1,2920.7,2919.9,2919.1,27.490000,28.010000,going to home base
2024-04-12T23:02:24Z,2396.5,2395.7,2395.6,2654.8,2654.7,2655.0,5726.4,5726.2,5725.8,2355.7,2355.8,2356.4,3532.9,3532.5,3532.4,4459.0,4459.3,4459.4,6217.5,6217.9,6216.5,8700.0,8699.3,8700.2,5260.4,5261.1,5261.9,7483.0,7482.4,7482.0,6153.9,6155.2,6155.9,1874.3,1873.0,1873.2,3712.0,3711.8,3713.0,2600.2,2600.3,2599.8,2920.1,2919.6,2919.6,27.520000,28.070000,going to home base
2024-04-12T23:02:29Z,2396.3,2395.4,2395.8,2653.5,2653.0,2654.0,5726.6,5726.8,5726.4,2355.4,2355.4,2356.2,3532.6,3532.2,3532.5,4458.9,4459.2,4458.4,6217.1,6218.4,6216.0,8697.2,8696.9,8697.6,5262.4,5262.0,5263.4,7482.4,7481.9,7483.1,6154.5,6152.9,6155.1,1874.0,1872.2,1872.5,3711.5,3711.0,3711.9,2600.2,2599.9,2599.5,2920.5,2919.5,2921.0,27.490000,28.070000,going to home base
2024-04-12T23:02:34Z,2395.7,2395.1,2395.9,2654.1,2654.7,2655.4,5726.2,5725.6,5726.4,2355.8,2355.7,2356.0,3533.0,3532.2,3532.6,4458.9,4458.3,4458.1,6217.7,6216.9,6216.7,8699.1,8699.4,8698.4,5261.5,5261.6,5262.0,7485.1,7483.6,7484.8,6155.7,6153.7,6153.7,1874.3,1872.8,1872.7,3711.9,3712.3,3713.3,2599.9,2599.9,2599.1,2918.5,2917.6,2918.0,27.490000,28.059999,going to home base
2024-04-12T23:02:39Z,2396.2,2395.6,2395.9,2654.1,2653.9,2654.4,5726.6,5726.1,5725.8,2356.0,2356.2,2356.7,3532.6,3533.1,3532.7,4458.3,4457.9,4458.4,6216.4,6216.5,6217.2,8697.8,8697.4,8695.7,5260.3,5260.1,5260.8,7484.3,7484.8,7484.2,6155.7,6156.1,6155.7,1874.2,1872.8,1872.8,3712.4,3712.6,3713.0,2600.8,2599.7,2600.1,2920.7,2919.9,2920.5,27.510000,28.080000,going to home base
2024-04-12T23:02:44Z,2395.7,2394.9,2395.2,2653.2,2653.7,2654.0,5727.3,5726.7,5726.8,2356.0,2356.2,2356.6,3532.8,3531.5,3532.2,4458.1,4458.1,4458.5,6216.3,6215.9,6216.9,8698.7,8699.1,8699.2,5261.3,5261.3,5260.8,7483.3,7482.8,7482.6,6151.7,6153.6,6153.1,1874.1,1872.6,1872.6,3712.3,3712.0,3713.0,2600.3,2599.0,2599.3,2919.2,2918.5,2918.5,27.490000,28.059999,going to home base
2024-04-12T23:02:49Z,2396.3,2395.4,2395.4,2653.5,2653.6,2654.3,5727.7,5727.0,5727.1,2356.4,2356.2,2356.8,3531.8,3531.0,3531.2,4457.6,4458.1,4457.9,6216.6,6216.1,6216.0,8699.2,8699.2,8700.1,5261.8,5261.2,5262.7,7485.8,7483.9,7483.3,6149.7,6150.5,6152.3,1874.1,1872.2,1872.1,3711.2,3711.3,3712.5,2600.8,2599.8,2600.2,2918.5,2917.9,2919.0,27.520000,28.020000,going to home base
2024-04-12T23:02:54Z,2396.4,2395.8,2395.8,2654.4,2653.9,2654.3,5727.1,5726.7,5726.7,2356.7,2355.9,2356.7,3532.5,3532.3,3532.0,4458.3,4458.3,4458.1,6214.1,6213.7,6216.5,8700.8,8698.1,8699.5,5261.4,5260.9,5261.6,7481.7,7480.7,7481.5,6155.4,6156.8,6157.1,1873.7,1872.4,1872.2,3711.8,3711.8,3712.6,2600.4,2599.5,2600.1,2919.4,2917.9,2918.7,27.510000,28.080000,going to home base
2024-04-12T23:02:59Z,2396.0,2395.7,2396.0,2653.9,2654.5,2654.6,5727.2,5726.7,5727.0,2356.0,2355.8,2356.7,3531.9,3532.2,3531.5,4458.7,4458.4,4458.2,6215.2,6214.4,6214.9,8697.4,8698.9,8698.6,5262.4,5261.1,5260.8,7482.4,7483.1,7482.5,6154.9,6154.9,6155.1,1873.6,1872.3,1872.4,3711.9,3711.7,3712.0,2601.1,2600.0,2600.3,2918.6,2919.3,2919.2,27.490000,28.040001,going to home base
2024-04-12T23:03:04Z,2396.6,2395.9,2396.2,2654.4,2653.9,2654.4,5727.0,5726.6,5726.6,2355.7,2356.1,2356.7,3533.4,3533.0,3533.3,4458.7,4458.5,4458.4,6214.4,6211.9,6214.4,8696.1,8696.4,8697.1,5262.5,5262.5,5263.2,7482.7,7481.9,7482.3,6156.4,6155.4,6153.3,1873.4,1872.2,1871.8,3712.2,3712.2,3713.0,2600.9,2599.8,2599.9,2920.5,2918.4,2918.3,27.490000,28.059999,going to home base
2024-04-12T23:03:09Z,2395.7,2395.5,2395.5,2654.1,2654.0,2654.1,5726.3,5725.9,5726.6,2355.9,2355.7,2356.3,3532.4,3532.3,3531.6,4458.1,4458.0,4458.3,6215.9,6215.4,6215.2,8695.7,8694.3,8693.9,5259.6,5259.5,5260.9,7482.9,7482.2,7482.2,6155.2,6155.9,6155.1,1873.6,1872.1,1872.0,3712.8,3712.9,3713.2,2600.9,2599.6,2600.5,2918.6,2917.6,2918.3,27.480000,28.059999,going to home base
2024-04-12T23:03:14Z,2396.0,2395.6,2395.7,2653.7,2654.0,2653.9,5727.1,5726.3,5726.7,2356.5,2357.1,2357.1,3532.8,3533.0,3533.2,4458.7,4458.8,4458.3,6213.8,6214.5,6214.5,8697.6,8696.1,8696.6,5261.8,5260.2,5261.8,7482.7,7482.6,7482.2,6154.5,6154.0,6154.2,1872.9,1871.4,1871.5,3713.0,3713.0,3714.0,2601.0,2600.0,2600.1,2919.2,2919.3,2918.9,27.480000,28.070000,going to home base
2024-04-12T23:03:19Z,2395.7,2394.8,2394.9,2653.2,2653.8,2654.7,5726.4,5726.1,5726.3,2355.9,2355.7,2356.3,3532.7,3531.6,3532.2,4458.1,4457.5,4457.9,6214.2,6215.1,6215.0,8695.9,8695.0,8694.0,5261.6,5261.4,5262.3,7482.0,7480.7,7480.8,6155.7,6154.7,6154.5,1873.7,1872.1,1872.4,3712.4,3712.5,3713.2,2600.0,2598.9,2600.3,2919.5,2919.1,2919.3,27.510000,28.080000,going to home base
2024-04-12T23:03:24Z,2395.8,2394.9,2394.4,2654.0,2653.6,2654.3,5726.8,5726.1,5726.2,2356.2,2355.8,2356.4,3533.0,3532.5,3532.6,4458.5,4458.0,4458.0,6215.1,6213.1,6213.7,8695.2,8696.7,8697.0,5261.2,5261.6,5261.3,7484.2,7482.3,7483.4,6154.5,6153.6,6157.6,1873.1,1871.9,1871.9,3713.3,3713.4,3714.3,2600.3,2599.6,2599.6,2918.7,2918.6,2919.5,27.480000,28.059999,going to home base
2024-04-12T23:03:29Z,2395.9,2395.1,2395.6,2654.2,2654.1,2654.5,5727.2,5726.4,5726.6,2356.2,2356.4,2356.6,3531.8,3532.1,3532.2,4457.9,4457.3,4457.6,6214.5,6213.3,6214.9,8697.2,8697.3,8695.9,5262.4,5261.7,5261.4,7483.0,7482.2,7482.8,6155.3,6156.8,6156.1,1874.0,1872.5,1872.7,3713.7,3713.6,3714.5,2600.6,2599.9,2599.7,2920.4,2919.7,2920.1,27.480000,28.059999,going to home base
2024-04-12T23:03:34Z,2396.2,2395.3,2395.4,2653.7,2654.3,2654.5,5726.6,5726.3,5726.2,2356.2,2356.2,2356.4,3533.2,3533.0,3532.9,4458.5,4458.2,4457.7,6218.2,6216.8,6215.6,8697.2,8695.7,8697.4,5260.7,5262.2,5262.7,7483.3,7483.5,7482.7,6155.1,6155.1,6155.6,1874.1,1872.4,1872.3,3713.6,3713.9,3715.2,2601.1,2600.9,2599.8,2919.6,2919.8,2919.6,27.510000,28.030001,going to home base
2024-04-12T23:03:39Z,2395.6,2394.9,2395.0,2653.5,2653.5,2653.8,5726.8,5726.3,5726.0,2356.3,2355.5,2356.3,3532.6,3532.9,3533.0,4457.9,4457.9,4458.1,6218.0,6217.7,6216.3,8698.5,8697.9,8699.2,5260.2,5260.4,5261.6,7485.0,7481.8,7482.2,6152.9,6153.0,6153.0,1873.7,1872.0,1871.8,3712.8,3712.7,3713.5,2599.9,2599.3,2599.0,2918.3,2918.9,2919.7,27.490000,28.040001,going to home base
2024-04-12T23:03:44Z,2395.9,2395.1,2395.3,2654.2,2653.6,2654.3,5727.0,5726.5,5726.3,2356.2,2356.0,2356.7,3533.5,3533.0,3533.3,4458.9,4458.1,4458.0,6214.9,6215.7,6216.0,8697.5,8696.1,8696.0,5262.3,5261.6,5262.9,7480.8,7480.3,7479.7,6155.0,6155.0,6156.1,1874.3,1872.9,1873.0,3712.9,3713.0,3714.5,2600.4,2599.5,2600.0,2919.2,2918.5,2918.9,27.480000,28.059999,going to home base
2024-04-12T23:03:49Z,2395.0,2394.7,2395.2,2653.9,2653.7,2654.6,5726.4,5726.0,5726.0,2355.3,2355.0,2355.8,3532.3,3532.2,3531.6,4458.0,4457.9,4457.8,6215.0,6214.8,6214.5,8697.7,8698.1,8698.3,5260.7,5261.0,5261.8,7481.9,7480.7,7480.0,6155.2,6154.1,6156.5,1873.9,1872.7,1872.6,3713.0,3713.1,3714.1,2600.3,2599.9,2599.6,2920.7,2920.4,2920.7,27.510000,28.080000,going to home base
2024-04-12T23:03:54Z,2395.6,2395.5,2395.3,2653.7,2653.9,2654.5,5726.2,5726.2,5726.3,2357.1,2357.3,2357.4,3532.1,3532.5,3532.2,4458.3,4457.8,4458.1,6215.7,6215.9,6215.0,8697.8,8695.7,8697.7,5261.6,5261.2,5262.9,7481.7,7480.4,7479.6,6155.2,6154.9,6155.0,1874.4,1872.7,1872.4,3713.8,3712.8,3714.1,2600.7,2599.4,2599.2,2920.2,2920.3,2921.4,27.510000,28.040001,going to home base
2024-04-12T23:03:59Z,2396.6,2395.7,2395.9,2654.1,2653.4,2654.0,5726.6,5726.1,5725.5,2356.2,2356.2,2356.7,3532.5,3531.8,3531.5,4458.3,4458.2,4458.3,6212.6,6211.5,6213.9,8698.2,8697.8,8698.0,5263.4,5262.4,5264.1,7483.8,7483.4,7483.5,6155.3,6155.4,6156.2,1873.4,1871.8,1872.2,3714.3,3714.0,3715.0,2600.3,2599.8,2599.5,2919.7,2919.0,2919.8,27.490000,28.040001,going to home base
2024-04-12T23:04:04Z,2395.7,2395.1,2395.2,2653.1,2653.3,2653.8,5726.9,5726.0,5726.3,2355.7,2355.6,2356.1,3532.6,3532.3,3531.8,4457.9,4457.9,4458.3,6218.3,6216.9,6217.4,8696.0,8695.4,8697.2,5262.8,5262.4,5262.3,7483.3,7482.8,7481.7,6157.0,6156.5,6157.8,1873.3,1871.6,1871.6,3713.0,3712.8,3713.9,2600.5,2599.7,2599.8,2919.5,2917.9,2919.6,27.510000,28.070000,going to home base
2024-04-12T23:04:09Z,2395.9,2395.6,2396.1,2653.3,2653.2,2653.0,5726.5,5726.0,5726.2,2356.4,2356.5,2356.9,3533.2,3532.8,3533.0,4458.5,4458.1,4458.5,6219.5,6218.9,6219.2,8697.7,8696.5,8698.1,5262.3,5262.8,5262.5,7481.7,7482.0,7481.5,6157.4,6156.7,6158.3,1873.7,1872.4,1872.3,3713.2,3712.9,3713.9,2600.0,2599.6,2599.7,2920.4,2920.2,2921.0,27.510000,28.059999,going to home base
2024-04-12T23:04:19Z,2396.1,2395.3,2395.4,2653.2,2653.2,2652.9,5726.4,5726.1,5726.0,2356.1,2355.9,2356.6,3532.7,3533.2,3532.9,4458.9,4458.8,4458.4,6218.6,6219.2,6219.0,8start,27099.2,27093.9,2396.1,2395.4,2395.0,2653.3,2653.6,2653.9,5727.2,5726.3,5726.2,3782.5,88809.1,88819.1,14402.9,14402.7,14403.3,3533.7,3533.6,3533.1,4458.2,4458.2,4458.2,6214.5,16751.1,going to home base
2024-04-12T23:04:29Z,2396.3,2395.2,2395.5,2653.7,2653.5,2654.0,5726.4,5725.7,5726.3,2356.5,2356.3,2356.8,3533.1,3533.5,3532.3,4458.4,4458.5,4458.5,6212.4,6210.8,6213.2,8697.9,8697.9,8695.5,5261.4,5261.0,5261.6,7480.8,7478.8,7480.9,6155.3,6156.6,6156.2,1873.9,1872.5,1872.7,3712.3,3712.4,3713.3,2600.6,2599.8,2599.9,2919.4,2919.0,2919.4,27.510000,28.080000,going to home base
2024-04-12T23:04:34Z,2395.5,2394.9,2395.1,2653.5,2652.9,2653.2,5725.9,5725.3,5725.3,2356.8,2356.5,2356.9,3531.6,3531.4,3531.4,4458.7,4458.5,4458.0,6215.3,6217.4,6215.6,8698.6,8697.7,8698.7,5261.6,5261.2,5261.5,7480.5,7479.7,7479.4,6158.0,6157.4,6157.3,1873.4,1871.9,1872.0,3712.3,3712.1,3713.4,2599.3,2598.5,2599.1,2919.1,2919.0,2919.6,27.510000,28.040001,going to home base
2024-04-12T23:04:39Z,2395.2,2394.7,2394.4,2653.4,2652.9,2653.3,5725.8,5725.9,5725.8,2356.5,2356.6,2357.4,3532.3,3532.0,3532.2,4457.9,4457.6,4457.8,6217.8,6217.2,6217.9,8698.0,8697.6,8696.9,5261.5,5260.7,5261.3,7480.3,7479.2,7478.4,6156.1,6157.6,6156.3,1873.3,1872.0,1872.2,3711.8,3711.2,3712.1,2599.1,2598.8,2599.1,2919.6,2919.4,2919.3,27.459999,28.030001,going to home base
2024-04-12T23:04:44Z,2395.7,2395.4,2395.2,2653.1,2652.7,2653.6,5726.3,5725.9,5726.9,2357.0,2356.5,2356.8,3532.3,3531.8,3531.7,4458.0,4457.9,4457.3,6215.3,6215.9,6215.9,8696.3,8698.4,8696.8,5260.5,5260.2,5261.5,7480.9,7480.1,7481.4,6159.2,6158.0,6159.0,1873.8,1872.1,1872.3,3712.3,3711.9,3712.9,2600.3,2599.7,2599.6,2918.7,2918.6,2918.8,27.490000,28.070000,going to home base
2024-04-12T23:04:49Z,2395.9,2394.7,2395.2,2652.5,2652.3,2653.3,5726.3,5725.8,5725.8,2356.0,2355.9,2356.3,3532.1,3531.5,3531.3,4457.7,4457.4,4457.1,6213.8,6214.9,6214.8,8697.0,8696.6,8695.8,5260.0,5259.9,5260.9,7482.1,7480.5,7479.9,6157.4,6156.3,6155.4,1873.8,1872.0,1872.4,3711.9,3711.6,3712.7,2600.3,2599.4,2599.8,2919.6,2917.8,2918.9,27.510000,28.059999,going to home base
2024-04-12T23:04:54Z,2395.3,2394.4,2394.7,2653.2,2653.0,2653.8,5725.6,5725.3,5725.5,2356.2,2356.1,2356.6,3531.6,3531.5,3531.8,4458.0,4457.9,4457.7,6213.0,6213.1,6214.4,8697.8,8696.5,8697.3,5259.5,5260.1,5260.9,7480.0,7478.2,7478.8,6153.9,6154.3,6153.6,1873.0,1871.7,1871.4,3711.5,3711.2,3712.4,2599.6,2599.0,2598.9,2919.5,2918.6,2918.9,27.490000,28.110001,going to home base
2024-04-12T23:04:59Z,2395.6,2395.0,2394.9,2653.8,2653.7,2653.9,5725.7,5725.8,5725.5,2356.0,2355.8,2356.2,3531.5,3531.1,3530.7,4457.7,4457.4,4457.0,6213.7,6212.8,6213.8,8696.1,8695.3,8695.4,5260.7,5260.9,5260.8,7480.9,7481.2,7480.7,6153.3,6155.5,6156.0,1873.1,1871.9,1871.7,3712.1,3712.0,3712.7,2600.0,2598.9,2599.0,2916.5,2916.6,2916.7,27.490000,28.080000,going to home base
2024-04-12T23:05:04Z,2395.8,2394.5,2395.4,2653.4,2653.2,2653.6,5725.6,5725.7,5725.0,2355.6,2355.5,2356.2,3532.5,3532.5,3532.3,4457.6,4457.3,4457.3,6216.7,6215.7,6216.4,8695.9,8695.1,8695.7,5260.7,5261.2,5261.2,7482.0,7480.4,7480.9,6154.5,6153.4,6154.2,1873.8,1871.6,1871.9,3711.5,3711.6,3712.6,2599.6,2599.1,2598.9,2916.9,2916.4,2916.5,27.480000,28.110001,going to home base
2024-04-12T23:05:09Z,2395.5,2394.9,2395.1,2653.5,2653.5,2653.9,5726.1,5725.3,5725.5,2354.8,2354.7,2354.6,3532.9,3532.0,3531.9,4457.1,4456.8,4457.1,6215.6,6216.5,6217.9,8699.2,8697.2,8697.8,5262.8,5262.5,5261.4,7481.6,7480.6,7481.7,6153.3,6155.3,6155.9,1874.1,1872.7,1872.5,3711.4,3711.7,3712.3,2599.2,2598.6,2598.9,2917.6,2917.8,2917.3,27.490000,28.070000,going to home base
2024-04-12T23:05:14Z,2395.9,2395.0,2395.3,2652.6,2653.5,2653.6,5726.2,5725.7,5725.6,2355.4,2354.7,2355.8,3532.8,3532.4,3532.0,4457.5,4457.3,4457.7,6214.8,6214.3,6215.1,8698.1,8699.0,8698.0,5261.0,5261.1,5261.3,7481.5,7480.6,7481.2,6156.8,6157.1,6156.0,1873.6,1872.2,1871.8,3712.3,3712.3,3712.5,2600.1,2599.5,2599.2,2918.2,2917.8,2917.7,27.510000,28.110001,going to home base
2024-04-12T23:05:19Z,2396.2,2395.3,2395.6,2653.2,2653.5,2654.2,5726.4,5726.0,5725.7,2355.5,2356.1,2356.2,3532.9,3532.3,3532.0,4457.2,4457.5,4457.2,6214.7,6213.7,6214.3,8699.0,8698.9,8698.8,5261.4,5260.8,5261.2,7483.2,7481.3,7481.4,6156.7,6155.3,6156.7,1873.5,1872.1,1871.9,3712.5,3713.0,3712.9,2599.5,2598.3,2599.1,2917.6,2916.5,2916.9,27.490000,28.080000,going to home base
2024-04-12T23:05:24Z,2396.0,2395.2,2395.3,2653.0,2652.9,2653.7,5725.7,5725.7,5726.3,2356.0,2356.4,2356.6,3531.5,3532.0,3531.2,4457.5,4457.7,4457.4,6212.3,6211.3,6211.4,8699.5,8699.2,8700.5,5262.3,5262.1,5262.0,7483.3,7481.4,7481.4,6157.7,6155.8,6156.3,1873.8,1872.3,1872.3,3712.4,3713.0,3713.3,2599.6,2598.8,2598.6,2918.5,2917.7,2917.6,27.480000,28.080000,going to home base
2024-04-12T23:05:29Z,2395.3,2394.7,2394.7,2653.1,2653.3,2653.1,5725.3,5725.3,5725.9,2355.5,2355.3,2355.8,3531.4,3530.7,3530.8,4457.5,4457.4,4458.0,6213.6,6212.2,6213.3,8700.4,8699.1,8698.6,5260.4,5259.5,5259.7,7482.9,7481.8,7481.7,6154.3,6154.8,6155.6,1873.4,1871.3,1871.6,3712.7,3713.1,3713.6,2599.3,2599.2,2598.2,2917.8,2917.4,2917.7,27.490000,28.070000,going to home base
2024-04-12T23:05:34Z,2395.6,2394.5,2394.7,2653.1,2653.3,2653.8,5725.5,5725.2,5725.1,2355.2,2355.4,2355.7,3531.9,3531.7,3532.0,4457.7,4457.3,4457.5,6213.1,6212.3,6212.3,8699.3,8697.9,8698.2,5260.2,5259.6,5260.6,7482.3,7481.1,7482.1,6152.3,6152.3,6154.5,1873.7,1872.1,1872.0,3711.9,3712.2,3712.9,2599.9,2598.6,2598.9,2919.3,2918.2,2917.4,27.510000,28.059999,going to home base
2024-04-12T23:05:39Z,2395.8,2394.8,2395.2,2653.1,2652.6,2653.2,5725.5,5725.5,5725.6,2356.0,2355.3,2356.6,3531.9,3531.1,3531.2,4457.7,4456.9,4456.9,6214.1,6215.3,6212.4,8698.4,8697.1,8697.9,5259.9,5260.0,5260.3,7483.1,7481.4,7480.9,6153.8,6154.4,6153.8,1874.1,1873.2,1872.6,3711.4,3711.5,3712.1,2599.8,2598.0,2598.1,2918.0,2918.9,2918.7,27.490000,28.070000,going to home base
2024-04-12T23:05:44Z,2395.6,2394.9,2394.9,2653.1,2653.0,2653.7,5725.5,5724.7,5724.6,2355.9,2355.8,2356.2,3531.4,3531.2,3531.3,4457.7,4457.5,4457.6,6215.4,6215.8,6215.6,8696.6,8697.4,8698.4,5260.4,5260.9,5261.8,7481.2,7480.3,7480.7,6154.0,6154.2,6153.3,1874.3,1872.7,1872.7,3712.1,3712.0,3712.7,2599.1,2598.3,2598.5,2919.0,2918.6,2919.1,27.490000,28.040001,going to home base
2024-04-12T23:05:49Z,2394.6,2393.9,2393.9,2652.4,2652.5,2653.3,5724.6,5724.6,5724.5,2356.5,2356.6,2356.8,3530.9,3531.3,3531.0,4457.3,4457.1,4456.7,6211.9,6213.6,6213.5,8696.1,8696.7,8696.1,5259.9,5259.0,5260.3,7483.8,7483.4,7481.8,6153.7,6153.3,6152.4,1873.8,1872.7,1872.2,3710.1,3710.0,3711.1,2599.5,2598.4,2598.8,2919.9,2919.1,2920.3,27.510000,28.040001,going to home base
2024-04-12T23:05:54Z,2394.6,2394.1,2394.3,2653.7,2653.2,2653.3,5724.6,5723.6,5723.8,2356.2,2355.7,2356.6,3532.0,3531.3,3531.8,4457.0,4457.2,4456.9,6212.1,6210.7,6210.0,8697.1,8696.0,8696.2,5259.1,5258.3,5260.1,7481.0,7479.8,7480.6,6151.7,6151.8,6152.1,1874.0,1873.0,1872.6,3712.1,3711.5,3712.5,2598.5,2597.4,2597.7,2920.9,2919.5,2919.6,27.510000,28.070000,going to home base
2024-04-12T23:05:59Z,2395.2,2394.9,2395.0,2653.0,2653.0,2654.0,5725.2,5724.6,5724.7,2355.7,2356.0,2356.0,3531.1,3530.4,3530.3,4456.5,4456.7,4456.6,6211.5,6211.6,6210.8,8693.3,8692.4,8693.0,5260.8,5260.3,5260.6,7480.6,7478.9,7480.6,6154.5,6153.9,6153.9,1873.9,1872.6,1872.2,3711.9,3711.3,3712.5,2598.5,2598.1,2598.5,2918.1,2917.4,2917.4,27.510000,28.070000,going to home base
2024-04-12T23:06:04Z,2394.7,2394.0,2394.5,2652.3,2652.6,2652.4,5724.6,5724.4,5724.2,2355.2,2355.1,2355.9,3531.4,3531.4,3531.6,4457.3,4457.0,4457.1,6210.2,6208.9,6209.4,8697.2,8694.7,8695.9,5259.6,5259.4,5259.7,7481.2,7479.4,7480.6,6153.8,6152.9,6153.3,1873.5,1872.1,1871.9,3709.6,3709.7,3710.4,2598.6,2598.1,2597.8,2918.9,2918.5,2918.3,27.490000,28.040001,going to home base
2024-04-12T23:06:09Z,2394.9,2394.4,2394.7,2651.7,2651.4,2652.0,5724.5,5724.3,5724.1,2354.0,2354.2,2355.2,3530.1,3529.8,3529.8,4456.7,4456.5,4456.9,6213.1,6213.8,6213.7,8694.5,8694.9,8693.8,5258.6,5259.6,5261.2,7482.9,7482.8,7483.0,6153.5,6153.0,6153.1,1872.7,1871.5,1871.4,3710.0,3710.0,3711.2,2599.3,2598.3,2598.5,2918.2,2918.5,2918.0,27.490000,28.070000,going to home base
2024-04-12T23:06:14Z,2395.4,2395.0,2394.6,2651.9,2652.4,2652.4,5724.8,5724.4,5724.4,2355.5,2355.5,2355.6,3530.8,3530.9,3530.1,4456.6,4456.8,4456.8,6211.9,6212.7,6212.7,8695.5,8694.5,8693.8,5260.8,5259.5,5262.0,7479.9,7479.0,7481.1,6155.0,6155.0,6155.0,1873.1,1871.9,1872.0,3710.0,3710.6,3711.5,2599.6,2598.6,2598.8,2917.2,2916.1,2917.9,27.490000,28.070000,going to home base
2024-04-12T23:06:19Z,2394.9,2394.4,2394.7,2652.0,2651.7,2652.5,5724.3,5724.1,5724.1,2355.4,2355.2,2354.9,3529.8,3529.3,3529.4,4456.3,4456.1,4455.9,6209.7,6210.9,6211.5,8692.4,8692.8,8692.2,5259.7,5260.0,5260.3,7478.7,7478.4,7477.4,6154.2,6153.1,6152.6,1873.6,1872.1,1872.0,3710.6,3710.5,3712.1,2598.7,2598.1,2598.2,2919.3,2917.7,2916.8,27.510000,28.040001,going to home base
2024-04-12T23:06:24Z,2394.7,2394.1,2394.9,2652.0,2652.0,2652.2,5724.7,5723.6,5724.0,2354.9,2354.9,2355.4,3530.6,3530.2,3529.9,4457.0,4456.7,4456.5,6212.7,6211.7,6212.1,8696.6,8695.1,8694.2,5259.1,5258.6,5258.8,7479.6,7479.2,7477.4,6153.8,6154.0,6154.9,1872.6,1871.5,1870.9,3710.9,3710.4,3711.6,2599.2,2598.1,2598.0,2916.0,2916.2,2917.0,27.480000,28.080000,going to home base
2024-04-12T23:06:29Z,2395.6,2394.7,2395.2,2651.9,2651.9,2652.4,5724.2,5723.8,5724.3,2355.4,2355.3,2356.0,3531.1,3531.7,3531.4,4456.9,4456.6,4456.8,6210.1,6209.7,6211.1,8694.0,8695.3,8696.4,5259.2,5258.1,5260.7,7478.8,7476.1,7476.1,6155.9,6155.7,6155.0,1873.5,1872.3,1872.3,3709.8,3710.1,3711.1,2598.4,2597.1,2597.0,2918.2,2917.5,2918.8,27.490000,28.030001,going to home base
2024-04-12T23:06:34Z,2395.2,2394.6,2395.3,2651.7,2651.9,2652.8,5724.4,5723.5,5723.8,2355.7,2355.6,2356.0,3531.2,3531.0,3530.9,4456.4,4456.1,4455.8,6211.7,6210.9,6211.8,8694.3,8693.7,8693.7,5258.8,5257.9,5259.0,7478.6,7478.9,7478.9,6152.1,6154.1,6154.5,1873.1,1871.8,1871.2,3710.1,3710.3,3710.9,2598.1,2597.4,2598.0,2918.3,2917.4,2918.3,27.490000,28.080000,going to home base
2024-04-12T23:06:39Z,2396.0,2395.0,2395.7,2651.1,2651.7,2651.4,5723.9,5723.7,5723.9,2356.3,2355.6,2356.6,3531.1,3530.6,3530.1,4456.5,4456.2,4456.5,6208.6,6208.8,6209.9,8692.7,8692.5,8692.6,5258.5,5258.6,5259.1,7479.6,7479.4,7480.6,6154.0,6151.9,6154.1,1873.2,1871.8,1871.8,3710.8,3710.2,3711.4,2599.8,2599.1,2599.0,2918.7,2917.4,2917.7,27.459999,28.080000,going to home base
2024-04-12T23:06:44Z,2396.1,2395.5,2395.6,2652.7,2652.5,2652.6,5725.2,5724.4,5724.7,2354.8,2355.0,2355.1,3531.1,3531.2,3531.2,4456.7,4456.8,4456.9,6208.9,6207.0,6208.8,8695.4,8693.5,8693.6,5260.1,5258.9,5260.1,7479.6,7479.8,7478.5,6155.2,6154.1,6154.2,1873.3,1871.9,1872.1,3710.2,3710.8,3711.3,2598.5,2598.5,2598.2,2915.6,2915.9,2916.3,27.480000,28.040001,going to home base
2024-04-12T23:06:49Z,2395.8,2394.7,2395.1,2652.2,2652.1,2652.8,5725.2,5724.8,5724.6,2355.2,2355.1,2355.2,3530.0,3530.4,3530.6,4456.1,4455.8,4456.1,6210.7,6211.1,6213.4,8696.8,8694.3,8695.3,5259.1,5260.2,5260.1,7478.4,7478.1,7477.4,6149.6,6149.1,6150.6,1873.0,1871.7,1871.2,3711.0,3710.9,3711.2,2598.7,2597.8,2597.6,2917.4,2916.9,2917.7,27.490000,28.070000,going to home base
2024-04-12T23:06:54Z,2395.1,2394.7,2394.9,2651.4,2651.6,2651.0,5724.6,5724.3,5724.4,2355.7,2355.6,2355.9,3530.2,3530.4,3530.7,4456.8,4456.3,4456.2,6208.8,6207.5,6208.5,8693.4,8692.7,8693.0,5259.4,5260.2,5260.4,7480.1,7477.3,7478.3,6151.8,6151.5,6152.7,1873.6,1872.0,1871.8,3710.9,3710.2,3711.4,2598.6,2597.9,2597.7,2917.3,2916.7,2916.4,27.480000,28.100000,going to home base
2024-04-12T23:06:59Z,2395.7,2395.0,2395.3,2652.4,2652.3,2653.0,5725.2,5724.6,5724.7,2354.5,2354.8,2355.6,3531.2,3530.2,3530.6,4455.8,4455.7,4455.9,6209.3,6209.0,6210.2,8692.7,8692.3,8692.6,5259.5,5257.7,5258.9,7481.8,7480.1,7479.8,6153.7,6153.0,6154.7,1873.1,1871.6,1871.8,3710.1,3709.6,3710.4,2599.1,2598.3,2598.2,2918.0,2917.4,2917.5,27.490000,28.080000,going to home base
2024-04-12T23:07:04Z,2395.6,2394.5,2394.7,2652.2,2651.7,2652.4,5724.8,5724.3,5724.4,2355.5,2355.6,2355.8,3531.6,3530.7,3531.7,4456.4,4457.0,4456.8,6211.8,6212.3,6211.4,8697.1,8696.8,8696.9,5260.8,5260.9,5261.1,7479.4,7479.2,7478.9,6150.3,6152.6,6152.0,1873.5,1872.1,1872.0,3710.0,3709.9,3710.7,2598.9,2597.9,2598.2,2917.4,2916.8,2917.1,27.480000,28.100000,going to home base
2024-04-12T23:07:09Z,2396.0,2395.3,2395.6,2652.7,2652.4,2652.3,5725.1,5724.8,5724.5,2355.7,2355.7,2355.7,3531.5,3531.0,3531.3,4456.5,4456.6,4456.0,6211.2,6211.3,6213.0,8697.9,8697.1,8696.8,5260.4,5259.8,5260.9,7479.9,7478.5,7477.8,6155.9,6155.0,6154.8,1873.8,1872.6,1872.4,3710.8,3710.9,3711.2,2598.7,2598.0,2598.4,2918.6,2917.8,2917.7,27.450001,28.120001,going to home base
2024-04-12T23:07:14Z,2395.4,2394.9,2394.9,2652.2,2652.2,2652.3,5725.2,5724.9,5724.4,2355.1,2354.6,2355.4,3530.5,3530.8,3530.4,4456.6,4457.0,4456.5,6208.7,6208.8,6210.3,8699.8,8695.8,8697.1,5260.2,5258.3,5258.5,7480.6,7477.6,7477.9,6154.5,6154.8,6153.0,1873.7,1872.5,1872.5,3710.6,3710.9,3711.5,2599.2,2598.5,2598.7,2917.2,2916.4,2916.1,27.480000,28.080000,going to home base
2024-04-12T23:07:19Z,2395.6,2395.3,2395.1,2652.3,2652.3,2652.7,5725.8,5725.2,5725.1,2355.6,2355.7,2356.2,3531.2,3531.0,3531.2,4456.3,4456.1,4456.6,6211.2,6210.0,6212.0,8697.7,8695.7,8696.4,5259.9,5259.5,5260.8,7479.4,7479.7,7480.2,6154.8,6154.3,6156.3,1873.5,1872.2,1872.4,3711.0,3711.2,3712.4,2598.8,2598.3,2598.2,2918.8,2918.2,2918.4,27.480000,28.040001,going to home base
2024-04-12T23:07:24Z,2395.1,2394.2,2394.5,2652.9,2652.5,2652.9,5725.4,5725.1,5725.5,2356.7,2356.3,2356.7,3531.4,3531.4,3530.8,4456.3,4456.3,4456.1,6213.5,6211.3,6212.5,8694.8,8694.8,8695.4,5261.1,5260.2,5261.6,7479.8,7477.7,7477.7,6157.1,6156.7,6156.0,1873.3,1871.7,1871.7,3710.8,3711.2,3712.2,2598.5,2597.8,2598.8,2918.7,2917.7,2917.9,27.459999,28.100000,going to home base
2024-04-12T23:07:29Z,2395.3,2394.8,2394.7,2653.0,2653.6,2653.4,5725.6,5725.0,5725.2,2355.8,2355.8,2356.4,3531.3,3531.3,3530.9,4455.8,4455.7,4456.2,6212.8,6211.1,6211.6,8695.6,8695.7,8696.1,5259.6,5260.0,5261.9,7478.7,7478.8,7481.5,6153.8,6153.8,6154.2,1873.5,1872.0,1871.9,3710.8,3710.4,3712.0,2599.5,2598.3,2598.7,2917.5,2917.7,2917.9,27.459999,28.059999,going to home base
2024-04-12T23:07:34Z,2394.8,2393.6,2393.9,2652.4,2652.0,2652.6,5724.5,5724.4,5724.6,2356.8,2356.6,2356.9,3532.3,3531.7,3531.5,4456.5,4456.7,4456.4,6211.4,6211.2,6212.5,8694.2,8693.7,8695.4,5259.4,5259.9,5260.5,7481.2,7480.5,7480.9,6155.0,6153.6,6153.9,1873.6,1872.0,1871.9,3710.3,3710.3,3711.0,2599.2,2598.8,2598.5,2917.4,2916.9,2917.0,27.510000,28.110001,going to home base
2024-04-12T23:07:39Z,2394.6,2394.0,2393.9,2652.3,2651.7,2652.1,5724.1,5723.6,5723.8,2356.2,2356.5,2356.8,3531.7,3531.2,3531.3,4456.3,4456.4,4456.9,6209.9,6210.6,6212.4,8697.3,8697.1,8696.9,5260.7,5259.7,5261.3,7482.0,7479.2,7480.4,6157.8,6156.5,6156.2,1874.6,1872.7,1872.6,3711.3,3711.4,3712.1,2598.6,2598.4,2598.0,2917.6,2917.5,2917.4,27.490000,28.040001,going to home base
2024-04-12T23:07:44Z,2394.6,2394.1,2394.0,2652.4,2652.1,2652.1,5724.6,5724.0,5724.2,2356.7,2356.4,2357.5,3531.3,3531.0,3531.1,4456.6,4456.2,4456.4,6212.5,6211.2,6211.7,8694.9,8695.4,8696.5,5261.6,5260.6,5262.6,7481.1,7479.9,7480.6,6154.8,6154.6,6156.2,1873.3,1872.1,1871.7,3711.2,3711.0,3711.9,2598.7,2598.6,2598.7,2917.5,2915.6,2917.0,27.480000,28.080000,going to home base
2024-04-12T23:07:49Z,2395.4,2394.8,2394.7,2652.8,2652.2,2652.4,5724.4,5724.1,5724.1,2355.1,2355.3,2355.9,3530.9,3530.6,3530.4,4456.0,4456.0,4456.1,6212.4,6212.2,6215.2,8694.4,8695.2,8694.1,5261.1,5261.4,5262.1,7480.9,7481.0,7479.9,6154.8,6154.1,6155.4,1873.2,1871.6,1871.5,3711.2,3711.5,3712.1,2598.5,2598.1,2598.0,2918.9,2918.6,2918.5,27.480000,28.040001,going to home base
2024-04-12T23:07:54Z,2394.3,2394.1,2394.2,2652.0,2652.1,2651.9,5724.0,5723.1,5723.5,2355.9,2355.2,2356.1,3531.7,3531.4,3530.8,4456.5,4456.2,4456.4,6210.6,6210.2,6210.9,8694.6,8696.7,8696.4,5261.4,5261.0,5261.0,7479.9,7480.8,7481.0,6155.2,6154.4,6154.1,1873.7,1872.5,1872.2,3710.9,3711.1,3712.3,2597.8,2596.9,2597.3,2917.5,2917.0,2917.3,27.480000,28.100000,going to home base
2024-04-12T23:07:59Z,2395.0,2394.5,2394.9,2652.2,2651.4,2652.1,5724.3,5723.7,5724.0,2355.5,2355.5,2356.2,3531.2,3530.6,3530.8,4455.9,4456.3,4455.5,6210.2,6211.9,6212.1,8694.5,8693.7,8694.7,5261.6,5260.3,5261.4,7480.0,7479.1,7479.9,6156.1,6155.9,6155.8,1873.3,1871.8,1872.0,3711.5,3711.1,3712.2,2596.9,2597.0,2596.9,2918.5,2918.1,2918.5,27.490000,28.070000,going to home base
2024-04-12T23:08:04Z,2395.0,2394.2,2394.4,2651.9,2652.0,2652.0,5723.7,5723.3,5723.4,2356.4,2355.9,2356.3,3531.1,3530.6,3531.0,4456.6,4456.4,4456.1,6210.4,6210.8,6211.3,8694.1,8694.5,8694.2,5261.7,5260.2,5260.4,7480.4,7478.8,7481.0,6155.6,6154.3,6155.9,1873.2,1871.8,1871.6,3711.3,3711.1,3711.8,2598.0,2596.9,2596.5,2917.1,2916.5,2916.9,27.510000,28.049999,going to home base
2024-04-12T23:08:09Z,2394.7,2393.9,2394.5,2652.8,2652.3,2652.5,5723.7,5723.8,5723.3,2356.0,2356.1,2355.9,3530.7,3530.5,3530.4,4455.9,4456.0,4456.0,6210.2,6210.6,6211.4,8694.4,8692.9,8693.5,5258.9,5258.7,5260.3,7481.8,7479.7,7481.0,6154.9,6154.7,6156.3,1873.9,1872.3,1872.7,3710.4,3710.3,3711.5,2597.7,2597.1,2597.3,2919.4,2918.5,2919.0,27.480000,28.059999,going to home base
2024-04-12T23:08:14Z,2394.9,2394.4,2394.4,2652.1,2652.3,2652.6,5723.3,5722.9,5722.5,2355.5,2355.3,2355.5,3531.8,3531.2,3531.1,4455.7,4455.7,4455.5,6210.8,6210.9,6209.6,8689.6,8690.1,8689.9,5259.3,5259.9,5259.4,7479.5,7479.9,7479.4,6153.2,6152.8,6153.1,1873.0,1871.6,1871.1,3710.3,3710.4,3711.4,2597.2,2596.8,2597.0,2919.7,2918.9,2919.1,27.490000,28.040001,going to home base
2024-04-12T23:08:19Z,2394.9,2394.7,2394.7,2652.2,2652.2,2652.7,5723.5,5723.2,5723.5,2355.4,2354.6,2355.4,3530.6,3530.4,3530.5,4455.7,4455.6,4455.5,6210.5,6210.3,6208.8,8692.6,8692.2,8693.2,5259.1,5259.5,5259.5,7482.8,7481.7,7482.6,6153.4,6153.8,6152.8,1872.7,1871.4,1871.5,3711.3,3711.2,3712.3,2598.1,2597.4,2597.3,2917.7,2916.9,2917.4,27.510000,28.070000,going to home base
2024-04-12T23:08:24Z,2394.7,2394.2,2394.1,2652.7,2652.0,2652.9,5723.4,5723.7,5722.8,2355.8,2355.8,2356.3,3530.6,3530.0,3530.2,4456.2,4455.3,4456.0,6211.3,6211.8,6212.1,8692.8,8692.5,8692.2,5260.6,5260.2,5261.9,7482.2,7480.2,7478.3,6153.4,6154.1,6153.1,1873.3,1871.8,1871.8,3710.3,3710.4,3710.8,2597.7,2596.7,2597.2,2918.5,2918.4,2918.6,27.490000,28.080000,going to home base
2024-04-12T23:08:29Z,2395.0,2394.1,2394.4,2651.9,2652.3,2652.6,5723.8,5723.6,5723.9,2355.2,2355.1,2354.8,3531.1,3530.8,3530.5,4455.3,4455.1,4455.3,6212.3,6211.6,6212.3,8690.8,8690.4,8690.4,5259.4,5259.4,5259.7,7479.7,7478.8,7480.0,6153.4,6153.7,6153.1,1873.7,1872.1,1872.0,3710.9,3710.7,3711.5,2597.6,2596.8,2597.2,2919.2,2918.0,2918.8,27.459999,28.070000,going to home base
2024-04-12T23:08:34Z,2395.0,2394.4,2394.3,2653.0,2652.7,2653.1,5723.9,5723.2,5723.3,2355.3,2355.3,2355.5,3530.7,3530.0,3530.2,4455.9,4455.6,4455.9,6210.7,6209.1,6210.9,8692.3,8693.4,8692.9,5259.7,5259.3,5261.2,7478.8,7476.3,7478.6,6155.2,6152.8,6153.6,1873.6,1872.2,1872.0,3711.1,3711.3,3711.7,2597.9,2597.1,2597.0,2918.0,2917.7,2917.8,27.510000,28.040001,going to home base
2024-04-12T23:08:39Z,2395.0,2394.4,2394.5,2652.7,2652.5,2653.3,5723.5,5722.8,5722.9,2354.8,2354.6,2355.2,3530.6,3530.1,3530.1,4455.6,4455.6,4456.0,6212.5,6213.0,6214.6,8693.1,8693.3,8692.4,5258.4,5257.8,5258.7,7483.2,7482.3,7482.1,6152.2,6152.1,6150.1,1874.0,1872.1,1872.6,3710.2,3710.0,3711.1,2598.8,2598.0,2597.7,2919.6,2919.5,2920.0,27.480000,28.100000,going to home base
2024-04-12T23:08:44Z,2394.6,2394.9,2394.9,2652.7,2653.0,2652.9,5723.5,5722.5,5723.1,2355.2,2355.3,2356.3,3531.3,3530.5,3530.4,4456.1,4455.4,4455.3,6212.8,6212.6,6212.2,8690.8,8689.9,8690.6,5259.0,5258.1,5259.1,7482.9,7482.6,7480.0,6151.9,6153.1,6152.9,1873.9,1872.4,1872.5,3710.7,3710.2,3711.5,2598.3,2597.0,2596.7,2919.3,2918.8,2918.3,27.490000,28.070000,going to home base
2024-04-12T23:08:49Z,2394.9,2394.4,2394.7,2651.4,2652.2,2652.7,5723.4,5722.6,5723.4,2354.9,2355.1,2355.1,3530.2,3529.8,3530.4,4455.6,4455.6,4455.7,6212.3,6212.8,6214.8,8692.4,8691.8,8693.6,5259.2,5259.3,5261.2,7480.6,7479.6,7480.0,6154.0,6154.9,6154.6,1873.4,1872.0,1872.0,3709.9,3710.0,3711.1,2597.9,2597.4,2597.4,2919.1,2918.9,2918.7,27.480000,28.080000,going to home base
2024-04-12T23:08:54Z,2395.3,2394.7,2395.1,2651.7,2651.6,2652.5,5723.8,5723.4,5723.1,2354.8,2355.3,2355.6,3531.2,3530.8,3530.7,4455.6,4455.4,4456.0,6212.3,6209.6,6211.2,8695.4,8695.7,8695.7,5259.2,5258.0,5259.9,7480.2,7479.7,7479.3,6153.7,6153.4,6154.7,1874.1,1872.3,1872.1,3710.9,3710.7,3711.5,2598.4,2597.4,2598.1,2916.4,2916.4,2916.4,27.459999,28.040001,going to home base
2024-04-12T23:08:59Z,2395.0,2394.6,2394.5,2652.0,2652.4,2652.5,5724.0,5723.8,5723.7,2354.9,2354.7,2355.5,3531.9,3531.0,3531.2,4455.8,4455.7,4456.3,6209.6,6209.8,6209.8,8694.4,8691.7,8693.4,5259.5,5259.1,5261.1,7480.1,7480.1,7479.8,6154.0,6154.8,6155.3,1873.3,1872.1,1872.1,3711.0,3711.6,3712.9,2597.9,2597.0,2597.4,2917.3,2917.2,2917.5,27.480000,28.070000,going to home base
2024-04-12T23:09:04Z,2395.0,2394.2,2394.5,2653.1,2652.8,2653.4,5724.1,5723.5,5723.8,2356.1,2355.9,2356.5,3530.2,3529.9,3530.1,4455.8,4455.8,4455.3,6210.2,6209.2,6209.3,8691.8,8690.7,8691.7,5259.5,5259.5,5259.6,7479.9,7478.1,7477.5,6152.1,6151.3,6152.1,1873.9,1872.4,1871.9,3711.1,3711.7,3712.7,2597.8,2597.1,2597.1,2917.9,2917.5,2916.8,27.490000,28.110001,going to home base
2024-04-12T23:09:09Z,2395.7,2395.2,2395.1,2653.3,2652.2,2652.5,5724.3,5723.9,5723.2,2355.2,2354.6,2355.2,3530.8,3530.1,3530.8,4456.6,4456.1,4455.7,6210.2,6210.4,6210.1,8692.1,8691.5,8691.8,5259.2,5260.5,5260.5,7479.8,7479.0,7478.9,6154.4,6152.4,6154.2,1873.8,1872.2,1872.3,3711.4,3711.1,3712.5,2598.1,2597.5,2597.6,2917.7,2917.0,2917.5,27.490000,28.100000,going to home base
2024-04-12T23:09:19Z,2394.6,2393.8,2394.2,2652.7,2652.9,2652.7,5725.3,5724.5,5724.8,2354.8,2355.0,2355.3,3530.6,3530.0,3530.2,4456.7,4455.7,4455.7,6212.1,6210.3,6210.6,8691.0,8691.0,8690.6,5260.6,5259.9,5259.5,7479.6,7479.6,7479.4,6151.3,6152.0,6155.1,1873.5,1872.1,1start,27095.4,27100.1,2395.1,2394.3,2394.4,2653.0,2652.8,2653.3,5725.1,2354.2,2353.8,going to home base
2024-04-12T23:09:29Z,2394.7,2394.0,2394.1,2652.7,2652.5,2652.9,5724.8,5724.3,5724.4,2353.9,2353.9,2354.1,3530.8,3531.0,3530.7,4455.9,4456.0,4456.3,6212.6,6212.6,6211.9,8690.1,8689.2,8689.4,5259.6,5259.7,5261.0,7479.0,7479.5,7479.4,6153.4,6153.7,6152.8,1873.4,1872.2,1871.8,3711.2,3710.9,3711.8,2598.6,2597.8,2597.8,2918.4,2918.4,2918.2,27.480000,28.100000,going to home base
2024-04-12T23:09:34Z,2395.3,2394.2,2394.4,2652.4,2652.7,2653.1,5724.5,5723.9,5724.5,2355.2,2355.1,2355.8,3530.3,3529.9,3529.8,4455.7,4455.8,4455.6,6207.5,6207.4,6207.4,8692.4,8692.8,8693.2,5259.4,5258.9,5260.3,7480.9,7480.4,7481.0,6153.2,6155.6,6153.6,1873.5,1871.7,1871.8,3711.7,3711.7,3712.6,2598.3,2597.4,2597.5,2918.2,2917.9,2917.3,27.480000,28.080000,going to home base
2024-04-12T23:09:39Z,2394.9,2394.6,2394.7,2653.2,2653.2,2652.9,5725.1,5725.0,5724.6,2354.9,2355.0,2355.2,3530.5,3530.6,3530.6,4455.6,4455.7,4455.4,6208.8,6208.8,6210.4,8689.1,8688.9,8690.2,5260.0,5260.4,5261.2,7480.0,7480.4,7479.9,6152.1,6152.0,6153.0,1873.2,1871.9,1871.7,3711.8,3711.7,3712.8,2598.6,2597.9,2598.1,2917.5,2916.5,2916.1,27.480000,28.080000,going to home base
2024-04-12T23:09:44Z,2395.0,2394.4,2394.5,2653.0,2653.1,2653.1,5724.3,5724.4,5724.3,2354.6,2354.8,2355.5,3531.8,3531.7,3531.6,4455.7,4455.7,4455.3,6210.1,6209.5,6209.9,8690.1,8688.4,8689.6,5260.0,5260.1,5260.2,7480.4,7479.8,7479.8,6153.5,6153.0,6153.4,1873.2,1871.8,1872.0,3711.2,3711.0,3712.1,2599.5,2598.3,2598.4,2918.6,2918.2,2918.8,27.490000,28.110001,going to home base
2024-04-12T23:09:49Z,2395.0,2394.6,2394.5,2652.5,2653.1,2653.5,5724.6,5723.8,5724.1,2354.4,2354.9,2355.3,3530.2,3530.7,3530.3,4454.8,4454.7,4455.3,6210.4,6209.9,6210.5,8693.9,8692.9,8691.6,5259.9,5258.9,5260.7,7481.8,7481.6,7480.9,6154.0,6154.5,6154.8,1873.2,1871.7,1871.7,3712.6,3712.2,3713.0,2599.0,2598.1,2598.0,2918.1,2918.1,2918.8,27.490000,28.129999,going to home base
2024-04-12T23:09:54Z,2394.9,2394.1,2394.4,2653.4,2652.6,2652.6,5724.7,5724.3,5724.7,2355.0,2354.9,2355.6,3530.9,3529.9,3529.5,4455.4,4455.0,4455.2,6209.4,6209.3,6210.6,8693.3,8692.8,8693.4,5259.4,5259.1,5261.0,7481.2,7480.6,7480.4,6155.0,6155.7,6155.2,1873.9,1872.1,1872.2,3711.6,3711.3,3712.2,2598.6,2597.6,2597.7,2919.6,2918.7,2919.2,27.490000,28.080000,going to home base
2024-04-12T23:09:59Z,2394.5,2394.3,2394.0,2653.0,2652.6,2653.2,5724.3,5724.3,5724.1,2354.0,2353.8,2354.7,3531.0,3531.0,3530.8,4455.3,4455.1,4455.4,6207.3,6207.7,6207.1,8694.3,8694.5,8696.6,5259.9,5259.5,5259.8,7480.7,7480.2,7481.3,6154.2,6154.4,6153.2,1873.8,1872.3,1872.4,3711.4,3711.4,3711.7,2599.7,2599.1,2599.5,2918.4,2918.0,2918.0,27.480000,28.110001,going to home base
2024-04-12T23:10:04Z,2395.1,2394.4,2394.5,2652.4,2652.5,2652.8,5724.5,5724.0,5724.3,2356.2,2355.2,2356.5,3530.1,3530.2,3529.8,4456.1,4456.0,4456.2,6212.4,6211.2,6212.1,8691.8,8691.6,8691.9,5260.2,5260.0,5261.3,7481.1,7479.8,7480.8,6155.2,6152.5,6154.2,1874.1,1872.6,1872.4,3712.2,3712.4,3713.2,2599.1,2598.3,2599.5,2917.4,2916.2,2917.0,27.490000,28.070000,going to home base
2024-04-12T23:10:09Z,2395.2,2394.2,2394.4,2652.5,2652.9,2653.3,5724.9,5724.5,5724.5,2354.6,2354.8,2355.4,3529.0,3528.9,3528.5,4455.7,4455.6,4455.7,6210.5,6210.2,6210.8,8692.0,8692.4,8691.8,5260.0,5259.8,5260.3,7480.7,7478.8,7478.3,6153.5,6153.1,6154.4,1873.4,1872.3,1871.8,3711.7,3711.5,3713.0,2599.4,2598.4,2598.7,2919.5,2918.6,2918.9,27.480000,28.040001,going to home base
2024-04-12T23:10:14Z,2394.6,2393.9,2394.2,2652.4,2652.4,2652.7,5724.5,5724.6,5724.3,2355.5,2355.1,2355.6,3530.6,3531.1,3530.6,4455.8,4455.4,4455.7,6211.9,6209.8,6211.5,8694.3,8693.6,8694.4,5261.4,5260.2,5261.1,7479.8,7480.5,7480.1,6155.3,6154.9,6155.8,1874.1,1873.0,1872.4,3711.7,3711.9,3713.0,2600.0,2598.9,2598.2,2918.6,2918.8,2919.4,27.520000,28.080000,going to home base
2024-04-12T23:10:19Z,2395.0,2393.6,2394.4,2653.1,2653.1,2653.6,5724.7,5724.9,5725.3,2354.4,2354.2,2354.9,3530.1,3529.6,3529.7,4456.1,4456.1,4455.9,6210.9,6211.4,6209.2,8694.7,8694.1,8694.7,5262.2,5261.3,5261.2,7481.8,7480.8,7480.2,6152.5,6152.5,6153.6,1873.5,1872.3,1872.5,3711.8,3712.4,3713.3,2599.6,2598.6,2598.6,2919.3,2918.5,2918.6,27.490000,28.129999,going to home base
2024-04-12T23:10:24Z,2394.9,2394.2,2394.8,2653.3,2653.1,2653.4,5726.3,5725.6,5725.8,2354.7,2354.9,2355.4,3531.0,3529.8,3530.0,4456.1,4455.8,4456.1,6210.3,6210.0,6209.7,8694.6,8693.0,8693.6,5261.1,5261.3,5261.6,7481.1,7481.0,7479.9,6157.2,6155.7,6158.0,1873.9,1872.2,1872.4,3712.1,3712.0,3713.7,2599.5,2598.5,2599.0,2918.4,2918.4,2918.9,27.480000,28.110001,going to home base
2024-04-12T23:10:29Z,2395.1,2394.0,2394.4,2651.6,2651.2,2651.6,5725.1,5724.4,5724.4,2354.9,2354.8,2355.3,3531.2,3530.6,3530.6,4456.2,4456.8,4456.6,6209.2,6208.7,6208.4,8694.6,8694.0,8693.6,5261.5,5260.9,5262.9,7483.3,7481.2,7481.9,6156.7,6156.4,6155.9,1873.9,1872.9,1872.7,3711.6,3711.8,3712.6,2600.0,2599.1,2599.2,2917.1,2917.0,2917.6,27.490000,28.080000,going to home base
2024-04-12T23:10:34Z,2395.0,2394.4,2394.2,2652.1,2652.5,2653.0,5724.3,5723.8,5724.2,2354.7,2354.7,2355.1,3531.5,3531.3,3531.1,4456.9,4456.2,4456.7,6209.8,6211.0,6210.3,8692.6,8693.9,8693.0,5261.1,5261.6,5260.6,7481.9,7480.0,7479.6,6155.0,6156.0,6155.8,1874.4,1872.4,1872.4,3712.0,3711.6,3712.4,2599.7,2598.3,2599.0,2917.9,2917.9,2918.1,27.490000,28.070000,going to home base
2024-04-12T23:10:39Z,2394.2,2393.7,2393.7,2652.7,2652.7,2653.4,5724.2,5724.1,5724.3,2354.3,2354.5,2354.5,3531.1,3530.8,3530.3,4456.8,4456.1,4456.6,6208.6,6207.0,6207.0,8693.9,8692.7,8693.4,5260.1,5259.9,5260.1,7481.7,7480.7,7479.4,6154.6,6152.7,6154.3,1874.4,1873.0,1872.5,3711.8,3711.6,3712.2,2600.6,2599.2,2599.1,2918.4,2917.4,2918.1,27.490000,28.100000,going to home base
2024-04-12T23:10:44Z,2394.7,2394.5,2394.5,2652.3,2652.3,2652.4,5724.8,5724.5,5724.2,2354.3,2354.5,2355.1,3531.6,3531.1,3531.6,4455.7,4455.6,4455.4,6206.3,6208.6,6208.1,8691.7,8692.0,8693.4,5261.6,5261.3,5262.0,7480.8,7479.7,7479.2,6155.9,6156.1,6153.5,1874.3,1872.5,1872.5,3711.5,3712.0,3712.6,2600.5,2599.4,2599.2,2917.9,2918.1,2917.4,27.490000,28.070000,going to home base
2024-04-12T23:10:49Z,2394.3,2394.1,2394.1,2652.5,2652.9,2653.1,5724.1,5724.1,5724.0,2354.5,2354.6,2354.5,3531.2,3531.5,3530.7,4456.4,4456.4,4456.0,6208.9,6210.6,6211.0,8692.0,8692.2,8692.2,5260.2,5260.4,5261.6,7480.2,7481.5,7481.9,6152.0,6151.9,6152.9,1874.2,1872.6,1872.9,3711.7,3712.2,3713.0,2599.9,2599.1,2599.2,2917.9,2917.8,2917.5,27.490000,28.059999,going to home base
2024-04-12T23:10:54Z,2394.3,2393.8,2393.8,2652.6,2652.1,2653.1,5724.2,5723.3,5723.5,2353.9,2354.1,2354.7,3530.1,3530.2,3529.9,4456.3,4456.0,4456.4,6209.8,6209.4,6210.4,8693.7,8692.7,8691.8,5259.7,5259.3,5261.1,7479.9,7478.7,7480.0,6155.2,6156.3,6156.6,1874.0,1872.6,1872.2,3711.3,3711.8,3712.7,2599.4,2598.8,2598.8,2918.0,2917.4,2917.2,27.480000,28.049999,going to home base
2024-04-12T23:10:59Z,2394.8,2394.2,2393.9,2652.9,2653.2,2652.6,5723.2,5723.2,5723.6,2354.3,2354.2,2354.5,3530.5,3529.8,3531.3,4456.2,4456.3,4456.4,6213.3,6210.3,6210.1,8691.1,8690.2,8691.2,5260.5,5261.2,5261.5,7478.4,7477.8,7478.9,6151.5,6152.3,6153.5,1873.2,1872.3,1871.9,3711.7,3711.5,3712.5,2600.1,2599.2,2599.2,2918.9,2918.1,2918.4,27.510000,28.000000,going to home base
2024-04-12T23:11:04Z,2394.9,2394.1,2394.3,2652.5,2652.2,2652.7,5722.5,5722.5,5723.0,2354.1,2354.6,2354.2,3530.4,3529.8,3528.9,4456.2,4456.3,4456.0,6211.8,6211.1,6210.3,8693.7,8690.9,8691.8,5260.1,5259.4,5260.9,7480.8,7478.6,7478.3,6155.2,6155.3,6154.1,1873.9,1872.2,1872.0,3710.3,3710.3,3711.3,2598.9,2598.3,2598.2,2916.8,2916.3,2915.9,27.510000,28.080000,going to home base
2024-04-12T23:11:09Z,2395.2,2394.5,2394.4,2652.4,2651.8,2652.1,5723.4,5722.7,5723.1,2354.3,2354.7,2354.7,3529.3,3529.1,3529.1,4455.9,4455.9,4455.7,6207.9,6207.8,6208.4,8693.2,8693.3,8693.8,5260.9,5260.5,5261.3,7478.2,7478.2,7477.7,6154.6,6152.8,6153.7,1873.8,1872.0,1872.1,3710.4,3710.7,3711.6,2599.6,2599.3,2599.3,2919.4,2918.7,2919.1,27.510000,28.059999,going to home base
2024-04-12T23:11:14Z,2394.2,2393.7,2393.7,2651.8,2651.7,2652.4,5723.4,5723.4,5722.9,2354.6,2354.6,2354.7,3530.5,3530.0,3530.1,4455.9,4455.4,4455.8,6210.3,6210.9,6212.6,8691.0,8691.1,8689.9,5261.3,5261.7,5261.9,7479.5,7477.7,7479.6,6152.9,6154.6,6153.4,1873.4,1872.3,1872.3,3710.8,3710.8,3712.2,2599.2,2598.4,2598.6,2917.5,2917.0,2917.5,27.490000,28.070000,going to home base
2024-04-12T23:11:19Z,2394.5,2394.0,2394.4,2652.6,2652.5,2652.8,5723.6,5723.0,5722.8,2354.9,2354.8,2355.2,3530.3,3529.9,3529.7,4456.1,4456.2,4455.7,6209.0,6209.8,6208.3,8690.8,8691.4,8689.7,5260.7,5260.4,5261.1,7479.1,7478.1,7479.5,6153.1,6152.8,6154.1,1873.6,1871.9,1871.5,3711.5,3711.7,3711.7,2600.0,2598.6,2598.5,2918.2,2917.9,2917.7,27.480000,28.070000,going to home base
2024-04-12T23:11:24Z,2395.2,2394.2,2394.4,2652.5,2652.5,2653.0,5723.5,5722.9,5722.7,2354.9,2355.0,2355.1,3530.5,3530.1,3530.4,4455.7,4455.9,4456.0,6207.4,6207.4,6208.5,8692.2,8690.1,8691.0,5261.0,5260.8,5260.8,7479.9,7479.0,7478.3,6153.1,6154.8,6154.6,1873.4,1871.5,1871.6,3710.8,3710.7,3711.9,2599.6,2598.1,2598.2,2916.9,2917.2,2917.5,27.490000,28.059999,going to home base
2024-04-12T23:11:29Z,2394.5,2393.5,2393.8,2651.9,2652.0,2652.1,5723.6,5723.2,5723.0,2355.3,2355.0,2355.1,3529.0,3528.7,3528.6,4455.5,4455.8,4455.6,6208.8,6207.9,6208.8,8690.2,8690.2,8689.8,5260.2,5259.5,5260.2,7480.4,7479.2,7479.9,6156.3,6155.3,6157.8,1873.5,1872.0,1871.8,3711.7,3711.7,3712.4,2598.1,2597.7,2597.7,2917.3,2916.8,2916.7,27.490000,28.070000,going to home base
2024-04-12T23:11:34Z,2394.6,2393.7,2393.4,2651.7,2651.7,2652.0,5722.9,5722.7,5723.0,2355.0,2354.5,2355.2,3529.8,3529.1,3528.7,4455.9,4456.5,4456.0,6211.6,6209.2,6210.1,8691.2,8690.9,8690.4,5259.9,5260.3,5261.3,7481.6,7479.7,7480.2,6154.7,6153.8,6154.0,1873.4,1872.1,1872.1,3711.5,3711.3,3711.6,2598.5,2598.0,2597.9,2917.6,2916.9,2917.8,27.510000,28.080000,going to home base
2024-04-12T23:11:39Z,2394.7,2394.0,2394.2,2652.1,2651.9,2652.3,5722.9,5722.5,5722.5,2354.3,2354.5,2354.8,3529.7,3529.4,3529.3,4454.7,4454.8,4454.9,6209.6,6209.7,6210.5,8692.2,8690.8,8690.8,5258.7,5259.4,5260.3,7481.4,7479.6,7478.8,6153.9,6153.4,6154.1,1873.1,1872.0,1871.9,3710.9,3710.9,3711.9,2598.8,2598.3,2598.1,2917.3,2916.4,2917.1,27.490000,28.040001,going to home base
2024-04-12T23:11:44Z,2394.6,2394.0,2394.2,2652.3,2652.1,2652.4,5723.2,5722.7,5722.9,2354.3,2354.4,2354.6,3529.7,3529.8,3529.5,4455.3,4455.3,4455.5,6209.6,6210.4,6210.3,8689.8,8688.2,8689.5,5262.4,5261.2,5262.8,7481.4,7479.6,7480.3,6153.7,6153.1,6153.0,1873.2,1871.6,1871.8,3710.6,3710.6,3711.3,2598.3,2598.0,2598.3,2917.0,2916.6,2917.2,27.510000,28.040001,going to home base
2024-04-12T23:11:49Z,2394.5,2394.3,2393.9,2652.9,2652.8,2653.2,5722.5,5721.7,5722.4,2355.2,2354.7,2355.3,3529.9,3529.9,3529.8,4454.7,4454.5,4454.3,6209.1,6207.9,6207.9,8689.2,8689.9,8690.6,5260.2,5260.1,5260.6,7481.0,7478.6,7478.3,6150.2,6150.4,6151.8,1872.6,1871.6,1871.2,3710.4,3710.8,3711.9,2598.2,2597.8,2597.7,2918.7,2918.2,2918.6,27.480000,28.059999,going to home base
2024-04-12T23:11:54Z,2395.0,2394.2,2394.4,2652.5,2652.7,2653.1,5723.3,5722.4,5721.7,2355.7,2355.4,2355.8,3530.4,3530.1,3530.3,4455.8,4455.2,4455.3,6210.1,6210.1,6210.8,8689.9,8689.4,8690.7,5260.4,5259.6,5260.5,7479.7,7479.8,7479.1,6153.8,6152.0,6152.8,1872.6,1871.5,1871.3,3711.3,3711.1,3712.1,2599.1,2598.1,2598.2,2918.9,2918.6,2918.3,27.510000,28.080000,going to home base
2024-04-12T23:11:59Z,2394.8,2393.6,2393.7,2652.8,2653.1,2653.0,5723.0,5722.0,5722.0,2355.3,2355.1,2355.3,3528.9,3528.8,3528.7,4455.9,4455.1,4455.5,6210.6,6210.3,6210.3,8690.1,8690.3,8689.1,5258.6,5259.8,5259.4,7480.9,7479.7,7480.4,6153.4,6152.6,6152.9,1873.0,1871.8,1871.5,3711.1,3710.9,3711.6,2598.5,2598.0,2598.4,2917.0,2916.1,2915.8,27.490000,28.100000,going to home base
2024-04-12T23:12:04Z,2394.5,2393.7,2393.8,2651.4,2651.3,2651.8,5723.1,5722.5,5722.8,2353.9,2354.1,2354.6,3530.4,3530.0,3530.5,4454.9,4455.0,4455.4,6207.9,6207.3,6208.0,8689.2,8689.1,8688.8,5260.1,5259.2,5260.9,7482.0,7480.3,7479.6,6152.3,6153.5,6153.3,1873.4,1871.7,1871.8,3710.8,3710.7,3711.0,2598.6,2598.2,2598.0,2917.5,2916.8,2917.3,27.480000,28.100000,going to home base
2024-04-12T23:12:09Z,2395.2,2394.4,2394.3,2652.6,2652.4,2652.5,5723.2,5722.2,5723.1,2354.3,2354.8,2355.1,3529.4,3529.5,3529.1,4455.1,4455.5,4455.7,6209.9,6209.7,6210.9,8689.7,8688.2,8691.1,5260.5,5260.4,5261.2,7479.5,7480.2,7479.1,6151.1,6149.9,6152.1,1873.2,1871.7,1871.8,3711.3,3711.3,3711.9,2598.8,2597.3,2598.2,2917.4,2916.9,2916.8,27.480000,28.100000,going to home base
2024-04-12T23:12:14Z,2394.8,2394.1,2394.1,2652.4,2651.9,2652.1,5723.9,5723.2,5723.3,2355.3,2355.4,2355.5,3530.3,3530.6,3530.0,4454.9,4455.0,4455.1,6212.6,6211.3,6212.5,8691.7,8690.7,8690.5,5260.7,5260.6,5261.1,7480.1,7480.0,7481.3,6151.7,6152.7,6151.9,1873.4,1871.7,1871.9,3711.0,3711.7,3712.5,2598.8,2598.2,2598.4,2917.3,2916.8,2917.2,27.480000,28.100000,going to home base
2024-04-12T23:12:19Z,2393.9,2392.9,2394.0,2651.4,2651.7,2652.3,5723.7,5722.7,5723.3,2354.9,2354.7,2355.0,3529.6,3529.2,3529.9,4455.4,4455.3,4455.8,6208.8,6207.6,6207.5,8691.2,8689.7,8689.0,5259.9,5259.7,5260.2,7481.4,7477.8,7479.4,6152.8,6152.1,6152.8,1872.5,1871.0,1871.1,3711.4,3711.4,3712.5,2598.4,2598.0,2598.0,2917.6,2917.1,2917.3,27.480000,28.100000,going to home base
2024-04-12T23:12:24Z,2394.1,2393.1,2393.5,2652.3,2651.6,2652.6,5723.5,5723.3,5723.2,2354.8,2355.1,2355.0,3529.7,3529.7,3528.9,4455.2,4455.1,4454.8,6210.1,6210.6,6209.3,8691.0,8691.7,8692.3,5260.6,5260.1,5260.4,7478.9,7478.2,7478.1,6152.0,6150.9,6149.7,1872.8,1871.3,1871.3,3711.9,3711.8,3712.5,2598.5,2597.7,2597.7,2916.6,2916.4,2916.5,27.490000,28.100000,going to home base
2024-04-12T23:12:29Z,2394.5,2394.2,2394.2,2652.7,2652.9,2653.4,5723.2,5722.9,5722.7,2353.9,2354.9,2355.2,3529.8,3529.1,3528.6,4455.5,4455.2,4455.1,6208.9,6206.4,6210.3,8690.5,8690.8,8691.0,5259.8,5260.3,5260.3,7480.6,7479.4,7478.7,6152.0,6152.6,6152.3,1873.0,1871.7,1871.2,3711.9,3711.9,3712.7,2598.6,2597.3,2597.2,2917.5,2916.4,2916.8,27.490000,28.070000,going to home base
2024-04-12T23:12:34Z,2395.1,2394.4,2394.5,2652.3,2651.8,2652.7,5723.4,5723.0,5723.2,2354.9,2355.2,2355.7,3529.9,3529.5,3529.5,4455.4,4455.9,4455.6,6211.0,6211.3,6210.2,8692.3,8690.6,8690.1,5259.4,5259.5,5261.0,7480.7,7480.0,7481.1,6152.6,6152.7,6152.8,1873.5,1871.8,1872.0,3711.2,3711.6,3712.6,2597.5,2597.1,2597.1,2916.9,2916.1,2916.7,27.459999,28.080000,going to home base
2024-04-12T23:12:39Z,2395.4,2394.5,2394.2,2652.5,2651.9,2652.8,5723.4,5723.1,5723.1,2355.0,2354.8,2355.3,3530.1,3529.7,3529.7,4455.7,4455.5,4455.4,6210.1,6210.3,6209.2,8691.9,8692.6,8692.2,5259.6,5259.5,5260.8,7479.6,7479.7,7478.1,6152.7,6151.5,6152.0,1873.2,1871.7,1871.7,3711.7,3711.9,3712.7,2598.8,2597.8,2597.9,2916.4,2916.1,2916.7,27.459999,28.129999,going to home base
2024-04-12T23:12:49Z,2395.7,2394.8,2395.0,2651.8,2651.6,2652.4,5723.9,5723.1,5722.9,2355.4,2355.3,2356.0,3528.9,3529.1,3528.5,4455.2,4455.0,4455.6,6212.1,6212.3,6212.0,8start,27082.6,27087.5,2394.4,2393.6,2394.2,2652.1,2651.6,2652.6,5722.9,5722.9,5722.6,3780.5,88725.6,88702.1,14391.0,14394.2,14393.8,3528.9,3528.6,3528.5,4455.5,4456.2,4455.6,6211.1,16744.7,going to home base
2024-04-12T23:12:59Z,2393.9,2393.5,2393.7,2652.0,2652.0,2651.9,5722.4,5722.3,5722.1,2355.3,2355.0,2355.8,3529.6,3529.0,3529.4,4455.9,4455.7,4455.7,6209.5,6208.7,6209.5,8692.5,8691.4,8691.9,5260.9,5260.9,5261.2,7478.8,7478.7,7476.7,6154.5,6152.7,6153.9,1873.3,1871.5,1871.2,3711.5,3712.3,3713.1,2598.6,2597.7,2597.6,2915.8,2915.4,2915.5,27.459999,28.070000,going to home base
2024-04-12T23:13:04Z,2394.3,2393.8,2394.5,2652.4,2652.3,2652.8,5724.0,5723.5,5723.7,2354.9,2354.9,2355.7,3528.5,3528.2,3528.2,4456.1,4455.8,4455.8,6209.8,6210.2,6210.3,8691.5,8691.2,8691.5,5262.1,5261.1,5261.7,7479.7,7478.5,7479.7,6153.3,6153.0,6154.1,1873.4,1871.8,1871.8,3712.9,3713.3,3713.9,2598.3,2597.1,2597.0,2916.8,2916.2,2916.0,27.480000,28.120001,going to home base
2024-04-12T23:13:09Z,2394.8,2394.3,2394.2,2651.4,2651.0,2651.9,5723.0,5722.7,5723.1,2355.0,2354.7,2355.4,3528.8,3528.7,3528.7,4455.5,4455.1,4455.2,6211.0,6211.1,6211.1,8689.4,8689.4,8689.0,5261.9,5261.9,5261.9,7479.4,7479.3,7478.1,6152.6,6150.9,6153.4,1873.4,1871.6,1871.7,3712.6,3712.4,3713.0,2597.2,2596.2,2596.5,2916.1,2915.8,2916.4,27.490000,28.120001,going to home base
2024-04-12T23:13:14Z,2394.4,2393.5,2393.5,2652.1,2652.3,2653.0,5723.2,5722.7,5723.0,2354.2,2354.1,2354.1,3527.9,3527.5,3527.6,4455.4,4454.8,4454.8,6209.0,6209.8,6209.1,8691.7,8691.2,8692.0,5261.9,5261.2,5261.2,7479.8,7480.8,7481.2,6151.7,6151.2,6150.3,1873.6,1872.2,1872.2,3711.6,3711.4,3712.5,2598.1,2597.4,2596.9,2916.9,2916.6,2916.4,27.440001,28.100000,going to home base
2024-04-12T23:13:19Z,2394.1,2393.3,2393.9,2653.3,2652.9,2653.4,5723.4,5722.8,5723.0,2354.6,2354.4,2354.8,3529.7,3529.0,3529.1,4455.3,4455.3,4455.6,6209.8,6210.3,6209.4,8691.9,8693.9,8694.5,5261.0,5261.4,5262.7,7479.3,7477.8,7477.6,6151.3,6151.0,6151.0,1873.1,1871.7,1871.5,3712.1,3712.2,3712.8,2598.6,2597.6,2597.1,2916.5,2916.1,2916.3,27.480000,28.150000,going to home base
2024-04-12T23:13:24Z,2394.4,2393.5,2393.8,2652.3,2652.3,2652.6,5722.8,5722.8,5723.1,2354.5,2354.5,2354.7,3528.9,3528.3,3529.1,4455.5,4455.4,4454.8,6206.9,6205.0,6206.0,8693.2,8691.6,8692.2,5261.5,5260.2,5262.1,7478.7,7478.1,7477.2,6154.7,6154.6,6154.2,1873.2,1871.8,1871.5,3711.3,3711.8,3712.6,2597.9,2597.1,2597.4,2917.3,2916.7,2916.8,27.459999,28.080000,going to home base
2024-04-12T23:13:34Z,2394.3,2393.7,2394.0,2651.8,2652.3,2652.9,5723.5,5722.9,5723.0,2354.8,2354.8,2355.4,3528.9,3528.4,3528.8,4455.9,4455start,27077.2,27078.6,2394.3,2393.5,5723.1,5723.0,5722.5,2355.6,2355.5,2355.7,3780.6,3780.4,88744.8,88715.0,14380.1,14380.0,4455.4,4455.2,4456.1,6206.4,6206.1,6206.2,16739.1,16737.8,34243.7,34250.0,8694.0,8694.1,5260.0,5260.6,going to home base
2024-04-12T23:13:44Z,2394.5,2393.7,2393.8,2652.7,2652.3,2652.8,5723.1,5723.0,5722.9,2354.8,2355.2,2354.9,3529.9,3529.1,3528.9,4455.7,4455.2,4455.3,6211.1,6210.9,6210.5,8690.9,8691.9,8691.7,5259.3,5258.9,5259.7,7478.1,7477.3,7477.6,6155.9,6154.0,6156.3,1873.3,1871.6,1871.9,3711.4,3711.4,3712.3,2598.3,2597.0,2597.0,2917.2,2917.4,2917.7,27.459999,28.100000,going to home base
2024-04-12T23:13:49Z,2394.5,2394.0,2394.3,2652.6,2652.5,2652.9,5723.7,5723.1,5723.2,2354.6,2354.6,2354.7,3528.6,3528.2,3528.7,4455.6,4455.5,4455.0,6210.1,6209.6,6208.9,8692.2,8691.3,8693.0,5260.5,5259.3,5260.2,7476.2,7476.0,7476.2,6155.0,6155.4,6155.7,1873.4,1871.2,1871.3,3712.6,3712.4,3713.2,2597.5,2596.6,2596.5,2916.4,2915.4,2915.6,27.450001,28.110001,going to home base
2024-04-12T23:13:54Z,2394.9,2393.9,2394.8,2653.0,2652.1,2652.9,5723.6,5723.4,5723.3,2354.8,2354.6,2355.1,3529.1,3528.8,3529.0,4455.2,4455.1,4455.5,6211.1,6211.1,6211.0,8692.9,8693.5,8693.3,5259.4,5260.4,5261.7,7478.9,7478.0,7477.9,6155.9,6155.8,6157.2,1873.3,1872.1,1872.1,3711.5,3711.0,3712.7,2597.9,2597.3,2597.3,2915.4,2915.4,2916.0,27.459999,28.110001,going to home base
2024-04-12T23:13:59Z,2394.3,2393.9,2393.8,2652.8,2652.3,2653.2,5722.7,5722.7,5722.4,2355.0,2355.3,2356.1,3530.2,3529.1,3528.8,4455.7,4455.3,4455.4,6208.8,6208.2,6208.4,8692.1,8692.0,8693.4,5261.0,5260.9,5262.0,7477.6,7476.8,7477.3,6156.6,6155.8,6155.4,1872.7,1871.8,1871.3,3711.6,3711.7,3711.9,2598.6,2598.5,2598.3,2916.5,2916.2,2916.9,27.459999,28.120001,going to home base
2024-04-12T23:14:04Z,2393.9,2393.4,2393.7,2652.1,2651.7,2652.7,5723.6,5722.8,5723.2,2354.9,2355.3,2355.8,3528.9,3528.0,3529.2,4455.3,4455.3,4455.4,6210.2,6208.7,6210.4,8694.4,8694.4,8694.6,5260.6,5259.7,5261.0,7478.8,7477.6,7476.2,6155.7,6156.9,6155.4,1873.7,1872.2,1872.3,3711.7,3710.9,3711.9,2597.9,2597.4,2597.0,2916.5,2915.8,2916.4,27.480000,28.110001,going to home base
2024-04-12T23:14:09Z,2394.3,2393.6,2393.8,2651.5,2651.6,2651.5,5723.4,5723.2,5723.1,2354.4,2354.0,2355.1,3529.6,3528.4,3528.5,4455.9,4455.8,4455.9,6207.4,6206.1,6208.0,8695.3,8694.4,8694.4,5262.8,5263.1,5262.5,7480.6,7479.5,7479.2,6155.0,6153.7,6154.3,1873.8,1872.1,1872.1,3711.6,3711.7,3712.3,2597.9,2597.3,2597.1,2917.4,2917.7,2917.6,27.480000,28.139999,going to home base
2024-04-12T23:14:14Z,2394.0,2393.6,2393.9,2651.8,2652.4,2652.5,5722.8,5722.7,5723.2,2354.9,2354.7,2354.9,3529.6,3529.5,3529.0,4455.6,4455.3,4455.1,6207.7,6206.5,6207.1,8694.7,8696.3,8696.3,5262.1,5261.9,5262.2,7477.5,7477.9,7477.1,6155.4,6155.0,6156.5,1873.5,1872.1,1872.2,3711.3,3711.3,3712.0,2597.9,2597.2,2596.9,2917.2,2917.2,2916.6,27.440001,28.080000,going to home base
2024-04-12T23:14:19Z,2394.6,2393.8,2393.8,2652.3,2652.2,2652.0,5723.0,5723.6,5723.0,2354.7,2354.8,2355.1,3529.8,3528.8,3528.2,4455.5,4455.6,4455.9,6209.3,6208.7,6208.7,8694.8,8694.1,8696.7,5261.4,5261.3,5262.0,7479.9,7480.1,7480.1,6157.9,6157.7,6157.3,1872.8,1871.5,1871.4,3710.8,3711.4,3712.1,2598.5,2597.8,2597.8,2917.0,2916.7,2917.1,27.480000,28.110001,going to home base
2024-04-12T23:14:24Z,2394.0,2393.7,2393.7,2651.6,2651.6,2652.0,5723.9,5723.6,5723.1,2354.6,2354.2,2354.6,3529.5,3528.4,3528.6,4455.1,4455.1,4455.2,6206.6,6205.4,6205.8,8694.0,8692.7,8693.5,5261.5,5261.2,5262.0,7482.1,7479.6,7481.0,6152.6,6153.5,6153.7,1874.2,1872.9,1872.7,3710.7,3711.3,3711.8,2598.7,2597.9,2597.6,2917.5,2917.1,2917.0,27.480000,28.080000,going to home base
2024-04-12T23:14:29Z,2394.3,2393.5,2393.2,2651.8,2652.1,2652.5,5722.8,5723.2,5722.9,2354.7,2354.4,2354.9,3528.1,3528.1,3527.8,4454.6,4454.4,4454.9,6209.8,6209.9,6209.5,8692.0,8690.9,8691.4,5261.7,5261.6,5261.5,7479.6,7478.4,7478.4,6154.8,6155.3,6154.0,1873.3,1871.8,1872.0,3711.5,3711.7,3712.1,2598.6,2597.6,2597.9,2916.7,2916.8,2916.9,27.440001,28.070000,going to home base
2024-04-12T23:14:34Z,2394.4,2393.7,2394.1,2652.1,2651.6,2652.0,5723.3,5722.9,5722.9,2354.5,2354.0,2354.5,3528.8,3528.3,3528.0,4454.6,4455.1,4454.8,6209.2,6209.0,6209.1,8694.3,8695.2,8693.6,5259.8,5259.7,5259.6,7478.5,7477.8,7477.5,6155.4,6155.1,6155.7,1873.3,1872.0,1871.5,3711.3,3711.3,3712.2,2598.1,2597.3,2597.4,2918.1,2917.4,2917.4,27.459999,28.100000,going to home base
2024-04-12T23:14:39Z,2394.3,2393.6,2393.7,2651.9,2652.1,2652.3,5723.9,5723.5,5722.9,2354.9,2354.4,2355.0,3528.6,3528.7,3528.9,4454.9,4454.8,4454.4,6204.0,6204.1,6205.9,8694.4,8693.8,8693.5,5259.2,5259.0,5260.1,7479.1,7478.5,7477.5,6156.0,6154.8,6155.3,1873.1,1871.6,1871.8,3710.8,3711.4,3712.6,2597.5,2596.6,2597.3,2919.2,2918.2,2919.4,27.440001,28.110001,going to home base
2024-04-12T23:14:44Z,2394.0,2393.3,2393.1,2651.8,2651.7,2652.4,5723.2,5722.6,5722.8,2354.5,2354.9,2355.3,3529.6,3528.9,3528.9,4454.6,4454.7,4454.9,6205.8,6205.2,6204.1,8693.9,8692.2,8693.2,5260.7,5260.9,5261.1,7479.0,7477.1,7475.7,6153.4,6152.7,6154.1,1873.5,1871.9,1872.1,3711.1,3710.9,3711.6,2598.2,2597.5,2597.7,2916.8,2917.5,2917.6,27.480000,28.150000,going to home base
2024-04-12T23:14:49Z,2393.8,2393.1,2393.8,2651.6,2651.6,2651.8,5722.8,5722.8,5722.7,2354.5,2354.5,2354.9,3528.8,3528.5,3528.4,4454.8,4454.4,4454.2,6203.8,6203.8,6204.4,8690.9,8692.5,8694.0,5260.3,5260.1,5260.7,7483.1,7481.2,7482.1,6154.7,6156.2,6156.7,1873.3,1871.7,1871.6,3711.3,3711.6,3712.6,2597.5,2597.0,2597.4,2917.1,2917.5,2917.2,27.459999,28.120001,going to home base
2024-04-12T23:14:54Z,2393.5,2393.0,2393.6,2651.8,2651.2,2651.8,5723.3,5722.9,5722.8,2354.8,2355.0,2355.6,3528.9,3528.7,3528.8,4455.2,4455.1,4455.5,6205.6,6206.5,6206.8,8692.6,8692.5,8692.9,5260.9,5260.2,5261.1,7482.2,7481.7,7481.7,6156.0,6155.4,6156.1,1873.3,1872.0,1871.8,3711.5,3711.5,3712.5,2597.7,2597.0,2596.8,2916.9,2916.8,2916.6,27.459999,28.100000,going to home base
2024-04-12T23:14:59Z,2394.5,2393.6,2393.8,2651.2,2651.2,2651.1,5723.4,5722.7,5722.5,2355.1,2355.4,2355.1,3528.6,3528.6,3528.5,4455.4,4455.4,4455.0,6208.4,6207.8,6209.9,8693.0,8690.6,8690.9,5260.2,5261.1,5261.5,7481.2,7482.1,7480.6,6153.8,6154.3,6154.2,1873.6,1872.4,1872.1,3710.3,3710.0,3711.8,2597.7,2597.0,2597.3,2917.8,2916.1,2917.1,27.459999,28.110001,going to home base
2024-04-12T23:15:04Z,2394.3,2394.2,2394.2,2651.3,2651.4,2651.1,5723.6,5723.0,5722.8,2354.7,2354.5,2355.7,3529.4,3529.0,3529.5,4454.9,4455.1,4455.4,6207.9,6207.8,6206.2,8694.3,8694.3,8692.0,5261.2,5260.9,5261.0,7482.4,7481.1,7480.2,6158.1,6157.7,6159.1,1873.7,1872.2,1872.4,3711.2,3710.8,3711.7,2598.4,2598.6,2597.8,2918.3,2917.1,2917.7,27.450001,28.150000,going to home base
2024-04-12T23:15:09Z,2394.4,2393.2,2393.7,2652.3,2651.7,2651.9,5723.2,5722.7,5723.3,2354.8,2354.7,2355.0,3530.2,3529.2,3529.1,4455.5,4455.1,4455.9,6209.2,6211.0,6210.1,8693.2,8693.6,8693.9,5260.1,5260.6,5261.6,7479.1,7479.5,7479.1,6159.1,6157.3,6157.5,1872.9,1871.3,1871.2,3711.4,3711.6,3712.2,2598.1,2597.0,2596.2,2918.5,2918.3,2918.0,27.490000,28.160000,going to home base
2024-04-12T23:15:14Z,2394.1,2393.8,2394.2,2651.6,2651.6,2651.7,5723.3,5723.0,5722.8,2354.9,2354.8,2355.3,3529.0,3529.8,3529.6,4455.9,4455.8,4455.8,6211.7,6209.8,6210.4,8693.0,8692.9,8693.5,5261.6,5260.6,5260.5,7481.9,7479.4,7479.0,6154.7,6156.7,6156.6,1873.2,1871.6,1871.5,3711.3,3710.9,3711.8,2597.4,2596.7,2597.3,2918.6,2917.5,2917.9,27.450001,28.120001,going to home base
2024-04-12T23:15:19Z,2394.5,2394.1,2394.1,2652.0,2652.4,2652.0,5723.3,5723.3,5723.0,2354.8,2355.1,2355.6,3529.7,3529.4,3529.9,4455.5,4455.7,4455.8,6210.8,6211.3,6210.2,8693.5,8692.1,8690.8,5259.5,5259.0,5259.1,7482.0,7480.6,7480.8,6155.6,6156.0,6156.6,1872.6,1870.8,1871.3,3711.4,3711.1,3711.9,2597.9,2597.1,2597.5,2918.5,2918.0,2918.9,27.450001,28.110001,going to home base
2024-04-12T23:15:24Z,2394.4,2393.9,2394.1,2651.9,2651.9,2652.6,5723.0,5722.9,5723.0,2355.0,2355.1,2355.3,3529.6,3529.0,3529.0,4455.6,4455.4,4455.7,6210.3,6210.4,6210.7,8691.7,8691.0,8691.1,5259.8,5260.0,5260.7,7482.2,7482.3,7481.5,6156.1,6154.4,6157.8,1873.5,1871.9,1871.8,3711.6,3711.8,3712.1,2598.2,2597.3,2597.7,2917.8,2916.6,2917.0,27.459999,28.139999,going to home base
2024-04-12T23:15:29Z,2394.5,2393.7,2393.8,2652.1,2651.2,2652.1,5723.6,5723.0,5723.5,2354.4,2354.1,2354.7,3528.6,3528.5,3528.6,4455.8,4455.6,4455.9,6208.3,6207.9,6207.8,8693.9,8692.6,8694.0,5260.7,5260.1,5261.0,7480.3,7479.2,7480.2,6158.3,6157.0,6158.4,1872.9,1871.5,1871.6,3711.8,3712.0,3712.9,2599.4,2598.8,2598.5,2916.8,2917.2,2916.9,27.450001,28.139999,going to home base
2024-04-12T23:15:34Z,2394.6,2393.9,2394.4,2652.0,2652.1,2652.2,5724.2,5723.7,5723.4,2355.0,2354.8,2355.3,3528.0,3527.5,3528.1,4455.6,4455.6,4455.7,6210.2,6210.6,6212.6,8691.2,8691.8,8691.1,5260.9,5260.0,5261.3,7480.9,7479.0,7478.4,6156.1,6156.3,6154.4,1873.2,1871.8,1871.6,3712.6,3712.3,3713.3,2598.5,2597.8,2597.5,2917.6,2917.8,2918.2,27.459999,28.120001,going to home base
2024-04-12T23:15:39Z,2394.0,2393.5,2393.6,2651.3,2650.9,2651.6,5723.6,5723.9,5723.5,2355.0,2355.1,2355.5,3528.1,3528.0,3527.6,4455.6,4455.0,4455.3,6212.1,6210.5,6209.9,8691.6,8691.7,8689.6,5259.9,5259.9,5260.1,7478.3,7478.9,7478.6,6155.2,6157.0,6157.5,1872.9,1871.7,1871.4,3712.8,3712.2,3713.2,2598.6,2598.1,2598.4,2918.8,2918.1,2919.4,27.450001,28.120001,going to home base
2024-04-12T23:15:44Z,2394.2,2393.3,2393.7,2651.5,2650.8,2651.5,5724.1,5724.0,5724.1,2355.4,2355.3,2355.3,3529.0,3528.8,3528.1,4455.7,4455.7,4455.7,6207.2,6206.7,6207.8,8692.5,8691.3,8692.6,5259.8,5258.8,5259.7,7477.8,7478.6,7477.1,6155.2,6156.3,6157.3,1873.3,1871.6,1871.4,3711.9,3712.1,3712.8,2599.3,2598.8,2599.3,2918.0,2917.4,2918.3,27.450001,28.150000,going to home base
2024-04-12T23:15:49Z,2395.0,2393.7,2394.3,2652.1,2652.3,2652.6,5724.5,5723.7,5723.8,2355.7,2355.6,2355.8,3528.8,3528.3,3528.2,4455.4,4455.5,4455.8,6207.3,6208.8,6208.1,8689.6,8688.5,8689.5,5259.3,5259.1,5259.0,7478.5,7478.9,7477.5,6154.0,6154.5,6155.4,1873.2,1871.9,1871.8,3711.8,3712.3,3713.1,2599.3,2598.6,2598.8,2917.9,2916.5,2916.9,27.459999,28.139999,going to home base
2024-04-12T23:15:54Z,2394.3,2393.7,2394.0,2651.7,2652.0,2652.0,5723.7,5723.6,5724.1,2355.7,2356.2,2355.9,3530.0,3529.6,3528.5,4455.2,4454.6,4455.2,6209.9,6208.5,6208.9,8690.8,8690.0,8691.6,5259.6,5259.5,5260.1,7477.8,7477.3,7477.6,6153.4,6152.4,6152.7,1873.1,1871.9,1871.7,3712.1,3711.7,3712.8,2598.7,2597.5,2597.4,2917.5,2918.0,2917.8,27.450001,28.110001,going to home base
2024-04-12T23:15:59Z,2395.0,2394.5,2394.6,2651.7,2651.7,2652.0,5724.5,5724.3,5724.3,2355.3,2355.0,2355.3,3529.3,3529.4,3529.7,4456.2,4455.5,4455.5,6208.7,6207.7,6207.0,8691.7,8691.4,8691.3,5260.3,5259.7,5261.2,7478.3,7477.7,7477.5,6155.3,6154.5,6156.5,1872.7,1871.1,1871.1,3711.6,3711.6,3712.6,2598.7,2598.2,2598.0,2917.0,2917.4,2917.1,27.450001,28.139999,going to home base
2024-04-12T23:16:04Z,2395.0,2394.3,2394.0,2651.6,2651.2,2651.5,5724.6,5723.4,5723.8,2356.3,2355.4,2355.5,3528.3,3528.1,3527.9,4455.8,4455.8,4455.8,6212.8,6211.9,6209.5,8693.4,8692.0,8692.3,5260.1,5258.8,5260.9,7479.6,7478.0,7478.0,6154.5,6154.7,6155.0,1872.7,1871.1,1870.8,3711.7,3712.3,3712.7,2598.9,2599.1,2598.9,2917.9,2917.1,2917.3,27.450001,28.139999,going to home base
2024-04-12T23:16:09Z,2395.1,2394.5,2394.6,2651.8,2651.6,2652.2,5723.8,5723.3,5723.1,2355.5,2355.6,2355.3,3528.6,3528.8,3528.2,4455.5,4455.2,4455.6,6208.9,6206.8,6207.3,8693.1,8693.5,8693.8,5259.1,5258.3,5259.7,7479.2,7480.8,7480.0,6158.1,6154.6,6155.5,1872.8,1871.3,1871.1,3711.5,3711.9,3712.6,2599.4,2598.6,2599.0,2918.2,2918.3,2918.4,27.450001,28.120001,going to home base
2024-04-12T23:16:14Z,2394.6,2393.4,2393.7,2651.6,2651.5,2651.1,5723.8,5723.5,5723.6,2355.7,2355.8,2356.3,3528.5,3527.7,3528.0,4455.8,4455.5,4455.5,6208.3,6208.4,6208.9,8693.3,8693.6,8693.5,5260.1,5260.2,5260.1,7478.0,7477.8,7478.7,6155.0,6154.4,6155.7,1872.6,1871.5,1871.7,3712.4,3712.7,3713.1,2599.1,2598.1,2597.9,2916.3,2915.2,2916.0,27.450001,28.110001,going to home base
2024-04-12T23:16:19Z,2395.0,2393.4,2394.0,2652.2,2651.3,2651.9,5724.2,5723.1,5723.8,2355.4,2355.4,2356.0,3528.6,3528.5,3527.3,4455.1,4455.1,4454.9,6206.8,6206.5,6206.6,8692.7,8690.7,8691.6,5259.7,5259.4,5261.0,7479.7,7477.4,7477.6,6154.3,6152.3,6154.1,1873.1,1871.4,1871.5,3712.4,3712.2,3712.7,2598.2,2597.0,2597.4,2916.2,2915.5,2916.1,27.440001,28.170000,going to home base
2024-04-12T23:16:24Z,2394.7,2393.9,2394.0,2652.1,2651.3,2652.0,5724.2,5723.8,5724.0,2355.3,2355.3,2356.1,3528.7,3527.9,3528.3,4455.0,4455.4,4455.4,6209.0,6208.9,6208.7,8695.5,8694.3,8694.5,5260.0,5259.5,5259.9,7481.5,7480.3,7480.7,6150.1,6148.7,6150.1,1872.8,1871.5,1871.2,3712.4,3712.1,3713.0,2598.6,2598.4,2598.3,2918.7,2918.5,2917.7,27.480000,28.120001,going to home base
2024-04-12T23:16:29Z,2394.7,2393.6,2394.0,2650.9,2650.6,2651.2,5723.9,5723.3,5723.0,2356.0,2356.0,2355.9,3527.4,3527.8,3527.3,4455.8,4455.8,4455.4,6207.0,6208.0,6208.5,8694.9,8694.0,8693.7,5258.6,5258.9,5259.4,7478.7,7477.3,7477.5,6155.4,6153.4,6154.1,1873.1,1871.7,1871.7,3711.4,3711.9,3713.0,2599.2,2598.5,2598.8,2918.4,2918.3,2917.9,27.450001,28.080000,going to home base
2024-04-12T23:16:34Z,2394.1,2393.8,2393.6,2651.6,2651.7,2652.0,5724.1,5722.6,5723.1,2355.4,2355.2,2356.0,3528.3,3527.7,3528.4,4455.4,4455.4,4455.4,6207.7,6207.2,6206.9,8692.4,8692.9,8693.9,5258.5,5258.8,5259.2,7478.1,7477.0,7478.0,6152.6,6152.6,6153.8,1873.0,1871.7,1871.8,3711.1,3711.2,3711.9,2598.9,2598.3,2598.3,2918.1,2918.9,2918.0,27.459999,28.070000,going to home base
2024-04-12T23:16:39Z,2394.0,2393.5,2393.7,2650.5,2650.6,2651.4,5723.7,5723.2,5723.3,2355.7,2355.7,2356.1,3528.4,3528.2,3528.1,4455.2,4454.6,4454.7,6209.0,6208.7,6208.5,8693.5,8692.5,8693.3,5259.8,5259.0,5260.4,7479.4,7477.5,7477.7,6154.8,6156.2,6154.8,1872.7,1871.4,1871.6,3710.7,3710.7,3712.0,2599.2,2598.0,2598.5,2918.8,2918.4,2919.1,27.440001,28.139999,going to home base
2024-04-12T23:16:44Z,2394.3,2393.7,2394.2,2651.8,2651.6,2651.6,5723.7,5723.7,5723.2,2355.5,2355.3,2355.6,3529.1,3528.8,3528.3,4455.2,4455.0,4455.3,6208.3,6207.5,6207.5,8693.3,8693.5,8692.0,5261.0,5259.4,5260.1,7478.2,7475.8,7478.7,6153.6,6153.8,6156.0,1872.5,1871.1,1871.1,3711.8,3711.8,3712.6,2598.3,2597.7,2597.9,2918.9,2917.5,2918.0,27.480000,28.139999,going to home base
2024-04-12T23:16:49Z,2394.7,2394.3,2394.5,2651.7,2652.0,2652.1,5723.6,5722.8,5722.8,2353.5,2354.0,2354.7,3529.0,3529.0,3528.6,4455.5,4455.7,4455.1,6209.5,6208.9,6209.3,8693.5,8694.2,8693.9,5260.2,5258.5,5260.6,7477.4,7477.5,7478.2,6154.2,6153.9,6154.0,1873.6,1871.8,1871.9,3711.7,3711.4,3712.3,2598.5,2597.3,2597.7,2918.6,2918.3,2918.9,27.450001,28.070000,going to home base
2024-04-12T23:16:54Z,2394.5,2394.0,2394.2,2651.1,2651.0,2651.8,5722.7,5723.0,5723.5,2355.0,2355.3,2355.9,3528.5,3527.4,3527.2,4455.0,4455.3,4455.3,6208.3,6208.6,6209.0,8694.4,8693.4,8693.1,5260.3,5259.7,5261.1,7479.1,7477.4,7477.3,6155.1,6155.8,6155.7,1872.8,1871.5,1871.6,3710.2,3710.6,3711.2,2598.1,2597.3,2597.5,2917.2,2917.5,2917.4,27.459999,28.120001,going to home base
2024-04-12T23:16:59Z,2394.4,2393.7,2393.9,2651.8,2651.5,2651.8,5722.5,5722.2,5722.5,2355.6,2355.9,2356.3,3529.1,3527.8,3528.1,4455.5,4454.8,4455.3,6209.4,6208.4,6210.3,8693.8,8692.7,8694.0,5259.4,5259.1,5260.0,7477.4,7474.7,7475.4,6156.2,6155.6,6155.6,1872.9,1871.1,1871.1,3710.9,3710.4,3711.3,2598.2,2597.4,2597.4,2919.7,2919.3,2919.3,27.459999,28.090000,going to home base
2024-04-12T23:17:04Z,2394.4,2393.8,2394.2,2650.8,2650.9,2650.9,5722.9,5722.2,5722.3,2355.7,2355.6,2356.1,3528.6,3528.3,3527.4,4455.1,4455.3,4454.7,6208.2,6209.9,6209.4,8694.2,8693.6,8692.9,5259.2,5258.4,5260.5,7478.2,7476.9,7476.7,6155.3,6155.8,6155.8,1872.6,1871.3,1871.1,3709.8,3709.7,3710.7,2597.7,2597.3,2596.9,2917.2,2917.7,2916.7,27.459999,28.080000,going to home base
2024-04-12T23:17:09Z,2394.4,2393.4,2393.3,2651.6,2650.9,2651.6,5722.2,5722.1,5722.0,2354.7,2354.8,2354.6,3528.0,3527.7,3528.2,4454.6,4454.3,4454.3,6209.4,6209.5,6210.4,8692.9,8694.0,8693.2,5259.4,5259.0,5259.4,7478.1,7477.2,7477.5,6156.1,6154.3,6156.2,1873.6,1872.5,1872.5,3711.4,3711.4,3711.9,2597.5,2597.5,2597.4,2917.8,2916.9,2916.9,27.450001,28.080000,going to home base
2024-04-12T23:17:14Z,2394.5,2393.8,2393.4,2651.0,2651.1,2651.7,5722.0,5721.3,5721.4,2353.9,2354.4,2354.7,3528.7,3528.3,3528.2,4454.7,4454.8,4454.8,6209.8,6207.9,6208.6,8692.1,8692.4,8692.3,5259.0,5258.5,5259.7,7477.2,7475.5,7477.4,6156.3,6157.4,6156.6,1873.5,1872.4,1872.5,3710.7,3710.7,3711.3,2596.7,2596.4,2596.8,2915.7,2916.0,2914.9,27.450001,28.110001,going to home base
2024-04-12T23:17:19Z,2393.9,2393.8,2394.1,2651.3,2651.2,2651.9,5721.6,5721.2,5721.4,2354.6,2354.5,2354.9,3528.0,3527.6,3528.0,4454.7,4454.7,4454.3,6208.5,6207.9,6209.1,8693.0,8691.9,8692.4,5259.8,5259.3,5260.5,7479.0,7476.2,7476.3,6155.5,6155.7,6157.5,1873.8,1872.7,1872.3,3710.5,3710.6,3711.6,2598.3,2597.8,2598.3,2917.7,2917.9,2918.0,27.450001,28.100000,going to home base
2024-04-12T23:17:24Z,2394.4,2393.5,2393.7,2650.0,2650.3,2650.8,5721.6,5721.3,5721.4,2354.4,2354.5,2355.3,3528.5,3528.0,3528.3,4454.6,4454.7,4455.0,6209.8,6210.3,6210.6,8690.2,8691.4,8689.6,5259.2,5257.7,5258.7,7477.4,7478.4,7476.0,6157.5,6156.1,6158.6,1873.8,1872.0,1872.0,3710.7,3710.8,3711.8,2597.4,2596.7,2596.2,2916.4,2915.8,2915.9,27.450001,28.139999,going to home base
2024-04-12T23:17:29Z,2394.2,2393.7,2393.6,2651.4,2650.0,2651.0,5722.2,5721.9,5721.6,2354.0,2354.0,2354.7,3527.7,3527.2,3526.9,4454.2,4453.6,4453.6,6211.0,6210.3,6210.5,8690.4,8692.0,8689.4,5258.0,5258.0,5259.3,7478.7,7476.9,7476.3,6154.5,6154.1,6155.3,1873.5,1872.2,1871.5,3710.4,3710.2,3711.1,2597.0,2596.6,2596.2,2914.8,2914.1,2915.1,27.480000,28.080000,going to home base
2024-04-12T23:17:34Z,2393.9,2393.2,2393.4,2650.3,2650.4,2650.6,5721.2,5720.5,5721.0,2354.6,2354.4,2355.0,3528.2,3528.3,3528.3,4453.4,4453.0,4453.9,6208.4,6208.7,6212.1,8691.0,8691.7,8691.8,5256.9,5257.4,5259.3,7478.0,7479.7,7479.3,6151.4,6151.7,6154.0,1873.1,1871.9,1872.0,3709.9,3710.0,3710.7,2597.8,2597.5,2597.6,2917.4,2917.6,2917.4,27.450001,28.100000,going to home base
2024-04-12T23:17:39Z,2393.9,2393.4,2393.5,2651.0,2650.7,2650.6,5722.0,5721.3,5721.3,2354.0,2354.0,2354.1,3528.0,3527.5,3527.3,4453.6,4453.4,4454.0,6207.0,6207.0,6207.7,8694.9,8692.4,8692.7,5258.1,5258.0,5258.7,7477.6,7477.8,7478.1,6154.7,6153.9,6153.8,1872.8,1871.7,1871.2,3709.8,3710.0,3710.8,2597.5,2596.5,2596.7,2917.8,2917.8,2916.8,27.459999,28.120001,going to home base
2024-04-12T23:17:44Z,2394.0,2393.2,2393.5,2651.3,2651.2,2650.8,5722.5,5721.5,5721.5,2354.1,2354.1,2354.6,3528.8,3527.7,3526.8,4454.1,4453.8,4453.5,6209.7,6207.9,6207.2,8691.7,8691.7,8693.0,5259.5,5258.7,5259.3,7478.7,7476.8,7478.1,6156.8,6157.0,6157.2,1873.0,1871.7,1872.2,3710.1,3710.3,3711.1,2596.6,2595.8,2596.1,2917.1,2916.0,2915.9,27.450001,28.110001,going to home base
2024-04-12T23:17:49Z,2394.3,2393.7,2393.8,2650.2,2651.2,2650.8,5722.1,5722.2,5721.9,2354.4,2354.6,2355.5,3528.3,3528.3,3528.1,4454.5,4453.9,4454.2,6209.3,6207.8,6210.5,8689.8,8688.0,8690.0,5258.3,5258.3,5259.1,7479.5,7478.6,7477.5,6155.6,6154.1,6155.2,1873.5,1871.8,1872.1,3710.0,3710.0,3710.8,2597.0,2596.6,2596.8,2916.9,2916.9,2916.8,27.459999,28.120001,going to home base
2024-04-12T23:17:54Z,2394.0,2393.0,2393.3,2650.9,2651.2,2651.2,5722.1,5721.9,5721.6,2354.3,2354.5,2354.3,3528.8,3527.7,3528.0,4453.8,4453.2,4453.8,6206.9,6206.0,6206.3,8692.6,8692.4,8691.6,5258.8,5259.2,5257.7,7478.3,7478.8,7479.4,6155.5,6154.2,6154.9,1873.9,1872.2,1872.3,3710.3,3710.0,3711.3,2596.6,2596.3,2596.0,2917.5,2917.0,2917.8,27.450001,28.150000,going to home base
2024-04-12T23:17:59Z,2393.0,2392.5,2392.9,2650.8,2651.0,2651.3,5721.7,5721.0,5722.0,2354.1,2354.1,2354.2,3528.1,3527.9,3527.5,4454.3,4454.2,4454.1,6211.1,6208.8,6208.8,8690.4,8689.7,8691.1,5257.8,5257.3,5259.1,7478.7,7476.6,7477.9,6156.2,6154.4,6154.5,1873.5,1872.2,1871.7,3711.1,3710.9,3711.4,2597.1,2596.2,2596.5,2917.3,2916.5,2917.0,27.450001,28.120001,going to home base
2024-04-12T23:18:04Z,2393.5,2392.6,2393.1,2651.1,2650.6,2650.9,5721.7,5721.1,5721.7,2353.6,2353.2,2353.1,3529.6,3528.6,3527.6,4454.0,4453.9,4454.0,6209.7,6209.6,6209.7,8690.5,8691.5,8690.3,5258.8,5257.6,5258.8,7478.6,7477.0,7476.8,6150.1,6150.9,6150.3,1873.9,1872.2,1872.1,3709.9,3709.9,3710.6,2596.6,2596.4,2597.2,2917.1,2916.9,2917.1,27.450001,28.150000,going to home base
2024-04-12T23:18:09Z,2393.6,2393.1,2393.0,2651.2,2651.3,2651.7,5721.3,5720.9,5721.2,2354.2,2354.0,2354.5,3527.9,3527.6,3527.0,4453.9,4453.8,4453.6,6208.4,6208.2,6206.6,8692.8,8691.7,8690.0,5259.9,5258.4,5258.3,7477.7,7476.3,7476.3,6154.8,6153.1,6154.5,1873.0,1871.4,1871.5,3710.1,3710.4,3710.8,2596.1,2595.4,2595.6,2917.1,2916.2,2916.5,27.459999,28.110001,going to home base
2024-04-12T23:18:14Z,2393.4,2392.8,2393.1,2650.8,2650.8,2651.4,5720.5,5720.7,5720.4,2353.9,2353.7,2353.8,3527.7,3527.4,3526.6,4453.7,4453.4,4453.3,6206.4,6207.8,6207.9,8690.2,8688.7,8688.4,5258.4,5257.9,5259.5,7479.4,7479.0,7478.1,6151.4,6150.0,6149.3,1873.3,1871.7,1871.7,3710.3,3710.1,3710.5,2596.8,2596.1,2596.4,2918.5,2918.3,2919.1,27.450001,28.080000,going to home base
2024-04-12T23:18:19Z,2393.7,2392.4,2393.1,2650.5,2651.0,2651.0,5722.1,5721.2,5721.7,2353.9,2353.8,2354.5,3527.4,3527.7,3527.0,4453.5,4453.4,4453.2,6208.7,6211.2,6208.7,8690.4,8690.1,8691.0,5256.9,5257.2,5258.3,7477.1,7477.0,7477.0,6149.6,6149.1,6150.5,1873.0,1871.7,1871.4,3709.6,3709.8,3710.9,2596.7,2595.8,2595.5,2917.7,2918.1,2917.7,27.459999,28.100000,going to home base
2024-04-12T23:18:29Z,2393.4,2393.0,2393.1,2651.5,2650.9,2651.4,start,27071.8,27079.9,2393.7,2392.9,2393.2,2354.0,2354.2,3779.4,3779.5,88682.6,88720.1,14383.8,14385.5,14382.2,4453.7,4453.3,6207.8,6205.9,6208.0,16729.7,16727.7,34240.4,34239.6,8690.9,8689.8,8690.0,7477.4,7477.7,6153.3,6153.0,6152.7,44647.8,44651.5,3739.2,3740.6,1873.1,1872.0,1871.5,3710.0,2596.2,going to home base
2024-04-12T23:18:39Z,2394.0,2393.2,2393.4,2650.9,2651.0,2651.5,5721.4,5720.7,5720.9,2354.9,2354.8,2355.3,3528.2,3528.2,3527.7,4453.7,4453.2,4453.3,6207.0,6206.8,6207.3,8690.9,8690.5,8692.3,5255.2,5256.0,5256.4,7477.1,7475.5,7476.8,6153.8,6153.5,6153.9,1872.5,1871.3,1871.3,3709.9,3709.6,3710.3,2596.0,2595.2,2594.9,2917.2,2916.5,2916.5,27.450001,28.170000,going to home base
2024-04-12T23:18:44Z,2393.7,2393.0,2393.0,2650.0,2650.3,2650.8,5721.0,5720.6,5720.7,2353.2,2353.2,2354.0,3528.7,3527.6,3528.0,4454.2,4453.7,4453.9,6209.3,6210.1,6209.0,8690.4,8690.7,8691.0,5256.0,5256.4,5257.0,7478.9,7476.3,7477.2,6150.5,6151.6,6151.7,1873.1,1871.8,1871.8,3709.6,3710.0,3710.2,2596.7,2595.8,2595.6,2916.9,2916.5,2916.8,27.459999,28.150000,going to home base
2024-04-12T23:18:49Z,2393.7,2393.0,2393.2,2650.4,2650.5,2650.7,5721.2,5721.4,5721.3,2354.6,2354.4,2355.2,3529.1,3528.4,3529.2,4454.2,4454.0,4454.1,6210.8,6209.5,6208.3,8691.0,8692.0,8691.0,5258.0,5258.6,5258.6,7476.1,7474.8,7473.7,6150.3,6149.8,6150.9,1873.0,1871.8,1871.9,3709.7,3709.4,3710.4,2596.6,2596.1,2595.9,2917.9,2917.1,2918.1,27.440001,28.090000,going to home base
2024-04-12T23:18:54Z,2393.4,2393.0,2393.0,2650.8,2650.9,2651.0,5721.7,5721.2,5721.0,2353.6,2353.3,2353.6,3530.1,3529.8,3529.4,4453.4,4452.9,4453.1,6206.3,6207.5,6206.4,8689.2,8688.6,8688.9,5257.1,5256.6,5257.6,7477.2,7477.9,7478.5,6152.1,6151.5,6152.2,1873.1,1872.0,1871.8,3709.0,3709.1,3710.4,2596.5,2595.5,2595.7,2917.7,2916.7,2917.0,27.450001,28.170000,going to home base
2024-04-12T23:18:59Z,2393.7,2392.7,2392.7,2651.0,2651.2,2651.3,5721.4,5720.9,5720.9,2354.0,2353.5,2355.1,3528.6,3528.4,3527.8,4453.4,4453.6,4453.5,6210.4,6209.4,6210.8,8691.0,8688.2,8689.9,5258.0,5257.3,5258.7,7477.6,7477.0,7476.3,6151.1,6150.1,6150.4,1873.2,1871.8,1872.0,3708.7,3709.4,3710.5,2596.3,2596.1,2596.1,2918.0,2918.3,2919.2,27.450001,28.120001,going to home base
2024-04-12T23:19:04Z,2393.3,2392.3,2392.8,2650.2,2650.1,2650.5,5721.9,5721.4,5722.0,2353.5,2353.5,2354.3,3528.8,3528.0,3528.0,4452.7,4453.0,4453.2,6208.7,6207.9,6208.6,8689.1,8688.3,8688.4,5258.3,5257.7,5258.1,7478.4,7477.7,7476.6,6151.1,6151.2,6152.8,1873.5,1871.6,1871.6,3709.4,3709.2,3709.9,2597.2,2596.0,2596.3,2917.5,2916.5,2917.0,27.459999,28.160000,going to home base
2024-04-12T23:19:09Z,2393.7,2392.9,2393.3,2650.9,2650.1,2651.1,5721.2,5720.9,5721.2,2354.9,2354.7,2355.4,3529.3,3528.8,3528.5,4453.3,4453.5,4452.7,6207.2,6207.4,6206.8,8689.0,8688.7,8689.8,5258.6,5258.0,5258.9,7478.2,7477.6,7476.8,6150.7,6150.2,6150.3,1873.4,1872.0,1871.9,3708.5,3708.6,3709.4,2597.0,2595.8,2596.4,2916.6,2915.3,2916.5,27.450001,28.150000,going to home base
2024-04-12T23:19:14Z,2393.5,2392.9,2392.8,2650.5,2650.9,2651.1,5721.8,5721.1,5720.7,2354.6,2354.0,2354.7,3528.4,3529.0,3528.8,4453.9,4454.1,4453.9,6209.6,6208.3,6208.0,8690.2,8689.9,8689.8,5257.2,5257.0,5257.9,7478.4,7478.4,7478.3,6151.0,6151.2,6151.8,1873.6,1871.8,1871.8,3708.3,3707.8,3709.0,2596.6,2595.9,2595.7,2915.2,2915.1,2915.1,27.450001,28.080000,going to home base
2024-04-12T23:19:19Z,2393.9,2392.9,2393.0,2650.4,2650.7,2650.5,5721.2,5720.8,5720.8,2354.0,2354.3,2354.3,3528.3,3527.4,3528.0,4453.7,4453.8,4453.3,6205.5,6207.0,6206.8,8688.5,8690.8,8689.7,5256.5,5256.2,5256.0,7476.7,7474.6,7475.6,6149.2,6149.5,6151.4,1873.2,1872.1,1871.7,3708.6,3708.9,3709.9,2597.3,2596.7,2596.1,2916.5,2915.7,2915.8,27.459999,28.139999,going to home base
2024-04-12T23:19:24Z,2393.3,2393.0,2392.9,2650.9,2650.5,2650.4,5720.8,5720.7,5721.1,2353.8,2353.6,2354.5,3527.7,3527.6,3527.1,4453.2,4453.4,4453.5,6206.7,6206.1,6208.9,8688.2,8688.6,8688.3,5257.3,5257.1,5257.3,7476.0,7475.8,7476.2,6148.0,6148.8,6149.4,1872.7,1871.4,1871.6,3708.6,3708.4,3709.1,2596.2,2595.8,2595.6,2914.1,2913.9,2915.2,27.450001,28.100000,going to home base
2024-04-12T23:19:29Z,2393.4,2392.8,2392.9,2650.4,2650.6,2650.5,5721.5,5720.8,5721.1,2354.3,2353.8,2354.0,3528.1,3528.3,3527.8,4453.6,4453.3,4453.4,6207.7,6208.6,6208.5,8691.9,8690.5,8690.9,5257.7,5257.7,5258.7,7474.3,7473.9,7475.0,6150.5,6150.8,6152.0,1873.0,1871.3,1871.1,3708.7,3708.6,3709.3,2596.9,2596.0,2596.1,2917.1,2916.9,2916.8,27.459999,28.120001,going to home base
2024-04-12T23:19:34Z,2393.4,2392.5,2393.5,2650.2,2650.5,2650.2,5721.6,5721.1,5721.5,2354.4,2354.5,2354.6,3527.8,3527.7,3527.1,4453.5,4453.1,4453.4,6207.6,6209.1,6209.1,8691.2,8691.1,8691.2,5258.1,5256.8,5258.0,7475.4,7474.6,7475.4,6151.2,6150.9,6150.5,1872.2,1871.1,1871.3,3708.4,3707.7,3708.7,2596.8,2596.6,2596.4,2915.8,2915.4,2916.1,27.459999,28.120001,going to home base
2024-04-12T23:19:39Z,2393.0,2392.4,2393.3,2649.9,2650.2,2650.5,5722.0,5721.5,5721.5,2354.3,2354.4,2354.7,3528.3,3527.6,3527.7,4453.6,4453.1,4453.4,6207.1,6206.6,6206.4,8692.4,8690.4,8691.2,5257.4,5257.1,5257.7,7476.7,7476.8,7477.2,6149.8,6148.5,6146.9,1872.5,1871.4,1871.4,3708.5,3708.3,3708.4,2596.7,2596.1,2596.5,2915.6,2915.2,2916.0,27.459999,28.110001,going to home base
2024-04-12T23:19:44Z,2392.9,2392.5,2392.8,2650.4,2650.0,2650.3,5721.7,5721.3,5721.6,2354.0,2353.5,2354.3,3528.3,3528.5,3528.5,4453.4,4453.6,4453.3,6208.3,6208.6,6208.0,8692.6,8691.8,8691.8,5256.6,5256.2,5258.7,7477.3,7475.7,7474.4,6149.2,6149.7,6149.8,1873.2,1871.6,1871.4,3708.4,3708.2,3709.0,2597.6,2596.2,2597.0,2915.5,2915.0,2915.9,27.459999,28.070000,going to home base
2024-04-12T23:19:49Z,2393.1,2392.3,2392.8,2650.5,2650.4,2650.6,5721.2,5720.9,5721.3,2353.9,2353.5,2354.1,3528.4,3528.1,3527.9,4453.1,4453.3,4453.5,6208.2,6206.5,6208.5,8689.0,8689.2,8689.3,5258.0,5258.2,5258.0,7477.5,7475.4,7475.2,6149.8,6151.2,6150.4,1873.0,1871.4,1871.3,3707.9,3707.6,3708.2,2597.4,2596.5,2596.3,2916.1,2915.3,2915.7,27.480000,28.100000,going to home base
2024-04-12T23:19:54Z,2393.7,2393.0,2393.0,2650.8,2651.7,2651.7,5721.3,5720.5,5720.9,2354.5,2354.5,2354.1,3528.8,3528.2,3528.0,4453.6,4452.8,4453.0,6206.1,6205.9,6205.6,8689.3,8691.1,8689.8,5253.3,5253.6,5255.2,7476.4,7476.7,7476.0,6150.8,6151.3,6152.0,1872.8,1871.1,1871.1,3708.3,3708.4,3709.6,2597.0,2596.4,2596.3,2915.8,2915.0,2915.4,27.440001,28.100000,going to home base
2024-04-12T23:19:59Z,2393.5,2392.4,2392.8,2651.5,2651.3,2651.5,5721.3,5720.7,5721.4,2353.8,2353.8,2354.0,3528.3,3527.7,3527.5,4453.6,4453.7,4453.9,6205.7,6205.7,6207.0,8690.0,8690.5,8691.2,5254.8,5254.3,5254.3,7477.2,7475.9,7474.6,6148.5,6149.3,6148.9,1872.4,1871.0,1870.9,3708.2,3708.6,3709.4,2597.0,2596.4,2596.4,2915.8,2915.1,2914.7,27.450001,28.180000,going to home base
2024-04-12T23:20:04Z,2393.5,2393.0,2393.3,2651.0,2651.0,2651.6,5721.0,5721.1,5721.1,2354.2,2354.2,2354.3,3528.5,3527.9,3528.5,4453.6,4453.7,4453.5,6208.1,6209.0,6210.7,8690.4,8689.7,8690.2,5255.6,5254.8,5255.6,7477.2,7477.4,7477.2,6154.3,6153.2,6148.8,1872.6,1871.5,1871.3,3708.0,3707.9,3709.4,2597.1,2595.6,2595.6,2916.1,2915.6,2915.0,27.459999,28.120001,going to home base
2024-04-12T23:20:09Z,2393.7,2393.2,2393.7,2651.1,2650.5,2651.5,5721.7,5721.1,5721.2,2354.6,2354.6,2354.6,3527.7,3527.2,3527.3,4453.5,4453.1,4453.6,6206.1,6206.9,6207.3,8689.5,8688.7,8689.4,5258.1,5256.9,5257.6,7478.7,7477.8,7477.6,6150.7,6150.9,6152.2,1872.5,1871.0,1871.2,3708.5,3708.5,3709.4,2596.0,2595.5,2595.6,2916.3,2916.1,2915.6,27.440001,28.120001,going to home base
2024-04-12T23:20:14Z,2393.4,2392.7,2393.3,2651.1,2650.3,2651.0,5721.7,5721.5,5721.8,2354.4,2354.2,2354.5,3528.1,3528.0,3527.3,4453.1,4452.6,4453.1,6205.9,6206.4,6204.5,8688.1,8688.8,8690.7,5257.5,5256.5,5258.4,7479.1,7478.5,7477.5,6149.4,6149.4,6150.2,1872.3,1870.6,1870.6,3708.7,3709.1,3710.0,2596.8,2595.6,2595.4,2916.5,2916.0,2916.8,27.440001,28.110001,going to home base
2024-04-12T23:20:19Z,2393.0,2392.7,2392.9,2650.6,2650.4,2650.7,5721.5,5720.7,5720.9,2354.8,2354.6,2354.7,3527.9,3527.6,3528.0,4453.4,4453.1,4453.4,6207.9,6208.3,6208.4,8689.9,8689.4,8690.2,5257.8,5257.3,5257.8,7478.3,7477.2,7477.8,6151.7,6150.7,6151.5,1872.5,1871.5,1871.1,3708.4,3708.3,3709.3,2596.7,2596.0,2596.0,2916.0,2916.1,2916.5,27.450001,28.139999,going to home base
2024-04-12T23:20:24Z,2393.6,2392.9,2393.0,2651.4,2650.7,2651.1,5721.0,5720.8,5721.2,2353.6,2353.7,2353.6,3528.4,3527.7,3527.8,4453.3,4453.2,4453.1,6206.0,6206.7,6207.4,8689.6,8687.8,8690.0,5256.6,5258.1,5256.6,7476.5,7476.4,7476.3,6151.7,6151.7,6152.2,1872.8,1871.1,1871.0,3708.4,3708.5,3709.3,2595.7,2595.6,2595.6,2917.6,2916.6,2917.4,27.459999,28.139999,going to home base
2024-04-12T23:20:29Z,2393.5,2393.2,2393.0,2651.1,2650.8,2650.6,5721.1,5721.2,5720.8,2354.0,2354.0,2354.8,3527.6,3526.6,3526.9,4452.9,4452.5,4452.5,6207.6,6208.2,6208.1,8689.4,8690.4,8690.2,5257.7,5256.9,5257.7,7478.2,7478.2,7477.1,6153.1,6152.5,6153.5,1872.9,1871.3,1871.3,3707.7,3707.9,3708.2,2597.2,2597.0,2596.3,2915.7,2915.6,2915.3,27.440001,28.110001,going to home base
2024-04-12T23:20:34Z,2393.4,2392.7,2393.1,2651.4,2651.2,2651.2,5721.8,5721.2,5721.0,2354.4,2354.1,2354.1,3528.1,3527.8,3527.7,4453.2,4453.0,4452.8,6206.6,6207.4,6209.0,8691.0,8691.4,8689.7,5257.1,5257.4,5257.9,7475.0,7476.6,7476.2,6153.4,6153.5,6154.4,1872.6,1871.1,1870.9,3707.8,3707.5,3709.0,2596.5,2595.8,2596.2,2917.4,2916.6,2917.1,27.450001,28.190001,going to home base
2024-04-12T23:20:39Z,2392.5,2392.8,2392.5,2651.4,2651.7,2651.5,5721.0,5720.3,5720.7,2354.3,2354.4,2354.5,3528.6,3527.8,3527.7,4453.4,4453.5,4453.6,6206.0,6207.6,6207.1,8686.5,8687.6,8686.8,5257.8,5256.9,5257.0,7475.2,7474.5,7475.6,6150.5,6150.1,6150.9,1872.4,1871.0,1870.7,3707.4,3707.9,3708.8,2597.8,2595.8,2596.2,2916.9,2916.5,2917.0,27.440001,28.120001,going to home base
2024-04-12T23:20:44Z,2393.0,2392.0,2392.3,2650.8,2650.9,2650.8,5720.6,5720.8,5720.6,2354.5,2354.0,2354.4,3527.5,3527.6,3527.7,4453.8,4453.3,4453.2,6211.3,6209.0,6209.5,8690.6,8688.2,8687.2,5256.7,5256.3,5257.5,7477.3,7475.9,7476.6,6153.7,6153.0,6152.6,1872.7,1871.4,1871.2,3708.3,3708.4,3709.3,2596.9,2595.7,2595.8,2917.0,2915.7,2916.2,27.480000,28.110001,going to home base
2024-04-12T23:20:49Z,2393.1,2392.7,2392.9,2651.1,2650.8,2650.6,5721.0,5720.7,5721.0,2353.8,2353.4,2353.8,3528.7,3527.6,3528.0,4453.8,4453.2,4452.9,6208.0,6208.6,6207.9,8688.1,8690.1,8689.6,5257.2,5256.8,5256.6,7477.4,7476.7,7476.1,6150.9,6151.7,6152.1,1872.3,1870.8,1870.9,3708.3,3708.7,3709.6,2597.2,2596.5,2596.7,2916.8,2916.3,2916.4,27.459999,28.120001,going to home base
2024-04-12T23:20:54Z,2393.0,2392.6,2392.8,2650.3,2649.5,2650.4,5721.0,5720.8,5721.1,2353.8,2353.4,2354.3,3528.2,3527.5,3527.5,4453.1,4453.3,4453.1,6207.3,6209.0,6207.8,8688.6,8687.0,8688.0,5256.7,5256.2,5256.8,7478.0,7478.5,7478.6,6151.9,6152.6,6153.1,1873.1,1871.6,1872.1,3707.6,3708.0,3708.9,2597.0,2596.3,2596.0,2915.9,2915.4,2915.7,27.450001,28.120001,going to home base
2024-04-12T23:20:59Z,2393.8,2392.5,2392.7,2650.3,2650.4,2651.1,5721.6,5721.2,5721.1,2353.4,2353.3,2353.6,3528.4,3527.8,3528.5,4453.3,4452.9,4453.2,6211.5,6211.2,6211.8,8688.3,8688.7,8688.1,5255.3,5255.1,5256.2,7476.3,7474.4,7474.6,6150.0,6148.4,6150.2,1872.3,1871.3,1871.5,3707.7,3707.3,3708.1,2596.9,2596.4,2596.0,2915.8,2915.5,2915.8,27.450001,28.110001,going to home base
2024-04-12T23:21:04Z,2392.8,2392.2,2392.3,2651.0,2651.0,2651.5,5721.1,5721.6,5721.1,2354.0,2353.3,2353.7,3528.3,3528.1,3528.0,4452.8,4452.6,4452.9,6212.0,6210.1,6211.8,8687.0,8686.2,8688.9,5256.9,5255.4,5257.0,7478.6,7476.3,7477.3,6151.4,6151.2,6151.2,1872.5,1871.1,1871.5,3707.6,3707.8,3708.6,2596.1,2595.1,2595.8,2916.4,2916.2,2916.2,27.450001,28.080000,going to home base
2024-04-12T23:21:09Z,2392.8,2392.2,2392.5,2650.3,2650.7,2650.9,5721.1,5720.8,5720.7,2352.9,2352.7,2353.7,3528.4,3528.3,3528.6,4452.9,4453.1,4453.1,6210.6,6211.5,6211.8,8688.4,8687.5,8689.1,5256.2,5254.3,5255.9,7476.1,7475.9,7476.3,6149.2,6150.1,6151.2,1871.8,1870.6,1870.6,3707.7,3708.9,3708.9,2596.1,2594.9,2595.4,2916.0,2915.5,2915.1,27.440001,28.120001,going to home base
2024-04-12T23:21:14Z,2393.3,2392.5,2392.8,2650.4,2650.4,2650.5,5720.7,5720.6,5720.6,2353.8,2353.4,2354.1,3528.5,3527.8,3527.2,4452.6,4452.6,4452.8,6211.8,6211.3,6211.9,8686.5,8685.4,8686.4,5256.7,5255.8,5255.9,7478.1,7475.6,7474.1,6149.7,6150.1,6150.1,1872.1,1870.7,1870.7,3707.6,3707.5,3708.7,2596.7,2595.9,2595.3,2918.1,2918.1,2917.4,27.450001,28.110001,going to home base
2024-04-12T23:21:19Z,2392.4,2392.1,2392.9,2650.9,2650.4,2650.7,5720.8,5719.9,5720.5,2354.1,2353.8,2354.6,3527.3,3527.2,3527.4,4452.8,4452.9,4453.0,6208.8,6208.5,6209.6,8687.8,8689.0,8687.6,5254.5,5254.7,5255.4,7477.6,7477.0,7475.5,6151.6,6148.9,6149.6,1872.2,1870.3,1870.8,3707.5,3707.3,3708.3,2596.1,2595.5,2595.5,2917.1,2916.6,2916.9,27.450001,28.120001,going to home base
2024-04-12T23:21:24Z,2393.9,2392.8,2392.6,2650.0,2650.0,2650.3,5720.5,5720.5,5720.3,2353.8,2353.8,2354.5,3527.5,3527.1,3527.4,4452.7,4452.8,4452.9,6206.8,6208.2,6207.9,8689.9,8690.0,8688.3,5254.6,5254.0,5254.4,7478.1,7476.5,7477.3,6150.3,6148.7,6149.8,1872.6,1870.8,1870.7,3708.2,3708.0,3709.2,2596.5,2595.5,2595.8,2916.7,2916.6,2917.9,27.459999,28.139999,going to home base
2024-04-12T23:21:29Z,2393.4,2393.0,2393.2,2650.4,2650.7,2650.6,5721.3,5720.1,5720.4,2353.9,2353.8,2354.1,3527.1,3527.5,3526.9,4452.8,4452.2,4452.3,6206.9,6207.1,6205.9,8688.6,8688.4,8688.9,5255.7,5254.1,5254.7,7477.0,7475.0,7475.1,6150.8,6151.3,6150.2,1872.1,1871.0,1870.8,3708.9,3708.7,3709.9,2597.0,2596.3,2596.5,2915.5,2915.7,2915.9,27.459999,28.150000,going to home base
2024-04-12T23:21:34Z,2393.0,2392.7,2392.7,2650.6,2650.4,2650.7,5721.4,5721.3,5721.0,2353.7,2354.2,2354.0,3527.1,3526.8,3527.4,4453.0,4453.4,4452.8,6207.3,6206.8,6207.9,8686.8,8686.2,8686.8,5256.3,5255.8,5256.2,7479.2,7477.9,7477.8,6150.7,6148.9,6150.2,1871.8,1870.6,1870.3,3708.1,3708.5,3709.4,2596.9,2596.4,2596.7,2915.0,2915.4,2915.1,27.450001,28.110001,going to home base
2024-04-12T23:21:39Z,2393.0,2392.5,2392.8,2650.6,2650.1,2650.5,5721.0,5720.5,5720.2,2353.7,2353.7,2353.7,3527.4,3527.9,3527.8,4453.4,4453.7,4453.4,6206.7,6206.4,6207.0,8685.5,8686.1,8685.2,5255.9,5255.6,5256.7,7478.5,7476.9,7476.5,6154.1,6153.4,6155.4,1872.4,1870.8,1871.0,3707.8,3707.6,3708.7,2597.6,2596.3,2596.6,2916.6,2915.1,2915.7,27.459999,28.150000,going to home base
2024-04-12T23:21:44Z,2393.4,2392.2,2392.5,2650.5,2650.3,2650.6,5721.3,5720.6,5720.8,2352.9,2353.1,2353.4,3527.1,3527.2,3526.8,4453.2,4453.3,4453.2,6205.0,6202.8,6204.6,8688.9,8687.7,8687.5,5255.6,5255.6,5257.5,7475.4,7473.8,7473.6,6154.4,6153.8,6152.7,1872.8,1871.5,1870.6,3707.8,3707.8,3708.7,2596.7,2595.7,2596.3,2915.7,2914.7,2914.9,27.459999,28.100000,going to home base
2024-04-12T23:21:49Z,2393.2,2392.8,2392.9,2650.2,2650.5,2650.4,5721.0,5720.7,5720.1,2353.9,2353.5,2353.6,3526.9,3526.7,3526.4,4453.1,4452.9,4453.4,6206.2,6205.8,6204.6,8686.5,8686.5,8687.8,5254.8,5254.9,5255.8,7475.6,7474.9,7474.4,6152.0,6154.0,6154.4,1872.2,1871.3,1870.9,3707.5,3707.3,3707.7,2597.6,2596.3,2595.9,2917.4,2915.8,2916.1,27.450001,28.080000,going to home base
2024-04-12T23:21:54Z,2393.1,2392.2,2393.0,2650.5,2650.4,2650.7,5720.3,5719.9,5720.0,2354.2,2353.8,2354.4,3527.6,3527.2,3526.9,4452.9,4452.9,4452.7,6204.1,6205.5,6206.2,8686.7,8687.3,8687.6,5256.3,5256.1,5257.0,7475.5,7475.0,7476.1,6153.3,6153.5,6153.4,1872.7,1871.2,1871.3,3707.1,3706.9,3708.6,2596.6,2596.2,2596.0,2916.3,2915.5,2916.2,27.459999,28.080000,going to home base
2024-04-12T23:21:59Z,2392.9,2392.4,2392.6,2650.2,2650.2,2651.0,5721.2,5720.2,5720.7,2353.8,2353.1,2353.3,3527.2,3527.1,3527.4,4452.8,4453.0,4452.5,6204.7,6205.1,6204.9,8688.4,8691.5,8689.6,5255.3,5254.5,5255.5,7476.2,7475.2,7475.7,6150.5,6151.8,6150.0,1872.7,1870.9,1871.0,3707.6,3707.6,3708.3,2596.1,2595.5,2595.7,2916.0,2916.0,2916.7,27.480000,28.049999,going to home base
2024-04-12T23:22:04Z,2392.6,2392.1,2392.1,2650.7,2650.1,2650.5,5720.6,5719.9,5720.3,2352.4,2352.8,2353.4,3527.1,3526.3,3526.2,4452.9,4452.7,4452.6,6205.0,6203.5,6205.2,8688.5,8690.0,8689.5,5256.3,5255.9,5255.8,7477.8,7477.4,7477.2,6152.4,6151.4,6150.0,1872.6,1871.1,1871.0,3707.0,3706.7,3707.4,2596.4,2595.3,2595.2,2915.3,2915.5,2914.9,27.459999,28.049999,going to home base
2024-04-12T23:22:09Z,2393.1,2392.2,2392.1,2650.1,2650.1,2650.4,5720.4,5720.2,5719.4,2353.5,2353.7,2353.7,3528.2,3527.1,3526.6,4452.8,4452.2,4452.0,6205.5,6205.3,6206.3,8689.8,8690.0,8689.1,5256.1,5255.2,5255.5,7477.8,7475.2,7476.5,6149.6,6150.3,6150.1,1872.2,1871.0,1870.6,3706.8,3706.8,3707.8,2596.6,2595.8,2596.0,2914.5,2914.7,2915.1,27.440001,28.080000,going to home base
2024-04-12T23:22:14Z,2392.4,2391.7,2391.8,2650.7,2650.3,2650.8,5720.1,5719.4,5719.6,2353.7,2353.5,2353.6,3527.2,3526.0,3526.7,4451.8,4451.8,4451.7,6205.4,6204.9,6205.2,8687.6,8686.5,8688.1,5255.6,5255.1,5255.5,7477.0,7475.9,7475.5,6148.7,6148.0,6149.4,1872.0,1870.8,1870.6,3707.0,3706.8,3707.6,2596.7,2596.1,2596.7,2915.2,2915.0,2915.3,27.450001,28.080000,going to home base
2024-04-12T23:22:19Z,2392.8,2392.2,2392.3,2650.3,2650.4,2650.3,5719.7,5719.4,5719.6,2353.5,2353.7,2354.1,3526.9,3526.8,3527.4,4452.1,4452.0,4451.7,6207.6,6207.9,6207.0,8687.0,8686.9,8686.0,5255.8,5255.9,5256.2,7477.2,7475.0,7476.6,6151.2,6151.6,6151.1,1872.0,1870.7,1870.7,3707.3,3706.7,3707.3,2596.8,2596.3,2595.7,2914.9,2914.8,2914.9,27.459999,28.110001,going to home base
2024-04-12T23:22:24Z,2392.7,2392.5,2392.4,2650.2,2650.5,2650.8,5719.5,5719.5,5719.5,2353.5,2353.1,2354.0,3527.3,3527.1,3527.0,4452.0,4451.7,4452.1,6207.1,6207.1,6205.9,8687.8,8687.4,8687.6,5254.8,5253.6,5255.5,7477.3,7476.6,7475.6,6150.1,6149.8,6151.2,1871.9,1870.6,1870.6,3706.7,3706.6,3707.5,2596.3,2596.0,2595.6,2914.9,2914.2,2915.7,27.480000,28.100000,going to home base
2024-04-12T23:22:29Z,2392.5,2391.7,2392.5,2650.2,2650.1,2649.9,5719.5,5719.0,5719.2,2353.5,2353.4,2354.3,3527.1,3526.5,3526.4,4452.3,4452.0,4452.4,6211.7,6211.2,6211.6,8688.2,8686.5,8687.9,5254.4,5254.9,5256.4,7476.5,7473.9,7476.4,6148.5,6148.9,6150.2,1872.0,1870.9,1870.8,3706.8,3706.9,3707.5,2596.3,2595.5,2595.9,2913.8,2913.7,2915.1,27.450001,28.049999,going to home base
2024-04-12T23:22:34Z,2392.4,2391.6,2392.0,2649.3,2648.6,2649.4,5720.2,5719.8,5720.2,2353.0,2352.8,2353.3,3526.5,3525.6,3526.1,4452.3,4451.8,4452.2,6208.8,6207.2,6209.4,8685.1,8686.1,8688.3,5254.9,5254.9,5254.5,7476.4,7476.0,7475.1,6149.2,6148.6,6149.9,1871.8,1870.2,1870.2,3706.8,3706.9,3707.8,2595.6,2595.3,2595.5,2913.9,2913.9,2914.4,27.459999,28.080000,going to home base
2024-04-12T23:22:39Z,2392.3,2391.8,2392.1,2649.5,2649.2,2649.8,5719.8,5719.6,5719.7,2351.1,2351.5,2351.5,3527.7,3526.9,3527.1,4451.4,4451.7,4451.6,6211.2,6210.6,6209.0,8684.1,8684.7,8685.5,5256.9,5256.5,5257.4,7475.0,7473.9,7474.7,6149.5,6149.3,6150.4,1872.4,1871.2,1870.9,3705.6,3706.0,3707.4,2596.5,2595.5,2595.6,2914.9,2914.1,2915.1,27.459999,28.049999,going to home base
2024-04-12T23:22:44Z,2392.9,2392.0,2392.4,2649.5,2649.3,2649.6,5719.8,5719.6,5719.9,2353.1,2352.9,2353.1,3526.4,3526.8,3526.3,4451.3,4451.3,4451.7,6208.4,6207.5,6207.8,8686.2,8684.1,8685.8,5254.1,5254.6,5255.5,7476.1,7475.8,7474.6,6146.8,6148.1,6148.7,1871.8,1870.9,1870.8,3705.6,3705.4,3706.4,2596.4,2595.2,2595.7,2915.7,2914.7,2914.5,27.459999,28.120001,going to home base
2024-04-12T23:22:49Z,2392.8,2392.2,2392.0,2649.1,2649.0,2648.9,5719.3,5718.9,5719.0,2353.2,2353.3,2353.6,3526.5,3526.2,3526.2,4451.5,4451.9,4451.8,6207.1,6206.9,6207.2,8685.2,8684.3,8685.2,5254.2,5254.9,5255.0,7473.0,7471.8,7472.1,6150.4,6150.3,6151.1,1871.6,1870.5,1870.2,3706.0,3706.3,3706.7,2595.7,2594.7,2594.5,2915.3,2914.9,2915.1,27.440001,28.160000,going to home base
2024-04-12T23:22:54Z,2392.1,2391.7,2391.8,2649.0,2649.1,2648.9,5719.2,5719.4,5719.2,2353.2,2353.1,2353.7,3527.1,3526.6,3526.6,4450.9,4450.1,4450.9,6208.8,6209.0,6207.1,8685.7,8684.7,8685.1,5251.9,5253.1,5252.3,7475.3,7473.7,7475.6,6148.6,6149.1,6148.9,1871.7,1870.2,1870.2,3705.9,3706.0,3707.0,2595.8,2595.2,2595.3,2914.9,2914.8,2914.7,27.459999,28.080000,going to home base
2024-04-12T23:22:59Z,2392.8,2391.9,2392.0,2649.3,2649.6,2650.1,5718.7,5718.7,5718.7,2353.9,2353.1,2353.7,3527.7,3526.8,3527.5,4451.6,4451.6,4451.7,6207.3,6205.8,6207.9,8685.4,8685.9,8686.1,5251.0,5250.8,5252.1,7473.6,7471.2,7472.7,6148.5,6148.4,6148.6,1871.1,1869.9,1870.0,3705.2,3705.5,3706.1,2595.4,2595.5,2595.0,2914.5,2914.2,2915.4,27.450001,28.139999,going to home base
2024-04-12T23:23:04Z,2392.3,2391.6,2392.0,2650.3,2649.7,2650.4,5719.2,5718.8,5718.9,2353.3,2352.7,2353.3,3526.1,3526.0,3525.5,4452.2,4451.9,4451.8,6210.3,6208.7,6208.9,8687.7,8686.2,8684.9,5254.9,5254.8,5255.6,7472.9,7472.3,7474.0,6152.1,6151.4,6151.8,1871.8,1870.5,1870.4,3705.9,3705.8,3706.3,2594.6,2593.5,2594.3,2914.7,2914.2,2915.0,27.459999,28.070000,going to home base
2024-04-12T23:23:09Z,2391.9,2391.3,2391.3,2649.1,2649.4,2649.6,5718.5,5718.4,5718.3,2353.1,2353.6,2353.6,3527.4,3526.2,3526.6,4451.7,4451.2,4451.6,6208.0,6208.1,6207.1,8686.0,8687.7,8687.6,5254.4,5253.2,5254.8,7473.8,7472.5,7472.4,6149.3,6149.8,6150.1,1871.0,1869.7,1869.6,3705.2,3705.3,3706.3,2595.7,2595.2,2594.6,2915.5,2914.6,2915.4,27.490000,28.110001,going to home base
2024-04-12T23:23:14Z,2392.4,2392.1,2392.4,2649.4,2649.0,2649.6,5719.0,5718.5,5718.8,2352.5,2352.6,2353.6,3527.2,3526.9,3526.5,4451.7,4451.1,4451.2,6207.1,6207.8,6209.5,8683.5,8683.8,8681.8,5254.9,5254.9,5255.4,7473.9,7472.8,7474.5,6149.5,6151.0,6149.8,1871.1,1869.3,1869.9,3705.8,3705.6,3706.1,2594.6,2594.1,2594.0,2915.5,2914.9,2915.7,27.450001,28.080000,going to home base
2024-04-12T23:23:24Z,2392.1,2391.7,2391.2,2649.0,2648.6,2649.3,5718.0,5717.4,5717.4,2352.2,2352.1,2353.0,3526.6,3526.2,3526.1,4450.5,4451.7,4451.1,6205.0,6203.7,6205.0,8685.2,8686.3,8685.1,5253.8,5254.1,5254.4,7474.2,7474.6,7473.5,6148.8,6149.2,6149.2,1871.0,1870.1,1869.8,3705.3,3705.5,3706.6,2596.0,2594.5,2595.3,2915.4,2915.5,2914.8,27.440001,28.070000,going to home base
2024-04-12T23:23:29Z,2392.5,2391.8,2392.0,2649.1,2648.9,2648.9,5717.9,5717.6,5717.5,2353.2,2352.6,2353.2,3526.8,3526.9,3526.7,4451.4,4451.6,4451.4,6205.4,6205.4,6206.3,8688.0,8686.4,8685.9,5254.5,5254.4,5254.9,7471.0,7471.5,7472.2,6146.7,6145.9,6146.9,1871.1,1869.4,1869.6,3705.3,3705.5,3706.2,2595.1,2594.2,2594.5,2914.7,2915.1,2915.0,27.459999,28.100000,going to home base
2024-04-12T23:23:34Z,2392.7,2392.0,2392.1,2648.2,2648.3,2649.2,5718.7,5718.2,5718.1,2352.4,2352.0,2352.2,3526.6,3526.0,3526.1,4450.7,4450.2,4450.8,6205.4,6201.6,6205.1,8685.8,8685.7,8687.6,5254.0,5254.1,5254.5,7472.4,7470.9,7471.4,6145.0,6144.0,6145.0,1871.3,1869.9,1870.1,3705.1,3705.8,3706.7,2594.5,2594.1,2594.5,2915.0,2914.8,2915.2,27.450001,28.110001,going to home base
2024-04-12T23:23:39Z,2392.1,2392.0,2392.2,2648.9,2648.7,2648.7,5718.3,5717.6,5717.8,2352.6,2352.3,2352.8,3527.4,3527.5,3527.0,4450.7,4450.6,4450.9,6205.7,6205.5,6205.0,8687.4,8687.7,8687.3,5254.0,5253.4,5255.3,7469.0,7469.6,7469.8,6148.1,6149.5,6148.5,1871.7,1870.2,1870.3,3706.1,3705.7,3706.7,2595.4,2595.1,2594.7,2914.5,2913.6,2913.5,27.450001,28.110001,going to home base
2024-04-12T23:23:44Z,2392.0,2391.3,2391.8,2648.3,2649.0,2648.7,5718.2,5717.5,5717.7,2352.5,2352.3,2353.3,3526.9,3526.9,3527.0,4451.1,4450.9,4450.9,6203.2,6202.3,6202.9,8686.3,8686.2,8687.3,5254.8,5253.0,5254.6,7471.7,7470.5,7470.8,6148.6,6149.0,6149.8,1871.6,1870.1,1870.0,3706.0,3706.0,3706.7,2595.4,2594.5,2594.8,2914.6,2914.7,2913.8,27.459999,28.139999,going to home base
2024-04-12T23:23:49Z,2392.8,2392.0,2391.5,2648.7,2648.8,2649.5,5717.9,5717.7,5717.6,2353.3,2352.8,2353.4,3525.8,3525.8,3526.2,4451.0,4451.0,4450.7,6206.9,6206.4,6206.6,8685.3,8684.4,8684.5,5253.4,5253.3,5255.1,7472.0,7472.1,7472.5,6150.7,6148.7,6149.2,1871.7,1869.7,1869.4,3705.3,3705.8,3707.0,2595.6,2594.6,2594.2,2913.4,2912.8,2913.0,27.459999,28.150000,going to home base
2024-04-12T23:23:54Z,2391.8,2391.2,2391.6,2649.0,2648.4,2649.3,5717.9,5717.6,5717.7,2353.1,2352.5,2353.1,3525.6,3525.6,3525.8,4451.0,4450.9,4451.2,6203.5,6205.1,6202.7,8685.9,8685.9,8684.6,5254.2,5253.7,5255.1,7472.3,7469.5,7471.6,6149.5,6147.8,6148.5,1872.1,1870.5,1870.3,3705.1,3705.8,3706.6,2595.1,2594.4,2594.5,2912.6,2912.9,2913.1,27.450001,28.110001,going to home base
2024-04-12T23:23:59Z,2392.4,2391.9,2392.3,2648.9,2648.5,2649.2,5717.9,5717.4,5717.5,2352.8,2353.2,2353.3,3526.5,3526.6,3525.9,4451.1,4450.5,4450.6,6206.6,6205.9,6206.9,8686.9,8685.0,8683.4,5255.7,5254.6,5257.5,7472.3,7471.6,7472.3,6146.5,6146.9,6148.1,1871.7,1870.5,1870.4,3706.2,3706.9,3707.3,2595.8,2595.0,2594.8,2914.1,2914.1,2913.8,27.450001,28.120001,going to home base
2024-04-12T23:24:04Z,2392.6,2392.3,2392.2,2649.2,2649.2,2649.2,5717.9,5717.6,5717.6,2353.0,2353.4,2353.5,3525.7,3526.0,3525.9,4451.2,4451.2,4451.5,6205.5,6205.4,6205.7,8686.1,8685.2,8685.3,5253.6,5254.9,5254.8,7472.6,7470.2,7472.0,6147.2,6148.1,6148.4,1871.3,1870.1,1870.3,3706.1,3706.4,3707.2,2595.8,2595.4,2594.7,2915.5,2915.0,2914.9,27.450001,28.150000,going to home base
2024-04-12T23:24:14Z,2393.1,2392.1,2392.1,2649.4,2649.2,2649.4,5718.6,5718.4,5718.9,2353.3,2352.9,2353.7,3527.0,3526.8,3526.3,4450.3,4450.5,4450.3,6207.0,6203.8,6205.8,8687.1,8685.2,8684.1,5254.2,5253.7,5253.9,7472.9,7472.3,7471.9,6149.6,6149.2,6151.2,1871.4,1870.1,1869.9,3705.6,3706.1,3706.9,2595.4,2594.9,2595.1,2914.1,2913.8,29start,2392.5,2392.0,going to home base
2024-04-12T23:24:24Z,2392.3,2392.1,2391.8,2648.9,2648.5,2649.2,5719.0,5718.1,5718.5,2352.8,2352.4,2353.1,3525.6,3525.7,3525.6,4450.8,4450.9,4451.1,6204.6,6204.3,6206.1,8686.4,8685.8,8685.1,5253.7,5254.2,5255.7,7474.3,7472.9,7472.9,6147.9,6148.4,6148.9,1871.9,1870.5,1870.2,3705.8,3705.7,3706.2,2595.4,2594.9,2595.1,2914.0,2914.0,2914.7,27.450001,28.120001,going to home base
2024-04-12T23:24:29Z,2392.4,2391.7,2392.0,2648.9,2649.1,2649.4,5719.4,5719.0,5718.7,2353.2,2353.1,2353.0,3526.0,3526.0,3525.9,4450.8,4450.8,4451.1,6205.6,6206.0,6206.5,8685.7,8685.7,8687.3,5253.9,5253.1,5254.3,7473.2,7473.7,7473.5,6146.8,6146.5,6148.1,1871.1,1869.7,1869.5,3705.8,3705.9,3706.7,2595.5,2594.7,2594.8,2915.9,2914.8,2915.5,27.459999,28.139999,going to home base
2024-04-12T23:24:34Z,2392.9,2392.2,2392.4,2649.3,2649.0,2649.7,5720.0,5719.4,5719.2,2353.1,2352.7,2353.5,3525.6,3526.5,3526.4,4451.7,4451.4,4451.3,6207.1,6207.2,6207.9,8686.5,8687.2,8686.6,5249.7,5249.4,5250.1,7471.8,7473.1,7472.2,6146.9,6145.5,6145.6,1871.4,1869.9,1869.8,3706.2,3706.2,3707.2,2595.7,2595.2,2595.4,2915.7,2915.1,2915.7,27.450001,28.120001,going to home base
2024-04-12T23:24:39Z,2392.7,2392.0,2392.4,2649.4,2649.0,2649.3,5719.9,5719.3,5719.8,2353.9,2353.1,2353.3,3526.8,3525.5,3526.2,4450.9,4450.9,4451.1,6206.0,6205.3,6206.4,8688.5,8686.3,8688.0,5253.7,5253.7,5253.9,7472.7,7473.5,7473.3,6146.9,6148.0,6151.0,1870.9,1869.6,1869.5,3706.2,3705.9,3706.9,2596.3,2595.1,2594.6,2914.6,2913.9,2914.4,27.450001,28.110001,going to home base
2024-04-12T23:24:44Z,2392.4,2392.0,2392.0,2649.3,2648.8,2649.6,5719.7,5718.9,5719.1,2353.8,2353.7,2353.8,3526.8,3525.8,3526.2,4451.4,4451.2,4451.4,6205.7,6204.2,6203.1,8685.1,8684.5,8684.6,5255.5,5254.6,5254.9,7472.4,7472.4,7472.8,6147.2,6148.0,6149.3,1871.1,1869.9,1869.8,3706.3,3706.1,3707.7,2595.8,2594.8,2595.0,2914.2,2913.7,2915.1,27.450001,28.120001,going to home base
2024-04-12T23:24:49Z,2392.3,2391.6,2392.1,2649.1,2648.8,2649.1,5719.1,5718.7,5718.8,2352.0,2352.8,2352.8,3526.1,3525.4,3525.8,4450.6,4450.6,4450.8,6204.6,6204.0,6205.2,8686.9,8686.1,8685.9,5253.7,5253.7,5254.5,7473.4,7472.5,7471.8,6146.7,6145.3,6145.5,1871.7,1869.8,1870.1,3706.7,3706.8,3707.7,2596.1,2595.1,2595.3,2913.7,2913.8,2913.8,27.440001,28.100000,going to home base
2024-04-12T23:24:54Z,2392.7,2391.6,2391.7,2648.9,2648.4,2649.2,5718.7,5718.4,5718.9,2352.4,2353.0,2353.0,3526.8,3525.8,3526.2,4450.8,4451.0,4451.0,6201.2,6202.6,6203.4,8686.0,8686.2,8686.4,5254.7,5253.9,5254.5,7475.4,7473.4,7473.8,6144.1,6145.1,6145.6,1871.6,1870.1,1869.9,3706.0,3706.5,3706.8,2595.2,2594.1,2594.7,2914.5,2914.0,2914.5,27.450001,28.120001,going to home base
2024-04-12T23:24:59Z,2392.3,2391.0,2391.5,2649.1,2648.6,2649.7,5719.1,5718.7,5717.9,2352.0,2352.4,2352.9,3525.7,3525.7,3526.4,4450.4,4450.1,4450.1,6205.9,6206.2,6203.7,8685.9,8683.5,8686.1,5253.0,5252.4,5251.8,7471.8,7471.2,7470.5,6145.5,6145.2,6146.9,1871.3,1869.8,1869.3,3706.6,3706.9,3707.5,2595.2,2594.1,2594.6,2913.2,2912.6,2913.7,27.459999,28.110001,going to home base
2024-04-12T23:25:04Z,2391.8,2391.1,2391.5,2648.9,2649.4,2649.4,5718.7,5718.1,5718.4,2353.5,2353.4,2353.9,3526.8,3526.1,3525.7,4450.8,4450.2,4450.4,6204.9,6205.1,6204.9,8684.8,8684.0,8684.5,5254.0,5252.9,5254.3,7473.9,7473.1,7474.8,6147.5,6148.3,6148.6,1871.1,1869.4,1869.7,3706.2,3706.3,3707.2,2595.0,2594.5,2594.6,2916.9,2915.8,2916.3,27.440001,28.090000,going to home base
2024-04-12T23:25:09Z,2392.1,2391.6,2391.8,2648.6,2648.6,2649.2,5718.9,5718.0,5718.3,2352.4,2352.6,2353.0,3526.1,3526.1,3525.4,4450.2,4450.4,4450.7,6205.1,6205.0,6205.9,8684.5,8686.0,8685.4,5252.5,5252.9,5254.3,7471.7,7470.5,7470.1,6146.3,6146.6,6147.3,1871.0,1869.4,1869.3,3706.4,3706.4,3707.3,2594.8,2594.4,2594.6,2915.0,2914.2,2915.0,27.480000,28.070000,going to home base
2024-04-12T23:25:14Z,2392.7,2391.9,2391.8,2649.1,2649.4,2649.2,5717.7,5717.1,5717.4,2352.3,2352.0,2353.4,3526.5,3525.9,3525.4,4450.4,4450.6,4451.0,6204.3,6204.0,6203.7,8684.0,8684.6,8683.8,5253.1,5251.3,5252.5,7472.8,7473.0,7472.6,6148.2,6149.0,6148.0,1871.5,1869.7,1869.7,3705.8,3706.0,3706.9,2595.1,2594.5,2594.6,2915.1,2914.9,2914.9,27.440001,28.120001,going to home base
2024-04-12T23:25:19Z,2393.0,2392.2,2392.4,2648.7,2648.7,2649.1,5718.7,5717.9,5718.1,2352.3,2352.4,2352.7,3527.4,3526.3,3526.4,4450.8,4450.5,4450.5,6205.8,6205.3,6206.3,8684.4,8683.3,8682.2,5253.9,5252.6,5253.7,7474.4,7472.7,7473.2,6146.6,6146.8,6146.5,1871.1,1870.0,1869.7,3706.3,3706.7,3707.5,2595.5,2594.9,2594.9,2915.1,2915.4,2915.5,27.440001,28.120001,going to home base
2024-04-12T23:25:24Z,2392.8,2392.1,2392.5,2649.5,2649.6,2649.8,5718.0,5718.4,5718.4,2352.6,2352.8,2353.2,3526.2,3525.8,3525.8,4450.1,4450.8,4450.6,6204.5,6205.3,6205.7,8686.1,8686.4,8686.1,5253.8,5253.3,5253.7,7473.8,7473.7,7472.1,6147.1,6148.3,6150.0,1871.1,1869.9,1870.0,3706.3,3706.4,3707.2,2595.1,2594.3,2594.9,2913.7,2913.2,2913.0,27.440001,28.110001,going to home base
2024-04-12T23:25:29Z,2393.1,2392.7,2392.7,2649.0,2648.9,2649.0,5718.7,5718.5,5718.4,2352.8,2353.0,2352.8,3527.2,3526.6,3526.8,4450.5,4450.9,4450.8,6205.7,6204.2,6205.6,8684.7,8685.0,8685.3,5253.7,5253.2,5254.6,7474.0,7472.7,7470.4,6149.0,6148.3,6149.6,1871.3,1869.8,1869.7,3706.4,3706.3,3707.3,2595.0,2594.8,2595.1,2914.3,2913.8,2913.6,27.450001,28.139999,going to home base
2024-04-12T23:25:34Z,2392.6,2391.6,2391.6,2648.8,2648.9,2649.2,5718.2,5717.8,5718.3,2352.5,2352.3,2352.4,3527.0,3526.6,3526.2,4450.5,4451.2,4450.5,6203.3,6203.4,6203.1,8686.0,8685.7,8685.2,5253.9,5254.5,5254.8,7472.3,7471.3,7471.1,6149.4,6148.8,6148.9,1870.9,1869.9,1869.5,3707.1,3707.2,3708.6,2595.4,2594.6,2594.7,2915.7,2914.6,2914.5,27.450001,28.120001,going to home base
2024-04-12T23:25:39Z,2392.6,2392.0,2392.1,2649.4,2649.2,2649.8,5718.6,5718.4,5718.2,2352.6,2352.4,2352.8,3526.1,3525.9,3525.3,4450.6,4450.7,4450.7,6207.0,6204.9,6206.0,8685.4,8685.5,8685.5,5254.7,5253.7,5254.7,7472.6,7471.9,7471.6,6151.1,6150.1,6149.5,1871.1,1869.4,1869.4,3707.3,3706.8,3707.8,2595.2,2594.5,2594.0,2913.5,2913.2,2913.1,27.450001,28.150000,going to home base
2024-04-12T23:25:44Z,2393.1,2392.7,2392.7,2648.8,2649.4,2649.2,5718.1,5717.5,5717.6,2352.3,2352.0,2352.2,3526.3,3525.6,3525.8,4450.7,4450.8,4450.8,6203.2,6205.0,6203.2,8685.4,8684.8,8685.9,5254.3,5253.1,5254.2,7471.2,7471.7,7472.3,6150.9,6151.2,6150.0,1871.1,1869.4,1869.9,3706.4,3705.9,3707.1,2594.6,2593.9,2593.9,2915.9,2914.9,2915.5,27.459999,28.110001,going to home base
2024-04-12T23:25:49Z,2392.6,2391.9,2392.2,2649.7,2649.4,2649.7,5717.6,5717.1,5717.5,2352.3,2352.3,2352.6,3526.2,3526.0,3526.2,4450.7,4450.2,4450.4,6204.2,6204.1,6202.9,8684.3,8686.0,8684.2,5254.3,5253.4,5254.9,7473.2,7472.6,7473.2,6148.8,6149.0,6151.7,1871.7,1870.2,1870.0,3706.7,3706.6,3707.2,2595.0,2594.2,2593.8,2913.3,2913.4,2913.8,27.450001,28.139999,going to home base
2024-04-12T23:25:54Z,2392.2,2391.8,2392.2,2648.4,2648.4,2649.0,5717.4,5717.2,5717.4,2352.3,2352.3,2352.4,3525.9,3525.7,3525.8,4450.5,4450.3,4450.2,6203.6,6203.5,6204.2,8682.7,8683.3,8682.5,5253.4,5253.3,5255.1,7471.9,7471.5,7472.8,6145.1,6146.9,6146.4,1871.2,1869.8,1869.3,3706.9,3706.6,3707.7,2594.5,2593.2,2593.5,2913.7,2913.4,2913.2,27.459999,28.150000,going to home base
2024-04-12T23:25:59Z,2392.4,2391.4,2392.2,2648.7,2648.4,2648.6,5717.6,5717.9,5717.6,2352.6,2352.4,2352.9,3525.9,3525.5,3525.4,4450.6,4450.3,4450.1,6204.2,6202.7,6205.1,8684.3,8682.7,8684.3,5253.2,5253.1,5254.3,7473.0,7472.1,7472.8,6147.1,6146.3,6146.9,1871.4,1870.1,1870.0,3706.2,3706.3,3707.4,2594.7,2593.6,2593.9,2915.0,2914.6,2913.9,27.450001,28.110001,going to home base
2024-04-12T23:26:04Z,2392.4,2391.9,2392.3,2649.3,2649.1,2649.2,5717.7,5717.1,5717.4,2351.8,2352.1,2352.3,3525.5,3524.7,3524.3,4450.7,4450.9,4450.8,6204.4,6204.0,6204.0,8683.3,8683.5,8685.2,5254.1,5254.1,5254.4,7475.4,7474.1,7475.4,6145.2,6144.9,6145.6,1870.7,1869.5,1869.6,3705.8,3705.8,3707.2,2594.4,2593.0,2593.8,2915.0,2914.5,2914.6,27.450001,28.110001,going to home base
2024-04-12T23:26:09Z,2392.8,2392.4,2392.5,2648.8,2648.8,2648.4,5717.1,5716.4,5716.5,2353.2,2352.7,2353.1,3527.4,3526.9,3525.8,4450.2,4450.5,4450.5,6202.3,6201.6,6201.5,8684.7,8684.0,8684.6,5253.0,5253.3,5253.8,7474.5,7473.8,7473.0,6146.4,6147.3,6147.7,1871.3,1870.2,1869.8,3705.6,3705.7,3706.3,2594.7,2594.1,2594.2,2912.5,2913.0,2912.8,27.450001,28.100000,going to home base
2024-04-12T23:26:14Z,2392.0,2391.4,2392.0,2648.5,2648.4,2648.5,5718.3,5717.8,5718.2,2352.7,2352.4,2353.3,3526.0,3525.8,3525.6,4450.8,4450.4,4449.8,6201.0,6200.6,6200.3,8683.2,8683.2,8683.1,5252.5,5251.2,5252.1,7473.6,7472.2,7473.5,6145.8,6146.2,6145.3,1870.9,1869.0,1869.3,3705.4,3705.0,3706.6,2595.3,2594.2,2594.5,2914.8,2913.9,2913.7,27.459999,28.110001,going to home base
2024-04-12T23:26:19Z,2392.8,2391.8,2392.0,2648.6,2648.4,2649.0,5717.5,5718.0,5718.0,2353.1,2352.8,2353.0,3526.3,3525.3,3525.4,4450.0,4450.2,4449.8,6204.0,6202.2,6203.0,8684.9,8684.1,8684.3,5254.0,5252.9,5253.5,7476.4,7474.7,7474.6,6145.4,6146.5,6146.4,1871.2,1869.7,1869.6,3704.7,3704.7,3706.1,2594.8,2593.7,2594.0,2913.5,2913.5,2913.7,27.450001,28.150000,going to home base
2024-04-12T23:26:24Z,2392.0,2391.4,2391.5,2648.8,2648.8,2649.0,5717.8,5718.1,5718.4,2353.1,2353.1,2353.7,3525.4,3524.8,3525.9,4450.5,4450.5,4449.8,6202.5,6200.0,6201.2,8682.5,8682.2,8681.2,5252.7,5252.5,5253.0,7474.6,7473.2,7472.7,6145.3,6145.0,6144.8,1870.8,1869.9,1869.5,3706.1,3706.2,3706.7,2595.5,2594.5,2594.3,2915.6,2914.7,2915.4,27.459999,28.160000,going to home base
2024-04-12T23:26:29Z,2391.9,2390.8,2391.5,2648.8,2648.9,2648.9,5717.9,5717.4,5717.1,2353.7,2353.3,2353.8,3525.7,3525.1,3525.3,4450.9,4450.3,4450.8,6200.3,6200.8,6201.5,8683.0,8682.9,8682.3,5252.7,5252.5,5253.8,7474.1,7472.6,7471.9,6149.1,6147.7,6148.0,1871.1,1869.7,1869.4,3705.8,3705.8,3706.5,2594.7,2594.5,2594.5,2913.1,2912.6,2912.9,27.459999,28.150000,going to home base
2024-04-12T23:26:34Z,2391.8,2391.1,2391.4,2647.8,2648.0,2648.9,5717.9,5717.6,5717.6,2352.8,2353.2,2353.3,3525.8,3525.5,3525.1,4450.6,4450.4,4450.7,6203.2,6201.7,6202.5,8681.3,8681.8,8683.0,5254.4,5253.4,5254.5,7476.1,7473.8,7474.5,6147.4,6146.1,6146.8,1871.1,1869.7,1869.8,3706.3,3706.7,3707.1,2594.7,2594.2,2594.9,2913.7,2912.6,2912.7,27.450001,28.150000,going to home base
2024-04-12T23:26:39Z,2391.0,2390.9,2391.1,2648.7,2648.3,2648.0,5718.2,5717.9,5717.9,2353.0,2352.6,2353.5,3526.0,3525.5,3525.1,4450.5,4450.5,4450.4,6201.0,6200.2,6201.6,8686.4,8686.6,8684.0,5254.1,5253.5,5254.4,7472.8,7471.3,7471.9,6147.5,6148.0,6149.0,1871.5,1870.0,1869.6,3706.6,3706.3,3707.2,2594.3,2593.8,2593.8,2914.0,2913.8,2913.6,27.440001,28.150000,going to home base
2024-04-12T23:26:44Z,2392.0,2391.3,2391.6,2649.2,2648.7,2649.8,5717.6,5717.8,5717.3,2352.8,2352.8,2352.6,3525.6,3525.0,3525.2,4450.2,4451.0,4450.8,6203.0,6203.1,6205.1,8684.3,8682.2,8684.0,5250.3,5250.8,5251.0,7472.0,7472.7,7471.4,6147.9,6147.9,6148.6,1870.5,1869.0,1868.5,3705.9,3706.2,3707.1,2595.2,2594.1,2594.7,2912.3,2911.0,2912.5,27.459999,28.190001,going to home base
2024-04-12T23:26:49Z,2392.3,2391.8,2392.0,2649.3,2648.5,2649.0,5718.0,5717.4,5717.1,2353.5,2352.9,2353.5,3526.3,3525.8,3525.6,4450.7,4450.6,4450.4,6201.6,6200.5,6200.8,8686.4,8686.6,8686.7,5253.7,5253.1,5254.4,7470.3,7472.1,7471.3,6145.2,6144.5,6145.7,1871.1,1869.5,1869.8,3706.5,3707.0,3707.7,2595.0,2594.1,2594.2,2911.4,2910.8,2911.8,27.459999,28.120001,going to home base
2024-04-12T23:26:54Z,2392.5,2391.6,2391.4,2649.4,2649.2,2649.4,5718.4,5718.1,5717.9,2353.2,2353.1,2353.3,3525.2,3525.0,3524.8,4450.3,4450.5,4450.2,6199.3,6200.8,6201.1,8682.9,8683.6,8682.6,5253.3,5253.8,5253.3,7472.5,7471.4,7472.5,6146.3,6145.3,6145.9,1871.3,1870.0,1869.8,3706.5,3706.6,3707.1,2595.3,2595.1,2594.7,2912.8,2911.1,2912.2,27.450001,28.160000,going to home base
2024-04-12T23:26:59Z,2392.5,2391.9,2392.2,2649.0,2648.5,2649.1,5718.6,5718.7,5718.2,2353.3,2353.5,2353.8,3525.2,3525.4,3525.4,4450.2,4450.7,4450.3,6200.2,6200.7,6201.1,8685.7,8685.0,8685.6,5253.9,5254.2,5254.1,7474.6,7471.8,7473.0,6146.5,6146.6,6147.4,1871.7,1870.0,1870.1,3705.9,3706.2,3706.9,2595.8,2595.2,2594.6,2912.9,2912.4,2912.2,27.440001,28.150000,going to home base
2024-04-12T23:27:04Z,2391.9,2391.4,2391.5,2648.9,2648.9,2649.3,5717.8,5717.3,5717.6,2353.0,2353.2,2354.0,3526.4,3525.4,3525.2,4450.5,4450.5,4451.1,6199.6,6200.1,6200.3,8685.5,8684.8,8685.4,5254.8,5254.7,5255.8,7473.0,7473.2,7474.4,6147.9,6148.5,6149.0,1871.4,1869.7,1870.0,3706.4,3706.8,3707.3,2594.4,2593.6,2593.8,2914.8,2914.6,2914.3,27.480000,28.110001,going to home base
2024-04-12T23:27:09Z,2391.7,2391.3,2391.7,2648.7,2648.7,2649.2,5718.5,5718.1,5717.9,2352.9,2352.8,2353.7,3525.1,3524.9,3524.3,4450.2,4450.4,4450.6,6201.3,6202.2,6201.7,8685.6,8684.1,8686.1,5253.3,5252.1,5253.3,7473.9,7473.8,7474.2,6149.4,6147.4,6148.4,1870.9,1870.0,1869.7,3706.7,3706.7,3707.8,2594.9,2594.2,2594.4,2913.2,2912.5,2912.5,27.480000,28.080000,going to home base
2024-04-12T23:27:14Z,2391.8,2391.3,2391.8,2648.7,2648.2,2648.1,5718.3,5717.8,5717.7,2352.4,2352.3,2353.0,3526.7,3526.3,3525.5,4450.1,4449.8,4450.2,6201.9,6201.6,6200.3,8684.5,8685.0,8682.4,5253.0,5254.0,5253.7,7473.5,7471.5,7473.3,6147.9,6149.2,6149.9,1871.1,1869.9,1869.5,3706.5,3706.3,3707.2,2595.0,2594.4,2594.7,2912.6,2911.4,2911.6,27.440001,28.090000,going to home base
2024-04-12T23:27:19Z,2392.3,2391.0,2392.0,2648.2,2648.9,2648.9,5717.5,5717.2,5717.7,2353.2,2353.4,2353.6,3526.2,3524.7,3525.5,4450.3,4449.6,4449.7,6200.4,6200.3,6200.3,8684.5,8681.6,8683.4,5253.6,5251.4,5253.9,7475.7,7474.1,7474.7,6148.0,6148.1,6148.1,1871.2,1869.5,1869.7,3706.6,3706.3,3707.5,2595.3,2594.9,2594.4,2911.8,2912.2,2911.8,27.480000,28.110001,going to home base
2024-04-12T23:27:24Z,2391.6,2391.0,2391.4,2648.5,2648.3,2648.6,5717.3,5717.1,5717.2,2353.0,2352.6,2353.3,3525.3,3525.4,3524.5,4450.3,4450.3,4449.6,6199.5,6200.7,6199.0,8685.9,8685.3,8683.7,5252.9,5252.4,5252.9,7470.8,7470.9,7470.1,6145.6,6147.0,6145.5,1871.1,1869.8,1869.5,3705.5,3705.5,3706.4,2595.2,2594.3,2594.6,2913.0,2912.2,2913.5,27.450001,28.080000,going to home base
2024-04-12T23:27:29Z,2392.0,2391.3,2391.3,2647.5,2648.2,2648.3,5716.7,5716.2,5715.9,2353.3,2352.4,2353.0,3525.5,3525.5,3525.7,4450.3,4450.2,4449.4,6202.9,6202.2,6202.6,8683.3,8681.6,8682.7,5253.1,5252.0,5252.9,7473.4,7471.6,7470.2,6147.8,6149.3,6147.5,1870.8,1869.3,1869.5,3705.3,3705.5,3706.5,2595.3,2594.1,2595.0,2912.8,2912.9,2913.0,27.480000,28.049999,going to home base
2024-04-12T23:27:34Z,2391.5,2390.4,2390.6,2648.2,2648.6,2648.7,5716.5,5715.5,5715.8,2352.3,2352.1,2352.8,3525.2,3525.3,3525.1,4449.7,4449.2,4449.4,6200.7,6201.1,6200.4,8685.3,8686.1,8686.7,5252.9,5252.9,5254.3,7472.0,7471.4,7470.7,6147.9,6144.7,6147.3,1870.6,1869.2,1869.1,3706.5,3706.4,3707.6,2596.0,2594.9,2594.9,2913.5,2913.8,2913.6,27.450001,28.110001,going to home base
2024-04-12T23:27:39Z,2391.5,2391.0,2391.3,2648.5,2648.0,2648.5,5717.0,5715.9,5716.0,2352.7,2352.4,2353.0,3524.1,3524.1,3524.1,4450.4,4449.9,4449.5,6202.3,6200.2,6200.7,8683.7,8682.8,8683.7,5253.1,5252.5,5253.2,7473.0,7472.7,7472.1,6147.0,6147.0,6146.8,1871.5,1869.8,1869.7,3706.0,3706.0,3707.2,2594.8,2594.6,2594.5,2913.1,2913.2,2913.8,27.459999,28.100000,going to home base
2024-04-12T23:27:44Z,2391.8,2390.9,2391.3,2648.1,2648.0,2647.8,5716.6,5715.9,5716.4,2352.7,2352.9,2353.6,3524.5,3524.5,3524.3,4449.8,4449.7,4449.6,6202.1,6201.3,6201.6,8682.9,8682.9,8683.8,5251.9,5251.7,5252.4,7472.2,7471.4,7472.8,6148.1,6147.4,6146.6,1871.1,1869.4,1869.1,3706.4,3706.0,3706.5,2595.2,2595.0,2594.9,2912.9,2912.1,2912.0,27.450001,28.110001,going to home base
2024-04-12T23:27:49Z,2391.7,2390.9,2391.2,2648.8,2648.7,2648.6,5716.3,5715.9,5716.3,2352.2,2352.1,2352.4,3524.4,3523.5,3523.6,4449.5,4449.8,4450.2,6199.3,6200.0,6200.2,8683.9,8684.2,8683.8,5252.9,5252.1,5252.5,7469.4,7470.6,7470.5,6147.6,6148.4,6150.5,1870.8,1869.5,1869.7,3706.4,3706.3,3707.3,2595.3,2594.7,2593.9,2913.9,2912.7,2912.7,27.450001,28.090000,going to home base
2024-04-12T23:27:54Z,2391.5,2391.0,2390.8,2648.1,2648.5,2648.5,5716.4,5716.1,5715.6,2351.9,2352.1,2352.8,3523.6,3523.1,3523.7,4450.0,4449.3,4449.9,6199.9,6199.9,6200.5,8683.5,8684.2,8682.9,5252.0,5252.2,5252.6,7473.5,7472.1,7473.1,6150.3,6148.8,6149.3,1871.1,1869.6,1869.3,3705.5,3705.6,3706.4,2595.9,2595.5,2595.3,2913.1,2912.1,2913.0,27.450001,28.139999,going to home base
2024-04-12T23:27:59Z,2391.2,2390.7,2390.7,2647.6,2647.8,2648.0,5715.8,5715.4,5715.9,2352.7,2352.6,2353.4,3524.5,3524.5,3524.5,4449.6,4449.2,4449.3,6196.3,6196.2,6197.0,8682.6,8681.8,8682.8,5253.8,5253.5,5254.2,7471.6,7468.9,7470.9,6150.4,6151.1,6151.1,1870.8,1869.7,1869.6,3706.4,3706.6,3706.9,2595.3,2594.6,2594.9,2912.3,2911.9,2911.8,27.459999,28.120001,going to home base
2024-04-12T23:28:04Z,2391.4,2391.0,2390.9,2647.9,2647.8,2648.3,5715.6,5715.2,5715.2,2351.8,2351.8,2351.7,3525.2,3524.4,3524.0,4449.5,4449.4,4449.3,6200.4,6199.8,6201.6,8683.8,8685.0,8685.0,5252.5,5252.7,5253.8,7470.6,7469.1,7469.4,6150.5,6149.3,6152.1,1870.5,1869.4,1869.5,3705.9,3705.7,3706.5,2595.3,2594.4,2594.1,2910.6,2910.3,2910.8,27.440001,28.090000,going to home base
2024-04-12T23:28:09Z,2391.7,2390.9,2391.1,2648.9,2647.9,2648.1,5715.9,5715.3,5715.2,2352.2,2352.1,2352.7,3524.3,3523.9,3524.2,4449.8,4449.9,4450.1,6198.7,6200.5,6199.3,8681.4,8679.5,8681.9,5253.2,5252.0,5253.7,7472.3,7468.9,7468.7,6148.4,6149.5,6150.0,1870.7,1869.5,1869.5,3706.3,3705.8,3706.9,2594.4,2593.2,2593.7,2912.0,2910.8,2911.2,27.480000,28.090000,going to home base
2024-04-12T23:28:14Z,2391.4,2390.7,2390.7,2648.0,2647.8,2647.9,5715.4,5715.1,5715.4,2351.5,2351.6,2352.0,3524.7,3524.0,3524.3,4449.1,4449.1,4449.2,6199.6,6198.4,6201.0,8685.7,8684.8,8685.1,5252.1,5252.4,5253.7,7470.6,7470.3,7468.2,6147.0,6145.6,6146.2,1870.9,1869.6,1869.5,3706.0,3706.3,3706.7,2594.4,2594.1,2593.9,2913.9,2913.0,2912.8,27.440001,28.120001,going to home base
2024-04-12T23:28:19Z,2391.4,2390.6,2391.0,2647.8,2647.3,2648.0,5715.4,5715.0,5715.8,2351.8,2352.0,2352.4,3524.5,3524.4,3524.2,4450.0,4449.9,4449.6,6200.7,6199.1,6199.3,8683.6,8683.9,8685.4,5252.7,5252.4,5253.0,7472.8,7470.5,7471.0,6148.5,6147.4,6148.6,1870.5,1869.2,1869.4,3705.4,3705.2,3706.2,2594.4,2594.0,2594.1,2911.7,2911.6,2911.9,27.459999,28.120001,going to home base
2024-04-12T23:28:24Z,2391.6,2390.8,2390.7,2648.3,2647.9,2648.0,5715.4,5715.3,5715.3,2351.5,2351.8,2352.3,3524.5,3523.9,3523.5,4449.7,4449.0,4449.4,6197.8,6197.1,6198.9,8681.1,8682.9,8683.3,5251.6,5251.4,5252.2,7470.7,7470.4,7469.0,6145.1,6145.0,6145.6,1870.3,1868.8,1868.7,3705.1,3705.6,3706.7,2594.1,2592.8,2593.2,2912.5,2912.2,2912.2,27.459999,28.080000,going to home base
2024-04-12T23:28:29Z,2391.5,2391.1,2391.4,2648.2,2647.8,2648.2,5715.5,5715.5,5716.0,2351.9,2351.5,2351.7,3524.4,3524.6,3524.8,4449.6,4449.3,4449.3,6199.4,6198.9,6198.8,8685.4,8683.1,8682.9,5252.5,5252.3,5252.6,7471.8,7471.0,7470.3,6147.9,6149.1,6148.6,1871.3,1870.2,1869.7,3705.4,3705.1,3706.3,2595.0,2593.3,2594.0,2912.8,2912.6,2912.3,27.450001,28.150000,going to home base
2024-04-12T23:28:34Z,2391.3,2390.7,2390.7,2647.9,2648.2,2648.3,5715.8,5715.9,5715.8,2351.9,2351.8,2352.1,3523.3,3522.9,3523.1,4449.3,4449.5,4448.9,6202.0,6200.6,6200.7,8684.7,8682.7,8683.3,5251.4,5251.4,5252.1,7472.1,7470.9,7470.2,6149.0,6149.3,6148.0,1870.9,1869.9,1869.7,3704.5,3704.5,3705.9,2595.1,2594.4,2594.6,2911.1,2910.8,2911.1,27.459999,28.100000,going to home base
2024-04-12T23:28:39Z,2391.2,2390.6,2391.0,2648.2,2647.9,2648.2,5716.5,5716.1,5715.2,2351.6,2352.0,2353.0,3524.1,3523.8,3523.7,4449.0,4449.2,4449.1,6200.9,6200.0,6201.8,8683.3,8681.9,8681.7,5251.6,5250.9,5252.8,7471.8,7472.0,7471.4,6145.8,6146.7,6144.8,1870.7,1869.3,1869.5,3704.8,3705.1,3706.4,2594.2,2593.6,2593.8,2911.7,2910.1,2911.6,27.440001,28.110001,going to home base
2024-04-12T23:28:44Z,2391.7,2390.6,2390.5,2647.9,2647.9,2648.2,5715.7,5715.5,5715.8,2351.6,2352.0,2351.6,3524.6,3524.4,3524.1,4448.6,4449.2,4448.9,6198.2,6197.1,6198.3,8681.5,8682.2,8683.0,5251.2,5251.6,5252.7,7471.4,7471.5,7469.4,6147.1,6148.2,6149.5,1871.0,1869.7,1869.3,3706.0,3706.0,3707.1,2594.4,2593.5,2593.3,2911.2,2910.5,2911.0,27.480000,28.110001,going to home base
2024-04-12T23:28:49Z,2391.1,2390.8,2390.8,2648.1,2647.7,2648.1,5715.3,5715.0,5715.4,2351.5,2351.3,2352.0,3523.9,3524.5,3524.9,4449.4,4449.2,4449.2,6200.1,6200.3,6199.1,8683.7,8683.3,8682.1,5250.6,5249.7,5251.3,7473.0,7471.6,7472.2,6146.5,6145.9,6147.6,1871.3,1869.5,1869.5,3705.5,3705.7,3706.5,2594.5,2593.6,2594.2,2912.0,2910.9,2910.7,27.440001,28.110001,going to home base
2024-04-12T23:28:54Z,2391.8,2391.2,2391.2,2648.4,2648.1,2648.6,5715.6,5715.4,5715.4,2352.5,2352.8,2352.7,3524.3,3524.1,3524.5,4449.3,4448.9,4449.1,6201.5,6201.8,6200.4,8682.2,8682.6,8682.6,5251.3,5251.3,5252.0,7471.4,7471.7,7471.8,6144.8,6146.4,6144.7,1871.2,1869.6,1869.5,3706.0,3706.0,3706.9,2594.1,2593.3,2593.9,2912.6,2911.6,2912.4,27.459999,28.040001,going to home base
2024-04-12T23:28:59Z,2391.4,2390.7,2390.9,2648.1,2647.7,2649.1,5715.1,5714.7,5714.9,2351.8,2352.1,2351.9,3524.1,3524.0,3523.6,4449.1,4449.4,4449.2,6198.4,6197.7,6196.9,8684.1,8684.2,8684.3,5250.5,5250.1,5250.7,7472.1,7472.5,7471.0,6148.0,6146.8,6147.0,1871.0,1870.0,1869.6,3705.4,3705.3,3705.9,2594.9,2594.0,2594.0,2912.1,2910.8,2911.3,27.480000,28.080000,going to home base
2024-04-12T23:29:09Z,2391.3,2390.8,2391.5,2647.6,2647.7,2647.5,5715.3,5714.7,5714.9,2351.6,2351.5,2352.0,3523.2,3523.3,3523.1,4449.4,4449.1,4449.2,6197.2,6196.1,6197.6,8684.2,8682.7,8684.0,5252.5,5253.2,5253.1,7472.8,7470.2,7471.7,6150.4,6148.5,6148.2,1870.2,1868.9,1start,27037.8,27029.7,2390.8,2390.4,2390.6,2647.8,2647.6,2648.0,5715.7,2352.0,2352.0,going to home base
2024-04-12T23:29:19Z,2391.3,2390.4,2390.7,2648.5,2648.2,2648.5,5715.2,5715.4,5715.2,2351.5,2351.7,2351.9,3523.6,3523.7,3523.7,4449.6,4449.1,4448.7,6196.8,6196.6,6196.0,8683.4,8684.0,8683.7,5252.2,5250.7,5252.7,7469.7,7468.8,7469.5,6144.1,6145.3,6147.4,1870.3,1868.8,1869.1,3704.0,3703.8,3705.6,2593.7,2593.4,2593.7,2914.0,2913.0,2913.7,27.459999,28.080000,going to home base
2024-04-12T23:29:24Z,2391.1,2390.7,2390.4,2647.9,2647.6,2648.1,5715.1,5714.4,5714.9,2351.6,2351.3,2352.0,3523.5,3523.4,3523.4,4449.4,4449.0,4449.1,6198.2,6199.6,6198.6,8682.1,8682.0,8680.8,5251.3,5251.3,5251.7,7471.0,7469.7,7468.9,6144.9,6146.4,6146.4,1870.4,1869.4,1869.5,3704.7,3704.8,3705.4,2593.8,2593.5,2593.4,2912.2,2912.4,2910.8,27.450001,28.120001,going to home base
2024-04-12T23:29:29Z,2391.1,2390.4,2390.4,2648.1,2647.5,2648.5,5715.7,5715.0,5715.5,2350.4,2349.9,2350.7,3523.6,3523.5,3523.6,4448.7,4448.5,4448.7,6198.4,6197.4,6196.6,8682.0,8681.3,8680.4,5251.6,5250.3,5251.0,7470.5,7469.7,7469.5,6144.6,6145.3,6144.9,1870.6,1869.3,1869.1,3703.6,3703.9,3705.4,2594.0,2593.5,2593.8,2913.3,2912.4,2911.9,27.450001,28.139999,going to home base
2024-04-12T23:29:34Z,2391.3,2390.5,2390.9,2648.1,2648.1,2648.5,5715.4,5714.6,5714.7,2351.8,2351.3,2351.7,3523.9,3523.7,3524.1,4449.1,4449.2,4449.6,6199.7,6198.2,6198.7,8684.5,8683.8,8683.6,5252.0,5251.3,5252.6,7468.9,7466.3,7469.0,6146.0,6145.0,6146.2,1870.3,1869.1,1868.9,3704.6,3705.0,3705.7,2594.2,2593.6,2593.3,2914.2,2912.4,2912.9,27.459999,28.070000,going to home base
2024-04-12T23:29:39Z,2391.2,2390.5,2390.7,2648.1,2647.6,2648.2,5715.3,5714.4,5714.5,2350.9,2350.5,2351.8,3523.9,3523.9,3524.2,4449.3,4448.8,4448.6,6199.6,6197.0,6197.8,8680.8,8680.7,8682.3,5250.4,5250.6,5251.1,7472.4,7469.7,7470.3,6147.9,6148.4,6147.4,1870.4,1868.7,1868.8,3704.8,3704.7,3705.5,2594.5,2593.3,2593.0,2913.9,2913.0,2913.8,27.459999,28.080000,going to home base
2024-04-12T23:29:44Z,2390.7,2390.1,2390.5,2647.2,2647.4,2647.6,5714.6,5714.2,5714.8,2351.4,2351.4,2351.4,3524.2,3523.6,3523.4,4449.1,4448.9,4449.3,6198.1,6197.3,6197.9,8682.2,8682.4,8682.0,5252.9,5251.4,5252.2,7469.0,7466.5,7467.2,6146.6,6145.8,6146.2,1870.7,1869.0,1869.1,3704.8,3704.7,3704.8,2594.5,2593.5,2593.0,2914.2,2913.2,2913.6,27.480000,28.120001,going to home base
2024-04-12T23:29:49Z,2390.4,2390.0,2390.0,2648.1,2647.7,2648.1,5714.9,5714.1,5714.4,2350.9,2351.0,2350.9,3523.9,3523.7,3523.8,4449.6,4448.9,4449.0,6196.9,6196.4,6197.7,8683.0,8683.5,8683.4,5250.9,5250.1,5251.7,7469.8,7467.5,7467.4,6145.8,6144.4,6146.0,1870.8,1869.5,1869.5,3704.8,3704.7,3705.7,2594.7,2594.3,2594.2,2912.4,2911.5,2911.2,27.459999,28.070000,going to home base
2024-04-12T23:29:54Z,2391.3,2390.7,2390.8,2648.7,2648.2,2648.6,5714.8,5714.1,5714.1,2351.9,2351.5,2351.8,3524.1,3523.9,3523.8,4449.1,4448.6,4448.6,6194.1,6194.1,6194.4,8681.0,8682.3,8682.5,5250.1,5249.9,5251.0,7470.8,7469.1,7468.7,6144.2,6145.4,6146.9,1870.5,1869.1,1869.1,3704.5,3704.6,3705.5,2594.7,2594.1,2594.1,2911.6,2911.6,2912.0,27.440001,28.139999,going to home base
2024-04-12T23:29:59Z,2391.1,2390.7,2390.6,2648.3,2648.7,2649.3,5715.2,5714.6,5714.4,2352.2,2352.2,2351.8,3522.5,3522.8,3523.0,4448.4,4448.4,4448.2,6196.4,6195.7,6196.3,8681.3,8681.3,8681.3,5250.0,5250.5,5251.1,7470.8,7469.4,7470.7,6144.5,6144.2,6144.7,1870.0,1868.6,1868.4,3704.9,3704.8,3705.5,2594.5,2593.4,2593.2,2912.5,2912.5,2912.7,27.450001,28.170000,going to home base
2024-04-12T23:30:04Z,2391.0,2390.2,2390.3,2648.5,2648.0,2648.4,5714.5,5714.2,5713.9,2352.3,2352.6,2352.5,3524.0,3523.5,3523.7,4448.8,4448.6,4448.5,6196.8,6197.2,6197.1,8681.2,8681.2,8680.3,5251.5,5252.0,5252.5,7471.2,7470.2,7470.0,6145.6,6147.2,6145.4,1869.8,1869.2,1868.8,3704.4,3704.7,3705.1,2594.6,2593.8,2594.0,2911.1,2910.4,2910.7,27.459999,28.150000,going to home base
2024-04-12T23:30:09Z,2390.9,2390.8,2390.6,2647.1,2647.4,2648.0,5715.0,5714.1,5714.2,2352.7,2352.5,2352.9,3523.8,3523.8,3523.3,4449.2,4448.8,4449.0,6194.0,6195.1,6195.9,8681.3,8680.0,8681.2,5250.9,5250.2,5252.2,7470.8,7469.9,7470.6,6145.0,6145.6,6146.8,1870.4,1869.2,1869.1,3704.7,3704.4,3705.3,2594.3,2593.6,2593.2,2911.1,2910.4,2911.1,27.450001,28.120001,going to home base
2024-04-12T23:30:14Z,2391.6,2390.6,2390.7,2647.9,2648.1,2648.6,5714.1,5714.1,5714.2,2352.0,2352.4,2351.9,3523.5,3523.1,3523.3,4449.3,4449.2,4448.6,6195.2,6195.8,6194.3,8682.0,8680.8,8681.9,5250.8,5250.4,5250.6,7471.0,7469.5,7468.6,6149.5,6149.8,6150.1,1870.6,1869.5,1868.9,3704.5,3704.2,3705.4,2594.0,2593.5,2593.4,2911.6,2910.1,2910.6,27.450001,28.150000,going to home base
2024-04-12T23:30:19Z,2390.9,2390.4,2390.5,2648.0,2647.7,2648.2,5714.6,5714.5,5714.1,2352.1,2352.4,2353.0,3524.3,3523.2,3523.2,4449.0,4448.8,4448.9,6195.5,6195.0,6196.3,8680.4,8680.5,8680.6,5249.2,5249.6,5250.7,7470.7,7469.8,7469.6,6147.0,6145.9,6145.2,1870.4,1868.6,1868.9,3704.4,3704.9,3705.1,2594.8,2594.2,2594.3,2912.0,2912.2,2912.0,27.480000,28.139999,going to home base
2024-04-12T23:30:24Z,2391.4,2390.8,2390.7,2648.0,2647.8,2648.1,5715.1,5714.7,5714.6,2351.9,2351.3,2352.4,3524.0,3523.3,3523.0,4448.4,4448.4,4448.4,6196.9,6196.1,6194.7,8681.0,8680.5,8679.6,5250.2,5250.5,5250.6,7468.8,7467.2,7467.9,6147.7,6147.1,6147.8,1870.6,1868.9,1868.6,3704.1,3704.4,3705.0,2593.9,2593.7,2593.4,2912.4,2913.2,2913.4,27.440001,28.150000,going to home base
2024-04-12T23:30:29Z,2391.6,2391.3,2391.0,2648.3,2647.7,2648.3,5715.4,5715.0,5715.1,2352.2,2352.1,2352.5,3523.8,3523.9,3522.9,4448.2,4447.9,4448.2,6194.7,6195.4,6196.3,8680.2,8680.1,8681.2,5249.7,5250.4,5251.0,7469.3,7469.5,7470.0,6147.1,6147.3,6147.6,1870.4,1869.2,1868.9,3704.4,3704.2,3705.0,2594.8,2593.8,2593.6,2911.3,2911.2,2910.5,27.459999,28.150000,going to home base
2024-04-12T23:30:34Z,2390.9,2390.0,2390.5,2647.4,2647.2,2647.3,5715.0,5715.2,5714.8,2351.7,2351.9,2352.8,3523.8,3523.2,3522.9,4448.6,4448.5,4448.3,6197.8,6198.7,6197.3,8684.0,8682.3,8682.4,5251.7,5250.6,5251.3,7468.4,7467.5,7468.4,6147.4,6147.3,6148.2,1870.9,1869.9,1869.9,3704.6,3705.3,3705.7,2596.1,2595.5,2595.9,2912.2,2911.7,2911.5,27.459999,28.139999,going to home base
2024-04-12T23:30:39Z,2391.3,2390.6,2390.8,2648.3,2647.7,2648.0,5715.0,5714.6,5714.7,2351.3,2351.4,2351.8,3524.0,3523.4,3523.3,4449.0,4448.9,4448.7,6195.9,6194.5,6195.8,8683.4,8683.5,8682.9,5251.8,5251.4,5251.3,7470.2,7468.9,7469.3,6145.7,6146.1,6146.0,1871.3,1869.8,1869.3,3705.0,3705.0,3705.7,2594.7,2593.6,2593.9,2911.8,2912.4,2912.0,27.480000,28.110001,going to home base
2024-04-12T23:30:44Z,2390.6,2390.2,2390.8,2648.0,2647.6,2647.8,5715.3,5714.2,5714.3,2351.6,2351.7,2352.2,3523.8,3523.4,3522.8,4449.0,4448.7,4448.4,6198.1,6199.1,6200.4,8680.5,8681.3,8680.9,5252.2,5252.0,5253.8,7469.6,7468.6,7468.8,6146.8,6145.1,6145.0,1870.9,1869.5,1869.2,3705.6,3705.9,3706.6,2594.9,2594.1,2594.3,2911.8,2912.0,2911.7,27.480000,28.150000,going to home base
2024-04-12T23:30:49Z,2392.0,2390.8,2391.2,2648.3,2647.9,2648.3,5715.3,5714.6,5714.5,2352.0,2352.1,2352.5,3523.9,3523.6,3524.0,4448.3,4448.3,4448.8,6198.3,6197.3,6198.2,8682.5,8682.9,8683.1,5252.1,5250.6,5251.6,7471.3,7470.8,7471.1,6145.2,6145.9,6146.1,1871.2,1870.0,1870.0,3705.0,3705.4,3706.5,2594.0,2593.6,2594.4,2912.0,2911.9,2912.8,27.459999,28.080000,going to home base
2024-04-12T23:30:54Z,2390.3,2389.8,2390.1,2647.8,2647.5,2648.3,5714.9,5713.2,5714.3,2352.0,2351.6,2351.7,3524.1,3524.4,3524.3,4448.5,4447.9,4448.1,6198.5,6199.0,6198.8,8682.7,8681.6,8680.8,5253.1,5252.9,5252.9,7469.0,7469.8,7468.4,6145.4,6147.2,6147.2,1870.7,1869.3,1869.1,3704.3,3704.3,3705.7,2595.1,2594.3,2594.4,2912.5,2912.0,2911.7,27.480000,28.100000,going to home base
2024-04-12T23:30:59Z,2390.7,2390.1,2390.6,2647.7,2647.8,2648.8,5715.0,5714.4,5714.0,2351.7,2351.3,2351.5,3524.0,3523.6,3523.5,4448.0,4448.0,4448.1,6199.3,6197.3,6197.2,8680.3,8680.2,8679.7,5251.6,5251.2,5251.9,7468.2,7467.8,7467.5,6145.8,6146.4,6147.2,1870.4,1869.4,1868.8,3705.0,3705.2,3706.0,2595.3,2594.5,2594.7,2911.5,2910.6,2911.0,27.480000,28.100000,going to home base
2024-04-12T23:31:04Z,2391.1,2390.4,2390.2,2647.5,2647.7,2648.4,5715.0,5714.4,5714.3,2352.6,2352.0,2352.4,3525.1,3525.1,3525.1,4448.6,4448.5,4448.8,6195.8,6195.7,6198.1,8680.6,8681.5,8678.9,5250.2,5250.0,5250.3,7469.1,7467.9,7468.4,6148.3,6146.9,6148.9,1870.8,1869.4,1869.3,3705.3,3704.9,3705.7,2594.8,2593.7,2594.1,2911.3,2911.1,2912.0,27.459999,28.100000,going to home base
2024-04-12T23:31:09Z,2390.5,2390.0,2390.3,2648.7,2648.3,2649.1,5714.3,5714.0,5714.3,2351.6,2351.6,2352.3,3524.8,3525.1,3524.7,4448.9,4448.6,4448.2,6198.1,6199.5,6200.0,8683.5,8682.7,8682.9,5251.4,5251.7,5252.7,7470.1,7469.3,7470.3,6144.7,6147.2,6146.5,1871.3,1869.8,1869.8,3705.7,3705.5,3707.0,2595.1,2593.6,2593.4,2910.3,2909.0,2910.3,27.450001,28.139999,going to home base
2024-04-12T23:31:14Z,2391.4,2390.4,2390.4,2648.5,2647.9,2648.0,5714.8,5714.6,5714.6,2351.5,2351.5,2351.8,3525.1,3524.3,3523.9,4448.6,4448.5,4448.9,6196.7,6196.9,6197.3,8677.7,8677.0,8678.9,5252.4,5251.6,5252.1,7471.6,7470.5,7471.0,6146.7,6145.3,6145.4,1871.3,1869.7,1869.6,3705.6,3705.6,3706.2,2594.7,2593.8,2593.9,2910.3,2910.0,2911.0,27.450001,28.120001,going to home base
2024-04-12T23:31:19Z,2391.4,2390.6,2390.5,2648.0,2647.7,2648.5,5715.2,5714.5,5715.1,2351.9,2351.9,2352.3,3524.6,3523.9,3524.3,4448.2,4448.5,4448.5,6194.8,6195.9,6196.8,8678.8,8677.9,8678.4,5253.0,5252.9,5253.3,7470.8,7469.1,7469.2,6146.5,6144.5,6146.0,1871.1,1869.7,1869.8,3705.0,3704.8,3705.8,2594.2,2593.6,2593.5,2912.3,2911.4,2911.2,27.459999,28.110001,going to home base
2024-04-12T23:31:24Z,2391.3,2390.6,2390.6,2648.5,2647.9,2648.7,5715.2,5715.4,5714.8,2351.8,2351.9,2353.1,3525.0,3524.0,3523.9,4448.5,4448.9,4448.7,6193.7,6195.9,6195.7,8680.9,8680.6,8680.6,5251.6,5251.1,5252.5,7467.7,7469.2,7469.6,6146.5,6145.0,6145.3,1870.6,1869.1,1868.7,3704.7,3704.7,3705.4,2594.9,2594.1,2594.3,2913.0,2911.4,2912.7,27.450001,28.150000,going to home base
2024-04-12T23:31:29Z,2390.5,2389.8,2390.3,2647.6,2647.4,2647.7,5715.5,5715.0,5715.0,2351.9,2351.6,2352.6,3523.5,3522.1,3522.4,4448.8,4449.1,4449.0,6197.6,6197.7,6198.0,8678.6,8679.0,8680.5,5251.0,5251.0,5252.4,7470.3,7469.5,7469.5,6142.2,6142.4,6144.4,1870.4,1868.6,1869.3,3705.0,3704.8,3705.7,2595.1,2594.2,2594.0,2910.5,2911.2,2911.7,27.480000,28.150000,going to home base
2024-04-12T23:31:34Z,2390.4,2389.9,2389.6,2647.5,2647.9,2647.8,5715.8,5715.1,5714.6,2351.4,2351.3,2351.8,3524.4,3523.5,3523.2,4449.3,4448.6,4448.7,6196.4,6196.7,6197.5,8681.0,8678.3,8679.9,5252.1,5251.0,5252.7,7472.3,7471.0,7471.6,6145.2,6144.7,6144.8,1870.2,1868.8,1868.9,3705.8,3706.4,3706.9,2594.7,2594.1,2594.3,2910.7,2909.9,2910.4,27.450001,28.139999,going to home base
2024-04-12T23:31:39Z,2391.3,2390.5,2390.9,2648.4,2648.0,2648.1,5715.4,5714.8,5714.8,2351.7,2351.7,2352.1,3524.0,3524.1,3523.7,4449.0,4448.8,4448.7,6196.2,6196.7,6198.2,8683.1,8681.9,8683.8,5252.3,5252.3,5251.6,7468.0,7467.4,7469.4,6145.0,6144.0,6144.4,1870.6,1869.3,1869.1,3706.1,3705.6,3706.8,2594.7,2593.6,2593.6,2913.1,2913.0,2913.0,27.459999,28.110001,going to home base
2024-04-12T23:31:44Z,2390.9,2391.0,2390.7,2647.8,2648.1,2648.6,5715.5,5715.3,5715.4,2351.8,2351.6,2351.8,3525.0,3524.8,3525.0,4449.2,4448.5,4448.7,6197.8,6197.5,6197.1,8680.8,8680.8,8680.2,5252.7,5252.2,5253.2,7470.0,7468.4,7467.6,6146.1,6147.2,6145.6,1870.7,1869.3,1869.3,3705.5,3705.3,3706.2,2594.4,2593.7,2594.2,2911.8,2910.3,2911.5,27.450001,28.090000,going to home base
2024-04-12T23:31:49Z,2391.0,2389.7,2390.6,2648.2,2647.8,2648.4,5715.0,5714.4,5714.6,2351.0,2350.8,2351.6,3525.2,3524.9,3524.7,4448.7,4448.9,4448.4,6198.7,6198.0,6198.4,8682.5,8682.4,8680.3,5252.1,5252.5,5252.2,7472.2,7470.2,7469.1,6143.6,6141.2,6145.0,1870.7,1869.0,1868.8,3705.6,3705.9,3706.5,2594.5,2594.1,2594.4,2912.1,2912.6,2912.7,27.459999,28.090000,going to home base
2024-04-12T23:31:54Z,2390.8,2390.0,2390.2,2648.4,2647.9,2648.8,5715.1,5714.7,5715.0,2350.6,2350.7,2351.7,3523.6,3523.7,3523.0,4448.7,4448.6,4448.4,6196.7,6196.4,6196.6,8682.0,8681.0,8680.1,5251.2,5250.7,5252.2,7470.0,7468.7,7470.0,6146.3,6147.0,6146.2,1870.4,1869.1,1868.9,3704.9,3705.2,3705.7,2594.9,2594.1,2594.0,2912.8,2911.0,2911.8,27.480000,28.100000,going to home base
2024-04-12T23:31:59Z,2391.0,2390.5,2390.3,2647.8,2647.2,2647.7,5714.8,5714.4,5714.4,2351.5,2351.7,2351.7,3524.3,3523.7,3523.7,4448.5,4448.8,4448.8,6196.5,6198.0,6197.4,8681.4,8681.0,8680.7,5251.2,5250.7,5251.8,7472.2,7471.9,7472.2,6146.6,6145.3,6146.5,1870.6,1869.0,1869.4,3704.0,3704.5,3705.0,2594.6,2594.3,2594.2,2911.9,2911.7,2912.2,27.480000,28.080000,going to home base
2024-04-12T23:32:04Z,2390.8,2389.6,2390.5,2647.6,2647.3,2647.6,5715.1,5714.9,5714.9,2351.6,2351.6,2351.8,3523.9,3523.8,3523.7,4449.1,4448.6,4448.2,6199.1,6199.7,6198.2,8683.1,8681.0,8682.0,5251.7,5251.6,5252.3,7471.9,7469.6,7469.0,6146.5,6145.9,6147.2,1870.6,1869.2,1868.9,3703.8,3703.7,3704.5,2594.8,2594.4,2594.9,2912.1,2911.5,2911.5,27.450001,28.100000,going to home base
2024-04-12T23:32:09Z,2391.1,2391.0,2391.0,2647.5,2647.8,2648.2,5715.3,5714.8,5715.0,2351.1,2351.6,2351.4,3523.9,3523.3,3523.4,4448.8,4449.0,4449.2,6200.0,6198.0,6198.3,8682.0,8681.8,8681.7,5252.0,5251.2,5251.8,7469.5,7469.3,7470.0,6144.3,6144.2,6146.7,1870.7,1869.1,1869.1,3704.1,3704.3,3705.4,2594.4,2593.6,2593.8,2912.6,2913.5,2912.7,27.480000,28.150000,going to home base
2024-04-12T23:32:14Z,2391.0,2390.1,2390.4,2647.9,2647.5,2647.5,5715.5,5715.4,5714.9,2351.5,2351.7,2352.2,3524.7,3523.8,3523.9,4449.1,4449.2,4449.3,6196.6,6197.2,6196.6,8683.1,8681.4,8682.8,5252.1,5251.2,5252.3,7471.6,7471.0,7470.2,6146.3,6145.8,6146.1,1870.4,1868.6,1868.8,3704.0,3704.1,3705.2,2594.9,2594.0,2593.8,2911.3,2911.3,2910.8,27.450001,28.110001,going to home base
2024-04-12T23:32:19Z,2390.7,2390.0,2390.3,2648.4,2647.8,2648.5,5715.4,5714.9,5714.9,2351.5,2351.3,2351.5,3524.8,3524.2,3524.5,4448.8,4449.3,4449.2,6199.2,6197.3,6199.5,8682.7,8682.4,8682.0,5252.8,5253.1,5253.2,7470.4,7468.7,7468.8,6145.7,6144.0,6144.8,1870.1,1868.4,1868.4,3704.4,3704.5,3705.0,2594.2,2593.9,2593.8,2912.9,2912.8,2913.0,27.459999,28.049999,going to home base
2024-04-12T23:32:24Z,2390.9,2389.7,2390.3,2648.3,2647.8,2648.3,5716.2,5714.8,5715.6,2350.9,2351.2,2351.7,3526.2,3526.0,3525.0,4449.0,4448.6,4448.5,6197.9,6197.5,6197.8,8678.5,8679.1,8677.8,5252.0,5251.1,5251.7,7470.5,7470.7,7468.7,6148.8,6147.5,6148.1,1870.2,1868.9,1868.6,3705.4,3705.3,3706.1,2593.7,2592.9,2593.0,2912.4,2911.9,2913.2,27.480000,28.110001,going to home base
2024-04-12T23:32:29Z,2390.7,2390.4,2390.3,2648.3,2648.4,2648.7,5715.3,5714.7,5714.8,2351.5,2350.9,2351.6,3524.5,3523.2,3523.1,4448.6,4448.6,4448.4,6194.9,6195.7,6196.5,8679.6,8678.9,8677.4,5250.5,5250.2,5251.1,7469.9,7469.8,7470.3,6147.4,6146.1,6145.4,1869.8,1868.5,1868.6,3704.8,3704.7,3705.8,2593.8,2592.6,2592.7,2912.6,2911.9,2912.1,27.459999,28.150000,going to home base
2024-04-12T23:32:34Z,2390.9,2389.9,2390.4,2647.8,2648.4,2648.4,5715.4,5714.9,5715.2,2351.2,2351.1,2351.7,3524.3,3522.9,3524.0,4448.4,4448.5,4448.3,6198.0,6196.8,6198.1,8681.4,8682.0,8681.5,5251.5,5250.6,5252.7,7469.8,7468.6,7469.3,6147.3,6144.9,6146.6,1870.7,1868.7,1868.3,3704.7,3704.2,3705.3,2594.2,2593.4,2593.0,2912.0,2911.0,2911.6,27.480000,28.100000,going to home base
2024-04-12T23:32:39Z,2391.4,2390.5,2391.1,2648.0,2648.1,2648.4,5714.8,5714.2,5714.5,2351.2,2350.7,2351.8,3524.2,3524.1,3523.7,4449.1,4449.0,4448.9,6198.3,6197.3,6197.1,8679.9,8679.7,8678.9,5252.0,5251.0,5252.7,7469.0,7469.0,7468.5,6144.7,6144.6,6145.7,1870.3,1868.7,1868.6,3705.0,3705.2,3705.6,2595.0,2593.7,2594.2,2913.3,2912.3,2912.6,27.450001,28.139999,going to home base
2024-04-12T23:32:44Z,2392.1,2390.9,2391.1,2648.3,2648.0,2648.7,5714.1,5713.8,5714.4,2352.1,2351.4,2351.5,3523.9,3523.6,3524.2,4449.1,4449.0,4448.9,6196.4,6195.0,6196.6,8680.2,8679.4,8679.9,5250.3,5250.6,5251.3,7469.0,7469.2,7468.2,6148.0,6147.6,6147.0,1870.8,1869.2,1869.0,3705.8,3705.8,3706.3,2594.8,2594.0,2593.8,2913.1,2912.7,2913.2,27.450001,28.150000,going to home base
2024-04-12T23:32:49Z,2391.0,2390.3,2390.8,2647.9,2648.0,2648.0,5714.9,5714.7,5714.7,2351.7,2351.7,2352.0,3524.9,3525.1,3523.7,4449.1,4449.4,4449.1,6197.4,6198.6,6197.8,8680.9,8679.8,8680.5,5251.8,5251.2,5252.5,7472.1,7470.0,7470.9,6148.9,6148.2,6145.4,1870.3,1869.0,1869.0,3704.5,3705.4,3706.1,2594.1,2593.3,2593.6,2911.1,2911.4,2912.4,27.459999,28.170000,going to home base
2024-04-12T23:32:54Z,2390.7,2390.3,2390.5,2648.3,2648.4,2648.4,5714.8,5714.6,5714.6,2351.3,2350.9,2351.1,3523.7,3524.0,3524.0,4449.1,4448.9,4449.3,6197.1,6198.0,6196.5,8679.4,8679.0,8678.1,5250.7,5249.7,5251.3,7469.3,7469.5,7470.7,6143.4,6145.0,6145.5,1870.6,1869.0,1869.1,3705.1,3705.2,3706.3,2593.8,2593.8,2594.1,2909.5,2909.3,2910.1,27.459999,28.170000,going to home base
2024-04-12T23:32:59Z,2390.3,2389.6,2389.7,2647.8,2647.5,2648.0,5715.2,5714.6,5715.0,2350.8,2350.2,2350.7,3524.1,3524.4,3524.2,4448.8,4448.9,4449.1,6200.0,6198.0,6195.7,8679.4,8678.9,8680.5,5251.4,5251.3,5252.2,7472.7,7471.7,7472.4,6146.5,6147.0,6146.9,1869.9,1868.8,1868.8,3705.4,3704.9,3705.9,2594.7,2593.5,2593.3,2911.6,2911.0,2911.7,27.459999,28.139999,going to home base
2024-04-12T23:33:04Z,2390.4,2389.6,2389.9,2647.9,2647.5,2647.7,5715.5,5715.3,5715.1,2351.4,2351.3,2351.3,3524.3,3523.9,3523.3,4449.2,4448.9,4449.3,6197.2,6196.3,6198.3,8678.8,8678.5,8677.9,5253.2,5253.4,5253.9,7471.7,7469.9,7470.5,6148.3,6147.7,6145.5,1870.4,1868.6,1868.6,3705.9,3706.2,3707.3,2592.9,2592.4,2592.1,2910.0,2910.3,2910.2,27.450001,28.120001,going to home base
2024-04-12T23:33:09Z,2390.2,2389.4,2389.6,2648.3,2647.6,2647.5,5715.4,5714.9,5714.6,2351.6,2351.3,2351.3,3524.6,3523.7,3524.0,4448.9,4449.2,4448.8,6197.3,6194.7,6195.0,8678.8,8678.6,8677.9,5253.7,5253.3,5253.4,7470.6,7469.6,7470.7,6145.2,6145.9,6145.6,1870.1,1868.7,1868.6,3705.2,3704.6,3706.7,2593.6,2593.3,2593.3,2912.3,2911.5,2910.3,27.480000,28.120001,going to home base
2024-04-12T23:33:14Z,2391.1,2389.9,2390.3,2648.7,2648.2,2648.1,5714.8,5714.4,5714.3,2352.4,2352.3,2352.7,3524.7,3524.0,3523.4,4449.1,4449.1,4449.1,6195.1,6195.1,6195.6,8681.3,8680.0,8679.6,5251.9,5251.2,5252.1,7472.3,7471.4,7469.4,6148.4,6147.0,6149.3,1870.3,1869.0,1868.8,3705.3,3705.1,3706.2,2594.0,2593.0,2593.7,2912.3,2911.4,2912.3,27.459999,28.160000,going to home base
2024-04-12T23:33:19Z,2391.2,2390.5,2390.9,2648.3,2647.8,2648.2,5715.2,5715.0,5715.1,2352.5,2352.4,2352.7,3525.3,3524.2,3524.5,4449.8,4449.4,4449.1,6196.1,6196.1,6197.7,8681.6,8679.2,8679.0,5252.1,5252.1,5254.0,7471.7,7470.5,7469.1,6148.6,6147.4,6144.9,1870.3,1868.9,1869.1,3704.9,3704.9,3705.3,2592.0,2591.5,2591.6,2911.1,2910.4,2911.1,27.459999,28.080000,going to home base
2024-04-12T23:33:24Z,2391.4,2390.5,2390.7,2647.2,2647.5,2648.1,5714.8,5714.2,5714.3,2351.6,2352.0,2352.6,3525.0,3524.6,3524.4,4448.6,4448.9,4448.6,6198.0,6197.4,6197.7,8679.3,8679.1,8680.1,5252.3,5252.2,5252.3,7473.5,7471.8,7473.0,6145.6,6145.2,6146.2,1870.4,1869.0,1868.5,3705.2,3704.2,3705.9,2592.8,2591.8,2592.7,2911.6,2910.5,2911.2,27.459999,28.100000,going to home base
2024-04-12T23:33:29Z,2390.6,2390.4,2390.4,2647.1,2646.9,2647.4,5714.7,5714.3,5714.5,2351.8,2352.0,2352.5,3524.9,3524.8,3524.4,4449.3,4448.6,4449.0,6196.8,6196.5,6197.9,8680.9,8679.2,8678.9,5253.9,5252.3,5253.2,7471.3,7470.8,7471.4,6145.0,6145.9,6148.2,1870.5,1869.0,1869.1,3705.5,3705.6,3707.1,2593.6,2592.7,2592.6,2912.1,2912.3,2912.2,27.450001,28.100000,going to home base
2024-04-12T23:33:34Z,2391.0,2390.3,2390.7,2647.5,2647.4,2648.0,5714.4,5714.0,5714.2,2351.8,2351.5,2352.7,3524.1,3523.8,3523.3,4448.5,4448.9,4448.9,6196.6,6196.6,6197.7,8679.4,8679.1,8678.3,5251.9,5251.6,5252.3,7468.9,7469.9,7470.3,6146.2,6143.8,6144.4,1870.5,1869.2,1869.0,3704.7,3705.4,3705.8,2592.6,2591.4,2591.9,2911.5,2910.8,2911.5,27.459999,28.170000,going to home base
2024-04-12T23:33:39Z,2390.8,2390.5,2390.6,2646.9,2647.1,2646.5,5714.6,5714.6,5714.4,2352.1,2351.9,2352.1,3525.0,3523.5,3523.6,4448.2,4448.5,4448.5,6197.1,6197.7,6198.1,8675.0,8676.2,8675.6,5251.4,5251.0,5252.9,7469.2,7469.6,7469.6,6146.6,6145.5,6145.7,1870.4,1868.8,1868.5,3704.9,3705.4,3706.1,2593.8,2593.3,2592.4,2911.9,2910.8,2911.7,27.440001,28.100000,going to home base
2024-04-12T23:33:44Z,2391.0,2390.7,2390.9,2647.3,2647.3,2647.9,5714.5,5714.2,5714.0,2351.0,2351.2,2351.5,3524.4,3523.9,3524.2,4448.5,4448.8,4448.9,6197.1,6197.4,6195.9,8677.5,8676.0,8677.0,5251.7,5252.5,5252.3,7472.1,7470.8,7469.1,6147.3,6147.9,6148.4,1870.2,1868.9,1869.0,3704.9,3705.2,3706.0,2593.5,2592.4,2592.4,2910.0,2910.1,2911.3,27.440001,28.120001,going to home base
2024-04-12T23:33:49Z,2390.7,2390.0,2390.0,2646.9,2646.9,2647.7,5715.2,5714.4,5714.8,2352.1,2351.6,2352.0,3524.8,3524.6,3524.3,4449.2,4448.5,4448.4,6199.6,6196.9,6196.6,8677.3,8677.0,8677.5,5251.7,5252.3,5253.7,7471.0,7469.6,7468.2,6146.1,6146.0,6146.6,1870.7,1869.1,1869.5,3704.6,3704.6,3705.4,2593.0,2592.5,2592.9,2909.9,2908.6,2909.6,27.450001,28.110001,going to home base
2024-04-12T23:33:54Z,2390.6,2390.0,2389.9,2647.4,2647.5,2647.7,5714.5,5714.5,5714.5,2351.3,2350.9,2351.2,3525.0,3524.7,3524.3,4448.6,4448.4,4449.2,6197.4,6196.9,6198.5,8679.2,8679.8,8679.8,5252.7,5251.5,5252.0,7470.1,7469.1,7468.9,6144.9,6144.8,6145.5,1870.4,1869.3,1868.7,3705.0,3705.2,3705.1,2593.5,2593.0,2593.1,2909.5,2909.6,2910.0,27.450001,28.080000,going to home base
2024-04-12T23:34:04Z,2390.6,2390.4,2390.4,2647.3,2647.4,2647.4,5715.2,5714.4,5714.2,2350.7,2351.0,2350.9,3524.9,3524.3,3524.7,4448.0,4448.8,4448.7,6196.1,6195.8,6198.4,8start,27033.7,27035.9,2390.6,2390.0,2390.1,2647.7,2647.4,2647.2,5714.4,5714.0,5714.6,3774.9,88717.2,88724.2,14360.8,14356.6,14360.3,3524.8,3524.3,3524.1,4448.9,4448.7,4448.7,6195.8,16700.6,going to home base
2024-04-12T23:34:14Z,2391.0,2390.5,2390.1,2647.4,2647.0,2648.1,5714.5,5713.9,5714.6,2352.6,2352.5,2352.6,3524.4,3524.7,3524.2,4448.7,4448.2,4448.2,6196.0,6195.7,6195.6,8682.7,8682.2,8682.2,5252.4,5252.2,5252.7,7469.9,7468.7,7468.9,6145.4,6144.8,6146.1,1870.9,1869.6,1869.4,3704.8,3704.6,3705.1,2593.7,2593.0,2593.2,2910.4,2909.8,2910.0,27.459999,28.120001,going to home base
2024-04-12T23:34:19Z,2391.3,2390.7,2391.0,2648.6,2648.2,2648.0,5714.6,5714.1,5714.5,2353.2,2352.9,2352.4,3524.2,3523.9,3523.4,4448.3,4448.2,4448.4,6195.6,6195.0,6195.8,8678.2,8679.6,8677.9,5251.3,5251.7,5253.3,7471.1,7471.4,7470.0,6144.2,6144.1,6144.3,1870.4,1868.8,1868.9,3704.2,3704.5,3705.4,2593.7,2593.5,2593.3,2912.8,2911.7,2911.8,27.459999,28.139999,going to home base
2024-04-12T23:34:24Z,2391.6,2390.6,2390.5,2647.9,2647.9,2648.6,5715.2,5714.7,5714.8,2352.2,2352.7,2352.4,3523.2,3522.3,3522.4,4448.5,4448.4,4448.8,6194.8,6196.4,6197.9,8678.5,8678.0,8678.1,5251.4,5251.5,5252.4,7470.5,7468.9,7468.8,6146.8,6146.1,6145.8,1870.9,1869.2,1869.4,3704.5,3704.5,3705.1,2594.6,2593.5,2593.3,2912.2,2912.1,2912.1,27.480000,28.110001,going to home base
2024-04-12T23:34:29Z,2390.9,2390.3,2390.7,2647.8,2647.4,2647.8,5714.1,5714.0,5714.4,2351.8,2351.5,2351.6,3523.7,3523.3,3523.9,4448.9,4448.7,4448.7,6196.0,6195.6,6195.3,8679.7,8679.3,8679.0,5252.4,5251.6,5253.3,7472.3,7470.2,7471.1,6142.3,6142.4,6145.2,1870.1,1868.9,1868.7,3705.0,3704.8,3706.3,2593.3,2592.8,2593.0,2911.2,2910.8,2911.3,27.450001,28.180000,going to home base
2024-04-12T23:34:34Z,2391.5,2390.9,2391.1,2647.9,2647.9,2647.5,5715.1,5714.8,5714.5,2351.9,2352.1,2352.4,3523.9,3523.4,3523.0,4448.9,4448.8,4448.9,6195.2,6196.8,6197.4,8679.2,8679.5,8678.9,5251.8,5251.0,5251.9,7469.9,7469.5,7470.6,6146.5,6145.7,6146.8,1870.7,1869.3,1869.2,3705.1,3705.0,3705.6,2594.2,2593.4,2593.6,2910.8,2910.2,2910.3,27.440001,28.160000,going to home base
2024-04-12T23:34:39Z,2390.9,2390.4,2391.0,2647.8,2648.0,2647.8,5715.6,5714.9,5715.0,2352.6,2352.7,2353.2,3525.1,3525.3,3524.4,4449.4,4449.2,4449.2,6197.5,6196.9,6196.4,8681.4,8681.5,8681.5,5249.4,5248.5,5249.8,7472.1,7470.4,7471.8,6143.9,6144.4,6144.4,1870.2,1868.9,1869.1,3705.3,3705.4,3706.1,2593.6,2593.1,2592.8,2911.7,2911.0,2911.4,27.459999,28.139999,going to home base
2024-04-12T23:34:44Z,2391.0,2390.5,2390.4,2647.2,2647.5,2647.8,5715.8,5714.9,5715.3,2352.2,2352.1,2353.0,3524.9,3523.9,3524.1,4449.0,4448.6,4449.0,6197.1,6195.8,6194.9,8680.6,8679.3,8680.4,5251.3,5250.9,5252.7,7472.2,7471.0,7471.0,6145.8,6143.7,6145.5,1870.4,1869.2,1869.2,3705.5,3705.0,3706.3,2594.2,2593.1,2593.6,2910.7,2909.7,2909.5,27.450001,28.150000,going to home base
2024-04-12T23:34:49Z,2390.8,2390.2,2390.0,2647.6,2647.4,2647.4,5715.0,5714.4,5714.7,2351.9,2351.5,2351.9,3524.3,3524.1,3523.7,4449.1,4448.9,4448.9,6196.9,6199.0,6199.5,8681.2,8681.0,8681.9,5251.7,5250.5,5251.0,7474.1,7472.6,7472.1,6146.0,6145.2,6146.4,1871.0,1869.3,1869.0,3704.8,3705.2,3705.8,2594.8,2593.4,2594.2,2912.9,2911.9,2912.0,27.459999,28.120001,going to home base
2024-04-12T23:34:54Z,2390.8,2390.4,2390.6,2646.9,2646.7,2646.7,5714.6,5714.3,5714.2,2351.8,2351.8,2352.9,3523.9,3523.9,3523.2,4448.3,4448.5,4448.1,6194.7,6194.0,6194.6,8679.5,8680.0,8681.8,5250.2,5251.2,5251.8,7470.4,7471.5,7471.5,6147.2,6146.4,6146.9,1870.1,1868.6,1868.5,3704.4,3704.3,3705.1,2594.4,2593.5,2593.5,2911.7,2911.9,2912.0,27.480000,28.120001,going to home base
2024-04-12T23:34:59Z,2391.1,2390.3,2390.3,2646.8,2647.1,2647.2,5714.6,5714.2,5714.0,2351.4,2351.3,2351.9,3523.8,3523.2,3523.3,4448.5,4448.1,4448.4,6195.7,6195.3,6195.3,8681.7,8681.7,8682.0,5251.1,5250.8,5250.9,7470.6,7471.0,7468.2,6144.3,6143.5,6144.9,1870.1,1869.1,1869.2,3705.2,3705.2,3706.5,2593.7,2592.9,2592.8,2913.0,2912.4,2913.2,27.450001,28.139999,going to home base
2024-04-12T23:35:04Z,2391.1,2390.2,2390.1,2646.9,2647.1,2646.9,5714.2,5714.2,5715.1,2351.3,2351.1,2351.7,3524.8,3524.8,3524.5,4448.5,4448.3,4448.3,6195.3,6194.3,6194.7,8680.3,8680.6,8681.1,5249.9,5250.5,5252.1,7470.0,7471.5,7471.4,6144.3,6142.5,6143.7,1869.8,1868.2,1868.5,3705.1,3704.9,3705.4,2594.6,2593.6,2593.4,2911.8,2910.3,2910.9,27.459999,28.080000,going to home base
2024-04-12T23:35:09Z,2389.8,2389.3,2389.5,2647.2,2647.0,2647.0,5715.0,5714.5,5714.1,2353.0,2353.0,2353.1,3524.4,3523.5,3524.1,4448.6,4447.8,4448.0,6196.0,6195.3,6194.7,8679.1,8680.2,8681.4,5251.6,5252.4,5252.5,7470.0,7470.0,7469.0,6142.8,6142.9,6143.9,1870.0,1869.0,1868.8,3704.2,3704.4,3705.2,2593.5,2592.5,2592.4,2911.7,2912.1,2913.0,27.450001,28.139999,going to home base
2024-04-12T23:35:14Z,2390.3,2389.9,2389.7,2647.2,2646.8,2647.5,5714.1,5713.7,5714.4,2352.3,2352.4,2352.8,3524.5,3523.8,3524.3,4447.9,4448.0,4448.0,6196.6,6197.7,6198.7,8680.1,8680.4,8679.5,5251.8,5252.0,5252.2,7469.7,7470.1,7470.4,6146.5,6147.0,6147.3,1870.6,1869.0,1869.2,3704.3,3704.5,3704.8,2593.3,2592.9,2591.7,2912.2,2911.9,2911.4,27.459999,28.070000,going to home base
2024-04-12T23:35:19Z,2390.5,2389.5,2390.0,2647.7,2647.5,2647.4,5714.6,5714.6,5714.3,2351.4,2351.4,2352.4,3524.4,3524.2,3524.3,4448.3,4447.7,4447.6,6195.2,6195.8,6194.1,8682.0,8680.6,8680.8,5251.5,5251.6,5252.0,7470.0,7467.7,7468.4,6146.6,6148.0,6148.8,1870.8,1869.5,1869.3,3704.4,3704.6,3705.9,2594.0,2593.3,2593.6,2911.2,2910.2,2910.3,27.450001,28.100000,going to home base
2024-04-12T23:35:24Z,2390.3,2390.1,2390.5,2646.7,2646.7,2646.9,5713.9,5713.7,5713.8,2350.4,2350.1,2350.8,3524.7,3523.8,3523.5,4448.1,4447.6,4448.0,6195.5,6195.3,6196.5,8680.6,8681.8,8681.0,5252.5,5250.8,5251.5,7468.2,7468.1,7469.3,6147.6,6146.8,6148.2,1871.0,1869.1,1869.4,3704.4,3703.8,3705.0,2594.1,2593.3,2593.1,2911.2,2910.3,2910.7,27.450001,28.170000,going to home base
2024-04-12T23:35:29Z,2390.5,2389.8,2389.9,2646.5,2645.7,2646.7,5713.6,5713.5,5713.4,2351.4,2351.7,2351.8,3524.4,3524.0,3524.2,4448.3,4448.4,4447.9,6196.4,6196.4,6196.8,8680.3,8679.8,8680.3,5252.4,5252.0,5251.9,7468.6,7465.5,7466.3,6147.0,6147.3,6147.3,1870.8,1869.3,1869.0,3704.1,3704.2,3705.2,2593.3,2592.3,2592.7,2911.2,2911.4,2911.4,27.480000,28.080000,going to home base
2024-04-12T23:35:34Z,2390.4,2389.7,2390.4,2647.0,2647.2,2647.9,5713.5,5713.1,5713.1,2351.6,2351.6,2352.1,3524.5,3524.2,3524.1,4447.6,4447.6,4448.1,6198.5,6197.9,6199.3,8679.5,8678.0,8678.8,5251.5,5250.9,5252.0,7468.0,7467.1,7467.1,6147.1,6145.5,6147.7,1870.5,1869.0,1869.1,3703.5,3703.6,3704.4,2593.3,2592.5,2592.1,2910.6,2910.9,2911.3,27.459999,28.080000,going to home base
2024-04-12T23:35:39Z,2390.0,2389.5,2390.0,2646.6,2646.4,2646.9,5712.9,5713.0,5712.6,2352.2,2351.9,2352.3,3524.3,3523.9,3523.6,4447.7,4448.2,4448.3,6196.4,6196.2,6198.3,8681.2,8681.8,8680.6,5250.2,5251.0,5251.7,7468.8,7468.3,7469.2,6146.1,6146.9,6146.6,1870.6,1869.1,1869.3,3704.2,3703.9,3704.6,2593.3,2592.3,2592.0,2912.0,2911.9,2911.7,27.480000,28.080000,going to home base
2024-04-12T23:35:44Z,2390.9,2389.9,2390.3,2646.8,2646.3,2647.0,5712.8,5712.0,5712.4,2352.3,2351.6,2352.4,3523.8,3523.8,3523.6,4448.0,4447.6,4447.8,6196.4,6197.0,6195.4,8680.3,8680.2,8679.3,5251.2,5250.7,5251.4,7471.3,7470.0,7469.7,6147.1,6147.3,6148.3,1870.4,1869.1,1868.9,3704.6,3704.4,3705.3,2593.6,2592.7,2592.9,2911.9,2911.2,2911.8,27.450001,28.110001,going to home base
2024-04-12T23:35:49Z,2390.6,2389.6,2389.8,2647.2,2646.9,2647.4,5712.8,5712.4,5712.6,2351.0,2351.2,2351.6,3523.8,3523.8,3524.2,4448.4,4448.1,4448.0,6194.7,6195.6,6195.0,8678.6,8679.0,8679.3,5249.3,5248.7,5251.2,7468.3,7467.1,7467.3,6146.6,6146.9,6145.7,1870.3,1868.9,1868.7,3704.0,3704.1,3704.4,2593.3,2592.4,2592.3,2911.3,2910.1,2911.5,27.480000,28.139999,going to home base
2024-04-12T23:35:54Z,2390.7,2389.9,2389.7,2646.8,2646.2,2647.5,5712.9,5712.7,5712.5,2351.7,2351.9,2352.9,3524.2,3523.9,3523.6,4447.7,4447.6,4447.8,6196.8,6195.9,6193.7,8678.5,8678.4,8679.0,5250.6,5250.4,5251.0,7469.0,7467.5,7469.3,6145.5,6145.8,6146.7,1870.3,1868.8,1868.6,3703.7,3703.6,3705.0,2593.3,2592.4,2592.8,2912.0,2912.0,2911.9,27.480000,28.070000,going to home base
2024-04-12T23:35:59Z,2390.7,2389.7,2390.2,2647.1,2646.6,2646.9,5712.8,5712.6,5712.5,2352.0,2352.2,2352.2,3524.7,3523.7,3523.7,4448.0,4447.9,4447.6,6195.1,6194.1,6196.2,8677.5,8675.8,8679.4,5250.9,5250.3,5250.8,7466.4,7465.6,7466.1,6145.4,6145.9,6146.2,1870.1,1868.6,1869.1,3704.0,3704.3,3704.7,2592.3,2592.3,2592.0,2912.3,2911.3,2911.5,27.450001,28.110001,going to home base
2024-04-12T23:36:04Z,2390.5,2389.6,2390.5,2645.8,2645.8,2646.2,5712.9,5712.3,5712.4,2351.9,2351.7,2351.8,3523.4,3523.3,3523.6,4447.6,4447.8,4447.6,6196.9,6193.9,6194.4,8679.9,8678.7,8677.6,5250.1,5249.6,5249.8,7467.3,7466.0,7466.5,6144.3,6146.3,6146.3,1870.5,1869.4,1869.1,3703.5,3703.9,3704.8,2592.8,2592.6,2592.2,2911.2,2910.4,2911.1,27.480000,28.080000,going to home base
2024-04-12T23:36:09Z,2390.3,2389.8,2389.8,2646.0,2645.8,2646.0,5712.9,5712.8,5712.7,2351.4,2350.9,2351.2,3523.6,3524.1,3523.7,4448.1,4447.9,4447.5,6196.3,6196.1,6195.5,8678.5,8677.0,8677.7,5250.5,5249.9,5251.6,7467.5,7467.4,7467.6,6144.7,6145.0,6146.3,1870.3,1869.2,1868.6,3703.5,3704.0,3705.0,2592.8,2592.3,2592.1,2911.7,2911.4,2911.2,27.450001,28.100000,going to home base
2024-04-12T23:36:14Z,2390.5,2390.1,2390.3,2646.2,2646.1,2646.0,5712.7,5712.6,5712.7,2350.4,2351.0,2351.4,3522.8,3522.0,3522.6,4447.6,4447.8,4447.8,6194.3,6194.2,6195.1,8679.2,8678.1,8678.7,5250.5,5251.1,5252.2,7469.4,7468.2,7468.9,6143.5,6144.4,6144.5,1870.2,1868.9,1869.0,3703.8,3703.8,3704.6,2593.3,2592.1,2592.2,2912.7,2912.4,2912.5,27.459999,28.080000,going to home base
2024-04-12T23:36:19Z,2391.2,2389.7,2390.6,2645.9,2646.0,2646.1,5712.8,5712.7,5712.3,2352.2,2352.2,2352.6,3522.4,3522.6,3523.1,4448.0,4447.7,4447.6,6193.3,6194.8,6193.2,8677.9,8679.7,8679.8,5251.1,5250.7,5253.1,7466.5,7466.0,7466.1,6145.5,6145.7,6145.4,1869.9,1868.4,1868.5,3702.9,3702.5,3703.9,2593.0,2592.7,2592.3,2913.3,2912.4,2912.8,27.490000,28.100000,going to home base
2024-04-12T23:36:24Z,2390.6,2389.9,2389.8,2645.5,2645.9,2646.3,5713.1,5712.9,5713.0,2351.2,2351.5,2351.6,3524.1,3524.4,3524.0,4448.3,4447.3,4446.9,6195.5,6194.2,6195.3,8676.9,8677.4,8676.4,5251.1,5251.3,5252.0,7468.8,7466.9,7468.2,6145.3,6147.4,6146.6,1869.7,1868.6,1868.4,3703.4,3702.8,3703.8,2592.8,2592.4,2592.5,2912.5,2912.8,2912.0,27.480000,28.110001,going to home base
2024-04-12T23:36:29Z,2390.5,2389.7,2389.9,2646.2,2647.2,2646.9,5713.2,5712.3,5713.0,2351.6,2351.3,2351.6,3523.7,3523.1,3522.4,4447.3,4447.3,4447.4,6192.9,6194.3,6196.1,8678.5,8677.8,8678.8,5250.6,5250.3,5251.1,7468.8,7468.1,7466.8,6144.1,6144.1,6142.8,1870.2,1868.8,1868.5,3703.7,3703.9,3704.5,2593.7,2592.9,2593.4,2911.9,2910.6,2911.5,27.480000,28.139999,going to home base
2024-04-12T23:36:34Z,2390.7,2389.6,2389.6,2646.7,2646.7,2646.5,5712.9,5712.5,5712.3,2351.7,2352.2,2352.2,3523.8,3523.6,3523.5,4447.6,4447.3,4447.3,6193.0,6193.3,6193.5,8677.1,8676.8,8677.1,5251.4,5251.2,5251.8,7468.0,7467.4,7467.4,6146.0,6146.6,6145.4,1870.0,1868.6,1868.4,3703.2,3703.6,3704.9,2593.5,2592.6,2592.9,2912.6,2912.0,2912.6,27.480000,28.129999,going to home base
2024-04-12T23:36:39Z,2389.9,2389.6,2389.8,2647.5,2646.5,2647.0,5713.3,5712.7,5713.1,2352.2,2351.6,2352.4,3523.3,3523.0,3522.3,4447.4,4447.0,4447.3,6194.0,6193.7,6193.8,8678.2,8676.9,8676.8,5250.9,5250.9,5251.3,7467.1,7467.5,7467.2,6145.3,6141.8,6143.6,1870.1,1868.5,1868.3,3703.8,3703.6,3704.9,2593.4,2592.7,2593.0,2911.5,2910.7,2911.0,27.459999,28.100000,going to home base
2024-04-12T23:36:44Z,2390.0,2389.6,2390.0,2646.7,2646.9,2647.4,5713.6,5712.8,5712.8,2351.5,2351.6,2351.8,3524.5,3524.1,3523.2,4448.2,4448.0,4447.5,6194.1,6193.9,6194.3,8681.5,8680.6,8678.7,5250.7,5250.3,5251.2,7468.2,7466.3,7465.9,6145.4,6145.1,6145.0,1870.2,1868.8,1868.5,3704.0,3704.0,3705.2,2592.7,2592.8,2592.7,2911.0,2911.2,2911.7,27.480000,28.080000,going to home base
2024-04-12T23:36:49Z,2390.6,2389.9,2390.1,2647.0,2647.0,2647.2,5713.2,5712.3,5712.7,2352.1,2352.0,2352.4,3524.1,3522.8,3522.8,4447.9,4447.3,4447.4,6191.5,6190.9,6191.8,8679.5,8676.3,8677.0,5249.9,5249.2,5249.8,7467.3,7465.9,7465.6,6148.9,6147.7,6147.0,1869.9,1868.6,1868.5,3704.4,3704.4,3705.5,2593.1,2591.9,2591.9,2910.9,2911.5,2911.3,27.459999,28.129999,going to home base
2024-04-12T23:36:54Z,2390.6,2390.1,2390.5,2647.0,2646.6,2647.4,5713.6,5713.0,5713.0,2352.3,2352.1,2352.4,3521.7,3521.9,3522.4,4446.6,4447.1,4446.2,6196.4,6195.9,6196.6,8675.4,8675.6,8675.9,5249.9,5248.4,5250.7,7470.4,7468.6,7468.4,6146.2,6146.8,6144.8,1870.4,1868.8,1868.8,3704.5,3704.9,3705.7,2593.1,2592.3,2592.2,2911.5,2911.3,2912.2,27.480000,28.120001,going to home base
2024-04-12T23:36:59Z,2390.2,2389.7,2390.2,2646.4,2646.7,2646.8,5713.7,5713.0,5713.0,2351.3,2351.3,2351.9,3523.6,3523.1,3523.7,4447.5,4447.0,4447.4,6193.2,6195.1,6194.2,8677.8,8676.4,8678.5,5252.4,5251.3,5251.6,7469.5,7468.8,7468.0,6146.7,6147.2,6147.9,1870.9,1869.1,1869.4,3704.3,3704.5,3705.1,2592.8,2592.0,2592.2,2912.2,2912.0,2912.3,27.459999,28.139999,going to home base
2024-04-12T23:37:04Z,2390.3,2390.4,2390.1,2646.4,2646.3,2647.4,5713.3,5712.7,5712.8,2351.7,2351.2,2352.0,3521.7,3522.3,3522.0,4447.2,4447.3,4447.2,6195.2,6195.4,6197.3,8677.0,8678.1,8676.4,5250.6,5250.4,5252.3,7470.1,7468.2,7470.0,6148.5,6147.5,6148.5,1870.9,1869.5,1869.4,3704.8,3705.1,3705.8,2592.8,2592.7,2592.6,2911.2,2910.8,2911.7,27.459999,28.129999,going to home base
2024-04-12T23:37:09Z,2390.3,2390.2,2390.2,2646.3,2645.9,2646.5,5713.6,5713.1,5712.9,2351.5,2351.6,2351.8,3523.3,3522.6,3522.4,4447.0,4447.0,4447.2,6195.7,6195.1,6194.8,8677.7,8675.8,8676.0,5252.1,5251.8,5252.6,7470.4,7469.2,7468.5,6145.6,6144.5,6145.7,1870.4,1869.2,1869.0,3705.0,3704.8,3705.2,2592.7,2592.2,2592.2,2910.6,2910.0,2910.9,27.480000,28.100000,going to home base
2024-04-12T23:37:14Z,2390.7,2389.9,2390.2,2646.1,2646.0,2646.3,5713.4,5713.3,5713.3,2351.3,2351.3,2351.6,3522.7,3522.3,3522.1,4447.3,4447.0,4447.0,6198.5,6198.8,6199.0,8675.9,8676.2,8676.9,5252.0,5251.1,5251.8,7469.3,7468.1,7468.8,6144.6,6145.4,6144.5,1870.8,1869.2,1868.7,3705.0,3705.3,3706.4,2592.8,2592.2,2592.2,2911.6,2910.9,2911.2,27.480000,28.120001,going to home base
2024-04-12T23:37:19Z,2390.6,2390.0,2390.4,2646.4,2646.2,2646.5,5713.7,5714.1,5713.8,2351.2,2351.7,2351.7,3522.6,3522.6,3522.9,4447.5,4447.6,4447.5,6193.9,6193.8,6195.5,8678.0,8678.0,8678.0,5250.6,5250.7,5250.9,7473.4,7473.6,7473.8,6147.0,6144.8,6146.3,1870.4,1869.0,1868.5,3704.1,3704.7,3705.1,2593.3,2592.4,2592.2,2910.3,2909.4,2909.4,27.490000,28.139999,going to home base
2024-04-12T23:37:24Z,2390.9,2390.0,2390.6,2646.3,2646.0,2646.6,5713.6,5713.6,5713.5,2352.1,2352.1,2352.4,3522.7,3521.2,3521.6,4447.7,4447.8,4447.9,6192.1,6192.9,6193.5,8677.0,8676.4,8678.3,5251.2,5250.6,5251.9,7472.3,7471.0,7471.4,6146.3,6147.4,6147.8,1870.4,1868.7,1869.1,3704.3,3704.2,3705.1,2593.9,2593.0,2592.3,2911.6,2911.3,2911.0,27.490000,28.120001,going to home base
2024-04-12T23:37:29Z,2390.7,2390.1,2390.3,2646.7,2646.7,2646.8,5714.7,5714.1,5713.8,2351.0,2351.3,2351.6,3523.0,3522.4,3522.2,4447.6,4447.6,4447.3,6191.8,6193.3,6194.3,8679.3,8678.7,8678.9,5250.4,5250.0,5252.1,7473.6,7473.2,7472.9,6147.1,6145.5,6146.0,1870.2,1868.8,1868.5,3704.0,3704.3,3704.8,2594.0,2593.3,2592.7,2911.0,2909.9,2909.9,27.450001,28.139999,going to home base
2024-04-12T23:37:34Z,2390.9,2390.0,2390.6,2646.8,2646.5,2647.0,5714.2,5713.8,5713.8,2351.5,2351.9,2352.0,3522.4,3522.2,3522.2,4447.7,4448.0,4447.1,6196.5,6194.4,6195.1,8680.1,8680.4,8679.8,5250.6,5250.2,5251.6,7472.8,7470.3,7470.7,6145.8,6146.6,6146.9,1870.3,1868.8,1868.8,3704.6,3704.4,3705.1,2593.3,2592.6,2592.1,2910.5,2910.1,2909.1,27.510000,28.120001,going to home base
2024-04-12T23:37:39Z,2390.7,2389.8,2390.2,2646.2,2646.7,2646.6,5714.1,5713.5,5713.5,2351.0,2351.1,2351.0,3522.9,3522.3,3521.8,4447.6,4447.5,4447.6,6194.8,6193.9,6195.0,8679.0,8677.5,8677.7,5250.2,5251.8,5250.8,7472.1,7471.8,7471.6,6146.7,6147.1,6148.1,1870.4,1868.4,1868.6,3703.7,3704.1,3705.1,2593.7,2592.9,2593.2,2912.8,2912.3,2912.1,27.490000,28.110001,going to home base
2024-04-12T23:37:44Z,2390.9,2389.9,2390.2,2646.3,2646.5,2646.8,5713.8,5713.2,5713.4,2351.6,2351.2,2351.5,3521.6,3521.5,3521.7,4447.7,4447.7,4447.4,6195.8,6195.4,6194.9,8676.9,8676.8,8679.1,5247.4,5247.1,5248.4,7470.5,7470.9,7471.4,6146.6,6146.9,6148.0,1869.8,1868.1,1868.6,3703.3,3703.3,3703.7,2593.3,2592.3,2592.3,2911.5,2912.1,2912.1,27.490000,28.110001,going to home base
2024-04-12T23:37:49Z,2390.7,2390.2,2390.2,2646.3,2646.4,2646.6,5713.8,5713.3,5713.6,2352.4,2352.1,2352.1,3521.5,3521.4,3521.6,4447.7,4448.0,4447.7,6195.1,6194.1,6193.2,8679.7,8678.9,8678.4,5251.3,5252.8,5251.7,7470.3,7470.8,7471.7,6145.8,6146.3,6146.1,1870.0,1868.8,1868.8,3704.6,3704.6,3705.6,2593.3,2592.2,2592.4,2912.0,2912.4,2911.8,27.490000,28.120001,going to home base
2024-04-12T23:37:54Z,2391.0,2390.0,2390.2,2646.8,2647.3,2647.3,5713.7,5713.2,5713.7,2351.8,2352.2,2352.0,3522.3,3521.4,3521.7,4447.7,4447.6,4447.2,6194.6,6193.3,6194.2,8676.5,8676.6,8676.5,5251.4,5251.0,5252.5,7471.0,7468.5,7470.2,6144.2,6145.2,6147.0,1870.0,1868.6,1868.4,3704.1,3704.9,3705.7,2593.3,2592.4,2592.4,2911.7,2910.9,2911.1,27.459999,28.120001,going to home base
2024-04-12T23:37:59Z,2390.4,2390.1,2390.6,2647.1,2646.4,2647.4,5713.6,5713.2,5713.6,2352.3,2352.1,2352.0,3522.3,3522.4,3521.9,4447.3,4447.4,4447.4,6195.7,6194.8,6194.9,8679.9,8680.2,8680.1,5250.8,5250.5,5250.7,7470.6,7470.0,7468.5,6146.0,6143.5,6146.0,1870.4,1868.8,1868.9,3704.6,3704.9,3705.4,2593.2,2592.2,2592.3,2912.5,2912.7,2912.5,27.480000,28.110001,going to home base
2024-04-12T23:38:04Z,2391.2,2390.2,2390.3,2646.9,2646.7,2647.4,5713.8,5713.5,5713.5,2352.0,2352.0,2352.1,3522.8,3523.4,3523.3,4447.9,4447.3,4447.4,6192.9,6192.4,6192.7,8678.2,8677.0,8677.5,5251.0,5251.4,5251.6,7472.1,7470.6,7471.4,6145.9,6145.2,6145.8,1870.1,1869.0,1868.5,3704.9,3703.9,3705.7,2593.1,2592.6,2592.9,2911.7,2911.5,2912.4,27.480000,28.110001,going to home base
2024-04-12T23:38:09Z,2390.6,2390.0,2390.6,2647.2,2646.8,2647.1,5714.3,5713.6,5713.9,2351.8,2351.3,2351.6,3523.1,3522.2,3522.7,4447.3,4446.7,4447.1,6196.4,6195.5,6195.6,8676.9,8677.5,8679.0,5250.1,5249.7,5251.6,7470.9,7469.3,7468.9,6146.2,6146.0,6146.6,1870.5,1868.8,1868.9,3704.7,3704.6,3705.4,2592.2,2592.1,2591.8,2913.7,2911.8,2911.6,27.459999,28.120001,going to home base
2024-04-12T23:38:14Z,2391.0,2390.6,2390.9,2646.2,2646.6,2646.6,5713.8,5713.1,5713.8,2350.7,2350.6,2350.8,3522.4,3522.2,3521.6,4447.5,4447.3,4447.0,6195.7,6195.7,6195.8,8681.1,8677.4,8678.1,5249.6,5249.5,5250.3,7471.8,7471.1,7469.7,6147.4,6148.6,6148.8,1870.6,1869.2,1869.2,3704.6,3705.3,3706.6,2592.9,2592.1,2591.8,2913.7,2912.9,2913.6,27.459999,28.080000,going to home base
2024-04-12T23:38:19Z,2390.3,2390.2,2390.5,2646.5,2646.6,2647.3,5713.7,5713.4,5713.7,2351.5,2351.4,2351.3,3523.1,3523.5,3523.0,4448.1,4447.7,4447.6,6194.9,6195.2,6193.6,8680.7,8682.2,8681.1,5250.6,5250.8,5251.7,7469.8,7470.4,7470.9,6148.3,6147.7,6148.4,1870.4,1868.8,1868.9,3704.1,3703.9,3705.0,2593.6,2592.6,2592.7,2914.4,2913.2,2913.2,27.459999,28.070000,going to home base
2024-04-12T23:38:24Z,2391.3,2390.3,2390.7,2647.1,2647.1,2646.8,5713.4,5713.1,5713.5,2351.4,2350.9,2351.6,3523.5,3523.3,3523.3,4447.9,4447.5,4447.7,6193.1,6192.9,6193.9,8679.4,8678.2,8676.5,5249.7,5250.5,5251.0,7471.3,7471.9,7469.9,6148.0,6147.5,6147.6,1870.0,1868.5,1868.4,3704.8,3704.1,3705.0,2593.3,2592.8,2593.0,2913.5,2912.8,2913.3,27.459999,28.139999,going to home base
2024-04-12T23:38:29Z,2390.4,2390.0,2390.3,2646.4,2645.8,2646.6,5713.6,5712.7,5713.6,2350.9,2351.3,2351.3,3522.0,3521.9,3521.9,4447.8,4447.2,4447.0,6192.5,6193.4,6192.8,8679.0,8677.6,8678.2,5249.5,5250.1,5251.2,7470.1,7469.1,7468.2,6147.6,6147.2,6149.0,1870.0,1868.6,1868.9,3702.9,3703.6,3704.2,2593.7,2592.4,2593.1,2912.4,2912.3,2912.0,27.490000,28.100000,going to home base
2024-04-12T23:38:34Z,2391.1,2390.2,2390.7,2646.4,2646.2,2646.3,5713.2,5712.2,5712.8,2352.1,2351.9,2352.3,3522.9,3522.5,3523.0,4447.3,4447.4,4447.5,6192.4,6191.6,6191.1,8675.3,8675.6,8676.0,5251.0,5250.1,5249.7,7470.1,7470.4,7470.4,6145.6,6143.5,6145.7,1870.0,1868.5,1868.7,3703.2,3703.5,3704.7,2592.1,2591.8,2591.4,2911.9,2912.5,2912.7,27.490000,28.080000,going to home base
2024-04-12T23:38:39Z,2390.8,2390.7,2390.5,2645.5,2645.8,2646.1,5712.4,5711.9,5712.5,2351.2,2351.2,2351.6,3522.1,3521.8,3521.6,4447.0,4447.1,4447.5,6192.2,6191.6,6193.7,8678.5,8675.6,8678.1,5250.4,5250.5,5251.0,7469.0,7468.5,7469.7,6148.1,6150.2,6149.6,1869.6,1868.4,1868.5,3703.9,3703.7,3704.4,2593.2,2592.3,2592.5,2911.1,2911.2,2911.8,27.480000,28.100000,going to home base
2024-04-12T23:38:44Z,2390.1,2389.3,2389.4,2646.2,2645.9,2645.4,5712.4,5712.0,5712.1,2351.5,2351.7,2351.5,3523.5,3522.0,3522.1,4447.2,4447.1,4447.3,6193.9,6192.3,6192.9,8678.5,8678.0,8676.8,5250.5,5250.5,5251.0,7468.5,7467.3,7468.4,6147.5,6146.1,6147.0,1869.9,1868.6,1868.9,3704.1,3703.8,3704.6,2593.2,2593.0,2592.6,2911.7,2911.1,2911.2,27.459999,28.070000,going to home base
2024-04-12T23:38:49Z,2389.9,2389.3,2389.6,2645.6,2645.9,2646.6,5712.8,5712.7,5712.3,2351.6,2351.9,2351.3,3522.4,3522.2,3521.9,4447.1,4447.0,4447.0,6191.7,6191.2,6191.8,8677.5,8677.2,8678.3,5250.2,5251.3,5252.1,7469.1,7468.6,7469.0,6149.7,6149.7,6151.2,1870.5,1868.9,1868.6,3704.5,3704.3,3705.0,2593.5,2592.5,2592.1,2912.3,2911.9,2911.9,27.459999,28.059999,going to home base
2024-04-12T23:38:59Z,2390.7,2389.5,2389.5,2645.7,2646.0,2646.1,5712.4,5712.0,5711.7,2351.4,2351.1,2351.7,3522.5,3521.9,3523.0,4447.1,4447start,27033.7,27031.3,2390.1,2389.4,5712.3,5711.9,5712.1,2351.3,2351.1,2351.3,3773.8,3773.8,88625.5,88673.1,14347.7,14347.2,4447.7,4447.7,4447.7,6192.5,6192.7,6191.3,16699.6,16700.9,34215.0,34219.4,8680.8,8680.3,5248.9,5251.2,going to home base
2024-04-12T23:39:09Z,2390.0,2389.1,2389.3,2645.1,2644.9,2645.0,5713.4,5712.7,5712.6,2350.6,2350.0,2350.6,3523.0,3522.3,3521.4,4446.6,4446.8,4447.0,6194.2,6193.0,6195.2,8679.2,8678.7,8680.8,5248.7,5250.1,5249.8,7467.5,7467.0,7467.8,6148.4,6147.7,6149.7,1870.5,1868.7,1868.8,3704.5,3704.9,3705.8,2592.6,2591.1,2591.4,2911.8,2912.5,2911.8,27.480000,28.100000,going to home base
2024-04-12T23:39:14Z,2390.3,2389.4,2389.6,2646.4,2645.7,2646.4,5712.4,5712.5,5712.6,2350.8,2351.2,2351.7,3522.6,3522.3,3522.5,4447.7,4447.4,4447.2,6192.3,6193.3,6192.6,8677.3,8676.7,8677.3,5251.0,5250.5,5251.9,7471.3,7470.7,7470.9,6149.2,6148.1,6148.7,1870.0,1869.1,1868.9,3703.5,3703.4,3704.7,2592.2,2591.5,2591.3,2912.4,2910.9,2911.7,27.480000,28.139999,going to home base
2024-04-12T23:39:19Z,2390.3,2389.8,2389.7,2645.9,2646.0,2646.6,5713.0,5712.6,5712.5,2351.2,2351.4,2351.7,3521.7,3521.7,3521.1,4446.9,4446.7,4446.7,6192.5,6190.9,6190.4,8678.2,8676.6,8676.6,5250.5,5250.5,5251.0,7471.0,7469.1,7469.5,6149.0,6147.8,6146.9,1870.0,1868.6,1868.4,3704.1,3704.4,3705.5,2592.6,2592.2,2592.4,2912.8,2912.7,2912.4,27.490000,28.080000,going to home base
2024-04-12T23:39:24Z,2389.7,2389.0,2389.4,2645.4,2645.8,2645.7,5713.0,5713.2,5713.1,2351.7,2351.6,2351.8,3521.9,3521.7,3522.0,4447.4,4447.2,4447.2,6192.9,6193.4,6192.1,8677.9,8677.6,8677.5,5250.6,5249.6,5250.1,7468.7,7467.7,7467.7,6148.3,6148.2,6147.5,1870.3,1868.6,1868.4,3703.5,3703.6,3704.7,2591.2,2590.6,2591.1,2911.5,2911.5,2911.8,27.490000,28.100000,going to home base
2024-04-12T23:39:29Z,2389.8,2389.8,2389.3,2645.0,2644.9,2645.4,5712.9,5713.0,5713.1,2351.1,2351.1,2351.0,3522.1,3521.4,3520.8,4446.2,4445.9,4446.1,6193.5,6192.7,6193.4,8679.3,8677.4,8678.2,5249.8,5249.8,5251.8,7470.3,7470.3,7470.0,6148.4,6148.8,6148.4,1869.9,1868.7,1868.3,3702.6,3702.2,3702.7,2591.6,2590.7,2590.6,2910.6,2910.4,2910.1,27.450001,28.059999,going to home base
2024-04-12T23:39:34Z,2389.8,2389.0,2389.7,2645.9,2645.3,2645.6,5712.3,5711.6,5711.2,2351.3,2350.8,2350.8,3521.8,3521.0,3521.8,4446.3,4446.1,4446.4,6192.8,6192.1,6192.9,8676.6,8676.0,8676.0,5251.3,5251.7,5252.0,7472.7,7473.0,7471.9,6144.2,6143.9,6145.1,1869.6,1868.2,1868.1,3702.2,3702.2,3703.5,2591.9,2591.4,2591.4,2912.2,2911.9,2912.1,27.480000,28.100000,going to home base
2024-04-12T23:39:39Z,2389.9,2389.7,2389.6,2645.6,2645.7,2646.1,5713.2,5712.3,5712.4,2350.9,2350.5,2351.0,3522.3,3522.6,3522.6,4446.3,4446.1,4446.5,6194.8,6194.2,6193.9,8676.6,8676.5,8674.7,5249.7,5249.8,5250.2,7471.7,7470.6,7470.8,6144.9,6146.8,6146.7,1870.2,1868.6,1868.1,3702.6,3702.8,3703.2,2591.6,2591.7,2591.4,2910.8,2910.4,2911.1,27.480000,28.100000,going to home base
2024-04-12T23:39:44Z,2390.3,2389.7,2389.9,2646.1,2645.6,2645.7,5713.5,5712.2,5712.9,2350.8,2351.1,2351.5,3522.0,3521.6,3521.1,4446.3,4446.0,4446.3,6192.8,6192.9,6192.5,8674.9,8674.7,8677.3,5250.4,5251.0,5251.4,7469.1,7468.5,7469.3,6145.2,6145.7,6147.1,1869.8,1868.5,1868.7,3702.7,3702.9,3704.1,2590.8,2590.3,2590.3,2909.9,2908.6,2908.2,27.480000,28.120001,going to home base
2024-04-12T23:39:49Z,2390.0,2389.1,2389.1,2645.6,2645.9,2646.0,5712.4,5712.0,5712.0,2350.5,2350.3,2350.6,3522.3,3521.6,3521.6,4445.9,4445.9,4446.2,6192.4,6192.6,6193.2,8676.0,8674.9,8675.0,5248.5,5248.7,5248.8,7466.4,7465.7,7465.8,6142.8,6143.8,6145.2,1870.5,1868.5,1868.7,3702.7,3703.5,3704.2,2592.9,2592.5,2592.2,2911.0,2910.3,2910.3,27.490000,28.080000,going to home base
2024-04-12T23:39:54Z,2390.4,2389.7,2389.9,2645.8,2646.0,2645.8,5712.7,5712.6,5712.9,2351.3,2350.7,2350.4,3522.6,3522.7,3522.9,4446.1,4446.4,4446.3,6194.2,6193.8,6194.7,8675.9,8674.6,8674.8,5249.3,5249.6,5250.1,7466.8,7466.2,7467.5,6148.0,6147.7,6149.1,1870.2,1868.9,1868.9,3702.7,3702.8,3703.4,2592.0,2591.1,2591.1,2912.0,2911.2,2912.2,27.459999,28.139999,going to home base
2024-04-12T23:39:59Z,2390.4,2390.0,2390.0,2645.5,2645.4,2645.4,5711.9,5712.4,5712.1,2351.1,2351.1,2351.4,3521.2,3520.8,3521.0,4446.3,4446.0,4446.2,6192.6,6192.6,6193.9,8674.2,8674.8,8674.8,5249.1,5247.9,5249.2,7469.0,7465.6,7466.7,6147.9,6146.3,6147.0,1870.4,1868.4,1868.9,3702.7,3702.6,3703.6,2592.0,2591.2,2591.3,2913.1,2912.1,2912.3,27.459999,28.120001,going to home base
2024-04-12T23:40:04Z,2390.6,2389.9,2390.2,2645.7,2645.7,2646.2,5712.8,5712.5,5712.5,2351.4,2351.0,2352.0,3521.6,3521.7,3521.6,4446.0,4445.4,4445.9,6191.4,6190.2,6191.0,8676.4,8675.5,8676.5,5250.7,5250.0,5250.5,7469.4,7467.2,7467.5,6146.3,6145.7,6146.8,1869.7,1868.5,1868.4,3702.3,3702.4,3703.4,2592.7,2591.7,2592.5,2910.5,2909.4,2909.8,27.480000,28.100000,going to home base
2024-04-12T23:40:09Z,2390.2,2389.9,2389.9,2645.7,2645.7,2646.3,5712.1,5711.1,5711.5,2350.2,2350.9,2351.7,3522.2,3521.7,3521.3,4445.6,4445.9,4445.8,6192.7,6192.7,6192.8,8677.8,8677.8,8676.5,5249.6,5249.6,5249.1,7467.7,7467.7,7465.3,6147.4,6147.3,6147.3,1869.6,1868.2,1868.4,3701.8,3702.7,3703.3,2593.2,2592.1,2592.4,2910.5,2910.0,2910.5,27.459999,28.150000,going to home base
2024-04-12T23:40:14Z,2389.7,2389.1,2389.2,2645.9,2645.5,2645.8,5711.9,5711.8,5711.9,2350.0,2350.4,2350.4,3522.1,3521.2,3521.6,4445.8,4445.7,4445.3,6190.9,6192.4,6191.6,8676.6,8676.3,8677.3,5250.6,5249.9,5250.1,7466.5,7466.2,7466.8,6145.8,6145.1,6147.0,1869.5,1868.2,1867.7,3703.0,3702.5,3704.2,2592.1,2591.5,2592.0,2909.7,2908.0,2908.6,27.490000,28.080000,going to home base
2024-04-12T23:40:19Z,2390.0,2389.2,2388.9,2645.6,2645.5,2645.8,5711.2,5711.1,5711.4,2350.4,2350.7,2351.2,3522.5,3522.0,3522.6,4445.9,4445.7,4445.1,6191.3,6191.7,6191.9,8674.7,8675.3,8675.4,5249.0,5248.7,5249.7,7468.9,7467.1,7468.0,6144.5,6145.5,6146.2,1869.8,1868.2,1868.5,3703.3,3703.7,3703.9,2591.7,2591.6,2591.4,2909.3,2909.4,2909.8,27.450001,28.100000,going to home base
2024-04-12T23:40:24Z,2390.1,2389.7,2389.9,2646.1,2645.9,2646.6,5712.3,5711.4,5712.0,2350.1,2350.1,2350.7,3522.8,3523.3,3522.1,4445.9,4445.6,4445.4,6191.5,6191.5,6192.8,8675.8,8676.1,8674.6,5248.4,5248.6,5250.0,7469.3,7468.2,7468.5,6147.7,6147.6,6147.1,1869.5,1868.2,1867.8,3703.0,3702.7,3703.0,2592.2,2591.5,2591.8,2911.9,2911.5,2912.4,27.490000,28.129999,going to home base
2024-04-12T23:40:29Z,2390.7,2390.2,2389.9,2645.6,2645.7,2646.4,5712.4,5711.6,5711.8,2350.3,2350.1,2350.3,3522.8,3521.7,3522.6,4445.8,4445.8,4446.2,6191.7,6190.4,6191.0,8675.9,8675.5,8675.3,5249.7,5249.1,5250.8,7468.8,7469.0,7468.8,6146.3,6146.6,6146.6,1869.2,1867.9,1867.5,3702.3,3702.2,3703.2,2592.8,2592.2,2592.3,2910.7,2910.4,2911.2,27.459999,28.070000,going to home base
2024-04-12T23:40:34Z,2390.2,2389.4,2389.7,2645.2,2645.0,2645.6,5711.8,5711.0,5711.3,2351.2,2350.7,2351.5,3521.8,3520.6,3521.2,4445.5,4445.4,4445.4,6192.5,6191.7,6192.9,8674.3,8674.7,8674.7,5247.9,5247.4,5249.2,7466.3,7465.9,7466.5,6145.2,6146.0,6146.2,1869.6,1868.1,1867.9,3702.2,3702.8,3703.7,2592.6,2591.4,2591.5,2911.4,2910.3,2911.8,27.459999,28.100000,going to home base
2024-04-12T23:40:39Z,2390.1,2389.5,2389.9,2645.8,2646.0,2646.0,5711.7,5711.1,5711.7,2350.2,2349.8,2350.5,3521.7,3521.1,3521.1,4445.0,4445.5,4445.5,6192.5,6192.0,6190.6,8673.7,8676.1,8675.9,5247.9,5248.1,5250.0,7467.8,7469.0,7466.7,6146.6,6146.2,6146.0,1869.5,1868.4,1868.5,3703.2,3702.9,3703.7,2592.5,2592.1,2591.7,2910.3,2909.9,2910.9,27.490000,28.110001,going to home base
2024-04-12T23:40:44Z,2389.7,2389.2,2389.5,2646.1,2645.8,2646.4,5710.7,5710.3,5711.0,2349.9,2349.9,2350.5,3521.8,3521.6,3521.4,4445.1,4444.6,4445.2,6191.9,6193.6,6194.0,8675.2,8675.6,8675.1,5249.2,5249.1,5250.0,7468.2,7468.0,7467.1,6146.1,6146.1,6145.3,1869.1,1867.7,1868.1,3702.7,3702.3,3703.2,2592.0,2591.1,2591.4,2909.9,2909.5,2910.0,27.459999,28.059999,going to home base
2024-04-12T23:40:49Z,2390.4,2389.7,2389.9,2645.1,2645.7,2645.6,5711.0,5710.4,5710.9,2349.8,2349.4,2350.4,3520.8,3520.7,3520.6,4445.5,4445.3,4445.4,6189.3,6189.9,6190.7,8675.6,8675.8,8676.5,5249.3,5248.8,5249.1,7467.4,7465.6,7467.1,6145.0,6144.8,6147.7,1869.4,1868.1,1867.9,3702.3,3702.5,3703.7,2592.2,2591.0,2591.1,2911.7,2910.9,2910.9,27.459999,28.059999,going to home base
2024-04-12T23:40:54Z,2389.8,2389.2,2389.2,2645.9,2645.2,2646.0,5711.3,5711.2,5710.9,2349.5,2349.0,2350.6,3521.4,3521.9,3521.2,4445.3,4445.2,4445.1,6193.8,6192.9,6192.1,8675.7,8674.0,8676.2,5248.8,5249.7,5250.6,7466.7,7467.0,7467.7,6142.2,6141.7,6143.8,1868.7,1867.6,1867.8,3701.5,3701.8,3702.4,2592.4,2591.4,2591.3,2911.6,2911.1,2911.5,27.480000,28.049999,going to home base
2024-04-12T23:40:59Z,2390.4,2389.4,2389.7,2645.4,2645.2,2645.8,5711.0,5710.8,5711.1,2350.1,2350.1,2350.5,3522.2,3521.9,3522.0,4445.3,4445.4,4445.3,6192.0,6191.6,6192.4,8673.7,8673.9,8673.7,5247.3,5246.9,5247.5,7467.8,7468.0,7466.1,6142.0,6143.1,6140.7,1869.6,1868.1,1867.8,3701.9,3701.7,3702.6,2591.6,2591.0,2591.5,2910.1,2910.0,2910.3,27.480000,28.049999,going to home base
2024-04-12T23:41:04Z,2390.4,2389.4,2389.6,2644.8,2645.0,2645.2,5711.4,5710.6,5711.1,2350.5,2350.7,2350.0,3521.1,3520.6,3520.5,4445.3,4444.9,4445.0,6190.1,6187.6,6187.8,8675.2,8673.8,8674.0,5247.5,5247.7,5248.4,7467.5,7466.5,7466.6,6142.7,6144.2,6144.2,1869.6,1868.4,1867.9,3702.3,3702.3,3702.8,2592.8,2591.9,2591.7,2910.9,2910.1,2910.8,27.480000,28.059999,going to home base
2024-04-12T23:41:09Z,2390.4,2389.7,2389.8,2645.2,2645.1,2645.1,5711.3,5711.0,5711.1,2350.5,2350.2,2350.6,3521.6,3521.4,3521.5,4444.8,4444.5,4444.6,6190.2,6190.2,6190.3,8675.1,8674.5,8673.9,5247.7,5247.3,5247.9,7466.8,7467.5,7467.6,6141.2,6142.4,6144.0,1869.4,1868.2,1868.2,3702.3,3701.8,3702.8,2591.9,2591.5,2591.8,2911.5,2911.3,2910.9,27.480000,28.110001,going to home base
2024-04-12T23:41:14Z,2390.2,2389.8,2390.3,2644.7,2644.0,2645.1,5711.2,5710.4,5710.6,2350.4,2350.2,2350.2,3520.8,3520.7,3520.6,4445.3,4444.5,4444.6,6192.1,6191.8,6194.3,8675.7,8675.3,8674.4,5248.0,5246.8,5248.0,7469.2,7469.2,7467.5,6144.4,6143.9,6142.5,1869.6,1868.6,1868.5,3702.0,3702.2,3702.9,2592.7,2591.8,2591.8,2910.2,2910.0,2910.5,27.490000,28.080000,going to home base
2024-04-12T23:41:19Z,2390.1,2390.0,2389.7,2645.3,2645.1,2645.3,5710.8,5710.5,5710.4,2350.8,2350.7,2351.1,3521.5,3521.7,3521.1,4445.1,4444.7,4445.2,6191.8,6192.4,6192.7,8673.9,8672.9,8672.3,5249.0,5247.9,5249.2,7469.2,7467.9,7467.6,6142.3,6142.6,6142.3,1869.7,1868.5,1868.7,3702.3,3702.3,3703.1,2591.7,2590.9,2590.6,2908.9,2908.5,2909.3,27.490000,28.070000,going to home base
2024-04-12T23:41:24Z,2389.9,2389.8,2389.7,2644.2,2643.7,2644.0,5711.1,5711.1,5710.8,2350.5,2350.2,2350.6,3520.1,3519.7,3520.0,4445.0,4444.8,4445.5,6187.1,6189.3,6189.7,8676.0,8675.8,8675.6,5248.8,5247.8,5248.7,7468.1,7467.7,7467.5,6142.2,6142.3,6142.4,1869.3,1867.7,1867.9,3703.3,3702.7,3704.0,2592.0,2591.5,2590.9,2909.8,2909.7,2910.2,27.490000,28.070000,going to home base
2024-04-12T23:41:29Z,2390.2,2389.8,2389.8,2644.5,2644.4,2644.7,5711.5,5711.0,5711.2,2351.0,2350.1,2350.8,3520.9,3521.0,3520.4,4444.7,4445.6,4445.9,6189.5,6191.0,6190.3,8671.5,8672.0,8673.6,5246.8,5245.4,5247.1,7466.0,7464.7,7464.6,6142.1,6143.2,6143.0,1869.2,1868.0,1867.9,3702.7,3702.1,3702.6,2591.7,2591.4,2591.2,2910.7,2910.2,2909.8,27.459999,28.059999,going to home base
2024-04-12T23:41:34Z,2390.7,2389.9,2390.2,2644.1,2643.7,2644.3,5711.8,5711.3,5711.5,2350.7,2350.8,2351.6,3520.7,3520.4,3520.1,4444.7,4444.7,4445.1,6189.9,6189.6,6190.7,8673.0,8672.7,8673.2,5247.4,5247.3,5247.9,7467.8,7465.5,7465.4,6141.2,6139.8,6141.3,1869.3,1868.1,1867.8,3702.0,3702.5,3703.5,2592.0,2591.6,2591.7,2909.1,2908.0,2908.9,27.459999,28.110001,going to home base
2024-04-12T23:41:39Z,2390.2,2389.4,2389.6,2644.9,2645.0,2645.4,5711.6,5710.8,5710.8,2350.8,2351.0,2350.7,3520.8,3520.2,3520.2,4445.3,4445.0,4445.2,6190.2,6191.0,6190.4,8672.0,8671.8,8672.3,5247.2,5246.8,5247.8,7464.5,7464.3,7465.0,6138.8,6138.8,6140.7,1869.5,1868.2,1868.3,3701.7,3701.9,3702.3,2591.5,2590.8,2590.9,2909.3,2909.4,2910.1,27.450001,28.139999,going to home base
2024-04-12T23:41:44Z,2390.4,2390.0,2390.3,2645.1,2644.8,2644.6,5711.2,5710.6,5710.8,2350.7,2350.9,2351.5,3521.3,3520.1,3520.9,4445.5,4445.1,4445.3,6189.8,6189.6,6189.8,8672.7,8673.3,8675.1,5248.1,5247.4,5248.8,7465.2,7465.5,7464.2,6144.3,6146.1,6145.8,1869.6,1867.8,1867.8,3702.1,3702.2,3702.6,2591.8,2590.7,2591.2,2909.3,2909.4,2909.3,27.480000,28.049999,going to home base
2024-04-12T23:41:49Z,2389.7,2388.9,2389.8,2644.3,2644.1,2644.1,5711.3,5711.0,5710.9,2350.4,2350.6,2350.3,3521.0,3520.7,3520.8,4445.4,4444.7,4444.7,6191.6,6190.1,6191.6,8675.4,8673.5,8674.4,5246.7,5247.1,5248.0,7464.8,7464.0,7464.8,6142.2,6139.6,6141.5,1869.5,1867.8,1867.7,3701.8,3702.0,3702.0,2591.7,2591.1,2591.0,2907.6,2907.0,2907.9,27.490000,28.170000,going to home base
2024-04-12T23:41:54Z,2390.1,2389.7,2390.1,2644.3,2644.6,2644.8,5711.2,5710.7,5710.8,2350.8,2351.1,2351.4,3520.6,3520.8,3520.4,4444.9,4444.2,4444.3,6191.1,6191.3,6192.1,8672.1,8672.1,8672.5,5248.2,5247.7,5248.4,7466.3,7465.1,7464.9,6143.0,6140.8,6142.3,1869.5,1868.4,1867.9,3701.4,3701.5,3702.5,2592.1,2591.7,2591.8,2907.6,2908.0,2908.2,27.480000,28.139999,going to home base
2024-04-12T23:41:59Z,2390.8,2390.1,2390.1,2644.7,2644.4,2644.7,5711.3,5710.6,5710.6,2350.6,2350.6,2351.5,3521.0,3520.0,3520.5,4444.7,4445.1,4445.4,6192.1,6191.4,6192.4,8673.9,8674.9,8674.1,5248.7,5246.8,5248.5,7465.6,7465.1,7465.0,6141.4,6140.6,6142.2,1869.4,1868.3,1868.0,3701.7,3701.7,3702.5,2591.7,2591.1,2591.2,2910.8,2909.7,2910.6,27.480000,28.090000,going to home base
2024-04-12T23:42:04Z,2390.3,2390.0,2389.8,2645.5,2645.4,2645.5,5711.3,5711.1,5711.3,2350.1,2350.3,2350.7,3520.0,3520.0,3519.7,4444.6,4444.9,4444.8,6189.0,6189.2,6189.7,8674.7,8673.9,8673.9,5248.3,5248.5,5249.5,7467.0,7465.5,7465.6,6143.4,6142.7,6143.7,1869.2,1868.0,1867.6,3701.7,3701.8,3702.5,2591.9,2591.2,2590.9,2909.8,2908.7,2910.1,27.459999,28.150000,going to home base
2024-04-12T23:42:09Z,2390.3,2389.3,2389.4,2644.9,2644.5,2644.8,5711.4,5711.0,5711.1,2349.8,2350.1,2350.7,3521.2,3520.8,3520.3,4445.1,4445.1,4444.8,6190.7,6189.5,6190.5,8673.4,8675.2,8674.5,5248.8,5248.1,5248.8,7464.5,7464.7,7465.5,6142.8,6143.1,6143.3,1869.2,1867.6,1867.7,3702.0,3702.2,3703.1,2591.8,2591.5,2591.8,2910.5,2910.3,2910.5,27.480000,28.070000,going to home base
2024-04-12T23:42:14Z,2390.4,2389.8,2390.1,2645.2,2644.9,2645.6,5711.4,5710.7,5710.8,2349.2,2349.3,2350.1,3521.1,3520.8,3520.4,4445.0,4444.9,4444.8,6194.4,6193.5,6193.5,8673.4,8671.7,8673.6,5249.3,5249.0,5249.7,7464.7,7464.3,7464.0,6144.5,6143.5,6142.8,1869.8,1868.7,1868.4,3701.7,3701.6,3702.7,2591.3,2590.9,2590.6,2909.9,2909.6,2909.1,27.459999,28.110001,going to home base
2024-04-12T23:42:19Z,2390.5,2389.7,2389.8,2645.1,2645.0,2645.3,5711.2,5710.0,5710.6,2350.3,2350.4,2351.0,3521.4,3520.8,3520.4,4444.9,4444.1,4444.5,6192.9,6192.5,6192.9,8675.5,8673.9,8675.4,5248.4,5248.4,5250.2,7464.6,7464.9,7465.1,6139.7,6141.2,6141.8,1869.7,1868.2,1868.2,3701.0,3701.3,3702.1,2591.7,2591.4,2590.6,2909.0,2908.4,2909.4,27.459999,28.080000,going to home base
2024-04-12T23:42:24Z,2389.9,2389.5,2389.3,2645.7,2645.4,2645.4,5710.8,5709.9,5710.2,2350.2,2351.0,2350.8,3521.3,3521.1,3520.5,4444.5,4444.3,4444.5,6193.7,6193.1,6193.8,8672.1,8672.8,8672.9,5248.8,5248.8,5249.1,7465.1,7463.5,7464.1,6143.1,6140.5,6142.7,1869.6,1868.5,1868.1,3701.7,3701.7,3702.8,2592.2,2590.9,2591.0,2909.3,2909.0,2909.5,27.459999,28.040001,going to home base
2024-04-12T23:42:29Z,2389.9,2389.4,2389.8,2645.3,2645.5,2645.5,5710.1,5709.9,5710.0,2350.0,2349.9,2350.1,3521.4,3520.2,3521.1,4444.9,4445.2,4444.9,6189.9,6189.0,6188.5,8677.5,8675.5,8675.3,5249.0,5249.1,5250.2,7464.0,7464.8,7463.1,6143.7,6143.0,6143.7,1869.6,1868.1,1868.5,3702.3,3701.8,3702.2,2590.8,2590.7,2590.6,2908.7,2908.0,2908.8,27.490000,28.049999,going to home base
2024-04-12T23:42:34Z,2389.8,2389.2,2389.5,2644.6,2644.2,2645.4,5710.0,5709.9,5709.7,2349.6,2349.8,2350.4,3520.7,3520.3,3520.6,4444.0,4444.3,4444.2,6190.9,6191.3,6190.3,8674.0,8676.4,8674.7,5250.0,5249.8,5249.5,7465.3,7465.3,7467.3,6142.3,6142.2,6143.3,1870.0,1868.3,1868.0,3701.1,3701.3,3702.3,2591.7,2591.1,2590.8,2907.9,2907.5,2906.9,27.510000,28.040001,going to home base
2024-04-12T23:42:39Z,2389.7,2389.1,2389.0,2645.1,2644.9,2645.2,5710.1,5709.5,5709.4,2350.7,2350.5,2350.4,3520.0,3519.7,3520.3,4444.1,4443.9,4443.9,6189.9,6188.9,6188.2,8674.7,8673.0,8674.5,5248.9,5248.3,5248.8,7466.3,7464.4,7464.8,6143.3,6142.0,6141.1,1869.7,1868.3,1868.2,3701.5,3701.3,3702.5,2591.7,2590.1,2590.4,2907.6,2907.5,2908.2,27.480000,28.080000,going to home base
2024-04-12T23:42:44Z,2389.7,2389.2,2389.3,2645.2,2644.7,2644.8,5709.5,5709.3,5709.1,2350.2,2350.4,2350.6,3521.4,3520.2,3520.5,4444.0,4443.9,4444.5,6190.3,6190.3,6189.6,8676.6,8675.2,8674.8,5248.2,5247.8,5248.3,7466.1,7464.1,7463.5,6142.3,6142.4,6143.6,1869.3,1868.1,1868.0,3700.8,3700.7,3701.7,2592.0,2590.8,2590.5,2909.1,2908.8,2909.5,27.490000,28.059999,going to home base
2024-04-12T23:42:49Z,2389.6,2389.1,2389.5,2645.8,2645.7,2646.0,5709.7,5709.4,5709.2,2350.0,2350.2,2351.0,3521.3,3521.0,3520.6,4444.0,4444.0,4444.5,6190.3,6190.8,6190.1,8675.0,8675.4,8675.9,5249.5,5249.2,5250.0,7467.7,7467.4,7466.6,6140.7,6141.7,6143.0,1869.7,1868.1,1868.0,3701.3,3700.9,3701.5,2590.9,2590.6,2590.8,2909.0,2908.3,2908.9,27.450001,28.080000,going to home base
2024-04-12T23:42:54Z,2390.5,2389.4,2389.7,2645.4,2645.5,2646.2,5709.8,5709.2,5709.5,2350.2,2349.9,2350.4,3521.3,3521.1,3520.8,4444.5,4444.3,4443.9,6189.6,6189.4,6189.0,8674.7,8675.1,8674.6,5248.4,5248.6,5249.0,7465.8,7465.7,7465.8,6142.5,6142.1,6141.8,1869.1,1867.5,1867.7,3702.0,3701.5,3702.8,2590.9,2589.7,2590.8,2909.0,2908.7,2908.5,27.480000,28.080000,going to home base
2024-04-12T23:42:59Z,2390.2,2389.5,2389.6,2645.0,2644.7,2644.9,5709.4,5708.8,5709.3,2350.4,2350.3,2351.0,3521.2,3520.4,3520.7,4443.9,4444.0,4444.4,6190.7,6188.5,6189.9,8675.9,8677.3,8677.0,5247.7,5246.8,5246.5,7466.2,7465.7,7466.2,6143.5,6142.8,6142.9,1868.7,1867.8,1867.5,3701.3,3701.1,3702.2,2591.2,2590.0,2590.4,2909.6,2909.3,2908.5,27.480000,28.100000,going to home base
2024-04-12T23:43:04Z,2389.8,2388.6,2389.1,2645.0,2645.1,2645.5,5709.1,5708.7,5709.3,2350.2,2350.3,2350.5,3521.3,3520.5,3521.4,4443.6,4443.5,4443.1,6187.0,6188.0,6189.4,8673.1,8674.3,8674.5,5247.4,5247.6,5248.9,7464.7,7463.5,7464.2,6144.2,6143.8,6145.4,1869.5,1867.9,1868.0,3702.0,3702.2,3702.8,2591.3,2590.8,2590.8,2908.6,2908.3,2908.5,27.490000,28.010000,going to home base
2024-04-12T23:43:09Z,2389.7,2388.8,2388.9,2646.1,2645.3,2645.9,5709.8,5709.4,5709.4,2350.2,2349.8,2350.5,3522.0,3521.3,3521.3,4444.3,4444.1,4443.7,6190.7,6190.7,6191.8,8674.5,8674.8,8675.5,5248.2,5247.1,5248.2,7465.0,7463.7,7464.1,6141.8,6142.6,6141.4,1869.3,1868.1,1868.0,3701.5,3701.6,3702.7,2591.6,2591.0,2590.8,2907.5,2907.3,2908.3,27.490000,28.070000,going to home base
2024-04-12T23:43:14Z,2389.7,2389.1,2389.0,2644.9,2644.6,2644.8,5708.7,5708.6,5708.6,2350.2,2350.7,2350.8,3521.4,3520.6,3520.3,4443.7,4443.7,4443.9,6186.6,6188.2,6187.6,8675.7,8673.6,8675.0,5247.3,5246.8,5248.7,7464.7,7463.2,7464.5,6140.7,6141.6,6142.7,1869.5,1868.1,1867.8,3700.8,3701.9,3702.2,2590.9,2589.8,2590.7,2911.6,2910.3,2910.5,27.480000,28.000000,going to home base
2024-04-12T23:43:19Z,2390.0,2389.0,2389.5,2645.0,2644.6,2645.5,5709.3,5708.7,5708.8,2349.8,2350.4,2351.5,3521.4,3520.5,3520.8,4443.8,4443.6,4443.6,6190.3,6189.0,6189.5,8674.9,8673.8,8675.8,5247.6,5247.5,5248.5,7465.7,7463.0,7463.1,6143.3,6143.4,6143.0,1869.1,1867.5,1867.5,3701.4,3701.1,3701.8,2591.0,2590.0,2589.8,2909.4,2908.7,2908.4,27.480000,28.070000,going to home base
2024-04-12T23:43:24Z,2390.0,2389.2,2389.4,2644.6,2644.6,2644.3,5709.4,5709.3,5709.0,2350.5,2350.9,2351.2,3520.8,3520.9,3520.2,4443.9,4443.9,4443.8,6192.0,6192.0,6192.5,8675.8,8676.3,8676.1,5247.0,5248.1,5247.7,7464.9,7465.5,7465.2,6138.7,6139.2,6139.9,1868.9,1867.6,1867.3,3701.4,3701.4,3702.3,2590.7,2589.4,2589.5,2908.7,2909.2,2909.1,27.490000,28.049999,going to home base
2024-04-12T23:43:29Z,2390.2,2389.3,2389.9,2644.6,2644.3,2644.7,5709.6,5708.9,5708.8,2349.7,2349.2,2350.1,3520.4,3520.3,3519.6,4444.0,4443.6,4443.7,6189.4,6189.3,6189.6,8675.3,8673.3,8674.9,5248.0,5248.2,5248.2,7463.3,7462.6,7460.9,6140.8,6138.4,6140.9,1869.1,1867.4,1867.7,3701.1,3701.0,3701.8,2590.9,2590.0,2589.8,2908.9,2908.9,2909.0,27.490000,28.070000,going to home base
2024-04-12T23:43:34Z,2389.2,2388.6,2388.6,2644.8,2644.8,2645.8,5709.3,5709.2,5709.4,2350.6,2350.2,2350.7,3520.5,3519.8,3519.8,4443.7,4443.8,4443.8,6189.5,6190.0,6189.4,8675.5,8674.7,8672.9,5248.4,5247.7,5247.8,7464.6,7463.4,7465.3,6141.4,6140.8,6141.3,1868.8,1867.6,1867.3,3700.8,3701.2,3702.1,2590.8,2590.8,2590.4,2908.5,2908.2,2908.6,27.480000,28.100000,going to home base
2024-04-12T23:43:39Z,2389.9,2389.2,2389.4,2645.3,2644.7,2645.2,5709.1,5709.1,5709.3,2350.1,2350.4,2350.7,3520.9,3519.6,3520.0,4443.6,4443.7,4443.8,6189.5,6189.2,6189.1,8674.2,8673.0,8674.1,5246.8,5247.3,5247.7,7463.5,7463.8,7464.3,6140.8,6142.5,6144.1,1869.4,1867.9,1867.8,3700.8,3701.1,3701.6,2590.5,2589.7,2589.8,2909.7,2908.6,2909.3,27.490000,28.139999,going to home base
2024-04-12T23:43:44Z,2389.8,2389.5,2389.5,2644.4,2644.5,2644.8,5709.8,5709.5,5709.5,2350.4,2350.3,2350.6,3521.5,3519.9,3520.0,4443.7,4443.2,4443.4,6184.8,6184.8,6185.6,8676.0,8675.4,8676.5,5248.0,5247.6,5249.0,7463.5,7463.6,7464.7,6137.4,6136.4,6136.6,1869.2,1867.7,1867.5,3701.0,3701.2,3702.2,2591.1,2589.9,2589.9,2907.7,2907.6,2907.8,27.480000,28.110001,going to home base
2024-04-12T23:43:54Z,2390.2,2389.6,2389.6,2644.7,2645.1,2645.2,5710.1,5709.6,5709.9,2349.8,2350.3,2350.4,2389.5,2389.6,2645.5,2645.7,2645.6,5710.2,5709.7,5710.0,2350.2,88582.5,88565.9,14357.4,14351.0,14357.3,3520.6,3520.2,3520.2,4443.6,4443.6,4443.8,6189.7,34203.1,34199.1,8674.7,8674.3,8674.1,5248.1,5247.7,5248.3,7462.9,7461.9,7463.3,6139.7,44456.7,44454.2,going to home base
2024-04-12T23:44:04Z,2390.2,2389.7,2390.0,2645.7,2645.5,2645.9,5711.1,5710.2,5710.7,2349.2,2349.4,2349.8,3520.1,3520.1,3520.0,4444.1,4444.3,4443.6,6190.5,6189.8,6190.7,8674.5,8673.7,8673.0,5248.0,5248.2,5248.9,7462.8,7460.4,7460.8,6137.8,6136.7,6138.7,1868.9,1867.4,1867.7,3700.5,3701.0,3701.3,2592.0,2590.2,2590.9,2910.9,2910.3,2910.9,27.459999,28.110001,going to home base
2024-04-12T23:44:09Z,2390.1,2389.5,2389.9,2645.4,2645.2,2645.9,5710.3,5710.9,5710.4,2350.2,2350.1,2350.2,3520.1,3520.3,3520.3,4443.7,4443.6,4443.9,6190.8,6189.8,6190.4,8673.4,8672.6,8673.4,5247.1,5247.0,5247.9,7463.7,7463.1,7461.6,6139.9,6139.7,6140.3,1869.6,1868.2,1867.8,3700.9,3701.2,3702.3,2591.0,2590.3,2590.4,2911.1,2910.7,2911.2,27.490000,28.070000,going to home base
2024-04-12T23:44:14Z,2389.7,2389.4,2389.1,2645.0,2645.2,2645.2,5710.4,5710.1,5710.4,2349.6,2350.0,2350.4,3520.3,3520.3,3520.7,4443.5,4442.8,4443.4,6186.9,6187.9,6188.4,8674.3,8673.9,8674.1,5248.4,5248.1,5247.9,7465.4,7463.9,7464.5,6140.9,6142.4,6142.4,1868.8,1867.3,1867.2,3701.3,3701.1,3702.8,2591.0,2590.4,2590.2,2910.1,2909.1,2910.0,27.459999,28.129999,going to home base
2024-04-12T23:44:19Z,2389.9,2389.1,2389.5,2644.7,2644.3,2645.0,5710.3,5710.0,5710.4,2349.8,2349.9,2350.3,3520.9,3520.1,3519.8,4444.6,4444.1,4444.2,6186.0,6186.7,6187.2,8672.1,8670.7,8671.0,5248.2,5247.4,5248.1,7466.2,7464.7,7464.4,6139.9,6141.1,6140.4,1869.2,1868.2,1868.2,3701.5,3702.0,3702.7,2590.5,2590.1,2590.3,2910.8,2910.7,2910.5,27.490000,28.150000,going to home base
2024-04-12T23:44:24Z,2389.5,2389.5,2389.5,2644.6,2644.7,2645.3,5710.7,5710.7,5710.8,2349.0,2348.8,2349.9,3520.7,3519.7,3519.3,4444.3,4444.0,4443.8,6188.6,6186.6,6189.2,8674.8,8673.3,8674.7,5248.2,5248.6,5249.5,7464.0,7463.2,7464.7,6141.9,6140.7,6141.0,1869.8,1868.3,1868.2,3702.0,3701.6,3702.4,2590.5,2589.4,2589.8,2909.6,2910.0,2909.0,27.459999,28.150000,going to home base
2024-04-12T23:44:29Z,2389.1,2388.5,2388.5,2645.0,2645.1,2645.2,5711.0,5710.6,5710.8,2349.2,2349.0,2349.3,3520.6,3520.4,3520.0,4444.0,4443.3,4444.2,6190.5,6189.9,6190.7,8672.7,8672.6,8672.9,5248.3,5248.4,5249.1,7466.1,7466.3,7464.7,6140.3,6139.3,6139.5,1869.6,1868.0,1868.0,3701.4,3701.8,3702.7,2590.6,2590.0,2589.9,2910.0,2908.7,2909.7,27.480000,28.100000,going to home base
2024-04-12T23:44:34Z,2389.4,2388.9,2388.6,2644.8,2644.8,2645.2,5711.3,5711.6,5712.4,2349.7,2350.1,2350.2,3521.1,3521.3,3520.7,4444.2,4444.1,4443.8,6190.8,6190.2,6189.1,8675.4,8674.9,8675.0,5247.5,5247.8,5248.1,7463.7,7464.4,7465.3,6143.1,6140.6,6140.7,1869.2,1867.7,1867.6,3701.2,3701.7,3702.5,2590.7,2589.9,2589.6,2910.4,2908.9,2909.9,27.480000,28.120001,going to home base
2024-04-12T23:44:39Z,2389.4,2388.8,2389.2,2645.8,2645.2,2645.7,5710.6,5710.3,5710.7,2349.8,2349.6,2350.1,3519.9,3519.4,3519.9,4444.4,4444.6,4444.5,6190.9,6189.4,6189.2,8673.8,8673.0,8673.7,5249.3,5248.7,5250.2,7467.3,7467.1,7466.7,6144.3,6143.4,6143.8,1869.2,1867.6,1867.6,3701.7,3701.7,3702.3,2590.6,2589.8,2590.0,2909.1,2908.1,2908.7,27.480000,28.120001,going to home base
2024-04-12T23:44:44Z,2389.7,2389.1,2389.5,2644.7,2644.9,2645.4,5711.4,5710.9,5711.1,2349.7,2348.8,2349.3,3520.6,3519.8,3520.5,4443.7,4443.8,4443.9,6192.2,6190.7,6190.0,8672.8,8673.6,8674.8,5248.9,5247.1,5248.9,7466.6,7467.4,7465.8,6144.7,6143.8,6144.0,1869.5,1868.0,1868.0,3701.6,3700.9,3702.2,2590.4,2589.1,2589.5,2910.1,2909.4,2909.8,27.480000,28.080000,going to home base
2024-04-12T23:44:49Z,2389.7,2389.2,2388.9,2644.6,2644.8,2645.1,5710.8,5710.4,5710.7,2348.9,2348.6,2349.2,3521.1,3520.5,3519.8,4444.2,4443.8,4443.6,6191.4,6191.1,6191.2,8673.1,8673.2,8674.4,5248.7,5247.3,5249.0,7466.8,7466.8,7466.1,6143.3,6143.6,6142.9,1869.5,1868.0,1868.4,3701.7,3701.6,3703.0,2591.0,2590.6,2590.2,2911.0,2910.9,2910.4,27.490000,28.129999,going to home base
2024-04-12T23:44:54Z,2389.7,2389.0,2389.5,2644.9,2644.5,2645.2,5711.1,5711.2,5709.9,2349.1,2348.8,2349.4,3521.1,3520.0,3520.3,4444.0,4443.5,4443.6,6191.5,6192.3,6191.0,8674.3,8673.8,8674.6,5247.3,5247.2,5248.5,7467.8,7467.3,7465.3,6143.7,6145.7,6144.5,1869.6,1868.3,1868.1,3702.2,3701.9,3702.5,2590.8,2589.6,2590.1,2910.3,2910.0,2910.5,27.480000,28.080000,going to home base
2024-04-12T23:44:59Z,2389.4,2388.4,2388.4,2645.2,2645.5,2645.8,5710.8,5710.3,5711.0,2349.2,2348.9,2349.7,3520.7,3520.5,3520.4,4443.8,4443.4,4443.6,6192.6,6192.3,6193.5,8673.7,8672.1,8674.6,5247.3,5246.9,5247.0,7466.5,7467.0,7465.9,6142.7,6142.2,6141.5,1869.4,1867.7,1868.1,3701.3,3701.1,3702.0,2590.3,2589.7,2590.2,2910.4,2910.5,2911.3,27.490000,28.080000,going to home base
2024-04-12T23:45:04Z,2389.3,2388.7,2389.0,2644.4,2644.3,2644.9,5710.4,5710.3,5710.2,2349.2,2348.9,2349.4,3520.8,3520.8,3520.3,4443.9,4444.0,4444.0,6189.0,6190.5,6191.4,8672.9,8671.7,8673.5,5248.8,5248.6,5249.5,7465.5,7463.6,7464.3,6141.2,6140.4,6142.0,1869.2,1867.8,1867.6,3700.7,3700.7,3701.4,2590.4,2590.0,2589.8,2909.8,2908.8,2910.0,27.480000,28.129999,going to home base
2024-04-12T23:45:09Z,2389.6,2388.8,2389.0,2645.3,2644.5,2645.4,5709.3,5709.1,5709.3,2349.7,2350.0,2350.0,3520.3,3520.5,3521.1,4444.0,4443.9,4444.0,6194.1,6194.0,6194.0,8673.2,8673.8,8671.6,5248.5,5248.5,5249.2,7466.9,7465.4,7465.9,6141.1,6140.2,6140.4,1869.4,1868.3,1868.2,3701.3,3700.8,3701.3,2590.9,2590.1,2590.0,2909.2,2908.8,2909.3,27.480000,28.080000,going to home base
2024-04-12T23:45:14Z,2389.2,2388.9,2389.1,2644.2,2644.5,2645.0,5710.5,5710.0,5710.0,2349.9,2349.6,2350.3,3520.5,3520.7,3520.4,4444.2,4444.0,4444.0,6189.8,6189.6,6190.8,8673.9,8673.2,8674.0,5250.3,5249.2,5250.2,7464.8,7465.2,7464.5,6143.0,6141.6,6141.4,1869.4,1868.0,1868.2,3700.9,3700.9,3701.8,2591.1,2590.5,2590.4,2910.4,2909.7,2909.9,27.490000,28.059999,going to home base
2024-04-12T23:45:19Z,2388.8,2388.2,2388.7,2645.0,2644.6,2644.9,5709.4,5708.9,5708.9,2348.9,2349.2,2350.2,3520.3,3520.3,3521.1,4444.0,4444.1,4444.1,6189.5,6191.0,6190.5,8673.7,8673.2,8671.7,5249.2,5249.1,5249.1,7466.9,7465.9,7466.5,6141.0,6141.6,6141.4,1869.1,1868.2,1867.9,3700.0,3700.2,3701.8,2591.1,2589.7,2590.4,2910.6,2909.7,2910.1,27.480000,28.049999,going to home base
2024-04-12T23:45:24Z,2388.7,2388.6,2388.5,2645.8,2645.0,2645.4,5709.3,5709.0,5709.5,2350.1,2349.9,2350.1,3521.3,3520.6,3520.8,4444.6,4444.5,4444.4,6190.2,6190.9,6192.5,8673.6,8672.9,8673.0,5249.0,5248.5,5249.5,7466.3,7465.8,7467.1,6141.5,6141.6,6144.0,1869.3,1867.5,1867.5,3701.4,3701.2,3702.2,2590.5,2589.7,2589.7,2910.3,2909.6,2909.0,27.490000,28.080000,going to home base
2024-04-12T23:45:29Z,2389.3,2388.8,2388.8,2644.8,2644.7,2645.3,5710.0,5709.8,5709.6,2349.5,2349.2,2350.0,3520.7,3520.1,3520.1,4444.8,4444.5,4444.9,6190.4,6188.7,6190.9,8674.7,8674.4,8674.0,5250.6,5250.0,5250.1,7467.4,7468.2,7467.5,6143.0,6143.3,6143.4,1869.4,1867.9,1867.6,3701.0,3700.7,3701.7,2590.2,2589.6,2589.7,2910.2,2909.7,2910.4,27.450001,28.080000,going to home base
2024-04-12T23:45:34Z,2388.7,2387.9,2388.0,2644.6,2644.9,2644.8,5709.5,5709.5,5709.7,2349.4,2349.0,2349.6,3521.4,3520.8,3520.8,4444.8,4444.4,4444.4,6187.4,6189.0,6191.0,8673.8,8672.9,8673.2,5248.9,5247.2,5248.5,7465.9,7465.6,7467.1,6142.1,6142.2,6143.1,1869.4,1868.0,1867.8,3700.9,3701.1,3702.0,2590.7,2590.3,2590.2,2910.7,2909.8,2909.3,27.480000,28.070000,going to home base
2024-04-12T23:45:39Z,2389.2,2388.6,2388.8,2644.3,2643.9,2644.8,5709.8,5709.1,5709.1,2349.9,2349.6,2350.4,3521.8,3521.0,3521.4,4444.2,4444.0,4444.1,6188.1,6188.6,6187.0,8674.1,8673.3,8671.2,5247.6,5248.4,5249.6,7463.7,7465.9,7464.6,6142.6,6144.2,6144.0,1869.3,1867.7,1867.6,3701.9,3701.7,3701.9,2590.4,2589.5,2589.7,2910.6,2910.2,2910.5,27.459999,28.110001,going to home base
2024-04-12T23:45:44Z,2389.0,2388.2,2388.7,2644.2,2644.1,2644.5,5709.9,5709.6,5709.9,2349.6,2349.5,2350.3,3520.4,3519.8,3519.8,4444.4,4444.0,4443.6,6191.5,6188.8,6188.1,8671.8,8670.7,8671.7,5249.3,5248.7,5249.1,7465.3,7465.9,7465.1,6141.1,6140.4,6141.9,1868.6,1867.7,1867.4,3701.3,3701.0,3701.9,2590.5,2589.8,2590.3,2911.5,2910.9,2911.3,27.480000,28.110001,going to home base
2024-04-12T23:45:49Z,2388.9,2388.5,2388.7,2644.7,2644.1,2644.9,5710.2,5709.6,5709.6,2349.4,2349.2,2349.2,3520.6,3519.8,3520.2,4443.5,4443.8,4443.2,6188.9,6189.4,6189.8,8670.6,8671.0,8671.5,5249.1,5249.3,5249.4,7465.3,7465.2,7463.5,6144.7,6143.3,6144.4,1869.4,1868.0,1867.9,3700.7,3700.5,3701.7,2590.4,2589.1,2589.4,2909.6,2909.7,2909.5,27.480000,28.080000,going to home base
2024-04-12T23:45:54Z,2389.9,2389.0,2389.0,2644.1,2644.4,2644.8,5710.3,5710.2,5710.4,2349.2,2349.6,2350.2,3520.2,3520.2,3520.3,4443.7,4443.8,4444.0,6186.4,6185.5,6186.4,8673.1,8673.9,8675.1,5249.4,5248.2,5248.6,7466.1,7464.3,7465.2,6142.1,6143.1,6144.0,1869.4,1868.1,1868.1,3702.4,3701.8,3702.8,2590.1,2589.5,2589.4,2910.3,2909.7,2910.3,27.450001,28.110001,going to home base
2024-04-12T23:45:59Z,2389.1,2388.5,2388.9,2644.8,2644.6,2645.1,5710.0,5709.8,5710.0,2348.7,2348.4,2348.9,3520.4,3519.9,3520.4,4443.8,4443.6,4443.9,6186.6,6187.7,6187.8,8675.2,8672.2,8674.3,5248.4,5248.3,5248.1,7465.9,7465.3,7465.5,6140.6,6140.9,6140.1,1869.3,1867.7,1867.3,3700.9,3701.1,3701.8,2590.1,2589.8,2590.2,2909.9,2909.1,2909.0,27.459999,28.139999,going to home base
2024-04-12T23:46:04Z,2389.1,2388.4,2388.7,2644.5,2644.5,2644.7,5710.4,5709.4,5709.7,2349.2,2349.4,2349.9,3520.4,3520.1,3520.4,4444.3,4444.4,4444.4,6185.9,6185.8,6187.7,8673.5,8671.4,8672.1,5248.4,5247.7,5248.4,7466.0,7465.1,7464.4,6142.4,6141.0,6141.3,1868.8,1867.3,1867.4,3700.3,3700.6,3701.3,2589.8,2589.3,2589.5,2910.7,2909.6,2909.6,27.480000,28.070000,going to home base
2024-04-12T23:46:09Z,2389.0,2388.2,2388.7,2644.6,2644.4,2644.7,5710.0,5709.6,5710.0,2349.6,2349.4,2350.0,3520.6,3520.5,3520.5,4443.8,4443.8,4444.0,6186.8,6186.3,6186.8,8673.3,8672.7,8674.2,5248.1,5248.8,5248.9,7464.5,7464.6,7465.4,6142.0,6140.5,6142.8,1869.0,1867.9,1867.5,3700.1,3700.3,3700.5,2589.8,2588.5,2588.5,2910.8,2910.5,2910.1,27.459999,28.070000,going to home base
2024-04-12T23:46:14Z,2388.8,2388.1,2388.3,2644.2,2643.6,2643.9,5710.2,5709.8,5709.9,2349.8,2349.6,2349.9,3520.8,3520.7,3520.5,4443.9,4443.9,4444.0,6190.2,6188.0,6190.6,8672.4,8671.7,8673.4,5249.1,5247.7,5249.4,7466.4,7465.0,7466.4,6141.1,6141.8,6141.6,1869.1,1868.0,1867.6,3700.6,3700.7,3701.7,2590.6,2589.9,2589.8,2909.6,2909.3,2910.0,27.459999,28.110001,going to home base
2024-04-12T23:46:19Z,2389.1,2388.6,2388.6,2644.8,2645.2,2645.7,5710.5,5710.2,5710.6,2350.1,2350.1,2350.5,3519.9,3519.1,3519.1,4444.8,4444.4,4444.2,6187.8,6186.7,6186.8,8674.1,8673.8,8673.0,5247.6,5246.7,5247.8,7464.9,7464.0,7465.1,6142.7,6143.9,6144.3,1868.6,1867.3,1867.5,3700.9,3700.1,3701.6,2589.5,2588.6,2589.8,2909.4,2909.0,2908.5,27.459999,28.120001,going to home base
2024-04-12T23:46:24Z,2388.8,2388.2,2388.2,2644.6,2644.2,2644.8,5710.4,5710.3,5710.3,2349.9,2349.7,2350.1,3520.9,3519.8,3519.3,4443.7,4443.9,4443.9,6187.5,6186.2,6186.5,8673.2,8673.6,8672.4,5247.4,5248.5,5248.9,7465.0,7463.8,7463.8,6141.5,6142.0,6143.0,1868.8,1867.5,1867.6,3700.3,3700.5,3701.5,2589.9,2589.5,2589.5,2908.0,2907.2,2908.5,27.490000,28.080000,going to home base
2024-04-12T23:46:29Z,2388.8,2388.2,2388.7,2644.3,2644.7,2644.8,5709.9,5709.5,5709.9,2349.8,2350.1,2350.6,3519.7,3519.6,3519.8,4444.2,4445.0,4444.5,6185.3,6184.9,6185.9,8673.6,8672.3,8674.4,5247.7,5248.1,5249.7,7464.7,7464.0,7463.3,6143.9,6142.5,6142.8,1868.5,1867.2,1867.2,3701.5,3701.2,3702.6,2590.1,2589.4,2589.5,2908.9,2909.2,2909.0,27.480000,28.100000,going to home base
2024-04-12T23:46:34Z,2388.9,2388.4,2388.8,2645.1,2645.1,2645.3,5709.6,5709.6,5709.5,2348.9,2349.6,2349.3,3520.7,3520.9,3520.8,4444.6,4444.2,4444.1,6190.2,6189.4,6187.9,8671.9,8670.5,8672.9,5247.0,5246.5,5247.1,7464.6,7464.4,7465.0,6142.4,6142.1,6142.3,1868.6,1867.5,1867.3,3700.5,3700.9,3701.5,2589.8,2589.1,2588.7,2908.8,2908.1,2908.7,27.480000,28.059999,going to home base
2024-04-12T23:46:39Z,2388.6,2387.8,2388.2,2644.3,2644.4,2645.2,5710.0,5709.2,5709.8,2349.7,2349.9,2350.0,3520.7,3519.8,3519.4,4443.4,4443.0,4443.6,6185.1,6185.1,6186.6,8674.5,8674.1,8672.0,5246.8,5246.9,5247.5,7463.1,7462.1,7463.5,6143.7,6141.1,6141.7,1868.9,1867.3,1867.3,3700.5,3700.9,3701.6,2589.6,2589.1,2588.8,2908.7,2907.9,2908.3,27.480000,28.049999,going to home base
2024-04-12T23:46:44Z,2388.6,2387.9,2388.6,2644.9,2644.8,2644.5,5709.5,5709.3,5709.0,2349.7,2349.6,2349.9,3519.2,3519.1,3519.1,4443.5,4443.3,4443.4,6186.9,6187.7,6186.9,8669.8,8672.0,8672.8,5249.1,5249.3,5250.3,7464.5,7463.2,7465.0,6142.5,6143.1,6142.6,1868.8,1867.2,1867.0,3700.9,3701.3,3701.7,2589.9,2588.8,2589.5,2908.8,2909.4,2909.7,27.480000,28.070000,going to home base
2024-04-12T23:46:49Z,2388.8,2388.3,2388.1,2644.8,2644.2,2644.5,5709.6,5709.0,5709.2,2349.7,2349.3,2350.2,3519.9,3519.5,3519.4,4443.0,4443.4,4443.3,6186.9,6186.6,6188.9,8669.2,8670.6,8670.5,5247.0,5247.3,5248.0,7463.9,7461.8,7462.3,6141.6,6141.1,6140.8,1868.4,1867.0,1866.9,3700.6,3700.4,3701.5,2589.4,2588.4,2588.3,2910.5,2909.0,2909.5,27.459999,28.070000,going to home base
2024-04-12T23:46:54Z,2389.0,2387.7,2388.1,2644.4,2643.8,2644.0,5709.8,5709.1,5708.9,2349.5,2349.4,2350.0,3520.3,3519.7,3519.1,4442.7,4442.7,4442.6,6188.1,6189.1,6187.9,8672.6,8673.8,8672.1,5247.6,5246.1,5247.2,7463.7,7461.6,7461.8,6142.9,6143.7,6143.0,1868.9,1867.6,1867.4,3701.4,3701.3,3701.9,2589.5,2588.8,2589.2,2909.9,2909.8,2910.0,27.450001,28.080000,going to home base
2024-04-12T23:46:59Z,2388.6,2387.9,2387.8,2644.1,2643.8,2644.3,5709.8,5709.2,5709.7,2349.2,2349.3,2349.7,3520.7,3520.4,3519.9,4443.3,4443.5,4443.1,6187.7,6188.5,6188.3,8672.5,8673.1,8672.1,5247.4,5246.5,5247.4,7462.9,7462.1,7462.0,6141.0,6142.4,6143.8,1868.4,1867.0,1867.0,3699.9,3700.4,3701.4,2589.1,2588.0,2588.1,2908.6,2908.9,2909.0,27.490000,28.040001,going to home base
2024-04-12T23:47:04Z,2388.2,2387.5,2388.0,2644.2,2644.2,2644.7,5709.3,5709.2,5709.1,2349.3,2348.9,2349.3,3520.2,3519.9,3519.1,4443.9,4443.6,4443.6,6185.6,6186.0,6187.6,8672.6,8672.6,8672.1,5246.9,5247.2,5248.4,7463.4,7462.6,7463.9,6141.5,6143.3,6142.5,1868.4,1867.2,1866.9,3701.2,3701.7,3702.2,2589.9,2589.2,2589.5,2908.7,2908.7,2909.4,27.480000,28.110001,going to home base
2024-04-12T23:47:09Z,2388.7,2387.8,2388.2,2644.2,2644.2,2644.5,5710.0,5709.4,5708.9,2349.5,2349.2,2349.1,3521.0,3520.5,3519.9,4443.9,4443.5,4443.7,6190.3,6187.9,6188.4,8675.3,8674.9,8674.8,5246.6,5246.8,5246.7,7464.4,7464.8,7465.6,6142.9,6143.9,6143.5,1868.0,1867.2,1866.8,3701.4,3702.5,3701.7,2589.6,2588.7,2589.0,2909.2,2908.5,2908.7,27.459999,28.129999,going to home base
2024-04-12T23:47:14Z,2388.5,2387.5,2387.8,2644.1,2644.5,2644.9,5709.9,5709.4,5709.4,2349.9,2350.2,2350.8,3520.1,3519.4,3519.1,4443.6,4443.1,4443.1,6188.6,6187.9,6188.4,8673.5,8674.2,8672.8,5249.4,5248.7,5248.9,7465.5,7464.6,7461.6,6142.3,6142.4,6142.7,1868.2,1866.9,1866.7,3700.2,3700.1,3701.1,2590.2,2589.2,2589.3,2908.9,2908.3,2908.4,27.459999,28.139999,going to home base
2024-04-12T23:47:19Z,2388.4,2387.6,2387.8,2644.3,2644.3,2644.6,5710.3,5709.7,5709.8,2349.5,2349.5,2350.1,3519.9,3519.6,3519.7,4443.5,4443.6,4443.3,6186.9,6187.0,6188.1,8674.6,8674.3,8674.0,5246.7,5247.0,5247.0,7467.0,7468.7,7467.0,6140.1,6142.9,6143.1,1868.9,1867.5,1867.1,3700.2,3700.0,3700.9,2589.9,2589.1,2589.7,2908.2,2908.2,2908.6,27.459999,28.110001,going to home base
2024-04-12T23:47:24Z,2388.0,2387.7,2387.7,2644.2,2643.9,2644.2,5710.5,5710.0,5710.2,2350.7,2350.5,2350.2,3519.3,3519.1,3519.5,4443.0,4443.1,4443.0,6187.2,6186.4,6188.9,8675.1,8674.5,8674.5,5247.1,5247.5,5247.1,7466.3,7466.5,7466.5,6140.5,6139.8,6141.5,1868.7,1867.4,1867.5,3700.2,3699.9,3701.1,2590.1,2589.7,2589.6,2908.0,2907.7,2907.3,27.490000,28.110001,going to home base
2024-04-12T23:47:29Z,2387.9,2387.7,2387.9,2644.2,2644.9,2644.8,5709.9,5709.5,5709.0,2350.1,2350.5,2350.6,3520.5,3520.1,3520.6,4442.7,4443.0,4442.3,6189.4,6187.6,6189.3,8675.1,8674.4,8674.4,5247.2,5245.1,5246.6,7468.2,7467.6,7467.7,6142.5,6141.5,6142.7,1868.9,1867.5,1867.1,3699.9,3700.2,3701.1,2589.8,2588.9,2588.8,2909.1,2909.2,2909.6,27.480000,28.110001,going to home base
2024-04-12T23:47:34Z,2388.4,2387.4,2388.0,2643.8,2643.2,2643.4,5709.7,5709.0,5708.6,2350.2,2350.5,2350.8,3519.9,3519.9,3519.6,4443.2,4443.0,4442.8,6189.9,6189.6,6189.1,8673.7,8673.4,8672.8,5247.9,5247.7,5248.4,7469.3,7465.6,7468.1,6143.2,6141.7,6142.7,1868.8,1867.2,1866.9,3700.7,3700.4,3701.6,2589.5,2589.0,2589.2,2909.6,2908.9,2909.9,27.459999,28.100000,going to home base
2024-04-12T23:47:39Z,2388.4,2387.9,2388.3,2642.9,2643.2,2644.0,5709.5,5709.0,5709.2,2349.4,2348.9,2349.9,3520.3,3519.6,3519.3,4443.3,4443.6,4443.3,6188.8,6189.0,6190.7,8674.8,8673.3,8673.3,5248.1,5248.5,5248.4,7465.5,7464.1,7464.8,6142.9,6142.0,6143.9,1868.7,1867.3,1867.1,3700.5,3700.4,3700.8,2589.0,2588.0,2588.6,2908.4,2908.7,2908.3,27.490000,28.070000,going to home base
2024-04-12T23:47:44Z,2388.6,2388.0,2387.7,2643.9,2643.7,2643.9,5709.5,5708.8,5708.9,2349.2,2349.1,2349.4,3520.3,3519.4,3519.0,4443.0,4443.2,4443.1,6188.7,6189.0,6188.3,8674.6,8673.0,8674.2,5247.7,5247.8,5249.0,7465.6,7464.7,7464.6,6141.8,6141.2,6143.4,1869.0,1867.4,1867.0,3700.5,3700.7,3701.6,2589.6,2588.0,2588.6,2908.5,2907.6,2908.2,27.510000,28.049999,going to home base
2024-04-12T23:47:49Z,2389.2,2388.3,2388.2,2643.6,2643.8,2644.7,5709.3,5708.6,5708.7,2348.9,2348.5,2349.5,3521.0,3519.7,3519.7,4444.0,4442.6,4442.3,6189.4,6188.6,6189.4,8671.2,8670.1,8671.0,5247.5,5246.8,5247.8,7465.6,7465.0,7464.8,6141.6,6140.5,6142.1,1868.6,1867.3,1866.9,3699.6,3700.1,3701.0,2589.6,2588.6,2588.4,2910.4,2910.0,2909.4,27.459999,28.049999,going to home base
2024-04-12T23:47:54Z,2388.9,2387.8,2388.0,2643.7,2643.2,2643.8,5708.3,5707.7,5707.2,2349.1,2349.4,2349.6,3520.1,3519.8,3520.0,4443.3,4442.9,4443.3,6190.1,6190.6,6190.1,8674.5,8674.2,8674.5,5246.1,5246.9,5246.6,7465.6,7464.0,7464.3,6144.4,6144.0,6143.9,1868.6,1867.4,1867.2,3700.2,3700.6,3700.8,2589.5,2588.2,2588.4,2908.7,2908.9,2908.5,27.459999,28.070000,going to home base
2024-04-12T23:47:59Z,2388.6,2387.9,2388.3,2644.0,2643.8,2644.7,5708.6,5707.8,5708.5,2348.7,2348.5,2349.5,3520.9,3519.4,3520.0,4443.5,4443.1,4442.9,6189.9,6189.6,6190.3,8674.8,8674.5,8672.9,5246.9,5247.2,5247.5,7463.9,7464.8,7466.0,6145.5,6142.5,6143.9,1868.6,1867.1,1867.1,3700.5,3700.6,3701.6,2588.6,2588.1,2588.7,2910.0,2909.9,2910.3,27.480000,28.080000,going to home base
2024-04-12T23:48:04Z,2388.8,2388.1,2388.5,2643.7,2643.6,2643.7,5708.8,5708.2,5707.9,2349.1,2348.9,2349.3,3521.0,3520.4,3520.3,4443.1,4443.3,4442.8,6189.2,6189.1,6190.0,8673.6,8672.0,8673.8,5247.7,5246.5,5247.4,7463.2,7462.4,7463.5,6144.8,6146.0,6145.8,1867.6,1866.7,1866.9,3699.0,3699.9,3699.9,2589.8,2588.3,2588.7,2908.5,2908.6,2908.7,27.490000,28.040001,going to home base
2024-04-12T23:48:09Z,2388.3,2387.6,2387.4,2643.1,2643.3,2643.5,5707.7,5707.7,5707.3,2348.6,2348.7,2349.5,3521.0,3520.2,3520.0,4443.3,4443.3,4443.1,6190.5,6191.3,6191.5,8672.5,8672.3,8675.4,5248.4,5247.6,5248.3,7468.0,7466.1,7466.9,6142.1,6142.4,6143.1,1867.9,1867.0,1866.6,3699.0,3699.4,3699.9,2588.6,2587.6,2588.6,2911.3,2911.4,2911.1,27.480000,28.059999,going to home base
2024-04-12T23:48:14Z,2388.0,2387.7,2387.9,2644.0,2643.8,2643.7,5707.6,5707.4,5708.3,2348.5,2348.4,2349.0,3520.4,3520.1,3519.7,4443.1,4442.7,4443.0,6186.8,6187.8,6188.1,8673.0,8672.7,8673.5,5246.4,5247.0,5247.6,7464.7,7464.1,7464.5,6144.9,6144.9,6145.2,1868.2,1866.8,1866.3,3699.6,3699.0,3700.0,2589.1,2587.7,2588.4,2910.6,2910.4,2910.6,27.480000,28.139999,going to home base
2024-04-12T23:48:19Z,2388.0,2387.5,2388.0,2643.3,2643.1,2643.5,5707.7,5707.5,5707.6,2349.2,2349.1,2349.5,3519.9,3519.7,3519.8,4443.1,4443.1,4443.1,6189.0,6190.4,6188.5,8673.8,8675.0,8676.0,5248.3,5247.4,5248.8,7466.7,7467.0,7466.3,6142.9,6142.1,6142.0,1868.6,1867.3,1867.1,3699.6,3699.3,3700.3,2588.8,2588.8,2588.7,2910.5,2909.3,2909.4,27.480000,28.129999,going to home base
2024-04-12T23:48:24Z,2389.2,2388.2,2388.4,2643.2,2643.4,2643.7,5708.0,5707.3,5707.9,2348.5,2348.8,2349.4,3519.1,3519.2,3519.3,4443.0,4442.6,4442.9,6189.1,6188.8,6190.0,8673.1,8673.3,8673.1,5247.2,5246.6,5247.1,7466.4,7466.4,7465.5,6142.8,6142.4,6140.9,1868.2,1866.9,1866.7,3700.0,3700.3,3700.4,2588.7,2588.0,2587.5,2908.5,2908.1,2908.2,27.480000,28.100000,going to home base
2024-04-12T23:48:29Z,2388.5,2388.1,2388.2,2644.2,2644.0,2644.7,5708.2,5707.9,5707.8,2349.1,2348.9,2349.4,3519.8,3519.3,3519.3,4442.7,4442.5,4442.6,6189.4,6188.0,6189.0,8674.6,8673.2,8672.9,5247.2,5247.4,5247.9,7465.8,7465.1,7465.7,6142.0,6141.8,6142.6,1868.6,1867.2,1867.3,3700.0,3699.7,3700.5,2589.5,2588.9,2588.7,2911.4,2910.8,2910.5,27.480000,28.139999,going to home base
2024-04-12T23:48:34Z,2388.6,2387.9,2388.1,2643.5,2643.4,2644.0,5708.0,5707.8,5708.6,2348.5,2348.7,2349.1,3519.3,3519.0,3518.9,4443.3,4442.9,4442.9,6185.9,6186.0,6186.1,8673.5,8672.3,8672.0,5248.3,5247.0,5247.6,7464.1,7464.3,7463.5,6141.4,6140.6,6141.1,1868.3,1866.6,1866.8,3699.8,3699.6,3700.7,2589.6,2588.6,2589.0,2909.3,2909.7,2910.3,27.480000,28.059999,going to home base
2024-04-12T23:48:39Z,2388.1,2388.0,2387.5,2643.0,2643.8,2643.8,5708.3,5708.0,5708.1,2348.2,2348.0,2348.6,3520.1,3519.3,3518.9,4443.0,4442.9,4442.5,6186.5,6185.2,6187.4,8673.4,8672.7,8671.9,5246.3,5246.6,5246.7,7465.5,7464.9,7465.4,6144.7,6143.2,6142.4,1868.7,1867.2,1866.7,3699.5,3700.2,3700.6,2589.5,2588.7,2589.0,2911.0,2910.3,2910.1,27.510000,28.139999,going to home base
2024-04-12T23:48:49Z,2388.5,2387.8,2388.2,2643.7,2643.1,2643.8,5708.8,5708.5,5708.8,2348.2,2348.9,2348.8,3520.4,3520.0,3519.8,4442.8,4442.8,4442.9,6187.5,6190.1,6189.1,8672.7,8671.8,8671.9,5247.2,5247.5,5249.2,7465.3,7464.4,7465.5,6139.9,6139.4,6139.6,1868.6,1867.4,1867.2,3700.2,3700.3,3701.2,2588.7,2588.0,2587.8,2910.5,2909.1,2910.5,27.459999,28.120001,going to home base
2024-04-12T23:48:54Z,2388.4,2388.2,2388.5,2643.6,2643.7,2644.2,5709.4,5709.0,5709.1,2349.0,2349.2,2349.4,3520.0,3520.1,3520.0,4443.1,4443.5,4443.1,6187.8,6188.4,6187.9,8673.0,8673.4,8673.7,5246.0,5245.0,5246.7,7466.5,7464.9,7465.0,6142.3,6143.2,6145.6,1868.5,1867.0,1867.0,3700.1,3700.6,3701.4,2589.1,2588.5,2589.0,2911.0,2910.7,2910.9,27.480000,28.080000,going to home base
2024-04-12T23:48:59Z,2387.9,2387.7,2388.0,2643.7,2644.1,2643.8,5709.4,5709.2,5709.2,2348.9,2349.0,2349.5,3519.3,3519.1,3519.3,4443.5,4443.7,4443.5,6187.4,6186.8,6187.8,8672.6,8672.9,8672.5,5247.5,5246.8,5246.8,7466.3,7466.2,7466.4,6145.5,6145.2,6144.9,1868.6,1867.0,1867.3,3700.3,3700.1,3701.3,2588.9,2587.8,2588.2,2910.7,2909.8,2909.9,27.490000,28.070000,going to home base
2024-04-12T23:49:04Z,2388.9,2388.1,2388.7,2644.2,2643.7,2644.4,5709.1,5708.7,5708.9,2348.5,2348.4,2349.1,3519.7,3518.9,3518.6,4443.3,4443.2,4443.1,6191.2,6189.9,6189.5,8671.9,8673.7,8673.4,5247.7,5248.6,5248.2,7467.5,7465.6,7465.4,6143.0,6143.0,6143.3,1869.1,1867.4,1867.3,3700.2,3700.8,3701.2,2589.4,2589.0,2588.7,2910.2,2909.9,2910.4,27.490000,28.139999,going to home base
2024-04-12T23:49:09Z,2389.2,2388.8,2388.9,2643.4,2643.0,2644.2,5709.2,5708.3,5709.2,2349.6,2349.0,2349.1,3519.7,3519.5,3519.3,4443.2,4443.2,4443.6,6190.5,6189.9,6189.6,8673.2,8673.0,8672.5,5249.3,5249.2,5249.2,7466.9,7465.3,7463.5,6141.3,6141.1,6141.3,1868.8,1867.4,1867.5,3700.4,3701.0,3700.8,2589.1,2588.7,2588.4,2909.8,2909.6,2909.9,27.490000,28.139999,going to home base
2024-04-12T23:49:14Z,2389.2,2388.5,2389.0,2643.4,2643.6,2643.9,5708.5,5708.6,5708.6,2348.7,2349.4,2349.1,3520.0,3519.8,3519.9,4443.9,4443.6,4443.3,6187.6,6186.9,6189.2,8672.4,8674.2,8674.5,5247.1,5246.9,5247.6,7466.8,7466.6,7468.4,6141.6,6141.7,6143.4,1868.6,1867.5,1867.1,3700.2,3700.6,3701.2,2589.4,2588.4,2588.4,2910.0,2909.6,2910.0,27.490000,28.110001,going to home base
2024-04-12T23:49:19Z,2388.9,2388.0,2388.5,2643.0,2643.5,2643.6,5708.5,5708.4,5708.0,2349.3,2349.3,2349.1,3520.3,3519.4,3519.4,4442.9,4443.4,4443.1,6187.9,6187.5,6187.8,8673.2,8672.9,8674.3,5247.5,5247.4,5247.6,7465.6,7467.0,7466.0,6140.2,6139.5,6140.6,1868.5,1867.2,1866.8,3699.8,3700.1,3701.0,2589.6,2588.8,2588.8,2908.8,2908.5,2908.9,27.490000,28.080000,going to home base
2024-04-12T23:49:24Z,2388.8,2388.2,2387.8,2643.2,2643.3,2644.1,5709.2,5708.2,5708.6,2350.1,2349.8,2350.4,3519.6,3519.0,3518.8,4442.7,4443.0,4443.2,6190.4,6189.6,6190.2,8673.1,8672.6,8672.4,5247.0,5247.0,5248.1,7466.8,7466.6,7467.4,6141.6,6139.7,6139.7,1868.5,1866.8,1866.9,3700.9,3700.7,3701.3,2588.1,2587.6,2587.5,2909.4,2909.3,2909.2,27.480000,28.110001,going to home base
2024-04-12T23:49:29Z,2388.6,2387.6,2388.1,2643.6,2643.7,2643.8,5708.2,5708.8,5709.3,2348.6,2349.1,2349.8,3519.4,3519.0,3519.7,4443.8,4443.5,4443.2,6189.1,6190.5,6189.4,8673.0,8674.6,8675.0,5247.8,5247.6,5247.8,7465.9,7465.7,7466.4,6141.8,6141.0,6140.7,1868.9,1867.5,1867.3,3701.3,3700.7,3701.9,2588.5,2588.2,2588.1,2909.6,2908.7,2908.1,27.490000,28.100000,going to home base
2024-04-12T23:49:39Z,2388.4,2387.8,2388.1,2644.0,2643.9,2644.0,5708.6,5708.7,5708.3,2349.0,2349.4,2349.6,3519.3,3519.2,3519.2,4443.0,4442.8,4443.2,6186.0,6186.6,6186.0,8673.6,8675.2,8672.9,5246.8,5247.2,5247.2,7463.4,7463.5,7464.0,6141.6,6142.4,6142.5,1868.8,1867.2,1867.2,3700.5,3700.6,3701.1,2589.2,2587.8,2588.5,2908.9,2908.3,29start,2388.7,2387.9,going to home base
2024-04-12T23:49:49Z,2389.1,2388.7,2388.6,2643.2,2642.8,2644.0,5708.4,5708.2,5708.1,2349.3,2349.0,2349.3,3519.7,3519.5,3519.1,4443.0,4443.5,4443.1,6187.3,6187.2,6188.2,8671.1,8671.6,8670.3,5247.3,5247.7,5248.4,7466.5,7464.6,7466.5,6142.0,6140.5,6138.7,1869.3,1867.7,1867.2,3701.1,3701.1,3701.9,2588.5,2588.2,2588.1,2908.9,2908.4,2908.5,27.480000,28.100000,going to home base
2024-04-12T23:49:54Z,2388.2,2388.1,2388.3,2643.8,2643.5,2644.6,5708.8,5708.2,5708.5,2348.7,2349.2,2349.4,3519.3,3518.5,3518.4,4443.0,4443.2,4443.2,6187.7,6189.0,6189.2,8668.6,8671.3,8669.0,5247.3,5246.6,5249.4,7467.0,7465.9,7466.1,6141.2,6140.6,6140.4,1868.7,1867.3,1867.3,3701.0,3700.9,3701.7,2588.3,2587.4,2587.8,2911.4,2910.2,2909.8,27.480000,28.040001,going to home base
2024-04-12T23:49:59Z,2388.1,2387.6,2387.9,2644.3,2644.2,2643.8,5708.9,5708.7,5708.9,2349.4,2349.2,2349.6,3519.4,3518.9,3519.6,4443.4,4442.7,4443.1,6189.2,6187.3,6189.4,8670.0,8670.6,8670.6,5246.9,5247.0,5246.9,7467.5,7465.9,7465.2,6140.7,6140.0,6140.9,1869.2,1867.7,1867.2,3701.4,3701.9,3702.7,2589.3,2588.2,2588.5,2910.4,2911.2,2910.5,27.459999,28.080000,going to home base
2024-04-12T23:50:04Z,2388.5,2387.4,2388.0,2644.1,2643.8,2644.5,5709.5,5709.4,5709.1,2349.6,2349.8,2349.9,3520.3,3519.8,3519.8,4443.5,4443.4,4443.1,6188.8,6188.4,6189.5,8673.2,8673.1,8672.7,5248.3,5246.8,5248.3,7465.9,7464.6,7466.3,6142.3,6142.0,6143.0,1869.2,1867.4,1867.7,3701.7,3701.5,3702.0,2587.5,2587.5,2587.8,2910.4,2910.2,2911.0,27.459999,28.139999,going to home base
2024-04-12T23:50:09Z,2388.8,2387.9,2388.0,2643.8,2643.7,2644.5,5710.5,5709.4,5709.2,2349.6,2349.6,2349.6,3520.1,3519.1,3519.7,4443.4,4443.2,4443.7,6187.5,6188.5,6188.3,8674.7,8673.2,8674.6,5247.7,5248.3,5247.9,7466.7,7465.7,7465.8,6142.8,6143.0,6142.4,1869.3,1867.6,1867.6,3700.9,3700.9,3701.9,2589.1,2588.6,2588.2,2910.7,2910.1,2910.4,27.480000,28.150000,going to home base
2024-04-12T23:50:14Z,2388.3,2387.8,2387.8,2643.6,2643.3,2643.7,5709.2,5708.7,5709.0,2349.7,2349.8,2350.0,3519.4,3519.5,3519.6,4443.6,4444.0,4444.1,6188.2,6188.8,6189.7,8674.5,8673.7,8675.2,5247.0,5246.5,5246.7,7464.1,7463.9,7463.0,6140.8,6143.1,6143.4,1868.6,1867.2,1867.2,3701.6,3701.4,3702.2,2590.0,2589.1,2589.2,2910.2,2910.1,2910.3,27.490000,28.129999,going to home base
2024-04-12T23:50:19Z,2388.5,2388.0,2388.1,2643.6,2643.9,2644.2,5709.8,5709.0,5709.5,2349.5,2349.3,2349.7,3520.2,3519.5,3519.3,4443.8,4443.5,4443.6,6187.2,6189.1,6189.0,8673.8,8674.2,8673.3,5247.2,5246.6,5247.8,7462.9,7462.1,7464.1,6141.9,6142.0,6142.2,1869.3,1867.5,1867.3,3702.0,3702.1,3703.2,2589.7,2588.9,2588.8,2909.5,2909.5,2909.9,27.480000,28.139999,going to home base
2024-04-12T23:50:24Z,2388.2,2387.8,2387.9,2644.3,2644.0,2643.8,5709.4,5708.9,5710.0,2349.9,2349.6,2350.2,3520.2,3520.1,3520.2,4443.3,4443.0,4443.4,6190.2,6191.1,6191.3,8674.5,8675.6,8678.2,5243.4,5242.5,5244.3,7465.0,7463.8,7462.5,6145.9,6143.8,6143.3,1869.1,1867.9,1867.9,3701.8,3701.4,3703.0,2589.8,2588.8,2588.7,2909.7,2908.9,2908.5,27.459999,28.139999,going to home base
2024-04-12T23:50:29Z,2388.5,2388.0,2388.2,2643.5,2643.5,2643.5,5709.7,5709.3,5709.8,2348.6,2348.5,2348.9,3520.5,3519.8,3519.9,4444.3,4444.2,4443.6,6188.1,6186.0,6189.5,8675.6,8673.3,8674.4,5244.0,5244.0,5244.6,7467.0,7466.6,7467.1,6142.7,6142.2,6142.4,1869.7,1868.2,1867.4,3701.5,3701.3,3702.1,2588.8,2588.2,2588.1,2911.1,2910.0,2910.3,27.459999,28.110001,going to home base
2024-04-12T23:50:34Z,2388.9,2388.1,2388.4,2643.6,2643.1,2644.0,5709.9,5709.2,5709.0,2349.4,2349.0,2349.5,3519.7,3518.6,3518.9,4444.6,4443.7,4444.0,6189.8,6190.8,6190.6,8671.8,8672.4,8671.2,5244.3,5244.7,5244.4,7468.3,7467.5,7468.3,6142.0,6143.2,6142.6,1869.8,1868.2,1867.9,3701.5,3702.0,3702.4,2590.3,2589.2,2589.3,2908.6,2908.0,2909.3,27.490000,28.100000,going to home base
2024-04-12T23:50:39Z,2388.5,2387.9,2388.1,2643.5,2643.6,2644.0,5709.4,5709.0,5709.2,2350.1,2350.0,2349.9,3518.7,3518.8,3518.7,4443.5,4443.0,4443.2,6190.3,6190.5,6189.3,8670.5,8669.4,8670.5,5247.9,5248.3,5249.1,7466.2,7466.3,7464.8,6141.1,6140.2,6139.7,1869.0,1867.3,1867.5,3701.9,3701.7,3703.0,2588.9,2588.5,2588.1,2909.6,2909.0,2909.8,27.490000,28.110001,going to home base
2024-04-12T23:50:44Z,2388.2,2388.0,2387.9,2643.8,2644.2,2643.9,5709.6,5708.8,5709.0,2348.9,2349.0,2349.0,3519.8,3519.4,3519.6,4443.7,4443.7,4443.6,6191.1,6190.5,6190.1,8671.2,8668.7,8670.2,5249.3,5248.2,5247.5,7467.5,7467.8,7466.1,6143.5,6143.0,6143.5,1868.5,1867.1,1867.3,3701.9,3702.0,3703.0,2589.6,2589.2,2589.1,2909.6,2909.2,2909.6,27.480000,28.080000,going to home base
2024-04-12T23:50:49Z,2388.3,2387.9,2388.0,2644.0,2643.8,2643.8,5709.7,5709.2,5709.4,2349.5,2348.9,2349.8,3518.6,3517.9,3518.0,4444.1,4444.0,4443.6,6192.0,6191.6,6191.7,8671.6,8671.9,8671.0,5248.7,5248.0,5248.6,7466.8,7463.8,7465.1,6142.6,6141.9,6142.0,1868.9,1867.5,1867.7,3702.3,3701.8,3702.1,2590.4,2590.0,2589.8,2911.5,2911.5,2912.3,27.490000,28.120001,going to home base
2024-04-12T23:50:54Z,2388.3,2387.4,2387.8,2644.2,2643.3,2644.1,5710.1,5709.9,5709.9,2348.7,2349.0,2349.4,3519.4,3519.0,3518.8,4443.6,4443.2,4443.5,6190.0,6191.7,6194.0,8673.1,8672.4,8673.2,5247.1,5247.2,5247.3,7467.7,7466.1,7466.6,6139.2,6141.7,6139.7,1868.6,1867.2,1867.1,3701.2,3701.9,3701.9,2591.1,2590.0,2590.8,2910.8,2910.4,2910.5,27.480000,28.150000,going to home base
2024-04-12T23:50:59Z,2388.8,2388.0,2387.9,2643.8,2643.2,2644.2,5710.2,5709.7,5709.8,2348.6,2348.6,2349.5,3520.0,3519.7,3519.0,4443.5,4443.9,4443.1,6192.0,6189.3,6190.8,8673.2,8673.6,8674.6,5247.5,5247.8,5248.3,7467.4,7466.1,7466.6,6143.1,6140.0,6141.6,1869.8,1868.4,1868.0,3702.2,3701.5,3702.4,2591.3,2590.7,2590.5,2910.8,2910.2,2910.4,27.480000,28.100000,going to home base
2024-04-12T23:51:04Z,2388.4,2387.9,2387.8,2643.2,2643.6,2644.3,5710.0,5709.5,5709.1,2349.1,2348.8,2349.5,3519.6,3518.9,3518.7,4443.5,4443.8,4443.6,6190.4,6189.9,6187.2,8674.5,8672.4,8673.7,5248.3,5247.4,5248.1,7466.4,7465.1,7465.5,6142.0,6141.8,6144.7,1869.2,1867.9,1867.6,3701.4,3701.0,3702.1,2589.5,2588.4,2589.0,2911.3,2910.8,2910.4,27.459999,28.049999,going to home base
2024-04-12T23:51:09Z,2388.3,2387.6,2387.8,2644.2,2643.7,2643.7,5710.0,5709.4,5709.5,2348.6,2349.4,2349.4,3518.8,3519.1,3518.4,4443.1,4443.6,4443.8,6187.5,6187.8,6187.9,8675.1,8674.2,8673.4,5248.3,5247.0,5249.1,7466.5,7466.0,7466.6,6141.3,6140.4,6140.8,1869.2,1867.5,1867.5,3701.3,3701.2,3702.3,2591.1,2590.0,2590.4,2909.8,2909.7,2909.6,27.490000,28.049999,going to home base
2024-04-12T23:51:14Z,2388.6,2388.1,2387.9,2643.3,2643.5,2643.7,5709.3,5708.6,5709.0,2349.0,2347.8,2347.8,3519.2,3518.4,3518.6,4443.6,4443.2,4443.5,6190.6,6189.9,6191.0,8674.9,8674.4,8674.4,5247.7,5247.4,5248.5,7466.8,7468.2,7467.2,6140.6,6140.1,6142.0,1868.8,1866.8,1867.1,3701.7,3701.5,3702.6,2589.9,2589.1,2589.2,2908.7,2909.4,2909.2,27.480000,28.030001,going to home base
2024-04-12T23:51:19Z,2388.5,2387.9,2388.1,2643.2,2643.3,2642.9,5709.1,5709.1,5708.7,2348.9,2348.8,2349.2,3518.4,3518.0,3517.2,4443.6,4442.9,4443.7,6188.7,6188.1,6188.2,8673.0,8671.5,8672.2,5249.1,5248.2,5249.3,7465.1,7465.4,7464.2,6141.7,6143.1,6143.4,1868.6,1867.6,1867.3,3701.1,3701.3,3702.0,2589.7,2588.8,2589.0,2909.7,2909.2,2908.8,27.459999,28.070000,going to home base
2024-04-12T23:51:24Z,2388.9,2388.1,2388.6,2643.5,2644.0,2644.3,5709.2,5709.0,5708.9,2348.7,2348.7,2349.2,3518.8,3517.9,3518.6,4443.5,4443.2,4443.3,6190.8,6190.4,6190.0,8672.6,8672.4,8671.5,5247.8,5247.8,5248.5,7466.9,7466.1,7466.3,6142.2,6141.0,6140.8,1868.8,1867.5,1867.7,3701.3,3701.4,3702.3,2590.5,2588.8,2588.9,2909.8,2909.2,2910.3,27.459999,28.070000,going to home base
2024-04-12T23:51:29Z,2388.5,2388.0,2388.0,2643.4,2643.3,2643.8,5709.3,5709.1,5709.1,2349.2,2349.5,2349.8,3519.2,3519.0,3518.7,4443.7,4443.6,4443.6,6190.5,6190.4,6189.4,8670.2,8668.7,8670.4,5248.5,5247.8,5248.1,7465.7,7465.9,7466.1,6141.7,6140.4,6139.8,1868.6,1867.2,1867.2,3701.0,3701.7,3702.4,2590.1,2589.1,2589.3,2910.6,2909.1,2908.7,27.480000,28.070000,going to home base
2024-04-12T23:51:34Z,2388.0,2387.4,2387.4,2643.8,2643.6,2644.4,5709.0,5708.7,5708.3,2349.2,2349.2,2349.5,3519.8,3519.4,3519.0,4444.2,4443.7,4443.2,6190.6,6190.9,6189.9,8671.0,8669.9,8670.1,5246.5,5246.1,5246.8,7464.8,7466.1,7465.1,6141.1,6140.8,6141.2,1868.7,1867.4,1867.1,3701.3,3701.3,3701.9,2589.0,2588.4,2588.6,2909.3,2909.9,2910.6,27.480000,28.080000,going to home base
2024-04-12T23:51:39Z,2388.3,2387.5,2387.9,2644.7,2644.3,2644.3,5709.5,5709.0,5708.9,2350.3,2349.8,2350.0,3519.8,3519.2,3519.3,4443.5,4443.5,4444.0,6190.0,6190.3,6190.2,8671.7,8671.7,8671.8,5246.8,5246.7,5249.1,7466.5,7462.8,7463.9,6141.0,6140.0,6139.0,1868.6,1867.1,1867.5,3700.9,3700.6,3701.9,2589.1,2588.3,2588.5,2911.1,2910.6,2911.0,27.490000,28.110001,going to home base
2024-04-12T23:51:44Z,2388.3,2387.9,2388.0,2643.7,2643.1,2643.9,5710.1,5709.6,5709.8,2348.8,2348.7,2349.1,3519.5,3519.2,3518.9,4444.2,4444.2,4444.3,6188.5,6189.7,6189.2,8672.2,8672.3,8671.6,5245.9,5245.7,5247.1,7464.7,7463.2,7463.3,6142.8,6141.0,6142.8,1868.7,1867.6,1867.2,3701.1,3700.8,3701.6,2589.8,2589.1,2589.4,2910.2,2910.0,2911.3,27.490000,28.100000,going to home base
2024-04-12T23:51:49Z,2388.0,2387.2,2387.4,2643.0,2643.0,2643.4,5709.4,5709.3,5709.3,2349.9,2349.7,2349.8,3519.2,3518.2,3518.4,4443.3,4443.9,4443.3,6190.1,6189.6,6189.7,8674.1,8672.4,8674.1,5246.2,5246.8,5247.3,7465.3,7464.7,7464.5,6140.3,6140.6,6139.4,1868.6,1867.1,1867.2,3701.3,3701.5,3702.7,2589.5,2588.5,2588.9,2910.6,2910.0,2911.1,27.459999,28.100000,going to home base
2024-04-12T23:51:54Z,2388.4,2387.8,2387.9,2644.1,2644.0,2644.3,5709.7,5709.5,5709.2,2349.0,2349.2,2349.9,3518.9,3518.1,3518.3,4443.7,4443.4,4443.5,6189.9,6189.7,6192.0,8672.7,8671.8,8670.0,5246.8,5246.3,5247.8,7466.8,7465.9,7465.9,6140.6,6140.2,6141.7,1868.9,1867.6,1867.4,3701.0,3701.5,3702.0,2590.3,2589.5,2590.0,2911.5,2910.9,2911.7,27.480000,28.139999,going to home base
2024-04-12T23:51:59Z,2388.6,2388.4,2388.5,2643.9,2643.4,2643.5,5709.7,5709.6,5709.8,2349.6,2348.8,2349.4,3519.6,3519.2,3519.1,4444.0,4443.9,4443.7,6189.5,6190.5,6190.6,8670.0,8669.4,8669.7,5248.0,5246.7,5248.5,7463.4,7464.0,7463.2,6140.5,6140.6,6140.3,1868.9,1867.5,1867.6,3701.1,3700.8,3701.6,2588.9,2588.0,2588.6,2910.2,2909.9,2910.2,27.490000,28.129999,going to home base
2024-04-12T23:52:04Z,2387.9,2387.7,2388.1,2644.1,2644.1,2643.9,5709.8,5708.9,5709.2,2348.5,2348.7,2348.9,3519.9,3519.6,3518.8,4443.7,4443.8,4443.7,6189.2,6190.0,6190.8,8672.4,8673.2,8671.6,5247.5,5246.8,5248.3,7467.2,7464.0,7466.8,6141.9,6142.7,6142.5,1868.9,1867.5,1867.3,3701.3,3700.8,3702.0,2589.4,2589.0,2588.8,2909.4,2908.7,2909.6,27.480000,28.110001,going to home base
2024-04-12T23:52:09Z,2388.3,2387.8,2387.9,2644.2,2643.2,2644.0,5709.9,5709.5,5709.6,2348.0,2348.1,2348.5,3518.6,3518.1,3518.1,4443.7,4443.5,4443.5,6190.0,6190.2,6189.7,8673.5,8673.1,8673.1,5246.7,5245.7,5247.1,7464.7,7464.7,7465.7,6140.7,6140.4,6141.5,1869.1,1867.7,1867.7,3701.9,3701.6,3702.0,2589.1,2588.7,2588.6,2909.8,2909.6,2909.8,27.480000,28.080000,going to home base
2024-04-12T23:52:14Z,2388.1,2387.5,2387.5,2644.2,2644.4,2645.0,5710.2,5710.1,5709.9,2348.9,2349.0,2349.1,3519.1,3518.6,3518.8,4443.6,4443.5,4444.1,6187.9,6185.9,6188.0,8673.1,8673.2,8673.1,5247.7,5247.6,5247.5,7468.1,7465.9,7465.8,6140.3,6142.1,6142.5,1868.6,1867.4,1867.4,3701.3,3701.5,3702.0,2588.6,2587.8,2588.0,2909.2,2908.4,2909.0,27.480000,28.139999,going to home base
2024-04-12T23:52:19Z,2388.6,2387.7,2388.0,2643.8,2643.7,2644.2,5710.3,5709.9,5710.2,2348.2,2348.6,2348.9,3518.7,3518.2,3518.6,4443.5,4443.3,4443.1,6187.7,6188.9,6187.7,8671.5,8670.7,8671.0,5244.4,5244.1,5244.5,7468.1,7466.8,7465.2,6141.4,6140.2,6141.8,1868.1,1866.5,1867.0,3701.1,3702.0,3702.9,2590.1,2590.0,2590.1,2911.6,2911.2,2911.7,27.459999,28.150000,going to home base
2024-04-12T23:52:24Z,2388.1,2387.5,2387.6,2643.9,2643.7,2644.5,5710.1,5710.2,5709.9,2348.3,2348.2,2348.5,3518.9,3518.4,3518.5,4443.4,4443.5,4443.5,6192.9,6191.1,6191.1,8670.0,8671.1,8670.9,5244.7,5244.7,5244.7,7465.8,7467.0,7465.9,6141.4,6141.8,6140.5,1868.7,1867.1,1867.2,3701.5,3701.7,3702.7,2590.2,2589.1,2589.7,2909.7,2909.6,2910.3,27.480000,28.100000,going to home base
2024-04-12T23:52:29Z,2387.3,2387.0,2387.5,2643.7,2643.7,2643.8,5709.4,5709.5,5709.4,2348.5,2349.1,2349.0,3518.9,3518.4,3518.6,4443.2,4443.3,4443.7,6190.0,6189.3,6191.2,8673.4,8672.5,8672.1,5245.0,5244.4,5246.0,7466.2,7466.9,7465.9,6143.0,6143.4,6144.2,1869.0,1867.4,1867.6,3701.9,3702.7,3703.1,2588.7,2588.4,2588.1,2910.4,2910.1,2911.4,27.480000,28.080000,going to home base
2024-04-12T23:52:34Z,2388.1,2387.7,2387.8,2643.6,2643.5,2643.8,5710.1,5709.7,5709.5,2348.3,2348.4,2348.9,3518.5,3518.4,3518.9,4443.7,4443.2,4443.5,6190.4,6191.5,6193.0,8672.2,8672.6,8672.1,5244.5,5243.3,5245.3,7465.8,7465.1,7465.6,6140.2,6139.4,6140.5,1868.5,1867.5,1867.3,3702.4,3702.2,3702.8,2589.9,2589.3,2589.5,2910.0,2909.0,2909.0,27.459999,28.070000,going to home base
2024-04-12T23:52:39Z,2387.8,2387.1,2387.2,2642.7,2642.9,2643.7,5709.5,5709.0,5709.2,2348.3,2348.8,2349.3,3518.3,3518.3,3517.4,4443.7,4443.6,4444.1,6189.5,6189.5,6189.8,8672.9,8671.3,8671.7,5243.2,5243.2,5244.6,7465.8,7465.8,7464.5,6140.0,6141.0,6139.8,1869.5,1867.9,1867.6,3701.0,3701.4,3703.0,2589.4,2588.5,2588.6,2909.9,2909.8,2909.9,27.490000,28.059999,going to home base
2024-04-12T23:52:44Z,2388.0,2387.2,2387.4,2644.1,2644.4,2644.6,5708.6,5708.4,5708.6,2349.6,2348.7,2349.1,3519.0,3518.6,3519.0,4443.3,4443.4,4443.1,6187.7,6189.5,6190.1,8670.4,8670.4,8672.0,5242.8,5243.5,5244.1,7467.1,7466.7,7466.0,6138.5,6137.5,6138.0,1869.2,1867.8,1867.7,3701.7,3702.0,3702.6,2589.5,2588.7,2588.9,2909.5,2909.7,2909.6,27.490000,28.030001,going to home base
2024-04-12T23:52:49Z,2388.1,2387.3,2387.6,2644.7,2644.8,2644.5,5709.8,5708.8,5709.2,2349.4,2349.1,2348.9,3518.3,3517.9,3517.8,4443.2,4443.0,4443.1,6187.2,6186.0,6186.7,8670.3,8668.6,8669.2,5242.0,5242.3,5242.7,7464.8,7463.9,7465.8,6140.8,6141.9,6139.9,1869.3,1867.8,1867.8,3701.0,3701.0,3701.8,2589.1,2588.8,2588.9,2909.0,2909.2,2909.4,27.480000,28.000000,going to home base
2024-04-12T23:52:54Z,2388.3,2387.3,2388.0,2643.2,2642.8,2643.5,5708.5,5708.3,5708.3,2349.2,2349.0,2349.7,3518.4,3517.5,3517.3,4442.5,4442.3,4442.5,6186.1,6184.9,6186.9,8669.0,8668.0,8667.7,5243.5,5242.3,5243.0,7466.4,7465.0,7465.7,6139.7,6138.7,6140.0,1869.1,1867.1,1867.1,3701.4,3701.6,3702.3,2588.8,2588.3,2588.0,2908.8,2908.9,2908.5,27.480000,28.030001,going to home base
2024-04-12T23:52:59Z,2388.1,2387.8,2388.1,2643.7,2643.6,2644.2,5709.4,5709.1,5708.9,2349.3,2348.8,2349.2,3518.1,3518.0,3518.2,4442.4,4442.7,4442.8,6189.2,6188.2,6190.5,8671.3,8670.2,8669.5,5243.4,5243.2,5244.9,7464.3,7463.4,7464.7,6139.7,6138.5,6140.3,1868.9,1867.6,1867.4,3701.2,3701.1,3701.7,2589.1,2588.2,2588.6,2908.3,2908.6,2908.8,27.480000,28.030001,going to home base
2024-04-12T23:53:04Z,2387.7,2387.3,2387.5,2643.7,2643.7,2644.2,5709.2,5708.5,5709.0,2348.8,2348.5,2349.0,3518.6,3518.5,3518.6,4442.4,4442.5,4442.6,6187.9,6186.3,6187.5,8669.3,8668.7,8668.1,5242.9,5243.9,5244.0,7464.8,7463.4,7465.0,6140.4,6139.2,6141.6,1869.3,1868.1,1867.9,3700.6,3700.7,3701.4,2588.6,2588.1,2587.9,2910.4,2909.0,2909.4,27.490000,28.100000,going to home base
2024-04-12T23:53:09Z,2388.3,2387.7,2387.8,2643.2,2643.2,2643.6,5708.8,5708.5,5708.6,2349.4,2349.6,2350.1,3518.7,3518.7,3518.7,4443.2,4443.0,4442.6,6189.0,6189.0,6190.0,8669.0,8667.6,8668.8,5243.7,5242.0,5244.0,7461.8,7461.7,7462.5,6142.5,6141.8,6139.3,1868.8,1867.8,1867.6,3700.3,3700.8,3701.9,2588.3,2587.8,2588.1,2909.4,2909.2,2909.1,27.480000,28.129999,going to home base
2024-04-12T23:53:14Z,2388.1,2387.2,2387.2,2643.1,2642.9,2643.2,5709.5,5709.0,5708.6,2349.2,2349.1,2349.7,3517.8,3517.6,3517.6,4442.7,4442.5,4442.8,6186.0,6189.2,6188.1,8667.7,8669.5,8669.8,5243.8,5244.1,5244.5,7464.9,7462.7,7462.7,6138.8,6139.4,6137.7,1868.8,1867.3,1867.4,3701.9,3702.1,3702.6,2589.4,2588.5,2588.6,2909.5,2909.2,2909.3,27.450001,28.080000,going to home base
2024-04-12T23:53:19Z,2387.8,2387.2,2387.5,2643.5,2643.4,2643.9,5709.1,5708.6,5709.0,2349.3,2349.2,2349.7,3519.2,3518.1,3518.3,4443.4,4442.8,4443.0,6186.7,6186.3,6187.8,8669.3,8668.1,8667.9,5244.6,5243.3,5244.5,7465.3,7464.1,7464.5,6138.6,6138.6,6139.3,1868.9,1867.4,1867.5,3701.4,3701.5,3701.8,2589.0,2587.5,2587.7,2909.1,2908.7,2909.5,27.490000,28.080000,going to home base
2024-04-12T23:53:24Z,2388.4,2387.7,2387.8,2643.7,2643.8,2643.7,5709.4,5709.0,5708.5,2349.0,2349.2,2349.3,3518.5,3517.8,3517.1,4442.6,4442.5,4442.6,6187.7,6186.7,6186.8,8670.0,8670.6,8670.1,5244.2,5243.6,5244.8,7465.6,7465.3,7464.4,6138.4,6139.7,6138.8,1868.6,1867.1,1867.3,3701.5,3701.7,3702.6,2588.7,2588.3,2588.4,2910.3,2910.2,2910.0,27.459999,28.059999,going to home base
2024-04-12T23:53:29Z,2387.8,2386.8,2387.2,2643.1,2642.9,2643.2,5708.8,5708.9,5709.2,2348.8,2348.6,2349.4,3518.0,3518.0,3517.7,4442.9,4442.9,4442.7,6188.2,6188.4,6188.6,8669.1,8669.2,8670.7,5243.6,5244.2,5243.9,7462.1,7462.0,7463.8,6141.2,6140.2,6141.5,1869.3,1867.4,1867.6,3701.1,3701.4,3702.0,2589.2,2588.1,2588.4,2909.6,2909.7,2910.3,27.490000,28.010000,going to home base
2024-04-12T23:53:34Z,2388.1,2387.1,2387.5,2643.0,2643.3,2643.4,5708.6,5708.1,5708.6,2347.8,2347.7,2347.9,3519.1,3518.9,3519.0,4442.6,4442.5,4442.6,6187.3,6185.7,6188.3,8668.4,8668.1,8668.4,5243.7,5244.4,5244.5,7462.2,7461.7,7461.7,6140.9,6139.9,6139.6,1868.8,1867.4,1867.4,3701.0,3701.1,3701.8,2588.8,2587.9,2587.6,2909.8,2909.0,2909.8,27.490000,28.030001,going to home base
2024-04-12T23:53:39Z,2387.3,2386.7,2387.6,2643.0,2642.7,2642.6,5708.5,5708.5,5708.1,2348.5,2347.8,2348.6,3518.3,3517.2,3517.6,4442.2,4442.4,4442.0,6189.0,6186.5,6187.4,8671.6,8669.7,8669.3,5243.9,5243.5,5245.1,7463.2,7462.5,7462.3,6141.3,6139.4,6141.1,1868.9,1867.4,1867.4,3700.1,3699.8,3701.2,2589.0,2588.4,2588.0,2909.8,2909.2,2909.8,27.459999,28.010000,going to home base
2024-04-12T23:53:44Z,2387.6,2387.2,2387.2,2642.9,2643.5,2643.5,5709.2,5708.3,5708.9,2348.9,2348.6,2349.1,3517.7,3517.2,3518.0,4442.4,4442.7,4442.3,6184.7,6184.8,6185.4,8667.8,8668.9,8669.9,5244.2,5243.2,5244.3,7461.6,7461.7,7459.6,6141.2,6141.0,6140.0,1867.8,1866.5,1866.5,3700.5,3700.3,3701.2,2589.0,2587.8,2587.8,2909.0,2909.2,2909.2,27.459999,28.070000,going to home base
2024-04-12T23:53:49Z,2388.0,2387.1,2387.7,2642.7,2643.1,2643.3,5708.6,5708.8,5708.5,2349.5,2349.5,2349.7,3518.6,3518.4,3518.3,4442.5,4442.7,4442.2,6187.0,6186.6,6187.9,8669.7,8668.6,8668.8,5244.5,5243.8,5246.6,7463.2,7461.4,7461.4,6141.8,6139.6,6141.2,1868.5,1867.0,1867.3,3699.8,3700.4,3700.3,2589.3,2588.3,2588.5,2909.7,2908.9,2909.6,27.490000,28.070000,going to home base
2024-04-12T23:53:54Z,2386.9,2386.1,2386.6,2643.3,2643.3,2643.9,5708.3,5707.2,5707.8,2349.0,2349.1,2349.9,3518.4,3517.8,3518.0,4442.3,4442.0,4442.5,6189.6,6190.9,6190.0,8669.1,8669.0,8669.9,5244.3,5243.2,5243.9,7463.2,7463.8,7463.8,6139.9,6141.7,6140.7,1868.3,1866.6,1866.9,3699.8,3700.2,3701.1,2588.8,2588.5,2588.2,2911.0,2909.2,2909.8,27.459999,28.040001,going to home base
2024-04-12T23:53:59Z,2387.0,2386.8,2386.6,2642.3,2642.3,2643.2,5708.5,5707.2,5707.7,2349.2,2349.1,2349.6,3517.7,3517.2,3517.5,4443.0,4442.4,4442.6,6187.5,6190.0,6188.1,8669.1,8669.5,8669.0,5244.2,5243.4,5244.0,7462.4,7461.7,7462.5,6141.1,6141.9,6142.2,1869.0,1867.7,1867.5,3699.8,3700.5,3700.6,2588.8,2588.5,2588.2,2910.0,2908.5,2909.6,27.459999,28.110001,going to home base
2024-04-12T23:54:04Z,2387.5,2386.8,2387.0,2642.6,2642.1,2643.6,5708.6,5707.7,5707.6,2349.0,2348.3,2348.5,3518.6,3518.8,3518.7,4442.5,4442.1,4442.8,6189.5,6189.3,6188.7,8667.1,8667.2,8667.3,5243.4,5243.5,5245.2,7462.8,7461.7,7462.2,6141.1,6141.2,6142.1,1868.5,1867.5,1867.3,3700.7,3700.7,3701.2,2588.3,2587.9,2587.8,2910.2,2909.5,2910.8,27.459999,28.100000,going to home base
2024-04-12T23:54:09Z,2387.4,2386.6,2386.8,2642.9,2642.4,2643.4,5707.7,5707.0,5707.4,2348.0,2347.6,2348.4,3517.7,3517.4,3516.7,4442.5,4442.3,4441.8,6191.2,6191.8,6191.6,8669.7,8668.3,8668.6,5243.6,5244.0,5244.8,7464.0,7464.1,7462.6,6142.7,6144.0,6144.2,1869.0,1867.9,1867.4,3700.9,3700.8,3701.8,2588.2,2587.8,2588.0,2909.3,2908.6,2908.5,27.490000,28.040001,going to home base
2024-04-12T23:54:14Z,2387.5,2386.5,2386.6,2643.4,2643.0,2643.1,5708.1,5707.9,5708.0,2348.9,2349.3,2350.0,3518.6,3518.2,3518.1,4442.8,4442.4,4442.9,6188.2,6188.9,6190.3,8668.3,8668.8,8668.1,5242.9,5242.5,5243.8,7464.9,7462.8,7463.6,6142.9,6142.3,6143.1,1868.7,1867.0,1867.1,3700.3,3700.6,3701.1,2588.6,2587.8,2588.2,2909.8,2909.1,2909.8,27.459999,28.080000,going to home base
2024-04-12T23:54:19Z,2387.4,2386.8,2387.0,2642.7,2642.9,2643.6,5708.1,5707.3,5707.3,2348.3,2349.0,2349.2,3518.1,3517.4,3517.7,4443.2,4443.1,4442.6,6187.5,6187.4,6188.4,8670.8,8668.9,8669.7,5243.2,5243.4,5242.8,7463.2,7462.8,7461.8,6143.1,6144.7,6145.5,1868.3,1866.8,1866.9,3701.1,3700.8,3701.4,2588.0,2587.4,2587.6,2910.4,2909.2,2910.0,27.480000,28.100000,going to home base
2024-04-12T23:54:24Z,2387.4,2386.7,2387.0,2643.6,2643.1,2643.5,5708.1,5707.1,5706.6,2348.0,2348.2,2348.9,3518.5,3517.6,3517.9,4442.9,4442.8,4442.9,6188.0,6187.2,6187.2,8671.1,8670.4,8670.1,5243.3,5243.6,5243.7,7464.4,7462.5,7463.9,6144.4,6142.5,6142.0,1868.9,1867.6,1867.3,3700.4,3700.2,3700.8,2588.6,2588.5,2588.3,2909.7,2909.4,2908.7,27.490000,28.129999,going to home base
2024-04-12T23:54:34Z,2386.3,2386.0,2386.1,2643.6,2643.1,2644.0,5708.1,5708.0,5708.1,2349.0,2348.9,2349.0,3518.5,3518.4,3518.0,4443.2,4442.5,4442.9,6190.7,6189.0,6190.3,8670.0,8668.8,8669.2,5241.3,5243.1,5243.6,7463.2,7461.2,7462.0,6142.5,6142.3,6144.9,1868.8,1867.1,1start,26990.7,26992.9,2386.7,2385.8,2385.8,2643.7,2643.6,2643.7,5708.6,2349.5,2349.3,going to home base
2024-04-12T23:54:44Z,2386.3,2385.8,2386.2,2643.1,2642.8,2643.8,5708.4,5708.0,5707.8,2348.7,2348.5,2349.0,3519.1,3518.4,3518.0,4442.3,4442.6,4442.7,6188.3,6188.3,6187.1,8669.7,8669.5,8669.2,5243.5,5243.4,5243.6,7463.3,7462.3,7461.6,6137.8,6136.6,6138.9,1868.4,1866.5,1867.1,3700.4,3700.4,3701.1,2589.1,2588.8,2588.0,2910.5,2910.1,2910.1,27.490000,28.030001,going to home base
2024-04-12T23:54:49Z,2387.2,2386.8,2387.1,2642.8,2642.7,2643.0,5708.8,5708.2,5708.2,2348.8,2348.8,2348.9,3518.1,3517.7,3517.7,4442.7,4442.9,4442.4,6188.8,6189.3,6188.5,8671.1,8669.9,8669.2,5243.3,5241.9,5242.6,7465.2,7463.6,7463.7,6140.5,6139.2,6138.0,1868.7,1867.3,1867.3,3700.9,3701.1,3701.8,2589.4,2588.6,2589.0,2909.4,2909.1,2908.8,27.459999,28.100000,going to home base
2024-04-12T23:54:54Z,2388.5,2388.0,2387.7,2643.8,2643.3,2644.3,5708.6,5708.2,5708.1,2348.5,2349.1,2349.7,3518.2,3517.9,3518.7,4442.7,4442.6,4442.5,6189.2,6188.5,6190.2,8668.0,8668.9,8667.0,5243.8,5243.6,5244.5,7464.7,7462.7,7463.8,6140.5,6139.4,6140.3,1868.6,1867.1,1867.2,3700.3,3700.3,3701.4,2589.7,2588.7,2589.0,2909.3,2908.9,2908.9,27.480000,28.110001,going to home base
2024-04-12T23:54:59Z,2388.2,2387.6,2388.0,2642.9,2642.7,2643.4,5708.2,5707.9,5707.9,2349.4,2349.1,2349.4,3518.5,3518.4,3518.0,4442.7,4442.0,4442.4,6189.1,6189.2,6190.5,8672.6,8670.0,8669.5,5245.2,5245.0,5244.9,7462.2,7462.6,7463.6,6140.4,6138.8,6139.4,1868.5,1866.7,1866.9,3700.8,3700.6,3701.3,2588.6,2588.0,2587.8,2908.9,2909.7,2909.6,27.480000,28.139999,going to home base
2024-04-12T23:55:04Z,2388.3,2387.6,2388.0,2642.8,2642.6,2643.2,5708.4,5707.7,5707.3,2348.6,2348.8,2349.6,3518.0,3517.4,3518.2,4442.7,4442.4,4442.5,6188.5,6189.6,6189.2,8671.0,8671.5,8669.9,5244.3,5244.4,5244.9,7461.9,7460.8,7462.6,6139.0,6136.6,6138.9,1868.5,1867.2,1867.3,3700.2,3700.5,3701.0,2588.2,2587.9,2588.0,2908.8,2908.8,2909.2,27.490000,28.070000,going to home base
2024-04-12T23:55:09Z,2388.3,2387.8,2388.0,2643.0,2643.0,2643.2,5708.0,5707.5,5707.4,2349.1,2349.5,2349.8,3518.3,3517.6,3517.9,4442.2,4442.3,4442.4,6187.9,6187.7,6189.2,8669.1,8669.1,8669.3,5244.8,5243.5,5244.4,7463.1,7460.3,7462.4,6142.3,6143.2,6143.5,1868.7,1867.3,1866.9,3699.4,3699.2,3700.5,2588.9,2587.9,2588.2,2909.0,2909.3,2908.6,27.480000,28.010000,going to home base
2024-04-12T23:55:14Z,2388.4,2387.4,2387.5,2642.1,2642.5,2642.4,5708.4,5708.3,5708.7,2350.1,2349.6,2349.7,3517.7,3517.7,3517.7,4441.9,4442.0,4442.1,6189.1,6189.6,6191.6,8669.5,8668.7,8670.6,5242.7,5242.1,5243.8,7464.6,7465.7,7464.6,6142.8,6143.5,6143.5,1869.0,1867.3,1867.2,3699.2,3699.3,3700.3,2588.5,2587.3,2587.5,2909.3,2909.1,2909.0,27.480000,28.000000,going to home base
2024-04-12T23:55:19Z,2387.7,2387.0,2387.3,2642.0,2642.1,2642.5,5708.7,5708.3,5707.9,2349.4,2349.6,2349.5,3517.9,3517.0,3517.5,4441.9,4441.9,4441.8,6187.3,6187.7,6187.9,8669.8,8669.5,8671.8,5242.1,5243.1,5243.2,7462.4,7464.3,7463.6,6142.4,6139.4,6141.4,1868.3,1866.9,1866.7,3699.4,3698.8,3700.1,2588.5,2587.9,2588.2,2909.9,2908.7,2909.2,27.480000,28.049999,going to home base
2024-04-12T23:55:24Z,2387.4,2386.8,2386.8,2642.3,2642.3,2642.3,5708.8,5707.8,5707.7,2348.9,2349.0,2349.4,3517.9,3517.6,3516.8,4442.3,4442.7,4442.5,6188.4,6187.1,6188.9,8666.2,8667.4,8668.0,5242.4,5241.5,5243.0,7463.1,7461.7,7462.8,6143.2,6141.9,6141.6,1868.2,1866.8,1867.0,3699.9,3699.7,3701.0,2589.1,2587.8,2587.9,2909.0,2907.8,2908.4,27.490000,28.110001,going to home base
2024-04-12T23:55:29Z,2387.9,2387.1,2387.5,2643.0,2643.2,2643.5,5708.2,5707.5,5707.7,2349.4,2349.7,2349.9,3518.1,3518.3,3518.3,4442.7,4442.3,4442.9,6187.9,6187.8,6188.0,8670.4,8669.7,8671.2,5242.6,5242.2,5243.2,7464.7,7464.4,7463.6,6140.2,6140.9,6141.3,1868.5,1867.3,1867.0,3700.3,3700.0,3699.9,2588.2,2586.9,2587.3,2908.6,2908.2,2908.6,27.480000,28.100000,going to home base
2024-04-12T23:55:34Z,2388.8,2388.1,2388.6,2643.0,2642.6,2643.4,5707.9,5707.6,5707.5,2349.7,2349.9,2350.4,3518.4,3517.9,3518.0,4441.9,4441.8,4441.8,6188.9,6188.1,6191.3,8667.6,8668.5,8668.0,5242.8,5241.6,5242.2,7462.2,7461.6,7461.3,6138.8,6139.2,6140.0,1868.4,1867.1,1867.0,3699.9,3700.3,3700.9,2588.4,2587.8,2588.0,2909.7,2909.3,2909.4,27.459999,28.040001,going to home base
2024-04-12T23:55:39Z,2388.0,2387.4,2387.7,2643.4,2643.6,2643.9,5708.0,5707.5,5707.5,2349.9,2350.2,2350.6,3518.4,3517.8,3517.9,4441.9,4441.5,4441.9,6187.4,6187.7,6189.6,8668.8,8669.4,8668.6,5242.4,5241.9,5243.1,7464.3,7464.5,7465.4,6140.6,6141.0,6141.0,1869.4,1867.9,1867.2,3699.4,3699.7,3699.9,2587.6,2587.0,2587.3,2908.0,2907.0,2908.2,27.480000,28.070000,going to home base
2024-04-12T23:55:44Z,2387.9,2387.0,2387.1,2643.2,2643.0,2643.2,5707.7,5707.4,5707.5,2349.9,2349.8,2350.3,3517.4,3516.3,3516.4,4441.9,4442.1,4442.1,6187.5,6185.8,6185.2,8670.9,8668.5,8670.1,5242.8,5242.2,5243.0,7465.0,7465.6,7465.4,6139.6,6140.4,6139.8,1868.5,1866.7,1866.6,3698.9,3699.4,3700.2,2589.1,2587.8,2588.3,2909.2,2908.5,2908.7,27.490000,28.110001,going to home base
2024-04-12T23:55:49Z,2388.1,2387.1,2387.6,2643.9,2643.7,2644.2,5707.6,5707.2,5707.2,2349.3,2349.5,2349.9,3518.7,3517.6,3517.3,4442.3,4442.1,4441.9,6186.9,6184.6,6184.6,8669.9,8670.3,8668.8,5241.1,5241.7,5242.6,7467.1,7464.9,7467.1,6143.4,6141.7,6142.1,1868.5,1867.5,1867.2,3699.8,3699.6,3700.6,2588.5,2588.4,2587.9,2909.4,2909.4,2909.5,27.490000,28.129999,going to home base
2024-04-12T23:55:54Z,2388.0,2387.1,2387.4,2643.0,2642.7,2643.1,5708.2,5707.6,5707.8,2349.0,2349.4,2349.5,3517.7,3517.3,3517.1,4442.1,4442.2,4441.8,6189.1,6188.1,6188.5,8669.2,8669.8,8670.7,5242.4,5241.6,5243.9,7467.2,7467.2,7467.2,6139.2,6139.3,6138.3,1869.0,1866.9,1867.3,3699.8,3699.9,3701.0,2587.9,2587.0,2587.4,2908.3,2908.9,2908.1,27.480000,28.070000,going to home base
2024-04-12T23:55:59Z,2387.4,2386.8,2387.5,2642.8,2643.1,2643.6,5707.2,5706.6,5707.0,2349.0,2349.4,2349.4,3517.5,3517.3,3517.7,4442.1,4442.1,4442.3,6187.8,6188.1,6186.8,8668.6,8668.3,8669.8,5243.0,5242.9,5242.3,7466.3,7461.5,7463.3,6141.6,6141.6,6142.2,1869.1,1867.5,1867.3,3699.9,3700.3,3701.3,2588.1,2587.2,2587.2,2908.9,2909.0,2909.7,27.490000,28.040001,going to home base
2024-04-12T23:56:04Z,2387.6,2387.0,2387.3,2643.0,2642.8,2643.4,5707.2,5706.9,5706.8,2349.0,2349.0,2349.5,3517.7,3517.0,3516.5,4441.3,4441.8,4441.6,6187.1,6186.4,6186.6,8667.8,8668.9,8667.6,5242.3,5242.0,5243.4,7463.6,7462.9,7463.6,6142.4,6142.1,6142.9,1868.5,1867.0,1867.1,3698.5,3698.9,3700.0,2588.3,2586.9,2587.5,2907.9,2907.8,2908.4,27.510000,27.980000,going to home base
2024-04-12T23:56:09Z,2387.4,2386.7,2387.1,2643.2,2642.9,2643.6,5707.4,5707.0,5706.7,2349.9,2349.6,2350.3,3517.2,3517.9,3516.6,4442.0,4441.7,4441.9,6188.2,6188.1,6186.8,8668.8,8667.1,8667.5,5242.9,5242.0,5243.4,7463.5,7465.0,7463.2,6141.4,6143.1,6141.4,1868.7,1867.2,1867.1,3699.1,3698.9,3699.7,2587.5,2586.7,2586.5,2909.6,2909.4,2909.5,27.459999,28.040001,going to home base
2024-04-12T23:56:14Z,2387.6,2387.0,2387.3,2642.6,2642.5,2643.0,5707.2,5707.2,5707.5,2349.3,2349.6,2349.3,3517.6,3516.9,3517.7,4442.5,4442.4,4442.0,6189.7,6188.1,6189.6,8670.9,8670.7,8669.5,5242.4,5242.2,5243.6,7465.2,7462.8,7464.9,6140.5,6140.9,6140.9,1868.4,1867.0,1867.0,3698.9,3698.8,3699.6,2588.4,2588.2,2587.9,2909.1,2909.0,2908.7,27.490000,28.030001,going to home base
2024-04-12T23:56:19Z,2387.4,2386.8,2387.1,2642.8,2642.4,2643.3,5707.6,5707.3,5707.4,2349.3,2349.1,2349.8,3518.2,3518.0,3517.7,4441.9,4442.3,4442.0,6187.1,6185.6,6186.7,8665.6,8665.8,8665.7,5242.2,5242.9,5243.4,7464.4,7464.1,7464.2,6141.0,6140.9,6140.8,1868.2,1866.8,1866.1,3699.9,3699.8,3700.6,2588.0,2587.6,2587.3,2908.2,2908.6,2908.1,27.480000,28.030001,going to home base
2024-04-12T23:56:24Z,2387.6,2387.1,2387.4,2643.7,2643.6,2643.6,5707.7,5707.2,5707.4,2348.3,2348.3,2348.6,3517.7,3517.4,3517.2,4442.0,4441.7,4441.9,6186.6,6187.5,6187.3,8667.1,8666.2,8666.8,5240.8,5240.2,5242.3,7464.6,7463.1,7464.0,6138.4,6138.9,6140.7,1868.9,1867.6,1867.6,3699.7,3700.1,3701.2,2588.1,2587.8,2587.3,2909.5,2908.7,2909.3,27.480000,28.070000,going to home base
2024-04-12T23:56:29Z,2388.8,2388.0,2388.2,2643.8,2643.5,2643.7,5707.5,5707.4,5707.2,2349.0,2348.5,2349.2,3518.2,3517.4,3517.2,4442.1,4441.9,4442.0,6188.5,6187.2,6187.9,8669.0,8669.9,8670.2,5242.9,5242.7,5242.6,7464.4,7463.9,7464.6,6140.6,6139.8,6140.5,1868.9,1867.3,1867.4,3700.1,3699.9,3700.4,2587.9,2587.2,2587.8,2909.2,2908.8,2908.4,27.490000,28.070000,going to home base
2024-04-12T23:56:34Z,2388.7,2388.2,2388.4,2643.4,2643.4,2643.5,5707.8,5707.2,5707.2,2350.0,2349.7,2350.2,3518.3,3517.8,3518.1,4441.8,4441.9,4442.1,6185.7,6186.3,6187.0,8668.7,8668.1,8668.0,5240.9,5241.3,5241.6,7464.5,7462.4,7463.7,6138.6,6137.5,6139.9,1867.9,1866.3,1866.9,3699.2,3699.5,3700.1,2587.9,2587.4,2587.7,2908.8,2910.2,2910.7,27.459999,28.080000,going to home base
2024-04-12T23:56:39Z,2388.8,2387.8,2387.9,2642.7,2642.5,2642.4,5707.5,5707.4,5706.9,2348.6,2348.1,2348.8,3518.2,3517.5,3517.8,4442.2,4441.9,4442.2,6185.2,6183.7,6184.2,8670.2,8668.6,8668.3,5240.3,5240.5,5241.9,7461.7,7462.5,7464.3,6141.8,6142.0,6143.4,1868.5,1866.9,1866.6,3699.4,3699.8,3699.9,2588.5,2588.1,2588.2,2908.8,2908.3,2908.9,27.480000,28.040001,going to home base
2024-04-12T23:56:44Z,2387.5,2387.1,2386.8,2642.7,2642.3,2642.7,5708.1,5707.4,5707.2,2348.3,2348.5,2348.9,3517.8,3517.5,3517.8,4442.4,4442.1,4442.3,6184.6,6184.6,6185.0,8668.9,8668.5,8668.1,5241.6,5241.0,5240.9,7466.0,7463.6,7464.4,6141.2,6139.6,6141.2,1867.9,1866.5,1866.8,3700.2,3698.8,3700.3,2589.2,2588.1,2588.5,2910.2,2909.2,2909.4,27.480000,28.040001,going to home base
2024-04-12T23:56:49Z,2387.8,2386.9,2387.2,2642.8,2643.0,2643.2,5707.7,5707.2,5707.0,2349.5,2349.4,2349.3,3517.3,3517.4,3517.9,4442.0,4442.7,4442.6,6185.9,6185.3,6186.5,8667.1,8666.3,8667.3,5241.8,5240.6,5241.7,7463.3,7462.8,7461.8,6140.2,6140.0,6140.3,1868.3,1866.9,1866.7,3699.6,3699.2,3700.0,2588.6,2587.8,2587.8,2909.8,2908.9,2908.9,27.490000,28.020000,going to home base
2024-04-12T23:56:54Z,2387.5,2387.3,2387.3,2641.9,2642.2,2642.4,5707.1,5706.9,5707.2,2349.4,2348.9,2349.5,3518.1,3517.4,3518.1,4442.2,4441.6,4441.9,6185.4,6185.7,6185.4,8669.3,8666.0,8665.9,5240.8,5240.4,5241.2,7463.1,7463.1,7464.0,6139.8,6141.6,6140.8,1868.7,1867.0,1866.8,3699.2,3699.3,3699.9,2588.8,2587.8,2588.0,2910.3,2910.6,2910.2,27.490000,28.030001,going to home base
2024-04-12T23:56:59Z,2388.6,2387.9,2388.7,2642.8,2642.5,2642.8,5707.8,5707.2,5707.2,2348.1,2348.3,2348.6,3517.6,3517.8,3517.4,4441.7,4441.5,4442.3,6185.9,6185.5,6186.5,8667.3,8668.5,8666.3,5241.1,5241.9,5242.0,7462.3,7462.3,7461.9,6138.7,6139.4,6140.2,1868.3,1867.1,1866.7,3699.6,3698.3,3700.2,2588.8,2588.1,2588.0,2910.4,2910.5,2910.0,27.480000,27.980000,going to home base
2024-04-12T23:57:04Z,2387.1,2387.0,2386.7,2642.1,2642.5,2642.8,5707.2,5706.4,5706.3,2349.0,2349.0,2349.3,3517.8,3517.1,3517.5,4441.4,4441.4,4441.2,6184.3,6182.8,6184.5,8667.0,8666.8,8665.4,5240.1,5240.9,5241.9,7465.4,7463.2,7463.0,6142.0,6142.4,6143.1,1868.5,1867.2,1867.3,3699.5,3698.9,3700.2,2587.3,2587.2,2587.0,2910.7,2909.2,2909.7,27.520000,27.969999,going to home base
2024-04-12T23:57:09Z,2387.3,2386.8,2387.2,2642.0,2642.2,2642.3,5707.4,5707.3,5707.6,2349.2,2348.2,2349.0,3517.4,3516.7,3516.6,4441.8,4441.5,4441.9,6184.7,6183.9,6185.2,8666.3,8666.1,8667.3,5241.1,5241.4,5242.0,7462.7,7462.8,7461.7,6140.5,6140.7,6140.7,1868.3,1866.9,1866.5,3698.4,3698.8,3699.4,2588.7,2587.8,2587.4,2909.4,2908.7,2909.8,27.490000,27.990000,going to home base
2024-04-12T23:57:14Z,2386.8,2385.7,2386.2,2641.7,2641.4,2642.0,5707.7,5707.3,5707.4,2349.4,2348.9,2349.0,3516.7,3516.9,3516.4,4441.6,4440.8,4441.3,6184.2,6182.8,6183.5,8665.6,8666.2,8666.8,5240.7,5241.2,5242.1,7461.4,7462.2,7460.9,6141.3,6141.8,6140.9,1868.3,1866.7,1866.6,3699.2,3699.7,3700.8,2586.6,2586.1,2586.7,2910.3,2909.6,2908.9,27.490000,28.059999,going to home base
2024-04-12T23:57:19Z,2387.1,2386.5,2387.1,2642.9,2642.4,2642.8,5706.9,5706.8,5706.6,2349.2,2349.0,2349.4,3516.6,3516.5,3516.9,4441.4,4441.6,4441.5,6182.1,6183.2,6184.1,8664.6,8664.5,8664.5,5242.2,5241.9,5243.5,7462.8,7461.6,7462.0,6140.0,6140.6,6140.8,1868.3,1867.0,1866.6,3699.2,3698.9,3700.0,2588.1,2586.9,2586.9,2909.0,2907.8,2908.3,27.459999,28.000000,going to home base
2024-04-12T23:57:24Z,2387.3,2386.7,2386.7,2642.3,2641.7,2642.3,5706.9,5706.8,5706.6,2348.8,2349.2,2349.2,3517.6,3517.0,3517.4,4441.9,4441.7,4441.4,6182.5,6181.9,6182.3,8662.9,8664.3,8663.3,5240.8,5241.5,5242.0,7461.1,7461.2,7460.3,6138.9,6139.1,6139.6,1868.6,1867.2,1867.0,3698.6,3698.7,3699.4,2587.2,2586.5,2586.3,2911.0,2910.7,2910.3,27.490000,27.980000,going to home base
2024-04-12T23:57:29Z,2387.1,2386.4,2386.4,2642.2,2642.1,2642.4,5707.1,5706.5,5706.3,2349.7,2349.8,2350.2,3517.7,3517.3,3517.5,4441.3,4441.2,4441.3,6182.8,6182.1,6183.6,8665.1,8666.0,8665.7,5242.6,5242.2,5242.9,7459.8,7460.1,7460.4,6138.4,6137.6,6137.7,1868.1,1866.9,1867.1,3699.3,3699.3,3700.0,2587.5,2586.4,2586.6,2910.6,2909.9,2909.9,27.459999,28.030001,going to home base
2024-04-12T23:57:34Z,2386.6,2386.0,2386.2,2641.6,2641.4,2642.6,5706.9,5706.3,5706.5,2349.4,2348.9,2350.0,3517.8,3517.3,3517.1,4441.0,4441.4,4441.3,6182.9,6183.2,6183.8,8666.7,8667.7,8666.1,5241.8,5242.5,5243.2,7460.4,7460.9,7459.8,6137.9,6139.3,6140.3,1868.3,1866.5,1866.9,3699.8,3700.0,3699.9,2588.0,2587.0,2586.9,2909.5,2909.3,2910.0,27.480000,28.030001,going to home base
2024-04-12T23:57:39Z,2387.0,2386.1,2386.2,2642.1,2642.1,2641.6,5706.3,5706.4,5705.9,2349.5,2349.1,2349.7,3516.1,3515.8,3516.8,4440.8,4440.4,4440.6,6184.4,6185.1,6184.2,8663.9,8663.9,8664.3,5241.1,5240.3,5241.8,7463.5,7462.9,7462.6,6136.9,6137.5,6138.7,1868.2,1867.0,1867.2,3699.6,3699.8,3700.3,2587.8,2586.9,2587.3,2909.6,2909.7,2908.7,27.480000,28.010000,going to home base
2024-04-12T23:57:44Z,2386.8,2386.4,2386.2,2642.4,2642.1,2642.4,5706.5,5706.3,5705.8,2348.9,2349.1,2348.9,3517.3,3516.3,3516.7,4440.8,4440.6,4440.5,6184.1,6184.3,6184.1,8664.6,8664.6,8665.8,5241.7,5241.0,5242.3,7461.7,7461.2,7460.5,6138.5,6137.3,6135.9,1868.5,1867.0,1867.2,3698.9,3699.1,3699.8,2586.8,2585.8,2586.5,2909.9,2909.7,2909.3,27.459999,28.030001,going to home base
2024-04-12T23:57:49Z,2386.3,2385.9,2386.2,2641.1,2641.0,2641.1,5706.6,5706.1,5706.1,2349.0,2349.1,2349.3,3517.9,3517.3,3517.2,4441.4,4441.3,4441.6,6182.9,6183.8,6184.0,8665.6,8664.6,8664.9,5240.5,5241.0,5241.8,7462.6,7461.5,7460.4,6137.5,6137.0,6138.9,1868.7,1866.9,1867.0,3697.9,3697.9,3698.9,2587.7,2587.3,2587.0,2909.7,2909.2,2909.2,27.490000,28.010000,going to home base
2024-04-12T23:57:54Z,2387.4,2386.2,2386.1,2641.3,2641.4,2642.2,5706.9,5706.5,5707.2,2348.3,2348.1,2348.5,3517.3,3517.3,3517.3,4441.1,4441.1,4441.0,6182.8,6183.5,6182.1,8664.9,8664.4,8665.3,5241.9,5240.7,5242.7,7462.4,7461.9,7460.8,6138.3,6137.6,6140.5,1868.8,1867.0,1867.2,3699.2,3699.6,3700.1,2587.5,2586.9,2587.0,2912.1,2910.7,2910.9,27.490000,28.080000,going to home base
2024-04-12T23:57:59Z,2386.2,2384.7,2385.4,2641.2,2641.0,2641.5,5707.0,5706.7,5707.0,2349.2,2349.5,2350.2,3518.0,3518.1,3517.9,4441.3,4441.0,4440.9,6185.0,6182.3,6183.5,8666.4,8666.4,8667.2,5239.7,5240.0,5241.8,7463.0,7462.2,7461.8,6139.9,6139.1,6142.0,1868.9,1867.4,1867.5,3698.3,3698.2,3699.2,2587.6,2587.1,2586.7,2911.0,2910.1,2910.5,27.459999,28.080000,going to home base
2024-04-12T23:58:04Z,2386.5,2386.0,2386.2,2641.2,2641.1,2642.3,5707.3,5706.8,5707.0,2349.0,2349.4,2349.9,3518.1,3517.8,3517.1,4440.4,4440.6,4440.6,6181.8,6181.5,6182.9,8665.6,8662.7,8664.2,5240.1,5240.5,5241.7,7462.8,7462.0,7463.3,6140.1,6141.8,6140.9,1868.5,1867.2,1867.0,3698.8,3698.6,3699.0,2587.7,2587.0,2587.0,2910.1,2909.7,2910.2,27.480000,28.070000,going to home base
2024-04-12T23:58:09Z,2386.0,2385.5,2385.8,2641.5,2641.7,2642.0,5707.3,5706.5,5706.9,2349.7,2349.7,2349.9,3516.9,3516.2,3516.2,4441.0,4441.0,4440.7,6182.4,6182.6,6182.3,8664.2,8663.9,8662.5,5241.6,5241.5,5240.9,7461.7,7463.0,7461.7,6140.3,6140.7,6140.4,1868.5,1866.9,1867.2,3698.1,3698.1,3699.2,2587.6,2587.0,2587.1,2911.3,2910.1,2911.5,27.480000,28.070000,going to home base
2024-04-12T23:58:14Z,2386.5,2385.7,2385.6,2641.9,2641.3,2641.7,5707.7,5706.9,5707.0,2349.5,2349.4,2349.3,3517.4,3516.9,3516.9,4441.2,4441.0,4441.2,6183.5,6183.2,6183.6,8664.4,8664.1,8665.7,5242.9,5241.6,5242.7,7462.8,7460.4,7461.0,6138.4,6140.4,6141.9,1868.6,1867.4,1867.2,3698.8,3698.7,3699.8,2587.7,2587.0,2587.5,2911.7,2910.9,2911.2,27.490000,28.080000,going to home base
2024-04-12T23:58:19Z,2386.7,2385.6,2386.0,2641.7,2641.5,2642.0,5706.7,5706.5,5706.3,2348.0,2348.8,2349.1,3517.8,3517.0,3516.7,4440.8,4440.7,4440.9,6182.6,6181.7,6182.1,8663.6,8663.9,8665.5,5241.5,5240.9,5241.5,7464.0,7463.3,7463.6,6139.9,6138.9,6140.0,1868.4,1866.9,1867.3,3698.0,3697.7,3698.5,2587.2,2586.9,2587.2,2911.4,2911.4,2910.7,27.480000,28.010000,going to home base
2024-04-12T23:58:24Z,2386.9,2386.1,2386.6,2641.7,2641.9,2642.0,5705.8,5705.6,5705.7,2348.1,2347.2,2348.3,3517.4,3517.1,3516.8,4441.0,4441.0,4440.7,6182.7,6181.6,6181.9,8668.2,8665.4,8666.8,5241.1,5241.1,5241.9,7464.3,7462.3,7462.6,6136.9,6139.1,6139.0,1868.6,1866.8,1867.2,3698.4,3697.7,3699.0,2588.3,2587.2,2588.0,2910.3,2909.3,2909.0,27.480000,28.030001,going to home base
2024-04-12T23:58:29Z,2386.2,2385.7,2385.8,2641.1,2640.9,2641.5,5706.5,5706.5,5706.5,2348.1,2347.7,2348.5,3517.2,3517.1,3516.8,4441.2,4440.9,4440.9,6184.0,6183.3,6183.7,8667.9,8667.8,8668.1,5241.1,5240.7,5241.4,7463.9,7462.8,7461.8,6139.8,6141.3,6140.2,1868.7,1867.0,1866.8,3697.5,3697.9,3698.3,2587.7,2587.4,2587.8,2910.5,2909.9,2910.1,27.490000,28.010000,going to home base
2024-04-12T23:58:34Z,2386.2,2385.8,2386.0,2641.9,2641.4,2641.7,5706.1,5705.2,5706.1,2348.4,2348.4,2348.4,3517.4,3516.6,3517.0,4441.3,4440.8,4440.9,6180.7,6180.8,6182.1,8667.8,8665.9,8667.1,5241.4,5241.4,5241.7,7464.9,7463.8,7463.9,6135.0,6138.2,6138.2,1868.3,1867.3,1866.8,3697.7,3697.6,3699.0,2588.7,2588.0,2587.7,2911.4,2910.3,2911.8,27.459999,28.010000,going to home base
2024-04-12T23:58:39Z,2386.8,2386.1,2386.6,2642.0,2641.6,2642.3,5705.4,5705.6,5705.2,2348.3,2348.4,2348.4,3517.8,3516.9,3517.0,4440.5,4440.3,4440.5,6182.5,6182.7,6182.5,8667.8,8667.1,8667.4,5240.6,5241.5,5242.8,7462.1,7461.5,7462.5,6136.5,6135.0,6135.8,1868.8,1867.4,1866.9,3697.9,3698.4,3699.1,2587.7,2587.4,2587.6,2910.3,2910.2,2909.9,27.480000,28.010000,going to home base
2024-04-12T23:58:44Z,2386.2,2385.5,2385.4,2641.6,2641.7,2641.6,5705.6,5705.7,5705.9,2348.4,2348.4,2348.4,3517.9,3517.5,3517.0,4440.5,4440.2,4440.1,6181.3,6182.2,6182.1,8668.5,8668.1,8667.4,5241.8,5241.4,5242.7,7462.2,7459.7,7460.7,6137.4,6136.9,6137.6,1868.3,1866.8,1867.0,3697.4,3698.2,3698.8,2587.7,2587.2,2587.9,2911.0,2911.3,2910.8,27.480000,28.000000,going to home base
2024-04-12T23:58:49Z,2386.8,2386.3,2386.7,2641.7,2641.8,2642.3,5705.7,5705.5,5705.2,2348.1,2347.9,2348.4,3517.1,3516.2,3516.6,4440.6,4440.3,4440.6,6182.1,6181.6,6180.8,8667.7,8666.7,8668.6,5240.9,5241.1,5241.1,7462.3,7460.8,7461.5,6140.8,6139.7,6139.8,1868.3,1867.1,1866.7,3698.0,3697.9,3698.7,2588.7,2588.1,2587.6,2909.6,2909.3,2910.3,27.480000,28.000000,going to home base
2024-04-12T23:58:54Z,2387.3,2386.8,2386.9,2641.6,2641.6,2642.2,5705.9,5706.0,5705.7,2348.6,2348.5,2348.0,3517.4,3517.0,3517.1,4440.7,4440.5,4440.2,6183.0,6180.6,6182.1,8666.8,8666.1,8666.9,5243.1,5242.2,5243.5,7462.8,7461.2,7462.2,6135.4,6136.4,6137.0,1868.6,1866.8,1866.9,3698.5,3698.7,3700.2,2587.6,2587.3,2587.5,2910.8,2909.7,2909.9,27.480000,28.080000,going to home base
2024-04-12T23:58:59Z,2386.6,2385.8,2386.0,2642.5,2642.2,2642.9,5705.6,5705.0,5704.9,2348.3,2348.4,2348.6,3517.8,3517.2,3516.9,4440.2,4440.0,4440.4,6180.1,6182.4,6180.8,8666.3,8666.3,8665.8,5240.4,5240.0,5240.4,7462.4,7461.4,7460.5,6138.6,6135.6,6136.7,1868.3,1867.1,1867.2,3698.3,3698.3,3699.4,2587.4,2586.8,2587.4,2910.3,2909.4,2910.3,27.490000,28.070000,going to home base
2024-04-12T23:59:04Z,2386.5,2386.1,2386.3,2642.1,2642.1,2642.3,5705.2,5704.8,5705.1,2348.5,2348.6,2348.6,3515.9,3516.3,3515.9,4441.1,4440.5,4440.9,6182.3,6182.1,6181.6,8666.3,8664.3,8664.6,5240.2,5241.1,5240.5,7461.8,7459.8,7460.1,6136.5,6136.3,6136.2,1868.7,1867.1,1866.6,3698.8,3698.9,3699.7,2587.4,2586.7,2587.0,2910.3,2910.2,2910.6,27.459999,28.049999,going to home base
2024-04-12T23:59:09Z,2386.4,2385.5,2385.9,2641.9,2641.8,2642.3,5705.6,5705.1,5705.3,2348.7,2348.3,2348.8,3515.8,3515.6,3515.6,4440.4,4441.0,4441.0,6181.2,6177.8,6179.2,8663.6,8663.3,8663.7,5240.4,5239.9,5241.9,7465.2,7462.9,7463.6,6139.8,6140.6,6141.2,1868.6,1867.3,1866.7,3697.9,3698.0,3699.0,2587.1,2586.3,2586.7,2911.4,2910.9,2911.7,27.490000,28.010000,going to home base
2024-04-12T23:59:14Z,2385.4,2385.0,2385.0,2642.1,2641.9,2642.3,5706.5,5706.5,5706.4,2348.4,2348.8,2349.0,3516.3,3516.4,3516.2,4441.3,4440.9,4440.8,6182.9,6182.0,6181.7,8664.8,8665.7,8666.0,5240.3,5239.8,5241.2,7462.4,7462.7,7463.4,6139.6,6138.5,6139.9,1868.8,1867.3,1866.8,3698.9,3698.7,3699.7,2588.1,2587.2,2586.9,2910.8,2910.5,2910.8,27.490000,28.000000,going to home base
2024-04-12T23:59:19Z,2386.0,2385.3,2385.7,2642.3,2642.6,2642.8,5706.0,5706.1,5705.8,2348.6,2348.8,2348.6,3515.6,3514.9,3515.1,4440.4,4440.5,4440.8,6183.8,6184.2,6184.7,8665.9,8666.0,8664.8,5243.2,5242.1,5243.2,7464.5,7464.0,7463.8,6139.4,6140.1,6137.8,1868.1,1866.5,1866.4,3697.9,3697.7,3698.9,2588.4,2587.4,2587.4,2911.5,2910.7,2910.4,27.490000,28.040001,going to home base
2024-04-12T23:59:29Z,2386.0,2385.5,2385.5,2642.9,2642.2,2642.9,5706.2,5705.2,5705.7,2348.6,2348.4,2348.7,3517.1,3516.4,3516.5,4440.7,4440.8,4441.2,6182.6,6181.7,6182.6,8start,26994.5,26995.6,2385.9,2385.4,2385.6,2643.2,2643.0,2642.6,5705.9,5706.0,5706.2,3769.6,88435.5,88484.8,14317.9,14313.2,14308.1,3517.0,3516.4,3516.1,4441.0,4440.9,4441.4,6182.5,16663.5,going to home base
2024-04-12T23:59:39Z,2385.6,2385.3,2385.5,2642.9,2642.3,2642.7,5706.4,5705.7,5705.6,2347.8,2347.8,2347.8,3517.8,3517.0,3517.6,4440.5,4440.4,4440.7,6184.0,6183.4,6183.4,8666.0,8665.0,8666.1,5240.8,5241.6,5241.9,7462.0,7461.2,7462.0,6140.8,6140.6,6141.9,1868.1,1866.7,1866.5,3698.1,3698.1,3699.5,2588.6,2587.4,2587.4,2910.6,2910.9,2910.7,27.459999,28.030001,going to home base
2024-04-12T23:59:44Z,2385.8,2385.1,2385.3,2642.2,2642.3,2642.4,5707.2,5706.4,5706.9,2348.4,2348.7,2348.4,3516.6,3516.3,3516.3,4440.7,4440.8,4440.6,6185.4,6184.0,6185.7,8665.9,8664.7,8665.1,5242.4,5243.5,5242.8,7463.2,7462.5,7462.9,6138.3,6138.3,6138.1,1868.7,1867.5,1867.4,3698.3,3698.1,3699.0,2587.6,2586.8,2587.2,2909.5,2908.7,2909.4,27.480000,28.059999,going to home base
2024-04-12T23:59:49Z,2386.6,2386.4,2386.5,2641.6,2641.6,2641.7,5706.5,5705.7,5706.2,2349.2,2348.8,2349.4,3517.4,3517.3,3516.9,4441.2,4440.5,4440.2,6186.8,6185.6,6185.5,8665.4,8665.0,8663.9,5242.9,5242.2,5243.5,7463.0,7462.9,7463.5,6142.0,6143.0,6141.7,1868.3,1866.8,1867.0,3697.9,3698.7,3699.2,2588.4,2587.8,2587.9,2910.4,2909.4,2909.4,27.459999,28.040001,going to home base
2024-04-12T23:59:54Z,2386.8,2386.4,2386.6,2642.3,2641.5,2642.1,5706.4,5706.1,5705.9,2349.2,2349.1,2349.4,3517.1,3516.5,3516.2,4440.8,4440.6,4440.9,6185.8,6185.5,6186.0,8666.2,8667.6,8667.9,5242.3,5242.7,5243.5,7463.4,7462.4,7463.3,6140.9,6140.6,6140.0,1867.8,1866.6,1866.3,3698.6,3698.2,3699.4,2587.6,2586.2,2585.8,2910.2,2910.5,2911.3,27.480000,28.100000,going to home base
2024-04-12T23:59:59Z,2386.6,2386.3,2386.2,2642.8,2642.4,2643.2,5706.1,5705.6,5705.3,2348.4,2348.6,2348.9,3517.1,3516.8,3516.5,4440.6,4440.2,4440.3,6184.5,6183.3,6185.5,8667.9,8666.5,8667.7,5243.1,5243.4,5244.8,7463.3,7461.7,7461.9,6142.5,6142.2,6143.9,1867.9,1866.5,1866.7,3698.8,3699.0,3699.8,2588.0,2587.0,2587.5,2910.1,2910.1,2909.2,27.490000,28.080000,going to home base
2024-04-13T00:00:04Z,2386.2,2385.3,2385.6,2641.9,2642.4,2643.0,5706.2,5706.4,5705.9,2349.2,2349.0,2349.7,3517.4,3516.9,3516.9,4441.2,4440.7,4440.8,6184.2,6183.1,6184.4,8665.3,8665.6,8665.5,5243.0,5241.8,5243.2,7462.7,7461.6,7461.0,6141.3,6140.4,6141.4,1869.1,1867.7,1867.7,3698.6,3699.2,3699.7,2587.1,2586.6,2586.3,2910.1,2910.2,2910.5,27.459999,28.070000,going to home base
2024-04-13T00:00:09Z,2386.1,2385.4,2385.6,2643.0,2642.9,2643.4,5706.3,5706.0,5706.4,2349.0,2349.4,2349.0,3516.6,3516.7,3517.2,4441.0,4440.7,4440.9,6184.5,6182.8,6185.0,8668.1,8667.1,8667.2,5243.4,5242.6,5242.9,7463.3,7461.0,7461.7,6138.5,6138.4,6135.7,1867.9,1866.6,1866.4,3698.8,3698.7,3699.2,2587.0,2586.6,2586.6,2911.4,2911.2,2911.4,27.459999,28.070000,going to home base
2024-04-13T00:00:14Z,2385.7,2385.0,2385.4,2642.6,2642.3,2642.9,5705.9,5706.2,5705.8,2349.5,2349.7,2350.0,3517.8,3517.5,3516.9,4441.0,4440.5,4440.3,6182.4,6180.5,6181.6,8668.8,8668.5,8666.2,5242.1,5242.2,5243.4,7460.6,7459.5,7461.4,6139.9,6140.1,6140.7,1868.0,1866.5,1866.9,3698.5,3698.8,3699.3,2587.8,2587.0,2586.9,2913.1,2911.3,2911.5,27.490000,28.010000,going to home base
2024-04-13T00:00:19Z,2386.1,2385.6,2386.0,2642.0,2641.8,2642.1,5705.5,5705.4,5705.7,2349.4,2350.1,2349.9,3517.7,3518.3,3516.9,4441.1,4439.9,4440.2,6181.4,6181.2,6181.7,8667.5,8668.3,8668.9,5240.9,5240.7,5241.9,7462.0,7461.1,7459.5,6138.2,6139.4,6139.0,1867.8,1866.3,1866.6,3697.9,3698.1,3699.3,2587.8,2586.7,2587.3,2909.9,2909.3,2909.0,27.480000,27.959999,going to home base
2024-04-13T00:00:24Z,2385.5,2385.0,2385.1,2642.2,2642.1,2641.7,5706.1,5705.3,5705.9,2349.0,2349.3,2349.0,3517.8,3517.8,3517.4,4440.5,4440.3,4441.0,6182.3,6182.5,6183.1,8666.4,8666.5,8667.6,5241.1,5240.6,5243.1,7460.3,7460.8,7459.7,6138.6,6138.5,6139.0,1868.0,1866.6,1866.7,3698.6,3697.9,3698.8,2588.0,2587.2,2587.7,2911.0,2910.9,2910.3,27.459999,27.959999,going to home base
2024-04-13T00:00:29Z,2385.8,2385.3,2385.5,2642.2,2642.0,2642.4,5706.1,5705.6,5705.6,2349.5,2349.8,2349.2,3517.9,3517.2,3517.3,4440.7,4440.6,4440.8,6185.4,6184.1,6184.9,8668.2,8668.3,8668.3,5240.9,5240.6,5242.7,7463.8,7462.4,7461.0,6138.8,6137.7,6138.8,1867.8,1866.3,1866.5,3698.2,3698.3,3699.0,2587.5,2587.4,2587.4,2911.3,2910.8,2910.5,27.480000,28.059999,going to home base
2024-04-13T00:00:34Z,2386.8,2386.2,2386.6,2642.5,2642.8,2642.9,5706.5,5705.7,5706.1,2349.8,2349.4,2349.6,3517.2,3516.1,3516.0,4440.0,4440.1,4439.9,6181.9,6182.6,6183.9,8669.7,8669.2,8668.6,5242.2,5242.0,5242.2,7463.5,7461.6,7462.4,6140.3,6141.8,6141.8,1867.6,1866.4,1866.3,3698.2,3698.0,3698.7,2587.8,2586.9,2587.1,2909.7,2909.1,2910.7,27.480000,28.010000,going to home base
2024-04-13T00:00:39Z,2386.6,2385.9,2386.0,2642.1,2642.2,2642.8,5705.2,5704.9,5705.2,2349.3,2349.1,2349.4,3516.8,3516.9,3517.1,4440.6,4440.3,4440.8,6180.7,6181.8,6182.0,8666.8,8668.4,8667.8,5241.6,5241.7,5242.8,7461.7,7461.3,7460.8,6136.4,6136.7,6138.9,1867.8,1866.7,1866.5,3698.4,3697.4,3698.8,2587.6,2586.7,2587.1,2911.1,2910.9,2911.2,27.490000,28.000000,going to home base
2024-04-13T00:00:44Z,2385.7,2385.3,2384.9,2642.1,2642.4,2642.4,5705.6,5705.4,5705.7,2349.6,2349.1,2349.5,3517.0,3516.6,3516.3,4440.8,4440.7,4440.5,6184.7,6184.0,6184.5,8666.3,8666.7,8667.0,5242.9,5240.9,5241.3,7461.0,7461.2,7462.1,6136.3,6136.9,6136.1,1867.5,1866.2,1866.1,3697.9,3698.1,3698.6,2587.6,2586.1,2586.9,2909.1,2908.3,2909.6,27.459999,27.959999,going to home base
2024-04-13T00:00:49Z,2386.2,2385.7,2386.1,2642.5,2642.2,2642.2,5706.0,5705.6,5705.2,2348.3,2348.4,2349.0,3516.2,3516.7,3516.4,4440.5,4440.4,4440.7,6181.7,6182.5,6182.7,8668.2,8667.3,8666.6,5240.8,5240.6,5240.9,7463.7,7461.7,7461.5,6138.9,6136.7,6137.1,1868.0,1866.9,1866.6,3698.1,3698.2,3699.2,2588.3,2586.9,2587.0,2909.8,2909.6,2910.1,27.490000,27.990000,going to home base
2024-04-13T00:00:54Z,2386.0,2385.4,2385.6,2642.1,2641.7,2642.2,5706.2,5705.6,5705.9,2349.6,2349.6,2349.7,3517.6,3517.1,3516.4,4440.4,4440.6,4440.7,6182.4,6181.0,6182.3,8668.4,8667.2,8668.2,5241.0,5240.6,5240.5,7461.5,7461.6,7460.6,6137.0,6137.8,6138.1,1867.9,1866.3,1866.4,3698.3,3698.4,3698.9,2587.2,2586.5,2586.7,2910.6,2910.2,2910.5,27.450001,27.959999,going to home base
2024-04-13T00:00:59Z,2385.9,2385.4,2385.6,2642.1,2642.2,2642.3,5705.6,5705.3,5705.1,2349.4,2349.2,2349.5,3517.3,3516.9,3516.4,4440.1,4439.9,4440.0,6180.6,6181.3,6182.3,8666.7,8665.9,8666.4,5241.6,5240.5,5240.5,7461.3,7460.1,7460.9,6135.6,6136.9,6138.3,1868.2,1867.0,1866.8,3697.6,3697.7,3698.5,2587.9,2586.4,2586.8,2908.0,2908.1,2908.2,27.510000,27.920000,going to home base
2024-04-13T00:01:04Z,2386.8,2385.9,2385.7,2642.2,2641.5,2642.5,5705.1,5704.7,5704.7,2348.5,2348.4,2348.6,3517.8,3517.6,3517.8,4439.9,4440.1,4439.9,6181.4,6182.2,6181.7,8665.8,8665.1,8667.6,5242.5,5242.5,5242.5,7460.9,7459.1,7459.2,6140.1,6138.0,6138.3,1868.3,1866.9,1866.8,3698.0,3698.2,3698.4,2587.4,2586.4,2587.3,2909.1,2909.3,2909.0,27.480000,27.969999,going to home base
2024-04-13T00:01:09Z,2386.1,2385.9,2386.1,2641.8,2641.6,2641.7,5704.8,5704.5,5704.5,2348.5,2348.7,2349.8,3517.8,3516.9,3516.8,4440.7,4440.0,4440.1,6185.1,6183.5,6184.0,8664.1,8665.4,8666.9,5241.8,5241.5,5241.9,7459.7,7461.1,7460.5,6137.0,6137.2,6136.9,1868.5,1866.7,1866.8,3697.8,3697.7,3698.8,2586.9,2586.0,2586.6,2909.2,2908.3,2908.5,27.480000,27.930000,going to home base
2024-04-13T00:01:14Z,2386.3,2385.9,2386.1,2641.7,2641.2,2641.8,5705.5,5705.2,5705.0,2348.7,2348.6,2348.4,3516.6,3517.4,3516.5,4439.7,4439.4,4439.4,6180.5,6182.7,6183.3,8666.2,8665.3,8664.4,5241.1,5240.6,5241.6,7460.1,7459.4,7459.7,6137.2,6135.2,6137.2,1868.0,1866.3,1866.3,3698.4,3698.2,3699.0,2587.1,2586.4,2586.6,2908.6,2907.7,2909.2,27.480000,27.959999,going to home base
2024-04-13T00:01:19Z,2386.8,2386.0,2386.0,2641.4,2641.5,2641.6,5705.5,5705.0,5705.0,2349.2,2349.3,2349.6,3516.7,3516.5,3516.4,4439.8,4439.6,4439.9,6181.8,6181.5,6181.6,8666.3,8665.8,8667.2,5240.4,5240.1,5240.8,7458.7,7458.8,7457.6,6137.6,6138.6,6141.9,1867.7,1866.3,1866.5,3697.6,3697.9,3698.8,2586.5,2586.2,2586.4,2909.2,2909.1,2909.5,27.459999,27.959999,going to home base
2024-04-13T00:01:24Z,2386.5,2385.9,2386.1,2641.7,2641.9,2641.7,5705.0,5704.7,5705.1,2348.8,2348.8,2349.2,3516.9,3516.6,3516.7,4439.7,4439.4,4439.6,6182.2,6182.5,6183.0,8667.0,8666.9,8666.7,5240.7,5241.1,5241.4,7459.7,7459.1,7458.8,6138.0,6139.2,6138.9,1867.7,1866.2,1866.1,3698.4,3698.0,3699.2,2585.9,2585.6,2585.9,2909.0,2908.0,2908.0,27.490000,27.920000,going to home base
2024-04-13T00:01:29Z,2386.2,2386.0,2385.9,2641.8,2641.9,2641.9,5704.8,5704.0,5704.1,2349.4,2349.2,2349.9,3517.4,3517.1,3517.0,4439.6,4439.0,4439.3,6184.4,6183.3,6183.7,8666.6,8666.6,8666.0,5241.5,5240.7,5241.9,7460.9,7459.4,7460.6,6136.3,6138.5,6135.8,1868.0,1866.1,1866.7,3698.0,3698.1,3699.2,2585.9,2584.8,2585.4,2909.4,2908.9,2908.6,27.459999,27.980000,going to home base
2024-04-13T00:01:34Z,2387.1,2386.3,2386.4,2641.5,2641.1,2641.5,5704.9,5704.4,5704.2,2348.8,2348.6,2349.2,3516.9,3517.2,3516.1,4439.3,4439.4,4439.2,6183.4,6184.5,6184.2,8668.1,8666.5,8668.6,5241.5,5242.1,5241.5,7461.0,7460.7,7460.0,6141.3,6140.9,6140.4,1868.1,1866.3,1866.2,3697.4,3697.5,3698.3,2586.3,2585.2,2585.1,2910.2,2910.2,2910.7,27.480000,27.950001,going to home base
2024-04-13T00:01:39Z,2386.5,2385.7,2386.0,2641.3,2640.6,2641.0,5704.8,5704.2,5704.5,2348.5,2348.2,2348.5,3517.2,3516.7,3517.0,4440.0,4439.4,4439.4,6181.1,6181.1,6180.8,8666.6,8665.8,8665.7,5240.6,5240.8,5241.9,7460.7,7461.6,7460.1,6139.8,6139.2,6139.8,1867.9,1866.3,1866.6,3698.0,3698.1,3699.2,2586.3,2585.7,2585.9,2908.7,2908.8,2909.6,27.480000,27.930000,going to home base
2024-04-13T00:01:44Z,2386.6,2385.8,2386.1,2640.5,2640.6,2640.8,5705.1,5704.1,5704.4,2348.7,2348.4,2349.2,3516.8,3515.7,3516.4,4439.4,4439.6,4439.0,6184.2,6183.3,6184.0,8664.3,8665.4,8665.6,5240.7,5240.3,5239.9,7461.9,7461.1,7460.3,6138.9,6138.8,6140.6,1867.5,1865.8,1865.9,3698.3,3698.4,3699.1,2586.3,2585.7,2586.2,2910.4,2909.8,2909.8,27.480000,27.969999,going to home base
2024-04-13T00:01:49Z,2386.6,2386.2,2386.4,2641.3,2641.3,2641.6,5705.4,5704.9,5704.7,2348.6,2348.6,2349.2,3517.8,3516.8,3516.6,4439.0,4439.1,4439.6,6180.3,6182.3,6181.4,8662.2,8663.6,8663.3,5240.7,5241.1,5242.0,7463.5,7462.4,7461.6,6138.9,6138.3,6137.5,1867.5,1866.3,1866.2,3697.5,3697.7,3698.7,2586.8,2585.5,2585.7,2910.6,2910.1,2909.7,27.480000,27.959999,going to home base
2024-04-13T00:01:54Z,2387.0,2386.0,2386.2,2641.2,2641.3,2642.1,5704.5,5703.7,5704.0,2349.3,2349.0,2349.3,3516.4,3515.3,3515.7,4439.6,4439.6,4439.5,6179.0,6178.7,6179.2,8665.0,8663.6,8665.2,5239.6,5239.5,5240.5,7462.8,7460.7,7462.0,6137.6,6137.1,6136.5,1868.1,1866.3,1866.4,3698.0,3698.2,3699.4,2586.3,2586.0,2585.6,2909.5,2909.0,2909.7,27.480000,27.969999,going to home base
2024-04-13T00:01:59Z,2386.1,2385.4,2385.7,2641.0,2641.0,2641.9,5705.3,5704.7,5704.4,2349.6,2349.5,2349.8,3516.7,3516.3,3516.8,4439.2,4438.9,4439.0,6183.2,6181.6,6181.6,8665.7,8664.8,8664.9,5241.2,5240.2,5242.1,7460.6,7460.4,7461.2,6137.5,6137.3,6137.0,1867.3,1866.1,1865.5,3697.4,3697.4,3698.7,2586.5,2585.2,2585.3,2908.2,2908.1,2908.6,27.480000,27.959999,going to home base
2024-04-13T00:02:04Z,2386.6,2385.7,2385.7,2640.1,2640.8,2641.2,5705.1,5704.1,5704.4,2348.7,2348.2,2349.0,3516.8,3516.3,3516.6,4439.5,4439.5,4438.9,6181.3,6182.2,6182.4,8665.5,8663.5,8666.0,5241.4,5240.6,5241.6,7461.7,7462.2,7460.7,6134.6,6137.9,6138.1,1868.0,1866.4,1866.3,3697.5,3697.9,3698.8,2586.8,2586.5,2586.0,2909.7,2908.7,2909.2,27.459999,28.000000,going to home base
2024-04-13T00:02:09Z,2386.4,2386.0,2386.4,2641.2,2640.9,2641.2,5704.7,5704.4,5704.8,2348.8,2348.8,2349.1,3516.6,3515.6,3515.9,4439.2,4438.7,4439.4,6180.0,6180.1,6181.3,8664.7,8663.9,8664.1,5240.8,5240.2,5241.4,7460.6,7460.1,7459.4,6137.5,6136.6,6136.6,1867.7,1866.8,1866.8,3697.2,3697.1,3698.6,2587.3,2586.3,2586.8,2910.4,2909.9,2909.8,27.490000,28.010000,going to home base
2024-04-13T00:02:14Z,2385.8,2385.5,2385.8,2641.0,2640.7,2640.6,5704.7,5703.8,5704.1,2348.5,2348.6,2348.7,3517.0,3516.5,3516.4,4438.9,4439.0,4439.3,6183.5,6179.8,6180.5,8665.7,8664.6,8665.1,5242.7,5242.2,5243.0,7460.6,7460.9,7461.1,6134.4,6135.4,6135.9,1867.8,1866.5,1866.9,3696.8,3697.1,3698.0,2586.9,2586.9,2586.3,2909.4,2909.3,2909.1,27.480000,28.000000,going to home base
2024-04-13T00:02:19Z,2386.5,2385.9,2386.1,2641.5,2640.9,2641.7,5705.1,5704.6,5704.7,2348.2,2348.5,2348.9,3517.6,3516.6,3516.8,4439.0,4438.6,4439.0,6180.8,6180.9,6180.5,8664.3,8664.6,8666.1,5241.9,5241.5,5242.2,7460.8,7458.6,7459.8,6138.7,6138.3,6137.2,1867.8,1866.6,1866.5,3696.6,3696.7,3697.7,2586.3,2585.6,2585.9,2908.9,2907.7,2908.1,27.490000,27.959999,going to home base
2024-04-13T00:02:24Z,2386.3,2385.9,2386.3,2640.5,2640.7,2641.1,5704.6,5703.7,5704.1,2348.9,2348.5,2348.1,3517.8,3517.3,3517.1,4439.0,4439.0,4439.4,6183.1,6180.7,6181.3,8665.1,8663.9,8664.8,5242.2,5241.5,5242.3,7459.8,7459.2,7458.9,6137.1,6140.1,6137.5,1867.8,1866.0,1866.2,3697.7,3697.6,3698.3,2585.7,2585.1,2584.6,2911.1,2909.7,2910.3,27.480000,27.959999,going to home base
2024-04-13T00:02:29Z,2385.9,2385.3,2385.7,2641.2,2641.4,2641.9,5705.7,5705.0,5705.0,2348.5,2348.3,2348.8,3517.0,3516.7,3516.6,4439.7,4439.9,4439.3,6181.8,6181.8,6182.5,8664.9,8665.3,8664.5,5241.5,5239.8,5241.4,7460.5,7459.3,7460.0,6139.4,6138.5,6138.7,1868.0,1866.8,1866.3,3696.6,3697.1,3697.1,2586.5,2585.7,2585.4,2909.6,2908.4,2907.6,27.459999,28.010000,going to home base
2024-04-13T00:02:34Z,2386.0,2385.5,2385.9,2641.5,2640.9,2640.9,5704.9,5704.5,5705.0,2347.6,2347.6,2347.9,3517.0,3516.5,3516.2,4439.6,4439.5,4439.4,6180.6,6179.0,6179.6,8664.0,8663.8,8663.6,5241.1,5240.4,5242.9,7460.0,7457.7,7456.9,6136.9,6135.8,6139.0,1867.8,1866.5,1866.4,3696.9,3697.0,3698.0,2586.0,2585.5,2585.3,2909.3,2908.1,2908.1,27.490000,28.030001,going to home base
2024-04-13T00:02:39Z,2386.6,2385.9,2386.2,2641.6,2641.1,2641.5,5705.1,5704.7,5704.8,2347.6,2347.9,2348.7,3517.9,3516.9,3516.8,4439.4,4439.0,4438.5,6180.9,6179.2,6179.1,8663.5,8664.4,8663.6,5241.4,5241.6,5241.5,7458.9,7456.8,7459.2,6136.9,6135.4,6135.5,1867.4,1866.2,1866.6,3696.8,3696.9,3697.3,2587.0,2586.5,2586.4,2909.1,2908.4,2909.6,27.480000,28.070000,going to home base
2024-04-13T00:02:44Z,2386.2,2385.6,2385.6,2641.3,2641.3,2641.2,5704.8,5704.3,5704.0,2348.0,2347.7,2348.2,3517.2,3516.9,3517.0,4439.1,4439.3,4439.4,6182.5,6181.2,6182.4,8664.2,8664.9,8663.9,5241.7,5241.6,5242.5,7458.4,7458.1,7458.3,6137.4,6136.6,6136.6,1868.5,1866.7,1866.7,3697.1,3697.0,3698.1,2586.8,2586.1,2586.1,2908.6,2907.9,2908.4,27.459999,27.980000,going to home base
2024-04-13T00:02:49Z,2386.5,2385.7,2385.7,2641.3,2641.2,2641.0,5704.2,5703.9,5704.3,2347.3,2347.3,2348.0,3516.9,3517.3,3516.8,4438.6,4438.9,4439.2,6181.1,6181.0,6180.4,8664.0,8664.5,8665.4,5241.2,5241.2,5242.3,7459.4,7459.5,7460.9,6136.5,6137.3,6137.1,1867.7,1866.2,1866.3,3696.7,3697.2,3697.6,2586.8,2585.9,2586.0,2909.7,2909.4,2910.2,27.459999,27.940001,going to home base
2024-04-13T00:02:54Z,2386.4,2385.5,2385.9,2640.7,2640.9,2640.8,5704.6,5703.9,5704.4,2347.1,2347.3,2347.2,3516.2,3516.1,3516.1,4439.1,4438.6,4439.2,6178.8,6178.4,6179.8,8664.0,8663.4,8663.3,5240.8,5241.1,5241.9,7461.3,7459.4,7459.7,6139.2,6136.8,6137.1,1868.3,1866.9,1866.7,3697.5,3697.7,3697.5,2587.0,2586.2,2586.2,2909.4,2908.5,2909.3,27.480000,27.980000,going to home base
2024-04-13T00:02:59Z,2386.6,2385.4,2385.5,2641.3,2641.8,2641.7,5705.0,5704.7,5704.5,2348.6,2348.5,2348.6,3517.0,3516.7,3516.7,4439.2,4439.0,4438.8,6181.4,6179.6,6180.7,8664.0,8664.2,8663.4,5239.5,5240.8,5241.7,7457.8,7458.4,7458.0,6140.9,6141.8,6141.4,1868.3,1866.4,1866.4,3697.2,3697.3,3698.4,2586.0,2585.4,2585.0,2910.2,2909.0,2909.4,27.459999,28.030001,going to home base
2024-04-13T00:03:04Z,2386.4,2385.6,2385.8,2641.2,2641.5,2641.6,5704.4,5704.2,5704.1,2348.2,2347.9,2348.9,3517.4,3517.1,3517.7,4438.4,4438.7,4438.5,6180.4,6181.1,6181.7,8665.2,8665.4,8665.7,5240.5,5240.3,5240.2,7458.8,7458.6,7457.3,6140.7,6141.5,6142.1,1867.6,1866.2,1866.3,3696.9,3696.8,3697.5,2586.0,2585.8,2586.1,2909.4,2908.6,2908.4,27.480000,27.860001,going to home base
2024-04-13T00:03:09Z,2386.4,2385.7,2385.9,2640.7,2640.2,2640.7,5704.2,5703.4,5703.5,2348.8,2348.7,2349.0,3516.3,3516.4,3516.0,4439.3,4438.6,4438.6,6184.4,6183.0,6183.4,8664.9,8664.2,8663.8,5240.6,5240.5,5241.3,7460.7,7457.9,7460.7,6142.2,6140.8,6141.7,1867.4,1866.5,1866.1,3698.0,3698.1,3697.8,2585.1,2584.6,2584.5,2909.4,2909.6,2909.2,27.490000,27.870001,going to home base
2024-04-13T00:03:14Z,2385.9,2385.3,2385.5,2640.8,2641.0,2641.6,5704.1,5703.4,5703.5,2347.9,2348.0,2348.5,3516.5,3516.2,3515.8,4438.5,4438.9,4438.5,6181.5,6182.4,6183.1,8664.1,8663.3,8662.2,5240.8,5240.8,5241.6,7458.8,7456.3,7458.6,6139.6,6141.6,6141.9,1867.5,1866.1,1866.1,3696.5,3696.9,3697.9,2586.6,2585.5,2585.4,2907.5,2906.3,2907.9,27.480000,27.870001,going to home base
2024-04-13T00:03:19Z,2386.5,2385.4,2385.4,2640.5,2640.8,2641.1,5704.5,5704.1,5703.9,2348.6,2348.7,2348.9,3516.0,3515.6,3515.8,4438.6,4438.9,4438.6,6181.6,6181.1,6180.2,8661.9,8661.6,8661.7,5240.3,5239.8,5239.9,7457.7,7456.9,7457.2,6137.1,6137.6,6137.2,1867.2,1866.5,1866.3,3696.9,3697.1,3698.0,2586.4,2585.4,2586.1,2908.7,2908.1,2909.0,27.480000,27.870001,going to home base
2024-04-13T00:03:24Z,2386.6,2385.9,2385.7,2641.3,2641.0,2641.5,5703.9,5703.9,5703.8,2348.3,2348.3,2348.4,3516.5,3516.4,3515.8,4438.4,4438.2,4438.3,6177.8,6177.5,6178.3,8664.4,8662.0,8663.6,5240.2,5240.2,5240.3,7459.0,7458.3,7460.2,6137.7,6136.4,6139.4,1867.8,1866.2,1866.2,3697.4,3697.0,3697.9,2586.1,2586.1,2585.8,2908.3,2908.1,2908.8,27.490000,27.990000,going to home base
2024-04-13T00:03:29Z,2386.4,2385.6,2385.3,2641.3,2640.9,2640.9,5704.7,5703.1,5704.2,2348.1,2347.8,2348.2,3518.1,3517.3,3516.7,4438.5,4438.3,4438.4,6177.8,6176.4,6176.6,8662.3,8662.5,8662.4,5240.3,5240.5,5241.7,7459.5,7457.7,7459.1,6139.8,6139.5,6141.0,1868.0,1866.2,1866.3,3697.1,3696.9,3697.6,2585.6,2585.7,2585.3,2908.5,2908.1,2907.7,27.459999,27.969999,going to home base
2024-04-13T00:03:34Z,2386.4,2385.7,2386.0,2640.8,2640.4,2641.3,5705.2,5704.3,5704.4,2348.7,2348.4,2348.8,3516.3,3515.8,3516.2,4439.1,4438.4,4438.6,6180.3,6179.9,6181.8,8662.4,8662.9,8664.4,5238.9,5240.2,5239.6,7458.3,7457.6,7458.3,6138.1,6137.9,6137.3,1867.5,1866.2,1865.9,3696.4,3696.5,3697.8,2587.2,2586.0,2585.9,2909.5,2908.7,2909.5,27.490000,27.959999,going to home base
2024-04-13T00:03:39Z,2386.5,2385.7,2385.7,2639.8,2639.8,2640.2,5703.9,5703.5,5704.3,2347.7,2347.6,2347.3,3516.8,3516.7,3516.4,4439.0,4439.1,4438.9,6179.2,6178.3,6180.2,8662.1,8662.2,8663.0,5238.9,5239.7,5239.5,7459.2,7458.5,7459.5,6138.4,6138.7,6139.1,1867.7,1866.1,1865.8,3696.4,3695.6,3696.7,2586.5,2585.7,2585.6,2909.6,2909.0,2908.8,27.490000,27.860001,going to home base
2024-04-13T00:03:44Z,2385.1,2384.6,2384.9,2639.7,2639.5,2640.2,5704.1,5703.8,5703.6,2348.3,2348.1,2348.8,3516.7,3516.7,3516.5,4438.2,4438.3,4438.6,6179.0,6179.1,6178.6,8660.2,8660.6,8659.6,5239.9,5239.0,5240.5,7460.3,7459.7,7459.0,6140.2,6138.7,6140.2,1867.2,1865.3,1865.5,3697.4,3697.1,3698.1,2586.1,2585.1,2585.0,2909.3,2908.9,2909.1,27.459999,27.920000,going to home base
2024-04-13T00:03:49Z,2385.7,2385.1,2385.0,2640.6,2639.9,2640.7,5703.6,5703.3,5703.8,2347.1,2347.8,2348.0,3516.5,3516.6,3516.5,4438.6,4438.2,4438.1,6178.5,6176.6,6177.1,8660.9,8660.9,8662.5,5238.6,5238.4,5239.1,7457.3,7457.6,7456.5,6139.7,6137.9,6137.8,1867.8,1866.3,1865.8,3696.6,3696.4,3697.4,2586.1,2584.7,2584.9,2909.0,2908.9,2909.1,27.480000,27.850000,going to home base
2024-04-13T00:03:54Z,2385.8,2385.1,2385.5,2640.5,2640.8,2640.0,5704.1,5704.0,5704.1,2347.9,2347.4,2347.9,3516.9,3515.9,3516.2,4438.4,4438.0,4438.3,6179.5,6179.4,6179.5,8661.9,8661.8,8660.7,5238.4,5237.6,5239.2,7459.1,7456.6,7458.6,6137.8,6134.8,6135.9,1867.7,1866.2,1866.2,3697.0,3696.8,3697.4,2585.5,2584.7,2584.9,2909.1,2908.3,2908.1,27.490000,27.879999,going to home base
2024-04-13T00:03:59Z,2386.4,2385.5,2385.7,2640.5,2639.5,2640.3,5703.8,5703.9,5703.5,2347.7,2347.7,2348.7,3515.8,3515.4,3515.3,4438.0,4438.1,4437.7,6178.8,6178.1,6178.4,8661.1,8661.4,8660.7,5239.7,5238.3,5239.1,7457.6,7456.9,7457.5,6138.4,6137.7,6139.6,1867.3,1866.2,1865.7,3696.2,3696.2,3697.3,2584.7,2584.0,2584.1,2909.6,2908.3,2908.9,27.459999,27.830000,going to home base
2024-04-13T00:04:04Z,2385.8,2385.1,2384.9,2640.7,2640.2,2640.8,5703.1,5702.8,5703.0,2348.2,2348.0,2348.4,3515.3,3516.0,3515.4,4438.0,4438.0,4438.2,6176.6,6176.5,6177.5,8661.6,8660.0,8661.7,5239.1,5238.2,5239.9,7456.4,7457.7,7457.6,6137.7,6138.9,6138.1,1867.8,1866.3,1866.3,3696.5,3696.6,3697.2,2584.9,2584.3,2584.7,2909.5,2909.1,2909.9,27.490000,27.879999,going to home base
2024-04-13T00:04:09Z,2385.7,2384.9,2385.4,2640.0,2640.0,2640.7,5703.6,5703.4,5703.7,2348.2,2348.1,2348.1,3515.4,3515.2,3514.6,4437.5,4437.4,4437.2,6177.5,6174.2,6177.2,8661.7,8661.7,8662.6,5238.2,5237.9,5239.1,7456.1,7453.4,7454.3,6137.1,6136.3,6138.4,1867.7,1865.8,1866.2,3696.7,3696.6,3697.5,2585.8,2585.1,2584.9,2909.1,2907.8,2908.8,27.490000,27.870001,going to home base
2024-04-13T00:04:14Z,2385.8,2385.2,2385.5,2640.1,2640.2,2640.6,5703.8,5703.2,5703.4,2348.4,2348.5,2349.1,3515.0,3514.0,3514.5,4437.6,4437.5,4437.5,6174.6,6176.4,6176.6,8664.0,8663.0,8662.6,5239.1,5238.7,5238.9,7457.2,7456.4,7456.9,6138.8,6138.5,6138.6,1867.6,1865.8,1865.7,3696.7,3696.7,3697.5,2585.8,2585.6,2584.7,2908.1,2907.7,2906.3,27.480000,27.889999,going to home base
2024-04-13T00:04:24Z,2385.2,2384.6,2385.1,2639.4,2639.7,2640.2,5703.0,5702.6,5702.5,2347.1,2347.0,2347.6,3515.4,3515.2,3515.5,4437.5,4437start,26976.3,26969.9,2385.6,2385.3,5703.0,5702.8,5702.9,2347.1,2347.5,2347.6,3767.0,3766.5,88278.4,88326.9,14341.1,14333.3,4437.4,4437.5,4437.6,6176.7,6175.2,6175.8,16657.4,16659.4,34156.4,34161.3,8661.8,8660.5,5237.9,5238.8,going to home base
2024-04-13T00:04:34Z,2385.2,2384.9,2384.9,2640.4,2640.0,2640.5,5702.7,5702.3,5702.4,2346.9,2346.9,2347.1,3515.8,3514.6,3515.1,4436.9,4437.3,4436.9,6175.5,6174.6,6173.5,8660.7,8660.7,8661.1,5239.2,5238.9,5239.9,7456.3,7455.9,7456.9,6136.4,6136.6,6135.9,1867.1,1865.8,1865.5,3695.5,3695.6,3696.0,2585.1,2584.9,2585.0,2908.0,2908.4,2907.9,27.490000,27.920000,going to home base
2024-04-13T00:04:39Z,2385.8,2385.4,2385.4,2640.6,2640.6,2640.8,5703.1,5701.6,5702.4,2348.0,2347.7,2348.3,3515.1,3514.9,3514.7,4438.1,4437.7,4437.5,6178.5,6178.7,6180.5,8661.4,8660.5,8661.2,5239.2,5239.2,5240.4,7453.5,7453.9,7454.0,6139.0,6139.6,6140.3,1867.2,1866.0,1865.7,3696.0,3695.9,3697.0,2585.0,2584.4,2584.2,2907.3,2907.6,2907.3,27.480000,27.950001,going to home base
2024-04-13T00:04:44Z,2385.3,2385.0,2385.3,2641.1,2640.9,2640.8,5702.8,5702.4,5702.4,2348.3,2347.9,2348.8,3515.6,3515.7,3516.0,4437.5,4437.0,4437.1,6176.6,6178.0,6176.8,8663.2,8662.4,8660.9,5240.0,5239.7,5240.1,7455.4,7454.6,7455.2,6137.0,6136.8,6136.6,1867.2,1865.8,1865.5,3695.9,3695.8,3696.6,2585.2,2584.1,2584.6,2908.9,2908.5,2908.8,27.480000,27.940001,going to home base
2024-04-13T00:04:49Z,2385.8,2384.9,2385.1,2640.2,2640.4,2640.9,5703.4,5702.6,5703.0,2347.2,2347.6,2347.7,3516.4,3515.5,3515.0,4436.9,4436.5,4437.2,6179.2,6178.2,6179.1,8661.2,8663.3,8664.3,5238.7,5238.9,5239.5,7456.0,7454.4,7456.2,6138.5,6136.1,6135.2,1867.1,1865.5,1865.7,3696.0,3696.0,3696.6,2585.3,2584.6,2584.5,2909.2,2909.3,2909.9,27.490000,28.000000,going to home base
2024-04-13T00:04:54Z,2385.8,2385.3,2385.7,2639.9,2639.7,2640.3,5702.2,5702.1,5702.4,2347.7,2347.7,2347.8,3515.6,3514.8,3515.0,4437.5,4437.6,4437.6,6180.1,6178.6,6179.5,8661.9,8661.8,8662.2,5239.9,5239.6,5240.6,7459.1,7455.3,7457.1,6137.3,6135.4,6135.8,1867.4,1866.0,1865.8,3695.4,3695.6,3696.4,2585.2,2584.6,2584.9,2907.2,2907.6,2907.9,27.480000,27.969999,going to home base
2024-04-13T00:04:59Z,2385.9,2385.1,2385.4,2641.2,2640.6,2641.0,5702.9,5702.5,5702.8,2348.4,2348.2,2348.4,3516.0,3515.5,3515.3,4438.0,4437.2,4437.8,6178.5,6179.3,6178.1,8664.6,8663.6,8663.9,5239.1,5241.0,5240.6,7454.5,7454.5,7453.9,6139.1,6138.5,6138.2,1867.2,1865.8,1865.8,3695.8,3695.6,3696.0,2585.6,2585.0,2584.8,2909.1,2907.8,2908.3,27.480000,27.850000,going to home base
2024-04-13T00:05:04Z,2385.8,2384.9,2385.3,2640.7,2640.4,2640.6,5702.1,5701.9,5702.2,2347.8,2347.9,2349.3,3515.6,3515.2,3515.1,4437.8,4437.9,4437.4,6177.9,6176.0,6177.6,8662.5,8661.0,8660.8,5240.9,5240.9,5241.8,7457.0,7455.3,7453.7,6135.5,6135.6,6138.1,1867.4,1866.0,1866.1,3696.1,3695.8,3696.3,2584.4,2584.4,2584.6,2908.6,2908.4,2909.1,27.480000,27.860001,going to home base
2024-04-13T00:05:09Z,2385.4,2384.8,2385.0,2641.0,2640.4,2640.8,5703.1,5702.6,5702.7,2348.0,2347.7,2348.8,3515.5,3515.2,3515.7,4437.6,4437.4,4437.4,6180.1,6177.4,6178.2,8661.7,8663.7,8662.0,5238.9,5239.4,5239.9,7457.3,7455.6,7456.9,6138.7,6137.6,6137.0,1867.2,1866.1,1866.0,3694.6,3694.9,3695.4,2585.1,2583.6,2583.9,2907.2,2906.6,2906.8,27.480000,28.000000,going to home base
2024-04-13T00:05:14Z,2385.8,2385.0,2385.1,2640.9,2640.8,2641.1,5703.2,5702.7,5702.7,2347.6,2347.9,2348.2,3515.7,3515.4,3514.5,4437.5,4437.6,4437.4,6180.1,6179.3,6177.1,8661.6,8660.8,8659.4,5238.7,5238.7,5239.8,7458.5,7457.7,7458.4,6141.1,6140.7,6142.2,1866.4,1865.3,1865.2,3695.3,3695.8,3696.4,2585.8,2585.3,2584.6,2909.1,2907.8,2909.0,27.490000,27.969999,going to home base
2024-04-13T00:05:19Z,2385.4,2385.3,2385.2,2641.0,2641.1,2641.0,5703.4,5703.0,5702.9,2347.3,2347.5,2347.5,3515.4,3515.5,3515.5,4437.4,4437.9,4437.0,6179.6,6177.9,6180.0,8662.2,8662.2,8662.7,5239.5,5238.8,5239.9,7454.4,7454.7,7454.8,6136.1,6138.4,6137.5,1867.4,1865.6,1865.8,3695.8,3696.2,3696.3,2585.5,2585.2,2585.5,2907.3,2907.0,2907.5,27.459999,27.990000,going to home base
2024-04-13T00:05:24Z,2384.7,2384.0,2384.2,2640.8,2640.6,2641.1,5703.0,5702.1,5701.9,2348.0,2347.5,2347.8,3515.5,3515.2,3515.1,4437.7,4437.1,4437.6,6179.5,6180.8,6180.2,8663.4,8664.5,8662.8,5239.4,5240.0,5240.9,7455.6,7454.5,7454.2,6138.2,6137.5,6137.0,1866.6,1865.5,1865.6,3695.2,3694.9,3695.7,2585.0,2584.0,2583.9,2907.4,2906.6,2907.3,27.459999,27.820000,going to home base
2024-04-13T00:05:29Z,2385.2,2384.3,2384.5,2640.7,2640.1,2640.4,5702.7,5702.1,5702.0,2346.3,2346.7,2346.9,3515.4,3515.6,3515.0,4437.7,4437.8,4437.8,6180.1,6178.2,6178.8,8663.5,8662.9,8662.5,5239.4,5239.1,5240.3,7454.8,7454.6,7454.5,6137.2,6136.6,6136.1,1866.7,1865.7,1865.4,3695.1,3695.5,3696.2,2585.1,2584.6,2585.0,2908.1,2907.2,2907.6,27.480000,27.809999,going to home base
2024-04-13T00:05:34Z,2384.9,2384.4,2384.7,2639.8,2640.1,2639.9,5701.7,5701.6,5701.8,2347.0,2346.6,2347.3,3514.4,3514.7,3514.2,4436.9,4436.8,4437.0,6177.2,6176.6,6175.9,8662.5,8661.7,8661.9,5240.3,5239.4,5239.6,7454.9,7454.2,7454.0,6138.6,6137.8,6138.6,1866.8,1865.4,1865.5,3694.9,3694.1,3695.5,2585.5,2584.5,2584.3,2907.7,2907.2,2907.7,27.480000,27.830000,going to home base
2024-04-13T00:05:39Z,2385.0,2384.2,2384.5,2639.6,2639.5,2640.0,5701.7,5701.2,5701.4,2348.0,2347.9,2348.0,3514.8,3514.8,3514.8,4437.0,4436.9,4437.0,6178.0,6180.3,6180.0,8660.0,8660.0,8660.1,5238.4,5238.6,5239.3,7455.4,7455.9,7456.9,6140.5,6140.1,6141.9,1866.9,1865.4,1865.4,3694.8,3694.7,3695.8,2584.7,2584.5,2584.5,2908.4,2907.7,2908.0,27.480000,27.860001,going to home base
2024-04-13T00:05:44Z,2385.3,2384.5,2385.0,2639.9,2639.7,2640.0,5701.9,5701.5,5701.5,2348.0,2347.8,2348.6,3514.7,3514.8,3514.5,4437.3,4437.2,4437.1,6178.3,6178.1,6178.7,8661.3,8662.2,8663.4,5239.3,5238.9,5241.2,7458.1,7457.5,7455.7,6138.9,6140.6,6138.6,1866.7,1865.6,1865.4,3694.8,3695.3,3696.1,2585.4,2584.4,2584.1,2907.9,2908.7,2908.9,27.480000,27.850000,going to home base
2024-04-13T00:05:49Z,2385.1,2384.2,2384.1,2639.9,2639.8,2640.4,5702.1,5701.8,5701.5,2348.1,2347.5,2348.3,3514.4,3513.4,3514.2,4437.3,4437.2,4436.9,6179.1,6179.3,6180.6,8661.6,8661.3,8660.4,5238.1,5237.9,5238.5,7456.0,7454.9,7454.5,6138.6,6137.9,6138.6,1866.8,1865.2,1865.5,3695.3,3695.0,3695.2,2585.2,2584.5,2584.5,2908.3,2907.8,2908.6,27.459999,27.870001,going to home base
2024-04-13T00:05:54Z,2384.8,2384.1,2384.3,2639.7,2639.6,2640.0,5701.4,5701.4,5700.9,2347.9,2347.7,2348.4,3515.2,3515.0,3514.9,4436.7,4436.8,4437.1,6178.5,6178.9,6181.0,8662.5,8662.2,8662.6,5237.8,5238.0,5239.2,7457.6,7454.1,7455.5,6134.9,6135.2,6135.7,1866.9,1865.5,1865.6,3694.3,3694.7,3695.3,2585.1,2585.2,2584.7,2909.4,2910.0,2909.4,27.480000,27.870001,going to home base
2024-04-13T00:05:59Z,2384.7,2384.3,2384.3,2639.0,2639.2,2639.9,5702.6,5701.6,5701.6,2347.3,2346.9,2347.3,3515.6,3514.4,3515.1,4436.9,4437.0,4436.8,6179.6,6178.8,6177.3,8662.4,8661.6,8660.5,5238.2,5238.2,5240.1,7455.1,7454.1,7453.6,6136.5,6134.9,6135.6,1867.1,1865.9,1865.8,3694.8,3694.5,3695.4,2585.2,2584.1,2585.0,2907.8,2906.9,2907.7,27.480000,27.930000,going to home base
2024-04-13T00:06:04Z,2385.1,2384.6,2384.7,2639.6,2639.5,2640.0,5702.0,5701.3,5701.5,2348.4,2348.0,2348.1,3515.9,3514.9,3515.2,4436.6,4436.5,4436.8,6177.0,6175.8,6175.4,8660.5,8659.7,8661.0,5238.4,5236.6,5238.3,7452.5,7451.5,7453.2,6136.4,6135.1,6136.5,1867.0,1865.6,1865.4,3694.3,3693.8,3695.1,2584.1,2583.7,2583.9,2908.0,2907.4,2907.5,27.480000,27.959999,going to home base
2024-04-13T00:06:09Z,2385.3,2384.7,2384.6,2639.5,2639.8,2639.9,5702.3,5702.0,5701.6,2346.6,2346.0,2346.4,3515.6,3515.2,3515.4,4436.4,4436.5,4437.0,6177.3,6175.5,6177.9,8660.8,8660.5,8659.0,5239.3,5239.0,5240.8,7457.6,7457.5,7455.2,6135.2,6137.6,6137.8,1866.9,1865.4,1865.3,3695.0,3694.3,3695.4,2584.5,2584.4,2584.1,2908.6,2908.7,2909.1,27.490000,27.930000,going to home base
2024-04-13T00:06:14Z,2385.2,2384.4,2384.9,2639.9,2639.5,2639.9,5702.2,5701.7,5702.2,2347.6,2347.3,2348.0,3515.1,3515.1,3515.0,4436.9,4436.8,4437.1,6180.6,6179.5,6179.2,8660.3,8657.7,8659.8,5238.6,5238.5,5239.7,7456.9,7455.5,7455.4,6134.7,6135.7,6134.2,1866.6,1865.3,1865.0,3694.3,3694.7,3694.9,2585.2,2584.6,2584.6,2908.3,2907.9,2909.2,27.480000,27.980000,going to home base
2024-04-13T00:06:19Z,2385.0,2384.4,2384.7,2639.8,2639.3,2639.7,5702.1,5701.5,5701.7,2347.9,2347.6,2347.8,3516.1,3514.6,3515.0,4437.6,4437.4,4437.5,6176.9,6177.8,6180.1,8662.9,8662.0,8662.5,5239.5,5238.9,5239.2,7454.5,7453.0,7454.8,6137.9,6136.0,6136.5,1866.9,1865.4,1865.3,3694.6,3694.7,3695.5,2584.4,2584.0,2584.0,2908.7,2908.0,2908.6,27.490000,27.969999,going to home base
2024-04-13T00:06:24Z,2385.3,2384.7,2384.6,2639.5,2639.4,2639.5,5701.1,5701.0,5701.2,2347.2,2347.0,2347.5,3515.7,3515.6,3515.2,4436.7,4436.7,4436.6,6178.1,6178.9,6176.2,8661.1,8659.1,8659.7,5240.1,5239.8,5238.9,7456.6,7455.7,7455.2,6136.9,6137.5,6137.3,1866.8,1865.5,1865.6,3694.9,3694.5,3695.7,2585.3,2583.6,2584.3,2909.4,2908.2,2908.9,27.480000,27.900000,going to home base
2024-04-13T00:06:29Z,2384.8,2384.4,2384.5,2639.8,2639.4,2640.0,5701.8,5701.7,5702.0,2347.2,2347.4,2348.0,3515.2,3514.4,3514.4,4436.7,4436.6,4436.9,6179.8,6178.4,6179.6,8662.1,8662.6,8662.6,5239.2,5238.6,5239.6,7455.8,7455.1,7455.4,6136.9,6137.2,6138.2,1865.9,1864.5,1864.8,3694.9,3693.5,3696.0,2586.0,2584.9,2584.8,2908.1,2908.0,2907.5,27.480000,27.969999,going to home base
2024-04-13T00:06:34Z,2384.6,2384.0,2384.1,2638.9,2639.2,2639.2,5702.2,5701.8,5701.5,2347.5,2347.5,2347.8,3515.7,3514.7,3515.1,4436.8,4437.0,4436.9,6177.8,6177.4,6179.0,8662.9,8663.3,8662.1,5239.0,5238.3,5239.7,7456.5,7456.1,7457.2,6135.9,6135.6,6136.6,1866.7,1865.3,1865.0,3694.6,3694.9,3695.3,2585.4,2584.9,2585.1,2906.9,2907.1,2907.6,27.480000,27.959999,going to home base
2024-04-13T00:06:39Z,2384.6,2384.1,2384.4,2639.6,2639.4,2639.6,5702.2,5701.3,5701.6,2347.8,2348.0,2348.1,3514.1,3513.6,3513.9,4437.6,4437.2,4437.2,6179.4,6179.3,6179.1,8661.1,8660.3,8661.1,5238.4,5237.9,5238.3,7455.9,7455.9,7455.9,6139.7,6138.1,6139.4,1867.0,1866.0,1865.6,3694.3,3694.3,3695.2,2585.2,2584.1,2584.4,2909.0,2909.0,2908.4,27.480000,27.920000,going to home base
2024-04-13T00:06:44Z,2384.5,2384.3,2384.2,2639.8,2639.2,2639.7,5702.7,5702.0,5702.1,2348.0,2347.8,2348.4,3514.3,3513.8,3513.8,4437.3,4436.6,4437.1,6181.9,6181.3,6181.0,8661.1,8658.7,8660.0,5237.6,5238.8,5239.3,7456.4,7455.7,7457.4,6139.0,6138.2,6136.6,1866.7,1865.3,1865.4,3695.1,3695.0,3696.3,2585.6,2584.3,2584.5,2907.3,2906.9,2908.1,27.480000,27.830000,going to home base
2024-04-13T00:06:49Z,2384.4,2383.7,2384.4,2638.6,2638.8,2638.9,5701.9,5701.8,5701.1,2348.6,2348.9,2348.9,3515.4,3514.0,3514.1,4436.4,4436.5,4436.9,6179.1,6179.7,6178.2,8660.7,8660.4,8661.6,5239.5,5238.9,5240.0,7457.3,7455.9,7456.6,6139.1,6138.9,6138.1,1866.5,1865.5,1865.1,3695.3,3695.9,3696.1,2585.6,2585.0,2585.4,2908.5,2907.8,2908.0,27.480000,27.799999,going to home base
2024-04-13T00:06:54Z,2384.7,2384.2,2384.1,2638.6,2638.6,2638.9,5702.0,5701.7,5701.2,2348.4,2348.3,2348.7,3515.1,3514.4,3514.7,4436.7,4436.7,4436.8,6177.6,6176.5,6176.2,8660.0,8660.0,8658.7,5238.9,5238.5,5238.2,7456.9,7455.7,7457.2,6137.1,6137.6,6138.0,1866.5,1865.2,1864.8,3693.9,3694.3,3694.8,2584.9,2583.7,2583.8,2908.3,2907.6,2907.6,27.480000,27.799999,going to home base
2024-04-13T00:06:59Z,2384.6,2383.5,2383.8,2639.7,2639.6,2639.3,5701.4,5700.6,5701.5,2347.7,2347.7,2348.2,3515.6,3514.9,3514.6,4436.3,4436.4,4436.6,6179.9,6179.8,6178.6,8661.5,8661.9,8660.6,5237.9,5237.5,5237.7,7457.0,7455.6,7454.6,6137.8,6138.6,6138.2,1867.1,1865.2,1865.4,3694.4,3694.9,3695.0,2584.6,2584.0,2584.0,2909.0,2909.1,2908.6,27.459999,27.750000,going to home base
2024-04-13T00:07:04Z,2384.2,2383.3,2383.6,2638.8,2639.0,2639.3,5701.4,5700.7,5700.5,2346.4,2346.9,2347.0,3515.7,3515.0,3515.1,4436.8,4436.8,4436.7,6179.4,6178.5,6178.7,8660.4,8660.1,8659.6,5238.9,5238.9,5238.5,7455.7,7453.7,7454.8,6139.3,6139.3,6138.8,1866.8,1865.5,1865.5,3694.6,3694.9,3695.4,2584.8,2584.4,2584.6,2908.3,2908.5,2909.1,27.480000,27.760000,going to home base
2024-04-13T00:07:09Z,2384.2,2383.7,2383.7,2639.5,2638.7,2639.3,5701.4,5700.5,5701.0,2348.0,2348.0,2348.3,3514.6,3514.8,3514.7,4436.6,4436.0,4435.9,6176.7,6178.0,6176.8,8660.1,8659.5,8661.4,5237.4,5236.8,5238.0,7454.2,7453.5,7452.7,6137.7,6138.4,6138.4,1866.1,1865.1,1865.1,3694.0,3693.9,3694.8,2584.3,2583.0,2583.2,2907.5,2907.4,2907.3,27.480000,27.820000,going to home base
2024-04-13T00:07:14Z,2384.5,2383.8,2384.4,2638.6,2638.5,2639.1,5700.9,5701.1,5700.6,2347.7,2347.6,2347.6,3515.0,3515.1,3514.6,4436.1,4435.4,4436.1,6179.3,6176.9,6179.3,8659.1,8658.7,8660.4,5236.6,5236.3,5237.5,7455.0,7453.8,7454.0,6137.6,6137.2,6138.4,1866.4,1865.0,1864.8,3693.4,3692.9,3693.7,2585.6,2584.5,2584.5,2908.7,2907.6,2906.9,27.459999,27.750000,going to home base
2024-04-13T00:07:19Z,2384.4,2383.5,2383.8,2638.5,2638.3,2638.7,5701.1,5700.8,5701.0,2347.8,2348.0,2348.8,3515.4,3514.4,3514.9,4436.5,4436.5,4436.2,6181.0,6177.8,6178.7,8663.0,8660.9,8661.7,5237.7,5236.5,5238.4,7454.5,7453.8,7453.0,6136.0,6137.7,6137.9,1866.8,1865.3,1865.3,3693.8,3693.8,3694.9,2583.8,2584.1,2584.4,2908.3,2907.6,2907.4,27.490000,27.790001,going to home base
2024-04-13T00:07:24Z,2384.6,2383.5,2383.8,2639.3,2639.1,2639.5,5701.3,5701.2,5701.1,2348.0,2348.5,2348.5,3515.4,3515.0,3515.1,4437.3,4436.8,4437.0,6177.8,6177.0,6176.9,8662.0,8661.8,8662.0,5235.7,5236.3,5237.1,7453.4,7453.1,7453.3,6138.1,6136.8,6136.5,1866.4,1865.0,1865.2,3693.2,3692.6,3693.8,2585.8,2584.9,2584.8,2907.4,2906.9,2907.0,27.459999,27.850000,going to home base
2024-04-13T00:07:29Z,2384.8,2383.8,2384.2,2638.6,2638.9,2639.0,5701.1,5700.6,5700.5,2348.3,2348.2,2348.1,3515.2,3514.5,3514.1,4436.1,4435.9,4436.1,6177.5,6178.3,6178.4,8658.1,8659.0,8658.3,5237.5,5236.4,5237.1,7454.3,7453.0,7454.2,6136.3,6136.6,6136.4,1866.8,1865.6,1865.4,3694.1,3693.8,3694.4,2585.0,2584.6,2584.5,2908.3,2907.3,2907.2,27.490000,27.920000,going to home base
2024-04-13T00:07:34Z,2384.5,2384.0,2384.1,2639.0,2638.7,2639.5,5700.9,5700.3,5700.5,2348.3,2348.1,2348.9,3514.8,3514.6,3514.1,4436.0,4436.0,4435.9,6177.3,6176.8,6176.7,8659.4,8658.0,8658.7,5236.4,5236.9,5237.2,7453.7,7454.0,7454.8,6133.7,6135.5,6135.0,1866.6,1865.3,1864.9,3693.5,3693.9,3694.5,2584.5,2583.8,2583.9,2908.9,2907.6,2909.1,27.490000,27.980000,going to home base
2024-04-13T00:07:39Z,2384.4,2384.1,2383.5,2639.5,2638.7,2639.3,5700.5,5700.5,5701.0,2348.6,2348.6,2349.2,3515.1,3514.5,3514.4,4436.5,4436.0,4436.5,6176.0,6176.8,6176.8,8664.3,8664.2,8663.1,5237.5,5235.6,5237.5,7456.5,7455.5,7454.9,6135.6,6135.9,6137.0,1866.8,1865.5,1865.4,3694.7,3694.4,3695.5,2584.7,2584.1,2583.8,2907.6,2906.8,2907.2,27.480000,27.930000,going to home base
2024-04-13T00:07:44Z,2384.7,2383.9,2384.0,2638.7,2639.0,2639.0,5701.5,5701.3,5701.0,2347.8,2348.5,2348.5,3514.5,3514.5,3514.5,4436.5,4436.3,4435.9,6177.3,6177.7,6178.6,8662.2,8661.5,8659.9,5238.0,5237.5,5238.0,7455.8,7454.7,7453.8,6135.5,6132.3,6134.4,1867.2,1865.5,1865.6,3693.8,3693.7,3694.2,2584.7,2584.1,2584.1,2907.6,2906.9,2906.8,27.459999,27.900000,going to home base
2024-04-13T00:07:49Z,2385.8,2385.2,2385.0,2639.1,2639.3,2639.0,5701.4,5700.9,5700.9,2347.6,2347.3,2347.6,3515.7,3515.3,3515.3,4436.4,4436.3,4436.3,6180.8,6178.6,6179.8,8662.3,8662.3,8662.0,5236.9,5236.8,5238.1,7452.9,7453.3,7453.9,6137.6,6135.6,6137.9,1867.3,1865.5,1866.0,3694.1,3694.4,3695.5,2585.3,2584.0,2584.9,2906.4,2907.1,2907.2,27.459999,27.920000,going to home base
2024-04-13T00:07:54Z,2384.5,2383.7,2383.7,2639.2,2639.2,2639.9,5701.5,5701.2,5701.6,2347.7,2347.7,2348.3,3515.6,3515.3,3515.1,4436.4,4436.5,4436.8,6178.4,6177.8,6178.4,8660.0,8661.7,8663.1,5236.0,5236.3,5237.4,7454.1,7452.9,7453.1,6134.7,6134.1,6135.8,1867.0,1865.4,1865.4,3695.0,3694.8,3695.6,2585.0,2584.0,2584.2,2906.2,2906.1,2905.4,27.480000,27.950001,going to home base
2024-04-13T00:07:59Z,2384.6,2384.4,2384.8,2639.3,2638.7,2639.2,5701.2,5701.2,5700.1,2347.5,2348.1,2348.6,3515.9,3515.4,3514.6,4436.2,4436.3,4436.0,6177.1,6176.9,6177.1,8660.9,8660.7,8659.6,5237.5,5236.3,5237.7,7455.0,7453.4,7454.7,6135.7,6135.0,6136.2,1867.3,1865.5,1865.9,3694.4,3694.6,3695.8,2585.4,2583.9,2584.0,2908.4,2907.6,2907.8,27.480000,27.990000,going to home base
2024-04-13T00:08:04Z,2385.1,2384.7,2384.9,2639.8,2639.3,2640.2,5702.3,5701.0,5701.1,2347.4,2347.4,2348.0,3515.7,3515.1,3515.1,4436.2,4436.0,4436.1,6178.1,6179.1,6177.3,8661.2,8660.2,8660.2,5237.3,5238.2,5238.3,7455.1,7454.3,7454.7,6138.8,6139.5,6139.5,1866.7,1865.2,1865.2,3695.1,3695.3,3696.6,2584.4,2583.4,2583.6,2907.6,2907.1,2906.6,27.480000,27.940001,going to home base
2024-04-13T00:08:09Z,2385.5,2385.0,2385.4,2639.1,2639.6,2639.6,5701.9,5700.8,5701.1,2347.9,2347.7,2348.3,3515.6,3514.7,3515.3,4436.1,4435.9,4435.8,6176.7,6176.8,6177.6,8661.0,8659.5,8662.3,5237.8,5236.5,5238.5,7456.9,7454.9,7455.4,6137.5,6135.7,6136.0,1866.3,1864.9,1865.2,3695.3,3695.1,3696.3,2584.8,2584.2,2584.0,2907.2,2905.7,2906.0,27.480000,27.940001,going to home base
2024-04-13T00:08:14Z,2385.8,2385.4,2385.8,2639.0,2639.0,2639.7,5701.4,5700.7,5701.0,2347.1,2346.6,2347.7,3515.3,3515.2,3514.9,4436.3,4435.9,4435.8,6176.4,6176.1,6176.2,8661.6,8660.8,8661.8,5236.2,5236.1,5237.8,7455.6,7453.9,7454.8,6135.8,6134.2,6134.8,1866.1,1864.6,1864.2,3695.3,3695.1,3696.4,2584.4,2583.3,2584.0,2908.4,2907.1,2907.9,27.480000,27.969999,going to home base
2024-04-13T00:08:19Z,2385.0,2383.9,2384.4,2639.9,2639.1,2640.9,5701.5,5700.9,5701.0,2347.8,2347.2,2347.9,3515.6,3514.9,3514.7,4436.4,4435.9,4436.4,6178.3,6176.2,6177.7,8660.8,8661.3,8660.3,5236.1,5238.1,5237.9,7456.8,7454.8,7454.8,6137.4,6137.3,6137.0,1866.4,1864.9,1864.9,3695.5,3695.6,3696.6,2584.0,2584.5,2584.2,2907.9,2907.6,2907.1,27.510000,27.889999,going to home base
2024-04-13T00:08:24Z,2384.8,2384.0,2384.8,2639.9,2639.8,2640.2,5700.8,5700.0,5700.3,2347.5,2347.6,2348.1,3516.0,3515.4,3515.2,4436.2,4436.0,4436.0,6177.1,6177.4,6178.3,8659.6,8660.3,8660.5,5237.2,5237.5,5237.6,7455.7,7456.5,7455.9,6136.5,6135.9,6137.9,1866.3,1864.9,1864.7,3694.2,3694.3,3694.8,2584.2,2583.0,2583.0,2907.7,2907.6,2907.5,27.480000,27.900000,going to home base
2024-04-13T00:08:29Z,2384.7,2384.3,2384.5,2639.4,2639.3,2640.1,5700.6,5700.4,5700.2,2347.2,2346.8,2347.1,3514.9,3514.3,3513.8,4436.3,4436.2,4436.0,6175.2,6173.5,6174.7,8657.7,8656.8,8658.1,5237.7,5237.3,5238.3,7455.3,7454.1,7455.0,6138.3,6136.8,6136.5,1866.9,1865.1,1864.7,3694.3,3694.3,3695.2,2584.9,2584.4,2584.2,2907.4,2906.9,2907.2,27.459999,27.830000,going to home base
2024-04-13T00:08:34Z,2384.7,2384.6,2384.6,2639.6,2639.5,2640.1,5700.6,5699.8,5700.2,2347.4,2347.6,2348.0,3515.0,3515.0,3515.2,4436.0,4435.4,4435.3,6178.2,6176.3,6175.9,8659.7,8657.6,8660.1,5237.8,5237.2,5238.5,7455.4,7453.9,7454.2,6135.0,6135.2,6135.6,1866.2,1865.1,1865.1,3694.8,3695.0,3696.0,2584.9,2584.7,2584.4,2907.6,2906.8,2906.6,27.459999,27.790001,going to home base
2024-04-13T00:08:39Z,2384.7,2384.1,2384.3,2639.3,2639.3,2639.8,5700.9,5700.2,5699.8,2346.2,2347.0,2347.1,3515.7,3514.9,3515.4,4436.1,4436.7,4437.0,6177.1,6174.6,6173.3,8659.1,8658.8,8658.8,5237.2,5237.5,5237.5,7456.8,7455.6,7455.5,6137.2,6136.7,6136.6,1866.8,1865.6,1865.3,3695.0,3694.6,3695.9,2584.1,2583.3,2583.7,2907.8,2907.7,2907.6,27.480000,27.910000,going to home base
2024-04-13T00:08:44Z,2385.1,2384.4,2384.7,2639.0,2639.0,2639.2,5700.5,5700.7,5700.4,2346.7,2346.9,2347.7,3515.7,3515.4,3515.1,4436.6,4436.5,4436.6,6175.3,6174.7,6175.7,8655.0,8656.1,8657.6,5238.0,5237.6,5237.7,7455.2,7453.7,7453.3,6136.4,6136.4,6138.1,1867.3,1865.5,1865.6,3695.0,3694.7,3695.3,2584.2,2583.6,2583.5,2907.1,2907.1,2907.4,27.459999,27.920000,going to home base
2024-04-13T00:08:49Z,2384.0,2383.5,2383.4,2640.0,2640.7,2640.7,5701.4,5700.5,5700.5,2346.8,2346.4,2347.1,3515.0,3514.3,3515.0,4436.9,4436.9,4436.5,6176.1,6176.7,6176.9,8658.4,8660.2,8657.1,5238.7,5237.8,5238.5,7454.3,7452.5,7453.8,6135.6,6136.0,6136.1,1866.8,1865.3,1865.1,3695.9,3695.7,3696.4,2583.1,2582.7,2583.0,2906.9,2905.6,2905.9,27.480000,27.930000,going to home base
2024-04-13T00:08:54Z,2384.0,2383.2,2383.2,2639.6,2639.0,2639.6,5700.4,5700.4,5700.1,2347.6,2347.8,2348.3,3515.7,3515.4,3515.3,4435.8,4435.8,4435.6,6176.6,6176.0,6177.1,8658.3,8656.5,8656.6,5238.3,5237.5,5239.1,7456.6,7456.2,7455.3,6136.3,6136.5,6136.2,1867.0,1865.7,1865.7,3695.2,3695.5,3696.3,2583.3,2583.2,2582.9,2907.1,2906.4,2906.8,27.459999,27.920000,going to home base
2024-04-13T00:08:59Z,2383.2,2383.2,2382.9,2639.3,2639.6,2639.9,5700.9,5700.1,5701.0,2348.1,2348.0,2348.2,3515.5,3515.1,3514.8,4436.4,4436.1,4435.8,6177.0,6178.0,6178.3,8659.1,8661.6,8660.3,5238.8,5237.6,5238.3,7458.2,7455.4,7456.1,6136.7,6139.0,6138.4,1867.1,1865.1,1865.4,3695.9,3695.9,3696.3,2583.9,2583.0,2582.8,2907.6,2907.4,2907.4,27.480000,27.969999,going to home base
2024-04-13T00:09:04Z,2384.0,2383.2,2383.6,2639.9,2640.0,2639.9,5701.1,5700.5,5700.8,2347.5,2347.5,2348.1,3515.5,3514.9,3514.1,4436.2,4436.1,4436.2,6175.7,6177.0,6177.6,8661.7,8661.2,8660.1,5238.7,5239.2,5239.2,7457.1,7455.9,7455.6,6136.5,6136.6,6136.6,1867.0,1865.8,1865.6,3695.9,3696.1,3696.6,2583.9,2582.0,2582.0,2906.6,2906.0,2906.0,27.480000,27.860001,going to home base
2024-04-13T00:09:09Z,2384.6,2384.0,2383.8,2640.0,2639.9,2640.3,5701.0,5700.4,5700.3,2346.9,2346.8,2347.3,3515.6,3515.2,3515.4,4436.1,4435.7,4435.8,6177.6,6175.6,6177.4,8660.4,8659.7,8661.3,5238.1,5238.2,5239.1,7454.8,7453.9,7453.6,6138.8,6137.2,6137.5,1866.7,1865.6,1865.5,3695.4,3695.7,3696.2,2583.0,2582.1,2581.8,2908.8,2908.2,2908.4,27.459999,27.799999,going to home base
2024-04-13T00:09:19Z,2383.8,2383.3,2383.4,2640.3,2639.7,2639.6,5701.1,5700.8,5700.1,2347.2,2347.2,2347.5,2383.8,2384.1,2639.8,2639.3,2639.8,5701.2,5700.9,5700.8,2347.0,88322.2,88349.8,14314.4,14311.3,14313.4,3515.1,3514.6,3514.4,4436.0,4435.7,4435.5,6173.0,34165.9,34162.9,8660.6,8658.5,8660.4,5238.2,5237.7,5238.4,7455.9,7454.6,7454.4,6136.0,44296.2,44296.1,going to home base
2024-04-13T00:09:29Z,2384.1,2383.5,2383.4,2639.7,2639.7,2639.2,5701.0,5700.5,5700.8,2347.0,2347.1,2347.2,3515.4,3515.1,3515.2,4435.8,4435.8,4435.7,6173.9,6174.3,6174.0,8657.2,8657.8,8659.1,5237.3,5236.3,5237.9,7454.2,7456.7,7454.8,6136.2,6137.0,6137.5,1866.9,1865.3,1865.5,3695.3,3695.0,3696.3,2583.7,2583.3,2583.5,2907.9,2908.4,2908.0,27.480000,27.879999,going to home base
2024-04-13T00:09:34Z,2383.7,2383.1,2383.1,2639.2,2639.4,2639.6,5700.9,5700.7,5700.8,2347.5,2347.2,2347.7,3515.1,3515.2,3514.6,4435.6,4435.7,4435.5,6173.5,6172.5,6172.1,8657.1,8657.2,8658.9,5238.9,5238.6,5238.8,7454.9,7454.8,7453.1,6137.2,6137.2,6136.9,1866.9,1865.7,1865.7,3694.7,3694.8,3695.5,2583.3,2583.1,2583.4,2908.3,2907.7,2908.4,27.480000,27.959999,going to home base
2024-04-13T00:09:39Z,2383.7,2383.4,2383.7,2639.7,2639.1,2639.1,5700.7,5700.2,5700.2,2347.3,2347.4,2347.7,3515.2,3515.4,3515.2,4436.1,4435.3,4435.4,6175.8,6175.5,6175.8,8659.5,8660.4,8661.0,5238.6,5237.9,5238.9,7455.7,7455.1,7453.7,6136.6,6136.7,6136.8,1867.2,1865.5,1865.4,3695.3,3695.2,3696.3,2584.5,2583.5,2582.9,2906.6,2906.1,2906.4,27.490000,27.980000,going to home base
2024-04-13T00:09:44Z,2383.9,2383.3,2383.5,2639.6,2640.0,2640.2,5700.7,5700.4,5700.3,2346.5,2346.4,2346.9,3515.5,3515.0,3514.9,4435.9,4435.4,4435.6,6175.7,6176.1,6177.0,8658.7,8657.4,8655.5,5238.4,5237.3,5238.5,7455.5,7454.8,7454.3,6135.2,6135.3,6135.3,1866.8,1865.7,1865.6,3695.7,3695.0,3696.2,2583.7,2583.1,2582.7,2906.0,2905.9,2905.8,27.480000,27.900000,going to home base
2024-04-13T00:09:49Z,2384.2,2383.7,2384.0,2638.8,2638.6,2639.4,5700.0,5699.8,5700.3,2347.2,2347.2,2347.3,3515.3,3515.7,3514.7,4436.0,4435.8,4435.7,6178.2,6176.3,6176.6,8657.1,8656.7,8657.6,5238.0,5237.9,5238.8,7455.3,7454.1,7454.4,6137.7,6135.9,6137.9,1866.8,1865.7,1865.3,3695.2,3694.8,3695.7,2583.9,2582.9,2583.0,2906.4,2906.0,2906.4,27.480000,27.790001,going to home base
2024-04-13T00:09:54Z,2383.4,2383.0,2383.4,2639.8,2639.1,2639.6,5700.2,5700.0,5700.0,2347.5,2347.5,2347.9,3514.5,3514.1,3513.9,4435.4,4436.0,4436.2,6177.2,6176.2,6177.0,8657.6,8658.2,8658.1,5236.7,5237.2,5237.1,7454.6,7453.9,7452.5,6137.3,6137.5,6135.2,1866.7,1865.2,1865.0,3694.5,3694.3,3695.5,2583.6,2582.8,2583.0,2906.0,2905.1,2905.7,27.480000,27.830000,going to home base
2024-04-13T00:09:59Z,2384.3,2383.6,2383.7,2638.7,2639.3,2639.0,5700.4,5699.3,5699.6,2346.2,2346.5,2346.9,3514.9,3514.2,3514.6,4435.7,4435.5,4435.9,6176.2,6176.7,6176.6,8655.2,8656.2,8655.6,5235.9,5235.9,5235.8,7452.3,7451.0,7452.5,6137.4,6135.9,6135.9,1866.4,1865.0,1865.0,3694.2,3693.9,3695.5,2583.7,2583.1,2582.9,2905.7,2905.8,2906.3,27.459999,27.820000,going to home base
2024-04-13T00:10:04Z,2383.1,2382.5,2383.1,2638.2,2638.4,2639.2,5701.0,5700.2,5700.2,2346.7,2347.3,2347.5,3514.6,3514.4,3514.0,4435.6,4435.7,4436.0,6179.7,6178.2,6179.0,8657.9,8658.2,8658.9,5238.3,5236.6,5238.5,7451.7,7452.5,7451.3,6134.9,6134.2,6135.6,1866.3,1865.1,1865.2,3695.0,3695.1,3694.8,2582.9,2582.4,2582.4,2906.9,2906.9,2906.8,27.459999,27.830000,going to home base
2024-04-13T00:10:09Z,2384.3,2384.1,2384.5,2638.0,2638.0,2638.2,5700.3,5700.1,5699.7,2346.8,2347.2,2347.3,3513.7,3512.7,3513.6,4435.6,4435.2,4435.2,6179.5,6179.5,6182.1,8657.7,8658.9,8658.3,5237.1,5237.2,5237.7,7452.9,7449.5,7450.9,6137.0,6135.6,6136.8,1866.5,1865.0,1865.0,3694.6,3694.8,3695.6,2583.5,2583.0,2582.6,2906.4,2906.5,2906.0,27.480000,27.820000,going to home base
2024-04-13T00:10:14Z,2384.1,2383.1,2383.3,2638.9,2638.6,2638.7,5699.8,5699.8,5700.1,2347.7,2347.6,2348.2,3514.3,3514.3,3513.9,4435.4,4435.3,4435.2,6176.3,6176.3,6176.1,8659.9,8659.7,8659.4,5238.8,5238.3,5239.0,7452.0,7451.5,7452.2,6134.4,6134.1,6135.7,1867.3,1865.3,1865.3,3695.1,3695.2,3695.9,2583.5,2582.8,2582.5,2906.2,2906.8,2906.3,27.459999,27.830000,going to home base
2024-04-13T00:10:19Z,2383.7,2384.0,2383.5,2638.6,2638.4,2638.7,5700.1,5699.7,5700.0,2348.1,2348.2,2348.4,3514.0,3514.0,3514.6,4435.4,4435.4,4435.6,6174.6,6175.5,6175.4,8658.5,8658.6,8659.1,5235.8,5235.2,5236.6,7454.2,7452.8,7453.4,6134.2,6133.2,6134.2,1866.7,1865.0,1864.5,3693.4,3693.8,3694.5,2583.2,2582.9,2582.7,2905.6,2905.8,2905.2,27.450001,27.889999,going to home base
2024-04-13T00:10:24Z,2383.9,2383.2,2383.6,2638.0,2637.9,2638.2,5700.3,5699.7,5699.5,2347.7,2347.7,2347.7,3515.2,3513.8,3513.7,4435.4,4435.2,4435.4,6174.5,6175.6,6175.0,8656.6,8657.1,8657.2,5235.8,5235.0,5235.9,7451.2,7453.4,7452.2,6138.5,6137.2,6137.1,1866.8,1865.1,1865.2,3693.4,3694.0,3694.7,2583.8,2583.0,2583.1,2907.2,2906.2,2906.6,27.459999,27.920000,going to home base
2024-04-13T00:10:29Z,2384.9,2384.1,2384.7,2638.6,2637.7,2638.5,5699.6,5699.5,5699.8,2348.1,2347.9,2348.4,3515.2,3514.2,3514.5,4435.6,4435.4,4435.0,6179.6,6178.2,6179.0,8657.8,8658.0,8657.4,5236.3,5236.4,5237.0,7454.1,7451.8,7454.2,6136.1,6137.6,6138.5,1866.7,1865.1,1864.7,3693.1,3693.7,3694.7,2583.1,2582.4,2582.3,2906.8,2905.6,2906.6,27.490000,27.889999,going to home base
2024-04-13T00:10:34Z,2384.8,2384.3,2384.4,2638.3,2638.7,2639.0,5700.2,5699.2,5699.3,2347.7,2347.7,2347.6,3514.6,3514.6,3514.1,4436.2,4436.2,4436.3,6174.4,6176.4,6177.1,8658.7,8658.3,8657.1,5236.9,5236.9,5237.7,7454.2,7452.6,7451.4,6138.0,6138.0,6138.3,1866.8,1865.6,1865.7,3693.0,3693.3,3694.0,2583.4,2582.7,2582.7,2906.1,2905.6,2906.8,27.459999,27.930000,going to home base
2024-04-13T00:10:39Z,2385.1,2384.3,2384.7,2639.0,2638.1,2638.8,5700.1,5699.8,5700.0,2347.4,2347.5,2347.9,3514.1,3514.1,3513.3,4435.6,4435.8,4435.2,6176.7,6176.3,6176.3,8658.5,8658.8,8658.3,5236.5,5235.4,5236.6,7455.2,7453.7,7452.2,6139.3,6139.8,6140.5,1866.8,1865.5,1865.4,3693.7,3693.5,3694.4,2584.4,2583.3,2583.6,2907.2,2906.7,2907.3,27.459999,27.900000,going to home base
2024-04-13T00:10:44Z,2384.4,2383.4,2383.9,2639.0,2638.8,2639.2,5700.1,5700.2,5700.2,2347.9,2347.4,2347.9,3514.7,3514.8,3513.7,4434.8,4435.0,4435.2,6175.7,6175.0,6176.7,8658.1,8656.8,8657.6,5236.7,5236.4,5237.0,7453.0,7451.4,7452.0,6135.1,6134.5,6138.1,1867.1,1865.6,1865.3,3694.7,3694.4,3695.0,2584.5,2583.9,2584.1,2906.6,2907.2,2906.4,27.459999,27.900000,going to home base
2024-04-13T00:10:49Z,2385.2,2384.3,2384.7,2638.1,2637.9,2638.9,5700.3,5699.8,5700.2,2347.4,2347.2,2347.5,3514.0,3513.3,3514.0,4435.0,4435.0,4435.3,6171.6,6172.6,6172.2,8658.9,8657.0,8657.5,5235.7,5237.2,5238.1,7454.3,7453.4,7453.8,6136.6,6136.4,6135.6,1866.6,1865.8,1865.5,3694.6,3694.9,3696.0,2585.0,2583.7,2583.6,2905.9,2905.4,2905.7,27.450001,27.889999,going to home base
2024-04-13T00:10:54Z,2385.0,2384.8,2384.9,2638.6,2638.7,2639.1,5700.9,5700.6,5700.7,2347.3,2347.7,2347.7,3515.7,3515.0,3515.3,4435.6,4435.3,4435.7,6177.7,6175.4,6176.8,8658.6,8657.8,8658.4,5237.4,5236.7,5238.0,7453.9,7453.3,7453.8,6136.9,6136.9,6135.6,1866.3,1865.5,1865.1,3694.8,3694.9,3695.6,2583.1,2582.8,2583.0,2907.4,2906.5,2907.1,27.480000,27.930000,going to home base
2024-04-13T00:10:59Z,2385.2,2384.7,2385.0,2638.8,2638.7,2639.0,5700.8,5700.3,5700.4,2346.9,2346.6,2347.3,3515.0,3514.7,3514.5,4435.5,4435.8,4435.8,6178.0,6178.0,6178.7,8659.1,8658.7,8658.4,5236.8,5237.5,5237.0,7453.8,7452.7,7453.4,6137.0,6138.0,6137.9,1866.7,1865.6,1865.0,3694.2,3694.7,3695.9,2584.6,2583.4,2583.8,2906.6,2906.5,2906.6,27.459999,27.930000,going to home base
2024-04-13T00:11:04Z,2385.7,2385.1,2384.9,2638.7,2638.8,2638.9,5701.1,5700.8,5700.8,2346.9,2346.9,2347.3,3515.0,3514.9,3515.0,4436.5,4435.9,4435.7,6175.0,6174.7,6174.7,8657.0,8656.1,8658.0,5235.0,5234.1,5235.1,7454.0,7454.6,7453.1,6137.3,6137.3,6136.2,1866.6,1865.4,1865.5,3694.2,3694.5,3695.0,2584.6,2584.0,2583.8,2908.8,2907.9,2908.0,27.459999,27.870001,going to home base
2024-04-13T00:11:09Z,2384.4,2384.0,2384.3,2638.8,2639.2,2639.2,5699.7,5699.6,5700.2,2347.4,2347.5,2348.2,3515.2,3514.9,3514.3,4436.1,4435.8,4435.8,6178.9,6178.7,6177.2,8658.5,8659.1,8657.9,5236.1,5235.6,5236.2,7456.6,7453.5,7455.1,6137.0,6135.8,6136.5,1866.8,1865.1,1865.1,3694.3,3694.0,3694.7,2583.7,2582.8,2583.5,2906.6,2906.2,2906.4,27.490000,27.830000,going to home base
2024-04-13T00:11:14Z,2384.9,2384.2,2384.6,2638.9,2638.9,2639.2,5700.2,5699.7,5699.8,2347.8,2348.0,2348.2,3516.3,3516.4,3516.0,4435.9,4435.7,4435.9,6177.6,6178.0,6178.4,8660.1,8660.3,8659.9,5236.1,5236.2,5237.6,7453.9,7452.8,7452.1,6137.1,6138.0,6136.7,1866.7,1865.3,1865.3,3694.5,3694.3,3695.4,2584.2,2582.5,2582.7,2906.6,2906.5,2907.2,27.450001,27.830000,going to home base
2024-04-13T00:11:19Z,2385.5,2384.3,2384.6,2638.6,2638.4,2638.6,5699.6,5699.3,5699.9,2347.4,2347.3,2347.7,3515.2,3514.8,3514.6,4435.5,4435.8,4435.6,6177.1,6177.8,6179.0,8658.2,8660.1,8657.5,5234.7,5234.4,5236.5,7457.0,7457.6,7457.4,6135.7,6135.1,6134.6,1866.5,1865.2,1864.9,3694.1,3694.3,3694.9,2584.2,2583.1,2583.3,2906.7,2906.5,2906.2,27.459999,27.860001,going to home base
2024-04-13T00:11:24Z,2385.0,2384.4,2384.5,2638.3,2639.0,2638.9,5700.5,5699.7,5700.0,2347.6,2347.2,2347.4,3515.6,3515.0,3514.9,4435.4,4435.8,4435.9,6176.4,6175.0,6175.3,8658.8,8657.9,8658.3,5235.2,5234.9,5236.2,7457.5,7456.2,7455.4,6137.1,6138.6,6139.1,1866.7,1865.4,1865.3,3694.3,3694.4,3695.6,2583.7,2583.3,2583.5,2905.7,2905.1,2905.0,27.490000,27.830000,going to home base
2024-04-13T00:11:29Z,2385.1,2384.3,2384.6,2639.0,2638.5,2638.5,5700.0,5700.0,5699.9,2347.1,2346.6,2346.9,3514.2,3514.6,3514.0,4435.3,4435.0,4435.3,6176.0,6174.3,6176.0,8658.0,8658.0,8659.3,5236.5,5236.8,5236.4,7454.8,7454.8,7454.8,6138.3,6136.3,6137.5,1866.6,1865.5,1865.3,3694.7,3695.0,3695.9,2583.5,2582.8,2582.8,2906.3,2906.8,2908.5,27.480000,27.850000,going to home base
2024-04-13T00:11:34Z,2384.6,2384.2,2384.2,2639.3,2639.0,2639.2,5700.2,5700.0,5700.2,2347.0,2346.5,2347.1,3515.4,3515.1,3514.5,4435.7,4434.9,4435.3,6175.2,6174.2,6175.8,8660.2,8658.7,8659.8,5235.4,5235.3,5237.2,7454.6,7454.4,7453.2,6135.8,6135.0,6133.8,1866.6,1865.2,1865.1,3693.4,3693.5,3693.7,2584.0,2582.7,2583.6,2907.3,2907.1,2906.9,27.480000,27.850000,going to home base
2024-04-13T00:11:39Z,2384.7,2384.2,2384.6,2638.4,2638.5,2638.4,5700.8,5700.1,5700.4,2347.4,2347.6,2348.2,3515.5,3515.1,3514.7,4435.1,4434.7,4434.7,6177.5,6174.9,6175.5,8658.9,8658.7,8658.7,5236.0,5236.0,5236.3,7454.8,7453.6,7453.0,6136.8,6136.5,6138.3,1865.8,1864.9,1864.3,3693.8,3693.8,3694.5,2583.8,2582.7,2582.6,2906.7,2906.7,2907.4,27.450001,27.870001,going to home base
2024-04-13T00:11:44Z,2384.7,2384.2,2384.2,2639.1,2638.4,2639.3,5700.4,5699.9,5700.3,2347.0,2346.7,2347.7,3515.3,3514.7,3514.8,4435.9,4435.2,4435.4,6177.1,6178.1,6178.3,8657.6,8656.7,8657.1,5234.4,5234.1,5234.6,7453.8,7454.2,7452.2,6136.1,6137.6,6138.3,1867.2,1865.8,1865.8,3693.9,3694.2,3695.1,2583.6,2582.7,2582.4,2907.9,2906.8,2906.9,27.480000,27.870001,going to home base
2024-04-13T00:11:49Z,2384.6,2384.4,2384.5,2638.8,2638.1,2638.7,5700.7,5699.8,5700.3,2347.3,2347.1,2347.9,3515.6,3515.2,3514.8,4436.0,4435.5,4435.4,6176.7,6176.4,6177.3,8659.3,8657.9,8657.8,5235.6,5235.8,5236.4,7455.9,7453.7,7454.8,6134.6,6134.6,6135.2,1866.7,1865.1,1865.1,3694.5,3694.8,3695.5,2584.4,2583.1,2583.3,2908.4,2907.1,2907.0,27.459999,27.830000,going to home base
2024-04-13T00:11:54Z,2384.2,2383.6,2384.0,2638.8,2638.7,2639.2,5700.6,5699.7,5699.9,2347.1,2346.9,2346.8,3514.6,3513.5,3513.5,4435.0,4434.8,4435.0,6174.2,6174.1,6174.4,8660.2,8659.0,8657.6,5235.7,5234.1,5235.3,7454.5,7455.2,7454.6,6134.6,6134.4,6133.9,1867.0,1865.7,1865.5,3693.5,3694.0,3694.7,2584.4,2583.9,2583.5,2907.3,2907.1,2908.0,27.490000,27.820000,going to home base
2024-04-13T00:11:59Z,2384.8,2383.8,2384.1,2638.8,2638.4,2639.1,5699.6,5699.2,5699.3,2347.5,2347.4,2348.0,3514.9,3514.7,3514.6,4435.7,4435.1,4435.3,6174.1,6174.9,6176.9,8660.2,8659.4,8657.4,5234.0,5233.7,5234.9,7454.6,7453.8,7453.2,6134.6,6134.9,6136.4,1866.9,1865.2,1865.3,3693.9,3693.8,3694.7,2584.2,2583.3,2583.6,2907.7,2907.1,2909.1,27.450001,27.830000,going to home base
2024-04-13T00:12:04Z,2384.7,2384.4,2384.2,2638.6,2638.1,2638.3,5699.9,5699.5,5699.5,2346.7,2347.0,2347.7,3515.0,3514.6,3514.5,4435.2,4435.2,4435.6,6178.2,6176.8,6176.3,8659.2,8658.1,8659.4,5235.8,5234.9,5236.5,7454.1,7452.2,7453.1,6135.8,6135.3,6134.4,1867.3,1865.9,1866.0,3693.5,3693.6,3695.1,2583.9,2582.9,2582.8,2907.4,2907.2,2907.5,27.480000,27.820000,going to home base
2024-04-13T00:12:09Z,2383.9,2383.6,2383.5,2638.6,2638.3,2639.1,5700.3,5699.7,5699.5,2347.2,2347.6,2348.1,3515.3,3515.3,3514.7,4435.3,4434.8,4435.3,6177.9,6176.2,6177.7,8656.4,8655.7,8656.8,5234.7,5233.5,5235.3,7454.1,7452.5,7453.2,6134.2,6134.7,6134.1,1867.6,1866.0,1866.0,3693.4,3693.4,3694.2,2583.1,2582.5,2583.5,2906.0,2905.5,2905.6,27.459999,27.850000,going to home base
2024-04-13T00:12:14Z,2384.3,2384.0,2384.3,2639.1,2638.7,2639.0,5699.9,5699.6,5699.5,2346.6,2346.9,2347.1,3515.1,3515.3,3515.4,4435.2,4435.1,4435.0,6177.5,6177.0,6177.8,8657.6,8657.6,8658.5,5235.5,5235.3,5236.8,7457.1,7456.1,7455.2,6133.5,6132.9,6134.1,1867.0,1865.8,1865.5,3693.7,3692.7,3693.8,2584.2,2583.3,2583.1,2907.2,2906.7,2906.9,27.459999,27.889999,going to home base
2024-04-13T00:12:19Z,2384.1,2383.4,2383.7,2638.5,2638.5,2638.7,5700.6,5700.5,5699.8,2347.3,2347.4,2347.8,3515.6,3515.1,3515.1,4435.4,4435.3,4435.0,6174.5,6176.2,6175.5,8657.0,8655.8,8658.0,5235.3,5235.0,5236.1,7456.3,7454.0,7454.8,6134.8,6134.4,6135.4,1867.1,1865.9,1865.7,3693.5,3694.0,3694.5,2583.3,2582.3,2583.2,2907.5,2906.7,2907.6,27.490000,27.870001,going to home base
2024-04-13T00:12:24Z,2384.4,2383.5,2383.9,2639.4,2638.6,2639.6,5701.2,5700.1,5700.3,2347.7,2347.4,2347.6,3515.6,3515.2,3515.1,4435.4,4435.2,4435.5,6173.4,6174.6,6174.9,8660.1,8658.8,8660.0,5234.9,5234.8,5235.5,7454.8,7453.8,7454.4,6136.7,6134.1,6137.2,1866.7,1865.1,1865.1,3693.7,3693.7,3694.5,2583.0,2582.2,2582.3,2908.1,2907.7,2907.8,27.459999,27.910000,going to home base
2024-04-13T00:12:29Z,2385.1,2384.2,2384.7,2638.8,2638.8,2639.0,5700.2,5699.3,5699.5,2347.4,2347.3,2348.0,3515.0,3514.4,3514.7,4435.3,4435.4,4435.1,6174.3,6172.2,6173.7,8657.9,8658.6,8659.3,5235.1,5234.8,5235.8,7452.9,7452.1,7451.4,6136.5,6135.8,6136.1,1866.5,1865.2,1865.1,3694.5,3693.9,3695.0,2583.6,2582.3,2582.4,2908.4,2907.2,2908.3,27.480000,27.830000,going to home base
2024-04-13T00:12:34Z,2384.1,2383.4,2383.8,2638.9,2638.5,2639.2,5700.0,5700.5,5699.6,2347.3,2347.5,2347.8,3515.0,3514.6,3515.0,4435.5,4435.5,4435.4,6172.6,6173.2,6172.3,8656.9,8659.5,8657.9,5235.5,5235.2,5236.6,7453.4,7452.2,7452.5,6134.7,6132.2,6135.2,1866.5,1864.5,1865.0,3693.9,3694.0,3694.9,2583.5,2582.8,2582.9,2907.8,2907.4,2907.2,27.490000,27.750000,going to home base
2024-04-13T00:12:39Z,2383.6,2382.8,2383.4,2638.6,2638.3,2638.9,5699.9,5699.2,5699.3,2347.1,2347.1,2347.9,3516.1,3515.1,3514.9,4435.3,4435.3,4435.3,6174.5,6175.1,6174.9,8660.7,8658.9,8659.1,5235.1,5234.7,5235.1,7454.4,7453.6,7453.8,6135.6,6135.0,6136.3,1865.9,1864.8,1864.7,3694.0,3694.1,3694.7,2583.6,2583.1,2582.8,2906.9,2906.4,2906.6,27.480000,27.709999,going to home base
2024-04-13T00:12:44Z,2384.1,2383.4,2382.9,2637.7,2637.7,2637.6,5700.1,5699.4,5699.8,2346.9,2347.2,2347.7,3514.4,3514.2,3513.8,4434.7,4434.8,4435.2,6176.5,6176.2,6176.9,8659.3,8659.0,8658.4,5236.1,5235.4,5235.3,7455.6,7454.2,7456.0,6136.4,6136.9,6136.4,1865.8,1864.2,1864.0,3693.4,3693.9,3694.8,2584.4,2583.7,2583.3,2906.7,2906.3,2906.2,27.480000,27.719999,going to home base
2024-04-13T00:12:49Z,2383.5,2382.8,2383.1,2638.9,2638.1,2638.9,5699.7,5698.8,5698.6,2347.4,2347.4,2347.8,3514.5,3514.3,3513.7,4434.9,4434.8,4435.0,6177.9,6178.2,6177.1,8659.6,8660.6,8659.6,5235.3,5235.0,5236.4,7455.1,7451.9,7452.6,6137.3,6135.6,6136.4,1865.4,1864.7,1864.3,3693.4,3693.7,3694.9,2582.7,2582.4,2582.6,2906.7,2906.2,2906.7,27.480000,27.740000,going to home base
2024-04-13T00:12:54Z,2383.3,2382.7,2383.0,2638.6,2638.2,2638.2,5699.7,5699.3,5698.9,2347.2,2347.1,2347.9,3515.1,3514.4,3514.1,4434.8,4434.1,4434.1,6176.3,6177.2,6177.6,8659.2,8660.0,8659.6,5236.1,5235.1,5236.3,7453.9,7453.3,7453.0,6132.9,6132.1,6133.7,1866.4,1865.1,1864.8,3693.6,3693.9,3694.4,2583.4,2582.5,2582.7,2906.6,2906.8,2906.8,27.459999,27.690001,going to home base
2024-04-13T00:12:59Z,2384.2,2383.3,2384.2,2637.9,2637.0,2638.1,5699.7,5698.6,5698.8,2347.5,2347.3,2347.6,3515.2,3514.3,3515.1,4434.7,4434.2,4434.4,6178.3,6178.8,6178.4,8661.6,8660.6,8663.0,5234.9,5234.1,5235.1,7452.7,7452.2,7452.7,6132.2,6133.5,6132.5,1867.2,1865.3,1865.3,3693.9,3693.6,3694.8,2582.3,2581.1,2581.3,2905.8,2905.5,2905.8,27.480000,27.680000,going to home base
2024-04-13T00:13:04Z,2384.9,2383.5,2383.9,2637.3,2637.2,2637.7,5699.0,5698.2,5698.7,2347.3,2347.6,2347.8,3514.2,3513.5,3514.2,4434.3,4434.3,4434.4,6175.0,6175.5,6176.5,8657.5,8658.4,8658.3,5234.8,5234.9,5235.3,7453.7,7453.1,7453.8,6135.2,6135.7,6135.6,1866.3,1864.9,1864.7,3693.7,3693.4,3694.7,2583.8,2582.9,2582.9,2904.9,2904.9,2905.7,27.459999,27.709999,going to home base
2024-04-13T00:13:09Z,2384.6,2383.9,2384.2,2637.6,2637.3,2637.6,5698.7,5697.9,5698.2,2347.9,2348.0,2348.5,3514.8,3514.1,3513.9,4434.0,4434.4,4433.7,6176.8,6176.7,6177.3,8661.0,8661.3,8660.9,5234.2,5233.5,5234.5,7452.8,7451.9,7452.3,6135.9,6135.0,6134.7,1867.0,1865.8,1865.6,3693.5,3693.4,3694.3,2583.2,2582.2,2582.4,2906.3,2905.1,2904.7,27.459999,27.780001,going to home base
2024-04-13T00:13:14Z,2385.0,2384.0,2384.4,2637.3,2637.5,2637.3,5698.3,5698.5,5698.0,2347.7,2347.8,2348.1,3514.4,3514.0,3513.8,4433.5,4433.6,4433.7,6175.0,6175.7,6175.9,8657.3,8657.1,8656.9,5234.1,5233.9,5235.3,7452.9,7452.5,7453.2,6133.6,6132.2,6135.1,1865.9,1864.8,1864.6,3693.5,3693.7,3694.5,2582.5,2582.4,2581.8,2905.8,2905.1,2905.9,27.459999,27.750000,going to home base
2024-04-13T00:13:19Z,2385.0,2384.3,2384.5,2638.1,2637.8,2638.3,5698.3,5697.9,5697.9,2347.3,2346.7,2347.4,3514.1,3513.6,3512.8,4433.7,4433.8,4433.4,6174.7,6174.3,6173.6,8657.9,8658.2,8659.2,5234.4,5234.4,5236.1,7454.2,7452.8,7453.5,6133.8,6132.8,6134.5,1866.3,1864.6,1865.1,3692.5,3693.1,3693.7,2582.4,2581.6,2582.2,2905.3,2904.6,2905.3,27.480000,27.820000,going to home base
2024-04-13T00:13:24Z,2384.6,2383.8,2384.2,2638.1,2637.9,2637.9,5698.2,5698.0,5697.7,2347.4,2347.4,2348.1,3515.2,3514.7,3514.6,4434.5,4434.1,4434.5,6176.3,6176.2,6176.3,8657.9,8655.2,8657.3,5232.4,5232.6,5232.9,7453.1,7450.0,7452.3,6136.2,6134.8,6137.8,1866.3,1865.0,1865.0,3691.9,3691.8,3692.6,2583.0,2582.0,2582.2,2907.2,2905.4,2906.5,27.459999,27.760000,going to home base
2024-04-13T00:13:29Z,2384.5,2383.7,2383.9,2638.2,2637.7,2638.7,5698.1,5697.7,5698.5,2348.1,2347.9,2348.1,3514.6,3514.6,3513.9,4433.9,4433.5,4433.2,6175.9,6174.6,6177.5,8656.7,8656.6,8657.0,5232.6,5233.6,5233.1,7451.3,7450.3,7449.8,6136.1,6136.6,6136.8,1866.3,1865.1,1865.5,3692.3,3692.6,3693.4,2582.6,2581.8,2581.8,2905.7,2905.9,2905.9,27.459999,27.860001,going to home base
2024-04-13T00:13:34Z,2385.1,2384.1,2384.5,2638.6,2638.6,2639.8,5698.7,5698.1,5698.4,2347.3,2347.0,2347.9,3515.1,3514.7,3514.3,4433.4,4433.6,4433.3,6176.2,6176.9,6176.6,8659.5,8658.7,8658.4,5233.7,5233.7,5233.4,7453.7,7451.9,7452.9,6132.5,6134.4,6134.4,1866.8,1865.4,1865.4,3692.5,3692.4,3693.7,2582.8,2582.3,2581.7,2907.3,2907.1,2907.6,27.480000,27.860001,going to home base
2024-04-13T00:13:39Z,2384.8,2384.2,2384.4,2638.1,2637.9,2638.3,5698.4,5698.0,5697.8,2346.6,2346.9,2347.1,3513.9,3514.2,3513.6,4433.9,4433.4,4433.5,6175.6,6175.1,6174.1,8657.4,8655.3,8655.5,5233.9,5232.6,5234.2,7449.7,7448.7,7450.3,6135.3,6134.6,6134.3,1866.9,1865.2,1865.4,3692.7,3692.4,3693.6,2583.1,2582.0,2582.7,2906.0,2905.4,2905.5,27.450001,27.780001,going to home base
2024-04-13T00:13:44Z,2384.7,2383.9,2384.2,2638.0,2638.1,2638.3,5698.0,5697.3,5697.5,2347.8,2347.5,2348.0,3514.7,3514.3,3514.7,4433.2,4433.4,4433.3,6174.9,6175.1,6174.4,8656.6,8656.9,8657.4,5231.9,5232.3,5232.4,7448.5,7447.2,7448.5,6134.6,6133.9,6133.7,1866.1,1865.0,1864.9,3693.0,3692.6,3693.5,2583.2,2581.9,2582.1,2907.3,2906.7,2907.6,27.480000,27.860001,going to home base
2024-04-13T00:13:49Z,2384.2,2383.7,2383.8,2638.0,2637.9,2638.9,5697.9,5697.7,5697.6,2347.2,2346.8,2347.3,3514.0,3513.7,3514.2,4434.4,4434.3,4434.1,6177.5,6175.8,6175.9,8655.3,8655.0,8656.6,5233.8,5233.0,5233.2,7452.4,7450.6,7451.7,6133.9,6134.6,6137.0,1866.2,1864.7,1864.5,3692.1,3692.6,3693.5,2582.4,2581.6,2582.3,2906.9,2906.7,2906.9,27.459999,27.850000,going to home base
2024-04-13T00:13:54Z,2384.6,2384.0,2384.5,2637.9,2638.4,2638.4,5699.1,5697.9,5698.3,2347.0,2346.6,2347.2,3514.4,3514.6,3514.1,4433.7,4433.7,4433.6,6172.3,6171.9,6173.4,8658.0,8655.9,8656.4,5234.3,5234.0,5234.5,7451.4,7451.3,7451.5,6135.0,6136.4,6136.4,1866.2,1865.1,1865.1,3692.2,3692.5,3693.4,2582.5,2581.4,2582.1,2908.3,2906.9,2907.2,27.459999,27.820000,going to home base
2024-04-13T00:13:59Z,2384.1,2383.5,2383.9,2638.0,2638.5,2638.4,5698.3,5697.4,5697.9,2346.8,2347.4,2347.6,3514.9,3514.4,3514.0,4433.6,4433.8,4433.7,6172.6,6173.0,6170.8,8657.0,8658.0,8655.0,5233.5,5232.8,5234.6,7450.5,7449.5,7450.6,6134.8,6132.7,6133.3,1866.3,1865.0,1865.0,3692.7,3692.0,3692.9,2582.4,2582.0,2581.8,2906.8,2906.4,2906.9,27.510000,27.850000,going to home base
2024-04-13T00:14:04Z,2383.6,2382.9,2383.3,2638.8,2638.9,2639.3,5698.2,5697.7,5697.4,2347.0,2347.1,2347.7,3514.3,3514.0,3513.5,4433.4,4433.7,4433.2,6172.7,6174.2,6173.7,8655.8,8654.2,8655.3,5233.3,5233.1,5232.8,7451.6,7450.9,7451.3,6133.0,6134.1,6135.6,1866.1,1864.4,1864.8,3691.8,3692.1,3692.6,2582.5,2581.7,2581.7,2905.0,2905.5,2906.6,27.450001,27.850000,going to home base
2024-04-13T00:14:14Z,2384.1,2383.7,2383.6,2638.2,2638.5,2638.7,5697.8,5697.7,5697.7,2347.5,2347.3,2347.3,3514.3,3513.4,3513.1,4433.8,4433.5,4433.6,6172.7,6172.6,6173.2,8657.4,8656.4,8656.6,5233.0,5234.6,5235.9,7451.6,7449.9,7451.1,6132.9,6134.8,6135.9,1866.9,1865.1,1864.8,3692.1,3692.3,3693.1,2583.0,2582.5,2582.3,2906.3,2906.3,2905.8,27.459999,27.900000,going to home base
2024-04-13T00:14:19Z,2383.5,2382.7,2383.2,2638.1,2638.2,2638.7,5698.3,5698.1,5698.3,2347.5,2347.0,2347.3,3512.7,3512.6,3512.7,4433.9,4433.0,4433.3,6173.2,6173.1,6173.8,8657.1,8654.8,8655.7,5232.3,5232.5,5234.0,7450.3,7450.3,7450.5,6133.6,6135.0,6133.5,1866.0,1864.9,1864.7,3692.5,3692.4,3693.2,2583.3,2583.0,2582.7,2905.9,2905.6,2905.1,27.459999,27.879999,going to home base
2024-04-13T00:14:24Z,2384.4,2383.6,2384.2,2638.6,2637.3,2638.2,5697.8,5697.8,5697.9,2347.1,2346.9,2347.2,3513.7,3513.0,3512.9,4433.3,4432.4,4433.1,6175.3,6173.1,6173.7,8655.6,8655.7,8656.2,5233.4,5233.1,5234.1,7453.9,7454.3,7454.7,6133.6,6133.6,6135.7,1866.6,1864.9,1864.6,3692.4,3692.4,3693.0,2584.0,2583.0,2582.9,2904.9,2903.9,2904.5,27.490000,27.830000,going to home base
2024-04-13T00:14:29Z,2384.8,2383.9,2384.1,2637.7,2637.7,2638.5,5698.6,5698.3,5698.3,2347.0,2346.9,2347.0,3513.7,3513.0,3513.6,4433.6,4433.6,4433.5,6171.6,6171.6,6172.6,8656.7,8655.5,8657.3,5233.5,5232.8,5233.7,7453.3,7451.7,7452.6,6132.9,6132.2,6133.4,1866.5,1864.8,1865.2,3692.5,3692.4,3693.0,2583.6,2582.1,2582.2,2905.7,2904.8,2905.4,27.480000,27.809999,going to home base
2024-04-13T00:14:34Z,2384.6,2383.9,2384.0,2638.2,2638.0,2638.2,5699.1,5698.2,5698.6,2346.2,2346.4,2347.3,3513.7,3513.6,3513.0,4434.0,4433.3,4433.6,6173.4,6172.2,6173.9,8658.3,8657.8,8656.8,5232.9,5232.7,5233.9,7450.6,7450.9,7450.8,6134.3,6132.8,6135.9,1866.2,1865.0,1864.7,3693.0,3692.7,3693.4,2583.1,2582.8,2582.2,2905.8,2905.7,2906.5,27.480000,27.860001,going to home base
2024-04-13T00:14:39Z,2384.1,2383.7,2383.9,2637.6,2637.6,2638.2,5698.3,5697.9,5698.1,2346.8,2347.0,2347.9,3513.5,3513.6,3512.9,4433.7,4433.7,4433.6,6171.9,6171.6,6171.3,8659.6,8658.9,8660.0,5233.2,5232.6,5233.2,7449.9,7448.7,7450.2,6132.7,6133.7,6134.4,1866.2,1864.8,1864.9,3692.5,3692.4,3693.4,2582.9,2581.9,2582.0,2907.4,2907.3,2906.8,27.490000,27.870001,going to home base
2024-04-13T00:14:44Z,2384.7,2384.1,2383.9,2636.8,2636.7,2637.6,5698.7,5698.5,5698.5,2347.4,2347.3,2347.7,3512.6,3512.9,3512.4,4433.9,4433.2,4433.9,6172.9,6172.2,6173.4,8658.2,8657.3,8659.5,5233.1,5233.1,5233.5,7451.3,7450.5,7449.9,6131.8,6133.2,6133.3,1865.7,1864.3,1865.2,3692.3,3691.7,3693.4,2582.9,2581.8,2582.0,2907.8,2907.7,2907.5,27.459999,27.860001,going to home base
2024-04-13T00:14:49Z,2384.4,2383.7,2384.0,2637.7,2637.8,2637.7,5699.0,5698.6,5698.4,2347.3,2347.0,2347.8,3512.8,3512.8,3512.3,4433.6,4433.7,4433.5,6173.2,6173.6,6173.4,8658.4,8659.5,8659.0,5233.4,5232.6,5233.2,7452.4,7449.0,7448.9,6136.0,6132.7,6134.2,1866.0,1865.0,1864.7,3692.3,3692.0,3693.1,2582.1,2581.6,2581.5,2907.2,2906.2,2906.8,27.480000,27.820000,going to home base
2024-04-13T00:14:54Z,2384.2,2383.4,2383.9,2637.5,2637.3,2637.8,5699.2,5698.4,5698.4,2347.6,2347.5,2348.0,3514.3,3513.6,3513.4,4433.6,4433.8,4433.4,6172.5,6172.7,6174.0,8657.9,8657.3,8656.6,5233.5,5231.9,5233.3,7450.2,7449.1,7448.9,6135.7,6137.0,6136.9,1866.5,1864.9,1864.6,3693.3,3692.8,3693.7,2582.5,2581.8,2582.4,2907.0,2905.9,2907.2,27.459999,27.790001,going to home base
2024-04-13T00:15:04Z,2384.3,2383.6,2383.6,2637.6,2638.4,2638.8,5698.6,5697.6,5697.8,2346.8,2346.7,2346.9,3514.3,3514.2,3514.1,4432.9,4432.5,4432.8,6173.3,6173.7,6174.9,8657.6,8658.0,8658.4,5232.0,5231.3,5232.9,7451.7,7451.6,7451.0,6135.1,6135.8,6137.5,1866.5,1865.0,1864.8,3692.3,3691.7,3693.2,2581.7,2581.6,2581.5,2906.1,2906.0,29start,2384.2,2384.0,going to home base
2024-04-13T00:15:14Z,2383.7,2383.0,2383.2,2637.9,2638.0,2638.0,5697.2,5696.7,5697.1,2346.7,2346.3,2347.2,3513.2,3512.6,3512.7,4433.8,4433.7,4433.9,6174.8,6174.7,6174.4,8654.5,8655.5,8654.7,5233.0,5232.6,5233.2,7450.2,7448.1,7448.4,6134.8,6135.1,6133.6,1866.3,1865.3,1865.2,3692.0,3691.9,3692.9,2581.8,2580.7,2580.8,2905.2,2904.5,2904.8,27.450001,27.680000,going to home base
2024-04-13T00:15:19Z,2383.8,2383.1,2383.5,2637.2,2637.6,2637.4,5697.8,5697.2,5697.2,2347.2,2347.8,2347.2,3512.9,3513.0,3512.7,4433.0,4432.8,4433.2,6176.7,6176.4,6175.2,8653.9,8653.2,8653.5,5231.7,5231.4,5232.4,7449.4,7448.5,7448.2,6131.7,6132.4,6130.4,1866.1,1865.0,1864.5,3691.8,3692.0,3693.2,2582.0,2580.9,2581.4,2906.1,2906.1,2906.0,27.480000,27.690001,going to home base
2024-04-13T00:15:24Z,2384.2,2383.4,2383.8,2637.4,2637.1,2637.2,5697.5,5696.6,5697.1,2346.5,2346.4,2346.3,3513.0,3513.0,3512.4,4433.4,4433.0,4432.6,6173.6,6172.6,6173.0,8651.9,8652.7,8651.7,5231.9,5232.0,5232.7,7450.4,7449.4,7449.1,6134.3,6134.0,6134.8,1865.9,1864.9,1864.6,3691.5,3692.4,3693.1,2582.6,2581.9,2581.6,2905.6,2905.4,2906.8,27.480000,27.740000,going to home base
2024-04-13T00:15:29Z,2384.2,2383.3,2383.4,2637.0,2636.8,2637.7,5697.8,5697.0,5697.6,2346.8,2346.8,2346.6,3512.6,3512.4,3512.2,4432.1,4432.2,4432.6,6172.1,6171.8,6173.0,8653.2,8652.6,8652.2,5231.1,5232.2,5232.6,7450.8,7449.8,7450.1,6133.7,6132.9,6134.0,1866.3,1864.6,1864.7,3692.5,3692.3,3693.5,2582.4,2581.3,2581.2,2905.5,2905.0,2905.3,27.480000,27.830000,going to home base
2024-04-13T00:15:34Z,2384.1,2382.9,2383.3,2638.3,2637.5,2638.0,5698.1,5697.7,5697.5,2347.3,2347.1,2347.3,3513.5,3512.4,3513.1,4432.2,4432.4,4432.3,6171.3,6172.8,6171.5,8655.2,8655.5,8654.7,5231.6,5230.7,5232.7,7450.7,7450.9,7450.0,6134.7,6133.4,6134.5,1866.2,1864.5,1864.9,3692.8,3692.7,3693.7,2582.6,2581.8,2581.9,2907.3,2905.7,2906.5,27.459999,27.850000,going to home base
2024-04-13T00:15:39Z,2384.7,2383.8,2384.1,2637.8,2637.4,2637.8,5697.8,5697.4,5696.9,2347.2,2347.3,2347.4,3513.8,3513.1,3512.8,4432.9,4432.8,4433.0,6171.6,6172.5,6172.0,8656.2,8656.7,8655.0,5233.1,5232.8,5233.3,7451.8,7451.2,7451.8,6131.5,6132.0,6133.3,1866.5,1864.9,1865.0,3692.1,3691.8,3692.9,2581.9,2581.4,2580.9,2907.1,2906.5,2906.6,27.480000,27.799999,going to home base
2024-04-13T00:15:44Z,2383.7,2383.1,2383.4,2638.5,2638.2,2638.9,5697.8,5697.2,5697.4,2346.0,2346.3,2346.9,3512.8,3512.2,3512.6,4433.3,4433.7,4433.0,6174.1,6172.8,6173.7,8654.4,8654.5,8655.5,5233.0,5232.5,5233.1,7450.8,7449.5,7451.1,6135.2,6132.6,6133.9,1866.3,1864.8,1864.6,3692.9,3692.7,3693.2,2581.8,2581.2,2580.9,2906.6,2905.3,2905.3,27.480000,27.850000,going to home base
2024-04-13T00:15:49Z,2383.5,2382.9,2383.1,2638.3,2638.2,2638.8,5697.8,5697.6,5697.8,2346.1,2346.5,2346.9,3513.6,3513.7,3513.4,4432.3,4432.5,4432.4,6172.2,6171.5,6172.0,8653.7,8653.9,8652.7,5233.9,5233.8,5234.1,7452.0,7452.6,7451.8,6135.9,6135.3,6134.9,1866.6,1865.3,1864.9,3693.3,3692.5,3693.2,2580.6,2580.8,2580.7,2907.3,2906.7,2906.6,27.480000,27.830000,going to home base
2024-04-13T00:15:54Z,2384.7,2383.8,2383.8,2637.8,2637.6,2638.0,5698.3,5698.0,5698.0,2346.6,2346.5,2347.2,3513.3,3513.1,3512.7,4433.0,4432.6,4432.6,6174.2,6174.5,6176.0,8655.1,8653.8,8655.9,5233.4,5231.8,5233.1,7452.1,7451.9,7451.2,6133.0,6133.1,6132.1,1866.2,1864.9,1864.2,3692.9,3693.2,3693.0,2581.4,2580.9,2580.7,2906.1,2904.7,2905.6,27.450001,27.830000,going to home base
2024-04-13T00:15:59Z,2384.1,2383.4,2383.6,2638.6,2637.8,2638.4,5697.4,5697.5,5697.4,2346.7,2346.4,2346.8,3513.3,3513.3,3512.8,4433.0,4432.9,4433.2,6176.9,6175.8,6175.8,8655.7,8654.8,8654.7,5232.2,5232.9,5234.2,7451.2,7449.4,7450.0,6133.2,6133.0,6135.6,1865.8,1864.6,1864.9,3693.0,3692.5,3693.0,2581.5,2581.2,2581.4,2906.6,2905.8,2906.6,27.490000,27.879999,going to home base
2024-04-13T00:16:04Z,2384.1,2383.5,2383.6,2638.3,2638.1,2638.2,5697.4,5697.0,5697.2,2346.0,2345.9,2346.5,3512.6,3512.1,3512.6,4432.5,4432.4,4432.8,6173.2,6172.3,6172.6,8657.4,8657.7,8657.5,5232.2,5232.5,5233.0,7451.5,7449.8,7450.0,6133.3,6133.0,6134.2,1866.2,1864.5,1864.9,3692.2,3692.7,3693.5,2581.8,2580.7,2580.4,2906.8,2906.5,2906.2,27.490000,27.850000,going to home base
2024-04-13T00:16:09Z,2384.0,2383.0,2383.3,2636.8,2636.6,2637.6,5697.9,5697.2,5697.4,2345.8,2345.9,2346.1,3513.6,3513.1,3512.8,4433.0,4433.2,4432.7,6171.4,6170.7,6169.9,8652.5,8651.4,8651.4,5232.7,5231.6,5233.9,7450.8,7452.1,7452.0,6130.0,6130.6,6130.4,1865.9,1864.2,1864.4,3691.9,3691.8,3692.9,2581.4,2579.7,2580.3,2905.8,2905.6,2905.6,27.459999,27.830000,going to home base
2024-04-13T00:16:14Z,2384.1,2383.3,2383.3,2637.3,2637.4,2637.8,5698.3,5697.3,5697.4,2345.9,2345.8,2346.6,3514.7,3514.2,3514.5,4432.8,4432.5,4432.5,6168.3,6168.2,6166.0,8655.7,8655.7,8655.7,5231.4,5232.0,5233.1,7451.1,7450.6,7451.6,6132.7,6133.5,6134.0,1865.8,1864.6,1864.7,3693.7,3693.8,3694.0,2581.0,2580.4,2580.3,2906.2,2905.7,2906.1,27.480000,27.790001,going to home base
2024-04-13T00:16:19Z,2383.8,2383.2,2383.5,2637.7,2637.5,2638.1,5698.6,5698.0,5698.0,2346.4,2346.2,2346.8,3512.9,3512.5,3512.1,4432.7,4432.5,4432.3,6173.5,6173.8,6174.2,8656.3,8656.0,8654.4,5232.6,5232.6,5233.2,7454.3,7453.0,7452.3,6133.2,6132.6,6133.6,1865.7,1864.2,1864.1,3692.3,3692.9,3693.5,2581.4,2580.9,2580.7,2904.3,2904.4,2904.7,27.480000,27.820000,going to home base
2024-04-13T00:16:24Z,2384.3,2383.3,2383.7,2636.9,2637.2,2637.6,5698.0,5697.6,5697.5,2346.5,2346.2,2346.9,3513.5,3512.6,3513.0,4433.1,4432.4,4433.0,6170.6,6169.6,6170.6,8658.0,8654.6,8657.5,5232.4,5232.1,5232.5,7452.5,7451.1,7450.8,6131.7,6132.1,6132.7,1865.8,1864.6,1864.4,3691.8,3692.3,3693.2,2582.1,2579.9,2581.1,2904.4,2904.6,2904.9,27.480000,27.790001,going to home base
2024-04-13T00:16:29Z,2384.5,2383.9,2383.9,2636.9,2637.0,2637.5,5697.7,5697.6,5697.7,2345.7,2345.9,2346.3,3513.2,3513.4,3513.3,4432.5,4432.4,4432.1,6174.1,6174.4,6175.0,8658.3,8657.3,8657.8,5231.8,5232.5,5232.5,7448.7,7449.9,7448.9,6130.3,6129.6,6131.2,1866.1,1864.6,1864.5,3692.4,3692.6,3693.0,2581.3,2581.2,2580.8,2903.9,2903.7,2903.1,27.459999,27.850000,going to home base
2024-04-13T00:16:34Z,2383.7,2383.1,2383.4,2637.3,2636.9,2637.4,5698.0,5697.6,5697.4,2346.3,2346.6,2347.4,3512.3,3512.1,3512.0,4432.1,4432.2,4432.1,6171.7,6172.0,6172.8,8655.4,8655.5,8657.4,5232.9,5232.1,5232.5,7450.5,7450.3,7450.9,6133.0,6133.2,6135.3,1866.0,1864.6,1864.6,3691.7,3692.4,3692.6,2582.7,2581.2,2581.3,2904.0,2903.7,2903.1,27.459999,27.780001,going to home base
2024-04-13T00:16:39Z,2383.3,2382.8,2383.2,2636.0,2636.6,2636.9,5697.1,5696.5,5696.8,2346.4,2346.9,2347.1,3512.4,3511.8,3511.7,4432.8,4432.6,4432.8,6173.6,6173.0,6174.6,8656.5,8656.4,8656.0,5232.5,5232.6,5233.3,7450.5,7450.2,7448.7,6133.8,6132.2,6132.1,1866.4,1865.0,1864.7,3692.8,3692.8,3694.0,2581.5,2581.4,2581.6,2901.4,2901.5,2902.1,27.459999,27.680000,going to home base
2024-04-13T00:16:44Z,2384.3,2383.0,2383.0,2636.6,2636.9,2636.4,5697.5,5696.6,5696.9,2346.0,2346.1,2346.6,3513.6,3513.6,3513.5,4432.6,4432.7,4432.9,6174.1,6173.7,6173.4,8655.5,8655.4,8654.4,5232.7,5232.3,5234.4,7451.5,7450.5,7448.7,6132.8,6132.5,6132.5,1866.7,1864.9,1864.9,3691.7,3691.4,3692.4,2581.0,2580.5,2580.4,2903.6,2903.6,2903.4,27.480000,27.650000,going to home base
2024-04-13T00:16:49Z,2384.1,2383.2,2383.3,2636.8,2636.4,2637.2,5697.0,5696.5,5696.7,2347.2,2346.8,2347.3,3511.8,3512.4,3512.3,4433.2,4433.3,4432.9,6171.6,6171.0,6173.4,8655.0,8654.3,8654.2,5231.9,5232.1,5232.2,7451.4,7449.0,7448.9,6131.9,6132.4,6132.2,1866.4,1865.0,1864.5,3692.1,3692.5,3692.9,2580.4,2579.7,2579.5,2905.2,2903.6,2903.7,27.480000,27.690001,going to home base
2024-04-13T00:16:54Z,2383.6,2383.0,2383.4,2636.5,2636.6,2636.7,5697.3,5696.6,5696.5,2346.5,2346.6,2346.9,3513.9,3512.5,3512.3,4433.2,4432.5,4432.1,6174.1,6170.6,6171.6,8656.2,8656.4,8656.8,5232.2,5232.0,5232.9,7450.2,7449.5,7450.2,6133.3,6133.1,6132.7,1866.1,1864.4,1864.6,3691.7,3692.2,3693.3,2581.1,2580.6,2581.5,2905.7,2904.0,2905.6,27.459999,27.780001,going to home base
2024-04-13T00:16:59Z,2384.5,2384.1,2384.1,2636.5,2636.2,2636.8,5696.9,5697.0,5696.8,2345.7,2345.6,2346.2,3513.0,3512.2,3512.8,4432.2,4432.3,4432.3,6171.8,6171.6,6171.9,8657.0,8657.9,8657.8,5231.6,5232.6,5232.0,7450.9,7450.7,7449.7,6130.4,6128.9,6127.2,1866.2,1864.5,1864.3,3691.7,3692.2,3692.5,2581.3,2580.2,2580.5,2903.9,2904.5,2904.7,27.459999,27.780001,going to home base
2024-04-13T00:17:04Z,2384.5,2383.9,2384.0,2636.6,2636.7,2636.7,5696.8,5696.0,5696.5,2346.0,2346.0,2346.9,3513.4,3513.4,3512.7,4433.1,4432.6,4433.0,6172.2,6173.1,6172.6,8657.1,8655.5,8656.9,5231.3,5232.0,5232.2,7451.7,7451.0,7451.1,6132.8,6133.3,6133.4,1865.6,1864.1,1864.2,3692.1,3692.3,3692.6,2582.4,2581.0,2581.0,2903.8,2903.0,2904.0,27.480000,27.760000,going to home base
2024-04-13T00:17:09Z,2384.4,2383.5,2384.1,2636.5,2636.3,2636.7,5697.5,5697.1,5697.2,2345.3,2345.6,2345.9,3512.6,3512.8,3513.1,4432.6,4432.8,4432.5,6173.7,6173.7,6173.4,8657.5,8656.1,8657.1,5232.5,5231.9,5232.4,7450.6,7449.3,7450.3,6132.6,6132.4,6132.7,1865.7,1864.5,1864.5,3691.7,3691.7,3692.3,2581.1,2580.6,2581.1,2904.1,2904.0,2904.2,27.459999,27.750000,going to home base
2024-04-13T00:17:14Z,2384.3,2383.3,2383.5,2636.7,2636.3,2636.8,5697.5,5697.7,5697.5,2347.0,2346.9,2347.2,3511.9,3511.5,3512.0,4433.2,4433.0,4432.9,6170.8,6172.4,6170.7,8656.4,8655.9,8656.0,5233.4,5232.5,5232.9,7452.1,7449.9,7450.1,6134.5,6133.0,6134.1,1865.9,1864.1,1863.8,3691.5,3691.7,3692.5,2581.9,2580.9,2581.0,2906.0,2905.1,2905.7,27.459999,27.740000,going to home base
2024-04-13T00:17:19Z,2384.0,2383.2,2383.4,2636.3,2636.2,2636.7,5697.9,5697.2,5697.6,2346.7,2346.6,2347.2,3512.9,3512.4,3512.5,4432.6,4432.3,4432.5,6168.6,6169.4,6169.6,8658.6,8657.3,8658.1,5231.8,5231.1,5232.8,7449.5,7449.4,7447.6,6132.1,6131.7,6133.8,1866.6,1864.7,1864.6,3692.1,3692.0,3692.9,2581.0,2579.6,2579.9,2907.8,2907.3,2906.1,27.480000,27.719999,going to home base
2024-04-13T00:17:24Z,2383.8,2383.0,2383.3,2636.1,2635.9,2636.4,5696.3,5696.5,5696.2,2347.3,2347.1,2346.9,3512.7,3512.9,3512.3,4432.4,4432.0,4432.2,6168.8,6168.7,6170.4,8654.5,8654.4,8652.6,5232.8,5233.0,5233.5,7451.7,7451.4,7450.9,6134.2,6133.8,6134.2,1865.7,1864.1,1863.9,3692.1,3692.1,3692.8,2580.2,2579.6,2580.3,2907.3,2904.8,2905.4,27.480000,27.610001,going to home base
2024-04-13T00:17:29Z,2384.1,2383.1,2383.6,2637.0,2637.0,2637.0,5696.9,5696.9,5695.8,2346.7,2347.1,2347.1,3511.9,3512.5,3512.9,4432.7,4431.7,4432.2,6168.6,6167.7,6168.0,8656.5,8656.3,8655.3,5231.1,5231.7,5232.2,7451.4,7450.3,7450.4,6132.4,6131.1,6133.1,1865.3,1864.0,1863.8,3691.8,3691.5,3692.2,2581.3,2580.1,2580.4,2906.0,2905.2,2905.4,27.490000,27.700001,going to home base
2024-04-13T00:17:34Z,2383.9,2383.0,2383.3,2635.5,2635.4,2635.9,5697.0,5696.0,5696.1,2345.9,2346.2,2347.0,3513.7,3513.2,3512.8,4432.5,4432.4,4432.7,6168.6,6167.5,6169.1,8655.3,8653.4,8654.1,5233.9,5233.4,5231.2,7451.6,7449.8,7450.3,6132.4,6134.1,6133.6,1865.6,1864.6,1864.2,3691.3,3691.1,3692.9,2580.2,2579.5,2579.7,2906.6,2906.0,2906.4,27.480000,27.690001,going to home base
2024-04-13T00:17:39Z,2383.5,2382.8,2383.2,2635.7,2636.1,2636.6,5695.5,5695.6,5695.5,2346.5,2345.9,2346.4,3513.3,3512.4,3511.9,4431.4,4431.2,4431.8,6170.7,6170.9,6172.0,8656.5,8655.4,8656.0,5231.9,5231.9,5232.4,7450.2,7450.3,7450.4,6131.2,6133.4,6133.1,1866.1,1864.8,1864.6,3692.3,3692.3,3693.4,2580.6,2580.1,2580.5,2904.2,2904.4,2904.5,27.459999,27.629999,going to home base
2024-04-13T00:17:44Z,2383.7,2382.8,2382.8,2636.5,2636.3,2636.8,5696.1,5696.1,5696.1,2346.0,2345.5,2346.5,3512.7,3512.8,3512.5,4432.6,4431.7,4431.9,6172.6,6171.9,6172.3,8653.0,8653.4,8653.6,5232.0,5231.8,5232.9,7447.5,7448.2,7448.0,6132.2,6130.8,6130.7,1865.8,1864.0,1864.1,3692.7,3692.4,3693.4,2581.0,2580.4,2580.8,2905.9,2905.4,2905.7,27.480000,27.580000,going to home base
2024-04-13T00:17:49Z,2383.5,2383.2,2383.2,2636.3,2636.3,2636.5,5696.4,5695.9,5695.9,2346.0,2346.1,2346.7,3512.1,3511.3,3511.3,4431.6,4431.8,4431.6,6171.4,6171.8,6173.1,8654.5,8655.7,8655.4,5232.0,5231.2,5232.2,7449.5,7449.7,7449.4,6130.7,6131.8,6132.2,1866.0,1864.2,1863.9,3691.4,3691.1,3691.8,2580.1,2579.5,2579.1,2904.5,2903.9,2904.6,27.510000,27.639999,going to home base
2024-04-13T00:17:54Z,2383.5,2382.7,2382.9,2636.1,2636.0,2636.5,5696.1,5696.1,5696.2,2345.6,2345.4,2346.0,3512.9,3512.5,3511.8,4431.7,4431.4,4431.7,6169.5,6168.3,6168.2,8654.3,8656.3,8655.1,5230.2,5230.8,5231.5,7449.4,7449.2,7448.4,6129.3,6130.6,6130.5,1865.8,1864.1,1864.3,3691.8,3691.9,3692.8,2580.8,2579.9,2579.5,2905.4,2905.0,2904.3,27.459999,27.709999,going to home base
2024-04-13T00:17:59Z,2383.5,2382.8,2382.9,2637.3,2636.7,2637.0,5696.8,5696.0,5696.6,2345.6,2345.4,2345.9,3512.1,3511.2,3512.0,4431.9,4431.4,4431.6,6171.1,6169.1,6169.5,8654.2,8653.9,8653.6,5230.9,5229.8,5230.8,7450.7,7448.9,7447.4,6131.4,6131.8,6132.3,1865.7,1863.9,1864.5,3691.7,3691.1,3692.6,2580.4,2579.6,2579.7,2905.4,2904.9,2904.7,27.480000,27.750000,going to home base
2024-04-13T00:18:04Z,2383.3,2382.7,2382.8,2637.0,2636.6,2637.1,5696.1,5695.9,5695.8,2345.8,2345.3,2345.8,3512.6,3512.5,3511.6,4431.6,4431.7,4432.0,6169.6,6167.7,6169.5,8654.0,8654.2,8653.9,5231.2,5230.5,5232.0,7452.7,7450.3,7449.3,6132.3,6132.7,6135.0,1865.5,1864.2,1864.3,3691.5,3691.5,3692.2,2580.1,2579.5,2579.0,2904.3,2903.8,2904.3,27.459999,27.740000,going to home base
2024-04-13T00:18:09Z,2383.6,2382.9,2383.1,2636.7,2636.3,2637.1,5696.5,5695.3,5695.5,2345.8,2346.3,2346.9,3512.3,3512.8,3512.1,4431.3,4431.1,4431.0,6170.0,6169.3,6170.8,8652.8,8651.5,8652.6,5230.8,5231.1,5231.4,7449.6,7449.9,7448.4,6131.9,6130.6,6131.1,1865.3,1864.4,1864.3,3690.3,3690.1,3691.4,2580.8,2580.2,2580.0,2902.7,2902.8,2903.2,27.480000,27.629999,going to home base
2024-04-13T00:18:14Z,2383.2,2382.7,2382.7,2636.6,2635.9,2637.0,5696.5,5695.5,5695.7,2345.6,2345.4,2345.2,3512.2,3511.4,3511.9,4432.1,4431.7,4431.8,6171.9,6171.9,6171.6,8654.5,8654.5,8653.6,5232.0,5231.0,5232.1,7448.8,7447.7,7447.9,6132.7,6131.2,6133.2,1865.5,1863.8,1864.0,3691.6,3691.4,3692.1,2579.3,2578.2,2579.0,2903.6,2902.5,2903.3,27.480000,27.570000,going to home base
2024-04-13T00:18:19Z,2382.9,2382.3,2382.7,2636.2,2636.5,2636.6,5694.9,5694.9,5695.1,2345.8,2346.4,2346.3,3512.3,3511.7,3511.7,4431.6,4431.0,4430.8,6169.8,6168.0,6170.5,8652.9,8653.8,8653.5,5231.3,5231.9,5233.2,7449.4,7448.7,7448.8,6128.7,6130.0,6125.7,1865.3,1863.7,1863.6,3690.8,3690.2,3691.4,2579.5,2578.7,2578.9,2903.9,2903.3,2902.8,27.480000,27.610001,going to home base
2024-04-13T00:18:24Z,2383.5,2382.4,2382.7,2636.5,2636.7,2636.3,5695.3,5694.8,5695.5,2346.0,2346.4,2346.5,3511.8,3511.9,3511.8,4431.0,4430.6,4431.0,6168.9,6170.8,6168.4,8653.1,8651.5,8652.1,5232.3,5232.6,5233.1,7447.2,7447.2,7449.0,6133.8,6132.8,6133.1,1865.4,1864.2,1863.7,3691.0,3691.3,3692.0,2579.6,2578.9,2578.9,2903.8,2902.5,2903.0,27.480000,27.559999,going to home base
2024-04-13T00:18:29Z,2382.9,2382.1,2382.7,2636.4,2636.2,2636.2,5695.4,5695.5,5695.1,2345.4,2345.5,2345.7,3512.3,3512.7,3512.2,4430.7,4431.4,4431.2,6170.3,6171.0,6170.4,8651.4,8651.9,8651.9,5230.9,5230.6,5231.1,7448.0,7447.8,7446.4,6132.9,6131.4,6132.9,1865.6,1864.2,1863.8,3691.1,3691.0,3692.2,2579.9,2579.5,2578.9,2903.9,2903.7,2903.6,27.490000,27.540001,going to home base
2024-04-13T00:18:34Z,2383.6,2383.2,2383.3,2635.7,2635.4,2635.8,5694.6,5694.2,5694.5,2345.4,2345.1,2346.1,3511.8,3512.1,3511.6,4430.3,4430.5,4431.3,6170.0,6168.8,6168.8,8653.0,8653.2,8654.1,5232.3,5231.8,5231.8,7446.3,7447.0,7446.2,6130.5,6129.3,6129.5,1865.2,1863.9,1864.2,3690.7,3690.7,3691.6,2579.9,2579.0,2579.3,2903.5,2902.7,2902.5,27.480000,27.580000,going to home base
2024-04-13T00:18:39Z,2383.7,2382.8,2382.9,2635.7,2635.0,2636.1,5694.4,5693.8,5694.4,2345.1,2345.2,2345.3,3512.0,3511.7,3511.5,4430.2,4430.7,4430.3,6170.7,6169.6,6170.7,8653.4,8652.3,8651.7,5232.1,5231.7,5233.3,7448.5,7448.3,7446.6,6129.4,6128.9,6129.8,1865.6,1863.8,1863.9,3691.1,3690.9,3691.8,2580.0,2579.9,2579.7,2904.1,2902.8,2902.9,27.480000,27.639999,going to home base
2024-04-13T00:18:44Z,2383.1,2382.3,2382.4,2636.1,2636.1,2636.3,5694.1,5694.2,5694.6,2346.1,2345.9,2346.5,3512.5,3512.2,3511.5,4430.6,4430.5,4430.6,6169.6,6168.7,6168.0,8655.4,8653.6,8653.2,5232.6,5232.1,5232.1,7448.0,7444.5,7446.8,6129.7,6129.0,6130.9,1864.5,1863.2,1863.4,3690.5,3690.7,3691.3,2579.8,2579.3,2579.5,2902.8,2901.6,2902.4,27.450001,27.610001,going to home base
2024-04-13T00:18:49Z,2382.6,2381.7,2382.3,2635.5,2635.4,2636.0,5695.6,5695.4,5695.0,2345.3,2345.5,2346.1,3512.3,3512.4,3512.0,4430.4,4430.0,4430.8,6172.8,6169.5,6171.0,8652.7,8649.5,8652.6,5231.7,5230.4,5232.0,7446.8,7446.7,7446.3,6128.5,6130.1,6130.5,1864.8,1863.3,1863.1,3690.0,3690.4,3691.5,2580.4,2579.8,2579.1,2903.0,2902.5,2903.2,27.490000,27.709999,going to home base
2024-04-13T00:18:54Z,2382.8,2382.4,2382.3,2635.8,2635.5,2635.6,5695.1,5694.7,5694.7,2345.5,2345.6,2346.1,3512.0,3511.8,3511.9,4430.4,4429.9,4430.3,6170.4,6167.4,6169.3,8652.7,8652.2,8652.0,5230.5,5231.1,5231.5,7446.1,7445.3,7446.0,6132.2,6131.6,6130.9,1864.8,1863.6,1863.9,3690.6,3690.7,3691.5,2579.5,2578.7,2578.6,2904.6,2904.2,2904.0,27.480000,27.670000,going to home base
2024-04-13T00:18:59Z,2383.2,2382.5,2382.9,2634.9,2635.0,2635.6,5695.3,5695.3,5695.0,2345.6,2345.5,2345.7,3512.9,3511.9,3512.0,4430.6,4430.5,4430.9,6169.6,6169.2,6169.2,8652.6,8652.9,8652.9,5231.6,5230.2,5231.5,7445.3,7445.6,7444.7,6130.5,6131.1,6131.0,1864.8,1863.4,1863.7,3690.4,3690.1,3691.3,2579.2,2578.3,2579.1,2905.9,2905.4,2905.0,27.450001,27.570000,going to home base
2024-04-13T00:19:04Z,2383.4,2382.8,2382.9,2635.0,2635.6,2635.5,5695.1,5694.7,5695.0,2345.8,2345.9,2346.3,3512.2,3511.9,3512.4,4430.4,4430.3,4430.4,6170.7,6168.7,6168.4,8653.1,8652.5,8652.3,5229.4,5228.8,5230.6,7447.3,7447.8,7447.2,6130.7,6131.6,6131.2,1865.0,1863.6,1863.4,3690.6,3690.6,3691.6,2580.0,2579.4,2579.3,2906.3,2906.3,2905.8,27.459999,27.600000,going to home base
2024-04-13T00:19:09Z,2382.9,2382.3,2382.3,2635.6,2636.1,2635.7,5694.3,5693.9,5694.2,2345.6,2345.4,2345.6,3511.7,3511.3,3511.1,4429.3,4429.6,4429.8,6168.5,6168.7,6168.8,8651.8,8652.1,8650.2,5230.4,5229.4,5230.3,7449.7,7447.6,7447.3,6131.1,6131.8,6130.4,1864.5,1863.8,1863.3,3689.7,3690.2,3691.3,2579.0,2578.7,2578.6,2905.8,2905.3,2906.5,27.459999,27.650000,going to home base
2024-04-13T00:19:14Z,2383.2,2382.5,2382.4,2636.3,2635.7,2636.5,5695.0,5694.7,5694.9,2345.4,2345.7,2346.2,3511.5,3511.4,3512.0,4429.9,4429.9,4429.9,6170.2,6169.1,6169.3,8653.9,8652.5,8653.6,5232.2,5230.8,5231.4,7446.9,7446.2,7446.2,6129.1,6129.2,6130.3,1864.6,1862.9,1863.4,3690.0,3689.8,3691.0,2579.3,2578.5,2578.2,2906.1,2905.2,2905.1,27.450001,27.690001,going to home base
2024-04-13T00:19:19Z,2383.1,2382.5,2382.9,2635.6,2635.3,2635.8,5694.8,5694.7,5694.7,2345.4,2344.6,2345.9,3510.7,3510.9,3510.8,4429.8,4429.8,4429.5,6169.0,6169.5,6168.2,8653.5,8652.8,8652.7,5230.7,5230.9,5231.7,7446.0,7444.8,7445.3,6130.2,6129.4,6130.5,1865.0,1863.8,1863.7,3690.7,3690.1,3690.9,2579.6,2578.8,2579.4,2904.8,2904.4,2904.2,27.480000,27.709999,going to home base
2024-04-13T00:19:24Z,2382.9,2382.3,2382.4,2636.3,2635.7,2635.9,5695.1,5694.3,5694.4,2345.7,2345.9,2346.0,3511.2,3511.1,3510.9,4430.3,4430.0,4430.0,6170.6,6170.0,6170.2,8651.6,8650.0,8650.4,5230.6,5230.5,5231.2,7447.4,7447.9,7445.6,6128.0,6129.4,6129.4,1865.4,1863.9,1863.8,3689.9,3690.1,3690.5,2579.4,2579.0,2578.6,2904.1,2903.9,2904.9,27.490000,27.700001,going to home base
2024-04-13T00:19:29Z,2383.3,2382.6,2382.6,2635.8,2635.9,2636.2,5695.7,5695.1,5695.6,2346.2,2345.6,2345.9,3512.2,3511.2,3510.7,4430.7,4430.1,4430.1,6170.1,6168.7,6169.5,8652.5,8651.5,8650.7,5230.9,5229.6,5230.7,7447.3,7446.2,7445.6,6128.9,6127.5,6128.7,1865.1,1863.8,1863.5,3689.8,3690.4,3691.6,2579.8,2578.5,2578.7,2904.4,2904.2,2904.8,27.459999,27.709999,going to home base
2024-04-13T00:19:34Z,2383.1,2382.4,2382.9,2636.0,2635.7,2636.0,5695.6,5695.1,5694.9,2345.6,2345.3,2345.8,3511.5,3511.1,3511.1,4429.9,4429.9,4430.1,6166.5,6165.5,6165.1,8650.4,8649.6,8649.7,5229.9,5229.5,5229.9,7445.5,7443.8,7443.6,6130.6,6129.4,6129.9,1864.9,1863.6,1863.4,3689.7,3689.8,3690.4,2580.3,2579.7,2579.5,2905.7,2904.6,2905.6,27.480000,27.740000,going to home base
2024-04-13T00:19:39Z,2382.8,2382.2,2382.2,2636.2,2636.2,2636.3,5695.7,5695.4,5695.0,2346.0,2346.1,2346.2,3511.2,3510.5,3510.9,4430.1,4429.8,4430.1,6171.1,6169.7,6169.3,8649.9,8649.3,8650.1,5229.8,5229.5,5229.3,7445.8,7443.8,7443.7,6130.4,6129.3,6130.9,1866.4,1864.8,1865.1,3690.4,3690.3,3691.1,2579.9,2579.9,2580.1,2905.1,2904.4,2905.3,27.480000,27.680000,going to home base
2024-04-13T00:19:44Z,2382.1,2381.5,2381.9,2636.0,2635.4,2636.0,5695.7,5694.9,5695.1,2345.5,2345.3,2345.9,3512.3,3512.0,3511.5,4429.9,4429.6,4429.8,6166.4,6165.8,6167.2,8650.1,8651.3,8650.8,5229.4,5229.5,5231.0,7447.6,7446.9,7445.5,6130.1,6130.3,6129.9,1866.3,1864.6,1864.6,3690.3,3690.3,3691.1,2580.1,2579.5,2579.6,2906.3,2905.4,2905.1,27.480000,27.719999,going to home base
2024-04-13T00:19:49Z,2382.2,2381.6,2382.3,2636.2,2636.0,2636.3,5694.9,5694.8,5694.9,2346.3,2346.2,2346.2,3512.3,3512.2,3512.0,4430.2,4430.0,4430.1,6167.4,6165.7,6166.4,8650.4,8651.2,8649.6,5228.5,5228.6,5230.0,7446.2,7445.0,7445.1,6129.7,6129.7,6128.6,1865.9,1864.6,1864.3,3690.2,3690.5,3691.5,2580.5,2580.5,2580.2,2905.9,2905.3,2905.8,27.480000,27.670000,going to home base
2024-04-13T00:19:59Z,2383.2,2382.3,2382.4,2637.1,2636.6,2636.5,5695.2,5694.6,5694.3,2346.3,2346.3,2346.3,3512.5,3512.1,3511.8,4429.9,4429.4,4429.1,6167.5,6167.5,6166.0,8650.2,8650.7,8650.1,5229.9,5228.7,5229.2,7446.8,7445.4,7446.2,6130.4,6129.2,6128.5,1866.0,1864.6,1start,26921.2,26923.3,2383.1,2382.1,2382.7,2636.5,2636.9,2636.7,5694.9,2345.4,2345.7,going to home base
2024-04-13T00:20:09Z,2382.6,2381.7,2382.0,2636.2,2636.1,2636.5,5695.4,5695.2,5695.1,2345.7,2345.6,2345.9,3511.7,3511.3,3512.1,4429.6,4429.5,4429.7,6167.9,6166.3,6166.5,8652.0,8651.8,8652.5,5229.5,5228.6,5230.5,7447.8,7445.6,7445.1,6130.6,6130.0,6129.0,1866.3,1864.8,1864.6,3689.9,3689.6,3690.5,2579.3,2578.1,2578.8,2904.0,2903.9,2903.9,27.480000,27.760000,going to home base
2024-04-13T00:20:14Z,2383.4,2382.5,2382.7,2636.0,2635.6,2636.4,5695.6,5694.9,5694.9,2345.0,2345.4,2345.5,3511.9,3511.9,3511.3,4430.3,4430.2,4430.1,6169.4,6167.4,6168.8,8647.7,8648.4,8647.8,5230.9,5230.5,5231.7,7447.8,7446.3,7446.2,6128.6,6127.5,6129.4,1866.0,1864.5,1864.1,3689.5,3690.2,3691.0,2579.9,2579.3,2579.1,2904.1,2903.2,2903.6,27.459999,27.780001,going to home base
2024-04-13T00:20:19Z,2383.0,2382.1,2382.2,2635.9,2635.7,2636.3,5695.1,5694.8,5695.3,2344.8,2345.0,2345.6,3511.7,3511.3,3510.8,4430.3,4430.3,4430.4,6167.5,6167.0,6166.9,8647.8,8645.9,8648.0,5230.4,5231.1,5231.5,7445.4,7444.7,7444.4,6126.0,6127.3,6126.4,1865.8,1864.1,1864.5,3690.2,3689.7,3690.7,2580.7,2579.3,2579.7,2903.3,2903.9,2903.8,27.450001,27.780001,going to home base
2024-04-13T00:20:24Z,2382.3,2381.6,2381.8,2635.8,2635.4,2635.8,5695.7,5694.8,5695.0,2345.5,2345.7,2346.3,3511.0,3510.7,3510.4,4430.3,4429.9,4430.1,6169.2,6168.5,6169.2,8649.5,8649.7,8648.8,5230.9,5230.2,5231.6,7447.5,7447.8,7447.3,6127.7,6127.8,6128.4,1865.8,1864.3,1864.4,3690.4,3690.3,3691.1,2580.1,2579.4,2579.2,2903.2,2903.5,2902.9,27.459999,27.709999,going to home base
2024-04-13T00:20:29Z,2382.6,2382.1,2382.1,2636.0,2635.6,2635.9,5695.8,5694.9,5695.1,2345.2,2344.8,2345.1,3511.8,3511.4,3511.0,4429.9,4429.7,4429.4,6165.3,6164.2,6165.0,8649.8,8649.6,8650.7,5230.0,5230.7,5231.6,7447.2,7446.3,7446.7,6127.1,6128.5,6128.2,1866.2,1864.8,1864.6,3690.7,3689.8,3690.8,2580.2,2578.9,2579.3,2902.8,2903.4,2903.3,27.480000,27.719999,going to home base
2024-04-13T00:20:34Z,2383.0,2382.1,2382.6,2635.7,2635.3,2636.4,5695.4,5694.8,5694.5,2345.7,2345.5,2346.0,3511.8,3511.5,3511.4,4430.0,4430.2,4430.5,6167.7,6166.9,6167.3,8650.2,8649.6,8650.2,5230.6,5230.3,5230.5,7446.0,7445.9,7445.0,6127.8,6126.6,6126.0,1866.3,1865.0,1864.8,3690.4,3690.1,3691.1,2579.8,2578.3,2578.8,2904.3,2903.4,2903.1,27.459999,27.690001,going to home base
2024-04-13T00:20:39Z,2382.7,2381.9,2382.2,2635.6,2635.6,2635.7,5694.8,5695.1,5694.6,2345.1,2344.8,2345.3,3510.9,3510.6,3510.7,4429.6,4429.6,4429.7,6169.2,6168.8,6169.5,8649.8,8650.4,8648.9,5229.0,5228.2,5229.3,7445.3,7445.2,7445.8,6126.2,6126.7,6127.8,1866.2,1864.6,1864.7,3690.9,3690.4,3690.6,2580.1,2579.4,2579.8,2903.0,2902.2,2902.6,27.459999,27.719999,going to home base
2024-04-13T00:20:44Z,2383.2,2382.9,2383.0,2636.2,2635.9,2636.5,5694.1,5694.1,5693.8,2345.6,2345.2,2345.3,3511.0,3511.5,3511.6,4429.9,4429.6,4429.7,6166.8,6167.3,6167.5,8649.5,8647.3,8648.3,5230.3,5230.3,5231.6,7447.7,7446.7,7446.7,6128.0,6126.1,6126.8,1866.1,1864.7,1864.4,3689.3,3689.6,3690.6,2580.4,2579.8,2579.3,2903.8,2904.2,2904.1,27.459999,27.760000,going to home base
2024-04-13T00:20:49Z,2382.7,2381.9,2382.1,2636.0,2635.9,2636.0,5695.2,5694.7,5694.6,2345.2,2345.5,2345.5,3511.1,3510.6,3510.4,4429.9,4429.6,4429.8,6163.1,6163.6,6162.8,8649.2,8648.5,8647.8,5231.7,5231.1,5231.5,7445.9,7444.6,7444.9,6130.8,6131.3,6130.0,1865.9,1864.4,1864.2,3690.5,3690.3,3691.2,2580.0,2579.2,2579.3,2904.1,2904.3,2903.6,27.440001,27.740000,going to home base
2024-04-13T00:20:54Z,2382.8,2381.9,2382.2,2635.7,2635.6,2635.8,5695.1,5694.4,5694.4,2345.4,2345.4,2345.8,3511.8,3511.2,3511.4,4430.0,4429.7,4429.6,6166.9,6167.2,6167.2,8648.6,8648.4,8647.8,5231.0,5230.4,5230.9,7447.7,7445.3,7446.2,6128.9,6128.7,6130.4,1866.2,1864.6,1864.6,3690.6,3690.4,3691.4,2580.2,2578.8,2578.9,2903.3,2902.5,2902.6,27.480000,27.750000,going to home base
2024-04-13T00:20:59Z,2382.6,2381.9,2382.1,2636.2,2636.3,2636.2,5694.8,5695.0,5694.9,2345.8,2345.5,2345.8,3511.6,3511.1,3511.3,4430.2,4429.6,4429.7,6164.8,6165.6,6165.5,8650.3,8648.5,8648.5,5230.5,5230.9,5230.8,7446.8,7445.3,7447.1,6131.2,6131.1,6131.7,1866.3,1864.7,1864.8,3689.9,3690.0,3690.6,2578.5,2578.5,2578.6,2903.5,2903.0,2902.7,27.459999,27.750000,going to home base
2024-04-13T00:21:04Z,2382.1,2381.3,2381.5,2636.1,2635.8,2636.3,5694.8,5694.3,5694.1,2346.0,2345.9,2346.5,3512.1,3511.4,3511.1,4429.6,4429.2,4429.4,6166.2,6167.0,6164.8,8650.4,8650.3,8651.0,5230.9,5230.4,5230.7,7446.5,7445.3,7445.6,6131.6,6130.2,6131.3,1866.0,1864.5,1864.4,3689.6,3689.3,3690.5,2579.5,2578.6,2579.4,2903.7,2903.3,2903.9,27.459999,27.750000,going to home base
2024-04-13T00:21:09Z,2382.6,2382.0,2382.4,2636.3,2636.9,2637.0,5694.4,5694.0,5694.5,2344.9,2344.8,2345.2,3510.9,3511.0,3510.9,4429.8,4429.5,4429.9,6166.1,6165.8,6166.6,8651.2,8651.3,8651.6,5230.2,5229.9,5230.8,7445.0,7446.5,7446.8,6131.3,6132.5,6132.6,1866.3,1864.6,1864.5,3690.1,3689.7,3691.0,2579.0,2579.0,2579.1,2904.3,2904.4,2904.9,27.459999,27.790001,going to home base
2024-04-13T00:21:14Z,2382.1,2381.5,2381.8,2635.8,2635.5,2635.6,5694.6,5694.0,5694.7,2346.0,2345.4,2346.2,3510.8,3510.4,3510.6,4429.9,4430.1,4430.2,6166.3,6165.3,6166.4,8653.1,8652.4,8652.6,5233.5,5232.8,5233.3,7447.7,7446.3,7445.3,6132.4,6131.5,6133.3,1865.8,1864.7,1864.7,3689.5,3689.4,3690.3,2578.5,2578.0,2578.6,2906.4,2905.8,2905.3,27.450001,27.760000,going to home base
2024-04-13T00:21:19Z,2382.2,2381.7,2381.9,2635.3,2635.1,2635.7,5694.8,5694.5,5694.4,2346.0,2345.4,2346.3,3511.4,3510.4,3509.9,4430.2,4429.9,4429.8,6166.0,6166.3,6166.9,8651.8,8652.3,8650.5,5230.7,5230.7,5231.0,7446.0,7444.7,7445.9,6132.8,6131.8,6132.4,1866.3,1864.4,1864.6,3690.2,3690.0,3690.8,2579.0,2578.9,2578.5,2904.9,2904.6,2905.4,27.450001,27.740000,going to home base
2024-04-13T00:21:24Z,2382.7,2382.0,2382.2,2636.5,2636.3,2637.1,5694.8,5694.4,5695.0,2344.7,2345.1,2345.6,3512.0,3511.9,3511.2,4430.1,4429.5,4430.1,6167.4,6165.9,6168.4,8649.8,8649.8,8650.1,5231.1,5231.1,5232.1,7446.2,7446.3,7444.4,6130.6,6129.8,6130.4,1866.1,1864.7,1864.4,3689.6,3690.5,3690.3,2580.1,2579.3,2579.6,2904.7,2904.1,2904.9,27.480000,27.780001,going to home base
2024-04-13T00:21:29Z,2382.0,2381.2,2381.3,2635.4,2634.7,2635.5,5695.7,5695.5,5695.6,2345.6,2345.0,2345.3,3511.5,3511.0,3511.1,4429.7,4430.2,4429.8,6168.1,6166.7,6167.4,8651.9,8653.0,8651.6,5231.0,5231.6,5231.1,7446.2,7445.5,7445.9,6130.2,6130.1,6129.7,1866.0,1864.6,1864.3,3690.8,3690.2,3691.3,2580.1,2578.9,2578.9,2905.1,2904.8,2904.2,27.450001,27.719999,going to home base
2024-04-13T00:21:34Z,2382.2,2381.7,2381.9,2635.8,2635.3,2635.7,5695.4,5694.8,5694.6,2345.8,2345.3,2345.3,3511.6,3511.3,3511.1,4430.2,4430.5,4429.9,6167.1,6166.8,6165.6,8652.7,8652.9,8652.9,5230.9,5230.5,5231.0,7449.7,7447.7,7446.5,6132.1,6132.0,6132.6,1865.9,1864.0,1864.3,3690.2,3690.0,3691.3,2579.1,2578.2,2579.0,2904.3,2904.0,2904.2,27.459999,27.780001,going to home base
2024-04-13T00:21:39Z,2382.5,2382.0,2382.3,2636.0,2635.9,2635.9,5695.8,5695.0,5695.4,2345.8,2345.8,2346.3,3510.7,3510.2,3510.6,4430.2,4429.3,4429.7,6167.2,6167.9,6168.4,8652.9,8652.4,8652.4,5231.3,5231.4,5232.1,7448.2,7445.2,7446.1,6129.8,6130.5,6128.5,1865.7,1864.3,1864.4,3690.9,3690.1,3691.8,2579.9,2578.7,2579.0,2904.5,2903.6,2904.3,27.459999,27.740000,going to home base
2024-04-13T00:21:44Z,2383.1,2382.1,2382.1,2635.2,2635.4,2636.0,5695.0,5694.8,5694.8,2345.5,2345.4,2345.8,3511.3,3510.7,3510.2,4429.4,4429.5,4429.5,6167.7,6167.1,6165.9,8653.5,8652.4,8652.8,5231.6,5230.5,5231.3,7447.8,7445.9,7446.9,6130.5,6130.4,6131.6,1865.7,1864.1,1864.3,3691.0,3690.7,3691.9,2580.6,2579.3,2579.2,2904.3,2903.3,2902.9,27.459999,27.740000,going to home base
2024-04-13T00:21:49Z,2382.9,2382.1,2382.7,2635.7,2635.2,2636.2,5695.3,5695.0,5694.8,2345.9,2345.9,2346.3,3511.0,3510.3,3510.0,4429.7,4429.4,4429.5,6168.9,6168.1,6167.7,8651.5,8650.6,8651.6,5230.2,5231.6,5232.3,7450.0,7448.6,7449.5,6129.5,6130.1,6129.4,1865.5,1864.4,1864.4,3690.2,3690.3,3690.8,2580.5,2579.8,2579.3,2903.9,2904.0,2903.2,27.480000,27.790001,going to home base
2024-04-13T00:21:54Z,2383.0,2382.3,2382.7,2635.6,2635.3,2636.1,5694.6,5694.1,5694.1,2346.2,2346.6,2346.8,3512.2,3511.8,3511.4,4430.6,4430.0,4430.0,6167.9,6167.4,6166.6,8650.8,8651.1,8650.4,5231.3,5230.7,5231.2,7447.7,7446.3,7446.8,6131.0,6130.6,6130.4,1866.1,1864.9,1864.8,3689.9,3689.9,3691.0,2580.0,2579.0,2579.3,2905.6,2904.3,2903.7,27.490000,27.719999,going to home base
2024-04-13T00:21:59Z,2382.0,2381.6,2381.8,2635.9,2635.8,2636.2,5694.8,5694.4,5694.3,2345.9,2346.0,2346.6,3510.2,3510.4,3510.4,4429.8,4429.6,4429.8,6167.8,6167.5,6167.9,8647.5,8647.3,8649.5,5232.8,5232.4,5232.6,7447.0,7446.4,7446.6,6130.6,6130.3,6130.1,1866.5,1865.1,1864.7,3690.4,3690.9,3691.9,2580.6,2579.8,2579.9,2904.1,2903.7,2904.4,27.459999,27.740000,going to home base
2024-04-13T00:22:04Z,2382.5,2381.9,2382.4,2635.4,2635.0,2635.9,5695.7,5695.9,5695.4,2345.5,2345.9,2346.0,3510.7,3510.4,3510.3,4428.9,4429.3,4429.0,6165.4,6166.5,6167.2,8652.2,8651.6,8651.5,5232.5,5231.8,5232.3,7447.2,7448.8,7447.7,6132.1,6130.7,6132.6,1866.2,1864.6,1864.7,3690.0,3689.9,3690.9,2581.1,2580.0,2580.0,2905.2,2905.3,2905.6,27.480000,27.760000,going to home base
2024-04-13T00:22:09Z,2382.5,2381.8,2382.1,2635.8,2635.6,2635.8,5695.2,5694.6,5694.8,2346.5,2346.4,2347.0,3510.6,3509.4,3509.6,4429.1,4429.2,4429.5,6168.2,6167.6,6168.6,8648.3,8648.3,8651.2,5230.9,5230.1,5231.8,7450.0,7448.1,7447.9,6129.5,6129.1,6131.9,1865.7,1864.4,1864.7,3689.7,3689.4,3690.2,2580.3,2579.5,2579.5,2905.1,2904.9,2904.8,27.459999,27.719999,going to home base
2024-04-13T00:22:14Z,2382.6,2381.9,2382.5,2636.5,2636.3,2636.5,5695.3,5695.0,5694.8,2345.9,2345.5,2346.4,3511.0,3510.5,3510.3,4429.8,4429.2,4429.7,6168.5,6167.7,6169.4,8648.4,8647.5,8647.2,5231.1,5231.2,5232.0,7447.0,7445.5,7447.0,6127.7,6127.1,6127.2,1865.7,1864.3,1864.2,3689.2,3689.0,3689.2,2580.4,2579.1,2579.3,2904.5,2904.3,2904.6,27.490000,27.750000,going to home base
2024-04-13T00:22:19Z,2382.6,2382.1,2382.3,2635.8,2635.5,2636.0,5695.6,5694.8,5694.7,2345.9,2345.9,2346.4,3510.4,3510.2,3511.1,4429.6,4429.9,4429.9,6167.1,6165.0,6166.7,8649.7,8649.7,8648.7,5230.6,5230.0,5231.2,7447.0,7447.5,7448.4,6129.9,6130.5,6130.5,1864.9,1864.0,1863.6,3690.3,3690.0,3690.3,2579.6,2579.3,2579.2,2904.1,2904.1,2904.6,27.459999,27.750000,going to home base
2024-04-13T00:22:24Z,2382.4,2382.3,2382.2,2635.3,2635.2,2635.5,5695.8,5694.7,5695.2,2346.3,2346.0,2346.5,3510.8,3509.6,3510.1,4429.4,4429.3,4429.4,6165.9,6166.9,6167.2,8647.7,8648.0,8649.4,5230.8,5230.9,5231.5,7447.7,7446.9,7446.6,6131.0,6130.8,6131.3,1866.4,1865.3,1865.1,3689.4,3689.5,3690.2,2579.9,2579.4,2578.7,2903.5,2903.4,2904.5,27.480000,27.760000,going to home base
2024-04-13T00:22:29Z,2382.5,2381.8,2382.3,2635.7,2634.8,2635.6,5696.0,5695.9,5695.5,2345.7,2345.9,2346.5,3511.3,3510.6,3510.9,4429.3,4429.4,4429.8,6168.7,6167.0,6167.7,8648.4,8648.5,8647.4,5229.5,5229.5,5230.3,7446.9,7445.4,7445.6,6131.6,6130.7,6130.3,1866.0,1864.8,1864.6,3689.4,3689.6,3690.4,2579.2,2578.4,2578.5,2905.1,2903.3,2903.7,27.480000,27.740000,going to home base
2024-04-13T00:22:34Z,2383.0,2382.2,2382.3,2635.2,2634.9,2635.1,5696.3,5695.9,5696.5,2346.7,2346.5,2347.2,3511.4,3511.0,3510.9,4429.8,4429.6,4429.9,6170.4,6167.5,6167.2,8647.9,8649.4,8648.7,5230.9,5230.4,5232.2,7447.8,7446.9,7448.3,6131.2,6130.2,6130.8,1866.0,1864.5,1864.1,3689.5,3689.8,3690.4,2579.7,2578.8,2579.1,2903.4,2903.1,2902.8,27.480000,27.719999,going to home base
2024-04-13T00:22:39Z,2383.3,2382.2,2382.4,2635.8,2635.7,2635.8,5696.4,5695.8,5696.3,2345.7,2346.0,2346.5,3511.5,3511.9,3510.9,4429.5,4429.4,4429.4,6169.2,6166.1,6166.7,8647.0,8648.6,8648.2,5229.9,5230.2,5230.7,7450.4,7447.5,7447.8,6132.7,6131.7,6133.3,1866.1,1864.2,1864.2,3689.4,3689.4,3690.3,2580.4,2579.3,2579.4,2905.4,2904.1,2904.7,27.480000,27.719999,going to home base
2024-04-13T00:22:44Z,2382.5,2381.8,2382.2,2635.2,2635.9,2635.7,5696.1,5695.4,5695.5,2345.8,2345.9,2345.7,3512.1,3512.0,3512.1,4430.2,4430.1,4429.8,6166.1,6165.5,6165.8,8648.7,8648.8,8650.0,5230.2,5230.3,5230.3,7449.6,7448.4,7449.3,6133.2,6134.0,6133.3,1865.5,1864.4,1864.6,3689.4,3689.9,3691.1,2579.3,2578.2,2577.9,2905.2,2905.5,2904.5,27.459999,27.700001,going to home base
2024-04-13T00:22:49Z,2381.4,2380.7,2380.9,2635.3,2634.9,2635.5,5695.7,5695.8,5695.5,2345.7,2345.6,2346.2,3510.7,3510.5,3511.7,4430.1,4430.0,4430.2,6167.6,6167.4,6166.7,8651.3,8652.1,8652.2,5229.8,5229.6,5230.4,7450.5,7450.0,7449.5,6128.8,6132.0,6131.9,1866.0,1864.4,1864.4,3689.3,3689.2,3690.8,2580.0,2578.9,2579.0,2904.5,2904.9,2904.6,27.450001,27.700001,going to home base
2024-04-13T00:22:54Z,2382.3,2381.6,2381.6,2635.4,2635.2,2635.6,5696.0,5695.5,5695.9,2345.6,2345.5,2346.1,3511.2,3511.0,3510.6,4430.0,4429.7,4429.8,6165.7,6166.2,6167.1,8653.1,8653.2,8651.2,5232.9,5232.3,5232.8,7451.3,7450.2,7450.3,6132.7,6130.9,6131.8,1866.1,1864.6,1864.6,3689.3,3689.5,3690.4,2579.3,2578.8,2578.2,2906.6,2905.7,2905.9,27.480000,27.700001,going to home base
2024-04-13T00:22:59Z,2382.6,2381.8,2382.1,2635.6,2635.4,2635.8,5696.7,5695.8,5696.1,2346.2,2346.6,2347.0,3511.7,3511.5,3511.7,4429.6,4429.7,4429.9,6165.4,6164.9,6167.2,8651.4,8653.3,8651.5,5231.7,5232.1,5233.0,7449.9,7448.6,7449.1,6131.2,6130.4,6131.2,1866.0,1864.3,1864.8,3689.5,3689.6,3690.4,2581.0,2580.1,2579.6,2905.1,2905.4,2905.8,27.480000,27.750000,going to home base
2024-04-13T00:23:04Z,2382.5,2381.6,2381.9,2636.2,2636.0,2636.3,5696.6,5695.8,5696.0,2345.8,2346.1,2346.4,3510.9,3510.7,3510.9,4430.0,4429.9,4430.2,6166.6,6166.0,6167.2,8653.3,8652.3,8651.6,5231.7,5232.2,5232.5,7447.5,7446.8,7446.7,6130.9,6131.0,6132.4,1866.1,1864.7,1864.8,3689.9,3690.2,3691.0,2580.2,2579.3,2578.6,2905.3,2904.8,2904.9,27.459999,27.709999,going to home base
2024-04-13T00:23:09Z,2380.9,2380.8,2381.5,2636.2,2636.1,2636.8,5696.2,5695.9,5696.2,2346.0,2345.7,2345.8,3511.2,3511.2,3510.9,4430.3,4429.8,4430.2,6165.2,6164.5,6165.2,8652.0,8650.6,8649.9,5232.4,5232.4,5232.5,7447.3,7445.8,7446.6,6129.7,6131.1,6132.1,1866.3,1864.9,1864.6,3690.4,3690.5,3691.0,2580.4,2579.3,2579.1,2905.1,2905.0,2906.1,27.459999,27.709999,going to home base
2024-04-13T00:23:14Z,2381.7,2380.9,2381.3,2635.7,2635.8,2636.6,5696.4,5695.9,5695.7,2346.1,2345.7,2346.0,3511.2,3511.4,3511.2,4430.0,4429.5,4429.6,6165.5,6164.2,6164.7,8652.4,8651.4,8651.9,5231.5,5231.4,5232.7,7449.2,7448.2,7446.6,6130.4,6129.0,6130.4,1866.1,1864.4,1864.3,3689.5,3689.5,3690.5,2579.7,2578.8,2579.7,2903.6,2902.9,2904.0,27.490000,27.680000,going to home base
2024-04-13T00:23:19Z,2381.7,2381.1,2380.9,2635.9,2635.8,2636.5,5695.9,5695.7,5695.7,2345.4,2345.4,2345.6,3510.4,3510.5,3510.8,4430.0,4429.7,4429.8,6164.6,6164.6,6165.5,8653.1,8651.3,8649.3,5230.3,5229.6,5230.8,7448.6,7446.1,7448.3,6130.7,6131.3,6133.5,1866.8,1865.0,1864.9,3690.4,3690.6,3691.5,2580.5,2579.2,2579.4,2904.7,2904.2,2903.9,27.480000,27.719999,going to home base
2024-04-13T00:23:24Z,2382.0,2381.7,2381.6,2635.3,2635.2,2635.8,5696.0,5695.6,5695.7,2346.0,2345.9,2346.4,3511.9,3512.0,3510.8,4430.5,4429.6,4430.0,6165.6,6165.0,6166.0,8651.6,8650.1,8651.4,5231.0,5230.5,5231.1,7448.3,7447.3,7446.3,6132.5,6131.7,6132.2,1866.7,1865.1,1865.1,3689.7,3689.3,3690.7,2579.7,2579.3,2578.9,2905.4,2906.1,2906.3,27.459999,27.700001,going to home base
2024-04-13T00:23:29Z,2382.0,2381.4,2381.4,2636.4,2636.0,2636.3,5696.8,5696.0,5696.5,2345.7,2345.0,2345.4,3510.5,3510.8,3510.7,4429.5,4429.4,4429.0,6166.2,6165.4,6166.0,8652.2,8651.2,8651.2,5230.8,5230.8,5231.6,7450.1,7448.3,7448.2,6131.9,6131.4,6132.1,1866.2,1865.0,1864.4,3689.6,3690.3,3691.1,2580.5,2579.5,2580.0,2904.2,2902.7,2903.8,27.459999,27.740000,going to home base
2024-04-13T00:23:34Z,2381.6,2380.7,2380.6,2635.8,2635.6,2636.0,5696.7,5695.5,5695.7,2346.2,2346.7,2347.0,3511.6,3511.2,3511.2,4430.1,4429.4,4429.6,6165.5,6166.7,6166.9,8653.0,8651.9,8654.1,5230.4,5231.0,5231.2,7449.8,7449.0,7449.6,6128.6,6127.8,6128.6,1865.8,1864.3,1864.3,3689.7,3689.9,3690.6,2579.7,2579.0,2578.8,2903.8,2904.1,2904.9,27.459999,27.690001,going to home base
2024-04-13T00:23:39Z,2382.4,2381.6,2381.8,2635.3,2635.3,2635.5,5696.9,5696.2,5695.8,2346.2,2346.7,2346.6,3511.0,3510.8,3511.0,4429.5,4429.0,4429.3,6164.7,6165.9,6165.4,8651.3,8650.9,8651.1,5230.1,5230.3,5231.1,7448.4,7447.4,7448.2,6127.7,6130.3,6130.6,1865.6,1864.1,1863.8,3690.0,3690.3,3691.4,2579.6,2578.6,2578.8,2905.3,2904.7,2906.0,27.459999,27.680000,going to home base
2024-04-13T00:23:44Z,2382.2,2380.9,2381.0,2635.3,2635.0,2635.9,5696.4,5696.4,5696.4,2346.3,2346.3,2347.3,3510.8,3510.2,3510.2,4429.3,4429.7,4429.6,6169.2,6169.4,6168.0,8652.0,8652.3,8652.3,5230.1,5229.5,5230.4,7451.6,7448.8,7450.1,6129.2,6129.1,6130.2,1866.1,1864.5,1864.9,3689.7,3689.9,3690.5,2580.2,2579.1,2579.1,2904.4,2904.2,2904.5,27.480000,27.780001,going to home base
2024-04-13T00:23:49Z,2381.7,2381.4,2381.6,2635.4,2635.4,2635.4,5696.1,5696.3,5695.7,2346.2,2346.2,2346.2,3510.9,3510.9,3510.9,4430.1,4429.5,4429.6,6165.3,6164.8,6166.3,8652.1,8651.5,8651.1,5229.8,5230.0,5231.2,7448.7,7448.4,7447.4,6129.1,6128.2,6128.1,1865.9,1864.9,1864.7,3690.6,3690.1,3690.8,2579.3,2578.3,2579.1,2905.2,2904.5,2904.8,27.480000,27.740000,going to home base
2024-04-13T00:23:54Z,2382.1,2381.3,2381.1,2635.3,2634.9,2635.3,5696.1,5695.8,5695.8,2346.2,2346.3,2346.7,3511.6,3511.0,3511.3,4429.9,4428.9,4429.6,6170.6,6168.9,6168.8,8650.4,8650.4,8651.5,5230.9,5231.1,5231.3,7449.4,7449.8,7448.6,6129.9,6130.4,6128.0,1866.6,1864.9,1865.0,3689.9,3690.0,3691.7,2580.4,2579.4,2579.5,2904.2,2903.3,2903.7,27.480000,27.719999,going to home base
2024-04-13T00:23:59Z,2381.6,2380.9,2381.1,2634.9,2634.7,2634.8,5696.5,5696.0,5696.0,2346.9,2346.9,2347.0,3512.0,3510.9,3511.8,4429.9,4429.7,4429.5,6168.5,6168.4,6167.0,8652.4,8652.5,8653.0,5230.8,5231.4,5232.3,7448.4,7446.9,7447.6,6128.8,6129.9,6132.6,1866.0,1864.3,1864.5,3691.1,3691.1,3692.1,2580.1,2579.3,2579.5,2904.6,2903.1,2904.0,27.490000,27.709999,going to home base
2024-04-13T00:24:04Z,2382.0,2381.2,2381.4,2634.6,2634.8,2635.1,5695.8,5695.8,5695.6,2346.3,2345.6,2346.4,3511.2,3511.2,3511.1,4430.0,4429.7,4429.9,6167.9,6168.8,6169.3,8652.5,8651.9,8652.1,5229.8,5230.7,5230.4,7447.2,7446.4,7446.6,6130.8,6130.4,6131.5,1866.5,1864.7,1864.4,3690.8,3690.7,3691.8,2580.2,2579.2,2579.6,2903.6,2903.2,2903.9,27.480000,27.639999,going to home base
2024-04-13T00:24:09Z,2381.5,2381.0,2381.2,2635.5,2635.2,2635.5,5695.5,5695.9,5695.8,2346.0,2346.4,2346.4,3512.5,3511.7,3511.6,4430.4,4430.2,4430.2,6164.1,6165.2,6165.8,8652.0,8651.6,8653.0,5229.5,5230.6,5230.5,7450.0,7448.7,7449.4,6130.5,6130.2,6130.1,1866.0,1864.2,1864.2,3691.3,3690.9,3692.1,2580.6,2579.7,2579.6,2904.8,2904.6,2904.6,27.450001,27.680000,going to home base
2024-04-13T00:24:14Z,2382.4,2381.6,2381.9,2635.6,2634.8,2635.2,5695.7,5695.4,5695.6,2346.1,2345.4,2346.3,3510.8,3511.2,3511.3,4429.8,4429.2,4430.0,6168.0,6166.4,6166.1,8655.6,8652.8,8653.2,5230.8,5230.5,5230.7,7449.1,7449.4,7449.3,6130.7,6130.7,6130.0,1865.7,1864.0,1864.2,3691.1,3691.5,3692.1,2579.7,2578.5,2578.7,2904.4,2903.8,2904.6,27.459999,27.650000,going to home base
2024-04-13T00:24:19Z,2382.1,2381.6,2382.0,2635.6,2635.6,2636.0,5696.6,5695.9,5695.8,2345.4,2345.7,2346.2,3510.8,3511.0,3510.1,4430.3,4429.7,4430.3,6167.0,6165.6,6166.6,8652.3,8652.3,8652.2,5231.1,5230.7,5231.8,7444.9,7445.7,7445.8,6127.9,6127.6,6128.1,1865.8,1864.3,1864.2,3691.4,3691.5,3692.3,2579.1,2578.5,2578.0,2905.1,2904.3,2904.6,27.480000,27.639999,going to home base
2024-04-13T00:24:24Z,2382.2,2381.4,2381.6,2634.7,2635.1,2635.5,5695.5,5695.0,5695.3,2345.9,2346.0,2346.2,3511.6,3511.0,3511.4,4430.1,4430.2,4429.9,6165.5,6167.4,6165.3,8650.9,8650.4,8651.1,5230.3,5230.8,5232.2,7448.0,7448.0,7448.7,6129.5,6131.8,6130.6,1865.4,1863.7,1863.9,3691.0,3691.2,3691.7,2579.2,2578.9,2579.1,2903.6,2903.1,2903.2,27.480000,27.559999,going to home base
2024-04-13T00:24:29Z,2382.0,2381.2,2381.3,2635.2,2634.9,2635.2,5695.4,5695.3,5695.2,2345.7,2345.7,2345.8,3511.1,3511.6,3511.7,4430.2,4429.8,4429.7,6165.2,6166.4,6165.6,8653.0,8652.8,8651.4,5231.4,5230.7,5230.7,7449.9,7449.2,7448.2,6130.0,6130.7,6129.6,1865.7,1864.3,1864.0,3691.2,3691.3,3692.2,2580.6,2579.0,2579.0,2905.1,2904.0,2904.6,27.490000,27.580000,going to home base
2024-04-13T00:24:34Z,2382.5,2381.6,2381.9,2634.9,2634.3,2635.2,5694.7,5694.5,5694.7,2345.2,2345.2,2345.4,3511.7,3510.7,3510.8,4430.0,4429.6,4430.0,6164.7,6164.1,6165.7,8650.5,8649.8,8650.5,5230.8,5231.3,5230.3,7450.1,7448.9,7449.1,6129.9,6129.7,6131.2,1865.8,1864.6,1864.4,3691.5,3691.1,3691.7,2579.2,2578.6,2578.9,2904.2,2903.4,2903.4,27.450001,27.610001,going to home base
2024-04-13T00:24:39Z,2381.7,2381.1,2381.4,2635.8,2635.4,2635.3,5695.2,5694.6,5695.0,2345.8,2346.1,2346.3,3511.3,3510.6,3511.1,4429.7,4429.8,4429.7,6166.2,6166.1,6166.1,8651.8,8651.5,8649.3,5230.6,5230.7,5231.5,7448.7,7448.3,7449.8,6131.3,6130.9,6132.5,1865.1,1863.8,1864.0,3690.3,3690.7,3691.8,2580.1,2578.9,2579.5,2905.0,2904.1,2904.2,27.459999,27.629999,going to home base
2024-04-13T00:24:44Z,2381.5,2380.9,2381.2,2635.7,2635.6,2635.7,5695.6,5695.2,5695.1,2345.1,2345.1,2345.6,3511.1,3510.8,3511.1,4430.0,4430.1,4429.7,6162.7,6163.1,6164.0,8652.5,8650.5,8650.7,5229.0,5228.2,5230.3,7446.5,7446.5,7448.0,6129.5,6129.0,6128.3,1865.6,1864.1,1864.0,3690.7,3691.3,3692.0,2579.2,2578.6,2578.4,2904.5,2904.3,2904.9,27.459999,27.639999,going to home base
2024-04-13T00:24:54Z,2381.3,2380.7,2380.9,2634.5,2634.0,2634.9,5695.3,5694.9,5695.4,2345.9,2346.4,2346.7,3511.2,3511.6,3510.7,4429.3,4428.8,4429.5,6164.9,6164.7,6162.8,8652.3,8652.0,8652.5,5229.9,5229.8,5230.1,7447.5,7446.5,7447.9,61start,26908.1,26915.8,2634.6,2635.1,5695.8,5695.3,5695.7,2345.6,2345.9,2346.6,3762.5,3762.1,88392.8,88365.9,14284.2,3511.9,going to home base
2024-04-13T00:25:04Z,2381.7,2381.6,2381.5,2635.1,2634.5,2635.6,5695.4,5694.8,5694.8,2345.9,2346.3,2346.0,3510.4,3509.6,3509.9,4429.4,4429.2,4429.4,6161.3,6161.8,6162.1,8650.3,8649.5,8650.2,5229.5,5229.0,5230.2,7448.2,7446.8,7446.4,6131.8,6131.7,6131.8,1865.4,1863.8,1864.0,3689.8,3689.7,3690.6,2579.4,2578.8,2578.7,2905.9,2905.2,2905.3,27.459999,27.610001,going to home base
2024-04-13T00:25:09Z,2382.3,2381.5,2381.9,2635.2,2635.0,2635.3,5696.0,5695.5,5695.5,2346.8,2346.7,2346.9,3511.0,3510.9,3510.7,4429.0,4428.7,4429.0,6162.7,6162.4,6164.4,8647.0,8648.8,8649.6,5232.2,5232.0,5231.8,7447.2,7447.2,7446.5,6131.2,6129.2,6131.9,1865.2,1863.5,1863.9,3690.2,3690.7,3691.5,2580.0,2579.6,2579.6,2904.2,2903.7,2904.3,27.450001,27.639999,going to home base
2024-04-13T00:25:14Z,2382.1,2381.6,2382.1,2634.9,2635.1,2635.1,5695.2,5694.9,5695.0,2346.1,2346.3,2346.3,3511.3,3510.7,3510.8,4429.5,4429.5,4429.7,6162.5,6162.0,6163.7,8651.1,8650.6,8648.9,5230.3,5230.9,5231.6,7449.4,7448.5,7448.6,6132.1,6130.0,6130.3,1864.9,1863.7,1863.2,3690.1,3690.2,3690.8,2578.8,2578.4,2578.4,2904.2,2904.4,2905.2,27.459999,27.680000,going to home base
2024-04-13T00:25:19Z,2381.9,2381.2,2381.3,2634.7,2634.7,2634.9,5695.4,5694.5,5694.8,2345.4,2345.6,2346.1,3510.7,3509.9,3510.5,4429.8,4429.9,4429.6,6164.4,6163.8,6163.8,8649.4,8648.7,8648.5,5232.2,5232.0,5232.9,7447.1,7447.9,7448.0,6127.6,6127.5,6126.3,1865.1,1864.1,1863.9,3690.2,3689.9,3691.1,2579.3,2578.6,2579.1,2904.3,2902.8,2903.7,27.459999,27.610001,going to home base
2024-04-13T00:25:24Z,2382.1,2381.4,2381.5,2634.8,2635.0,2634.8,5694.8,5694.5,5694.6,2345.2,2345.3,2345.9,3510.1,3510.1,3509.9,4429.7,4429.2,4429.6,6162.9,6163.2,6163.7,8650.5,8649.4,8649.4,5230.3,5230.6,5230.0,7449.2,7449.7,7448.0,6127.8,6127.2,6127.9,1864.8,1863.4,1863.4,3689.9,3690.2,3691.1,2579.1,2578.4,2578.1,2904.3,2904.0,2905.0,27.459999,27.500000,going to home base
2024-04-13T00:25:29Z,2381.4,2381.1,2380.9,2635.9,2635.4,2635.6,5693.9,5693.5,5694.1,2346.4,2346.0,2346.8,3511.0,3510.5,3510.5,4430.0,4429.7,4429.0,6162.1,6162.6,6162.8,8648.8,8649.8,8649.5,5230.9,5230.7,5231.5,7450.6,7447.5,7447.3,6126.6,6126.9,6127.2,1865.4,1863.6,1863.6,3689.6,3690.1,3690.9,2579.9,2578.5,2578.5,2904.9,2904.1,2905.6,27.459999,27.440001,going to home base
2024-04-13T00:25:34Z,2382.2,2381.6,2381.9,2635.5,2635.5,2635.5,5694.8,5694.0,5694.1,2345.8,2345.4,2345.5,3510.3,3510.2,3510.6,4428.9,4428.7,4429.0,6165.0,6162.4,6162.1,8647.0,8646.9,8646.5,5232.1,5232.4,5231.5,7449.1,7447.0,7447.2,6128.3,6129.9,6129.3,1865.1,1863.5,1864.0,3690.0,3689.4,3690.4,2578.5,2577.6,2576.9,2904.2,2904.5,2904.3,27.490000,27.400000,going to home base
2024-04-13T00:25:39Z,2381.8,2381.4,2381.4,2635.0,2634.6,2635.5,5694.7,5694.7,5694.3,2345.0,2345.4,2346.1,3510.8,3510.4,3510.6,4428.6,4428.7,4428.2,6166.2,6164.7,6164.2,8649.7,8647.5,8647.7,5230.6,5230.2,5231.2,7447.1,7447.0,7446.7,6129.4,6129.7,6130.0,1864.4,1863.2,1863.5,3689.6,3689.1,3689.9,2578.6,2577.8,2577.6,2905.5,2905.5,2905.1,27.440001,27.540001,going to home base
2024-04-13T00:25:44Z,2381.9,2381.3,2381.3,2635.5,2635.2,2635.9,5694.9,5694.2,5694.4,2345.6,2345.5,2345.9,3510.5,3510.3,3510.2,4429.4,4428.9,4428.6,6164.2,6162.2,6164.2,8649.3,8649.5,8648.8,5229.5,5230.4,5232.5,7447.7,7447.0,7445.6,6130.2,6130.6,6129.8,1864.2,1862.9,1863.1,3689.6,3689.9,3690.4,2578.9,2578.2,2577.9,2904.5,2903.6,2904.0,27.450001,27.580000,going to home base
2024-04-13T00:25:49Z,2381.9,2381.2,2381.5,2634.3,2634.5,2634.5,5694.7,5694.7,5694.2,2345.5,2345.4,2345.1,3511.2,3510.4,3510.4,4429.3,4428.9,4429.3,6163.9,6164.5,6164.2,8649.5,8648.0,8647.6,5232.7,5232.0,5231.9,7448.4,7447.9,7447.4,6131.0,6130.1,6131.5,1864.6,1863.0,1862.8,3689.8,3690.0,3690.9,2578.8,2578.1,2578.4,2905.1,2904.3,2904.9,27.450001,27.559999,going to home base
2024-04-13T00:25:54Z,2381.7,2381.1,2381.2,2635.2,2635.2,2635.5,5694.3,5693.8,5694.3,2344.5,2344.2,2344.5,3511.4,3510.9,3511.5,4428.5,4428.6,4428.8,6165.1,6163.6,6163.9,8648.4,8648.0,8646.8,5231.0,5230.8,5231.7,7447.6,7447.5,7447.2,6131.5,6132.0,6131.2,1864.6,1863.3,1863.1,3690.8,3690.3,3691.5,2578.8,2578.3,2578.4,2904.8,2904.2,2904.7,27.480000,27.580000,going to home base
2024-04-13T00:25:59Z,2381.6,2380.6,2381.1,2634.3,2634.4,2635.1,5694.4,5693.9,5693.8,2345.5,2345.3,2345.6,3510.2,3510.0,3509.7,4428.5,4428.6,4428.4,6163.9,6161.5,6162.8,8648.4,8650.7,8650.6,5230.9,5230.5,5231.2,7449.2,7447.4,7446.3,6132.0,6130.8,6131.0,1864.7,1863.1,1863.2,3689.6,3689.9,3690.8,2578.9,2577.8,2578.2,2905.2,2904.3,2904.6,27.459999,27.610001,going to home base
2024-04-13T00:26:04Z,2381.7,2381.0,2381.1,2635.3,2634.2,2635.0,5694.0,5693.6,5693.8,2344.9,2344.6,2345.2,3510.6,3510.6,3510.6,4429.0,4429.0,4429.2,6166.2,6165.9,6165.7,8648.0,8647.9,8648.3,5230.2,5230.3,5230.5,7447.9,7446.5,7447.4,6129.2,6129.8,6131.9,1864.5,1863.1,1862.8,3690.4,3689.9,3690.8,2578.3,2576.8,2577.6,2904.9,2903.7,2904.0,27.459999,27.570000,going to home base
2024-04-13T00:26:09Z,2381.4,2381.0,2381.2,2635.0,2634.8,2635.0,5694.5,5694.0,5694.1,2345.3,2345.5,2345.9,3511.2,3510.5,3510.6,4429.1,4428.4,4428.6,6165.6,6164.8,6165.7,8647.9,8648.5,8648.0,5230.4,5229.5,5229.9,7448.1,7447.9,7447.8,6130.9,6129.6,6128.8,1864.8,1863.2,1863.3,3690.7,3690.9,3691.3,2578.6,2577.6,2577.8,2903.7,2903.2,2903.6,27.480000,27.610001,going to home base
2024-04-13T00:26:14Z,2381.1,2380.3,2381.2,2634.0,2634.6,2634.7,5694.4,5693.8,5693.7,2345.3,2345.1,2345.4,3511.0,3510.8,3510.6,4428.8,4428.4,4428.5,6161.7,6161.0,6163.6,8647.1,8647.9,8645.7,5230.0,5229.7,5230.9,7449.1,7445.7,7446.9,6129.6,6128.8,6130.4,1864.5,1863.0,1863.2,3689.9,3689.9,3690.6,2579.0,2577.9,2578.4,2905.4,2903.8,2904.2,27.459999,27.580000,going to home base
2024-04-13T00:26:19Z,2381.7,2380.8,2381.0,2634.4,2634.2,2635.0,5694.6,5693.9,5693.9,2345.2,2345.1,2344.9,3511.0,3510.6,3510.3,4428.6,4428.5,4428.4,6163.9,6163.3,6162.6,8647.8,8647.0,8647.9,5230.2,5228.5,5229.8,7449.4,7448.6,7447.9,6128.2,6129.6,6129.0,1864.7,1863.7,1863.0,3689.2,3689.6,3690.2,2578.4,2577.4,2578.0,2903.8,2903.6,2903.8,27.459999,27.540001,going to home base
2024-04-13T00:26:24Z,2380.7,2380.0,2380.4,2634.7,2634.6,2634.6,5694.3,5693.5,5693.3,2345.2,2345.2,2345.8,3511.9,3511.3,3510.3,4428.8,4428.9,4428.7,6163.5,6164.6,6164.7,8649.5,8650.1,8649.7,5229.2,5229.8,5229.8,7448.2,7447.8,7448.4,6129.0,6129.9,6130.4,1864.6,1863.5,1863.2,3688.9,3689.1,3689.7,2578.5,2577.2,2577.5,2902.8,2902.6,2904.0,27.480000,27.540001,going to home base
2024-04-13T00:26:29Z,2381.2,2380.8,2381.1,2634.4,2634.1,2634.8,5693.3,5692.9,5693.1,2345.0,2345.1,2345.4,3510.0,3509.7,3509.4,4428.5,4428.1,4428.0,6160.7,6160.6,6160.7,8649.2,8648.7,8649.8,5228.6,5230.1,5229.5,7447.7,7446.2,7447.3,6128.7,6127.8,6129.5,1864.1,1862.9,1862.5,3689.7,3689.4,3690.4,2578.0,2577.3,2577.4,2902.8,2902.4,2903.7,27.450001,27.469999,going to home base
2024-04-13T00:26:34Z,2381.0,2380.1,2380.6,2634.7,2634.6,2634.4,5692.4,5692.5,5693.8,2345.0,2345.4,2345.7,3509.5,3509.4,3509.3,4428.9,4428.7,4428.5,6164.0,6164.1,6163.9,8649.3,8649.7,8648.7,5229.6,5228.8,5230.9,7447.2,7447.6,7446.9,6128.6,6129.3,6130.0,1863.9,1862.3,1862.2,3689.9,3689.4,3689.7,2577.2,2577.1,2576.3,2902.7,2902.8,2903.7,27.450001,27.440001,going to home base
2024-04-13T00:26:39Z,2380.5,2380.0,2379.9,2635.2,2635.2,2635.5,5692.8,5692.6,5692.6,2343.5,2344.2,2344.1,3509.9,3510.0,3509.6,4428.1,4427.5,4427.8,6163.3,6162.9,6162.4,8649.8,8650.8,8650.2,5228.2,5228.5,5229.1,7447.0,7445.5,7444.9,6129.4,6128.6,6128.7,1864.2,1862.5,1862.3,3689.2,3689.5,3690.1,2577.9,2577.0,2577.1,2901.8,2900.4,2900.9,27.450001,27.320000,going to home base
2024-04-13T00:26:44Z,2381.3,2380.4,2380.4,2634.9,2633.8,2634.2,5692.4,5691.5,5692.2,2344.8,2345.1,2345.7,3510.1,3509.7,3509.3,4427.9,4427.7,4427.6,6163.4,6162.8,6162.2,8650.2,8650.3,8649.8,5228.3,5226.9,5228.5,7446.4,7445.3,7444.7,6128.5,6128.9,6126.8,1864.0,1862.6,1861.9,3689.1,3689.3,3689.9,2578.2,2577.5,2577.9,2902.9,2902.1,2903.1,27.459999,27.389999,going to home base
2024-04-13T00:26:49Z,2381.3,2380.9,2381.1,2634.7,2634.1,2635.0,5692.8,5692.8,5692.7,2344.6,2344.0,2344.6,3510.0,3509.5,3510.0,4427.4,4427.5,4427.7,6164.4,6164.7,6164.1,8650.0,8650.9,8650.9,5227.5,5226.3,5228.3,7447.2,7447.5,7446.1,6128.6,6126.9,6127.9,1864.1,1862.5,1862.4,3688.9,3689.1,3690.3,2577.7,2576.9,2577.5,2902.2,2902.0,2902.3,27.459999,27.400000,going to home base
2024-04-13T00:26:54Z,2381.4,2380.6,2380.7,2634.3,2634.6,2634.6,5692.4,5692.1,5692.4,2344.4,2344.6,2345.4,3509.6,3509.1,3508.9,4426.9,4427.0,4426.8,6163.2,6163.5,6164.4,8651.3,8651.3,8650.2,5226.7,5226.8,5227.9,7447.9,7448.0,7446.1,6128.8,6127.7,6130.3,1864.4,1863.0,1862.9,3688.7,3688.5,3689.0,2577.0,2576.3,2576.5,2903.1,2902.3,2902.4,27.459999,27.459999,going to home base
2024-04-13T00:26:59Z,2381.0,2380.8,2380.9,2634.0,2634.0,2634.3,5692.3,5692.1,5691.8,2343.8,2343.5,2344.2,3509.9,3510.1,3509.1,4427.7,4427.4,4427.7,6160.6,6160.3,6161.0,8649.4,8648.1,8649.1,5227.1,5227.3,5228.4,7447.6,7447.3,7446.4,6127.5,6127.1,6128.0,1864.2,1862.6,1862.5,3687.7,3687.6,3688.8,2577.9,2576.7,2576.1,2903.7,2901.3,2902.9,27.459999,27.510000,going to home base
2024-04-13T00:27:04Z,2381.7,2380.8,2381.5,2633.7,2633.7,2633.9,5692.5,5691.4,5691.9,2344.5,2344.8,2344.9,3509.6,3508.8,3508.5,4427.5,4427.0,4426.5,6164.9,6164.9,6166.9,8648.6,8648.0,8649.6,5227.6,5227.3,5227.4,7444.9,7445.1,7444.6,6128.7,6129.7,6129.4,1864.6,1862.7,1863.1,3688.7,3688.3,3689.5,2576.8,2576.6,2576.0,2904.0,2903.0,2903.9,27.480000,27.540001,going to home base
2024-04-13T00:27:09Z,2381.5,2380.7,2380.9,2633.3,2633.3,2633.4,5692.5,5692.1,5692.1,2345.2,2344.7,2344.8,3509.7,3509.0,3509.3,4427.6,4426.7,4426.9,6163.8,6162.9,6163.5,8647.1,8645.1,8648.5,5228.0,5228.2,5227.9,7445.2,7446.3,7445.4,6127.4,6128.4,6126.9,1864.3,1863.1,1862.6,3688.6,3689.1,3690.0,2577.3,2576.1,2576.5,2903.6,2903.0,2903.2,27.480000,27.510000,going to home base
2024-04-13T00:27:14Z,2381.6,2381.2,2381.1,2634.3,2634.3,2634.5,5691.7,5691.2,5691.5,2344.8,2345.1,2345.2,3509.1,3509.3,3509.0,4427.4,4427.1,4427.0,6162.2,6162.6,6162.6,8646.4,8648.0,8647.6,5227.3,5227.1,5228.2,7445.6,7445.1,7443.7,6128.4,6128.8,6129.5,1864.5,1863.4,1863.3,3688.3,3688.8,3689.8,2577.9,2576.8,2577.2,2902.6,2901.5,2901.4,27.450001,27.440001,going to home base
2024-04-13T00:27:19Z,2380.9,2380.8,2380.6,2633.4,2633.1,2633.6,5691.9,5691.5,5691.7,2344.3,2344.5,2344.5,3509.2,3509.0,3508.4,4427.3,4426.9,4427.4,6163.7,6165.3,6164.5,8648.7,8647.6,8648.7,5227.9,5227.1,5228.2,7446.6,7445.8,7447.2,6126.6,6127.4,6127.5,1864.4,1863.1,1863.3,3687.3,3688.1,3688.7,2579.1,2578.0,2577.8,2903.5,2902.2,2902.6,27.459999,27.420000,going to home base
2024-04-13T00:27:24Z,2381.5,2380.8,2381.1,2633.5,2633.6,2634.3,5690.9,5690.9,5691.0,2343.9,2344.1,2344.3,3509.8,3509.9,3509.6,4426.8,4426.5,4426.6,6166.7,6167.2,6164.3,8646.2,8647.4,8646.6,5227.4,5226.4,5227.1,7443.9,7443.2,7443.6,6126.5,6126.6,6128.0,1864.0,1862.2,1862.1,3689.0,3688.6,3689.0,2577.0,2576.4,2576.5,2903.4,2902.0,2903.3,27.459999,27.500000,going to home base
2024-04-13T00:27:29Z,2381.7,2380.8,2381.1,2633.6,2633.2,2633.4,5691.4,5691.3,5691.7,2343.8,2344.5,2344.7,3509.3,3509.0,3509.7,4427.7,4427.1,4427.5,6164.3,6162.7,6163.3,8646.5,8646.9,8644.8,5227.5,5226.7,5227.8,7446.0,7444.0,7443.7,6126.5,6125.6,6126.6,1863.9,1862.7,1862.6,3689.0,3688.7,3689.8,2576.4,2576.3,2576.4,2902.6,2901.9,2902.4,27.450001,27.480000,going to home base
2024-04-13T00:27:34Z,2381.6,2380.9,2381.3,2633.3,2633.6,2633.6,5691.4,5691.1,5690.7,2345.1,2344.7,2345.2,3509.6,3509.6,3509.5,4426.9,4427.2,4426.9,6161.1,6161.7,6162.5,8647.4,8645.8,8645.6,5226.1,5226.5,5227.2,7443.4,7443.8,7444.2,6125.6,6126.3,6125.6,1864.1,1863.2,1862.9,3689.6,3689.6,3690.5,2577.7,2577.0,2576.9,2903.1,2902.9,2903.4,27.459999,27.559999,going to home base
2024-04-13T00:27:39Z,2382.2,2381.4,2381.6,2633.8,2633.5,2633.9,5691.0,5690.5,5690.5,2344.7,2344.5,2344.7,3508.6,3508.2,3508.5,4426.7,4426.9,4426.8,6162.5,6161.9,6159.9,8650.3,8647.7,8647.2,5227.9,5228.0,5228.5,7442.9,7442.2,7441.4,6123.3,6123.7,6123.1,1864.0,1862.2,1862.4,3689.5,3689.5,3690.2,2577.0,2576.4,2576.5,2902.3,2901.8,2902.8,27.450001,27.570000,going to home base
2024-04-13T00:27:44Z,2381.6,2381.3,2381.2,2633.3,2633.8,2634.1,5691.5,5691.2,5691.0,2345.0,2345.2,2345.6,3508.9,3508.3,3508.5,4426.7,4426.4,4426.6,6159.9,6158.3,6160.3,8647.4,8648.3,8648.5,5224.9,5225.1,5226.1,7442.6,7440.8,7442.1,6124.2,6126.4,6126.7,1864.0,1862.6,1862.7,3689.0,3688.8,3689.5,2577.7,2576.8,2577.3,2901.8,2902.4,2901.4,27.459999,27.580000,going to home base
2024-04-13T00:27:49Z,2382.3,2381.6,2381.9,2633.7,2633.5,2633.7,5692.0,5691.9,5691.6,2344.3,2344.3,2345.2,3509.3,3508.5,3508.6,4427.0,4426.9,4426.5,6160.9,6161.4,6162.6,8645.6,8644.1,8644.3,5226.0,5226.6,5226.6,7442.0,7441.6,7440.2,6124.8,6127.1,6125.3,1863.9,1862.5,1862.5,3688.1,3688.4,3689.4,2578.3,2577.6,2577.7,2902.9,2902.9,2903.1,27.440001,27.610001,going to home base
2024-04-13T00:27:54Z,2381.9,2381.1,2381.3,2633.7,2634.1,2634.5,5691.2,5690.8,5691.3,2345.5,2344.7,2344.7,3510.1,3508.9,3509.5,4427.1,4426.9,4426.7,6164.3,6163.4,6163.9,8645.5,8645.6,8643.7,5225.7,5226.4,5226.7,7441.3,7440.2,7440.0,6125.8,6124.6,6125.5,1864.2,1862.8,1863.0,3688.9,3689.1,3689.7,2578.1,2577.2,2577.5,2903.0,2904.0,2904.0,27.459999,27.600000,going to home base
2024-04-13T00:27:59Z,2381.6,2380.7,2381.1,2633.8,2634.4,2634.4,5691.9,5691.4,5691.6,2344.8,2345.0,2345.2,3509.5,3508.8,3508.2,4427.1,4426.9,4426.8,6162.0,6163.0,6162.7,8647.8,8647.6,8647.4,5225.6,5225.8,5225.6,7442.9,7441.5,7442.7,6125.5,6124.1,6124.9,1864.2,1862.8,1863.3,3688.4,3688.1,3689.7,2578.6,2577.4,2577.7,2903.1,2903.1,2903.0,27.459999,27.680000,going to home base
2024-04-13T00:28:04Z,2381.8,2380.9,2381.3,2634.4,2634.3,2634.6,5691.2,5691.7,5691.4,2344.8,2344.8,2345.7,3508.8,3508.3,3508.6,4426.6,4426.7,4426.8,6163.8,6164.0,6162.8,8649.3,8647.8,8648.1,5225.9,5224.7,5226.1,7442.5,7442.2,7441.2,6128.0,6126.3,6126.2,1863.7,1862.7,1862.4,3689.5,3689.7,3690.1,2578.3,2577.5,2577.2,2902.5,2901.4,2901.8,27.480000,27.670000,going to home base
2024-04-13T00:28:09Z,2382.1,2381.3,2381.5,2634.2,2634.1,2634.5,5692.2,5691.8,5691.2,2344.3,2344.0,2345.3,3509.0,3508.2,3508.1,4427.2,4427.0,4427.2,6161.0,6161.4,6162.0,8645.9,8644.1,8645.1,5227.3,5226.9,5226.7,7444.0,7444.4,7443.5,6127.0,6126.8,6125.9,1864.4,1862.8,1862.3,3688.4,3688.5,3689.0,2577.6,2576.3,2576.3,2904.7,2904.0,2904.2,27.459999,27.650000,going to home base
2024-04-13T00:28:14Z,2381.8,2381.4,2381.4,2633.8,2633.2,2633.8,5691.6,5691.5,5691.5,2344.5,2344.9,2345.0,3510.0,3509.0,3508.7,4426.9,4427.1,4427.1,6159.3,6158.1,6159.8,8646.3,8645.9,8645.5,5227.5,5226.9,5228.0,7442.5,7441.9,7443.1,6126.4,6127.4,6126.5,1864.0,1862.6,1862.9,3688.0,3688.2,3688.9,2578.5,2577.4,2577.5,2902.7,2902.0,2901.7,27.450001,27.629999,going to home base
2024-04-13T00:28:19Z,2382.0,2381.7,2382.0,2633.5,2632.8,2634.0,5692.5,5692.0,5692.1,2343.9,2344.1,2344.4,3509.7,3509.1,3509.7,4426.6,4426.9,4426.3,6161.7,6163.0,6163.6,8646.2,8645.6,8646.3,5227.1,5226.3,5227.4,7444.5,7442.5,7441.9,6126.4,6126.2,6127.1,1864.3,1863.0,1862.8,3688.3,3688.3,3688.8,2578.0,2576.9,2577.1,2903.9,2903.2,2903.1,27.480000,27.600000,going to home base
2024-04-13T00:28:24Z,2381.9,2381.1,2381.3,2633.3,2633.2,2633.8,5692.3,5691.5,5691.9,2344.0,2343.7,2344.1,3510.4,3510.2,3509.6,4427.0,4426.6,4426.1,6161.5,6161.4,6161.4,8648.1,8646.9,8648.3,5225.8,5225.7,5226.6,7443.9,7441.8,7442.0,6126.0,6124.9,6127.8,1864.1,1862.6,1862.5,3689.6,3689.2,3690.0,2577.7,2577.6,2577.4,2903.2,2903.6,2903.1,27.459999,27.580000,going to home base
2024-04-13T00:28:29Z,2381.6,2380.7,2381.7,2633.4,2633.6,2633.9,5692.0,5691.1,5691.4,2343.8,2343.6,2343.9,3510.5,3509.9,3509.4,4427.2,4426.7,4427.1,6161.1,6160.6,6161.7,8647.8,8647.4,8646.5,5225.7,5225.4,5226.2,7442.8,7441.7,7443.4,6127.2,6126.2,6127.1,1864.4,1862.9,1863.1,3689.3,3689.2,3690.3,2578.0,2577.2,2577.0,2904.3,2902.3,2903.7,27.480000,27.639999,going to home base
2024-04-13T00:28:34Z,2381.1,2380.8,2381.0,2634.3,2634.0,2634.2,5692.4,5692.4,5692.4,2343.3,2343.4,2344.1,3509.7,3509.5,3509.8,4426.8,4426.7,4426.8,6164.9,6163.4,6162.2,8645.8,8646.6,8645.8,5226.8,5226.4,5227.0,7443.3,7444.5,7444.6,6128.8,6127.5,6128.8,1863.9,1862.7,1862.6,3688.6,3689.0,3689.4,2577.1,2576.8,2576.7,2902.3,2901.0,2901.4,27.490000,27.629999,going to home base
2024-04-13T00:28:39Z,2381.2,2380.8,2381.0,2632.9,2632.6,2633.6,5691.8,5691.8,5691.6,2343.6,2344.1,2344.2,3509.3,3509.4,3508.8,4426.0,4426.0,4426.2,6162.6,6163.9,6164.3,8648.2,8646.9,8649.2,5225.0,5224.8,5226.4,7443.7,7443.2,7443.8,6128.0,6127.8,6128.2,1864.3,1862.7,1862.5,3688.6,3689.0,3689.2,2576.6,2575.4,2575.3,2902.5,2902.7,2902.0,27.450001,27.490000,going to home base
2024-04-13T00:28:44Z,2381.1,2380.7,2380.7,2632.8,2633.2,2633.3,5692.0,5691.4,5691.4,2343.7,2343.7,2344.4,3510.3,3509.2,3509.8,4427.1,4426.8,4426.8,6160.0,6160.3,6160.7,8644.7,8645.0,8646.8,5225.8,5226.2,5227.2,7444.7,7444.0,7443.5,6127.0,6125.7,6126.6,1864.5,1862.6,1862.8,3687.8,3689.0,3689.3,2577.5,2576.5,2576.5,2902.2,2902.1,2902.9,27.450001,27.430000,going to home base
2024-04-13T00:28:49Z,2381.4,2380.7,2380.7,2632.8,2633.0,2633.1,5692.4,5691.5,5691.5,2343.8,2344.5,2345.0,3509.0,3508.7,3508.8,4426.3,4426.2,4426.3,6161.7,6161.2,6160.5,8644.3,8644.6,8644.3,5226.4,5225.5,5226.6,7446.6,7444.4,7445.2,6126.6,6125.1,6125.4,1864.3,1862.9,1862.6,3688.5,3688.1,3689.0,2577.0,2576.6,2576.8,2903.5,2902.7,2901.9,27.480000,27.500000,going to home base
2024-04-13T00:28:54Z,2381.3,2380.6,2380.8,2633.5,2633.4,2634.0,5691.8,5691.4,5691.3,2343.9,2343.9,2344.5,3509.2,3508.9,3509.4,4426.5,4426.9,4426.8,6163.1,6161.6,6159.5,8646.3,8645.3,8643.9,5224.8,5224.4,5225.4,7443.7,7442.7,7442.3,6127.5,6127.2,6125.9,1864.1,1862.9,1862.9,3688.5,3688.4,3689.5,2576.9,2575.9,2576.2,2904.8,2904.5,2904.0,27.450001,27.510000,going to home base
2024-04-13T00:28:59Z,2381.4,2380.9,2381.0,2633.5,2633.1,2633.6,5692.4,5692.3,5691.7,2344.0,2343.8,2344.2,3509.0,3509.7,3509.6,4426.4,4426.1,4426.5,6160.6,6160.8,6159.9,8646.5,8647.4,8646.5,5227.1,5225.7,5226.7,7443.7,7443.4,7442.7,6123.8,6122.9,6122.5,1863.8,1862.4,1861.8,3687.8,3688.3,3688.6,2577.5,2576.6,2576.4,2903.3,2902.6,2903.1,27.459999,27.510000,going to home base
2024-04-13T00:29:04Z,2381.4,2380.8,2381.1,2633.8,2633.8,2634.1,5691.3,5691.0,5690.9,2344.4,2344.2,2344.7,3508.8,3508.6,3508.6,4426.6,4426.1,4426.6,6159.2,6160.2,6159.4,8649.2,8647.6,8648.0,5227.2,5227.3,5227.1,7444.9,7444.5,7444.2,6126.9,6127.1,6129.5,1863.7,1862.4,1862.7,3688.6,3688.2,3688.9,2577.0,2576.5,2576.7,2904.6,2904.2,2904.2,27.459999,27.430000,going to home base
2024-04-13T00:29:09Z,2381.4,2380.5,2380.9,2633.3,2633.8,2633.4,5691.3,5691.0,5690.9,2344.3,2344.1,2344.8,3509.7,3509.3,3508.5,4426.8,4426.4,4426.0,6162.3,6161.4,6161.1,8647.3,8648.2,8647.1,5226.3,5226.3,5227.3,7443.5,7442.7,7442.3,6126.9,6124.6,6124.6,1863.5,1862.8,1862.4,3688.2,3688.5,3689.5,2576.6,2576.1,2575.8,2904.2,2903.6,2904.0,27.450001,27.540001,going to home base
2024-04-13T00:29:14Z,2381.4,2381.0,2381.1,2633.0,2632.9,2633.4,5691.5,5691.0,5690.5,2344.9,2344.8,2344.7,3509.0,3508.7,3508.5,4426.5,4426.6,4426.5,6160.5,6161.0,6160.3,8646.6,8645.2,8645.8,5226.7,5226.4,5227.1,7445.0,7444.4,7443.9,6125.3,6125.0,6124.2,1864.2,1862.6,1862.7,3688.4,3688.4,3688.9,2577.5,2576.7,2576.5,2903.3,2902.9,2903.4,27.450001,27.430000,going to home base
2024-04-13T00:29:19Z,2381.7,2381.3,2381.4,2632.7,2633.0,2633.4,5691.1,5690.0,5690.5,2344.0,2343.9,2344.5,3509.8,3509.4,3510.0,4426.0,4426.1,4426.3,6156.5,6155.5,6157.3,8646.2,8647.8,8647.8,5225.9,5225.7,5227.5,7442.0,7441.1,7442.2,6123.3,6123.0,6124.9,1864.1,1862.6,1862.9,3687.4,3687.7,3687.9,2576.6,2575.2,2575.9,2902.2,2902.3,2902.6,27.459999,27.440001,going to home base
2024-04-13T00:29:24Z,2381.9,2381.4,2381.7,2633.2,2633.3,2633.0,5690.8,5690.3,5690.4,2345.3,2344.8,2345.0,3509.8,3509.0,3509.7,4426.1,4425.9,4425.9,6159.0,6158.0,6160.4,8648.1,8646.0,8646.7,5226.0,5225.4,5227.6,7443.0,7440.5,7442.5,6126.3,6127.0,6128.0,1863.5,1862.0,1861.8,3687.7,3687.9,3688.9,2577.0,2575.7,2575.6,2904.3,2903.4,2904.4,27.459999,27.360001,going to home base
2024-04-13T00:29:29Z,2381.9,2381.2,2381.4,2633.1,2632.8,2633.1,5690.3,5690.1,5690.1,2344.7,2344.6,2345.1,3508.7,3508.5,3508.4,4425.9,4425.9,4425.7,6159.3,6159.6,6159.5,8647.0,8646.3,8646.6,5226.0,5225.3,5226.7,7442.4,7441.4,7441.3,6124.7,6124.4,6124.6,1864.1,1862.5,1862.4,3687.8,3687.6,3688.1,2575.9,2575.8,2575.1,2902.9,2901.6,2901.7,27.459999,27.370001,going to home base
2024-04-13T00:29:34Z,2381.5,2381.0,2381.2,2633.0,2633.1,2633.6,5690.5,5689.7,5689.9,2343.8,2344.0,2344.7,3509.9,3509.7,3509.6,4426.6,4426.0,4426.4,6160.5,6159.9,6160.2,8646.2,8645.5,8644.3,5227.2,5227.7,5228.0,7440.4,7440.9,7442.3,6125.2,6124.6,6124.7,1863.8,1862.5,1862.2,3686.5,3687.1,3688.5,2576.3,2575.5,2575.5,2903.2,2902.7,2902.5,27.459999,27.309999,going to home base
2024-04-13T00:29:39Z,2381.3,2381.0,2380.8,2632.6,2632.1,2632.6,5689.6,5689.5,5689.7,2343.3,2343.2,2343.9,3508.2,3508.0,3507.9,4426.3,4426.6,4426.1,6159.7,6158.7,6158.3,8646.3,8644.5,8645.1,5226.0,5226.2,5226.7,7442.3,7441.6,7442.3,6125.4,6125.7,6125.7,1863.5,1862.1,1861.9,3687.4,3687.6,3688.0,2575.9,2575.3,2575.0,2902.9,2902.0,2902.9,27.480000,27.350000,going to home base
2024-04-13T00:29:49Z,2381.9,2381.4,2381.4,2633.0,2632.1,2632.5,5689.4,5689.4,5689.5,2344.4,2344.1,2344.2,3508.6,3508.4,3508.1,4425.8,4425start,26900.3,26896.8,2381.5,2381.1,5689.6,5689.3,5689.5,2343.7,2344.3,2344.9,3759.3,3759.5,88273.6,88243.9,14268.6,14265.8,4425.6,4425.6,4425.8,6158.0,6158.0,6159.0,16619.4,16620.9,34103.1,34101.3,8647.5,8647.0,5226.3,5227.2,going to home base
2024-04-13T00:29:59Z,2381.6,2381.0,2381.0,2632.7,2632.2,2632.8,5689.6,5688.9,5689.3,2343.5,2343.4,2343.5,3509.5,3509.2,3509.2,4425.5,4425.8,4425.6,6162.0,6160.9,6161.2,8646.4,8645.8,8645.0,5226.5,5225.7,5227.0,7443.0,7440.7,7442.3,6124.3,6125.2,6126.6,1863.6,1862.1,1862.3,3687.4,3687.2,3688.2,2576.6,2575.5,2575.8,2903.7,2903.3,2903.7,27.459999,27.440001,going to home base
2024-04-13T00:30:04Z,2382.2,2381.3,2381.5,2631.2,2631.5,2631.7,5689.8,5689.6,5689.9,2343.8,2344.1,2344.1,3507.7,3507.7,3507.6,4426.2,4425.3,4425.3,6160.8,6161.8,6160.9,8645.1,8645.4,8644.3,5224.8,5224.5,5225.8,7442.3,7441.6,7441.8,6121.7,6122.5,6122.9,1863.8,1862.6,1862.5,3686.5,3686.7,3687.4,2576.2,2575.6,2575.2,2902.1,2902.4,2903.0,27.480000,27.540001,going to home base
2024-04-13T00:30:09Z,2381.7,2381.0,2381.4,2632.1,2631.8,2632.3,5690.1,5689.7,5689.9,2343.4,2342.9,2343.7,3509.2,3508.5,3508.3,4425.5,4425.4,4425.2,6159.7,6160.2,6161.3,8644.5,8645.0,8643.4,5225.3,5224.7,5225.4,7440.8,7441.2,7442.1,6125.2,6122.2,6123.6,1864.3,1862.9,1862.8,3686.6,3687.1,3688.2,2576.3,2575.6,2575.7,2904.2,2903.6,2902.8,27.459999,27.540001,going to home base
2024-04-13T00:30:14Z,2381.5,2381.0,2381.4,2631.8,2631.8,2632.5,5690.0,5689.5,5689.4,2343.3,2343.4,2344.1,3509.1,3508.7,3508.6,4425.1,4425.2,4425.3,6163.7,6162.4,6162.7,8643.8,8644.0,8644.9,5225.1,5224.1,5224.5,7441.7,7439.3,7438.8,6122.6,6124.1,6125.2,1863.5,1862.1,1861.9,3685.4,3685.7,3687.0,2576.9,2575.9,2576.2,2903.0,2902.1,2902.2,27.459999,27.459999,going to home base
2024-04-13T00:30:19Z,2381.6,2380.7,2381.1,2631.8,2632.2,2632.1,5690.4,5689.6,5689.6,2342.8,2343.1,2343.5,3508.2,3508.3,3508.1,4424.5,4424.3,4424.6,6158.8,6159.6,6159.4,8647.0,8647.5,8644.1,5225.5,5224.4,5225.4,7443.3,7440.2,7439.6,6124.7,6123.8,6123.8,1863.5,1862.2,1861.9,3686.4,3686.7,3687.3,2575.5,2574.5,2574.3,2903.7,2903.5,2904.5,27.459999,27.530001,going to home base
2024-04-13T00:30:24Z,2381.2,2380.8,2380.8,2632.6,2632.3,2632.9,5689.8,5689.3,5689.6,2344.8,2344.3,2344.6,3508.8,3507.5,3507.8,4425.0,4424.5,4424.6,6162.3,6163.6,6163.9,8646.0,8645.5,8646.3,5225.4,5225.3,5225.4,7441.3,7439.9,7440.3,6125.6,6126.1,6123.7,1863.9,1862.1,1862.3,3687.1,3686.7,3687.8,2575.7,2575.0,2575.3,2903.9,2903.0,2903.8,27.459999,27.559999,going to home base
2024-04-13T00:30:29Z,2381.2,2380.8,2381.1,2632.2,2632.0,2632.3,5690.0,5689.4,5689.5,2344.1,2344.1,2344.5,3508.2,3507.5,3507.0,4425.1,4424.6,4424.9,6161.3,6161.9,6160.6,8644.3,8644.3,8642.9,5225.7,5225.1,5226.7,7441.8,7440.8,7440.6,6124.2,6126.7,6121.6,1863.9,1862.5,1862.5,3686.1,3685.7,3686.9,2575.9,2575.2,2575.4,2903.2,2901.9,2903.4,27.459999,27.580000,going to home base
2024-04-13T00:30:34Z,2381.5,2380.8,2381.3,2632.2,2631.9,2632.8,5689.9,5689.5,5689.4,2343.4,2343.3,2344.2,3507.6,3507.5,3507.6,4425.3,4425.1,4425.0,6163.8,6162.1,6161.9,8642.3,8643.1,8641.3,5226.1,5225.6,5226.8,7442.9,7440.8,7441.6,6123.9,6124.5,6124.5,1864.0,1862.7,1862.6,3685.6,3686.2,3687.2,2576.6,2576.3,2575.7,2902.2,2902.5,2903.0,27.459999,27.570000,going to home base
2024-04-13T00:30:39Z,2380.9,2380.3,2380.7,2632.7,2632.2,2632.2,5690.0,5689.7,5689.9,2342.9,2342.8,2343.3,3508.1,3507.1,3506.7,4424.5,4424.9,4425.0,6160.2,6160.6,6160.9,8644.2,8644.6,8642.9,5226.8,5225.2,5224.9,7444.0,7443.0,7443.2,6122.8,6122.4,6124.1,1863.5,1862.0,1861.8,3686.1,3686.1,3686.9,2576.2,2575.2,2574.9,2904.6,2903.7,2903.3,27.450001,27.570000,going to home base
2024-04-13T00:30:44Z,2380.2,2379.5,2380.1,2631.8,2632.0,2632.1,5689.7,5689.6,5689.5,2343.6,2342.6,2343.4,3508.3,3508.0,3508.0,4424.7,4424.2,4424.8,6160.5,6159.1,6159.9,8644.4,8643.3,8643.6,5225.4,5223.5,5225.1,7443.9,7441.0,7442.2,6125.1,6124.4,6123.0,1863.6,1862.6,1862.5,3686.4,3686.1,3687.3,2575.8,2575.2,2574.9,2904.1,2902.5,2903.4,27.459999,27.459999,going to home base
2024-04-13T00:30:49Z,2381.0,2380.5,2380.6,2632.2,2632.6,2632.5,5689.1,5688.8,5688.6,2343.0,2342.9,2343.4,3507.7,3507.4,3507.1,4425.2,4424.3,4425.1,6161.8,6160.7,6161.5,8643.3,8643.3,8645.2,5225.7,5224.5,5225.4,7445.1,7443.7,7442.8,6126.1,6127.6,6126.7,1862.7,1861.4,1861.1,3687.1,3687.2,3687.6,2575.1,2574.7,2574.8,2901.4,2901.3,2901.8,27.480000,27.410000,going to home base
2024-04-13T00:30:54Z,2380.8,2379.9,2380.1,2632.3,2632.2,2631.8,5688.9,5688.6,5688.3,2343.6,2344.0,2343.9,3508.8,3508.3,3508.5,4424.9,4424.9,4425.1,6161.3,6161.0,6161.7,8646.3,8646.2,8645.4,5225.4,5224.9,5226.9,7442.6,7441.0,7441.4,6123.0,6122.8,6123.7,1862.6,1860.8,1861.1,3686.2,3686.2,3687.3,2575.8,2575.4,2575.6,2901.3,2901.4,2900.7,27.459999,27.430000,going to home base
2024-04-13T00:30:59Z,2381.0,2380.6,2380.7,2632.0,2631.6,2631.7,5688.8,5688.7,5688.8,2343.5,2343.7,2344.7,3508.1,3507.9,3508.2,4424.8,4424.7,4424.9,6158.1,6157.2,6156.5,8646.8,8645.5,8647.9,5225.7,5225.6,5226.3,7442.8,7441.4,7441.9,6125.1,6124.0,6124.8,1863.5,1861.9,1862.1,3686.9,3686.3,3687.5,2575.2,2574.4,2575.0,2900.8,2900.8,2900.9,27.459999,27.379999,going to home base
2024-04-13T00:31:04Z,2381.3,2380.5,2380.6,2631.1,2631.4,2631.8,5688.2,5687.8,5688.0,2343.4,2343.8,2344.3,3507.8,3507.4,3508.2,4424.6,4424.3,4424.3,6160.0,6158.9,6158.0,8643.6,8644.1,8644.8,5225.0,5225.2,5225.1,7441.3,7441.7,7441.2,6121.8,6122.5,6123.3,1863.2,1862.1,1861.7,3685.2,3685.6,3686.2,2574.9,2574.2,2574.3,2901.1,2900.8,2900.9,27.459999,27.360001,going to home base
2024-04-13T00:31:09Z,2380.8,2379.8,2380.1,2631.7,2631.9,2632.5,5688.9,5687.4,5687.8,2343.0,2343.0,2344.0,3507.6,3507.3,3507.2,4423.9,4423.8,4423.7,6159.9,6159.7,6159.8,8642.3,8642.1,8640.3,5225.3,5226.0,5225.3,7440.9,7439.0,7440.3,6122.7,6121.4,6122.6,1863.4,1861.6,1861.3,3684.8,3684.5,3685.6,2574.5,2574.4,2574.2,2901.6,2902.0,2902.5,27.490000,27.290001,going to home base
2024-04-13T00:31:14Z,2380.5,2380.0,2380.0,2631.7,2631.5,2632.9,5687.9,5687.7,5688.3,2343.1,2342.7,2343.0,3508.2,3508.0,3507.7,4423.8,4423.5,4423.7,6158.1,6156.8,6159.1,8642.2,8641.3,8641.4,5224.1,5223.8,5224.7,7441.3,7441.8,7441.4,6122.6,6121.3,6123.8,1863.6,1862.0,1861.7,3684.7,3684.6,3685.8,2575.5,2575.0,2575.2,2902.1,2901.9,2902.3,27.480000,27.320000,going to home base
2024-04-13T00:31:19Z,2380.7,2380.2,2380.3,2631.6,2631.9,2631.6,5688.0,5687.0,5687.0,2343.2,2342.9,2343.3,3509.0,3507.6,3507.6,4424.3,4424.2,4423.8,6159.1,6159.0,6158.0,8641.1,8640.1,8640.9,5224.6,5224.4,5225.3,7441.7,7441.4,7441.8,6122.8,6122.4,6123.0,1862.9,1861.7,1861.4,3685.2,3685.2,3685.9,2575.7,2575.0,2574.6,2902.2,2902.0,2902.1,27.459999,27.360001,going to home base
2024-04-13T00:31:24Z,2380.8,2380.2,2380.4,2632.2,2632.0,2632.6,5687.5,5687.3,5687.3,2343.7,2343.3,2343.8,3508.1,3507.8,3507.7,4424.1,4423.5,4423.6,6159.5,6159.0,6159.8,8641.7,8642.4,8642.5,5223.8,5223.0,5224.6,7442.0,7440.9,7440.5,6122.1,6122.6,6121.1,1862.7,1861.3,1861.4,3684.8,3684.6,3685.5,2575.4,2575.0,2574.9,2902.2,2901.3,2901.9,27.459999,27.440001,going to home base
2024-04-13T00:31:29Z,2381.5,2380.7,2380.8,2632.2,2631.4,2631.9,5687.5,5687.5,5687.9,2342.8,2342.7,2342.8,3508.2,3507.7,3508.2,4423.8,4423.4,4423.2,6158.7,6156.9,6158.4,8640.1,8640.2,8639.7,5223.9,5224.3,5224.7,7443.4,7441.6,7440.9,6123.2,6121.8,6122.4,1862.9,1861.8,1861.6,3685.2,3685.1,3685.9,2574.7,2574.0,2574.5,2901.4,2900.9,2902.1,27.450001,27.500000,going to home base
2024-04-13T00:31:34Z,2381.0,2380.2,2380.6,2632.1,2631.8,2632.1,5687.1,5686.7,5686.8,2342.6,2342.8,2343.7,3508.0,3508.1,3508.4,4424.0,4424.3,4424.1,6158.5,6157.0,6158.8,8641.8,8641.4,8639.7,5222.9,5222.2,5223.2,7439.9,7439.1,7440.1,6122.7,6122.8,6123.4,1863.0,1861.6,1861.6,3685.0,3684.9,3685.2,2574.5,2573.5,2574.2,2901.8,2902.3,2902.4,27.459999,27.480000,going to home base
2024-04-13T00:31:39Z,2380.8,2380.4,2380.2,2631.4,2631.5,2631.7,5687.6,5686.9,5687.4,2343.7,2343.8,2344.1,3507.8,3506.7,3506.9,4423.3,4423.5,4423.2,6158.3,6156.2,6157.2,8639.3,8640.3,8640.6,5222.1,5221.8,5221.7,7440.5,7438.9,7439.4,6123.6,6123.9,6124.2,1863.0,1861.6,1861.1,3683.9,3683.9,3684.9,2575.5,2574.5,2574.7,2903.1,2902.2,2902.7,27.450001,27.540001,going to home base
2024-04-13T00:31:44Z,2380.7,2379.9,2380.2,2631.7,2631.3,2632.0,5688.0,5687.8,5687.7,2343.5,2343.4,2343.8,3508.0,3507.8,3507.4,4424.0,4423.9,4423.7,6158.6,6159.3,6160.5,8641.6,8641.0,8640.6,5222.3,5223.0,5224.1,7439.0,7439.2,7439.0,6121.7,6122.6,6122.9,1863.4,1861.9,1861.7,3684.3,3684.5,3685.6,2575.4,2574.1,2575.3,2902.0,2901.8,2901.7,27.480000,27.500000,going to home base
2024-04-13T00:31:49Z,2381.0,2379.9,2380.2,2631.2,2631.0,2631.3,5687.8,5687.5,5687.4,2343.4,2343.3,2343.8,3507.3,3507.6,3507.9,4423.6,4423.9,4423.6,6159.1,6158.3,6158.1,8642.2,8642.2,8641.6,5222.1,5223.1,5223.7,7440.8,7438.7,7441.6,6122.9,6125.5,6125.4,1862.5,1861.6,1861.4,3684.9,3685.3,3686.0,2575.6,2575.0,2574.8,2900.7,2901.2,2901.0,27.459999,27.459999,going to home base
2024-04-13T00:31:54Z,2380.7,2380.1,2380.1,2631.6,2631.6,2631.6,5688.4,5687.6,5688.3,2343.0,2343.3,2344.2,3507.5,3507.4,3507.8,4423.6,4422.9,4423.1,6154.9,6155.3,6157.6,8639.3,8638.8,8639.1,5222.4,5222.3,5223.8,7441.4,7439.6,7438.5,6123.1,6123.0,6122.6,1863.2,1861.7,1861.7,3685.1,3685.0,3686.3,2574.8,2574.2,2574.2,2901.8,2901.7,2902.3,27.480000,27.500000,going to home base
2024-04-13T00:31:59Z,2381.0,2380.2,2380.4,2631.2,2631.4,2631.8,5688.1,5687.5,5687.7,2343.5,2343.2,2344.4,3507.3,3506.8,3506.9,4423.6,4423.2,4423.7,6155.4,6155.2,6156.2,8640.3,8641.3,8642.9,5221.8,5222.5,5224.1,7439.8,7439.7,7439.7,6124.9,6125.4,6124.8,1863.4,1862.2,1861.9,3684.0,3684.3,3685.2,2576.1,2575.2,2575.5,2902.6,2901.6,2902.2,27.459999,27.459999,going to home base
2024-04-13T00:32:04Z,2380.6,2379.6,2379.9,2630.6,2630.7,2631.3,5688.1,5687.5,5687.8,2343.3,2343.3,2343.3,3508.5,3507.6,3507.9,4423.2,4423.3,4423.2,6158.1,6156.7,6158.1,8641.6,8641.5,8642.0,5222.7,5222.6,5224.3,7440.3,7439.8,7439.5,6120.9,6120.0,6121.0,1863.9,1862.3,1862.4,3684.8,3684.8,3686.5,2575.0,2574.1,2574.7,2900.3,2900.8,2901.0,27.480000,27.389999,going to home base
2024-04-13T00:32:09Z,2380.5,2379.8,2379.8,2631.2,2630.9,2631.8,5687.9,5687.1,5687.6,2343.6,2343.2,2343.8,3507.9,3507.7,3507.1,4423.3,4423.0,4423.1,6154.4,6153.7,6154.7,8641.7,8640.6,8641.6,5223.1,5223.8,5223.8,7440.9,7438.6,7438.7,6119.2,6120.3,6120.9,1863.3,1862.2,1861.6,3685.1,3685.0,3686.2,2574.4,2574.4,2574.2,2900.1,2899.9,2900.2,27.459999,27.330000,going to home base
2024-04-13T00:32:14Z,2380.1,2379.5,2379.7,2631.4,2631.1,2631.3,5687.3,5686.9,5686.7,2343.9,2343.0,2343.5,3506.9,3506.7,3506.6,4423.6,4423.2,4423.4,6156.6,6156.0,6156.5,8641.9,8641.4,8639.7,5222.7,5222.4,5223.8,7438.7,7437.3,7438.1,6119.7,6120.2,6120.9,1862.8,1861.3,1861.0,3684.4,3684.3,3684.9,2574.8,2574.1,2574.3,2900.0,2900.4,2900.4,27.440001,27.420000,going to home base
2024-04-13T00:32:19Z,2380.3,2379.7,2379.7,2631.0,2630.2,2630.2,5687.4,5687.0,5687.3,2342.8,2342.6,2343.1,3507.4,3507.4,3506.7,4423.0,4423.0,4423.3,6160.1,6158.8,6158.7,8641.4,8641.2,8641.0,5222.4,5221.2,5221.8,7439.6,7438.9,7438.4,6121.2,6120.8,6121.1,1863.2,1861.5,1861.3,3684.7,3684.7,3685.4,2574.6,2573.9,2574.1,2900.6,2899.7,2900.6,27.459999,27.440001,going to home base
2024-04-13T00:32:24Z,2380.4,2379.6,2380.1,2631.0,2630.9,2631.5,5687.7,5687.4,5687.1,2343.6,2343.0,2343.5,3507.2,3507.1,3507.0,4422.3,4422.3,4422.7,6156.5,6156.1,6156.6,8640.9,8640.5,8640.7,5221.4,5220.8,5223.8,7439.7,7439.4,7438.3,6121.1,6122.6,6124.5,1863.1,1861.8,1861.8,3684.7,3684.4,3685.2,2574.6,2574.1,2574.1,2900.6,2900.4,2900.9,27.480000,27.440001,going to home base
2024-04-13T00:32:29Z,2380.9,2379.8,2380.1,2630.6,2630.3,2630.8,5687.3,5687.2,5687.4,2343.9,2344.0,2344.2,3506.9,3506.2,3506.5,4422.8,4422.4,4423.0,6155.6,6155.4,6154.0,8641.8,8642.8,8642.1,5223.5,5222.6,5223.7,7438.8,7440.0,7439.9,6123.5,6124.3,6125.1,1863.1,1861.4,1861.4,3685.1,3684.6,3685.9,2574.0,2573.6,2573.2,2900.6,2900.8,2901.5,27.459999,27.420000,going to home base
2024-04-13T00:32:34Z,2380.8,2380.0,2380.0,2631.0,2631.3,2631.5,5687.4,5686.7,5686.9,2343.6,2343.3,2344.1,3507.5,3507.1,3507.3,4422.6,4422.7,4422.7,6156.0,6153.4,6155.9,8640.2,8639.2,8639.8,5222.4,5223.0,5223.4,7439.3,7437.3,7438.4,6123.4,6121.7,6122.4,1862.7,1861.4,1861.5,3683.5,3683.8,3684.4,2574.0,2573.7,2574.0,2902.4,2901.6,2902.7,27.450001,27.400000,going to home base
2024-04-13T00:32:39Z,2380.7,2379.5,2380.1,2631.3,2630.9,2631.6,5687.5,5686.7,5687.0,2343.4,2343.5,2343.4,3507.4,3507.2,3506.8,4422.7,4422.7,4422.7,6154.5,6154.3,6153.6,8639.7,8638.6,8638.8,5222.4,5221.8,5222.4,7438.6,7436.7,7437.1,6122.1,6121.9,6121.9,1862.9,1861.4,1861.5,3683.4,3683.9,3684.9,2573.5,2573.1,2573.3,2901.2,2901.0,2900.6,27.480000,27.370001,going to home base
2024-04-13T00:32:44Z,2380.3,2379.8,2380.5,2630.7,2630.9,2631.9,5686.5,5686.4,5686.5,2342.9,2343.0,2342.4,3507.1,3506.6,3507.0,4422.9,4422.9,4422.7,6155.0,6154.6,6155.3,8639.4,8638.3,8638.9,5222.2,5222.3,5222.8,7438.7,7439.0,7437.2,6120.9,6122.2,6124.0,1862.9,1861.8,1861.3,3684.2,3684.4,3684.9,2573.4,2572.5,2573.1,2903.2,2902.4,2902.2,27.440001,27.320000,going to home base
2024-04-13T00:32:49Z,2380.6,2379.9,2380.0,2631.3,2630.5,2631.4,5687.4,5686.9,5687.1,2342.7,2342.7,2343.4,3507.6,3508.0,3507.5,4423.1,4423.2,4423.3,6156.2,6155.1,6154.8,8637.2,8637.3,8637.3,5222.0,5222.8,5223.3,7441.1,7439.5,7439.3,6120.8,6121.5,6121.6,1862.6,1861.1,1860.8,3683.5,3683.6,3684.4,2574.7,2573.4,2573.2,2901.2,2901.4,2901.5,27.459999,27.330000,going to home base
2024-04-13T00:32:54Z,2380.0,2379.4,2379.9,2631.1,2631.1,2631.3,5686.5,5686.1,5686.6,2343.1,2343.0,2343.3,3507.3,3507.5,3506.9,4422.7,4422.1,4422.2,6154.8,6152.7,6154.3,8639.5,8638.2,8638.5,5221.5,5222.3,5222.7,7439.1,7438.8,7437.5,6122.7,6120.3,6121.7,1862.2,1860.7,1861.1,3683.5,3683.4,3683.9,2574.2,2573.4,2573.7,2901.2,2900.7,2901.1,27.459999,27.350000,going to home base
2024-04-13T00:32:59Z,2379.7,2379.3,2379.4,2631.0,2630.3,2631.2,5686.3,5685.6,5685.8,2342.9,2343.0,2343.3,3507.1,3506.8,3506.9,4421.6,4421.5,4422.0,6155.0,6153.7,6154.3,8639.6,8637.7,8638.8,5221.1,5221.1,5221.4,7438.6,7439.0,7439.1,6121.6,6120.7,6120.3,1862.7,1861.5,1861.2,3683.9,3684.2,3684.7,2573.9,2573.3,2573.6,2901.6,2901.1,2900.8,27.480000,27.379999,going to home base
2024-04-13T00:33:04Z,2379.9,2379.0,2379.4,2630.6,2630.6,2631.0,5686.1,5685.7,5685.8,2342.5,2342.5,2343.6,3507.5,3507.3,3507.1,4422.1,4422.0,4422.2,6153.4,6152.7,6153.5,8639.4,8638.2,8638.4,5221.9,5220.4,5222.4,7439.3,7437.6,7438.9,6121.7,6121.8,6121.4,1862.1,1861.0,1860.9,3683.4,3683.4,3684.1,2573.5,2573.3,2573.5,2901.8,2901.8,2902.0,27.450001,27.410000,going to home base
2024-04-13T00:33:09Z,2379.7,2379.3,2379.6,2630.6,2630.3,2630.6,5686.5,5685.9,5685.9,2342.7,2342.6,2343.1,3505.9,3505.2,3506.3,4422.2,4421.8,4421.8,6155.2,6154.2,6154.1,8636.7,8636.6,8637.3,5221.1,5221.9,5222.1,7437.5,7437.5,7438.2,6121.2,6121.0,6121.4,1862.8,1861.5,1861.6,3682.9,3683.4,3684.2,2574.5,2574.1,2573.5,2901.6,2901.0,2900.7,27.450001,27.440001,going to home base
2024-04-13T00:33:14Z,2380.9,2380.0,2380.5,2630.2,2630.1,2630.4,5686.6,5686.3,5686.4,2342.6,2342.8,2343.5,3506.9,3506.6,3506.6,4422.0,4422.1,4422.0,6150.4,6151.5,6150.4,8636.3,8635.4,8637.5,5222.7,5221.3,5221.8,7439.2,7438.1,7439.6,6122.4,6122.3,6121.5,1862.5,1861.0,1861.2,3683.7,3683.8,3684.6,2573.7,2572.6,2572.9,2901.6,2900.9,2901.2,27.450001,27.480000,going to home base
2024-04-13T00:33:19Z,2380.3,2380.0,2380.2,2630.4,2630.5,2630.9,5686.2,5686.1,5686.0,2343.6,2343.5,2344.0,3506.6,3507.1,3506.8,4422.8,4422.4,4422.5,6155.1,6152.7,6154.8,8638.9,8638.6,8640.0,5222.3,5223.4,5222.6,7436.0,7435.2,7436.2,6120.1,6119.5,6119.5,1862.4,1861.2,1861.1,3684.0,3684.2,3684.6,2574.1,2572.8,2572.6,2904.0,2903.1,2903.5,27.490000,27.440001,going to home base
2024-04-13T00:33:24Z,2380.5,2379.7,2380.1,2630.8,2630.8,2631.3,5686.3,5686.1,5686.2,2342.4,2342.5,2343.1,3507.3,3506.8,3507.0,4422.8,4422.3,4422.7,6153.8,6153.4,6153.1,8639.2,8639.3,8637.5,5222.1,5221.8,5222.9,7437.4,7437.2,7436.3,6123.4,6120.8,6120.0,1862.0,1861.0,1860.7,3683.9,3683.8,3684.9,2573.9,2573.5,2573.4,2901.7,2901.1,2901.3,27.440001,27.510000,going to home base
2024-04-13T00:33:29Z,2379.9,2379.6,2379.6,2631.1,2630.7,2631.5,5686.7,5686.4,5686.1,2342.7,2342.3,2342.7,3506.9,3506.6,3506.1,4422.2,4422.0,4422.3,6155.6,6152.6,6154.0,8637.2,8636.0,8636.3,5221.7,5222.1,5221.6,7438.2,7435.9,7437.9,6120.8,6120.7,6121.5,1862.6,1861.5,1861.0,3684.2,3684.7,3685.8,2574.1,2573.4,2573.6,2903.5,2903.0,2903.2,27.480000,27.540001,going to home base
2024-04-13T00:33:34Z,2380.3,2379.6,2379.5,2630.8,2630.2,2630.5,5686.7,5686.0,5686.3,2342.2,2342.4,2342.4,3507.8,3507.4,3507.6,4422.3,4421.6,4422.0,6154.0,6153.6,6154.0,8636.0,8637.7,8636.5,5222.6,5221.6,5221.7,7439.5,7437.9,7438.6,6120.4,6119.6,6120.7,1862.6,1860.9,1860.8,3684.2,3684.4,3686.0,2573.7,2573.0,2573.2,2902.5,2902.3,2902.0,27.480000,27.500000,going to home base
2024-04-13T00:33:39Z,2379.7,2379.0,2379.1,2631.3,2631.2,2631.6,5685.9,5685.7,5685.7,2342.1,2342.2,2342.5,3507.0,3506.0,3506.6,4422.0,4421.9,4422.0,6156.5,6156.0,6156.2,8640.3,8640.0,8638.3,5221.9,5222.3,5223.0,7437.3,7435.4,7435.2,6118.2,6117.9,6120.0,1862.7,1861.2,1861.0,3685.2,3685.5,3685.9,2573.6,2573.0,2573.3,2902.4,2902.7,2904.0,27.480000,27.510000,going to home base
2024-04-13T00:33:44Z,2379.5,2379.0,2379.2,2630.4,2630.4,2630.9,5685.7,5685.6,5686.1,2342.6,2343.2,2343.3,3507.0,3506.8,3507.2,4422.0,4422.2,4421.9,6152.3,6151.5,6150.9,8638.8,8638.8,8637.6,5222.5,5222.2,5222.8,7439.3,7437.6,7436.9,6119.1,6118.8,6118.3,1862.5,1860.9,1860.9,3684.3,3684.3,3685.8,2573.5,2572.1,2572.3,2903.3,2902.1,2901.5,27.450001,27.510000,going to home base
2024-04-13T00:33:49Z,2379.2,2378.7,2379.1,2630.2,2630.2,2630.8,5686.4,5685.7,5686.4,2342.3,2342.1,2342.6,3507.3,3506.8,3505.8,4421.3,4421.4,4421.8,6153.1,6153.6,6153.2,8639.4,8638.6,8639.4,5222.2,5221.9,5222.6,7438.4,7437.9,7438.0,6119.1,6118.9,6120.0,1862.1,1861.4,1861.0,3684.4,3684.8,3685.7,2572.7,2572.1,2572.0,2902.1,2901.4,2901.8,27.450001,27.440001,going to home base
2024-04-13T00:33:54Z,2379.3,2378.7,2378.8,2629.5,2630.2,2630.7,5686.4,5685.9,5686.1,2343.0,2342.9,2342.6,3506.7,3506.6,3507.0,4422.3,4421.8,4422.1,6154.6,6153.2,6155.5,8639.3,8638.1,8639.5,5221.8,5222.0,5221.4,7439.0,7437.8,7436.7,6120.1,6119.9,6120.8,1862.3,1861.0,1861.1,3684.6,3685.1,3685.6,2572.7,2571.9,2572.1,2902.0,2902.2,2902.0,27.450001,27.370001,going to home base
2024-04-13T00:33:59Z,2379.6,2378.9,2379.2,2630.9,2630.3,2630.4,5686.5,5686.6,5686.0,2343.2,2343.0,2343.6,3508.5,3507.5,3508.0,4421.3,4421.7,4421.7,6155.4,6154.8,6153.0,8640.2,8639.6,8638.3,5221.1,5221.7,5221.1,7438.2,7437.0,7437.4,6121.3,6120.7,6121.9,1862.0,1860.4,1860.2,3685.6,3684.8,3685.5,2572.9,2572.2,2572.4,2902.1,2901.2,2901.9,27.459999,27.459999,going to home base
2024-04-13T00:34:04Z,2379.8,2379.4,2379.5,2630.1,2629.8,2630.3,5686.4,5686.6,5685.8,2342.9,2342.9,2343.3,3507.4,3507.4,3506.9,4421.7,4421.4,4421.3,6153.7,6154.0,6155.3,8639.7,8639.1,8640.8,5220.6,5221.3,5222.5,7437.6,7435.4,7436.4,6119.4,6120.5,6120.3,1862.0,1860.2,1860.5,3684.6,3684.9,3684.9,2573.1,2572.4,2572.9,2901.5,2899.7,2900.8,27.459999,27.500000,going to home base
2024-04-13T00:34:09Z,2379.7,2379.1,2379.6,2630.1,2630.0,2630.3,5686.5,5686.3,5686.6,2342.5,2342.3,2342.8,3507.4,3507.0,3507.3,4422.1,4421.9,4421.9,6155.8,6154.9,6155.2,8637.8,8636.3,8638.0,5221.6,5220.5,5221.3,7436.1,7435.1,7434.4,6119.2,6118.5,6119.9,1862.0,1860.3,1860.2,3684.6,3684.1,3685.4,2573.9,2573.3,2573.0,2901.0,2900.8,2900.4,27.450001,27.480000,going to home base
2024-04-13T00:34:14Z,2380.1,2379.4,2379.8,2630.0,2629.7,2630.6,5686.3,5685.8,5685.3,2341.9,2342.2,2342.1,3506.3,3506.1,3506.1,4421.8,4421.3,4421.4,6155.0,6155.7,6155.8,8635.0,8635.2,8636.0,5220.7,5221.1,5220.2,7434.2,7434.5,7434.6,6121.5,6120.4,6119.6,1862.3,1860.6,1861.1,3684.6,3684.6,3685.4,2572.9,2572.6,2572.8,2900.0,2900.7,2900.5,27.450001,27.430000,going to home base
2024-04-13T00:34:19Z,2380.1,2379.3,2379.4,2629.9,2630.1,2630.7,5685.1,5685.4,5685.4,2342.3,2342.2,2342.9,3506.8,3506.5,3506.0,4421.3,4420.9,4421.2,6153.7,6152.9,6152.9,8637.9,8636.2,8637.3,5222.4,5221.6,5222.4,7435.5,7434.2,7435.2,6118.9,6118.3,6118.8,1862.0,1860.8,1860.6,3683.6,3684.0,3685.0,2572.8,2572.3,2572.7,2901.5,2901.4,2902.7,27.459999,27.440001,going to home base
2024-04-13T00:34:24Z,2380.3,2379.6,2379.4,2630.3,2629.9,2630.2,5686.2,5685.6,5685.6,2342.8,2342.5,2342.8,3507.4,3506.7,3506.3,4421.5,4421.0,4421.1,6154.5,6152.8,6153.1,8635.8,8634.8,8637.3,5222.3,5221.1,5222.7,7434.2,7434.8,7433.1,6119.8,6119.6,6119.8,1862.1,1861.0,1861.0,3684.4,3684.2,3685.3,2573.1,2572.4,2572.7,2901.1,2901.8,2901.7,27.459999,27.469999,going to home base
2024-04-13T00:34:29Z,2379.9,2379.3,2380.0,2630.3,2630.3,2631.0,5685.6,5685.3,5685.3,2342.6,2342.4,2342.4,3506.4,3505.8,3505.9,4421.2,4421.3,4421.5,6155.3,6153.6,6154.3,8637.4,8636.2,8637.5,5220.6,5220.8,5221.2,7436.9,7435.9,7436.0,6119.4,6119.9,6119.1,1861.8,1860.6,1860.3,3683.2,3683.6,3683.9,2573.0,2572.1,2572.1,2902.8,2902.0,2901.8,27.459999,27.530001,going to home base
2024-04-13T00:34:34Z,2379.6,2379.0,2379.3,2629.3,2629.4,2630.0,5686.0,5685.3,5685.5,2343.0,2342.6,2343.3,3507.1,3507.0,3506.3,4421.2,4421.4,4421.3,6155.2,6155.6,6155.1,8639.9,8638.9,8639.8,5221.1,5221.4,5221.9,7435.2,7434.1,7433.4,6119.8,6119.7,6118.7,1862.1,1860.6,1860.4,3683.4,3683.6,3684.3,2573.3,2572.8,2572.3,2901.9,2901.3,2901.2,27.450001,27.510000,going to home base
2024-04-13T00:34:44Z,2379.4,2379.1,2378.9,2630.2,2630.5,2631.2,5686.1,5685.6,5685.8,2342.2,2342.2,2342.4,2378.4,2378.9,2630.1,2629.9,2630.0,5686.1,5686.1,5685.9,2342.9,88328.1,88303.9,14286.3,14291.0,14284.4,3506.9,3506.5,3506.2,4422.0,4421.6,4421.5,6154.8,34095.8,34113.4,8635.2,8637.1,8637.1,5221.5,5220.6,5221.4,7436.3,7436.7,7436.5,6121.0,44137.4,44121.9,going to home base
2024-04-13T00:34:54Z,2379.4,2378.8,2379.0,2630.8,2631.0,2631.3,5686.4,5686.0,5686.0,2342.8,2343.0,2343.4,3507.2,3506.9,3506.2,4421.9,4422.0,4421.7,6155.3,6154.8,6155.7,8634.3,8633.4,8635.7,5220.9,5220.3,5221.3,7437.0,7434.8,7435.9,6117.8,6118.1,6118.0,1862.5,1860.8,1861.0,3684.1,3684.2,3685.0,2573.9,2573.0,2573.0,2903.1,2902.2,2902.6,27.480000,27.559999,going to home base
2024-04-13T00:34:59Z,2380.1,2379.5,2379.7,2630.9,2630.7,2630.4,5686.8,5685.9,5686.4,2341.9,2342.1,2342.7,3507.5,3506.9,3506.9,4421.0,4421.0,4420.9,6155.0,6156.5,6154.6,8638.6,8638.6,8637.1,5221.5,5221.2,5221.7,7437.2,7435.5,7436.2,6123.9,6122.9,6123.2,1862.4,1860.6,1860.4,3683.5,3684.2,3684.8,2574.0,2573.7,2573.3,2902.7,2901.8,2902.5,27.459999,27.480000,going to home base
2024-04-13T00:35:04Z,2380.2,2379.5,2379.8,2630.2,2630.0,2630.3,5687.2,5686.3,5686.4,2342.0,2342.0,2342.5,3506.3,3505.6,3506.1,4420.9,4421.0,4421.0,6155.6,6155.9,6155.4,8637.8,8637.6,8637.5,5220.1,5219.4,5220.9,7437.2,7436.2,7437.6,6124.1,6122.9,6124.1,1862.8,1861.3,1861.2,3684.4,3684.6,3685.1,2572.9,2571.4,2572.5,2903.5,2903.1,2904.0,27.459999,27.510000,going to home base
2024-04-13T00:35:09Z,2379.8,2379.1,2379.3,2629.8,2630.2,2630.3,5686.6,5686.1,5686.1,2342.4,2342.2,2342.7,3506.9,3506.8,3506.1,4421.3,4420.8,4420.8,6156.6,6155.9,6155.8,8637.9,8637.8,8638.9,5220.0,5219.9,5220.6,7435.7,7434.4,7434.7,6118.8,6120.2,6119.5,1861.9,1860.7,1860.6,3684.5,3684.7,3685.2,2573.2,2572.3,2572.6,2902.9,2902.6,2902.4,27.450001,27.490000,going to home base
2024-04-13T00:35:14Z,2380.0,2379.5,2379.5,2629.8,2629.8,2630.8,5686.7,5686.2,5686.8,2343.3,2343.4,2343.2,3505.9,3506.0,3505.7,4421.7,4421.3,4421.2,6156.0,6155.7,6154.9,8638.4,8636.5,8638.1,5222.6,5222.5,5222.9,7436.3,7435.8,7435.9,6123.8,6122.8,6123.0,1862.9,1861.2,1861.3,3683.9,3684.2,3685.0,2573.1,2572.0,2572.2,2901.8,2902.6,2902.3,27.459999,27.500000,going to home base
2024-04-13T00:35:19Z,2380.2,2379.5,2379.5,2629.8,2630.0,2631.0,5686.8,5686.4,5686.1,2342.8,2342.6,2343.1,3506.0,3506.2,3505.8,4420.8,4420.9,4421.3,6155.6,6156.0,6157.6,8638.3,8638.2,8637.6,5221.5,5220.6,5221.7,7436.2,7435.3,7435.9,6118.6,6118.8,6119.6,1862.5,1861.3,1861.3,3684.6,3684.0,3685.0,2573.8,2573.1,2573.2,2902.3,2902.0,2902.4,27.440001,27.510000,going to home base
2024-04-13T00:35:24Z,2380.0,2379.5,2379.8,2629.8,2629.7,2629.9,5686.3,5685.8,5686.3,2342.8,2343.1,2342.7,3506.2,3505.4,3505.6,4420.8,4420.2,4420.8,6156.5,6157.1,6155.5,8637.3,8635.5,8635.7,5222.2,5222.1,5221.6,7436.6,7434.5,7435.1,6118.5,6118.1,6122.1,1862.1,1860.7,1861.0,3684.5,3684.0,3685.1,2573.4,2572.8,2573.3,2902.3,2901.4,2901.4,27.459999,27.510000,going to home base
2024-04-13T00:35:29Z,2380.7,2379.5,2379.8,2630.2,2630.2,2630.9,5686.6,5686.2,5686.2,2343.2,2342.6,2343.1,3506.2,3505.9,3505.8,4420.5,4420.6,4420.6,6155.1,6156.2,6156.5,8637.3,8636.1,8635.4,5221.8,5222.5,5222.0,7438.1,7436.3,7434.8,6123.8,6121.8,6122.8,1862.7,1861.4,1861.3,3684.1,3684.8,3685.8,2573.2,2572.1,2572.3,2900.8,2901.1,2901.2,27.459999,27.500000,going to home base
2024-04-13T00:35:34Z,2379.7,2379.2,2379.5,2630.0,2630.1,2630.3,5686.9,5686.4,5686.6,2342.1,2341.9,2342.3,3505.7,3505.6,3505.0,4421.5,4421.1,4421.1,6153.4,6155.0,6153.3,8638.2,8638.1,8636.9,5222.8,5221.0,5221.3,7437.7,7437.2,7436.6,6121.0,6121.6,6121.5,1862.4,1861.1,1861.2,3684.2,3684.5,3685.3,2572.3,2571.2,2571.9,2901.3,2901.1,2901.9,27.450001,27.500000,going to home base
2024-04-13T00:35:39Z,2380.3,2379.7,2380.3,2629.9,2629.8,2629.7,5685.8,5686.0,5686.2,2342.3,2342.4,2342.8,3505.5,3505.1,3504.8,4420.4,4420.8,4420.5,6153.7,6152.9,6153.2,8635.8,8637.0,8637.6,5221.1,5222.0,5222.4,7438.0,7437.9,7437.1,6122.0,6120.4,6122.3,1862.9,1861.0,1860.9,3684.6,3684.4,3684.9,2571.8,2571.5,2571.9,2901.0,2900.4,2900.7,27.459999,27.370001,going to home base
2024-04-13T00:35:44Z,2379.8,2379.2,2379.5,2629.3,2629.8,2629.7,5686.4,5685.3,5685.7,2342.2,2342.4,2342.8,3506.3,3506.0,3506.0,4420.3,4420.5,4420.4,6155.5,6154.5,6154.1,8637.4,8635.4,8637.5,5222.7,5223.3,5223.5,7435.7,7435.5,7435.2,6120.7,6119.8,6119.5,1862.0,1860.4,1860.5,3684.0,3683.8,3684.5,2572.1,2571.7,2571.6,2900.6,2900.8,2900.3,27.480000,27.379999,going to home base
2024-04-13T00:35:49Z,2379.5,2379.2,2379.4,2629.7,2629.5,2630.1,5685.4,5684.9,5684.8,2342.0,2341.9,2342.4,3506.5,3506.3,3506.1,4419.9,4419.9,4419.8,6154.0,6153.0,6152.1,8635.0,8633.0,8635.9,5221.2,5221.8,5222.1,7435.3,7433.6,7435.2,6122.6,6121.3,6120.9,1862.3,1861.2,1860.9,3683.9,3684.1,3684.5,2573.0,2571.7,2572.5,2900.3,2900.2,2901.1,27.459999,27.389999,going to home base
2024-04-13T00:35:54Z,2379.6,2379.3,2379.6,2629.9,2629.6,2630.1,5685.6,5684.9,5685.0,2341.9,2342.0,2342.1,3505.8,3505.7,3505.4,4420.9,4420.8,4420.1,6154.4,6153.3,6154.2,8637.1,8636.8,8635.8,5219.6,5220.0,5222.0,7435.2,7434.9,7435.0,6123.3,6121.9,6123.3,1861.8,1860.1,1859.7,3683.9,3683.9,3684.5,2572.5,2571.9,2571.9,2901.6,2901.0,2901.5,27.459999,27.400000,going to home base
2024-04-13T00:35:59Z,2379.3,2379.0,2379.0,2630.0,2629.7,2630.2,5685.5,5684.8,5685.1,2342.4,2342.6,2343.2,3506.2,3505.1,3505.6,4420.1,4419.5,4420.0,6152.4,6153.1,6153.0,8636.5,8635.3,8633.2,5221.8,5221.8,5220.8,7434.4,7434.2,7434.2,6118.6,6118.7,6119.8,1862.0,1860.4,1860.6,3684.3,3684.5,3685.0,2572.6,2572.0,2571.6,2900.3,2899.6,2901.0,27.450001,27.400000,going to home base
2024-04-13T00:36:04Z,2379.3,2378.5,2378.7,2629.5,2629.4,2629.9,5685.6,5685.4,5686.2,2342.7,2343.0,2343.1,3506.3,3506.1,3506.1,4420.1,4419.7,4419.9,6152.5,6152.5,6150.3,8636.7,8636.8,8636.0,5222.3,5222.2,5222.6,7434.3,7434.9,7434.8,6119.4,6119.8,6120.0,1862.1,1860.6,1860.4,3684.3,3684.2,3684.8,2572.3,2571.5,2571.4,2899.6,2899.2,2899.7,27.480000,27.430000,going to home base
2024-04-13T00:36:09Z,2378.7,2378.2,2378.7,2629.5,2629.4,2629.7,5685.1,5684.7,5684.9,2342.6,2342.5,2342.7,3505.1,3504.5,3505.1,4420.4,4419.9,4420.2,6153.7,6154.3,6154.3,8635.7,8635.0,8634.9,5221.2,5221.2,5221.7,7435.5,7434.3,7434.9,6121.7,6121.5,6121.2,1861.9,1860.3,1860.1,3684.1,3684.8,3685.8,2573.2,2572.3,2572.7,2900.6,2899.8,2900.5,27.459999,27.379999,going to home base
2024-04-13T00:36:14Z,2379.4,2378.9,2379.2,2630.3,2629.5,2630.1,5684.8,5684.0,5684.0,2342.0,2342.5,2343.1,3505.9,3505.3,3505.4,4420.7,4420.2,4420.2,6152.4,6152.5,6152.6,8637.0,8635.8,8637.6,5222.0,5221.2,5222.7,7436.9,7435.7,7434.8,6120.6,6121.4,6121.7,1862.2,1860.5,1860.7,3684.1,3683.9,3684.8,2573.2,2573.0,2572.5,2900.0,2898.9,2899.5,27.459999,27.420000,going to home base
2024-04-13T00:36:19Z,2380.0,2379.0,2379.4,2630.2,2629.9,2629.9,5684.3,5683.3,5684.1,2342.7,2342.5,2343.0,3505.3,3504.6,3504.5,4420.6,4420.7,4420.3,6151.9,6151.2,6152.9,8636.9,8634.6,8638.8,5220.6,5220.7,5222.3,7434.7,7434.2,7434.7,6121.7,6120.8,6120.1,1861.7,1860.4,1860.3,3683.7,3683.7,3685.0,2573.1,2572.1,2572.4,2900.6,2901.0,2901.1,27.459999,27.389999,going to home base
2024-04-13T00:36:24Z,2379.3,2378.8,2378.8,2629.5,2629.8,2630.1,5684.5,5684.5,5683.4,2342.2,2342.5,2342.9,3505.3,3504.8,3504.8,4420.2,4419.9,4420.4,6148.0,6147.2,6147.4,8637.4,8636.8,8637.2,5220.7,5220.3,5221.0,7435.1,7434.8,7434.0,6120.8,6121.4,6122.1,1862.2,1860.7,1860.6,3683.6,3683.4,3684.2,2572.7,2572.0,2572.4,2901.7,2901.5,2901.6,27.459999,27.389999,going to home base
2024-04-13T00:36:29Z,2379.3,2378.7,2378.9,2629.4,2629.1,2629.8,5684.3,5684.0,5683.9,2341.5,2341.8,2342.8,3506.5,3506.0,3505.3,4420.0,4419.8,4419.4,6148.9,6148.6,6148.4,8636.5,8638.1,8637.6,5220.9,5219.3,5220.8,7434.4,7434.9,7435.0,6117.7,6119.9,6118.6,1861.5,1860.1,1859.9,3683.8,3684.1,3684.2,2572.4,2571.9,2571.7,2902.3,2901.7,2902.2,27.450001,27.379999,going to home base
2024-04-13T00:36:34Z,2379.4,2378.9,2379.0,2629.6,2629.4,2629.7,5684.3,5683.5,5683.6,2341.3,2341.5,2341.5,3505.7,3505.5,3505.5,4419.7,4419.7,4419.9,6150.7,6150.3,6148.8,8637.7,8638.1,8637.6,5220.2,5221.0,5221.0,7433.7,7432.3,7430.9,6116.9,6116.4,6116.7,1862.6,1861.3,1861.0,3683.4,3682.9,3684.0,2572.5,2571.4,2571.5,2900.8,2900.4,2900.1,27.450001,27.400000,going to home base
2024-04-13T00:36:39Z,2379.8,2379.1,2379.2,2629.9,2629.7,2630.1,5684.5,5684.1,5684.0,2341.5,2341.3,2341.2,3505.2,3505.3,3504.9,4420.0,4419.4,4419.8,6149.9,6149.7,6150.8,8636.2,8636.4,8634.3,5220.8,5221.0,5221.3,7434.4,7432.4,7433.5,6120.6,6119.9,6120.0,1862.3,1860.8,1860.7,3683.8,3683.1,3684.5,2572.5,2572.1,2571.6,2901.3,2900.1,2900.8,27.459999,27.400000,going to home base
2024-04-13T00:36:44Z,2379.1,2378.4,2378.7,2629.6,2629.3,2629.9,5684.9,5684.5,5684.6,2341.5,2341.4,2342.1,3504.8,3504.9,3505.8,4419.2,4419.2,4419.6,6152.0,6151.9,6151.4,8636.2,8635.5,8634.8,5220.2,5219.7,5221.1,7435.7,7435.8,7435.3,6119.8,6119.0,6120.0,1861.7,1860.8,1860.5,3683.5,3683.2,3684.0,2572.4,2570.9,2571.8,2901.1,2900.6,2901.2,27.459999,27.469999,going to home base
2024-04-13T00:36:49Z,2379.4,2378.9,2378.9,2629.0,2629.5,2629.3,5684.9,5684.8,5684.9,2341.6,2341.8,2342.2,3505.6,3505.4,3504.7,4419.2,4419.4,4419.3,6148.5,6149.0,6150.5,8635.5,8634.5,8632.9,5221.4,5220.3,5221.6,7434.4,7434.3,7432.2,6119.1,6119.5,6118.6,1862.2,1860.9,1860.9,3683.8,3683.9,3684.2,2571.6,2571.4,2571.8,2900.2,2900.2,2899.6,27.450001,27.469999,going to home base
2024-04-13T00:36:54Z,2379.6,2378.8,2379.3,2628.9,2628.8,2629.6,5684.3,5684.0,5684.3,2341.5,2341.0,2341.8,3505.3,3505.4,3505.7,4420.0,4419.6,4419.7,6149.4,6150.1,6151.2,8637.2,8635.5,8634.7,5221.9,5220.3,5220.8,7435.9,7435.5,7434.3,6121.0,6120.2,6120.6,1861.4,1860.2,1859.6,3684.0,3683.7,3684.5,2572.8,2572.1,2571.9,2900.0,2899.6,2899.6,27.450001,27.459999,going to home base
2024-04-13T00:36:59Z,2379.7,2379.0,2378.6,2629.5,2629.2,2628.8,5684.8,5683.7,5684.1,2341.1,2341.8,2342.2,3506.2,3505.7,3505.8,4419.5,4419.4,4419.6,6150.4,6149.7,6148.4,8636.2,8635.6,8635.8,5222.0,5221.4,5222.1,7435.7,7436.2,7436.4,6120.6,6119.3,6120.6,1861.8,1860.5,1860.3,3682.9,3683.4,3683.3,2572.6,2572.1,2572.0,2899.9,2898.3,2899.6,27.480000,27.360001,going to home base
2024-04-13T00:37:04Z,2379.4,2378.3,2378.6,2629.4,2629.1,2629.3,5684.8,5684.5,5684.5,2341.9,2342.0,2342.1,3505.8,3505.4,3504.8,4419.3,4419.2,4419.3,6150.6,6150.2,6151.6,8635.7,8635.9,8634.3,5219.5,5219.6,5220.6,7433.1,7432.9,7431.9,6121.6,6121.7,6120.6,1861.5,1859.9,1859.5,3682.7,3682.9,3683.8,2572.6,2572.0,2572.4,2900.1,2899.7,2901.0,27.459999,27.350000,going to home base
2024-04-13T00:37:09Z,2378.9,2378.1,2378.3,2629.4,2629.6,2629.6,5683.9,5683.8,5683.4,2340.6,2340.8,2341.1,3506.3,3506.0,3506.0,4419.7,4419.6,4419.2,6151.1,6149.5,6151.8,8632.8,8635.2,8634.1,5221.1,5220.9,5221.0,7434.3,7433.6,7432.5,6117.9,6118.3,6117.3,1861.0,1859.7,1860.1,3682.6,3682.5,3683.3,2572.1,2570.7,2571.5,2899.9,2899.0,2900.4,27.459999,27.330000,going to home base
2024-04-13T00:37:14Z,2379.1,2378.1,2378.4,2630.1,2629.6,2629.9,5683.6,5683.7,5683.4,2341.1,2341.2,2341.0,3504.6,3503.9,3504.5,4419.1,4419.0,4419.0,6151.4,6151.5,6150.7,8632.5,8633.9,8633.2,5219.7,5219.4,5219.5,7433.7,7431.7,7431.9,6119.4,6120.1,6120.7,1861.1,1859.8,1859.2,3682.4,3682.0,3682.9,2571.4,2571.2,2571.5,2901.2,2900.4,2901.2,27.440001,27.330000,going to home base
2024-04-13T00:37:19Z,2379.6,2378.5,2379.0,2628.3,2628.7,2628.7,5683.9,5683.2,5683.7,2341.7,2341.8,2342.2,3504.2,3503.8,3504.1,4419.0,4419.2,4418.8,6151.3,6150.7,6151.3,8635.7,8634.9,8634.9,5218.0,5217.7,5219.3,7432.7,7432.6,7432.3,6121.0,6119.9,6119.6,1861.3,1859.7,1859.4,3683.2,3683.3,3684.3,2571.3,2570.6,2570.6,2900.8,2899.6,2899.7,27.450001,27.370001,going to home base
2024-04-13T00:37:24Z,2379.7,2378.9,2378.9,2628.2,2628.5,2628.8,5683.0,5682.7,5682.8,2341.4,2342.2,2341.8,3505.4,3505.6,3505.2,4418.7,4418.9,4419.2,6151.2,6153.4,6152.1,8636.5,8636.7,8634.4,5218.9,5218.4,5220.2,7432.0,7431.1,7433.0,6116.0,6115.6,6114.7,1861.3,1859.8,1859.9,3683.5,3683.5,3684.3,2571.2,2570.4,2571.1,2900.3,2899.9,2900.5,27.450001,27.430000,going to home base
2024-04-13T00:37:29Z,2379.4,2379.1,2379.0,2629.0,2629.2,2629.1,5683.3,5683.4,5683.3,2341.9,2342.0,2342.0,3505.0,3504.4,3504.7,4418.9,4418.5,4419.2,6151.7,6150.7,6152.1,8633.4,8632.8,8632.9,5218.6,5218.2,5218.6,7432.5,7433.0,7431.4,6117.8,6118.1,6118.6,1861.6,1859.7,1859.6,3682.7,3683.0,3684.2,2572.5,2571.2,2571.9,2899.7,2899.0,2899.5,27.450001,27.400000,going to home base
2024-04-13T00:37:34Z,2379.6,2378.7,2378.7,2629.0,2629.0,2629.1,5684.3,5683.2,5683.5,2341.4,2340.6,2341.8,3505.8,3505.9,3505.6,4419.2,4418.9,4418.8,6151.0,6150.4,6150.6,8634.5,8635.0,8635.8,5219.1,5218.5,5219.4,7433.1,7432.0,7431.0,6116.7,6116.6,6117.5,1861.1,1860.1,1860.0,3683.0,3683.0,3684.6,2571.7,2571.5,2570.6,2899.3,2899.5,2899.9,27.459999,27.370001,going to home base
2024-04-13T00:37:39Z,2378.9,2378.8,2378.8,2628.7,2628.0,2628.9,5684.0,5683.1,5683.5,2342.2,2341.9,2342.5,3506.4,3506.0,3505.6,4419.0,4418.6,4418.9,6149.7,6150.0,6149.2,8633.7,8634.4,8634.4,5220.0,5219.8,5219.7,7431.9,7431.6,7431.0,6114.6,6112.1,6115.5,1860.8,1859.3,1859.8,3683.8,3684.0,3684.5,2570.3,2569.7,2570.0,2899.7,2899.2,2899.1,27.450001,27.430000,going to home base
2024-04-13T00:37:44Z,2378.7,2378.0,2378.1,2628.6,2628.5,2628.6,5683.3,5682.7,5682.3,2342.2,2342.0,2342.3,3505.3,3505.2,3504.9,4419.0,4419.1,4419.3,6149.4,6151.2,6151.6,8632.2,8631.6,8633.1,5218.6,5217.2,5218.9,7434.2,7433.6,7432.8,6116.6,6114.7,6116.1,1861.0,1860.0,1859.7,3682.3,3682.2,3682.7,2571.4,2570.5,2570.5,2899.9,2900.6,2900.2,27.480000,27.420000,going to home base
2024-04-13T00:37:49Z,2378.8,2378.1,2378.2,2628.5,2628.5,2629.0,5682.7,5682.3,5682.0,2341.6,2341.7,2341.6,3505.4,3504.8,3505.6,4418.5,4418.4,4418.3,6150.4,6150.8,6151.5,8632.4,8631.9,8632.3,5219.7,5219.0,5219.4,7436.8,7433.2,7435.4,6117.4,6116.5,6117.3,1861.2,1860.1,1859.6,3682.9,3682.5,3683.7,2572.1,2571.2,2570.9,2899.4,2898.3,2898.2,27.480000,27.459999,going to home base
2024-04-13T00:37:54Z,2379.0,2378.2,2378.8,2627.8,2628.3,2629.2,5683.1,5682.6,5683.3,2342.0,2342.1,2342.6,3505.9,3505.8,3505.8,4419.0,4419.1,4418.3,6151.3,6152.5,6152.8,8631.1,8631.6,8630.3,5218.9,5219.7,5220.2,7434.1,7433.4,7433.7,6116.5,6115.7,6115.8,1861.1,1859.4,1859.3,3682.7,3682.6,3683.1,2571.4,2570.7,2570.2,2900.5,2899.9,2901.1,27.459999,27.389999,going to home base
2024-04-13T00:37:59Z,2378.8,2378.2,2378.5,2627.6,2627.8,2627.9,5683.2,5682.5,5683.0,2341.4,2341.5,2341.3,3504.6,3504.0,3503.9,4418.2,4418.4,4418.5,6150.8,6150.3,6152.7,8631.8,8632.7,8631.8,5218.2,5218.0,5218.7,7432.3,7431.8,7431.8,6117.7,6118.3,6117.2,1860.3,1859.2,1859.2,3682.8,3682.8,3683.7,2571.9,2570.1,2570.4,2899.0,2899.2,2899.0,27.480000,27.330000,going to home base
2024-04-13T00:38:04Z,2378.5,2377.7,2378.3,2628.0,2627.6,2628.4,5683.2,5682.8,5682.6,2342.1,2342.0,2342.5,3505.4,3505.4,3505.2,4418.6,4418.3,4418.4,6150.0,6150.3,6152.0,8632.5,8631.6,8632.5,5221.0,5220.4,5220.0,7433.1,7432.5,7433.3,6117.0,6116.8,6116.8,1860.3,1858.9,1858.7,3681.7,3681.7,3682.5,2571.1,2570.3,2570.6,2900.6,2900.0,2899.3,27.490000,27.389999,going to home base
2024-04-13T00:38:09Z,2379.0,2378.4,2378.5,2627.9,2628.4,2628.4,5683.8,5683.5,5683.1,2341.3,2341.6,2341.8,3506.2,3505.8,3505.5,4418.3,4418.3,4418.3,6151.3,6151.0,6152.1,8628.0,8630.0,8630.8,5218.7,5219.8,5220.3,7432.3,7431.0,7432.5,6117.3,6115.0,6114.5,1860.4,1859.1,1859.1,3682.2,3681.8,3683.0,2570.7,2569.4,2570.1,2899.7,2899.1,2898.8,27.459999,27.430000,going to home base
2024-04-13T00:38:14Z,2378.6,2378.4,2378.5,2628.2,2627.7,2628.3,5683.8,5683.2,5683.4,2341.6,2341.2,2341.6,3506.4,3505.9,3506.2,4417.8,4418.1,4418.2,6150.3,6150.3,6151.2,8631.8,8630.0,8629.4,5219.2,5218.8,5219.3,7433.9,7433.4,7434.0,6115.5,6116.4,6119.0,1861.2,1859.7,1859.6,3681.6,3681.8,3682.9,2570.4,2569.6,2569.4,2900.1,2899.4,2900.7,27.450001,27.459999,going to home base
2024-04-13T00:38:19Z,2378.4,2377.8,2377.9,2628.3,2628.1,2628.3,5683.2,5683.2,5682.7,2341.2,2341.5,2342.0,3506.3,3505.8,3505.7,4417.6,4417.8,4417.6,6149.9,6149.7,6150.7,8631.5,8631.2,8631.0,5219.1,5218.7,5219.9,7433.3,7433.3,7432.8,6116.6,6114.9,6115.2,1861.3,1859.6,1859.6,3681.8,3681.8,3682.7,2570.1,2569.4,2569.7,2900.5,2900.1,2900.6,27.450001,27.420000,going to home base
2024-04-13T00:38:24Z,2379.5,2378.9,2378.9,2628.8,2628.7,2628.8,5683.3,5683.1,5683.3,2341.7,2341.8,2342.2,3506.3,3505.6,3505.8,4418.3,4418.0,4418.0,6149.0,6148.9,6149.2,8631.7,8630.8,8630.8,5219.9,5219.6,5220.3,7433.3,7433.1,7433.6,6117.0,6115.9,6118.3,1860.3,1858.8,1859.1,3682.5,3682.1,3682.8,2570.5,2569.7,2569.9,2900.9,2900.9,2901.3,27.450001,27.459999,going to home base
2024-04-13T00:38:29Z,2379.2,2378.1,2378.6,2628.8,2628.5,2628.7,5684.2,5683.2,5683.2,2341.8,2341.7,2342.4,3505.8,3505.7,3505.9,4418.9,4418.6,4418.5,6148.1,6148.3,6148.1,8630.0,8630.5,8629.9,5219.2,5219.0,5219.4,7433.7,7430.8,7433.9,6119.0,6118.0,6117.4,1860.9,1859.4,1859.0,3681.5,3681.8,3682.2,2570.9,2570.1,2570.4,2901.0,2900.0,2900.8,27.459999,27.459999,going to home base
2024-04-13T00:38:34Z,2379.1,2378.1,2378.8,2627.7,2627.7,2627.8,5683.3,5683.0,5682.7,2341.2,2341.3,2342.3,3505.8,3506.0,3505.5,4418.6,4418.5,4418.9,6147.7,6147.5,6146.5,8631.3,8630.3,8630.8,5219.2,5218.7,5219.8,7434.1,7432.2,7432.7,6120.8,6120.0,6120.7,1860.9,1859.7,1859.8,3682.0,3682.1,3682.8,2570.9,2570.1,2569.5,2900.4,2899.8,2900.1,27.459999,27.440001,going to home base
2024-04-13T00:38:39Z,2379.5,2378.6,2379.0,2627.9,2627.7,2627.8,5683.8,5683.6,5683.7,2341.4,2340.3,2342.1,3505.4,3504.7,3504.5,4419.3,4419.1,4418.8,6146.6,6146.9,6148.8,8632.7,8632.2,8632.0,5218.7,5217.8,5219.6,7432.2,7433.1,7430.5,6120.5,6119.2,6119.0,1861.2,1859.6,1859.5,3682.2,3681.9,3683.0,2571.5,2571.2,2571.1,2898.7,2899.4,2899.1,27.450001,27.500000,going to home base
2024-04-13T00:38:44Z,2379.2,2378.4,2378.8,2628.2,2628.1,2628.3,5683.7,5683.4,5683.3,2341.2,2341.4,2341.6,3505.5,3505.3,3505.6,4418.7,4418.6,4419.1,6149.6,6150.7,6151.5,8631.5,8632.7,8633.0,5217.9,5217.4,5217.7,7431.6,7432.5,7432.2,6116.6,6117.6,6117.3,1860.7,1859.3,1859.1,3682.0,3681.8,3682.9,2570.7,2570.5,2570.1,2899.6,2899.0,2899.8,27.450001,27.389999,going to home base
2024-04-13T00:38:49Z,2379.0,2378.2,2378.4,2627.9,2627.4,2628.4,5683.5,5682.8,5682.8,2341.5,2341.5,2341.8,3505.7,3504.9,3504.9,4418.0,4417.9,4418.3,6148.6,6148.3,6148.9,8631.7,8632.3,8633.8,5218.7,5219.4,5219.9,7434.6,7432.1,7434.2,6119.0,6119.3,6117.8,1861.0,1859.5,1859.5,3682.5,3682.1,3683.1,2570.6,2569.5,2569.5,2899.7,2898.4,2900.3,27.480000,27.350000,going to home base
2024-04-13T00:38:54Z,2378.8,2378.2,2378.4,2627.6,2627.6,2627.9,5682.8,5682.0,5682.2,2341.6,2341.6,2341.8,3505.6,3505.4,3505.1,4418.4,4418.5,4417.9,6151.2,6149.0,6149.8,8633.5,8631.6,8630.1,5219.0,5218.8,5219.5,7432.2,7432.3,7432.8,6116.1,6116.0,6116.5,1860.7,1858.9,1858.8,3681.2,3682.0,3682.8,2570.7,2569.7,2569.8,2900.1,2899.9,2900.4,27.480000,27.320000,going to home base
2024-04-13T00:38:59Z,2378.9,2378.0,2378.3,2628.1,2627.8,2628.0,5682.4,5682.1,5681.9,2341.2,2341.6,2341.7,3506.0,3505.8,3505.7,4418.9,4418.5,4418.2,6151.2,6151.4,6152.1,8631.9,8632.6,8633.8,5219.4,5219.1,5219.8,7432.8,7432.5,7432.6,6116.6,6116.8,6118.6,1860.5,1859.0,1858.7,3681.4,3681.3,3682.2,2571.3,2570.3,2570.5,2899.5,2899.8,2900.8,27.459999,27.350000,going to home base
2024-04-13T00:39:04Z,2378.5,2377.7,2377.8,2627.9,2627.3,2627.5,5682.9,5682.6,5682.0,2341.9,2341.9,2341.7,3505.9,3506.1,3505.5,4418.6,4418.3,4418.4,6148.1,6149.9,6151.6,8631.7,8630.7,8634.9,5216.9,5217.2,5217.7,7434.5,7433.1,7432.5,6116.3,6115.9,6115.2,1860.4,1859.1,1858.9,3681.8,3681.6,3682.5,2570.7,2570.3,2570.9,2900.1,2900.3,2899.2,27.459999,27.379999,going to home base
2024-04-13T00:39:09Z,2379.5,2378.7,2379.0,2626.9,2626.9,2627.5,5682.9,5682.2,5682.4,2341.3,2341.5,2341.5,3506.3,3505.0,3505.4,4418.8,4418.5,4418.7,6150.0,6148.6,6150.0,8631.9,8631.5,8631.4,5216.8,5216.6,5218.6,7432.3,7431.8,7431.1,6117.3,6116.4,6115.3,1861.0,1859.3,1858.9,3681.4,3681.9,3682.1,2571.2,2570.5,2571.2,2900.1,2898.3,2899.6,27.459999,27.360001,going to home base
2024-04-13T00:39:14Z,2378.7,2378.2,2378.5,2627.6,2626.9,2627.6,5682.5,5681.9,5682.1,2341.6,2341.3,2341.3,3504.7,3504.7,3504.9,4418.5,4418.3,4418.3,6149.2,6151.0,6148.9,8630.5,8631.3,8629.8,5219.2,5218.0,5219.6,7430.5,7432.0,7430.2,6114.9,6116.2,6119.0,1860.5,1859.0,1859.2,3682.1,3682.0,3683.8,2571.6,2570.7,2570.6,2900.7,2900.4,2899.2,27.480000,27.420000,going to home base
2024-04-13T00:39:19Z,2378.7,2378.0,2378.0,2627.7,2627.7,2628.3,5682.6,5682.0,5682.3,2341.3,2341.5,2341.6,3505.4,3505.1,3504.8,4417.9,4417.4,4417.6,6149.0,6148.6,6148.7,8633.5,8631.8,8631.8,5217.7,5217.6,5216.7,7432.5,7431.2,7431.3,6118.2,6116.9,6117.4,1860.2,1859.1,1859.1,3681.0,3681.3,3682.8,2572.1,2570.9,2571.2,2898.8,2897.7,2898.0,27.480000,27.420000,going to home base
2024-04-13T00:39:24Z,2378.9,2378.5,2378.6,2627.5,2627.8,2627.9,5682.3,5682.0,5681.8,2340.5,2341.2,2341.4,3506.1,3505.6,3505.8,4417.2,4417.3,4417.2,6147.2,6148.0,6149.7,8633.0,8633.2,8633.8,5216.9,5216.9,5218.1,7432.7,7430.5,7430.8,6114.0,6114.4,6115.9,1860.2,1858.8,1858.7,3681.2,3681.3,3682.1,2571.1,2569.9,2570.3,2900.7,2899.9,2899.8,27.459999,27.330000,going to home base
2024-04-13T00:39:29Z,2378.7,2378.2,2378.8,2627.2,2627.1,2627.5,5682.3,5682.2,5682.0,2341.2,2340.9,2341.5,3505.5,3505.6,3504.4,4417.5,4417.4,4417.4,6148.8,6148.8,6148.6,8631.1,8632.2,8632.0,5217.6,5216.2,5217.2,7430.8,7430.0,7431.3,6117.5,6116.1,6115.1,1860.5,1859.1,1859.1,3680.9,3682.2,3682.5,2570.8,2570.6,2570.4,2900.1,2899.5,2900.4,27.450001,27.370001,going to home base
2024-04-13T00:39:39Z,2379.0,2378.3,2378.4,2627.3,2627.2,2627.6,start,26867.2,26871.0,2378.2,2377.7,2377.9,2341.1,2341.3,3755.4,3755.5,88319.6,88334.2,14240.3,14225.6,14232.1,4417.8,4417.5,6150.5,6149.0,6149.0,16598.4,16595.3,34088.3,34095.9,8630.5,8631.0,8630.9,7429.0,7429.5,6115.8,6115.6,6116.0,44113.2,44109.3,3716.9,3717.9,1860.8,1859.5,1859.6,3681.9,2571.7,going to home base
2024-04-13T00:39:49Z,2378.7,2377.9,2378.2,2627.4,2627.6,2628.2,5681.8,5681.6,5681.6,2341.0,2340.6,2340.9,3505.5,3505.3,3504.8,4417.5,4416.9,4417.1,6152.3,6151.7,6152.0,8630.7,8630.2,8630.6,5218.0,5216.9,5217.9,7429.8,7429.4,7430.1,6116.4,6115.0,6116.5,1861.3,1860.0,1859.6,3681.2,3681.1,3682.2,2570.3,2569.9,2569.8,2898.9,2899.2,2898.8,27.480000,27.330000,going to home base
2024-04-13T00:39:54Z,2379.3,2378.4,2378.5,2627.5,2627.7,2628.0,5682.0,5681.9,5681.8,2340.7,2340.7,2340.9,3504.5,3503.8,3504.1,4416.6,4416.7,4416.5,6149.0,6148.9,6149.4,8631.0,8630.4,8631.2,5215.1,5216.0,5216.3,7431.5,7428.7,7431.3,6115.6,6113.3,6117.9,1860.5,1859.2,1859.1,3680.6,3680.6,3681.8,2570.2,2570.3,2570.3,2899.6,2897.9,2899.1,27.459999,27.320000,going to home base
2024-04-13T00:39:59Z,2378.8,2378.3,2377.9,2627.8,2627.7,2628.0,5681.9,5681.9,5681.2,2340.4,2340.8,2341.6,3504.9,3504.9,3504.1,4417.0,4417.2,4417.2,6149.3,6148.8,6148.0,8630.5,8630.5,8628.8,5216.1,5215.7,5217.1,7430.8,7430.8,7430.6,6119.9,6119.7,6118.9,1860.9,1859.6,1859.1,3680.6,3680.5,3681.4,2570.8,2569.9,2570.0,2898.9,2898.2,2898.4,27.459999,27.400000,going to home base
2024-04-13T00:40:04Z,2378.8,2377.9,2378.3,2627.7,2627.7,2627.9,5682.4,5682.0,5682.0,2340.7,2341.1,2341.0,3504.6,3504.4,3504.6,4416.7,4416.7,4417.1,6149.2,6148.8,6148.7,8630.0,8629.7,8630.5,5217.7,5217.1,5217.8,7430.2,7428.9,7428.1,6114.7,6114.4,6115.3,1860.9,1859.4,1859.2,3680.8,3680.9,3681.8,2570.9,2570.0,2570.2,2898.8,2898.5,2899.0,27.459999,27.459999,going to home base
2024-04-13T00:40:09Z,2379.5,2379.7,2379.0,2627.3,2627.3,2627.9,5682.5,5681.8,5681.8,2340.2,2341.0,2341.3,3504.8,3504.9,3505.2,4417.4,4416.8,4416.8,6150.3,6148.0,6149.0,8629.7,8629.9,8630.6,5215.6,5215.3,5215.8,7431.1,7430.4,7429.9,6114.8,6116.0,6115.5,1860.5,1858.8,1859.5,3680.0,3680.3,3681.4,2569.9,2569.9,2569.6,2898.4,2898.1,2898.1,27.459999,27.440001,going to home base
2024-04-13T00:40:14Z,2379.1,2378.2,2378.8,2627.6,2627.4,2627.9,5682.8,5682.2,5682.2,2340.7,2340.5,2341.1,3505.3,3504.7,3505.0,4417.6,4417.5,4417.5,6147.1,6147.0,6149.1,8632.4,8630.9,8630.6,5216.1,5216.6,5216.0,7430.0,7429.6,7429.9,6116.2,6113.8,6116.3,1859.8,1858.7,1858.4,3681.1,3681.3,3681.9,2570.2,2569.0,2569.2,2899.3,2899.3,2899.0,27.450001,27.430000,going to home base
2024-04-13T00:40:19Z,2379.3,2378.7,2379.2,2627.4,2627.9,2628.0,5682.3,5681.7,5682.0,2341.1,2340.6,2340.7,3505.7,3504.8,3504.6,4417.9,4417.8,4417.6,6146.0,6146.6,6148.2,8630.8,8630.5,8631.1,5216.9,5217.0,5217.6,7430.4,7428.8,7429.8,6116.3,6115.7,6116.1,1860.9,1859.1,1859.6,3680.9,3681.3,3681.9,2570.1,2569.7,2569.7,2899.0,2898.2,2899.2,27.459999,27.480000,going to home base
2024-04-13T00:40:24Z,2378.7,2377.8,2377.8,2627.6,2627.7,2627.7,5681.8,5681.5,5681.3,2340.9,2341.3,2341.3,3505.5,3505.0,3504.5,4416.6,4416.7,4416.8,6150.2,6149.7,6150.1,8630.1,8630.9,8630.2,5216.9,5216.9,5217.4,7432.1,7430.8,7430.9,6118.0,6116.9,6116.7,1859.9,1858.7,1858.7,3680.8,3681.1,3682.0,2570.6,2569.9,2570.3,2898.6,2898.4,2898.2,27.459999,27.500000,going to home base
2024-04-13T00:40:29Z,2378.5,2377.7,2378.1,2627.8,2627.6,2628.1,5682.8,5681.7,5682.3,2342.2,2342.2,2342.2,3505.0,3505.0,3505.2,4417.0,4416.8,4416.7,6147.0,6146.0,6144.0,8630.5,8631.5,8630.1,5216.3,5215.7,5216.6,7433.2,7431.0,7430.6,6118.4,6117.3,6118.7,1860.8,1859.2,1859.3,3680.8,3681.1,3681.7,2570.8,2569.9,2569.9,2899.2,2897.3,2898.5,27.450001,27.469999,going to home base
2024-04-13T00:40:34Z,2379.7,2379.0,2379.1,2627.0,2627.5,2627.6,5682.7,5682.3,5682.6,2341.4,2341.1,2341.6,3504.3,3504.0,3504.4,4417.0,4417.0,4417.2,6146.5,6147.7,6147.2,8630.0,8629.7,8630.7,5217.2,5217.7,5218.7,7432.2,7430.5,7430.4,6118.2,6117.9,6118.0,1860.8,1858.8,1859.1,3680.4,3680.4,3681.5,2570.4,2569.3,2569.5,2899.8,2898.6,2899.9,27.440001,27.469999,going to home base
2024-04-13T00:40:39Z,2378.5,2377.8,2378.0,2627.6,2626.9,2627.6,5681.4,5681.3,5681.7,2341.5,2341.4,2341.7,3504.9,3503.6,3503.8,4417.1,4416.5,4416.6,6146.5,6145.7,6146.0,8633.5,8633.4,8632.7,5217.6,5216.8,5218.1,7433.1,7432.3,7431.4,6116.9,6115.6,6116.9,1860.2,1858.7,1858.8,3680.4,3680.4,3680.7,2570.4,2570.0,2569.5,2898.2,2898.2,2898.3,27.459999,27.459999,going to home base
2024-04-13T00:40:44Z,2378.1,2377.1,2377.6,2628.0,2627.4,2627.7,5682.3,5681.9,5681.5,2341.5,2341.2,2341.5,3504.8,3504.0,3504.5,4416.9,4417.1,4417.2,6146.9,6147.8,6148.5,8633.5,8633.5,8632.7,5218.3,5218.1,5218.1,7429.3,7429.9,7431.1,6116.4,6117.1,6116.6,1860.8,1859.2,1859.3,3681.0,3681.1,3682.0,2570.4,2569.0,2569.0,2899.7,2899.9,2899.6,27.459999,27.480000,going to home base
2024-04-13T00:40:49Z,2379.0,2377.7,2378.2,2627.2,2627.3,2627.1,5682.3,5681.5,5681.3,2341.6,2341.5,2342.0,3504.6,3505.2,3504.4,4416.7,4416.4,4416.3,6146.0,6144.9,6146.7,8631.8,8631.8,8631.1,5219.6,5218.5,5219.6,7430.6,7430.8,7431.0,6117.5,6115.7,6116.0,1861.0,1859.5,1859.2,3681.2,3680.7,3681.4,2571.1,2570.1,2570.3,2898.7,2898.0,2898.8,27.459999,27.440001,going to home base
2024-04-13T00:40:54Z,2378.9,2378.4,2378.5,2627.4,2627.2,2627.4,5682.5,5681.8,5682.7,2341.8,2341.6,2341.7,3505.0,3504.6,3504.5,4416.5,4416.5,4416.0,6147.7,6148.3,6146.9,8633.2,8633.7,8632.4,5218.9,5219.4,5220.0,7431.8,7430.1,7430.3,6116.9,6115.2,6116.1,1861.3,1859.4,1859.6,3680.6,3681.0,3682.5,2570.9,2570.4,2570.2,2899.2,2899.0,2899.8,27.450001,27.400000,going to home base
2024-04-13T00:40:59Z,2378.3,2378.1,2378.2,2627.5,2627.4,2627.4,5681.7,5682.1,5682.6,2341.9,2341.4,2341.5,3504.3,3504.5,3504.2,4417.0,4416.8,4416.5,6144.9,6143.8,6145.0,8634.1,8633.4,8636.2,5218.6,5218.1,5220.0,7431.4,7431.9,7430.8,6113.3,6115.0,6114.5,1860.8,1859.7,1859.7,3680.7,3681.5,3682.3,2570.9,2570.4,2570.0,2898.4,2898.4,2898.5,27.450001,27.480000,going to home base
2024-04-13T00:41:04Z,2378.8,2378.3,2378.5,2627.7,2627.3,2627.7,5683.1,5682.0,5682.1,2341.1,2340.9,2342.2,3504.2,3503.9,3503.4,4416.9,4416.8,4416.6,6145.1,6144.0,6145.0,8632.7,8632.5,8631.8,5219.9,5219.7,5220.3,7432.5,7430.9,7431.0,6117.6,6117.7,6118.1,1860.9,1860.1,1859.6,3680.8,3680.5,3682.0,2569.6,2568.5,2568.5,2898.4,2898.5,2899.1,27.459999,27.469999,going to home base
2024-04-13T00:41:09Z,2379.0,2378.4,2378.6,2627.7,2627.3,2627.5,5682.9,5682.7,5682.3,2341.3,2341.3,2341.0,3504.5,3504.2,3503.2,4417.0,4416.8,4416.9,6146.9,6146.7,6145.7,8632.1,8632.9,8634.0,5218.7,5218.0,5218.5,7432.1,7431.5,7431.0,6117.8,6117.1,6118.6,1861.5,1860.0,1859.9,3681.1,3681.3,3681.5,2569.1,2569.7,2569.6,2898.7,2898.1,2898.3,27.459999,27.430000,going to home base
2024-04-13T00:41:14Z,2378.2,2377.7,2377.7,2628.0,2626.9,2627.9,5682.6,5681.9,5682.1,2342.1,2342.2,2342.2,3504.2,3503.9,3503.8,4417.3,4417.4,4417.0,6148.4,6148.0,6147.8,8631.7,8630.7,8631.0,5219.0,5218.2,5220.3,7433.0,7431.8,7432.7,6115.8,6115.1,6114.8,1861.4,1859.7,1859.6,3680.9,3681.8,3681.9,2569.6,2568.5,2568.8,2899.1,2898.5,2898.8,27.450001,27.430000,going to home base
2024-04-13T00:41:19Z,2378.9,2378.3,2378.5,2627.8,2627.3,2627.6,5681.9,5681.8,5681.5,2341.9,2341.5,2342.3,3504.4,3504.4,3504.6,4416.8,4417.2,4417.2,6148.2,6147.0,6146.8,8630.6,8631.2,8633.2,5218.6,5217.9,5218.5,7433.3,7433.3,7433.3,6119.0,6119.4,6119.1,1861.5,1860.2,1860.2,3681.0,3680.5,3681.0,2569.5,2569.3,2569.5,2898.7,2898.7,2898.2,27.459999,27.350000,going to home base
2024-04-13T00:41:24Z,2378.8,2378.2,2378.2,2627.6,2627.7,2628.3,5682.6,5681.8,5682.3,2340.9,2340.8,2340.8,3504.5,3503.8,3504.1,4416.7,4416.4,4416.6,6146.8,6146.4,6146.4,8630.2,8631.2,8630.6,5218.7,5219.6,5219.6,7430.1,7430.3,7430.0,6117.9,6117.7,6118.8,1860.7,1859.1,1859.4,3681.5,3681.3,3682.1,2569.8,2569.3,2569.4,2898.2,2897.9,2898.4,27.459999,27.440001,going to home base
2024-04-13T00:41:29Z,2378.9,2378.3,2378.2,2627.5,2627.5,2627.6,5682.9,5682.3,5682.2,2341.0,2341.4,2341.8,3503.8,3503.2,3502.7,4416.8,4416.9,4416.5,6144.3,6143.9,6145.8,8632.7,8632.4,8633.0,5219.1,5218.4,5220.2,7429.8,7430.0,7429.9,6115.9,6117.0,6117.1,1861.8,1860.0,1859.8,3681.8,3681.6,3683.2,2569.3,2569.3,2568.6,2898.0,2897.4,2897.9,27.459999,27.430000,going to home base
2024-04-13T00:41:34Z,2378.8,2377.9,2377.8,2627.8,2627.8,2627.9,5681.6,5681.3,5681.9,2340.7,2340.8,2341.2,3504.3,3504.6,3504.0,4416.6,4416.6,4416.5,6146.8,6146.1,6147.6,8631.7,8630.7,8630.9,5218.4,5218.6,5218.9,7430.3,7428.8,7429.1,6118.9,6119.0,6119.5,1861.4,1859.7,1859.6,3681.5,3681.2,3682.3,2570.7,2569.7,2569.9,2899.2,2898.6,2898.4,27.459999,27.459999,going to home base
2024-04-13T00:41:39Z,2379.2,2378.7,2378.8,2627.1,2627.3,2627.1,5681.5,5681.3,5681.4,2340.7,2340.6,2341.4,3503.2,3502.6,3502.5,4417.0,4416.5,4416.5,6145.0,6146.0,6144.7,8632.8,8631.9,8634.2,5218.7,5218.3,5219.7,7431.6,7429.6,7430.0,6117.4,6118.4,6118.1,1861.0,1859.5,1859.3,3680.6,3681.0,3682.0,2569.8,2569.0,2568.7,2898.6,2898.5,2899.5,27.459999,27.389999,going to home base
2024-04-13T00:41:44Z,2378.9,2378.3,2378.5,2626.4,2626.8,2627.4,5681.5,5680.7,5680.8,2341.3,2341.3,2341.6,3502.1,3502.2,3503.6,4416.6,4416.5,4416.0,6145.1,6144.8,6145.0,8630.8,8630.5,8631.9,5216.3,5216.4,5216.2,7431.3,7431.0,7428.9,6115.0,6113.9,6116.4,1861.3,1859.6,1859.6,3681.2,3681.4,3681.7,2569.6,2568.5,2569.0,2897.4,2898.1,2897.8,27.440001,27.320000,going to home base
2024-04-13T00:41:49Z,2379.0,2377.8,2378.4,2626.7,2626.6,2626.8,5681.8,5681.1,5681.2,2340.3,2340.2,2340.5,3503.4,3502.7,3502.3,4416.5,4415.9,4416.0,6146.7,6148.7,6148.4,8631.0,8630.9,8631.8,5216.7,5216.3,5217.2,7431.4,7429.5,7429.0,6117.2,6117.9,6117.7,1861.3,1859.9,1859.9,3681.2,3681.1,3681.6,2569.1,2568.7,2568.6,2897.3,2897.0,2897.2,27.480000,27.360001,going to home base
2024-04-13T00:41:54Z,2379.0,2378.2,2378.2,2626.9,2627.1,2627.2,5681.3,5680.8,5680.8,2340.4,2340.5,2341.1,3503.0,3502.1,3501.9,4416.8,4416.4,4416.8,6148.1,6147.6,6147.9,8631.8,8631.4,8629.8,5216.1,5216.4,5218.0,7428.0,7428.4,7429.2,6117.5,6117.8,6117.9,1861.4,1860.1,1860.1,3681.3,3681.3,3681.8,2570.1,2569.0,2569.1,2897.6,2896.8,2898.0,27.459999,27.389999,going to home base
2024-04-13T00:41:59Z,2378.9,2378.0,2378.3,2627.1,2627.2,2627.4,5681.9,5681.2,5680.7,2340.4,2340.8,2341.1,3503.3,3502.8,3502.4,4416.8,4416.6,4417.1,6150.8,6151.1,6151.4,8632.0,8630.7,8631.9,5216.6,5216.6,5217.4,7429.4,7427.4,7427.0,6118.6,6117.6,6120.2,1861.9,1859.9,1859.9,3680.4,3680.6,3681.2,2569.6,2569.4,2569.4,2896.6,2896.3,2896.7,27.480000,27.370001,going to home base
2024-04-13T00:42:04Z,2379.4,2378.4,2379.0,2627.6,2627.1,2627.6,5681.0,5680.7,5681.1,2340.6,2340.2,2340.7,3503.0,3502.9,3503.2,4417.7,4416.5,4416.5,6149.7,6147.9,6148.4,8632.0,8632.5,8632.5,5216.6,5215.7,5216.9,7429.8,7428.7,7429.0,6116.7,6117.4,6117.6,1860.8,1859.6,1859.3,3681.1,3681.2,3681.4,2570.1,2568.9,2569.4,2898.6,2897.8,2898.7,27.450001,27.420000,going to home base
2024-04-13T00:42:09Z,2378.7,2378.0,2378.4,2627.0,2626.8,2626.6,5681.0,5680.9,5680.5,2341.0,2340.4,2341.3,3503.4,3503.4,3503.5,4416.5,4416.2,4416.0,6150.7,6149.8,6150.1,8633.4,8633.4,8632.7,5216.7,5215.9,5216.9,7429.1,7428.8,7429.3,6114.7,6115.7,6115.1,1861.1,1860.0,1859.9,3680.4,3680.3,3681.4,2569.1,2568.5,2568.5,2897.7,2897.5,2897.5,27.450001,27.360001,going to home base
2024-04-13T00:42:14Z,2379.0,2378.5,2378.6,2627.0,2627.2,2627.4,5681.2,5681.1,5681.1,2340.0,2340.2,2340.7,3503.4,3502.6,3502.6,4415.3,4415.7,4415.4,6146.2,6148.5,6148.4,8632.7,8632.0,8632.5,5218.1,5217.7,5217.4,7428.5,7428.5,7427.6,6117.3,6118.2,6118.4,1861.2,1859.9,1860.0,3681.2,3681.2,3682.0,2570.1,2569.1,2569.3,2898.4,2897.9,2899.3,27.450001,27.370001,going to home base
2024-04-13T00:42:19Z,2379.2,2378.6,2378.8,2627.8,2627.6,2627.7,5681.3,5680.0,5680.4,2340.3,2340.5,2340.9,3503.5,3502.5,3503.1,4416.2,4416.3,4416.3,6148.6,6147.8,6150.0,8631.4,8630.6,8631.5,5216.5,5215.8,5217.4,7430.7,7429.9,7430.8,6114.5,6116.6,6117.9,1861.0,1859.5,1859.2,3681.1,3680.9,3681.5,2569.3,2569.1,2569.1,2900.2,2899.4,2898.1,27.459999,27.370001,going to home base
2024-04-13T00:42:24Z,2378.5,2378.0,2378.4,2627.4,2627.7,2627.8,5680.1,5680.0,5679.8,2339.7,2340.0,2340.5,3503.8,3503.0,3502.7,4415.6,4415.4,4415.5,6146.5,6146.7,6147.8,8629.4,8629.6,8629.9,5216.1,5216.1,5217.5,7431.0,7430.9,7429.3,6116.5,6117.3,6119.2,1860.7,1859.5,1859.3,3679.8,3679.7,3680.4,2569.3,2568.9,2569.0,2897.4,2896.7,2896.8,27.459999,27.379999,going to home base
2024-04-13T00:42:29Z,2378.5,2377.6,2377.6,2627.3,2627.6,2627.9,5681.5,5680.4,5680.7,2340.5,2340.3,2340.6,3503.1,3502.9,3502.9,4415.7,4415.9,4415.4,6146.3,6146.6,6147.2,8628.8,8629.6,8629.3,5216.7,5216.4,5216.7,7431.1,7429.5,7429.5,6118.1,6121.2,6120.2,1860.8,1859.1,1859.3,3680.4,3680.6,3681.5,2569.5,2568.5,2569.2,2898.8,2899.2,2898.9,27.459999,27.389999,going to home base
2024-04-13T00:42:34Z,2378.2,2377.4,2377.6,2627.3,2627.4,2627.3,5681.0,5680.8,5680.7,2340.5,2340.5,2340.5,3503.4,3502.8,3502.5,4416.2,4416.2,4416.1,6146.7,6146.8,6147.1,8629.4,8628.7,8627.6,5216.2,5215.3,5217.5,7431.2,7429.4,7430.3,6116.8,6117.5,6116.9,1860.4,1859.2,1859.1,3681.3,3681.3,3682.4,2570.3,2569.7,2569.3,2898.6,2898.7,2898.4,27.459999,27.420000,going to home base
2024-04-13T00:42:39Z,2378.5,2377.8,2378.1,2627.1,2627.2,2628.4,5681.1,5680.3,5680.6,2340.0,2339.8,2340.4,3503.5,3503.7,3503.4,4415.8,4415.7,4415.2,6146.1,6146.5,6146.2,8629.2,8630.9,8630.0,5215.9,5215.8,5216.9,7430.6,7432.1,7430.6,6120.0,6119.8,6120.3,1861.3,1859.5,1859.7,3680.6,3680.4,3681.5,2569.9,2568.9,2569.1,2899.3,2899.0,2898.7,27.459999,27.430000,going to home base
2024-04-13T00:42:44Z,2378.5,2377.8,2378.2,2627.1,2627.3,2627.1,5681.1,5679.6,5680.4,2340.2,2341.1,2341.0,3503.7,3502.6,3503.3,4416.0,4415.8,4416.0,6142.6,6141.8,6142.8,8628.5,8628.8,8628.6,5217.5,5216.5,5218.4,7429.8,7428.1,7429.4,6120.3,6118.9,6118.6,1861.0,1859.5,1859.4,3680.4,3680.9,3681.6,2569.9,2569.3,2569.3,2898.7,2898.2,2898.8,27.459999,27.440001,going to home base
2024-04-13T00:42:49Z,2378.3,2377.6,2378.0,2627.4,2627.3,2627.7,5680.9,5680.4,5680.4,2340.5,2340.8,2340.7,3503.2,3503.1,3503.0,4416.2,4415.6,4415.8,6143.5,6140.8,6143.9,8628.2,8628.3,8628.3,5217.5,5216.7,5218.6,7431.1,7430.9,7429.7,6119.9,6117.5,6117.7,1860.9,1860.0,1859.2,3680.6,3680.7,3681.4,2569.2,2568.1,2568.6,2898.6,2897.3,2897.5,27.450001,27.379999,going to home base
2024-04-13T00:42:54Z,2378.4,2377.7,2378.0,2627.6,2627.3,2627.7,5680.4,5679.4,5679.9,2340.6,2340.4,2341.2,3503.5,3502.7,3503.7,4415.9,4415.6,4415.4,6145.3,6143.6,6145.2,8632.8,8629.5,8629.3,5215.5,5215.0,5215.7,7431.0,7429.1,7429.2,6115.8,6114.8,6114.8,1861.0,1859.3,1859.9,3680.3,3680.2,3680.9,2569.6,2569.0,2568.8,2899.1,2898.2,2898.3,27.459999,27.400000,going to home base
2024-04-13T00:42:59Z,2378.7,2378.0,2378.0,2627.1,2627.3,2627.5,5680.7,5680.3,5680.6,2341.4,2340.9,2341.1,3502.8,3502.8,3502.3,4415.8,4415.4,4416.0,6142.1,6142.5,6143.6,8628.9,8633.0,8630.4,5216.3,5216.2,5217.3,7428.9,7428.6,7427.8,6117.8,6116.4,6116.7,1861.3,1859.7,1859.8,3679.9,3679.9,3681.0,2569.6,2568.5,2568.3,2897.5,2897.1,2896.9,27.450001,27.360001,going to home base
2024-04-13T00:43:04Z,2378.4,2377.7,2377.4,2626.8,2627.2,2627.5,5680.8,5680.7,5680.7,2341.0,2341.0,2341.2,3503.5,3503.5,3503.4,4416.2,4415.9,4415.6,6144.9,6145.1,6144.7,8629.3,8629.2,8630.5,5217.0,5216.5,5217.0,7429.5,7428.6,7429.4,6118.1,6117.7,6117.7,1860.8,1859.1,1858.8,3680.4,3680.5,3681.3,2569.7,2568.7,2568.9,2898.1,2898.1,2898.3,27.459999,27.400000,going to home base
2024-04-13T00:43:09Z,2378.6,2377.8,2378.2,2627.8,2627.6,2628.2,5681.2,5680.7,5680.9,2340.7,2341.3,2341.5,3504.1,3503.7,3503.5,4416.1,4416.3,4415.9,6144.0,6144.4,6143.7,8631.1,8628.6,8630.1,5215.9,5216.5,5217.6,7428.1,7428.1,7430.0,6116.3,6115.3,6116.1,1860.8,1859.0,1859.2,3680.4,3680.4,3681.3,2568.6,2567.8,2568.1,2899.2,2899.1,2898.9,27.440001,27.400000,going to home base
2024-04-13T00:43:14Z,2378.2,2377.7,2378.2,2626.8,2626.4,2627.0,5680.9,5680.5,5680.6,2341.1,2341.3,2341.5,3503.1,3502.2,3502.2,4415.7,4415.3,4415.4,6144.8,6145.3,6144.3,8628.6,8627.6,8629.0,5217.1,5216.2,5217.9,7428.9,7427.7,7427.8,6116.5,6117.3,6116.9,1861.1,1859.7,1859.3,3680.0,3680.2,3681.2,2569.7,2568.8,2568.7,2898.8,2897.8,2899.3,27.459999,27.389999,going to home base
2024-04-13T00:43:19Z,2377.9,2377.5,2377.4,2627.4,2626.7,2627.2,5680.3,5679.7,5679.9,2340.7,2340.5,2341.4,3503.1,3502.7,3502.7,4415.7,4415.6,4415.7,6144.1,6144.1,6144.2,8631.1,8633.6,8630.4,5216.1,5215.6,5216.5,7429.6,7428.1,7429.7,6116.3,6116.9,6115.3,1861.0,1859.1,1859.4,3680.2,3680.4,3681.1,2569.6,2568.9,2569.2,2899.5,2899.0,2899.8,27.480000,27.440001,going to home base
2024-04-13T00:43:24Z,2377.6,2377.3,2377.5,2626.8,2625.9,2626.6,5680.2,5679.6,5679.8,2341.1,2341.4,2341.6,3502.7,3503.3,3503.3,4415.8,4416.1,4415.9,6144.1,6145.8,6144.4,8630.9,8629.5,8628.7,5215.0,5214.7,5215.7,7429.5,7427.6,7428.9,6115.4,6116.1,6116.5,1860.8,1859.6,1859.5,3680.8,3680.3,3681.2,2569.1,2568.7,2568.2,2898.5,2898.2,2898.8,27.459999,27.389999,going to home base
2024-04-13T00:43:29Z,2377.7,2377.3,2377.3,2627.3,2626.9,2627.5,5680.3,5679.8,5680.2,2340.0,2340.2,2341.0,3502.5,3502.3,3501.8,4415.4,4415.6,4415.5,6145.9,6145.0,6146.6,8631.0,8630.9,8631.3,5216.1,5214.7,5216.3,7429.3,7427.7,7428.7,6117.5,6116.8,6116.5,1861.0,1859.5,1859.8,3680.1,3679.0,3680.4,2569.9,2569.2,2569.4,2899.8,2898.7,2898.4,27.459999,27.400000,going to home base
2024-04-13T00:43:34Z,2378.0,2377.6,2377.9,2626.8,2626.9,2627.0,5680.2,5679.9,5679.8,2341.3,2340.6,2340.8,3502.7,3502.4,3502.6,4415.1,4415.3,4415.1,6148.6,6148.4,6148.5,8631.3,8631.9,8630.4,5216.3,5215.0,5216.2,7427.6,7426.6,7427.6,6113.0,6113.3,6113.1,1861.7,1859.9,1859.8,3679.6,3679.8,3680.5,2569.4,2568.8,2568.8,2898.7,2897.6,2898.8,27.450001,27.400000,going to home base
2024-04-13T00:43:39Z,2378.3,2377.3,2377.7,2626.8,2626.8,2627.4,5680.3,5679.5,5680.0,2341.2,2341.1,2341.2,3503.4,3503.1,3502.7,4415.1,4415.5,4415.2,6147.3,6147.8,6146.4,8631.1,8628.4,8629.9,5217.8,5216.7,5218.6,7429.9,7429.4,7429.3,6114.2,6113.7,6114.5,1861.0,1859.6,1859.8,3679.8,3679.6,3680.5,2569.5,2568.8,2569.0,2899.0,2898.3,2898.6,27.480000,27.459999,going to home base
2024-04-13T00:43:44Z,2378.3,2377.7,2377.6,2626.6,2626.1,2626.5,5679.6,5679.4,5679.6,2340.9,2340.7,2341.5,3504.1,3503.5,3503.7,4415.4,4415.2,4415.3,6147.7,6145.7,6145.9,8628.8,8628.1,8628.8,5216.2,5216.0,5216.4,7428.7,7427.7,7428.7,6115.5,6115.6,6116.4,1860.7,1859.2,1859.2,3680.2,3679.9,3680.6,2568.5,2568.0,2568.0,2898.7,2898.2,2898.9,27.440001,27.430000,going to home base
2024-04-13T00:43:49Z,2378.1,2377.6,2377.8,2626.3,2626.4,2626.8,5680.4,5679.9,5680.1,2341.2,2341.0,2341.4,3502.9,3503.0,3502.3,4415.4,4415.5,4415.6,6146.7,6145.4,6144.5,8631.7,8629.8,8628.7,5216.5,5216.6,5216.7,7429.6,7428.8,7429.0,6116.0,6114.9,6115.9,1861.4,1859.7,1859.4,3678.9,3680.2,3680.7,2568.6,2568.2,2568.3,2899.1,2898.3,2898.7,27.459999,27.500000,going to home base
2024-04-13T00:43:54Z,2378.0,2377.4,2377.4,2626.6,2626.7,2626.7,5681.2,5680.9,5680.9,2340.6,2340.8,2341.2,3503.7,3504.0,3503.7,4415.4,4415.1,4415.8,6142.5,6142.6,6143.4,8631.2,8630.7,8633.5,5215.7,5216.4,5216.8,7430.6,7429.3,7429.5,6115.6,6115.3,6116.2,1860.7,1859.3,1859.0,3680.2,3680.3,3680.5,2570.0,2569.0,2568.8,2899.6,2899.1,2899.2,27.459999,27.430000,going to home base
2024-04-13T00:43:59Z,2378.0,2377.1,2377.3,2625.4,2625.7,2626.2,5680.2,5680.0,5680.6,2340.6,2340.7,2341.0,3503.3,3502.4,3503.1,4415.0,4415.2,4414.7,6142.5,6142.2,6142.5,8629.9,8630.4,8629.4,5215.9,5214.8,5216.1,7429.7,7429.1,7429.5,6115.3,6114.1,6114.6,1860.6,1858.8,1859.1,3679.7,3679.8,3680.1,2569.1,2568.5,2568.5,2898.5,2898.6,2898.6,27.450001,27.430000,going to home base
2024-04-13T00:44:04Z,2378.2,2377.5,2377.8,2626.7,2626.4,2626.9,5680.4,5679.6,5679.9,2341.4,2341.7,2342.0,3504.2,3504.0,3503.6,4415.2,4415.2,4415.0,6143.6,6143.9,6143.7,8629.6,8628.1,8631.9,5215.0,5214.2,5215.1,7428.3,7427.7,7427.0,6114.1,6114.5,6115.0,1860.4,1859.2,1858.8,3679.7,3679.8,3680.4,2569.2,2568.3,2568.2,2899.1,2898.7,2898.8,27.459999,27.389999,going to home base
2024-04-13T00:44:09Z,2378.1,2377.3,2377.2,2626.6,2625.8,2626.6,5680.5,5680.3,5680.4,2341.0,2341.4,2341.8,3503.3,3503.3,3503.1,4415.0,4415.1,4415.2,6146.8,6148.5,6148.0,8629.5,8628.8,8627.4,5217.3,5217.3,5218.6,7427.2,7426.4,7427.8,6115.0,6113.8,6115.5,1860.5,1859.1,1859.0,3679.4,3679.8,3680.7,2569.0,2568.0,2567.6,2899.0,2898.4,2898.6,27.480000,27.350000,going to home base
2024-04-13T00:44:14Z,2378.5,2377.9,2377.6,2626.4,2626.1,2626.6,5680.9,5680.4,5680.8,2340.5,2340.8,2341.1,3502.8,3502.4,3502.5,4414.8,4415.1,4415.2,6144.7,6145.1,6145.5,8630.7,8627.7,8628.2,5217.1,5217.1,5217.2,7429.5,7428.3,7428.3,6113.9,6114.3,6114.1,1860.4,1859.0,1859.3,3680.3,3680.2,3680.5,2569.4,2569.0,2568.9,2898.7,2897.6,2898.5,27.440001,27.360001,going to home base
2024-04-13T00:44:19Z,2378.4,2377.6,2377.8,2626.6,2626.4,2626.4,5680.4,5680.2,5679.9,2340.1,2340.1,2340.5,3502.6,3502.5,3502.7,4415.2,4414.9,4415.8,6143.9,6144.3,6144.1,8627.9,8627.6,8627.8,5216.3,5215.4,5217.2,7428.7,7428.1,7427.2,6115.3,6115.7,6115.4,1860.1,1858.6,1858.3,3679.5,3679.3,3680.0,2569.2,2567.9,2568.2,2898.2,2897.7,2898.6,27.459999,27.330000,going to home base
2024-04-13T00:44:24Z,2378.0,2377.2,2377.8,2626.8,2626.9,2627.0,5680.3,5680.1,5680.2,2341.0,2340.8,2341.1,3503.6,3502.8,3502.8,4415.1,4415.3,4415.2,6144.6,6143.5,6143.6,8628.6,8629.1,8628.1,5215.8,5216.4,5216.2,7428.9,7427.7,7427.7,6113.7,6111.8,6112.8,1860.5,1858.8,1859.0,3679.4,3678.7,3679.6,2568.7,2568.2,2567.8,2897.3,2896.6,2896.9,27.459999,27.360001,going to home base
2024-04-13T00:44:29Z,2378.6,2377.9,2377.9,2626.0,2626.2,2626.3,5680.0,5679.7,5680.0,2340.9,2340.9,2341.3,3502.7,3501.8,3501.9,4414.9,4414.8,4414.9,6146.1,6145.8,6145.9,8627.4,8626.7,8626.8,5216.8,5217.0,5218.2,7426.2,7426.4,7426.0,6113.8,6113.7,6116.0,1860.3,1859.2,1859.1,3679.2,3679.2,3680.4,2568.5,2568.1,2567.8,2896.7,2895.9,2896.8,27.459999,27.379999,going to home base
2024-04-13T00:44:34Z,2378.3,2377.7,2377.5,2626.0,2626.2,2626.2,5680.4,5680.3,5680.0,2340.1,2340.4,2340.8,3503.1,3502.7,3502.0,4414.5,4414.6,4414.2,6145.7,6145.9,6146.3,8633.0,8630.6,8631.1,5215.7,5216.4,5216.0,7428.5,7426.9,7426.5,6114.6,6114.2,6115.2,1860.4,1858.9,1859.0,3679.9,3680.2,3680.9,2568.6,2567.5,2567.7,2897.4,2897.3,2897.9,27.480000,27.360001,going to home base
2024-04-13T00:44:39Z,2377.9,2376.8,2377.4,2625.1,2625.8,2625.9,5681.0,5680.4,5680.5,2340.1,2340.3,2340.9,3503.5,3503.3,3502.4,4415.3,4414.9,4414.5,6144.1,6141.9,6143.0,8628.9,8627.2,8628.8,5215.1,5214.8,5215.2,7428.2,7428.0,7428.6,6113.6,6113.8,6114.6,1860.0,1858.3,1858.5,3679.0,3679.3,3679.9,2567.7,2566.8,2567.2,2895.3,2895.9,2895.8,27.480000,27.330000,going to home base
2024-04-13T00:44:44Z,2378.3,2377.9,2378.2,2625.8,2625.7,2626.1,5680.6,5679.9,5680.6,2340.8,2339.9,2341.0,3502.4,3502.6,3502.2,4415.5,4414.8,4414.9,6144.3,6144.3,6145.3,8629.2,8629.2,8629.1,5217.1,5216.0,5216.7,7427.6,7426.7,7426.3,6113.1,6114.0,6115.6,1860.5,1858.9,1858.9,3679.0,3679.0,3680.0,2568.6,2567.2,2566.9,2897.9,2897.3,2896.5,27.459999,27.350000,going to home base
2024-04-13T00:44:49Z,2377.8,2377.7,2378.0,2625.8,2626.0,2626.3,5680.3,5679.7,5680.2,2340.3,2340.7,2340.9,3502.0,3502.2,3501.9,4415.2,4415.2,4414.8,6145.2,6144.9,6145.5,8630.7,8628.9,8628.8,5216.7,5216.6,5217.6,7426.8,7425.8,7426.8,6114.1,6113.5,6113.2,1859.8,1858.4,1858.2,3678.7,3679.1,3680.1,2568.3,2566.8,2567.8,2897.6,2897.1,2898.1,27.459999,27.330000,going to home base
2024-04-13T00:44:54Z,2378.8,2378.3,2378.4,2625.3,2625.3,2625.6,5680.4,5679.8,5679.9,2340.1,2340.0,2341.1,3502.2,3501.9,3501.6,4414.5,4414.4,4414.7,6145.4,6146.5,6145.6,8628.4,8626.3,8626.2,5216.5,5216.9,5217.4,7426.3,7425.5,7426.6,6113.5,6114.1,6114.4,1860.2,1858.6,1858.8,3678.4,3678.6,3680.1,2568.9,2567.9,2567.9,2897.8,2898.3,2898.2,27.459999,27.340000,going to home base
2024-04-13T00:44:59Z,2378.0,2377.2,2377.4,2625.8,2626.0,2625.9,5679.9,5679.2,5679.4,2341.1,2340.6,2341.3,3501.8,3501.3,3501.4,4414.8,4414.8,4414.2,6142.7,6142.4,6143.6,8630.0,8628.8,8628.6,5216.2,5216.0,5217.6,7428.1,7425.5,7424.8,6112.5,6114.9,6113.0,1860.2,1858.8,1858.9,3678.6,3678.7,3680.1,2567.9,2567.3,2567.4,2897.5,2897.2,2898.1,27.459999,27.280001,going to home base
2024-04-13T00:45:04Z,2377.7,2377.0,2377.5,2626.3,2626.7,2626.4,5679.5,5680.1,5679.5,2339.9,2340.4,2340.4,3501.1,3501.3,3501.0,4415.2,4414.9,4414.8,6142.1,6143.5,6143.6,8625.3,8627.6,8627.5,5215.8,5215.5,5215.2,7424.9,7425.9,7424.6,6111.3,6111.8,6111.7,1859.6,1858.5,1858.2,3678.7,3679.0,3679.2,2568.8,2567.7,2567.6,2897.1,2896.2,2897.3,27.459999,27.389999,going to home base
2024-04-13T00:45:09Z,2378.0,2377.5,2378.1,2625.2,2625.7,2626.6,5680.2,5680.3,5679.6,2340.0,2339.8,2340.2,3502.1,3501.4,3501.4,4414.9,4414.3,4414.7,6147.5,6147.5,6148.6,8629.6,8627.5,8628.3,5215.3,5214.6,5216.4,7430.3,7429.1,7429.5,6111.6,6111.9,6111.3,1859.5,1858.8,1858.5,3678.4,3678.0,3679.1,2568.3,2566.7,2567.3,2898.3,2898.3,2899.1,27.450001,27.360001,going to home base
2024-04-13T00:45:14Z,2377.7,2376.6,2377.1,2625.6,2625.4,2625.8,5679.0,5678.5,5679.0,2340.3,2340.2,2340.5,3502.5,3502.3,3501.5,4414.2,4414.3,4414.3,6146.5,6146.4,6148.1,8627.1,8627.7,8627.1,5216.2,5214.9,5215.3,7427.7,7427.9,7429.2,6110.1,6109.6,6111.8,1860.0,1858.6,1858.6,3678.8,3678.5,3679.8,2568.2,2567.3,2567.5,2898.1,2897.3,2897.7,27.459999,27.360001,going to home base
2024-04-13T00:45:24Z,2377.2,2377.1,2377.6,2625.3,2625.3,2625.3,5679.6,5679.2,5679.5,2340.3,2340.5,2340.7,3501.9,3501.3,3500.9,4413.9,4414.3,4413.9,6143.4,6143.6,6145.3,8631.9,8629.2,8631.3,5216.5,5216.3,5217.6,7429.1,7428.1,7427.4,6112.0,6110.7,6111.7,1859.4,1857.4,1start,26853.9,26852.4,2377.5,2377.5,2377.4,2624.5,2624.7,2624.9,5678.8,2340.4,2340.3,going to home base
2024-04-13T00:45:34Z,2377.6,2376.8,2376.7,2625.6,2624.7,2625.4,5678.8,5678.0,5678.4,2340.4,2340.8,2340.7,3502.0,3502.1,3502.5,4413.8,4413.5,4413.3,6143.3,6142.7,6144.2,8626.9,8626.3,8624.8,5214.1,5214.8,5216.5,7428.8,7427.3,7426.3,6108.8,6109.9,6109.5,1859.5,1857.8,1858.2,3678.7,3678.3,3678.8,2567.9,2567.4,2567.2,2896.2,2895.8,2896.4,27.450001,27.330000,going to home base
2024-04-13T00:45:39Z,2377.3,2376.7,2377.0,2625.1,2625.1,2625.6,5678.8,5678.9,5678.5,2340.1,2339.8,2340.1,3503.0,3502.5,3502.8,4413.4,4413.3,4413.5,6143.8,6142.7,6144.1,8629.5,8626.6,8631.2,5214.9,5214.1,5215.2,7427.2,7426.9,7427.2,6112.3,6112.8,6110.4,1860.0,1858.7,1858.6,3677.9,3677.5,3678.8,2567.2,2566.5,2566.5,2898.0,2896.5,2897.5,27.450001,27.389999,going to home base
2024-04-13T00:45:44Z,2377.9,2377.4,2377.5,2624.1,2624.4,2624.3,5680.1,5679.4,5679.1,2339.7,2339.7,2340.4,3502.3,3502.4,3502.4,4413.8,4413.8,4413.6,6140.4,6139.8,6141.1,8630.9,8627.6,8628.6,5215.9,5215.3,5216.5,7428.2,7426.9,7426.3,6112.7,6112.7,6110.1,1860.3,1858.8,1858.7,3678.0,3678.3,3679.3,2568.0,2567.3,2567.0,2898.4,2898.7,2898.5,27.450001,27.370001,going to home base
2024-04-13T00:45:49Z,2377.5,2377.0,2377.2,2624.9,2625.1,2625.3,5679.0,5679.0,5678.9,2339.4,2339.2,2340.0,3503.5,3502.0,3502.2,4414.3,4413.8,4413.8,6143.3,6143.8,6142.5,8629.0,8628.3,8630.0,5216.4,5215.7,5214.8,7426.7,7425.3,7426.5,6113.1,6111.9,6112.2,1859.6,1858.1,1858.1,3678.5,3678.4,3679.2,2568.2,2567.6,2567.3,2896.8,2896.1,2896.1,27.459999,27.420000,going to home base
2024-04-13T00:45:54Z,2378.4,2377.9,2378.2,2625.7,2625.4,2626.0,5679.4,5679.0,5678.5,2339.6,2339.4,2339.9,3502.7,3502.3,3502.1,4413.9,4414.2,4414.2,6143.2,6141.2,6143.4,8628.3,8628.4,8626.9,5215.2,5214.6,5216.0,7428.0,7427.2,7426.9,6111.4,6110.8,6112.2,1859.6,1857.9,1858.2,3678.2,3678.0,3679.0,2567.3,2566.3,2566.7,2896.1,2895.5,2896.0,27.450001,27.440001,going to home base
2024-04-13T00:45:59Z,2377.9,2377.2,2377.7,2624.9,2625.1,2625.3,5680.1,5680.0,5680.0,2339.6,2339.2,2339.9,3501.7,3501.9,3502.4,4413.6,4413.7,4413.5,6146.1,6144.5,6145.8,8628.2,8627.9,8629.5,5214.4,5214.8,5215.9,7427.0,7428.2,7427.7,6111.3,6112.3,6113.2,1859.3,1858.1,1857.6,3677.8,3678.3,3679.0,2568.0,2567.6,2567.6,2896.8,2897.2,2897.3,27.450001,27.379999,going to home base
2024-04-13T00:46:04Z,2378.9,2378.2,2378.5,2624.8,2624.9,2625.3,5679.3,5678.9,5679.4,2339.2,2338.9,2339.1,3502.9,3502.2,3501.8,4413.8,4413.6,4413.6,6143.8,6142.4,6141.8,8628.5,8628.5,8629.7,5216.2,5216.7,5216.7,7426.8,7425.3,7426.2,6111.5,6111.7,6111.7,1859.4,1857.8,1857.5,3678.6,3678.6,3678.9,2567.1,2566.8,2566.4,2897.3,2897.0,2896.4,27.440001,27.420000,going to home base
2024-04-13T00:46:09Z,2378.3,2377.7,2377.7,2625.5,2625.7,2626.1,5678.7,5678.9,5679.2,2338.9,2339.0,2338.9,3501.9,3502.1,3502.3,4413.8,4413.5,4414.0,6142.5,6140.5,6138.9,8626.3,8626.1,8627.8,5215.2,5215.6,5215.7,7428.4,7424.7,7425.9,6111.2,6110.0,6112.3,1859.7,1857.8,1857.3,3677.5,3677.5,3678.7,2567.1,2566.2,2565.1,2897.5,2897.5,2898.3,27.459999,27.410000,going to home base
2024-04-13T00:46:14Z,2378.2,2377.9,2377.7,2626.0,2625.7,2626.1,5678.3,5678.1,5678.1,2339.6,2339.3,2339.6,3501.7,3501.3,3501.7,4413.7,4413.9,4413.6,6141.6,6141.4,6142.5,8627.4,8626.3,8627.6,5216.5,5216.3,5217.2,7427.4,7428.2,7427.3,6113.4,6111.2,6110.5,1860.5,1858.8,1858.5,3677.8,3678.2,3678.7,2566.3,2565.1,2565.8,2898.1,2897.7,2897.9,27.440001,27.309999,going to home base
2024-04-13T00:46:19Z,2377.2,2376.3,2376.7,2625.7,2625.6,2625.9,5679.1,5678.3,5678.2,2339.9,2339.7,2339.8,3501.1,3501.2,3500.9,4413.3,4413.0,4413.4,6143.1,6143.2,6144.0,8628.0,8632.7,8627.9,5218.1,5217.0,5217.8,7426.9,7426.2,7425.4,6111.0,6111.9,6112.1,1859.6,1858.7,1858.4,3677.6,3677.9,3678.7,2567.0,2565.9,2565.8,2898.3,2896.8,2897.1,27.440001,27.350000,going to home base
2024-04-13T00:46:24Z,2377.8,2377.0,2377.1,2625.3,2624.9,2625.6,5679.5,5678.6,5679.0,2339.0,2339.1,2340.2,3501.8,3501.3,3501.3,4413.3,4412.8,4412.9,6141.5,6141.6,6143.6,8625.4,8625.4,8625.0,5216.3,5215.2,5217.6,7428.1,7426.4,7427.0,6112.0,6111.1,6111.2,1860.0,1858.3,1858.3,3677.6,3677.9,3678.8,2566.5,2565.9,2565.9,2898.8,2897.9,2898.5,27.459999,27.350000,going to home base
2024-04-13T00:46:29Z,2377.5,2377.0,2377.5,2624.4,2624.7,2625.4,5679.1,5678.2,5678.2,2340.2,2339.9,2340.6,3502.0,3500.8,3500.6,4413.2,4413.4,4413.3,6142.1,6140.8,6141.1,8628.7,8626.2,8625.4,5216.2,5216.5,5216.8,7428.8,7426.7,7427.4,6111.8,6111.7,6112.7,1860.0,1858.5,1858.6,3677.3,3677.2,3678.3,2566.6,2565.8,2565.5,2898.7,2898.2,2898.8,27.440001,27.330000,going to home base
2024-04-13T00:46:34Z,2377.6,2377.0,2377.1,2625.6,2625.6,2626.2,5679.6,5679.3,5679.0,2339.4,2339.7,2340.0,3501.7,3500.7,3500.7,4413.4,4413.6,4413.6,6144.0,6142.9,6142.2,8626.2,8629.9,8629.2,5215.9,5214.4,5216.5,7426.3,7426.0,7427.4,6113.2,6112.8,6112.3,1859.8,1858.1,1858.5,3677.1,3677.3,3677.8,2567.4,2566.6,2567.0,2897.7,2897.1,2897.5,27.440001,27.350000,going to home base
2024-04-13T00:46:39Z,2377.7,2376.8,2377.5,2624.9,2625.1,2625.8,5679.1,5678.8,5678.9,2340.4,2340.3,2340.6,3502.3,3502.2,3501.6,4412.9,4412.6,4412.9,6141.5,6142.2,6140.9,8628.6,8623.5,8627.2,5216.0,5215.3,5217.8,7426.7,7427.4,7426.6,6111.4,6111.1,6112.0,1860.1,1858.3,1858.5,3677.1,3677.1,3678.4,2566.9,2565.9,2566.3,2895.8,2897.0,2897.4,27.459999,27.430000,going to home base
2024-04-13T00:46:44Z,2377.8,2377.3,2376.9,2625.3,2625.4,2625.3,5679.3,5679.0,5678.8,2339.3,2339.7,2340.3,3501.3,3501.8,3501.4,4413.8,4413.3,4413.7,6145.9,6144.4,6145.4,8629.1,8627.4,8626.3,5216.7,5215.6,5217.1,7427.3,7428.7,7425.9,6110.7,6110.7,6112.6,1859.8,1858.4,1858.3,3676.8,3676.9,3678.0,2567.4,2566.4,2566.3,2897.4,2897.5,2898.0,27.459999,27.440001,going to home base
2024-04-13T00:46:49Z,2378.1,2377.4,2377.5,2625.7,2625.9,2626.4,5680.2,5679.9,5679.2,2340.0,2340.0,2340.9,3501.8,3501.9,3501.3,4413.9,4413.1,4413.3,6141.8,6143.6,6143.0,8625.6,8624.0,8625.8,5215.3,5215.5,5216.5,7427.6,7426.2,7426.7,6113.1,6113.2,6112.1,1859.8,1858.6,1858.3,3677.7,3677.6,3678.5,2567.5,2567.1,2567.0,2899.5,2897.7,2898.2,27.450001,27.469999,going to home base
2024-04-13T00:46:54Z,2378.0,2377.1,2377.5,2625.2,2625.2,2625.6,5679.4,5679.1,5679.1,2340.5,2340.2,2340.8,3502.2,3501.8,3502.0,4413.1,4412.9,4413.0,6142.9,6142.2,6144.0,8624.9,8624.9,8623.8,5219.3,5219.0,5218.4,7428.0,7426.2,7427.1,6113.8,6113.5,6114.4,1859.6,1858.4,1858.4,3677.4,3677.7,3678.2,2567.4,2565.8,2566.3,2899.1,2898.3,2898.7,27.450001,27.450001,going to home base
2024-04-13T00:46:59Z,2377.9,2377.1,2377.2,2625.3,2625.0,2625.8,5678.5,5678.2,5678.5,2340.0,2339.9,2340.4,3502.6,3501.9,3501.7,4413.3,4412.6,4413.8,6145.4,6144.7,6145.1,8627.3,8628.3,8626.0,5215.3,5214.7,5214.9,7428.2,7427.4,7426.4,6112.7,6113.2,6113.2,1859.5,1858.2,1858.1,3678.6,3678.5,3679.1,2566.9,2566.0,2565.9,2897.8,2897.6,2898.0,27.459999,27.469999,going to home base
2024-04-13T00:47:04Z,2378.2,2377.6,2377.9,2624.9,2624.5,2624.9,5678.7,5678.2,5678.4,2339.7,2339.4,2340.4,3502.4,3502.7,3502.7,4412.8,4412.7,4412.8,6143.9,6144.4,6144.4,8625.8,8627.6,8626.3,5214.8,5214.3,5215.4,7428.7,7427.9,7427.8,6114.9,6113.7,6114.6,1859.9,1858.3,1858.3,3678.8,3679.1,3680.2,2567.3,2566.1,2566.5,2897.3,2896.4,2896.8,27.459999,27.420000,going to home base
2024-04-13T00:47:09Z,2377.9,2377.4,2377.3,2624.5,2624.4,2625.0,5678.8,5678.8,5678.3,2339.6,2339.9,2340.2,3503.1,3502.4,3502.1,4413.4,4413.3,4412.9,6145.0,6145.0,6144.5,8629.6,8628.4,8628.1,5218.2,5217.2,5217.9,7427.1,7425.8,7425.7,6112.4,6110.6,6112.1,1859.4,1858.5,1858.4,3679.1,3679.3,3680.0,2566.5,2565.8,2565.9,2895.6,2895.6,2896.5,27.450001,27.510000,going to home base
2024-04-13T00:47:14Z,2377.3,2377.0,2377.5,2625.0,2625.0,2625.4,5678.5,5678.4,5678.3,2340.4,2340.4,2340.6,3501.6,3501.2,3501.2,4413.6,4413.5,4413.7,6144.1,6144.6,6145.5,8626.4,8625.1,8626.9,5218.8,5218.2,5218.8,7426.4,7426.3,7427.0,6109.8,6110.2,6110.4,1859.5,1857.8,1857.9,3678.6,3679.4,3679.9,2567.1,2566.6,2566.4,2897.1,2897.2,2897.5,27.450001,27.490000,going to home base
2024-04-13T00:47:19Z,2378.2,2377.2,2377.4,2624.7,2624.2,2625.1,5678.8,5678.4,5678.5,2340.0,2339.9,2340.8,3502.2,3502.2,3502.1,4413.3,4413.6,4413.4,6145.3,6144.0,6143.3,8631.1,8629.9,8629.6,5219.4,5219.6,5220.5,7426.2,7425.5,7424.9,6110.4,6110.9,6111.9,1859.4,1858.1,1857.8,3678.8,3679.1,3680.1,2566.7,2565.7,2566.2,2897.3,2896.5,2896.7,27.490000,27.430000,going to home base
2024-04-13T00:47:24Z,2378.7,2377.9,2378.1,2624.4,2624.5,2625.2,5678.9,5678.6,5678.3,2340.4,2340.2,2340.3,3502.0,3501.1,3501.5,4414.0,4414.2,4413.9,6142.4,6144.3,6144.0,8629.5,8630.2,8629.1,5219.4,5219.7,5220.0,7425.3,7425.5,7426.1,6111.6,6110.0,6111.1,1860.5,1858.6,1858.5,3678.7,3679.0,3679.9,2567.6,2567.0,2566.8,2897.6,2897.5,2898.0,27.459999,27.400000,going to home base
2024-04-13T00:47:29Z,2378.2,2377.9,2377.9,2625.1,2624.9,2625.5,5678.6,5678.6,5678.6,2339.3,2339.6,2340.0,3502.1,3501.5,3501.7,4413.7,4413.8,4413.8,6145.5,6146.3,6144.7,8626.6,8625.4,8624.9,5219.7,5219.7,5220.5,7429.0,7428.2,7427.9,6112.6,6112.1,6113.6,1859.5,1857.9,1858.0,3678.6,3678.2,3679.5,2567.1,2566.4,2566.4,2897.9,2897.5,2898.4,27.490000,27.430000,going to home base
2024-04-13T00:47:34Z,2378.6,2377.8,2378.0,2624.7,2625.0,2625.4,5678.5,5678.4,5678.5,2339.0,2338.8,2338.9,3501.8,3501.6,3501.7,4413.7,4413.4,4413.8,6144.0,6142.8,6143.2,8626.4,8630.4,8634.2,5219.6,5220.5,5220.8,7427.6,7426.8,7426.6,6110.8,6111.1,6112.1,1859.2,1858.1,1857.8,3678.9,3679.4,3679.8,2566.5,2565.9,2566.2,2898.8,2898.8,2898.8,27.459999,27.469999,going to home base
2024-04-13T00:47:39Z,2377.6,2376.8,2377.1,2624.6,2624.3,2624.9,5679.6,5679.2,5679.2,2339.1,2339.2,2339.6,3501.9,3501.4,3502.2,4413.5,4413.2,4413.6,6142.3,6142.3,6142.1,8629.9,8625.5,8625.3,5218.3,5218.1,5219.8,7425.3,7424.1,7424.2,6111.8,6111.3,6110.8,1859.2,1857.9,1857.6,3679.0,3678.8,3679.9,2566.4,2565.9,2565.9,2899.6,2898.6,2898.9,27.480000,27.430000,going to home base
2024-04-13T00:47:44Z,2378.0,2377.2,2377.6,2625.3,2624.6,2625.1,5679.2,5678.6,5679.2,2339.9,2339.4,2339.8,3501.9,3501.9,3501.7,4413.5,4413.4,4413.5,6144.1,6143.3,6143.7,8625.7,8625.2,8625.5,5217.5,5217.2,5218.0,7428.2,7427.4,7427.4,6112.4,6111.5,6111.7,1859.8,1858.8,1858.2,3678.4,3678.1,3679.7,2567.5,2567.1,2567.4,2898.3,2897.9,2898.2,27.480000,27.400000,going to home base
2024-04-13T00:47:49Z,2378.1,2377.6,2377.8,2625.2,2625.3,2625.5,5679.5,5679.4,5679.6,2339.8,2339.7,2340.1,3501.8,3501.7,3501.9,4413.6,4413.6,4413.0,6142.6,6141.5,6143.0,8627.5,8626.2,8627.3,5219.7,5218.3,5219.5,7425.1,7425.2,7425.5,6111.5,6110.9,6112.6,1859.8,1858.5,1858.0,3678.9,3679.3,3679.6,2567.5,2566.7,2566.7,2898.8,2898.7,2898.7,27.459999,27.440001,going to home base
2024-04-13T00:47:54Z,2378.4,2377.4,2377.8,2625.4,2624.9,2625.2,5680.1,5679.1,5679.3,2339.0,2339.0,2339.7,3501.6,3500.7,3501.8,4413.8,4413.6,4413.6,6144.4,6144.4,6146.0,8626.6,8626.6,8626.2,5219.4,5218.9,5218.9,7428.1,7427.2,7427.3,6112.0,6111.7,6113.1,1859.2,1857.9,1857.9,3678.6,3678.9,3679.8,2566.9,2566.3,2566.5,2898.5,2898.2,2897.2,27.450001,27.459999,going to home base
2024-04-13T00:47:59Z,2377.8,2377.5,2377.7,2625.1,2625.1,2624.9,5679.4,5679.4,5679.0,2339.9,2340.2,2340.4,3501.3,3501.7,3501.8,4414.1,4413.6,4413.9,6144.8,6144.5,6146.0,8630.0,8628.6,8630.0,5220.5,5219.9,5220.6,7428.6,7425.7,7426.7,6111.5,6111.5,6112.2,1859.6,1858.0,1857.9,3678.9,3679.3,3679.6,2567.5,2566.6,2566.0,2899.7,2898.7,2899.7,27.480000,27.440001,going to home base
2024-04-13T00:48:04Z,2378.1,2377.6,2377.7,2624.9,2624.9,2625.4,5679.5,5678.8,5678.7,2339.9,2339.5,2340.0,3502.5,3501.8,3501.8,4413.5,4413.1,4413.2,6145.7,6145.8,6145.6,8626.5,8625.8,8628.3,5219.2,5218.5,5219.3,7423.2,7423.0,7423.4,6110.6,6109.9,6111.4,1859.9,1858.4,1858.4,3679.5,3679.9,3680.3,2567.1,2566.9,2567.1,2896.7,2897.0,2897.4,27.459999,27.400000,going to home base
2024-04-13T00:48:09Z,2377.8,2377.5,2377.4,2625.4,2624.8,2625.0,5679.4,5679.4,5679.4,2339.9,2339.4,2339.8,3502.2,3502.0,3502.2,4413.9,4413.8,4413.5,6143.3,6142.0,6143.2,8627.7,8627.7,8626.6,5218.4,5217.8,5218.8,7424.1,7423.8,7424.0,6111.2,6110.1,6112.3,1859.8,1858.3,1858.6,3679.3,3680.2,3680.4,2567.3,2566.1,2565.7,2898.7,2897.9,2897.2,27.459999,27.490000,going to home base
2024-04-13T00:48:14Z,2377.9,2377.3,2377.5,2624.5,2624.7,2624.4,5679.4,5678.7,5678.9,2339.4,2339.4,2339.7,3501.8,3501.7,3501.9,4413.5,4413.4,4413.5,6144.0,6143.9,6142.4,8624.7,8625.9,8627.4,5218.9,5218.3,5218.6,7426.2,7426.6,7426.1,6114.7,6114.1,6114.0,1860.0,1858.6,1858.4,3679.8,3680.3,3681.4,2567.7,2566.4,2566.2,2898.6,2898.1,2897.8,27.450001,27.430000,going to home base
2024-04-13T00:48:19Z,2378.2,2377.6,2377.9,2625.1,2624.8,2625.0,5679.5,5679.0,5678.7,2339.2,2339.5,2339.8,3501.9,3501.2,3501.4,4413.9,4413.5,4413.8,6142.1,6141.3,6143.5,8625.1,8625.1,8625.6,5220.7,5220.7,5221.0,7428.9,7427.1,7426.3,6114.1,6113.0,6113.1,1860.0,1858.8,1858.3,3679.7,3679.7,3680.6,2566.8,2566.2,2565.9,2899.0,2898.9,2899.4,27.450001,27.430000,going to home base
2024-04-13T00:48:24Z,2378.4,2377.8,2377.9,2625.2,2624.8,2625.6,5680.0,5679.7,5679.6,2339.7,2339.2,2339.8,3501.6,3501.0,3501.3,4414.3,4413.9,4414.1,6145.2,6145.6,6144.6,8624.7,8624.7,8624.7,5218.3,5218.6,5219.3,7428.1,7426.7,7426.5,6113.1,6111.6,6113.0,1859.6,1858.3,1857.9,3679.7,3679.2,3679.9,2567.0,2566.2,2566.4,2899.2,2898.7,2899.6,27.459999,27.430000,going to home base
2024-04-13T00:48:29Z,2377.8,2377.4,2377.5,2624.5,2624.6,2625.1,5679.6,5679.2,5679.0,2339.2,2339.7,2340.0,3501.7,3501.6,3501.4,4413.8,4414.0,4413.8,6144.9,6144.1,6142.3,8626.6,8625.2,8625.8,5216.9,5217.0,5218.4,7425.5,7425.9,7425.6,6113.4,6113.6,6114.5,1859.5,1857.7,1857.7,3678.4,3678.4,3679.6,2568.1,2566.8,2567.2,2898.4,2898.1,2897.8,27.459999,27.420000,going to home base
2024-04-13T00:48:34Z,2377.7,2376.9,2377.0,2624.4,2624.5,2624.5,5678.9,5678.7,5678.7,2339.8,2339.3,2340.3,3501.3,3501.2,3501.0,4413.5,4414.2,4414.1,6142.7,6142.9,6143.1,8626.0,8626.6,8626.4,5217.7,5216.8,5218.4,7427.9,7426.6,7426.7,6113.0,6112.8,6114.1,1859.5,1858.0,1857.9,3679.5,3679.1,3680.2,2566.4,2566.3,2566.2,2897.9,2897.5,2897.7,27.450001,27.469999,going to home base
2024-04-13T00:48:39Z,2377.5,2377.0,2377.2,2624.5,2625.0,2625.4,5679.9,5678.9,5679.5,2339.2,2339.3,2340.1,3501.3,3501.2,3500.7,4413.6,4413.3,4413.5,6143.2,6143.2,6143.9,8627.9,8627.3,8625.4,5218.2,5218.2,5219.1,7426.6,7425.7,7425.9,6113.1,6111.5,6112.5,1859.7,1858.4,1858.3,3679.6,3679.6,3680.4,2567.4,2566.5,2566.6,2897.4,2897.7,2897.8,27.450001,27.400000,going to home base
2024-04-13T00:48:44Z,2377.5,2377.2,2377.4,2625.6,2625.0,2625.1,5678.9,5678.7,5678.5,2339.6,2339.2,2339.9,3502.8,3502.0,3501.6,4414.4,4413.9,4413.6,6144.8,6143.7,6145.6,8626.1,8626.5,8625.7,5217.9,5217.1,5218.2,7426.4,7424.4,7423.5,6110.5,6110.3,6110.8,1860.0,1858.0,1858.3,3679.8,3679.5,3680.6,2567.0,2566.8,2566.3,2898.9,2898.9,2898.9,27.459999,27.459999,going to home base
2024-04-13T00:48:49Z,2377.5,2376.9,2377.1,2625.3,2625.0,2625.3,5679.4,5678.5,5678.8,2339.5,2339.7,2340.0,3502.0,3501.5,3501.1,4414.2,4413.7,4414.0,6144.9,6145.1,6145.3,8625.9,8627.1,8626.8,5218.6,5218.8,5219.9,7428.8,7427.9,7427.0,6111.7,6112.5,6110.4,1859.6,1858.0,1858.2,3679.2,3679.3,3679.6,2567.5,2566.7,2567.3,2898.4,2898.0,2898.6,27.459999,27.420000,going to home base
2024-04-13T00:48:54Z,2377.9,2377.2,2377.6,2625.2,2625.2,2625.5,5679.8,5679.1,5678.5,2339.9,2340.1,2340.2,3501.6,3500.8,3501.1,4413.7,4413.7,4413.5,6144.2,6145.3,6144.6,8627.9,8627.1,8625.2,5218.4,5216.9,5219.3,7426.4,7425.4,7426.3,6111.4,6110.6,6111.2,1858.9,1858.1,1858.3,3679.8,3679.0,3680.5,2567.7,2566.6,2567.0,2898.4,2897.1,2897.8,27.450001,27.440001,going to home base
2024-04-13T00:48:59Z,2377.6,2377.3,2377.4,2624.7,2625.0,2625.5,5679.5,5679.0,5678.7,2339.4,2339.6,2340.4,3502.4,3501.4,3501.6,4414.3,4413.8,4413.7,6143.4,6142.8,6142.8,8626.6,8626.1,8626.2,5219.1,5218.8,5219.7,7428.3,7427.9,7426.9,6112.2,6110.2,6110.9,1859.4,1857.9,1858.0,3680.2,3679.7,3681.3,2567.7,2567.2,2566.9,2897.8,2897.5,2897.6,27.450001,27.469999,going to home base
2024-04-13T00:49:04Z,2377.4,2376.8,2377.4,2624.8,2624.5,2625.2,5680.4,5679.4,5679.5,2340.5,2340.6,2340.5,3500.9,3500.5,3500.9,4414.3,4414.2,4414.5,6145.8,6143.8,6144.1,8626.6,8627.2,8627.6,5218.8,5219.0,5218.7,7428.5,7426.6,7425.7,6111.1,6111.4,6111.7,1860.0,1858.2,1858.3,3679.9,3680.5,3680.3,2568.0,2566.5,2567.1,2899.6,2899.2,2899.8,27.459999,27.469999,going to home base
2024-04-13T00:49:09Z,2377.2,2376.5,2376.9,2624.8,2625.2,2624.8,5679.7,5679.2,5679.5,2340.1,2340.6,2341.2,3501.7,3501.4,3501.5,4414.1,4413.8,4413.6,6145.2,6144.9,6144.3,8627.9,8629.0,8628.0,5219.0,5217.5,5218.2,7425.8,7424.7,7426.0,6111.5,6111.6,6113.4,1859.6,1858.5,1857.9,3680.2,3679.8,3680.3,2568.0,2567.6,2567.9,2898.6,2897.6,2898.8,27.459999,27.430000,going to home base
2024-04-13T00:49:14Z,2377.7,2376.8,2377.0,2624.8,2624.5,2624.7,5679.8,5679.1,5679.3,2340.4,2340.2,2340.9,3501.2,3501.0,3501.4,4414.0,4413.7,4414.3,6142.0,6144.7,6144.1,8628.0,8628.5,8628.8,5219.3,5217.6,5218.9,7427.1,7426.4,7425.7,6113.4,6113.6,6113.0,1859.3,1857.8,1857.9,3679.7,3680.1,3680.1,2567.8,2566.8,2567.1,2897.8,2897.9,2897.7,27.450001,27.430000,going to home base
2024-04-13T00:49:19Z,2377.8,2377.2,2377.2,2624.9,2624.9,2624.9,5679.7,5679.4,5679.7,2340.6,2340.4,2340.5,3501.4,3500.5,3500.9,4414.4,4413.9,4414.6,6145.6,6143.5,6144.7,8627.7,8627.3,8627.8,5219.0,5218.7,5218.6,7427.6,7427.6,7427.4,6109.6,6110.0,6110.2,1860.3,1858.7,1858.4,3680.3,3679.9,3681.0,2568.1,2567.2,2566.8,2897.6,2897.5,2898.6,27.459999,27.400000,going to home base
2024-04-13T00:49:24Z,2378.7,2377.5,2377.9,2624.9,2624.9,2625.4,5679.4,5678.9,5679.0,2340.2,2339.8,2340.2,3500.6,3500.5,3500.3,4414.0,4413.9,4414.0,6144.4,6143.8,6144.3,8627.2,8626.7,8628.0,5218.2,5218.2,5218.1,7427.7,7427.1,7426.3,6111.3,6110.0,6111.9,1859.8,1858.7,1858.6,3680.5,3680.3,3680.8,2567.9,2567.3,2567.4,2896.3,2896.8,2897.1,27.459999,27.459999,going to home base
2024-04-13T00:49:29Z,2378.0,2377.7,2377.7,2624.5,2624.3,2624.6,5679.5,5679.2,5679.1,2339.8,2339.9,2340.2,3501.8,3501.1,3500.6,4413.6,4413.5,4413.4,6141.8,6141.8,6143.2,8632.2,8626.4,8625.8,5219.2,5218.4,5218.9,7429.4,7427.9,7426.4,6109.1,6109.1,6110.6,1859.7,1858.7,1858.7,3679.4,3679.7,3680.7,2567.7,2567.0,2566.5,2898.4,2897.8,2897.9,27.459999,27.459999,going to home base
2024-04-13T00:49:34Z,2378.3,2378.1,2377.6,2624.5,2624.5,2624.8,5680.4,5679.8,5679.5,2340.0,2339.9,2340.7,3502.2,3501.7,3501.8,4413.1,4413.1,4413.0,6144.1,6143.5,6143.6,8627.9,8628.8,8630.2,5218.2,5218.9,5219.8,7429.0,7428.9,7428.4,6113.3,6113.5,6112.9,1859.5,1858.3,1857.8,3680.4,3680.4,3681.3,2567.8,2567.1,2566.9,2897.9,2897.2,2896.8,27.440001,27.459999,going to home base
2024-04-13T00:49:39Z,2378.0,2377.1,2377.4,2625.2,2624.7,2625.3,5680.3,5679.8,5679.8,2339.7,2339.8,2339.9,3502.1,3501.8,3501.4,4413.5,4413.7,4413.5,6143.6,6143.9,6144.1,8628.7,8630.0,8630.4,5219.2,5218.4,5219.9,7430.3,7429.5,7429.3,6113.6,6112.7,6111.6,1860.2,1858.6,1858.6,3680.5,3680.5,3681.6,2568.3,2567.4,2567.9,2898.0,2897.1,2896.7,27.480000,27.459999,going to home base
2024-04-13T00:49:44Z,2377.3,2377.2,2377.1,2624.7,2624.5,2624.4,5679.3,5679.2,5679.2,2340.2,2340.1,2340.1,3502.1,3501.5,3501.9,4413.7,4413.8,4414.1,6144.7,6143.6,6144.5,8630.2,8629.9,8629.8,5219.5,5218.6,5219.4,7428.9,7429.2,7429.0,6111.1,6110.4,6110.1,1860.1,1858.8,1858.8,3680.1,3680.6,3681.6,2567.8,2567.0,2567.0,2897.1,2896.3,2895.6,27.440001,27.469999,going to home base
2024-04-13T00:49:49Z,2377.5,2376.5,2376.8,2624.7,2623.9,2624.7,5679.3,5678.8,5679.1,2340.2,2339.9,2340.6,3501.6,3501.5,3501.4,4413.6,4413.4,4414.0,6142.9,6142.6,6142.2,8628.0,8630.6,8629.1,5220.0,5219.3,5219.3,7429.2,7428.2,7428.4,6113.5,6112.3,6114.3,1859.9,1858.2,1858.2,3680.7,3680.5,3681.5,2567.7,2567.1,2567.3,2898.1,2896.5,2896.6,27.459999,27.420000,going to home base
2024-04-13T00:49:54Z,2377.5,2377.1,2377.1,2624.1,2624.2,2624.5,5680.3,5679.9,5680.0,2339.2,2339.4,2339.9,3502.0,3501.7,3501.5,4413.2,4413.1,4413.3,6142.9,6142.3,6142.8,8629.6,8630.5,8628.9,5216.5,5216.5,5217.8,7428.3,7427.0,7428.4,6110.5,6111.9,6111.8,1860.3,1858.7,1858.7,3680.1,3680.4,3680.6,2568.5,2567.8,2568.1,2896.7,2895.8,2896.6,27.480000,27.469999,going to home base
2024-04-13T00:49:59Z,2378.0,2376.8,2377.4,2623.9,2623.4,2624.2,5679.4,5679.6,5679.5,2339.9,2339.7,2340.2,3501.7,3501.0,3501.1,4413.9,4413.8,4413.8,6144.4,6144.9,6145.5,8630.4,8631.2,8629.3,5219.0,5219.1,5219.4,7427.2,7427.4,7426.9,6114.4,6113.8,6113.1,1859.2,1857.7,1858.1,3680.2,3680.6,3681.5,2568.7,2567.5,2568.4,2897.0,2895.7,2896.2,27.450001,27.469999,going to home base
2024-04-13T00:50:04Z,2377.3,2376.7,2377.1,2624.3,2624.2,2624.0,5679.5,5679.2,5679.6,2340.0,2340.1,2339.8,3502.3,3502.1,3502.1,4414.0,4413.8,4413.3,6143.8,6142.9,6145.0,8629.9,8629.5,8628.6,5220.4,5219.2,5220.2,7429.6,7427.8,7428.4,6113.1,6112.5,6113.4,1859.7,1858.3,1858.5,3680.2,3679.8,3681.3,2568.3,2567.5,2567.5,2896.2,2896.6,2896.5,27.480000,27.469999,going to home base
2024-04-13T00:50:09Z,2377.6,2376.5,2377.4,2624.1,2624.3,2624.6,5679.5,5679.3,5679.8,2339.2,2339.6,2340.2,3502.2,3502.6,3501.6,4413.9,4414.1,4413.9,6145.2,6146.1,6145.9,8631.6,8629.0,8630.0,5219.5,5218.3,5220.4,7430.6,7428.6,7427.6,6111.8,6111.3,6110.7,1859.6,1858.3,1857.9,3680.7,3681.0,3681.7,2568.1,2567.2,2567.4,2895.7,2895.7,2895.9,27.480000,27.440001,going to home base
2024-04-13T00:50:19Z,2378.1,2377.1,2377.5,2624.1,2624.2,2624.6,5679.6,5678.8,5679.1,2340.4,2340.1,2340.5,3501.2,3501.4,3500.7,4413.7,4413.6,4413.5,6139.9,6141.0,6141.6,8627.6,8628.6,8632.3,5219.5,5220.2,5221.9,7428.0,7427.0,7426.5,61start,26841.0,26847.5,2623.9,2623.9,5678.7,5677.9,5678.8,2339.6,2339.0,2339.6,3753.2,3753.1,88218.5,88242.9,14259.8,3501.7,going to home base
2024-04-13T00:50:29Z,2378.0,2377.3,2377.4,2623.9,2624.2,2624.6,5679.6,5679.2,5679.3,2340.1,2340.3,2340.3,3501.2,3501.2,3500.8,4414.0,4414.4,4414.0,6141.3,6140.7,6140.0,8628.8,8628.5,8629.4,5218.6,5219.3,5219.7,7429.5,7428.3,7428.4,6112.8,6113.9,6114.2,1859.5,1858.7,1858.3,3679.9,3679.9,3680.9,2568.2,2567.0,2566.9,2896.2,2895.5,2896.5,27.450001,27.430000,going to home base
2024-04-13T00:50:34Z,2377.3,2376.3,2377.0,2625.1,2624.6,2624.7,5679.3,5679.1,5679.4,2339.3,2339.5,2340.1,3500.5,3500.8,3501.0,4413.3,4413.3,4413.1,6139.8,6140.9,6142.1,8628.6,8628.7,8628.1,5219.1,5219.8,5219.9,7427.6,7428.5,7428.0,6113.6,6113.3,6113.6,1859.2,1857.8,1857.6,3679.4,3679.4,3680.3,2567.6,2566.6,2566.9,2897.5,2896.5,2897.7,27.459999,27.430000,going to home base
2024-04-13T00:50:39Z,2377.6,2377.1,2377.5,2624.0,2624.0,2624.5,5678.6,5678.5,5678.7,2339.7,2339.7,2339.9,3501.8,3502.1,3501.5,4413.2,4413.3,4412.6,6142.0,6140.7,6141.4,8630.4,8629.1,8628.0,5216.5,5216.5,5217.9,7429.5,7427.8,7427.4,6114.9,6115.3,6116.2,1859.5,1857.6,1857.5,3679.6,3679.4,3680.0,2567.2,2566.6,2567.1,2898.0,2896.4,2896.6,27.459999,27.420000,going to home base
2024-04-13T00:50:44Z,2376.9,2376.4,2376.7,2624.5,2624.2,2625.0,5679.4,5678.6,5678.9,2339.1,2339.3,2339.5,3501.6,3502.0,3501.8,4413.8,4413.8,4413.6,6139.0,6139.9,6139.8,8626.8,8626.6,8628.2,5218.7,5219.1,5220.2,7428.6,7428.6,7428.2,6111.5,6112.9,6113.7,1859.1,1857.6,1857.8,3679.7,3679.4,3680.7,2568.2,2567.1,2567.4,2898.4,2898.1,2899.0,27.450001,27.370001,going to home base
2024-04-13T00:50:49Z,2378.1,2377.2,2377.2,2624.0,2623.9,2624.3,5678.7,5678.0,5678.1,2338.6,2338.9,2339.1,3501.7,3501.2,3501.3,4413.9,4413.7,4414.1,6138.9,6138.3,6139.3,8629.1,8628.3,8628.6,5216.0,5216.0,5216.6,7429.4,7427.7,7427.1,6113.7,6113.9,6113.4,1859.3,1857.7,1858.3,3680.6,3680.3,3680.9,2567.8,2567.0,2566.8,2897.6,2897.3,2897.3,27.450001,27.379999,going to home base
2024-04-13T00:50:54Z,2377.3,2376.6,2376.9,2624.3,2623.6,2624.4,5678.6,5678.1,5678.3,2339.0,2338.7,2339.2,3501.4,3501.9,3502.0,4413.5,4413.1,4413.5,6140.3,6140.6,6140.1,8628.2,8627.9,8626.2,5215.6,5214.6,5216.6,7427.2,7427.3,7427.1,6114.2,6115.4,6115.3,1859.6,1858.2,1858.4,3680.3,3680.3,3681.0,2567.7,2566.9,2566.9,2897.2,2897.0,2896.7,27.490000,27.360001,going to home base
2024-04-13T00:50:59Z,2377.9,2377.3,2377.6,2624.1,2624.6,2624.7,5679.3,5679.0,5679.0,2339.3,2339.7,2339.7,3501.8,3500.7,3500.7,4413.3,4413.1,4413.5,6139.1,6138.5,6138.7,8626.2,8628.3,8629.0,5217.1,5216.8,5218.0,7427.6,7427.5,7427.5,6113.4,6112.9,6114.8,1858.8,1857.4,1857.2,3680.8,3680.5,3681.6,2567.2,2565.9,2566.4,2896.6,2896.4,2897.4,27.480000,27.420000,going to home base
2024-04-13T00:51:04Z,2377.9,2377.3,2377.1,2624.5,2624.6,2624.7,5679.2,5677.9,5678.5,2339.6,2339.6,2339.7,3501.4,3500.8,3500.6,4413.3,4413.0,4413.6,6140.1,6141.7,6141.6,8628.4,8627.8,8628.8,5219.8,5219.5,5220.5,7428.2,7428.3,7428.0,6110.2,6113.4,6114.1,1859.1,1857.8,1857.7,3679.8,3679.4,3680.6,2567.7,2566.9,2566.9,2896.6,2896.0,2897.1,27.450001,27.360001,going to home base
2024-04-13T00:51:09Z,2377.0,2376.5,2376.6,2624.4,2624.1,2624.7,5679.2,5678.5,5678.3,2339.4,2339.4,2339.5,3501.5,3501.4,3500.9,4413.6,4413.1,4413.1,6134.4,6134.4,6135.3,8628.0,8628.4,8630.7,5218.9,5217.6,5220.3,7427.6,7427.1,7427.4,6111.2,6112.5,6116.0,1859.3,1857.7,1857.8,3679.8,3679.8,3680.4,2566.9,2566.3,2566.6,2897.5,2897.5,2897.2,27.459999,27.400000,going to home base
2024-04-13T00:51:14Z,2377.7,2376.9,2377.3,2623.2,2623.1,2623.4,5678.4,5678.6,5678.3,2338.9,2339.0,2339.4,3501.7,3500.8,3501.2,4413.9,4413.8,4414.0,6137.3,6137.9,6138.8,8626.5,8627.7,8627.8,5219.4,5219.2,5220.2,7427.7,7425.7,7426.3,6112.0,6110.0,6111.9,1859.5,1858.3,1858.3,3679.5,3680.0,3680.3,2568.1,2566.8,2567.2,2897.7,2897.4,2897.8,27.480000,27.389999,going to home base
2024-04-13T00:51:19Z,2377.1,2376.6,2376.4,2623.7,2623.9,2623.7,5678.8,5678.2,5678.5,2339.4,2339.4,2339.7,3501.1,3501.0,3501.2,4413.5,4413.0,4413.4,6138.3,6137.6,6138.4,8629.4,8626.6,8626.4,5219.9,5219.3,5220.5,7426.9,7426.4,7427.7,6112.0,6113.9,6114.1,1859.4,1857.9,1858.0,3679.5,3679.3,3680.3,2566.8,2566.3,2566.4,2896.1,2895.0,2896.4,27.450001,27.360001,going to home base
2024-04-13T00:51:24Z,2377.0,2376.6,2376.6,2623.5,2623.3,2624.2,5678.3,5678.5,5678.6,2338.5,2338.6,2338.9,3501.4,3500.6,3501.0,4413.2,4413.5,4412.9,6142.1,6141.0,6140.6,8628.4,8631.1,8630.7,5218.9,5219.5,5219.5,7427.1,7427.5,7427.1,6113.6,6112.8,6112.0,1859.3,1857.9,1857.7,3679.4,3679.1,3680.3,2567.4,2566.8,2567.2,2895.0,2895.0,2894.9,27.490000,27.370001,going to home base
2024-04-13T00:51:29Z,2377.5,2377.1,2377.3,2623.5,2623.7,2623.8,5678.1,5678.5,5678.3,2338.7,2338.7,2339.5,3501.0,3500.5,3501.0,4413.1,4412.9,4412.8,6139.2,6137.8,6142.4,8629.7,8628.5,8631.1,5220.1,5219.3,5220.3,7427.6,7425.9,7426.9,6111.3,6111.3,6110.6,1858.8,1857.4,1857.3,3679.0,3678.9,3679.4,2566.5,2565.9,2565.5,2896.4,2895.6,2895.8,27.459999,27.350000,going to home base
2024-04-13T00:51:34Z,2376.1,2375.6,2376.3,2623.6,2623.3,2624.1,5678.4,5678.3,5677.6,2338.3,2338.8,2339.2,3501.4,3500.8,3500.9,4414.2,4413.6,4413.6,6140.8,6139.3,6140.0,8629.2,8629.6,8628.2,5221.0,5220.4,5221.4,7428.6,7428.0,7426.8,6116.1,6114.7,6114.6,1859.0,1857.5,1857.6,3678.8,3679.1,3680.0,2567.4,2566.0,2566.1,2896.3,2895.1,2895.6,27.450001,27.389999,going to home base
2024-04-13T00:51:39Z,2376.8,2376.5,2376.9,2623.7,2623.4,2623.4,5677.6,5678.1,5678.2,2338.6,2339.1,2339.8,3500.0,3499.8,3499.8,4413.2,4413.0,4413.4,6141.4,6139.1,6140.3,8629.9,8629.4,8629.8,5218.2,5218.2,5219.2,7426.5,7427.1,7427.5,6113.9,6113.9,6112.4,1858.1,1856.8,1857.1,3678.7,3678.7,3679.4,2566.3,2565.7,2565.6,2896.2,2895.0,2895.8,27.450001,27.360001,going to home base
2024-04-13T00:51:44Z,2376.6,2376.8,2376.1,2623.6,2624.0,2624.3,5679.0,5678.6,5678.6,2338.6,2338.8,2339.5,3500.3,3500.3,3500.4,4412.4,4412.4,4412.9,6139.3,6139.1,6139.8,8626.6,8627.0,8627.3,5218.5,5216.2,5216.4,7429.1,7427.8,7426.5,6112.6,6111.9,6113.3,1858.8,1857.8,1857.5,3679.4,3679.3,3680.4,2567.3,2566.4,2566.4,2896.7,2896.1,2896.9,27.459999,27.350000,going to home base
2024-04-13T00:51:49Z,2376.4,2376.1,2376.2,2623.7,2623.6,2623.8,5678.3,5677.6,5677.8,2338.5,2338.4,2339.7,3500.8,3500.5,3500.4,4413.1,4413.1,4412.8,6139.3,6140.1,6139.4,8626.0,8627.8,8628.0,5219.0,5218.7,5219.7,7427.6,7427.1,7426.3,6111.0,6111.0,6111.5,1858.5,1857.2,1856.9,3678.1,3678.1,3678.8,2567.2,2566.7,2566.4,2896.3,2896.6,2896.2,27.459999,27.370001,going to home base
2024-04-13T00:51:54Z,2376.2,2375.1,2375.5,2623.9,2623.8,2623.9,5677.9,5677.8,5677.5,2339.7,2339.7,2340.2,3500.8,3500.1,3499.9,4412.5,4412.7,4413.2,6141.1,6140.6,6141.2,8626.7,8626.4,8628.5,5219.7,5218.7,5221.1,7427.2,7425.2,7426.1,6111.5,6110.0,6111.5,1859.0,1857.6,1857.8,3677.9,3678.1,3679.0,2566.7,2566.1,2566.2,2896.4,2895.6,2897.0,27.459999,27.330000,going to home base
2024-04-13T00:51:59Z,2376.7,2376.4,2376.5,2623.7,2624.1,2624.1,5679.6,5679.1,5678.9,2339.0,2338.7,2339.1,3501.2,3500.9,3500.5,4413.0,4413.1,4412.9,6139.0,6140.0,6140.0,8626.9,8627.5,8627.1,5217.5,5217.7,5218.7,7425.8,7423.7,7425.1,6112.7,6111.2,6111.2,1859.2,1857.9,1857.7,3678.2,3679.0,3679.7,2567.5,2566.8,2566.1,2896.0,2894.4,2895.1,27.459999,27.330000,going to home base
2024-04-13T00:52:04Z,2376.8,2376.1,2376.4,2623.4,2623.6,2624.2,5679.6,5679.0,5678.8,2338.7,2338.3,2339.2,3501.0,3500.4,3500.7,4411.9,4412.2,4412.0,6142.5,6141.8,6142.0,8626.6,8625.9,8624.3,5218.5,5219.6,5218.2,7425.4,7425.0,7424.2,6113.3,6113.1,6112.1,1859.0,1857.6,1857.5,3679.0,3678.9,3679.9,2566.1,2565.4,2565.4,2896.5,2896.1,2896.2,27.459999,27.430000,going to home base
2024-04-13T00:52:09Z,2376.8,2376.9,2376.2,2623.9,2623.6,2624.5,5678.5,5678.0,5678.4,2339.3,2339.4,2339.6,3500.7,3501.1,3500.7,4412.7,4412.4,4412.5,6140.2,6138.7,6138.7,8627.7,8625.5,8626.2,5218.8,5218.8,5219.5,7426.0,7424.9,7426.5,6112.2,6111.1,6111.0,1859.1,1857.8,1857.7,3678.6,3678.7,3679.7,2566.3,2565.7,2565.7,2895.2,2894.5,2895.4,27.459999,27.350000,going to home base
2024-04-13T00:52:14Z,2376.9,2375.8,2376.0,2623.5,2623.2,2623.2,5678.7,5678.5,5678.5,2339.4,2339.6,2340.1,3500.1,3500.1,3500.1,4412.1,4411.9,4412.1,6138.1,6137.6,6136.8,8624.6,8624.1,8624.0,5215.2,5215.6,5217.2,7427.1,7424.3,7425.8,6109.6,6108.0,6110.0,1859.1,1857.5,1857.5,3679.0,3679.2,3679.8,2566.6,2565.9,2565.5,2895.7,2896.7,2896.7,27.480000,27.379999,going to home base
2024-04-13T00:52:19Z,2377.6,2376.8,2377.2,2623.4,2623.5,2623.2,5678.2,5678.3,5678.0,2339.8,2339.4,2340.1,3501.3,3500.4,3500.4,4412.8,4412.8,4412.9,6141.4,6141.2,6140.8,8629.4,8625.7,8629.5,5219.0,5218.4,5218.4,7427.8,7426.4,7426.4,6113.0,6113.3,6113.3,1859.0,1857.6,1857.0,3680.1,3679.4,3680.3,2567.1,2566.6,2566.8,2896.5,2895.8,2896.3,27.459999,27.430000,going to home base
2024-04-13T00:52:24Z,2377.1,2376.4,2376.3,2623.0,2622.8,2623.0,5678.6,5678.1,5678.3,2340.0,2340.0,2340.3,3501.2,3500.8,3500.9,4412.7,4412.9,4412.8,6138.2,6136.7,6137.2,8627.2,8624.9,8626.2,5218.5,5218.8,5219.0,7425.6,7425.9,7427.2,6115.3,6113.4,6113.4,1859.2,1857.5,1857.6,3679.2,3679.8,3680.3,2566.4,2565.6,2565.9,2896.5,2895.8,2895.7,27.480000,27.420000,going to home base
2024-04-13T00:52:29Z,2377.4,2377.1,2377.0,2623.3,2623.4,2624.1,5679.0,5678.4,5678.4,2338.8,2339.2,2339.4,3501.4,3501.1,3501.4,4412.9,4412.1,4412.7,6140.9,6140.9,6140.2,8625.2,8624.8,8626.2,5216.9,5217.8,5218.2,7427.1,7428.1,7427.9,6113.2,6113.4,6115.0,1859.6,1858.0,1857.8,3678.4,3678.5,3679.2,2566.4,2565.8,2565.5,2896.2,2895.4,2895.6,27.450001,27.430000,going to home base
2024-04-13T00:52:34Z,2376.7,2376.1,2376.4,2624.2,2623.4,2624.2,5679.0,5678.5,5678.3,2340.3,2340.0,2339.9,3501.5,3501.2,3500.8,4412.4,4412.2,4412.5,6140.2,6139.5,6140.6,8624.8,8626.6,8625.6,5218.0,5218.0,5218.3,7426.9,7425.8,7425.9,6113.3,6112.8,6114.3,1859.5,1858.0,1858.1,3678.8,3679.2,3679.6,2565.6,2565.4,2565.5,2894.2,2894.1,2893.9,27.480000,27.410000,going to home base
2024-04-13T00:52:39Z,2376.2,2375.6,2375.7,2623.4,2622.9,2623.0,5678.8,5678.0,5678.5,2339.9,2339.5,2339.7,3501.2,3501.0,3501.3,4412.6,4412.6,4411.9,6140.7,6138.3,6141.0,8627.6,8625.7,8626.0,5218.3,5219.1,5219.7,7425.3,7424.8,7424.3,6112.4,6111.0,6111.3,1859.5,1858.2,1857.7,3677.9,3678.3,3679.2,2566.0,2565.5,2565.6,2895.0,2894.5,2894.5,27.480000,27.420000,going to home base
2024-04-13T00:52:44Z,2375.8,2375.1,2375.9,2623.9,2623.8,2623.9,5678.6,5678.6,5678.9,2339.2,2339.5,2339.1,3502.8,3501.7,3500.9,4412.0,4411.9,4411.6,6138.2,6138.2,6137.8,8625.9,8625.5,8626.3,5216.2,5215.5,5217.2,7425.7,7425.6,7426.8,6112.9,6111.4,6112.8,1859.7,1858.3,1857.9,3679.0,3679.5,3680.3,2566.4,2565.5,2565.7,2896.1,2895.7,2897.4,27.450001,27.420000,going to home base
2024-04-13T00:52:49Z,2376.8,2376.3,2376.1,2623.0,2623.4,2623.9,5678.8,5678.3,5678.9,2338.8,2338.5,2339.0,3501.3,3500.4,3501.2,4412.0,4411.7,4412.0,6139.9,6139.9,6140.7,8624.9,8623.3,8625.9,5217.1,5217.0,5217.3,7426.4,7425.6,7424.7,6112.4,6112.5,6112.9,1859.1,1857.4,1857.6,3678.6,3679.0,3680.3,2566.5,2565.6,2565.3,2897.3,2896.9,2897.2,27.450001,27.440001,going to home base
2024-04-13T00:52:54Z,2377.2,2376.7,2376.8,2623.1,2622.9,2623.3,5678.7,5678.0,5678.0,2338.6,2338.8,2339.3,3501.1,3500.9,3500.6,4411.8,4411.3,4411.6,6139.3,6138.0,6139.3,8626.6,8625.6,8623.7,5219.4,5219.1,5218.9,7428.9,7429.2,7428.1,6113.4,6113.7,6115.5,1858.7,1857.4,1857.8,3679.4,3679.4,3680.2,2566.5,2565.7,2565.6,2896.8,2896.1,2896.0,27.459999,27.400000,going to home base
2024-04-13T00:52:59Z,2377.8,2377.0,2377.2,2623.1,2623.0,2623.5,5678.9,5678.7,5678.8,2339.4,2339.6,2340.4,3500.7,3499.9,3499.8,4411.6,4411.4,4411.0,6138.6,6138.0,6138.9,8625.3,8625.8,8626.7,5217.3,5216.6,5216.6,7427.2,7427.1,7427.6,6113.9,6113.5,6114.5,1859.1,1858.2,1858.0,3679.4,3679.4,3680.0,2567.0,2566.0,2565.9,2897.4,2896.7,2896.2,27.440001,27.420000,going to home base
2024-04-13T00:53:04Z,2376.6,2376.1,2376.1,2623.5,2623.4,2623.9,5678.7,5677.9,5678.1,2338.8,2339.0,2339.6,3501.5,3501.1,3501.5,4412.1,4411.9,4412.0,6141.0,6139.8,6138.5,8627.8,8625.8,8627.7,5217.7,5217.4,5218.5,7427.0,7426.9,7426.7,6112.8,6113.0,6113.3,1859.0,1857.3,1857.2,3678.8,3678.3,3680.0,2565.9,2564.5,2565.0,2895.9,2896.5,2897.3,27.450001,27.430000,going to home base
2024-04-13T00:53:09Z,2376.6,2375.9,2375.7,2623.2,2623.3,2624.0,5678.4,5678.1,5678.4,2338.7,2338.8,2338.5,3501.4,3500.8,3501.0,4412.0,4411.9,4412.3,6139.3,6139.2,6138.4,8624.7,8624.4,8625.0,5216.4,5216.3,5216.8,7428.0,7428.3,7427.7,6116.2,6115.1,6114.0,1859.4,1857.8,1857.7,3679.1,3679.4,3680.1,2566.8,2565.9,2565.6,2896.4,2896.3,2896.0,27.450001,27.420000,going to home base
2024-04-13T00:53:14Z,2376.5,2376.1,2376.3,2623.1,2623.7,2624.6,5678.1,5677.8,5678.3,2339.3,2338.9,2339.4,3501.2,3501.2,3500.6,4413.0,4412.6,4412.4,6139.4,6139.5,6139.3,8627.6,8625.0,8625.4,5215.6,5215.7,5215.8,7427.4,7427.4,7425.4,6114.9,6115.6,6115.5,1859.1,1857.7,1857.7,3679.7,3679.5,3680.1,2566.2,2564.7,2564.9,2897.3,2896.9,2897.8,27.450001,27.430000,going to home base
2024-04-13T00:53:19Z,2376.8,2376.0,2376.0,2623.2,2623.7,2624.7,5678.9,5678.7,5678.8,2338.8,2338.8,2339.3,3501.0,3500.3,3500.9,4413.0,4412.5,4412.6,6139.9,6139.2,6139.0,8626.6,8626.7,8627.4,5218.4,5218.4,5220.0,7428.1,7427.3,7427.2,6115.4,6116.5,6117.2,1859.2,1857.6,1857.4,3679.2,3679.6,3681.1,2566.3,2565.3,2565.4,2898.2,2896.2,2896.6,27.459999,27.440001,going to home base
2024-04-13T00:53:24Z,2376.7,2376.2,2376.1,2624.1,2623.9,2624.4,5678.8,5677.9,5678.5,2339.0,2338.5,2339.2,3501.4,3500.8,3501.1,4412.4,4412.7,4412.7,6141.3,6140.5,6141.2,8629.5,8629.9,8627.9,5217.1,5218.0,5218.1,7427.4,7426.2,7427.8,6113.3,6113.7,6113.6,1859.8,1858.5,1857.9,3680.0,3680.1,3681.2,2567.1,2565.6,2566.1,2896.0,2896.2,2895.9,27.450001,27.459999,going to home base
2024-04-13T00:53:29Z,2377.4,2376.5,2376.4,2624.2,2624.4,2624.5,5678.1,5678.1,5678.2,2339.4,2339.4,2339.8,3501.2,3501.1,3500.7,4412.4,4412.4,4412.8,6139.9,6139.2,6140.4,8625.5,8625.0,8628.1,5217.4,5217.1,5218.9,7428.2,7426.1,7426.2,6112.1,6113.3,6113.8,1859.3,1857.9,1857.8,3679.2,3679.4,3680.3,2566.4,2565.8,2565.4,2898.4,2897.8,2898.1,27.459999,27.389999,going to home base
2024-04-13T00:53:34Z,2377.1,2376.3,2376.8,2624.0,2623.8,2624.1,5678.7,5678.2,5677.9,2339.4,2338.7,2339.7,3500.5,3499.6,3500.2,4411.8,4411.7,4412.1,6138.5,6137.5,6139.4,8623.8,8624.3,8626.1,5215.8,5216.4,5217.4,7428.6,7427.5,7428.4,6114.3,6114.4,6115.3,1858.8,1857.5,1857.2,3680.3,3679.8,3680.7,2566.7,2565.8,2565.6,2896.4,2896.0,2895.5,27.450001,27.389999,going to home base
2024-04-13T00:53:39Z,2376.4,2375.9,2376.0,2624.6,2623.9,2624.2,5678.3,5678.4,5678.5,2338.8,2338.7,2339.0,3500.3,3499.8,3499.5,4411.6,4411.3,4411.5,6139.2,6139.6,6139.0,8625.8,8625.5,8627.4,5216.6,5216.3,5218.1,7427.2,7426.5,7426.0,6110.6,6109.6,6111.4,1859.4,1858.0,1858.1,3679.4,3679.1,3680.7,2565.2,2564.4,2564.8,2895.7,2895.9,2896.1,27.459999,27.400000,going to home base
2024-04-13T00:53:44Z,2376.4,2375.6,2375.7,2623.8,2623.9,2623.8,5678.5,5677.8,5677.7,2338.5,2338.3,2338.5,3500.7,3500.4,3499.9,4412.3,4411.6,4412.4,6136.7,6137.2,6137.9,8627.5,8627.1,8627.2,5218.4,5217.3,5218.2,7427.8,7428.5,7428.8,6112.0,6110.2,6109.9,1860.0,1858.0,1858.1,3678.6,3679.4,3680.0,2565.4,2564.9,2565.0,2896.9,2896.2,2895.8,27.480000,27.360001,going to home base
2024-04-13T00:53:49Z,2376.5,2375.9,2376.2,2623.4,2623.0,2623.8,5678.4,5678.0,5677.9,2338.4,2338.5,2338.4,3500.0,3499.5,3500.0,4412.6,4412.2,4412.2,6137.8,6136.9,6135.9,8627.3,8626.2,8626.4,5218.4,5217.8,5218.3,7427.1,7425.5,7424.9,6112.0,6111.8,6112.9,1859.2,1857.4,1857.6,3678.6,3679.1,3679.4,2566.0,2564.9,2565.5,2896.8,2896.5,2895.9,27.480000,27.360001,going to home base
2024-04-13T00:53:54Z,2376.7,2376.1,2376.4,2623.2,2623.2,2623.7,5678.4,5677.9,5677.6,2338.3,2338.7,2338.8,3500.6,3500.6,3500.5,4412.3,4412.3,4412.1,6140.9,6140.4,6142.3,8627.3,8631.1,8627.0,5217.3,5216.7,5217.4,7426.1,7425.6,7425.6,6112.2,6109.9,6110.3,1859.7,1858.4,1858.2,3677.9,3678.0,3678.2,2566.3,2565.4,2565.7,2896.2,2895.7,2896.4,27.459999,27.370001,going to home base
2024-04-13T00:53:59Z,2376.6,2375.6,2376.1,2623.3,2622.8,2623.5,5677.7,5677.2,5677.7,2339.0,2338.8,2339.5,3500.0,3499.8,3500.3,4412.0,4411.5,4411.5,6139.1,6137.8,6138.4,8626.7,8624.9,8626.0,5215.1,5214.8,5216.4,7428.1,7425.9,7426.5,6114.5,6113.7,6114.1,1858.7,1857.8,1857.8,3678.2,3678.4,3679.3,2566.1,2565.0,2565.3,2897.5,2896.2,2896.9,27.459999,27.350000,going to home base
2024-04-13T00:54:04Z,2376.1,2375.5,2375.8,2622.9,2623.0,2623.1,5677.2,5676.5,5676.9,2339.1,2338.9,2339.5,3500.3,3500.4,3500.5,4412.2,4412.5,4412.3,6139.2,6138.0,6138.4,8627.1,8625.9,8625.1,5217.9,5218.5,5218.3,7425.7,7425.2,7423.9,6112.8,6113.2,6112.6,1859.3,1858.3,1857.9,3677.9,3677.9,3679.0,2566.1,2565.3,2565.5,2896.8,2895.6,2895.5,27.480000,27.320000,going to home base
2024-04-13T00:54:09Z,2376.1,2375.7,2376.0,2622.9,2623.2,2623.2,5677.8,5677.2,5677.2,2338.6,2338.8,2338.9,3500.8,3500.4,3500.5,4412.0,4411.7,4411.6,6136.8,6138.6,6137.6,8626.2,8628.6,8628.9,5217.4,5217.2,5218.0,7426.6,7426.8,7426.6,6110.7,6110.5,6111.3,1858.6,1857.3,1857.1,3677.9,3678.2,3678.8,2565.3,2564.7,2564.5,2895.8,2895.2,2896.1,27.459999,27.330000,going to home base
2024-04-13T00:54:14Z,2376.7,2376.1,2376.3,2623.3,2622.7,2622.9,5677.5,5676.7,5677.3,2339.2,2339.1,2339.4,3500.4,3500.4,3500.5,4412.0,4411.9,4411.7,6139.2,6140.0,6138.7,8626.0,8626.6,8624.8,5217.6,5216.7,5217.8,7423.9,7424.2,7424.5,6112.6,6111.4,6112.8,1858.4,1857.0,1856.8,3677.3,3677.4,3678.3,2565.7,2564.7,2565.0,2896.9,2897.1,2896.9,27.490000,27.330000,going to home base
2024-04-13T00:54:19Z,2376.0,2375.9,2376.0,2623.6,2623.7,2623.1,5677.9,5677.5,5677.7,2339.1,2338.8,2339.4,3501.0,3500.9,3500.5,4412.4,4411.9,4411.8,6138.7,6138.2,6138.1,8626.3,8628.4,8625.5,5216.4,5215.6,5216.4,7424.5,7424.0,7424.4,6113.0,6112.0,6111.9,1859.0,1857.5,1857.4,3677.3,3677.6,3678.2,2565.7,2564.0,2565.2,2895.5,2894.5,2895.5,27.459999,27.389999,going to home base
2024-04-13T00:54:24Z,2376.9,2376.1,2376.5,2623.4,2623.3,2623.6,5677.7,5677.3,5677.3,2338.7,2338.9,2339.1,3501.8,3501.0,3500.7,4411.9,4411.9,4411.5,6138.6,6139.6,6139.4,8627.0,8625.4,8626.8,5218.4,5217.0,5218.8,7426.9,7426.1,7425.4,6110.0,6110.3,6112.5,1858.9,1857.3,1857.5,3677.3,3677.6,3678.2,2566.2,2565.0,2565.7,2894.3,2893.1,2893.8,27.450001,27.350000,going to home base
2024-04-13T00:54:29Z,2376.6,2375.2,2375.4,2624.3,2624.1,2623.8,5677.2,5676.8,5676.8,2338.4,2338.2,2338.6,3500.7,3500.2,3500.8,4411.6,4411.5,4411.2,6137.2,6137.2,6137.3,8624.9,8623.4,8624.9,5217.4,5216.7,5217.7,7426.5,7426.0,7427.3,6111.9,6110.3,6110.2,1858.7,1857.2,1857.3,3676.8,3676.6,3677.5,2565.5,2564.9,2565.6,2895.5,2895.2,2894.6,27.459999,27.330000,going to home base
2024-04-13T00:54:34Z,2375.5,2374.6,2374.7,2623.9,2623.6,2623.8,5677.8,5677.2,5677.0,2339.2,2339.0,2339.1,3500.7,3500.2,3500.5,4411.0,4411.1,4411.1,6141.6,6139.9,6142.5,8626.2,8627.1,8626.5,5216.1,5215.9,5216.7,7427.4,7426.3,7424.8,6108.3,6108.8,6108.9,1858.9,1857.6,1857.2,3677.4,3677.5,3678.3,2565.5,2564.9,2565.0,2895.7,2895.2,2896.0,27.459999,27.360001,going to home base
2024-04-13T00:54:39Z,2376.4,2375.6,2376.0,2623.7,2623.1,2624.0,5677.9,5677.2,5677.3,2338.8,2339.3,2339.5,3500.0,3500.0,3499.4,4411.8,4411.2,4411.4,6138.4,6137.6,6138.9,8626.5,8626.9,8626.4,5216.5,5216.2,5217.2,7428.5,7427.2,7427.3,6113.2,6112.4,6111.8,1858.6,1857.5,1857.1,3677.3,3677.4,3678.6,2566.4,2565.0,2565.3,2895.7,2895.7,2895.7,27.459999,27.370001,going to home base
2024-04-13T00:54:44Z,2376.5,2375.2,2375.9,2622.2,2622.2,2623.0,5677.6,5677.6,5677.4,2339.0,2339.1,2339.5,3500.4,3500.0,3499.5,4411.5,4411.2,4411.2,6142.2,6139.2,6139.6,8625.3,8625.6,8624.0,5216.7,5216.8,5217.0,7425.9,7424.7,7425.9,6112.6,6111.8,6112.4,1858.8,1857.6,1857.4,3678.2,3678.4,3679.3,2566.3,2565.9,2565.4,2894.2,2893.0,2894.5,27.450001,27.379999,going to home base
2024-04-13T00:54:49Z,2375.6,2375.0,2375.0,2623.7,2624.9,2624.3,5678.4,5677.3,5677.5,2338.8,2338.4,2339.0,3500.9,3499.9,3500.3,4411.9,4411.3,4411.6,6135.5,6134.6,6135.5,8624.3,8624.1,8623.9,5217.0,5216.5,5217.3,7424.9,7425.0,7424.6,6112.0,6111.6,6111.7,1859.0,1857.7,1857.7,3677.7,3677.9,3678.4,2567.3,2565.8,2565.8,2894.8,2895.5,2895.1,27.450001,27.420000,going to home base
2024-04-13T00:54:54Z,2376.0,2375.3,2375.7,2623.6,2623.6,2624.2,5677.6,5677.3,5677.5,2338.8,2339.0,2339.8,3500.4,3500.2,3500.4,4411.8,4411.4,4411.6,6137.0,6136.2,6136.4,8623.7,8624.2,8623.6,5218.8,5218.3,5218.5,7427.4,7426.3,7427.4,6112.2,6112.5,6112.5,1858.7,1857.1,1857.1,3677.9,3678.1,3679.3,2567.2,2565.8,2566.0,2895.1,2894.2,2895.3,27.450001,27.430000,going to home base
2024-04-13T00:54:59Z,2376.1,2375.7,2375.4,2623.2,2622.7,2622.5,5678.1,5676.8,5678.0,2339.1,2339.3,2339.3,3500.8,3501.1,3500.4,4411.5,4411.6,4411.4,6136.6,6135.3,6136.4,8622.2,8624.5,8623.9,5214.3,5213.2,5214.2,7426.5,7426.3,7426.0,6113.8,6112.4,6112.8,1859.3,1857.8,1857.8,3677.7,3677.3,3677.8,2566.2,2565.9,2565.7,2895.5,2895.0,2895.1,27.480000,27.420000,going to home base
2024-04-13T00:55:04Z,2376.3,2375.8,2376.0,2622.4,2623.0,2623.0,5677.7,5677.4,5677.4,2338.7,2338.6,2339.0,3501.2,3500.7,3500.9,4411.5,4411.3,4412.0,6134.1,6133.9,6132.0,8625.5,8625.4,8625.8,5215.5,5214.7,5216.4,7425.7,7426.4,7426.2,6111.1,6110.2,6111.9,1859.6,1858.0,1857.9,3677.6,3677.3,3678.2,2566.4,2565.4,2565.6,2896.0,2895.4,2895.8,27.459999,27.360001,going to home base
2024-04-13T00:55:14Z,2376.4,2376.2,2376.3,2623.0,2623.1,2623.4,5678.1,5677.0,5677.3,2338.6,2338.9,2339.2,3501.2,3500.7,3500.0,4411.6,4411start,26829.8,26833.0,2376.5,2376.2,5677.7,5677.2,5677.0,2338.2,2338.3,2338.6,3752.1,3751.8,88218.5,88227.6,14248.3,14251.3,4411.6,4411.5,4411.6,6137.7,6135.6,6137.1,16572.4,16573.5,34081.7,34086.3,8624.2,8625.1,5213.9,5215.5,going to home base
2024-04-13T00:55:24Z,2376.4,2376.1,2376.1,2623.2,2623.4,2623.8,5677.6,5677.5,5677.7,2338.2,2338.8,2338.9,3501.0,3500.1,3500.5,4411.4,4411.2,4411.4,6138.2,6137.0,6137.4,8626.6,8625.8,8625.7,5217.4,5216.8,5217.2,7425.2,7423.7,7423.5,6110.8,6109.8,6109.7,1858.4,1857.1,1857.4,3677.4,3677.5,3678.5,2565.8,2565.3,2565.3,2895.4,2894.5,2894.6,27.450001,27.350000,going to home base
2024-04-13T00:55:29Z,2376.0,2375.2,2375.6,2622.9,2622.4,2622.5,5676.7,5676.3,5676.6,2338.8,2339.1,2339.3,3500.6,3499.7,3499.4,4410.8,4410.6,4410.7,6136.9,6136.7,6136.9,8624.0,8623.9,8623.4,5217.2,5217.4,5217.5,7425.2,7424.0,7424.8,6114.0,6113.2,6113.4,1859.3,1857.9,1858.0,3676.9,3677.4,3677.8,2566.6,2566.3,2565.6,2896.1,2895.6,2895.6,27.459999,27.360001,going to home base
2024-04-13T00:55:34Z,2376.2,2375.6,2375.9,2622.5,2622.6,2622.8,5677.0,5676.1,5676.2,2338.8,2339.2,2339.6,3499.8,3498.6,3498.9,4411.0,4410.6,4411.2,6136.9,6137.1,6136.5,8625.2,8625.7,8624.4,5217.5,5216.1,5216.3,7423.8,7422.6,7424.6,6111.3,6109.2,6112.0,1858.7,1857.2,1857.4,3676.7,3676.6,3677.8,2565.8,2564.5,2565.3,2897.0,2896.5,2896.7,27.480000,27.350000,going to home base
2024-04-13T00:55:39Z,2376.3,2375.2,2375.2,2622.8,2622.7,2622.9,5676.8,5676.6,5676.5,2338.5,2338.5,2338.8,3499.4,3498.6,3499.6,4410.9,4410.7,4410.5,6136.3,6136.4,6136.9,8623.3,8622.0,8622.5,5218.1,5216.8,5217.6,7425.8,7423.2,7425.0,6112.1,6111.8,6113.4,1858.3,1857.5,1857.6,3676.7,3677.3,3677.6,2566.2,2566.0,2565.3,2897.0,2896.7,2896.6,27.450001,27.350000,going to home base
2024-04-13T00:55:44Z,2376.6,2375.8,2376.1,2622.7,2622.1,2622.2,5677.3,5677.4,5677.2,2338.6,2338.7,2339.2,3500.9,3500.4,3500.7,4411.4,4411.1,4411.0,6138.1,6136.7,6137.7,8624.8,8625.0,8624.6,5214.5,5214.8,5214.5,7425.5,7424.0,7423.3,6109.3,6110.8,6111.0,1859.2,1857.7,1857.9,3677.0,3676.9,3677.6,2565.1,2564.5,2564.7,2895.3,2895.4,2896.5,27.480000,27.420000,going to home base
2024-04-13T00:55:49Z,2376.4,2375.9,2375.8,2623.2,2622.7,2623.2,5677.9,5677.3,5677.4,2339.6,2339.0,2339.4,3500.9,3500.6,3500.6,4410.8,4410.5,4410.8,6137.5,6138.5,6140.8,8624.1,8625.0,8624.5,5217.3,5217.0,5218.1,7426.3,7425.4,7423.9,6109.8,6111.0,6110.3,1858.9,1857.5,1857.5,3677.3,3677.2,3678.1,2565.3,2564.6,2564.6,2895.1,2895.0,2895.4,27.480000,27.480000,going to home base
2024-04-13T00:55:54Z,2375.6,2375.1,2375.3,2622.8,2621.7,2622.9,5676.8,5676.5,5677.0,2338.1,2337.7,2338.1,3501.0,3499.9,3500.1,4410.8,4410.9,4410.9,6135.9,6135.1,6136.0,8625.4,8625.4,8625.6,5217.1,5216.5,5216.8,7426.2,7424.7,7423.4,6110.4,6111.0,6112.6,1858.9,1857.2,1857.3,3676.8,3676.5,3677.7,2564.9,2563.8,2563.8,2895.7,2895.5,2895.9,27.459999,27.440001,going to home base
2024-04-13T00:55:59Z,2376.1,2375.4,2375.7,2623.0,2622.9,2623.2,5677.8,5677.1,5676.5,2338.7,2338.5,2339.0,3500.6,3500.4,3500.5,4410.9,4410.7,4410.6,6138.0,6137.3,6137.6,8625.4,8625.0,8625.8,5217.4,5218.0,5218.5,7424.0,7423.4,7423.6,6111.2,6109.9,6112.7,1858.5,1857.0,1857.1,3677.7,3677.3,3678.5,2565.2,2565.1,2564.9,2895.9,2895.2,2896.3,27.459999,27.370001,going to home base
2024-04-13T00:56:04Z,2375.5,2374.8,2375.3,2623.4,2623.5,2623.7,5676.6,5676.3,5676.4,2338.3,2338.5,2338.9,3500.6,3500.4,3499.5,4410.6,4411.0,4409.8,6135.1,6135.2,6135.0,8625.1,8625.5,8624.8,5214.2,5213.6,5214.5,7424.6,7424.6,7422.8,6112.2,6110.8,6111.7,1858.7,1857.5,1857.2,3677.4,3677.2,3678.1,2565.1,2564.6,2564.7,2896.3,2896.0,2896.2,27.480000,27.389999,going to home base
2024-04-13T00:56:09Z,2375.5,2375.1,2375.2,2622.5,2622.7,2623.0,5676.7,5676.3,5676.1,2338.9,2338.6,2339.5,3500.1,3499.6,3499.3,4410.4,4410.5,4410.0,6133.7,6134.3,6135.2,8624.2,8623.4,8626.5,5218.4,5217.9,5218.6,7423.9,7422.9,7422.5,6112.2,6110.2,6110.9,1858.6,1857.0,1856.5,3676.8,3676.7,3677.1,2565.6,2564.7,2564.7,2895.9,2895.5,2895.9,27.480000,27.309999,going to home base
2024-04-13T00:56:14Z,2375.8,2375.3,2375.2,2622.0,2622.0,2622.7,5676.9,5676.2,5676.3,2338.5,2338.6,2338.8,3499.1,3498.9,3498.9,4410.1,4410.2,4410.5,6136.8,6136.6,6137.2,8628.0,8625.2,8625.1,5217.5,5217.6,5218.1,7423.1,7425.1,7424.0,6110.6,6109.0,6110.9,1858.1,1856.9,1856.8,3676.7,3676.6,3677.6,2565.3,2564.8,2564.7,2895.3,2895.0,2896.1,27.450001,27.360001,going to home base
2024-04-13T00:56:19Z,2376.0,2375.5,2375.7,2622.1,2622.2,2622.7,5676.6,5676.5,5676.3,2338.7,2338.7,2339.1,3500.0,3499.2,3499.8,4410.2,4410.2,4410.5,6134.2,6135.2,6134.2,8622.7,8624.4,8625.3,5217.9,5216.5,5217.5,7423.3,7421.5,7423.4,6109.5,6110.9,6113.4,1858.4,1857.2,1857.5,3676.5,3676.4,3677.2,2565.7,2564.8,2565.1,2896.4,2895.2,2894.8,27.459999,27.379999,going to home base
2024-04-13T00:56:24Z,2375.7,2375.3,2375.0,2622.6,2623.1,2623.2,5676.9,5675.9,5676.2,2338.8,2338.6,2339.6,3498.9,3499.4,3498.7,4410.2,4410.1,4410.2,6137.4,6136.2,6137.0,8623.8,8624.5,8622.3,5217.3,5216.9,5216.9,7420.9,7421.3,7421.0,6112.1,6114.0,6113.2,1858.3,1857.1,1856.8,3677.0,3677.8,3678.2,2566.6,2565.3,2565.6,2895.7,2894.2,2894.4,27.480000,27.360001,going to home base
2024-04-13T00:56:29Z,2375.4,2374.7,2375.0,2622.6,2622.6,2622.9,5677.0,5676.5,5676.4,2338.4,2338.6,2339.1,3500.3,3499.8,3499.5,4410.4,4410.4,4410.2,6137.4,6136.0,6136.1,8625.7,8624.0,8624.5,5217.0,5217.5,5217.2,7421.6,7419.5,7420.6,6111.4,6110.2,6110.9,1859.2,1857.6,1857.3,3676.9,3676.0,3677.5,2565.2,2564.3,2564.6,2896.1,2895.5,2895.9,27.490000,27.379999,going to home base
2024-04-13T00:56:34Z,2375.3,2375.2,2375.1,2622.3,2622.7,2622.8,5676.7,5676.2,5676.2,2337.9,2338.2,2338.5,3499.5,3499.0,3498.8,4410.3,4410.2,4410.6,6137.0,6135.3,6136.2,8625.6,8622.1,8625.7,5216.8,5216.9,5217.1,7423.1,7421.0,7421.8,6113.2,6113.4,6114.0,1858.5,1857.2,1857.1,3676.3,3676.7,3676.9,2566.4,2565.2,2565.4,2895.4,2895.4,2895.7,27.480000,27.370001,going to home base
2024-04-13T00:56:39Z,2375.3,2374.9,2375.1,2622.3,2622.8,2623.3,5675.8,5675.2,5675.5,2338.7,2338.7,2339.0,3500.4,3499.7,3499.6,4409.5,4409.4,4409.7,6136.1,6135.9,6137.2,8624.8,8625.6,8626.8,5215.9,5215.2,5214.9,7422.1,7419.7,7420.3,6113.5,6113.0,6115.1,1858.7,1857.2,1857.5,3676.8,3676.9,3677.4,2565.7,2564.4,2564.7,2895.7,2895.3,2895.5,27.450001,27.340000,going to home base
2024-04-13T00:56:44Z,2375.4,2374.9,2374.9,2622.9,2622.6,2622.7,5676.1,5675.4,5675.4,2339.2,2339.0,2338.4,3500.2,3500.3,3499.9,4410.2,4410.3,4409.6,6133.8,6134.5,6134.9,8626.0,8625.0,8624.1,5212.1,5212.8,5212.8,7419.5,7418.8,7418.1,6110.4,6110.1,6109.7,1859.1,1857.6,1857.6,3677.0,3676.9,3678.0,2564.7,2564.3,2564.5,2895.7,2895.0,2895.0,27.480000,27.350000,going to home base
2024-04-13T00:56:49Z,2375.8,2375.0,2375.1,2622.3,2622.1,2622.9,5675.8,5675.4,5675.2,2338.1,2338.5,2338.6,3499.7,3499.4,3499.6,4409.7,4409.6,4409.5,6134.0,6134.0,6135.3,8623.1,8623.2,8622.8,5214.3,5214.5,5215.0,7423.3,7421.0,7422.7,6108.7,6110.1,6112.1,1858.7,1857.4,1857.0,3677.5,3677.6,3678.8,2565.5,2565.3,2565.1,2894.3,2893.4,2894.2,27.480000,27.350000,going to home base
2024-04-13T00:56:54Z,2376.0,2375.4,2375.2,2621.7,2621.6,2622.3,5675.8,5675.5,5675.8,2338.4,2338.5,2338.8,3498.4,3499.2,3498.8,4409.7,4409.6,4409.8,6136.2,6134.2,6136.7,8619.2,8620.7,8623.6,5214.6,5215.0,5215.9,7420.3,7419.9,7420.3,6111.3,6111.4,6112.8,1859.1,1857.1,1857.1,3677.6,3677.7,3678.2,2566.5,2565.3,2565.2,2895.1,2894.4,2894.2,27.480000,27.420000,going to home base
2024-04-13T00:56:59Z,2375.5,2375.1,2375.0,2622.8,2622.9,2623.0,5676.0,5675.2,5675.7,2339.2,2339.1,2339.1,3498.6,3498.2,3497.8,4409.8,4409.4,4409.7,6133.0,6131.1,6133.1,8625.7,8623.3,8624.9,5216.6,5215.3,5215.0,7420.8,7419.4,7420.2,6113.5,6112.8,6113.0,1858.4,1856.9,1856.7,3677.1,3677.3,3678.6,2565.6,2565.2,2565.6,2896.3,2895.7,2896.0,27.440001,27.400000,going to home base
2024-04-13T00:57:04Z,2375.8,2375.4,2375.6,2622.4,2621.8,2622.5,5676.5,5675.6,5675.5,2339.1,2339.0,2339.0,3499.3,3498.5,3498.8,4409.5,4409.4,4409.5,6134.9,6134.0,6136.3,8623.8,8623.1,8626.2,5216.6,5216.7,5217.0,7420.2,7418.4,7419.5,6112.4,6109.5,6111.8,1858.9,1857.4,1857.1,3677.3,3676.6,3677.9,2565.3,2564.4,2564.7,2895.2,2895.7,2895.0,27.450001,27.389999,going to home base
2024-04-13T00:57:09Z,2375.8,2375.6,2375.5,2622.8,2622.5,2623.3,5676.6,5675.7,5676.2,2338.7,2338.7,2339.1,3498.3,3498.0,3498.1,4410.3,4410.5,4410.1,6138.9,6137.6,6137.4,8623.7,8621.7,8620.9,5215.6,5215.6,5216.5,7421.7,7420.4,7419.8,6113.5,6112.5,6112.6,1858.8,1857.5,1857.4,3676.5,3677.2,3677.8,2565.4,2564.3,2564.5,2895.7,2895.4,2895.9,27.459999,27.389999,going to home base
2024-04-13T00:57:14Z,2376.0,2375.5,2375.8,2622.4,2622.2,2622.4,5677.3,5676.7,5676.9,2339.4,2339.2,2339.5,3498.8,3497.9,3497.8,4410.1,4410.2,4410.2,6138.7,6138.5,6139.7,8619.6,8619.6,8619.9,5216.9,5215.1,5216.0,7421.1,7420.0,7421.7,6112.3,6112.8,6114.4,1858.7,1857.5,1857.1,3677.0,3677.1,3677.6,2565.7,2564.5,2565.4,2896.1,2895.9,2896.1,27.490000,27.410000,going to home base
2024-04-13T00:57:19Z,2375.7,2374.8,2375.1,2621.7,2621.5,2622.1,5676.7,5675.5,5675.9,2339.3,2339.4,2339.6,3498.5,3498.2,3498.2,4410.6,4409.9,4410.5,6138.5,6135.4,6135.8,8622.5,8622.8,8623.2,5216.6,5215.0,5215.4,7421.1,7421.6,7420.8,6110.1,6111.1,6112.1,1858.6,1857.1,1857.0,3676.8,3676.7,3677.4,2565.5,2565.1,2565.0,2896.3,2895.2,2895.9,27.480000,27.389999,going to home base
2024-04-13T00:57:24Z,2375.8,2374.9,2375.3,2623.2,2622.6,2623.4,5675.6,5675.8,5675.6,2339.0,2339.1,2339.1,3498.3,3498.3,3498.0,4410.0,4410.0,4410.3,6135.5,6136.7,6136.2,8622.0,8622.5,8623.4,5217.1,5215.1,5216.6,7420.9,7419.9,7419.5,6110.7,6110.7,6111.5,1858.6,1857.0,1856.7,3676.7,3677.1,3677.9,2566.3,2565.5,2565.5,2896.9,2896.0,2896.8,27.450001,27.430000,going to home base
2024-04-13T00:57:29Z,2375.9,2375.1,2375.5,2622.7,2622.7,2622.9,5676.3,5676.1,5676.2,2339.0,2338.5,2339.0,3499.4,3498.6,3499.0,4409.9,4409.9,4409.7,6136.5,6135.0,6134.9,8622.4,8624.1,8622.6,5216.7,5217.0,5217.5,7422.3,7421.7,7421.8,6110.9,6110.9,6111.2,1858.8,1857.4,1857.2,3676.3,3676.2,3677.1,2565.7,2564.6,2565.2,2897.1,2897.2,2896.9,27.480000,27.420000,going to home base
2024-04-13T00:57:34Z,2374.9,2375.1,2374.7,2623.4,2622.7,2622.9,5676.4,5676.0,5675.6,2338.5,2338.8,2339.3,3499.1,3499.2,3498.8,4409.7,4409.9,4409.4,6135.9,6136.2,6136.7,8623.8,8621.8,8622.9,5215.2,5215.3,5216.3,7421.6,7422.1,7422.4,6111.5,6112.1,6111.6,1859.1,1857.2,1857.5,3676.3,3676.2,3677.4,2565.4,2564.7,2564.7,2896.4,2895.8,2896.4,27.450001,27.350000,going to home base
2024-04-13T00:57:39Z,2376.0,2375.3,2376.1,2622.2,2621.7,2622.4,5676.0,5675.8,5675.6,2338.9,2338.6,2339.2,3499.5,3499.0,3499.2,4410.1,4409.5,4409.7,6135.8,6135.7,6134.2,8620.8,8621.3,8621.2,5216.6,5215.5,5216.0,7423.6,7421.4,7421.6,6108.7,6106.8,6107.3,1858.8,1857.1,1856.8,3676.5,3676.9,3677.5,2565.4,2564.0,2564.0,2895.2,2894.6,2895.3,27.440001,27.360001,going to home base
2024-04-13T00:57:44Z,2376.2,2375.3,2375.5,2622.1,2621.9,2622.4,5675.5,5675.3,5675.3,2338.3,2338.4,2338.3,3499.0,3498.3,3498.8,4410.0,4409.4,4410.0,6134.1,6134.4,6135.2,8623.9,8623.0,8623.2,5215.5,5214.9,5215.7,7422.9,7422.4,7421.2,6109.5,6109.6,6109.9,1858.2,1857.2,1856.6,3676.2,3677.0,3676.9,2566.1,2565.4,2565.2,2896.0,2895.6,2895.7,27.450001,27.350000,going to home base
2024-04-13T00:57:49Z,2375.8,2375.1,2375.4,2622.6,2622.3,2622.7,5674.7,5674.1,5675.0,2338.5,2338.8,2339.4,3499.3,3499.1,3499.5,4409.6,4409.8,4409.6,6137.2,6137.3,6138.7,8629.1,8628.2,8625.5,5214.7,5214.7,5215.5,7424.0,7422.8,7423.8,6108.4,6109.3,6109.1,1858.7,1857.6,1857.6,3676.1,3676.1,3677.1,2564.2,2563.7,2564.1,2896.0,2895.3,2895.7,27.480000,27.360001,going to home base
2024-04-13T00:57:54Z,2376.2,2375.4,2376.0,2622.5,2622.5,2622.5,5675.2,5675.2,5675.1,2339.1,2339.0,2339.5,3499.9,3499.1,3498.7,4409.9,4409.7,4410.0,6133.8,6134.7,6134.9,8621.2,8621.3,8621.8,5214.3,5215.4,5216.0,7423.0,7423.1,7423.6,6108.3,6108.8,6109.1,1858.9,1857.3,1857.4,3676.4,3676.7,3677.2,2564.6,2563.4,2563.9,2897.1,2896.6,2897.0,27.490000,27.370001,going to home base
2024-04-13T00:57:59Z,2375.9,2375.8,2375.6,2622.5,2622.6,2622.7,5675.2,5674.7,5675.0,2339.1,2338.8,2339.6,3499.1,3498.5,3498.5,4409.6,4409.5,4409.2,6137.2,6136.3,6135.5,8622.7,8623.0,8623.3,5214.6,5214.3,5215.7,7424.4,7423.4,7423.3,6108.5,6108.3,6107.6,1858.3,1856.6,1856.4,3675.7,3675.8,3677.2,2564.9,2564.6,2564.1,2897.3,2896.4,2896.6,27.459999,27.320000,going to home base
2024-04-13T00:58:04Z,2376.3,2375.6,2375.8,2622.5,2622.4,2623.1,5675.3,5674.8,5674.9,2338.7,2338.5,2339.0,3499.0,3499.0,3498.7,4410.4,4410.0,4410.0,6137.1,6137.9,6139.0,8623.3,8622.0,8621.4,5212.9,5212.4,5212.3,7423.7,7424.6,7424.9,6110.9,6111.6,6113.0,1858.3,1856.5,1856.7,3676.6,3676.6,3677.2,2565.3,2564.7,2564.2,2896.5,2896.7,2897.0,27.480000,27.309999,going to home base
2024-04-13T00:58:09Z,2375.3,2374.4,2374.9,2622.9,2622.1,2623.0,5675.3,5674.8,5674.6,2338.9,2338.2,2338.7,3499.6,3499.6,3499.8,4409.1,4409.5,4409.1,6133.2,6134.9,6133.8,8622.2,8624.7,8624.4,5212.0,5211.7,5212.6,7423.0,7423.5,7422.7,6109.3,6111.0,6110.9,1858.6,1856.9,1856.7,3677.0,3677.0,3677.3,2565.1,2564.1,2565.1,2896.3,2895.6,2896.3,27.459999,27.360001,going to home base
2024-04-13T00:58:14Z,2375.4,2374.9,2375.0,2621.9,2622.1,2622.4,5674.9,5673.9,5674.5,2337.9,2337.9,2338.8,3499.8,3499.2,3499.2,4409.8,4409.1,4409.1,6139.1,6136.5,6137.2,8622.5,8622.4,8626.5,5212.2,5212.2,5211.8,7423.3,7423.2,7422.7,6110.6,6109.1,6109.1,1857.6,1856.1,1856.3,3675.9,3676.6,3677.1,2565.2,2564.2,2564.9,2896.0,2895.7,2895.4,27.459999,27.330000,going to home base
2024-04-13T00:58:19Z,2375.1,2374.2,2374.1,2622.1,2622.1,2622.3,5675.2,5674.5,5674.3,2338.2,2338.1,2338.2,3500.1,3499.5,3499.7,4409.5,4409.2,4409.4,6134.5,6134.8,6135.3,8624.1,8621.3,8621.5,5215.5,5214.7,5216.2,7420.7,7420.8,7420.6,6109.4,6109.2,6108.8,1858.2,1857.0,1856.9,3676.0,3676.3,3677.1,2563.7,2564.0,2563.7,2895.6,2895.5,2895.7,27.480000,27.320000,going to home base
2024-04-13T00:58:24Z,2375.3,2374.6,2374.5,2622.3,2622.0,2622.2,5674.7,5674.4,5674.2,2338.5,2338.6,2338.9,3499.1,3498.2,3498.7,4409.2,4408.9,4408.9,6135.2,6135.1,6134.9,8620.5,8621.1,8622.7,5211.8,5215.2,5216.4,7420.4,7419.9,7419.2,6107.2,6106.9,6107.7,1858.3,1856.8,1856.5,3675.4,3676.0,3676.6,2563.4,2563.2,2563.6,2896.0,2894.8,2895.5,27.450001,27.350000,going to home base
2024-04-13T00:58:29Z,2375.0,2374.2,2374.4,2622.4,2622.8,2623.0,5675.1,5674.6,5674.7,2337.1,2337.7,2338.1,3498.9,3498.1,3498.6,4409.1,4408.9,4408.6,6133.4,6132.7,6132.8,8617.6,8621.3,8622.4,5215.7,5215.7,5215.1,7423.1,7421.8,7421.2,6108.1,6107.6,6106.6,1857.6,1856.5,1856.1,3674.7,3675.4,3676.4,2565.8,2564.4,2564.6,2896.9,2896.7,2896.8,27.480000,27.320000,going to home base
2024-04-13T00:58:34Z,2375.1,2374.2,2374.7,2622.1,2622.7,2622.7,5674.0,5674.2,5674.0,2338.2,2337.9,2338.3,3499.2,3499.2,3498.9,4409.3,4409.1,4409.0,6132.7,6133.4,6132.7,8621.1,8620.3,8621.5,5216.1,5215.1,5215.3,7420.7,7419.2,7417.8,6106.6,6104.7,6106.0,1857.3,1856.3,1856.4,3675.2,3675.7,3676.6,2565.0,2563.3,2563.5,2895.7,2894.5,2895.9,27.459999,27.330000,going to home base
2024-04-13T00:58:39Z,2375.0,2374.3,2374.7,2622.3,2622.5,2622.5,5674.6,5674.2,5674.5,2337.7,2337.7,2338.4,3499.6,3499.0,3498.6,4409.2,4409.4,4409.3,6136.2,6136.1,6135.7,8617.4,8619.3,8618.0,5213.8,5214.7,5214.5,7422.6,7421.7,7422.7,6110.0,6107.6,6107.9,1858.0,1856.6,1856.7,3675.7,3675.7,3676.4,2564.9,2563.9,2563.9,2895.3,2895.4,2895.1,27.480000,27.389999,going to home base
2024-04-13T00:58:44Z,2374.6,2373.8,2374.4,2622.7,2622.2,2622.4,5675.0,5674.2,5674.4,2338.3,2338.3,2338.9,3499.3,3499.2,3499.1,4409.4,4409.3,4409.2,6135.6,6136.9,6137.5,8622.4,8620.6,8621.4,5215.2,5215.1,5216.6,7422.1,7421.1,7421.4,6108.4,6108.9,6109.4,1858.5,1857.2,1857.0,3675.5,3675.6,3676.8,2564.4,2563.5,2563.6,2894.1,2894.8,2895.3,27.480000,27.360001,going to home base
2024-04-13T00:58:49Z,2374.8,2374.4,2374.6,2621.9,2622.3,2622.5,5674.8,5674.4,5674.5,2337.9,2338.0,2338.3,3499.3,3498.8,3499.0,4409.2,4409.0,4409.2,6135.2,6134.4,6134.7,8618.9,8618.3,8619.7,5214.4,5214.5,5215.2,7423.2,7423.5,7422.5,6107.4,6107.0,6107.4,1858.0,1856.4,1856.8,3676.0,3675.9,3676.4,2564.3,2563.6,2563.9,2895.2,2893.9,2894.9,27.450001,27.330000,going to home base
2024-04-13T00:58:54Z,2375.1,2374.8,2374.7,2621.2,2621.3,2621.8,5674.1,5674.0,5673.9,2337.6,2337.8,2337.8,3498.6,3498.4,3498.4,4409.2,4408.7,4409.0,6138.5,6138.2,6139.3,8620.8,8618.6,8619.5,5214.7,5214.3,5215.6,7421.1,7421.3,7420.6,6110.2,6108.7,6109.2,1858.4,1856.8,1856.8,3674.8,3675.2,3676.0,2564.4,2563.7,2563.6,2896.1,2895.8,2895.9,27.490000,27.350000,going to home base
2024-04-13T00:58:59Z,2375.2,2374.7,2374.7,2622.4,2622.1,2622.4,5674.3,5674.0,5674.0,2337.9,2337.7,2338.5,3499.2,3499.0,3498.6,4409.0,4408.9,4408.7,6135.7,6135.9,6135.7,8620.3,8621.0,8619.3,5214.1,5214.3,5215.6,7418.3,7419.0,7419.2,6110.2,6109.7,6110.8,1858.1,1856.5,1856.6,3676.0,3675.4,3676.7,2564.5,2564.0,2563.5,2893.7,2893.9,2894.3,27.459999,27.320000,going to home base
2024-04-13T00:59:04Z,2375.1,2374.2,2374.4,2622.7,2622.1,2623.2,5674.2,5673.4,5673.6,2338.6,2338.3,2338.4,3498.9,3498.5,3498.1,4409.3,4409.3,4409.7,6136.9,6135.0,6136.8,8618.6,8619.8,8619.6,5215.1,5214.9,5215.3,7420.6,7419.4,7420.1,6104.7,6105.4,6107.2,1857.6,1856.4,1856.1,3675.3,3675.6,3676.7,2564.0,2563.1,2563.3,2895.0,2894.3,2895.0,27.490000,27.379999,going to home base
2024-04-13T00:59:09Z,2374.9,2374.0,2374.5,2621.5,2621.5,2621.9,5673.9,5674.0,5674.5,2337.4,2337.9,2338.0,3498.3,3498.4,3498.1,4409.5,4409.5,4409.4,6135.5,6134.4,6136.2,8619.7,8619.5,8619.8,5215.6,5214.9,5216.1,7420.4,7420.3,7419.9,6107.5,6106.3,6107.3,1857.9,1856.4,1856.3,3676.2,3675.6,3676.8,2565.1,2563.7,2563.7,2895.6,2895.3,2895.2,27.459999,27.350000,going to home base
2024-04-13T00:59:14Z,2374.7,2374.3,2374.6,2621.7,2621.5,2622.3,5673.0,5673.2,5672.8,2338.4,2338.4,2338.5,3498.0,3498.4,3497.7,4409.4,4408.8,4408.5,6137.7,6136.5,6136.4,8623.4,8621.8,8620.8,5214.5,5213.2,5215.2,7419.7,7418.5,7419.0,6107.6,6107.9,6108.4,1857.7,1855.9,1855.9,3675.5,3675.4,3676.4,2564.5,2563.3,2563.8,2895.6,2895.8,2896.6,27.480000,27.330000,going to home base
2024-04-13T00:59:19Z,2374.7,2374.6,2374.7,2621.6,2621.9,2621.9,5673.0,5673.0,5672.9,2338.1,2338.1,2338.6,3498.3,3498.2,3498.1,4408.4,4408.3,4408.3,6137.3,6136.3,6136.7,8620.0,8620.2,8621.1,5215.1,5214.6,5214.1,7418.1,7416.2,7417.9,6107.1,6106.3,6108.6,1857.7,1856.1,1856.1,3675.3,3675.6,3676.4,2564.7,2563.9,2563.7,2894.9,2894.0,2894.4,27.480000,27.320000,going to home base
2024-04-13T00:59:24Z,2375.2,2374.8,2374.9,2622.1,2621.2,2622.0,5673.0,5672.6,5672.6,2338.1,2337.9,2338.4,3499.6,3498.4,3498.6,4408.6,4408.3,4408.4,6136.9,6135.6,6138.0,8619.0,8620.6,8618.6,5214.3,5214.2,5214.6,7420.8,7420.3,7420.1,6111.0,6111.8,6111.6,1857.5,1856.3,1855.7,3675.3,3675.1,3675.0,2563.6,2562.8,2562.9,2895.6,2894.7,2894.9,27.459999,27.350000,going to home base
2024-04-13T00:59:29Z,2374.9,2374.4,2374.2,2621.9,2621.4,2622.2,5672.9,5673.0,5672.3,2337.5,2337.6,2337.9,3498.9,3498.7,3498.4,4409.4,4408.9,4408.7,6137.7,6138.2,6137.7,8618.3,8618.0,8619.2,5213.9,5213.7,5214.3,7418.7,7417.2,7418.6,6111.1,6112.4,6112.3,1857.6,1856.1,1856.4,3674.9,3675.0,3675.9,2564.6,2563.8,2563.5,2895.7,2894.8,2895.3,27.480000,27.360001,going to home base
2024-04-13T00:59:34Z,2374.4,2374.1,2373.7,2621.6,2621.5,2621.9,5674.1,5672.5,5672.9,2337.2,2337.6,2338.4,3498.7,3498.2,3498.0,4408.7,4408.2,4408.4,6135.0,6134.5,6136.4,8620.8,8617.7,8618.2,5213.8,5213.3,5214.1,7420.8,7418.4,7417.1,6110.4,6110.7,6109.6,1857.2,1856.1,1856.2,3676.0,3676.0,3676.9,2564.4,2563.5,2563.6,2896.0,2895.0,2896.2,27.490000,27.350000,going to home base
2024-04-13T00:59:39Z,2375.1,2374.4,2374.5,2621.6,2621.6,2622.2,5672.3,5672.0,5672.0,2337.9,2338.0,2338.6,3498.5,3497.9,3497.5,4408.0,4408.2,4408.2,6136.2,6136.2,6137.5,8621.0,8617.9,8621.8,5215.3,5214.7,5214.9,7418.3,7419.8,7418.6,6110.4,6108.2,6109.6,1857.6,1856.2,1856.4,3675.4,3675.1,3676.0,2563.8,2563.2,2563.9,2894.9,2894.5,2895.3,27.480000,27.330000,going to home base
2024-04-13T00:59:44Z,2375.1,2374.5,2374.8,2621.2,2621.1,2621.3,5673.1,5672.3,5672.2,2337.4,2337.6,2337.6,3497.7,3497.6,3497.4,4408.0,4408.4,4408.0,6136.4,6135.9,6135.7,8625.4,8624.1,8624.4,5214.9,5213.4,5213.7,7419.6,7419.2,7419.7,6110.2,6110.0,6109.6,1857.6,1856.1,1856.1,3675.1,3675.0,3675.9,2563.8,2563.2,2563.3,2894.9,2894.1,2894.7,27.490000,27.320000,going to home base
2024-04-13T00:59:49Z,2375.3,2374.7,2375.1,2622.7,2622.3,2622.5,5672.9,5671.9,5672.4,2337.6,2337.8,2337.9,3497.8,3498.0,3497.7,4408.4,4408.1,4408.5,6134.4,6134.5,6135.6,8622.9,8621.5,8621.2,5214.8,5213.8,5214.5,7419.0,7417.0,7417.9,6113.4,6112.1,6113.3,1857.6,1856.2,1856.2,3674.8,3675.0,3675.7,2563.4,2562.0,2562.4,2894.2,2894.1,2893.7,27.490000,27.370001,going to home base
2024-04-13T00:59:54Z,2375.1,2374.4,2375.0,2622.1,2621.7,2622.1,5672.6,5672.4,5672.4,2337.3,2337.7,2337.6,3497.2,3497.0,3496.9,4408.2,4408.1,4408.7,6136.7,6135.3,6135.1,8620.5,8622.6,8621.7,5215.6,5215.5,5215.0,7419.2,7418.4,7417.2,6110.2,6108.8,6108.2,1857.9,1856.5,1856.5,3674.6,3674.1,3675.2,2563.9,2563.6,2563.0,2894.3,2894.6,2895.4,27.480000,27.320000,going to home base
2024-04-13T00:59:59Z,2375.5,2374.7,2374.7,2621.5,2621.5,2621.2,5672.8,5672.2,5672.5,2337.2,2337.0,2337.8,3497.2,3497.3,3497.0,4408.4,4408.7,4408.6,6133.7,6134.6,6135.3,8623.4,8618.5,8619.7,5214.5,5214.3,5214.3,7419.7,7418.1,7418.4,6110.6,6108.2,6110.4,1857.4,1855.8,1855.9,3675.2,3675.4,3675.8,2563.4,2562.9,2563.1,2894.4,2894.7,2895.2,27.480000,27.290001,going to home base
2024-04-13T01:00:09Z,2375.2,2374.4,2374.8,2621.4,2621.6,2621.1,5672.2,5672.2,5672.1,2337.6,2337.4,2338.0,2375.0,2375.0,2622.1,2621.7,2621.7,5672.8,5672.2,5672.3,2338.0,88185.4,88155.0,14232.0,14235.6,14235.3,3496.7,3496.6,3496.0,4408.5,4407.9,4408.1,6132.6,34038.1,34030.0,8625.4,8624.3,8625.2,5209.9,5209.6,5209.8,7420.3,7418.5,7418.5,6109.3,43954.0,43957.5,going to home base
2024-04-13T01:00:19Z,2375.5,2374.8,2374.8,2621.6,2621.9,2622.4,5672.8,5672.2,5671.7,2337.6,2337.9,2338.2,3497.3,3497.1,3496.8,4408.1,4407.8,4407.7,6133.9,6133.6,6134.0,8621.0,8620.4,8619.4,5214.6,5213.2,5214.4,7417.6,7418.5,7418.2,6107.6,6107.8,6108.6,1857.5,1855.7,1855.8,3674.3,3674.2,3674.8,2563.2,2562.3,2562.6,2894.4,2892.9,2893.7,27.480000,27.320000,going to home base
2024-04-13T01:00:24Z,2375.2,2374.4,2374.3,2621.1,2620.6,2621.7,5672.6,5672.4,5672.1,2338.7,2338.1,2338.4,3497.0,3495.8,3496.0,4407.9,4408.1,4407.8,6132.1,6133.8,6133.1,8619.3,8620.5,8619.4,5213.7,5213.2,5213.9,7416.7,7416.0,7415.7,6108.1,6107.8,6108.7,1857.5,1856.1,1856.1,3674.6,3674.8,3675.0,2562.8,2561.9,2561.9,2895.5,2894.4,2894.8,27.480000,27.320000,going to home base
2024-04-13T01:00:29Z,2374.6,2374.2,2374.4,2621.4,2621.6,2622.2,5673.1,5672.0,5672.3,2337.8,2338.1,2338.8,3496.2,3496.4,3496.3,4407.8,4408.0,4408.2,6133.6,6132.6,6133.8,8617.6,8616.7,8616.4,5214.0,5213.9,5214.9,7419.8,7418.3,7419.2,6107.5,6106.3,6107.1,1857.6,1856.1,1856.1,3674.2,3674.6,3675.4,2563.4,2562.0,2562.9,2893.8,2893.8,2893.9,27.459999,27.360001,going to home base
2024-04-13T01:00:34Z,2375.2,2374.0,2374.7,2621.0,2621.0,2621.6,5672.7,5672.2,5672.4,2338.7,2338.4,2338.8,3496.4,3496.5,3496.4,4407.9,4408.0,4407.7,6135.6,6134.8,6135.8,8616.1,8618.7,8617.9,5211.0,5210.6,5211.5,7416.9,7417.0,7416.4,6105.9,6104.3,6104.1,1856.7,1855.4,1855.5,3673.7,3673.3,3674.3,2563.5,2562.6,2562.4,2893.7,2893.8,2895.3,27.480000,27.320000,going to home base
2024-04-13T01:00:39Z,2374.5,2374.1,2374.2,2622.2,2621.9,2622.0,5673.2,5672.3,5672.8,2338.0,2337.5,2337.8,3496.6,3496.6,3496.5,4407.3,4407.4,4407.5,6134.5,6132.8,6134.0,8615.9,8618.7,8617.9,5213.3,5212.8,5213.8,7417.6,7416.7,7416.3,6106.3,6106.6,6106.7,1857.5,1856.1,1855.7,3675.3,3674.7,3675.2,2563.5,2562.6,2562.8,2894.6,2893.7,2894.7,27.459999,27.320000,going to home base
2024-04-13T01:00:44Z,2375.6,2374.8,2374.8,2621.5,2621.3,2622.0,5672.5,5672.4,5672.1,2337.5,2337.7,2338.1,3496.5,3496.2,3496.3,4407.7,4407.3,4407.0,6134.7,6134.8,6135.0,8619.3,8620.3,8618.4,5210.6,5210.7,5211.1,7416.4,7418.6,7419.2,6106.0,6105.3,6107.0,1857.3,1856.1,1855.6,3674.5,3675.0,3675.7,2563.6,2562.6,2562.4,2895.1,2894.1,2895.1,27.480000,27.389999,going to home base
2024-04-13T01:00:49Z,2374.8,2374.0,2374.5,2621.4,2621.5,2621.8,5672.6,5672.5,5672.8,2337.7,2337.4,2338.1,3497.3,3497.0,3496.5,4408.5,4408.0,4408.0,6132.6,6132.2,6133.2,8618.5,8617.4,8624.5,5210.3,5209.9,5211.5,7417.8,7418.9,7418.5,6107.2,6107.1,6107.7,1857.6,1856.0,1856.2,3675.2,3675.4,3676.5,2563.4,2562.4,2562.7,2895.0,2894.3,2894.9,27.480000,27.389999,going to home base
2024-04-13T01:00:54Z,2375.6,2375.2,2375.5,2620.6,2620.6,2620.9,5672.6,5672.7,5672.7,2337.0,2337.5,2337.3,3496.4,3496.2,3496.3,4407.7,4407.7,4407.6,6133.9,6134.9,6134.2,8621.2,8619.3,8622.0,5212.2,5212.1,5213.1,7418.8,7417.7,7418.2,6109.1,6107.8,6108.6,1856.6,1855.6,1855.5,3675.2,3675.0,3676.0,2564.3,2563.2,2563.9,2893.3,2892.9,2892.7,27.490000,27.350000,going to home base
2024-04-13T01:00:59Z,2376.0,2375.6,2375.9,2621.5,2620.7,2621.6,5673.0,5672.3,5672.7,2337.5,2337.2,2337.5,3496.7,3495.8,3495.4,4408.0,4407.4,4407.2,6136.6,6135.3,6136.2,8622.3,8618.5,8619.5,5213.2,5212.2,5212.9,7419.2,7417.6,7416.5,6104.5,6106.7,6105.9,1857.3,1855.7,1855.5,3675.3,3675.0,3676.1,2563.2,2562.1,2562.7,2893.0,2893.1,2893.9,27.490000,27.309999,going to home base
2024-04-13T01:01:04Z,2376.1,2375.4,2375.6,2621.1,2620.9,2621.5,5673.0,5672.4,5672.4,2336.5,2336.6,2336.9,3496.0,3495.8,3495.9,4407.7,4407.7,4407.0,6135.1,6134.3,6134.4,8618.0,8617.3,8616.2,5209.8,5209.6,5209.3,7418.6,7417.4,7418.3,6106.6,6106.5,6106.7,1856.7,1855.1,1855.3,3673.6,3674.2,3674.7,2563.3,2562.6,2562.4,2894.3,2893.0,2893.6,27.480000,27.260000,going to home base
2024-04-13T01:01:09Z,2376.4,2375.8,2376.0,2622.0,2621.5,2622.6,5672.3,5672.1,5672.4,2336.7,2336.6,2337.3,3497.4,3496.9,3496.4,4407.8,4407.3,4407.2,6133.8,6133.5,6132.7,8618.5,8619.3,8616.6,5210.0,5209.0,5211.0,7416.8,7415.2,7414.8,6105.2,6105.4,6104.9,1857.2,1856.1,1855.6,3673.7,3673.5,3674.5,2562.2,2561.3,2561.7,2894.8,2894.7,2895.5,27.459999,27.340000,going to home base
2024-04-13T01:01:14Z,2375.9,2375.4,2375.6,2621.5,2621.9,2622.3,5672.1,5671.8,5672.3,2336.5,2336.7,2336.7,3496.7,3496.4,3496.3,4407.5,4407.1,4407.4,6136.6,6136.4,6136.0,8618.9,8618.9,8616.0,5209.9,5209.8,5210.0,7416.7,7414.6,7416.2,6107.2,6104.9,6106.6,1857.0,1855.6,1855.5,3673.4,3673.6,3674.1,2563.5,2562.5,2562.2,2894.5,2893.9,2894.5,27.490000,27.350000,going to home base
2024-04-13T01:01:19Z,2375.9,2374.7,2375.2,2621.2,2621.0,2621.4,5672.5,5672.5,5672.2,2336.4,2336.5,2336.8,3496.9,3497.2,3497.2,4407.4,4407.2,4407.1,6134.1,6133.5,6132.8,8620.7,8616.1,8618.7,5212.4,5212.4,5212.6,7414.7,7413.7,7414.4,6106.8,6106.4,6108.0,1856.8,1855.8,1855.6,3673.4,3673.7,3674.8,2562.2,2562.4,2562.2,2894.7,2894.1,2894.0,27.480000,27.350000,going to home base
2024-04-13T01:01:24Z,2375.3,2375.1,2375.0,2621.0,2620.6,2620.9,5672.6,5672.3,5672.2,2336.3,2336.4,2336.5,3496.6,3496.3,3496.0,4406.8,4407.2,4407.2,6133.8,6134.5,6134.4,8618.9,8618.1,8617.3,5212.8,5212.6,5212.6,7419.5,7418.9,7417.2,6104.2,6105.3,6106.2,1857.3,1855.6,1855.3,3673.6,3673.3,3674.2,2562.9,2562.6,2563.0,2895.6,2894.6,2894.9,27.490000,27.320000,going to home base
2024-04-13T01:01:29Z,2375.7,2374.2,2374.3,2621.4,2621.4,2622.2,5672.7,5671.6,5672.1,2335.9,2335.8,2336.2,3496.9,3496.5,3496.4,4406.9,4407.0,4406.7,6132.4,6133.2,6133.4,8618.7,8616.3,8617.3,5212.1,5211.0,5212.9,7419.3,7418.3,7418.6,6107.5,6106.6,6106.2,1856.9,1855.5,1855.5,3674.3,3674.6,3675.2,2563.0,2561.8,2561.8,2894.4,2893.2,2894.1,27.480000,27.280001,going to home base
2024-04-13T01:01:34Z,2375.6,2375.3,2375.4,2621.3,2621.1,2621.3,5672.3,5671.7,5671.9,2336.4,2336.8,2337.6,3496.6,3496.0,3496.0,4406.9,4406.7,4406.8,6131.7,6130.7,6130.6,8616.6,8615.8,8617.6,5211.3,5211.7,5212.4,7418.5,7418.1,7417.8,6107.2,6107.2,6107.3,1857.1,1855.9,1855.4,3673.8,3674.2,3675.3,2562.3,2561.5,2561.5,2893.2,2892.1,2892.7,27.450001,27.320000,going to home base
2024-04-13T01:01:39Z,2375.2,2374.6,2374.9,2621.3,2621.3,2621.6,5671.8,5671.2,5671.6,2335.5,2335.7,2336.3,3496.5,3496.1,3495.9,4406.9,4407.0,4407.3,6133.9,6131.6,6132.8,8618.2,8619.9,8619.4,5212.6,5212.3,5212.9,7417.3,7416.8,7416.1,6106.8,6106.8,6107.9,1857.1,1855.6,1855.6,3673.7,3673.9,3674.7,2562.9,2562.6,2562.9,2892.6,2891.9,2892.1,27.459999,27.320000,going to home base
2024-04-13T01:01:44Z,2375.7,2375.1,2375.5,2621.3,2621.4,2621.3,5671.6,5671.1,5671.8,2336.5,2336.3,2337.1,3497.8,3497.4,3497.1,4407.1,4406.9,4406.9,6134.4,6133.8,6135.4,8621.3,8620.6,8619.6,5212.9,5213.9,5213.7,7417.9,7417.1,7417.1,6107.5,6106.3,6106.7,1857.5,1855.7,1855.4,3674.1,3674.3,3675.2,2562.4,2562.0,2561.6,2893.6,2892.8,2893.5,27.490000,27.370001,going to home base
2024-04-13T01:01:49Z,2375.9,2374.7,2375.1,2621.2,2621.3,2621.6,5672.4,5672.2,5672.4,2337.0,2336.8,2336.8,3497.0,3496.5,3497.0,4407.1,4406.6,4407.0,6132.3,6131.0,6132.6,8619.1,8617.5,8617.7,5211.9,5211.8,5212.6,7416.9,7416.6,7416.2,6107.4,6107.6,6107.3,1857.5,1856.3,1856.1,3674.4,3673.9,3674.9,2563.1,2561.7,2562.3,2892.6,2892.7,2892.6,27.480000,27.360001,going to home base
2024-04-13T01:01:54Z,2375.2,2374.7,2374.7,2620.9,2621.0,2621.7,5672.0,5671.4,5671.5,2336.4,2336.7,2337.4,3496.2,3496.2,3496.1,4406.8,4406.5,4406.6,6136.1,6136.1,6137.9,8620.3,8617.9,8621.1,5212.4,5212.2,5212.6,7418.2,7417.5,7416.4,6105.3,6105.6,6105.9,1858.0,1855.8,1855.6,3674.3,3674.5,3675.7,2562.8,2561.8,2562.3,2892.9,2892.6,2892.5,27.480000,27.320000,going to home base
2024-04-13T01:01:59Z,2375.5,2374.5,2374.9,2620.9,2621.7,2621.7,5671.6,5671.6,5671.4,2337.3,2337.5,2337.7,3497.2,3496.0,3496.8,4406.5,4406.5,4406.6,6134.7,6134.3,6134.3,8620.7,8618.6,8620.7,5211.9,5213.1,5213.4,7417.7,7417.7,7416.2,6105.7,6106.2,6106.8,1856.9,1855.9,1855.7,3673.1,3672.9,3674.1,2562.1,2561.6,2561.6,2893.3,2892.3,2892.8,27.490000,27.309999,going to home base
2024-04-13T01:02:04Z,2374.6,2374.3,2374.8,2621.1,2620.9,2621.1,5671.4,5671.3,5671.3,2337.3,2337.2,2337.7,3496.6,3496.6,3496.8,4406.4,4406.5,4406.3,6135.8,6135.2,6136.6,8618.6,8618.9,8623.3,5213.1,5212.5,5211.9,7414.4,7415.3,7415.2,6106.0,6106.1,6105.8,1856.9,1855.6,1855.7,3673.1,3673.1,3673.5,2563.0,2562.9,2562.0,2891.6,2892.2,2892.4,27.480000,27.309999,going to home base
2024-04-13T01:02:09Z,2374.8,2374.4,2374.7,2620.9,2620.4,2621.2,5672.2,5671.4,5671.7,2337.4,2337.2,2337.8,3496.5,3495.7,3495.4,4406.7,4406.6,4406.7,6135.4,6135.8,6136.4,8616.0,8616.3,8617.1,5213.0,5211.3,5212.2,7414.9,7414.3,7415.1,6109.2,6109.3,6108.9,1856.8,1855.1,1855.3,3673.2,3673.4,3674.4,2562.6,2561.7,2561.5,2893.5,2893.3,2893.2,27.480000,27.290001,going to home base
2024-04-13T01:02:14Z,2375.2,2374.6,2375.1,2621.3,2620.8,2621.5,5671.6,5670.9,5671.2,2337.2,2336.7,2337.0,3495.9,3495.5,3495.1,4406.8,4406.8,4407.0,6131.7,6129.8,6130.5,8617.8,8620.0,8624.1,5211.8,5211.8,5213.2,7414.8,7414.5,7414.8,6108.8,6109.2,6107.9,1857.0,1855.5,1855.1,3673.6,3673.4,3674.3,2562.4,2562.0,2562.2,2892.5,2892.0,2892.6,27.480000,27.340000,going to home base
2024-04-13T01:02:19Z,2375.2,2374.5,2374.7,2621.4,2621.4,2621.9,5671.9,5671.1,5671.0,2336.7,2336.9,2337.4,3496.3,3495.8,3496.1,4406.4,4406.3,4406.2,6134.9,6134.4,6134.5,8618.1,8617.2,8618.5,5212.2,5211.4,5213.5,7416.9,7417.1,7416.6,6107.7,6109.6,6109.6,1856.9,1855.2,1855.7,3673.6,3673.6,3674.5,2562.4,2561.5,2561.3,2891.4,2890.9,2891.8,27.510000,27.309999,going to home base
2024-04-13T01:02:24Z,2375.2,2374.8,2375.3,2621.1,2620.7,2621.4,5671.1,5671.0,5671.4,2336.2,2336.5,2336.7,3496.9,3496.4,3496.3,4406.1,4406.0,4406.0,6132.4,6132.1,6133.1,8615.4,8617.4,8616.0,5211.6,5211.5,5212.7,7415.4,7414.2,7414.8,6107.3,6107.4,6108.0,1856.9,1855.6,1855.9,3673.2,3673.1,3674.0,2560.9,2560.7,2560.5,2892.9,2891.7,2891.9,27.480000,27.320000,going to home base
2024-04-13T01:02:29Z,2375.1,2373.9,2374.3,2621.0,2620.7,2621.6,5671.4,5671.0,5670.9,2336.5,2336.4,2336.8,3496.6,3497.2,3496.5,4406.5,4406.6,4406.6,6131.4,6131.1,6132.2,8618.3,8615.2,8616.1,5212.9,5213.4,5213.0,7417.1,7416.4,7417.3,6108.2,6109.4,6108.9,1856.8,1855.5,1855.5,3672.7,3673.3,3673.8,2562.5,2561.7,2561.6,2891.3,2892.5,2892.8,27.490000,27.330000,going to home base
2024-04-13T01:02:34Z,2374.7,2374.0,2374.0,2620.3,2620.9,2621.1,5670.6,5670.1,5670.0,2336.0,2336.6,2336.5,3496.9,3496.6,3496.5,4406.3,4406.1,4405.8,6134.7,6135.1,6133.9,8617.3,8616.9,8619.0,5211.2,5210.8,5211.8,7416.6,7414.2,7414.5,6109.2,6109.7,6110.5,1857.1,1855.7,1855.6,3673.0,3672.6,3673.9,2562.7,2561.9,2562.1,2892.6,2891.4,2891.3,27.490000,27.309999,going to home base
2024-04-13T01:02:39Z,2374.8,2373.9,2374.1,2621.4,2620.5,2621.2,5671.1,5670.7,5670.7,2336.6,2336.7,2336.9,3496.0,3495.4,3495.5,4405.6,4405.2,4405.4,6136.0,6134.2,6136.5,8616.5,8616.7,8618.0,5212.0,5211.6,5212.4,7417.5,7416.3,7416.8,6109.4,6108.0,6110.3,1856.9,1855.3,1855.2,3673.0,3673.2,3673.1,2561.2,2560.6,2561.0,2894.1,2892.7,2893.6,27.459999,27.290001,going to home base
2024-04-13T01:02:44Z,2374.8,2374.2,2374.4,2620.7,2621.0,2621.5,5671.1,5670.9,5671.1,2336.3,2336.1,2336.7,3496.1,3495.5,3495.7,4405.7,4405.7,4405.1,6132.0,6131.4,6133.4,8613.8,8615.8,8615.3,5212.9,5212.3,5213.3,7415.6,7415.3,7415.1,6105.7,6106.4,6107.8,1857.0,1855.1,1855.1,3672.2,3672.6,3673.7,2562.1,2561.6,2561.7,2891.0,2890.9,2891.1,27.520000,27.280001,going to home base
2024-04-13T01:02:49Z,2374.8,2374.1,2374.6,2620.7,2620.5,2620.8,5670.9,5670.5,5671.1,2336.7,2336.8,2337.2,3496.3,3495.9,3496.2,4405.7,4405.5,4405.7,6132.4,6131.3,6132.3,8615.4,8616.2,8615.4,5213.6,5214.0,5213.9,7414.1,7415.1,7414.2,6105.8,6104.6,6105.4,1857.0,1855.4,1855.1,3672.4,3672.4,3672.8,2561.4,2560.5,2560.7,2892.3,2890.9,2891.8,27.480000,27.290001,going to home base
2024-04-13T01:02:54Z,2374.3,2373.9,2374.2,2621.1,2620.7,2621.0,5671.4,5670.4,5670.6,2336.2,2336.3,2336.5,3496.3,3495.8,3495.5,4405.9,4405.3,4405.8,6134.1,6135.3,6134.9,8615.1,8613.6,8614.3,5212.1,5213.0,5212.4,7417.1,7415.5,7415.7,6106.3,6104.7,6105.6,1857.1,1855.9,1855.3,3672.8,3672.6,3673.3,2562.0,2560.9,2560.9,2892.4,2892.1,2892.2,27.490000,27.330000,going to home base
2024-04-13T01:02:59Z,2374.3,2373.9,2374.2,2621.2,2620.8,2621.4,5671.0,5670.7,5670.5,2336.5,2336.3,2337.0,3495.8,3495.3,3495.3,4405.7,4405.4,4405.3,6134.0,6133.9,6134.4,8614.2,8618.8,8617.5,5212.0,5210.6,5211.2,7416.1,7416.1,7416.2,6104.9,6104.2,6106.4,1856.9,1855.2,1855.1,3672.4,3672.5,3673.7,2562.0,2560.9,2561.4,2891.8,2891.3,2892.1,27.480000,27.330000,going to home base
2024-04-13T01:03:04Z,2375.0,2374.5,2374.5,2621.5,2621.6,2621.7,5671.0,5670.8,5671.0,2335.6,2335.8,2336.2,3495.6,3495.8,3495.3,4405.6,4404.9,4405.5,6130.5,6128.5,6130.4,8616.0,8623.1,8615.8,5209.1,5209.1,5209.3,7414.5,7412.9,7414.7,6105.6,6105.4,6106.0,1856.5,1855.0,1855.1,3672.9,3672.8,3673.7,2562.4,2561.8,2561.7,2892.9,2892.6,2893.4,27.480000,27.340000,going to home base
2024-04-13T01:03:09Z,2374.5,2373.9,2374.3,2620.3,2620.7,2620.8,5671.5,5671.1,5671.3,2336.1,2336.2,2336.3,3495.7,3495.8,3495.6,4405.5,4405.0,4404.9,6130.2,6129.6,6129.5,8615.5,8615.9,8616.0,5210.0,5209.3,5211.2,7414.0,7414.6,7415.9,6105.7,6107.4,6106.7,1857.3,1855.8,1855.9,3672.8,3672.9,3673.8,2561.6,2560.7,2561.0,2892.3,2891.1,2892.1,27.459999,27.350000,going to home base
2024-04-13T01:03:14Z,2374.3,2373.7,2373.6,2620.7,2620.4,2621.0,5670.9,5670.7,5670.8,2336.6,2336.0,2336.7,3495.7,3495.3,3495.1,4405.8,4405.3,4405.4,6133.4,6131.3,6133.5,8614.9,8614.1,8613.8,5210.5,5209.7,5211.5,7415.4,7415.3,7416.0,6104.9,6105.3,6104.2,1856.7,1855.2,1854.9,3672.7,3673.1,3674.2,2560.9,2560.6,2560.4,2891.5,2891.1,2891.7,27.490000,27.420000,going to home base
2024-04-13T01:03:19Z,2374.6,2374.2,2374.3,2621.0,2620.8,2620.7,5671.1,5671.0,5670.5,2335.6,2335.7,2336.0,3496.3,3496.2,3495.6,4405.4,4405.2,4405.2,6131.5,6130.4,6132.6,8613.6,8615.5,8616.7,5210.6,5210.1,5212.9,7414.9,7413.6,7413.1,6105.3,6105.8,6107.2,1857.0,1855.6,1855.8,3673.2,3673.7,3674.0,2562.0,2560.7,2561.4,2893.7,2891.7,2892.2,27.480000,27.389999,going to home base
2024-04-13T01:03:24Z,2374.9,2374.2,2374.6,2621.1,2621.0,2621.2,5671.3,5671.2,5671.1,2336.4,2336.0,2336.3,3495.7,3495.6,3495.1,4405.3,4405.1,4405.4,6133.7,6133.7,6132.6,8613.4,8613.0,8612.5,5211.8,5211.8,5213.2,7413.7,7414.5,7415.2,6105.1,6106.0,6106.0,1856.7,1855.6,1855.4,3674.2,3674.1,3675.1,2562.1,2561.7,2561.8,2891.6,2892.1,2892.4,27.480000,27.389999,going to home base
2024-04-13T01:03:29Z,2374.7,2374.0,2374.2,2620.3,2620.6,2620.7,5671.2,5670.5,5671.6,2336.2,2336.4,2336.5,3496.3,3495.8,3494.8,4406.1,4405.8,4405.7,6132.1,6130.7,6131.3,8613.3,8617.7,8613.5,5210.7,5212.0,5211.8,7413.6,7412.9,7414.2,6105.6,6103.2,6105.6,1856.6,1855.8,1855.3,3673.0,3672.7,3673.7,2562.1,2561.4,2561.2,2892.3,2891.2,2891.4,27.480000,27.430000,going to home base
2024-04-13T01:03:34Z,2374.2,2373.6,2374.1,2620.8,2620.6,2621.5,5671.8,5671.1,5671.1,2336.1,2335.9,2336.3,3495.9,3494.8,3495.8,4405.9,4405.6,4405.2,6129.2,6129.0,6128.2,8611.7,8613.4,8615.0,5211.9,5210.5,5212.3,7412.4,7411.8,7411.3,6105.8,6104.3,6107.0,1857.3,1855.6,1855.6,3673.7,3673.6,3674.7,2562.8,2562.1,2561.6,2893.1,2893.2,2893.0,27.459999,27.389999,going to home base
2024-04-13T01:03:39Z,2374.6,2373.8,2374.3,2620.9,2620.2,2620.6,5671.9,5671.2,5670.8,2336.3,2336.5,2337.0,3496.4,3496.0,3495.6,4405.7,4405.5,4405.7,6130.6,6129.8,6129.4,8612.7,8612.0,8611.1,5211.1,5212.2,5212.1,7412.4,7411.8,7411.7,6107.9,6108.1,6109.2,1857.5,1855.8,1855.7,3673.1,3673.2,3673.9,2562.1,2561.5,2561.9,2892.7,2892.0,2892.6,27.490000,27.410000,going to home base
2024-04-13T01:03:44Z,2374.6,2373.8,2374.1,2621.3,2620.9,2621.6,5670.9,5670.5,5670.8,2336.5,2336.5,2336.8,3496.7,3496.0,3495.7,4405.6,4405.7,4406.0,6129.8,6129.9,6130.7,8616.3,8616.8,8613.4,5212.1,5212.1,5212.1,7412.9,7411.8,7412.5,6103.4,6103.6,6105.6,1856.8,1855.3,1855.6,3673.7,3673.5,3674.3,2562.6,2562.0,2562.0,2892.1,2891.5,2892.6,27.480000,27.389999,going to home base
2024-04-13T01:03:49Z,2375.5,2374.6,2375.1,2620.8,2620.8,2620.7,5671.5,5670.9,5671.2,2336.3,2336.3,2336.6,3495.7,3494.9,3494.8,4406.0,4406.3,4406.3,6130.2,6130.4,6130.4,8619.0,8615.5,8616.4,5211.1,5210.7,5211.4,7414.3,7413.2,7413.2,6106.0,6106.0,6105.4,1857.0,1855.8,1856.0,3673.6,3673.4,3673.9,2562.2,2561.6,2561.7,2891.3,2890.9,2891.3,27.459999,27.430000,going to home base
2024-04-13T01:03:54Z,2375.3,2374.4,2374.8,2620.9,2620.8,2621.2,5671.2,5670.9,5670.8,2336.4,2336.4,2336.8,3496.1,3495.5,3495.5,4406.3,4406.2,4406.7,6129.6,6129.7,6129.8,8614.4,8614.9,8612.7,5211.6,5211.2,5211.7,7415.2,7412.9,7413.0,6102.5,6103.8,6105.3,1856.6,1855.3,1854.9,3673.0,3673.3,3674.8,2562.1,2561.8,2561.9,2892.6,2892.3,2893.0,27.459999,27.379999,going to home base
2024-04-13T01:03:59Z,2375.1,2374.6,2374.7,2621.1,2620.3,2620.5,5671.7,5670.9,5670.8,2336.4,2336.4,2336.0,3496.9,3495.2,3496.2,4406.1,4406.0,4405.9,6130.0,6130.4,6130.7,8614.2,8614.8,8613.2,5212.1,5212.1,5213.1,7414.8,7412.4,7413.3,6104.9,6104.6,6106.3,1856.8,1855.7,1855.2,3673.1,3672.8,3674.1,2562.4,2561.6,2561.6,2892.1,2892.4,2893.2,27.480000,27.360001,going to home base
2024-04-13T01:04:04Z,2374.5,2373.8,2374.2,2620.2,2620.2,2620.8,5670.9,5670.7,5670.0,2336.4,2336.6,2336.9,3496.1,3495.6,3495.9,4406.7,4406.3,4406.7,6128.4,6127.6,6128.5,8616.9,8616.0,8616.8,5210.2,5210.2,5211.6,7413.4,7413.1,7412.9,6105.0,6107.1,6108.2,1857.7,1856.3,1856.0,3673.4,3673.4,3674.3,2561.8,2561.5,2561.5,2895.2,2894.1,2894.5,27.490000,27.459999,going to home base
2024-04-13T01:04:09Z,2374.6,2374.0,2374.3,2619.9,2619.7,2620.2,5671.4,5670.9,5671.3,2336.7,2336.5,2337.0,3496.5,3496.4,3496.5,4406.7,4406.4,4406.5,6132.8,6133.1,6131.8,8620.1,8616.3,8617.1,5212.5,5212.8,5213.0,7413.9,7413.4,7414.8,6106.0,6106.8,6107.4,1857.5,1856.1,1856.0,3673.9,3674.1,3675.0,2562.0,2561.7,2561.4,2895.3,2894.7,2894.4,27.459999,27.420000,going to home base
2024-04-13T01:04:14Z,2375.0,2374.1,2374.4,2620.9,2621.0,2621.3,5671.8,5671.3,5670.9,2336.0,2336.2,2337.0,3496.5,3496.1,3495.8,4406.5,4406.1,4405.8,6132.4,6132.2,6132.3,8617.5,8615.9,8615.3,5209.8,5209.4,5211.3,7414.8,7412.9,7413.3,6107.6,6105.8,6105.6,1857.7,1856.4,1856.3,3673.9,3673.9,3674.5,2561.8,2560.7,2561.5,2895.0,2893.3,2893.9,27.480000,27.350000,going to home base
2024-04-13T01:04:19Z,2375.1,2374.7,2374.8,2621.2,2620.6,2620.7,5672.3,5672.0,5671.5,2336.7,2336.3,2336.9,3496.1,3496.0,3495.2,4406.3,4406.1,4406.2,6134.2,6132.6,6134.7,8616.0,8617.5,8615.3,5212.1,5212.0,5212.3,7417.5,7416.3,7415.4,6104.0,6105.0,6104.6,1857.4,1855.9,1856.1,3673.5,3673.2,3674.2,2561.2,2560.1,2560.5,2893.3,2893.5,2894.0,27.480000,27.360001,going to home base
2024-04-13T01:04:24Z,2375.1,2374.3,2374.4,2621.5,2620.9,2621.6,5672.4,5671.2,5671.5,2335.8,2335.8,2336.5,3496.7,3496.6,3495.9,4406.4,4406.1,4405.8,6134.9,6134.2,6134.6,8615.6,8613.9,8613.4,5211.7,5210.4,5211.5,7415.3,7414.7,7414.5,6106.0,6105.4,6105.8,1857.4,1856.2,1855.8,3673.6,3673.8,3674.4,2561.2,2560.1,2560.9,2893.8,2893.3,2893.6,27.480000,27.410000,going to home base
2024-04-13T01:04:29Z,2375.0,2374.2,2374.7,2621.2,2620.9,2621.4,5672.1,5671.4,5671.7,2336.2,2336.1,2336.6,3496.7,3495.8,3496.1,4406.2,4406.4,4406.0,6136.4,6134.5,6134.8,8614.9,8614.7,8617.3,5211.0,5210.9,5211.1,7416.3,7416.2,7416.1,6105.5,6105.8,6105.8,1857.7,1856.1,1855.8,3673.5,3673.3,3674.4,2561.6,2560.7,2561.0,2893.5,2893.0,2893.5,27.490000,27.320000,going to home base
2024-04-13T01:04:34Z,2374.9,2374.3,2374.6,2620.8,2620.8,2620.8,5671.0,5670.6,5670.5,2335.4,2336.0,2336.2,3496.0,3495.4,3494.9,4406.2,4406.0,4406.0,6133.7,6133.1,6134.9,8614.2,8614.9,8615.8,5212.6,5211.3,5212.1,7414.7,7413.0,7413.8,6106.5,6106.9,6107.6,1857.0,1855.5,1855.4,3673.6,3674.2,3675.1,2561.3,2559.9,2560.6,2893.7,2892.8,2893.4,27.480000,27.320000,going to home base
2024-04-13T01:04:39Z,2375.2,2374.5,2374.7,2620.0,2619.8,2621.0,5671.3,5670.4,5670.9,2336.6,2336.4,2336.8,3496.1,3495.1,3496.4,4406.3,4405.6,4405.7,6132.8,6130.8,6130.0,8616.6,8618.3,8619.8,5212.5,5212.9,5213.9,7413.9,7415.1,7415.0,6106.8,6106.0,6105.7,1858.1,1856.7,1857.3,3673.0,3673.2,3674.2,2560.7,2560.0,2560.6,2892.6,2893.4,2893.0,27.459999,27.290001,going to home base
2024-04-13T01:04:44Z,2374.4,2373.9,2374.1,2620.6,2620.2,2621.0,5671.2,5670.6,5670.7,2336.5,2336.5,2336.8,3495.8,3495.7,3495.5,4406.3,4406.0,4405.8,6131.6,6132.6,6132.4,8615.9,8620.2,8618.1,5211.5,5210.9,5212.4,7415.1,7414.3,7414.4,6107.6,6107.6,6106.9,1857.1,1855.8,1856.0,3673.0,3673.5,3674.2,2561.8,2561.1,2560.8,2894.0,2893.1,2894.2,27.490000,27.280001,going to home base
2024-04-13T01:04:49Z,2374.5,2373.8,2374.2,2620.2,2620.4,2620.5,5670.4,5670.3,5670.2,2335.9,2335.5,2335.9,3496.4,3495.7,3495.5,4405.8,4406.1,4405.7,6128.7,6127.9,6129.0,8615.5,8613.2,8614.8,5211.5,5210.8,5212.7,7412.9,7414.0,7413.0,6104.6,6103.3,6104.2,1856.8,1855.4,1855.7,3673.5,3672.9,3673.7,2560.3,2559.6,2559.6,2893.4,2892.6,2893.4,27.459999,27.309999,going to home base
2024-04-13T01:04:54Z,2374.7,2374.1,2374.4,2620.3,2620.3,2620.2,5670.4,5670.0,5670.6,2335.7,2335.9,2336.7,3496.5,3495.5,3495.8,4406.6,4405.9,4406.1,6131.9,6131.4,6133.3,8611.7,8612.7,8615.2,5210.8,5211.3,5211.7,7415.2,7414.3,7413.2,6106.1,6105.1,6106.6,1857.4,1855.9,1855.4,3672.5,3673.0,3673.8,2560.7,2560.5,2560.7,2894.0,2893.7,2893.4,27.490000,27.320000,going to home base
2024-04-13T01:05:04Z,2374.4,2374.2,2373.9,2620.1,2620.4,2621.1,start,26814.2,26806.0,2374.5,2373.7,2374.1,2336.4,2337.1,3748.8,3748.8,88030.9,88107.2,14224.1,14221.7,14225.0,4406.1,4405.9,6134.4,6133.3,6133.1,16546.1,16543.2,34011.5,34021.4,8611.9,8612.9,8615.1,7415.6,7415.8,6105.3,6105.0,6106.2,43922.0,43914.5,3708.9,3710.2,1857.3,1855.4,1855.2,3674.3,2561.4,going to home base
2024-04-13T01:05:14Z,2374.4,2373.8,2373.9,2621.0,2620.7,2621.1,5671.2,5670.9,5671.2,2336.8,2336.6,2337.0,3495.7,3494.8,3494.6,4406.1,4405.8,4405.8,6132.0,6130.5,6131.8,8620.8,8617.4,8617.4,5210.9,5210.7,5211.4,7415.8,7415.3,7416.2,6106.8,6106.4,6107.7,1857.2,1856.1,1855.7,3672.2,3672.2,3673.1,2561.2,2560.1,2560.2,2893.4,2892.7,2894.1,27.450001,27.330000,going to home base
2024-04-13T01:05:19Z,2374.5,2373.5,2374.0,2620.7,2619.9,2620.9,5671.1,5670.4,5670.9,2336.7,2337.1,2337.2,3496.0,3495.1,3495.9,4405.5,4405.9,4405.7,6134.5,6135.9,6135.0,8616.7,8614.4,8613.7,5212.2,5212.0,5212.5,7415.6,7415.3,7415.0,6105.3,6104.6,6104.4,1856.7,1855.5,1855.5,3673.2,3673.1,3674.3,2561.8,2561.4,2561.4,2892.7,2892.8,2892.4,27.459999,27.410000,going to home base
2024-04-13T01:05:24Z,2374.4,2373.5,2374.1,2618.7,2619.0,2620.0,5671.5,5670.5,5671.1,2336.6,2336.7,2336.8,3495.0,3494.5,3494.1,4406.2,4405.5,4405.8,6133.2,6133.5,6132.5,8615.1,8614.4,8612.9,5212.1,5210.9,5212.0,7416.2,7417.0,7416.6,6105.0,6105.6,6105.2,1856.7,1855.7,1855.7,3673.3,3673.8,3674.5,2562.3,2561.8,2561.7,2894.2,2893.8,2894.0,27.480000,27.340000,going to home base
2024-04-13T01:05:29Z,2374.6,2373.7,2373.6,2620.5,2620.6,2620.1,5671.3,5670.6,5671.0,2336.5,2336.6,2336.7,3496.6,3496.5,3497.1,4405.7,4405.5,4405.4,6132.5,6131.2,6133.5,8616.1,8616.3,8615.7,5212.5,5212.3,5212.4,7414.7,7414.3,7414.4,6104.0,6105.3,6105.3,1857.3,1855.7,1855.7,3672.7,3673.1,3673.9,2562.0,2561.3,2561.0,2894.7,2894.2,2893.9,27.480000,27.360001,going to home base
2024-04-13T01:05:34Z,2374.1,2373.5,2373.8,2619.8,2620.5,2620.6,5671.8,5670.8,5671.0,2336.0,2336.1,2336.4,3496.1,3495.9,3495.5,4405.4,4405.7,4405.1,6131.3,6132.1,6131.3,8614.3,8615.6,8612.0,5211.2,5210.6,5211.7,7416.3,7415.5,7414.3,6101.8,6103.2,6103.3,1857.2,1855.8,1855.7,3673.0,3673.1,3674.2,2560.8,2560.4,2560.4,2894.5,2892.9,2893.8,27.459999,27.350000,going to home base
2024-04-13T01:05:39Z,2374.6,2373.8,2374.0,2620.6,2620.7,2620.7,5671.6,5671.7,5671.4,2336.1,2336.2,2336.5,3496.7,3496.0,3495.0,4405.0,4404.7,4404.8,6134.0,6133.3,6134.2,8616.8,8615.7,8615.4,5210.7,5211.0,5212.1,7414.7,7415.9,7415.8,6106.7,6107.3,6106.5,1857.2,1855.7,1855.7,3672.3,3672.3,3673.5,2562.6,2561.3,2561.3,2893.7,2893.5,2893.8,27.459999,27.379999,going to home base
2024-04-13T01:05:44Z,2374.0,2373.4,2373.4,2621.3,2620.9,2621.1,5671.0,5670.9,5670.7,2336.8,2336.9,2337.6,3496.2,3495.2,3495.5,4405.5,4405.5,4405.4,6136.2,6136.6,6135.8,8615.4,8614.3,8614.4,5211.1,5210.3,5212.4,7414.8,7414.3,7415.2,6102.6,6103.6,6103.3,1857.8,1856.0,1855.5,3672.6,3673.0,3673.6,2561.0,2560.1,2560.2,2893.4,2893.0,2893.3,27.459999,27.350000,going to home base
2024-04-13T01:05:49Z,2374.2,2373.7,2373.8,2620.0,2620.2,2620.0,5672.4,5672.0,5672.5,2336.5,2336.7,2336.9,3495.2,3495.6,3496.0,4405.1,4405.1,4405.5,6134.1,6133.2,6134.1,8614.7,8614.6,8612.6,5211.2,5210.9,5212.5,7415.9,7414.3,7414.0,6105.1,6104.7,6103.4,1857.0,1855.9,1855.7,3673.5,3673.6,3674.5,2560.7,2560.2,2560.6,2894.3,2893.4,2894.9,27.490000,27.350000,going to home base
2024-04-13T01:05:54Z,2374.3,2373.6,2373.8,2620.6,2620.5,2621.1,5671.7,5671.3,5671.3,2337.0,2336.8,2337.1,3495.5,3494.6,3494.4,4405.2,4404.5,4405.4,6131.5,6133.2,6133.9,8618.6,8619.4,8614.5,5210.8,5210.6,5210.9,7416.0,7414.8,7413.9,6105.2,6103.2,6104.1,1857.5,1855.9,1855.7,3672.9,3673.5,3674.4,2561.3,2560.7,2561.2,2895.1,2894.8,2895.1,27.459999,27.370001,going to home base
2024-04-13T01:05:59Z,2374.4,2374.0,2373.9,2621.0,2620.8,2621.0,5672.2,5671.7,5671.4,2336.2,2336.5,2336.8,3495.4,3495.0,3495.9,4404.9,4404.5,4404.5,6132.3,6131.4,6132.3,8614.3,8614.8,8612.5,5212.6,5211.1,5212.7,7415.7,7416.7,7416.2,6107.1,6107.0,6107.4,1856.9,1855.7,1855.3,3673.3,3672.8,3674.0,2562.1,2561.2,2561.5,2893.8,2892.7,2893.5,27.450001,27.400000,going to home base
2024-04-13T01:06:04Z,2374.4,2374.0,2373.8,2620.4,2620.2,2620.8,5672.3,5671.8,5671.5,2337.0,2336.9,2337.1,3495.5,3495.1,3495.2,4405.5,4405.0,4405.3,6135.8,6135.1,6136.1,8614.0,8615.6,8618.4,5211.0,5211.3,5212.1,7416.0,7415.4,7416.7,6106.3,6103.3,6105.0,1857.3,1855.7,1856.1,3673.0,3672.9,3673.9,2560.9,2560.3,2561.0,2894.6,2894.2,2894.1,27.459999,27.389999,going to home base
2024-04-13T01:06:09Z,2374.1,2373.3,2373.6,2620.3,2620.4,2620.5,5672.2,5672.0,5671.9,2336.4,2336.9,2337.2,3495.6,3495.2,3495.2,4405.3,4405.2,4405.2,6133.5,6134.5,6133.5,8615.4,8614.5,8615.3,5208.6,5208.5,5209.5,7417.3,7416.9,7416.1,6107.8,6107.8,6108.4,1857.3,1855.9,1855.6,3673.3,3673.0,3673.9,2561.5,2560.6,2560.9,2894.1,2894.8,2894.1,27.459999,27.389999,going to home base
2024-04-13T01:06:14Z,2373.4,2373.0,2373.5,2620.5,2620.3,2620.8,5672.3,5672.0,5671.8,2337.2,2336.7,2337.4,3495.2,3495.0,3494.7,4405.7,4405.4,4405.4,6134.7,6134.1,6134.3,8615.0,8615.9,8615.9,5208.2,5207.7,5208.5,7417.1,7416.7,7417.8,6106.2,6105.1,6106.4,1857.4,1855.6,1856.1,3672.8,3672.6,3673.3,2561.9,2561.0,2561.4,2893.6,2893.2,2893.2,27.490000,27.389999,going to home base
2024-04-13T01:06:19Z,2373.3,2372.8,2373.3,2620.6,2620.5,2620.9,5672.2,5671.9,5671.9,2336.4,2335.9,2336.9,3495.0,3495.5,3495.7,4405.1,4405.0,4404.8,6134.8,6135.9,6135.7,8615.4,8614.3,8614.1,5211.4,5211.3,5212.0,7416.9,7414.8,7415.3,6105.5,6104.4,6105.2,1858.0,1856.8,1857.1,3673.0,3673.3,3673.7,2561.2,2560.5,2560.9,2893.2,2893.4,2893.4,27.459999,27.400000,going to home base
2024-04-13T01:06:24Z,2373.8,2372.9,2373.4,2620.5,2620.4,2620.7,5671.6,5671.7,5671.3,2336.4,2336.0,2335.9,3496.0,3494.8,3494.2,4404.8,4404.8,4404.6,6135.4,6133.7,6134.6,8613.4,8612.7,8614.2,5211.7,5211.2,5211.4,7417.1,7416.5,7416.6,6105.9,6105.2,6104.9,1857.6,1856.1,1856.1,3673.5,3673.2,3673.7,2561.3,2560.4,2560.5,2894.4,2893.5,2893.6,27.480000,27.330000,going to home base
2024-04-13T01:06:29Z,2374.6,2373.6,2374.0,2619.6,2619.6,2620.3,5670.9,5670.8,5670.7,2336.5,2336.2,2336.8,3495.8,3495.8,3495.6,4405.8,4405.1,4405.4,6133.3,6134.2,6136.0,8612.4,8611.1,8614.4,5212.0,5211.9,5212.2,7417.6,7414.8,7415.2,6103.0,6103.0,6104.4,1856.6,1855.6,1855.6,3673.0,3672.9,3673.8,2561.4,2560.2,2559.9,2894.7,2894.0,2893.7,27.459999,27.309999,going to home base
2024-04-13T01:06:34Z,2374.1,2373.4,2373.7,2620.8,2620.6,2620.3,5670.9,5670.0,5670.0,2336.3,2336.3,2336.8,3495.2,3494.3,3494.7,4405.5,4404.8,4405.7,6132.0,6131.4,6130.6,8616.0,8616.3,8616.3,5210.7,5211.3,5212.0,7415.4,7414.0,7413.0,6106.2,6104.4,6107.6,1856.9,1855.6,1855.4,3673.1,3673.2,3673.9,2560.3,2559.9,2560.3,2895.1,2894.1,2894.0,27.459999,27.309999,going to home base
2024-04-13T01:06:39Z,2374.0,2373.3,2373.3,2619.7,2619.2,2620.5,5670.9,5670.4,5670.4,2336.5,2336.5,2336.9,3493.6,3493.4,3493.5,4405.7,4405.2,4404.5,6130.9,6130.5,6131.6,8614.9,8614.8,8614.0,5210.4,5209.8,5211.7,7415.4,7414.9,7412.8,6104.0,6104.2,6103.5,1857.5,1856.3,1856.0,3673.3,3673.3,3674.2,2560.3,2559.5,2559.3,2894.6,2894.1,2894.8,27.459999,27.330000,going to home base
2024-04-13T01:06:44Z,2373.6,2372.8,2372.9,2619.3,2619.9,2619.8,5671.7,5670.9,5671.1,2337.0,2337.0,2337.4,3493.7,3494.1,3493.9,4404.7,4404.5,4404.7,6132.5,6133.2,6134.6,8614.0,8614.6,8618.1,5209.9,5209.6,5209.4,7416.0,7413.9,7412.9,6103.6,6103.1,6102.6,1857.1,1855.7,1855.8,3673.1,3673.1,3673.5,2560.6,2559.4,2560.3,2893.0,2892.7,2891.8,27.490000,27.280001,going to home base
2024-04-13T01:06:49Z,2373.4,2372.8,2373.2,2619.8,2619.7,2620.0,5672.0,5671.6,5671.4,2336.0,2336.2,2336.6,3495.2,3494.6,3494.7,4404.7,4404.5,4404.7,6133.3,6131.0,6131.7,8613.0,8613.6,8613.7,5209.8,5210.9,5211.5,7413.8,7416.1,7416.1,6104.4,6104.3,6106.2,1857.4,1855.6,1855.8,3672.6,3672.8,3674.0,2560.4,2559.0,2559.5,2894.2,2893.7,2893.9,27.459999,27.309999,going to home base
2024-04-13T01:06:54Z,2374.3,2373.5,2373.6,2620.3,2620.1,2620.8,5671.4,5670.8,5670.8,2335.8,2335.8,2336.8,3494.8,3495.0,3494.9,4405.4,4404.5,4404.6,6131.7,6131.4,6131.2,8612.5,8611.6,8611.6,5210.3,5209.8,5212.2,7414.2,7414.1,7415.8,6102.4,6102.4,6103.3,1857.1,1855.6,1855.5,3672.8,3672.6,3673.9,2560.4,2559.1,2558.9,2893.7,2892.9,2893.2,27.459999,27.360001,going to home base
2024-04-13T01:06:59Z,2374.8,2374.1,2374.1,2620.2,2619.7,2620.0,5671.3,5670.9,5670.7,2336.1,2336.2,2336.5,3494.7,3494.5,3494.2,4405.0,4405.2,4404.8,6132.2,6130.9,6130.6,8611.5,8610.9,8611.6,5211.4,5210.9,5210.9,7414.2,7414.4,7415.1,6104.0,6103.6,6102.6,1856.5,1855.5,1855.4,3673.0,3672.9,3674.0,2560.2,2559.7,2559.3,2892.6,2892.8,2893.1,27.459999,27.420000,going to home base
2024-04-13T01:07:04Z,2374.1,2373.2,2373.5,2620.1,2619.5,2620.9,5670.4,5670.5,5670.7,2336.2,2336.3,2337.1,3494.6,3493.9,3494.0,4404.7,4404.9,4404.7,6133.8,6132.0,6133.7,8611.5,8613.3,8612.7,5211.0,5209.4,5210.3,7415.6,7413.5,7414.7,6100.3,6100.5,6100.2,1857.6,1855.9,1855.8,3673.1,3672.6,3674.0,2559.5,2558.0,2558.9,2893.0,2891.8,2892.4,27.459999,27.309999,going to home base
2024-04-13T01:07:09Z,2374.0,2373.3,2373.5,2619.9,2619.8,2620.0,5671.1,5670.7,5670.7,2336.4,2336.2,2336.6,3494.4,3494.5,3494.8,4404.7,4404.8,4405.1,6130.6,6129.1,6128.8,8612.2,8611.1,8613.0,5211.0,5210.2,5210.3,7413.9,7413.1,7412.5,6101.6,6102.6,6102.3,1857.1,1855.4,1855.2,3673.9,3673.5,3674.5,2561.1,2559.9,2560.3,2892.5,2891.8,2892.4,27.459999,27.290001,going to home base
2024-04-13T01:07:14Z,2373.6,2373.1,2373.1,2619.6,2619.3,2619.7,5671.0,5670.6,5671.2,2336.1,2336.5,2336.5,3495.0,3494.2,3493.7,4404.2,4404.4,4404.3,6130.5,6131.6,6132.1,8612.9,8611.8,8611.9,5209.2,5208.9,5209.7,7414.0,7413.6,7413.9,6101.0,6101.6,6101.1,1856.9,1855.7,1855.4,3673.9,3673.5,3674.4,2560.9,2560.4,2560.2,2893.8,2892.5,2892.3,27.480000,27.320000,going to home base
2024-04-13T01:07:19Z,2373.1,2372.5,2373.0,2620.0,2620.0,2620.2,5670.6,5670.0,5670.1,2336.2,2336.4,2336.5,3495.3,3494.1,3494.3,4404.4,4404.4,4404.7,6131.5,6131.8,6131.3,8613.0,8611.8,8614.4,5209.0,5209.1,5209.9,7413.4,7413.5,7414.2,6103.0,6103.1,6103.5,1856.8,1855.7,1855.2,3673.0,3672.8,3674.3,2561.0,2560.7,2560.1,2893.6,2893.6,2894.1,27.480000,27.320000,going to home base
2024-04-13T01:07:24Z,2373.5,2373.1,2373.4,2619.4,2619.1,2619.5,5670.6,5669.9,5670.2,2336.3,2336.3,2336.7,3495.1,3494.7,3494.8,4404.7,4404.6,4404.3,6129.7,6130.4,6130.2,8617.7,8616.9,8617.2,5209.4,5208.9,5209.6,7415.8,7413.7,7415.3,6102.5,6102.3,6103.4,1856.9,1855.6,1855.5,3672.9,3672.8,3674.2,2561.7,2560.6,2560.6,2892.7,2892.6,2893.3,27.459999,27.360001,going to home base
2024-04-13T01:07:29Z,2373.4,2372.7,2373.2,2620.2,2619.8,2620.2,5671.2,5670.7,5670.8,2336.4,2336.3,2336.8,3493.7,3493.9,3494.1,4404.6,4404.5,4404.6,6128.5,6130.0,6130.2,8612.9,8614.8,8612.0,5209.7,5208.6,5211.3,7412.9,7411.2,7412.2,6102.1,6103.1,6102.9,1857.3,1856.1,1856.2,3672.0,3671.9,3672.8,2561.3,2561.0,2560.2,2894.1,2892.9,2894.2,27.480000,27.389999,going to home base
2024-04-13T01:07:34Z,2374.0,2373.5,2373.6,2619.1,2619.3,2619.4,5671.1,5670.9,5670.6,2336.0,2335.9,2336.5,3494.8,3493.9,3493.7,4404.1,4404.0,4403.9,6131.7,6131.8,6132.6,8618.1,8615.8,8617.6,5210.7,5209.1,5210.6,7415.2,7413.7,7414.2,6105.3,6105.1,6104.9,1857.5,1856.0,1855.7,3671.7,3672.0,3672.3,2560.0,2559.8,2559.7,2893.8,2893.8,2894.0,27.450001,27.370001,going to home base
2024-04-13T01:07:39Z,2373.2,2372.7,2373.1,2619.6,2619.3,2619.9,5671.0,5670.8,5670.8,2336.7,2336.5,2337.2,3494.7,3494.4,3493.9,4405.1,4404.6,4404.7,6131.2,6131.9,6131.4,8615.4,8614.2,8614.7,5210.3,5209.5,5210.2,7415.3,7414.0,7414.4,6102.3,6100.5,6102.3,1857.1,1855.8,1855.7,3672.5,3672.7,3673.8,2560.6,2560.0,2560.1,2893.5,2893.3,2893.3,27.459999,27.389999,going to home base
2024-04-13T01:07:44Z,2373.6,2373.2,2373.6,2619.6,2619.7,2619.9,5670.9,5671.1,5671.1,2336.6,2337.0,2337.2,3494.4,3494.2,3494.1,4404.3,4404.2,4404.2,6132.6,6132.4,6132.2,8614.7,8614.8,8615.7,5212.2,5210.7,5212.3,7415.7,7414.3,7415.4,6106.3,6104.7,6105.9,1857.4,1856.3,1855.9,3672.9,3672.7,3673.8,2560.7,2560.0,2560.6,2893.7,2893.8,2893.2,27.480000,27.420000,going to home base
2024-04-13T01:07:49Z,2374.3,2373.6,2373.9,2620.4,2619.8,2620.3,5670.9,5670.4,5670.6,2335.8,2335.9,2336.2,3494.5,3494.1,3494.1,4404.7,4405.2,4404.3,6133.3,6133.6,6133.4,8614.2,8615.3,8617.0,5211.3,5210.9,5211.2,7414.5,7414.0,7414.1,6103.0,6102.6,6102.9,1857.5,1856.3,1855.8,3672.6,3671.9,3673.2,2560.8,2559.9,2559.8,2893.1,2893.1,2892.8,27.459999,27.370001,going to home base
2024-04-13T01:07:54Z,2374.2,2373.3,2373.5,2619.6,2619.0,2619.9,5670.7,5670.3,5670.3,2336.4,2336.0,2336.3,3495.0,3494.3,3494.8,4404.3,4404.5,4404.8,6131.5,6131.6,6132.9,8615.2,8616.5,8617.6,5211.4,5212.2,5211.9,7415.9,7413.5,7412.8,6104.3,6104.4,6105.5,1857.5,1855.6,1856.1,3673.2,3672.6,3673.2,2561.2,2559.8,2560.0,2893.2,2893.1,2893.6,27.459999,27.360001,going to home base
2024-04-13T01:07:59Z,2373.9,2373.6,2373.7,2619.4,2620.0,2620.5,5670.8,5670.0,5669.8,2336.5,2336.4,2336.9,3494.4,3493.9,3493.5,4404.4,4404.1,4404.1,6131.1,6128.1,6129.4,8613.8,8614.5,8615.4,5211.7,5210.6,5212.1,7412.5,7412.5,7412.7,6101.8,6100.2,6101.3,1857.6,1856.6,1856.0,3673.0,3672.9,3673.6,2559.9,2559.4,2559.7,2893.0,2892.2,2893.5,27.440001,27.350000,going to home base
2024-04-13T01:08:04Z,2374.5,2373.8,2374.0,2619.6,2620.3,2620.2,5671.0,5669.8,5670.2,2336.7,2336.4,2337.2,3494.5,3494.2,3493.7,4404.7,4404.0,4404.3,6129.9,6130.9,6128.7,8612.5,8612.5,8612.5,5210.6,5210.1,5211.6,7415.5,7413.2,7414.5,6102.8,6103.2,6104.4,1857.5,1856.5,1856.2,3672.6,3672.9,3673.5,2560.7,2560.0,2559.5,2893.2,2892.5,2892.9,27.459999,27.320000,going to home base
2024-04-13T01:08:09Z,2374.0,2373.1,2373.5,2619.1,2618.9,2619.5,5671.0,5670.5,5670.6,2336.9,2336.5,2337.3,3494.5,3494.2,3493.3,4404.0,4403.8,4403.9,6130.8,6130.9,6132.7,8614.9,8612.8,8613.8,5210.7,5209.6,5209.8,7413.7,7414.1,7414.1,6103.3,6102.6,6103.2,1857.1,1856.0,1856.0,3672.4,3672.4,3673.7,2560.1,2559.6,2559.7,2893.2,2892.1,2893.3,27.450001,27.350000,going to home base
2024-04-13T01:08:14Z,2373.8,2373.1,2374.0,2619.2,2619.1,2619.3,5670.6,5670.4,5670.5,2336.2,2336.0,2336.4,3494.5,3494.3,3494.8,4404.7,4404.1,4404.5,6129.6,6129.0,6129.9,8613.0,8613.0,8614.8,5209.2,5209.6,5210.0,7413.5,7412.4,7414.0,6104.1,6104.3,6105.2,1857.5,1856.4,1856.4,3672.6,3672.7,3673.3,2560.5,2559.5,2559.4,2893.4,2892.6,2892.9,27.459999,27.309999,going to home base
2024-04-13T01:08:19Z,2374.5,2373.3,2373.5,2618.4,2618.8,2620.0,5671.1,5670.7,5670.4,2336.1,2336.1,2336.3,3493.9,3493.8,3494.5,4404.6,4404.0,4404.2,6131.2,6131.0,6130.7,8613.2,8612.5,8612.6,5210.4,5210.5,5212.1,7416.7,7414.2,7414.3,6102.4,6101.6,6102.1,1857.8,1856.3,1856.3,3672.8,3672.7,3673.9,2560.6,2560.1,2560.0,2892.4,2891.8,2891.8,27.450001,27.320000,going to home base
2024-04-13T01:08:24Z,2373.9,2373.7,2373.8,2620.1,2620.0,2620.0,5670.7,5670.4,5670.6,2336.7,2336.4,2336.7,3493.0,3492.6,3492.3,4404.0,4404.1,4404.5,6131.2,6132.8,6131.4,8610.8,8613.1,8612.3,5210.4,5209.3,5210.6,7413.8,7415.1,7415.5,6101.2,6102.1,6102.2,1857.1,1855.7,1855.9,3672.2,3672.0,3673.5,2559.8,2559.3,2559.2,2892.9,2892.6,2892.6,27.459999,27.309999,going to home base
2024-04-13T01:08:29Z,2374.0,2373.5,2373.4,2618.9,2619.6,2618.9,5670.7,5671.2,5670.8,2336.4,2336.5,2336.8,3493.9,3493.5,3493.2,4404.8,4404.3,4404.6,6129.9,6130.6,6130.2,8614.8,8616.3,8615.3,5208.6,5209.4,5210.7,7416.1,7414.1,7415.2,6105.1,6104.2,6104.1,1857.6,1856.0,1855.8,3673.1,3673.5,3674.1,2560.2,2559.6,2560.2,2892.6,2891.9,2891.9,27.440001,27.320000,going to home base
2024-04-13T01:08:34Z,2374.4,2373.7,2373.8,2619.6,2619.7,2619.7,5671.5,5670.8,5670.6,2336.1,2336.3,2337.0,3494.4,3493.6,3493.3,4403.6,4403.8,4403.9,6129.8,6129.9,6128.2,8611.5,8612.8,8611.3,5209.6,5209.3,5209.9,7415.9,7414.3,7415.2,6102.9,6101.7,6102.3,1857.4,1856.3,1856.4,3672.7,3672.5,3673.0,2560.7,2560.1,2560.1,2892.7,2892.8,2893.7,27.450001,27.370001,going to home base
2024-04-13T01:08:39Z,2373.9,2373.5,2373.6,2620.0,2619.2,2620.2,5670.6,5670.4,5670.2,2336.7,2336.5,2337.2,3494.5,3494.2,3493.7,4404.4,4404.0,4405.1,6126.9,6127.2,6127.5,8614.0,8613.2,8613.1,5211.0,5209.7,5210.8,7414.9,7412.3,7412.2,6102.1,6099.6,6102.5,1857.5,1855.8,1856.0,3673.0,3673.0,3673.7,2560.6,2559.1,2559.9,2894.2,2893.1,2893.8,27.450001,27.350000,going to home base
2024-04-13T01:08:44Z,2374.7,2373.6,2374.0,2619.4,2620.0,2619.7,5670.9,5670.5,5670.5,2336.3,2336.2,2336.5,3493.4,3493.1,3493.0,4404.0,4404.1,4404.7,6126.4,6127.0,6127.7,8613.4,8612.8,8615.3,5211.0,5210.4,5211.3,7416.3,7415.8,7414.7,6105.0,6106.3,6104.1,1856.8,1855.7,1855.7,3673.0,3672.6,3673.3,2560.3,2559.6,2559.7,2893.5,2892.8,2893.6,27.450001,27.360001,going to home base
2024-04-13T01:08:49Z,2374.4,2373.7,2374.4,2619.0,2618.5,2619.1,5671.0,5670.3,5670.6,2336.1,2335.9,2336.1,3494.7,3494.0,3493.6,4404.9,4404.9,4404.7,6127.5,6127.4,6129.1,8615.3,8615.1,8615.3,5209.9,5210.1,5210.3,7414.5,7414.1,7414.7,6103.9,6103.4,6102.5,1857.7,1856.2,1856.3,3672.9,3673.3,3673.8,2560.3,2559.6,2559.8,2894.4,2894.0,2894.3,27.450001,27.360001,going to home base
2024-04-13T01:08:54Z,2374.2,2373.7,2373.7,2619.7,2618.9,2619.2,5670.5,5670.2,5670.4,2335.8,2335.6,2336.0,3494.3,3494.3,3493.3,4404.4,4403.8,4403.8,6130.6,6130.1,6128.0,8614.2,8611.8,8616.4,5209.5,5210.1,5211.4,7415.1,7413.2,7413.3,6102.7,6102.1,6103.4,1857.5,1856.1,1856.0,3672.8,3672.7,3673.7,2560.1,2558.7,2559.4,2893.0,2892.1,2891.4,27.459999,27.400000,going to home base
2024-04-13T01:08:59Z,2372.7,2371.9,2373.4,2619.0,2619.0,2619.1,5671.3,5670.8,5670.3,2336.1,2335.8,2335.8,3495.0,3494.6,3494.4,4404.6,4404.3,4404.7,6130.9,6130.2,6131.3,8613.5,8611.0,8612.1,5211.9,5212.1,5211.6,7414.7,7416.4,7414.8,6103.6,6104.1,6103.7,1857.1,1855.7,1855.7,3672.3,3672.5,3673.4,2560.0,2559.7,2560.3,2893.8,2893.4,2893.6,27.459999,27.370001,going to home base
2024-04-13T01:09:04Z,2374.0,2373.5,2373.7,2619.4,2619.2,2619.8,5671.6,5670.2,5670.5,2335.5,2335.6,2335.7,3494.2,3493.5,3493.5,4404.1,4404.0,4404.4,6130.7,6130.9,6131.2,8616.1,8612.4,8614.9,5210.7,5210.7,5211.4,7417.3,7414.9,7416.9,6103.0,6103.8,6104.3,1857.4,1855.9,1856.0,3672.9,3672.9,3674.0,2560.9,2560.0,2559.2,2894.4,2894.3,2894.9,27.440001,27.320000,going to home base
2024-04-13T01:09:09Z,2374.3,2374.0,2374.2,2619.5,2619.6,2620.2,5670.5,5670.1,5670.4,2336.5,2335.9,2336.1,3493.8,3493.7,3493.1,4404.1,4404.7,4404.6,6132.1,6131.3,6131.1,8613.8,8613.6,8613.9,5211.9,5210.9,5212.3,7415.5,7415.5,7416.0,6103.8,6103.2,6103.4,1857.7,1856.8,1856.6,3673.2,3672.9,3673.9,2559.8,2559.5,2559.3,2895.9,2895.1,2895.2,27.480000,27.330000,going to home base
2024-04-13T01:09:14Z,2374.1,2373.1,2373.6,2618.7,2618.8,2619.6,5670.4,5670.5,5669.8,2335.7,2335.9,2335.8,3493.7,3493.3,3493.4,4404.2,4404.4,4404.5,6128.0,6127.2,6128.1,8612.1,8612.7,8612.1,5211.2,5211.4,5211.7,7417.6,7416.9,7417.5,6101.9,6102.3,6102.3,1857.2,1856.3,1856.5,3673.1,3673.6,3674.2,2559.9,2558.7,2558.5,2893.8,2893.3,2893.2,27.450001,27.350000,going to home base
2024-04-13T01:09:19Z,2374.1,2373.4,2373.7,2619.9,2619.5,2619.1,5670.5,5669.9,5669.9,2335.9,2336.2,2336.3,3494.2,3493.9,3494.3,4404.7,4404.3,4404.0,6130.2,6130.8,6131.0,8615.1,8612.6,8616.3,5212.9,5212.0,5213.5,7417.0,7416.3,7416.1,6099.8,6101.6,6101.4,1857.7,1855.9,1855.8,3673.1,3673.5,3674.0,2559.9,2559.3,2559.0,2893.9,2893.7,2894.1,27.440001,27.320000,going to home base
2024-04-13T01:09:24Z,2373.8,2373.1,2373.1,2619.2,2618.8,2619.3,5668.9,5669.2,5670.2,2335.8,2335.6,2336.0,3494.1,3494.1,3494.0,4404.3,4403.8,4404.3,6132.1,6130.4,6129.4,8613.5,8612.2,8614.0,5210.9,5211.2,5212.1,7416.5,7416.0,7418.2,6101.3,6100.3,6102.3,1857.0,1855.4,1855.5,3671.9,3672.2,3672.7,2560.3,2559.6,2559.0,2894.2,2893.2,2893.8,27.450001,27.320000,going to home base
2024-04-13T01:09:29Z,2374.1,2373.2,2373.4,2619.3,2618.8,2620.0,5669.5,5669.0,5668.9,2335.8,2335.9,2336.1,3494.1,3493.3,3493.7,4403.6,4403.9,4403.8,6132.4,6132.6,6132.1,8612.1,8612.0,8611.2,5208.8,5208.3,5208.4,7413.1,7413.8,7413.8,6104.6,6104.9,6104.7,1857.2,1855.7,1855.7,3672.6,3672.4,3672.9,2559.2,2559.1,2559.6,2893.8,2892.7,2893.0,27.459999,27.280001,going to home base
2024-04-13T01:09:34Z,2374.1,2373.4,2373.6,2620.5,2620.2,2619.9,5669.6,5669.1,5668.7,2336.2,2336.1,2336.7,3494.4,3493.7,3494.2,4403.7,4404.0,4403.7,6131.3,6129.7,6131.0,8610.3,8609.5,8610.7,5207.7,5207.3,5208.2,7412.8,7412.6,7411.2,6102.2,6103.4,6104.2,1857.2,1855.5,1855.5,3671.8,3671.7,3673.1,2560.5,2559.8,2559.7,2893.4,2892.8,2892.8,27.459999,27.320000,going to home base
2024-04-13T01:09:39Z,2373.7,2373.0,2373.2,2619.2,2619.2,2619.5,5669.5,5668.9,5669.1,2335.2,2335.5,2335.5,3494.4,3493.5,3493.7,4403.6,4403.5,4403.3,6132.2,6130.1,6131.0,8611.3,8613.0,8612.1,5208.9,5209.4,5209.9,7415.7,7412.3,7414.0,6101.7,6102.3,6103.0,1856.9,1855.5,1855.3,3671.7,3671.9,3672.9,2560.8,2559.6,2559.7,2891.7,2890.6,2891.0,27.440001,27.320000,going to home base
2024-04-13T01:09:44Z,2373.9,2373.1,2373.3,2620.4,2620.3,2620.2,5669.3,5668.6,5668.8,2335.8,2335.9,2336.2,3494.4,3493.6,3493.7,4403.8,4403.0,4403.1,6130.6,6129.5,6131.0,8611.9,8609.1,8610.8,5208.8,5207.6,5209.6,7418.0,7415.6,7415.9,6101.6,6101.6,6101.3,1857.1,1855.7,1855.5,3671.6,3671.5,3672.7,2559.8,2558.2,2558.9,2892.8,2891.5,2892.4,27.440001,27.290001,going to home base
2024-04-13T01:09:49Z,2373.5,2372.6,2373.4,2620.4,2619.9,2619.9,5669.4,5669.1,5669.3,2336.0,2336.3,2336.9,3493.4,3493.2,3493.4,4403.8,4403.5,4403.1,6130.5,6130.4,6131.5,8611.8,8612.5,8613.6,5209.9,5208.0,5209.4,7415.6,7414.6,7412.8,6102.1,6101.2,6101.8,1857.1,1855.6,1855.5,3671.9,3672.2,3673.0,2560.4,2559.9,2559.4,2892.4,2890.8,2890.8,27.480000,27.330000,going to home base
2024-04-13T01:09:54Z,2373.5,2372.7,2372.7,2619.1,2619.5,2620.1,5668.8,5668.5,5668.8,2335.9,2335.7,2336.4,3494.2,3493.6,3494.1,4403.3,4403.3,4403.6,6129.9,6131.4,6130.0,8609.8,8608.0,8609.3,5209.5,5209.7,5210.1,7414.9,7414.4,7414.1,6101.5,6101.0,6101.9,1857.1,1855.4,1855.7,3672.1,3672.3,3672.9,2559.6,2559.2,2559.9,2892.0,2891.8,2893.0,27.450001,27.280001,going to home base
2024-04-13T01:09:59Z,2373.6,2372.7,2372.9,2619.2,2618.3,2619.6,5668.5,5668.7,5668.1,2336.4,2336.1,2336.3,3493.4,3492.9,3492.8,4403.2,4403.1,4402.7,6130.5,6128.4,6129.1,8612.0,8612.0,8611.6,5208.2,5208.9,5209.3,7416.8,7416.5,7415.0,6102.8,6103.9,6101.4,1857.1,1855.1,1854.9,3671.9,3672.1,3672.9,2559.9,2559.1,2559.1,2891.4,2890.4,2891.2,27.480000,27.280001,going to home base
2024-04-13T01:10:04Z,2373.9,2373.2,2372.9,2618.9,2618.8,2619.3,5669.1,5668.5,5668.4,2335.9,2335.2,2336.0,3493.1,3492.5,3493.0,4403.1,4403.0,4403.5,6128.0,6126.9,6128.8,8610.4,8611.8,8611.1,5208.3,5208.7,5210.0,7415.0,7415.1,7415.2,6101.3,6100.8,6101.7,1856.9,1855.7,1855.2,3671.9,3672.0,3671.9,2558.8,2558.6,2558.6,2892.2,2891.7,2891.9,27.450001,27.290001,going to home base
2024-04-13T01:10:09Z,2373.1,2372.3,2372.8,2618.9,2619.4,2619.8,5669.0,5668.3,5668.2,2336.2,2335.7,2336.1,3494.5,3494.4,3494.3,4403.5,4403.1,4403.1,6130.6,6132.2,6131.4,8610.2,8610.7,8610.2,5210.6,5210.1,5210.9,7415.3,7414.1,7413.7,6104.6,6103.5,6102.6,1856.9,1855.6,1855.1,3672.2,3672.1,3673.2,2559.5,2558.8,2558.7,2891.1,2890.3,2890.5,27.459999,27.309999,going to home base
2024-04-13T01:10:14Z,2373.5,2372.6,2372.9,2619.0,2618.5,2618.9,5669.3,5668.8,5668.8,2336.1,2336.1,2336.6,3494.5,3493.0,3493.0,4403.6,4403.0,4403.6,6128.7,6127.8,6127.8,8613.8,8612.6,8611.6,5211.6,5210.1,5211.7,7415.2,7412.4,7412.6,6102.6,6103.4,6102.1,1856.9,1855.1,1854.9,3672.0,3672.1,3673.0,2560.0,2559.8,2560.0,2892.0,2891.5,2891.3,27.450001,27.370001,going to home base
2024-04-13T01:10:19Z,2373.4,2373.1,2373.3,2619.1,2619.1,2619.4,5669.0,5668.2,5668.3,2335.5,2335.6,2335.9,3494.3,3494.0,3493.9,4403.9,4403.9,4403.9,6128.1,6128.3,6128.0,8608.8,8607.3,8608.9,5209.9,5210.4,5211.3,7413.4,7414.7,7414.2,6103.7,6103.8,6103.3,1856.9,1855.2,1855.2,3672.2,3672.3,3672.8,2560.2,2559.2,2559.2,2893.4,2892.2,2893.1,27.450001,27.350000,going to home base
2024-04-13T01:10:24Z,2373.5,2372.8,2373.2,2619.7,2618.6,2619.3,5669.1,5669.2,5669.3,2336.4,2336.3,2336.1,3494.1,3493.9,3493.1,4403.9,4403.4,4403.3,6130.4,6129.5,6130.2,8611.2,8610.9,8612.1,5209.7,5208.7,5210.6,7415.0,7414.3,7414.1,6100.2,6102.2,6102.8,1856.5,1854.6,1855.1,3672.2,3672.3,3673.2,2560.6,2560.1,2560.1,2893.2,2892.6,2892.9,27.450001,27.350000,going to home base
2024-04-13T01:10:29Z,2373.4,2372.9,2372.9,2618.6,2618.2,2618.8,5669.1,5668.8,5668.7,2336.4,2336.3,2337.1,3494.0,3493.5,3492.5,4403.1,4403.3,4402.9,6129.5,6127.6,6129.2,8611.5,8611.6,8611.1,5209.9,5211.4,5211.9,7413.2,7410.5,7412.0,6101.9,6101.3,6102.1,1856.8,1855.4,1855.4,3672.4,3672.6,3673.4,2559.7,2558.8,2558.8,2891.7,2891.6,2892.3,27.459999,27.379999,going to home base
2024-04-13T01:10:34Z,2373.4,2372.9,2373.0,2619.1,2618.7,2619.0,5668.8,5668.5,5668.4,2336.8,2336.9,2337.3,3494.3,3494.0,3493.5,4402.7,4402.7,4402.6,6131.1,6130.1,6131.0,8611.0,8612.4,8611.1,5209.5,5209.6,5210.7,7413.3,7412.7,7412.6,6101.4,6101.6,6102.0,1856.2,1855.0,1855.2,3672.4,3672.4,3672.8,2559.2,2558.6,2558.4,2893.0,2893.3,2892.5,27.440001,27.370001,going to home base
2024-04-13T01:10:39Z,2373.9,2373.2,2373.4,2618.2,2618.5,2619.2,5670.1,5669.6,5669.9,2336.1,2336.0,2336.2,3494.0,3494.2,3493.8,4402.6,4402.9,4402.9,6129.0,6128.2,6128.9,8612.6,8614.5,8613.0,5209.3,5209.3,5210.6,7412.6,7413.0,7413.4,6101.8,6101.2,6101.6,1856.3,1854.9,1854.8,3672.4,3672.6,3673.7,2560.0,2559.0,2559.1,2893.7,2893.2,2892.9,27.459999,27.400000,going to home base
2024-04-13T01:10:49Z,2374.0,2373.5,2373.8,2618.2,2618.8,2618.9,5669.7,5668.9,5669.0,2336.7,2336.2,2336.2,3494.5,3494.2,3493.7,4403.4,4403.5,4403.8,6131.9,6131.2,6132.6,8610.3,8611.8,8610.4,5208.9,5208.5,5209.5,7412.7,7411.4,7412.0,6102.0,6102.8,6103.4,1856.7,1855.4,1start,26794.7,26789.8,2373.9,2373.1,2373.5,2618.9,2618.7,2619.4,5669.8,2336.3,2336.1,going to home base
2024-04-13T01:10:59Z,2373.0,2372.5,2372.5,2618.5,2618.4,2619.1,5669.8,5669.3,5669.6,2336.0,2336.1,2337.0,3494.5,3493.6,3493.5,4403.4,4402.8,4402.8,6131.0,6130.3,6131.6,8610.4,8610.9,8610.1,5210.9,5211.0,5211.7,7411.8,7411.0,7410.0,6102.9,6101.7,6102.3,1856.7,1855.6,1855.3,3672.0,3671.7,3673.3,2558.7,2557.5,2557.8,2892.4,2891.6,2892.5,27.440001,27.430000,going to home base
2024-04-13T01:11:04Z,2373.6,2372.8,2372.7,2618.7,2619.6,2619.8,5670.0,5669.6,5669.8,2335.2,2335.1,2336.1,3494.2,3494.0,3493.9,4403.6,4403.6,4403.6,6133.6,6131.3,6132.8,8611.6,8611.2,8612.1,5209.7,5210.3,5210.7,7413.4,7412.3,7413.2,6105.3,6103.4,6105.5,1857.1,1855.7,1855.6,3673.1,3673.1,3673.9,2559.6,2558.8,2558.9,2893.0,2892.2,2892.7,27.420000,27.389999,going to home base
2024-04-13T01:11:09Z,2373.6,2372.8,2373.1,2618.6,2618.4,2618.9,5669.5,5669.1,5669.7,2335.5,2335.9,2336.2,3494.4,3493.4,3493.4,4403.6,4403.8,4403.9,6129.0,6130.6,6132.0,8612.7,8613.0,8611.7,5211.1,5211.2,5211.6,7412.6,7413.1,7413.6,6101.4,6102.7,6103.0,1856.7,1854.9,1855.0,3672.3,3672.2,3672.9,2560.2,2558.8,2559.4,2892.3,2891.9,2892.9,27.450001,27.389999,going to home base
2024-04-13T01:11:14Z,2374.2,2373.1,2373.6,2618.7,2618.6,2618.4,5669.5,5669.6,5669.8,2336.0,2336.4,2336.9,3495.1,3494.8,3494.2,4403.6,4403.6,4403.9,6132.9,6133.2,6134.2,8612.9,8612.0,8612.6,5209.1,5209.5,5210.3,7415.9,7412.8,7414.6,6104.0,6103.4,6104.4,1856.7,1855.5,1855.5,3673.0,3672.9,3673.1,2560.3,2559.7,2559.8,2893.4,2893.5,2894.1,27.450001,27.420000,going to home base
2024-04-13T01:11:19Z,2373.7,2373.1,2373.4,2619.5,2619.3,2619.8,5670.1,5669.7,5669.1,2336.1,2336.1,2336.3,3494.1,3493.5,3493.9,4403.8,4403.8,4403.5,6132.1,6132.2,6133.7,8611.2,8611.1,8609.9,5207.1,5207.7,5208.0,7415.4,7414.3,7413.9,6100.5,6101.4,6101.9,1856.9,1854.9,1855.1,3672.0,3672.1,3673.0,2558.7,2558.2,2557.9,2892.8,2892.1,2892.2,27.450001,27.360001,going to home base
2024-04-13T01:11:24Z,2373.7,2373.1,2373.2,2618.6,2618.9,2619.1,5670.1,5669.4,5669.8,2336.6,2336.4,2336.6,3494.0,3493.5,3494.2,4403.9,4403.2,4403.4,6133.9,6132.7,6134.4,8611.8,8611.7,8612.7,5207.9,5207.4,5207.1,7414.6,7413.4,7414.5,6100.4,6101.4,6101.1,1856.7,1855.1,1855.5,3672.4,3672.4,3673.4,2559.9,2559.1,2559.5,2892.0,2891.9,2892.0,27.450001,27.420000,going to home base
2024-04-13T01:11:29Z,2373.9,2372.9,2373.3,2617.8,2618.2,2618.7,5670.5,5670.2,5670.1,2335.7,2335.4,2335.5,3494.4,3493.8,3493.7,4404.0,4403.8,4404.0,6135.2,6135.0,6135.2,8613.7,8612.0,8615.1,5211.9,5210.8,5212.2,7415.3,7414.9,7413.8,6102.0,6101.1,6101.1,1857.1,1855.8,1855.2,3672.0,3672.2,3673.0,2560.3,2559.5,2559.3,2892.2,2891.8,2892.6,27.450001,27.370001,going to home base
2024-04-13T01:11:34Z,2373.7,2373.0,2373.3,2618.6,2618.4,2619.4,5669.4,5668.3,5669.1,2336.3,2336.2,2336.2,3494.1,3493.1,3492.9,4403.7,4403.5,4403.3,6132.0,6129.9,6130.9,8610.1,8611.2,8610.2,5210.7,5209.4,5210.2,7413.9,7412.4,7413.5,6101.9,6103.3,6102.0,1856.6,1855.0,1854.9,3671.8,3672.1,3672.9,2559.2,2558.4,2558.2,2891.8,2892.1,2891.9,27.459999,27.309999,going to home base
2024-04-13T01:11:39Z,2373.3,2372.6,2373.1,2618.9,2618.3,2619.5,5669.5,5669.5,5669.5,2336.1,2336.2,2336.4,3492.9,3493.6,3493.5,4403.9,4404.1,4404.0,6128.7,6128.1,6129.6,8615.1,8614.0,8611.5,5210.2,5210.8,5210.9,7412.4,7410.8,7410.2,6103.2,6102.3,6102.2,1856.4,1855.0,1855.1,3672.5,3672.7,3673.2,2559.2,2558.6,2558.5,2892.7,2891.4,2891.3,27.450001,27.360001,going to home base
2024-04-13T01:11:44Z,2373.5,2372.7,2373.1,2618.9,2618.0,2618.7,5669.7,5669.7,5669.5,2336.1,2335.6,2336.5,3493.2,3492.2,3492.4,4403.3,4403.1,4403.4,6129.3,6130.4,6129.8,8613.4,8612.8,8612.8,5210.1,5209.2,5210.4,7412.2,7411.3,7413.7,6102.7,6102.7,6103.4,1856.6,1855.2,1855.3,3672.2,3672.0,3672.7,2558.9,2557.8,2558.3,2892.7,2891.7,2892.2,27.420000,27.350000,going to home base
2024-04-13T01:11:49Z,2374.2,2373.7,2373.6,2618.1,2618.5,2619.0,5670.5,5669.5,5669.9,2336.3,2336.2,2336.6,3493.4,3493.1,3493.5,4403.6,4403.6,4403.6,6129.4,6130.9,6130.8,8613.2,8610.9,8611.5,5208.6,5209.1,5209.8,7412.0,7412.3,7411.3,6101.1,6102.3,6102.0,1856.6,1855.4,1855.2,3672.4,3672.2,3673.0,2559.1,2558.3,2557.5,2891.6,2891.3,2891.3,27.440001,27.360001,going to home base
2024-04-13T01:11:54Z,2373.2,2372.9,2373.1,2619.2,2619.1,2619.5,5670.4,5669.7,5669.6,2335.3,2335.5,2336.3,3494.3,3492.8,3493.2,4403.8,4403.5,4403.5,6130.4,6130.0,6130.8,8610.9,8608.6,8609.2,5210.4,5210.8,5210.6,7411.1,7411.7,7411.4,6102.8,6104.2,6105.3,1857.0,1855.3,1855.3,3672.6,3672.3,3673.3,2558.9,2558.1,2558.2,2893.2,2893.0,2892.5,27.440001,27.389999,going to home base
2024-04-13T01:11:59Z,2373.5,2372.8,2372.6,2618.9,2618.6,2619.1,5669.7,5669.5,5669.4,2335.5,2335.1,2335.7,3492.9,3492.4,3492.8,4403.9,4403.5,4403.6,6128.5,6127.5,6127.6,8612.3,8611.3,8609.5,5210.5,5209.8,5211.3,7413.9,7413.4,7412.3,6103.7,6102.2,6104.6,1856.9,1855.2,1855.4,3673.1,3672.8,3673.8,2559.5,2558.6,2559.1,2893.2,2892.3,2892.7,27.450001,27.370001,going to home base
2024-04-13T01:12:04Z,2373.8,2373.1,2373.3,2619.0,2619.2,2619.3,5669.7,5669.1,5669.5,2335.4,2335.5,2335.7,3493.0,3492.6,3493.1,4403.9,4403.8,4403.9,6131.9,6130.9,6131.8,8612.9,8612.8,8615.6,5208.3,5208.9,5208.9,7413.8,7411.7,7412.4,6100.6,6102.7,6103.1,1857.1,1855.7,1855.7,3672.4,3672.4,3672.9,2559.4,2558.9,2559.0,2892.1,2892.0,2892.7,27.450001,27.340000,going to home base
2024-04-13T01:12:09Z,2373.2,2372.4,2372.5,2619.4,2618.8,2619.4,5668.4,5668.5,5668.4,2336.0,2336.2,2335.8,3493.3,3492.6,3492.4,4402.9,4403.0,4402.7,6129.0,6128.1,6127.1,8612.4,8613.2,8611.9,5210.3,5210.4,5210.2,7414.8,7414.3,7414.7,6107.3,6106.5,6107.3,1857.0,1855.6,1855.2,3671.9,3672.4,3672.9,2559.5,2558.8,2559.1,2892.7,2892.3,2892.4,27.450001,27.280001,going to home base
2024-04-13T01:12:14Z,2374.0,2373.2,2373.1,2618.7,2618.6,2619.0,5668.7,5668.1,5668.0,2335.0,2335.1,2335.7,3493.5,3493.0,3493.3,4403.3,4402.7,4403.0,6129.0,6129.9,6129.7,8611.0,8611.1,8610.5,5209.0,5209.0,5209.4,7416.5,7415.7,7416.6,6104.1,6104.0,6104.9,1856.6,1854.9,1855.1,3671.9,3671.8,3672.8,2559.2,2558.3,2558.5,2893.7,2892.4,2892.4,27.450001,27.330000,going to home base
2024-04-13T01:12:19Z,2373.5,2372.8,2372.9,2618.6,2619.1,2618.8,5668.6,5668.5,5668.0,2334.9,2334.8,2335.6,3493.3,3492.7,3492.3,4403.2,4403.0,4403.2,6126.5,6127.6,6127.8,8609.2,8609.4,8611.4,5210.1,5209.8,5210.3,7414.5,7415.0,7416.2,6104.7,6101.9,6103.8,1856.5,1854.9,1854.9,3672.7,3672.6,3673.4,2559.6,2558.9,2559.3,2892.0,2891.7,2891.9,27.440001,27.290001,going to home base
2024-04-13T01:12:24Z,2373.3,2373.0,2373.3,2619.0,2618.6,2618.9,5668.9,5668.9,5668.7,2335.4,2335.0,2335.9,3494.0,3493.5,3493.5,4403.6,4403.6,4403.7,6128.0,6127.2,6127.7,8611.0,8611.5,8609.7,5209.0,5208.8,5209.8,7412.5,7412.0,7414.5,6101.4,6102.1,6104.9,1856.6,1855.4,1855.1,3671.9,3672.0,3672.8,2559.4,2559.0,2558.5,2892.9,2892.7,2893.1,27.440001,27.379999,going to home base
2024-04-13T01:12:29Z,2373.9,2373.3,2373.3,2618.7,2618.6,2619.1,5668.7,5668.5,5668.4,2335.9,2335.8,2336.2,3494.2,3493.6,3494.0,4403.3,4402.9,4402.8,6127.3,6128.3,6126.0,8608.8,8611.5,8608.9,5207.6,5207.4,5207.9,7413.8,7413.0,7412.1,6102.4,6101.9,6101.9,1856.1,1854.7,1854.8,3671.6,3671.8,3672.8,2558.7,2557.1,2558.3,2892.4,2892.2,2892.0,27.440001,27.320000,going to home base
2024-04-13T01:12:34Z,2373.6,2372.8,2373.0,2618.9,2618.9,2619.4,5669.1,5668.6,5668.4,2335.3,2335.1,2335.5,3493.9,3493.9,3493.7,4402.9,4403.2,4403.6,6128.7,6127.3,6126.8,8608.7,8611.0,8610.4,5210.4,5209.5,5210.2,7414.4,7413.1,7412.6,6102.7,6101.9,6103.0,1855.8,1854.3,1854.4,3671.0,3671.4,3672.6,2558.9,2558.3,2557.8,2892.3,2892.2,2892.1,27.459999,27.290001,going to home base
2024-04-13T01:12:39Z,2374.0,2372.9,2372.8,2618.4,2618.6,2618.6,5669.0,5668.5,5668.9,2335.4,2335.2,2335.8,3493.6,3492.9,3493.5,4403.1,4403.3,4402.9,6130.1,6129.5,6130.2,8608.6,8607.9,8608.6,5209.3,5208.4,5209.9,7411.4,7412.0,7412.4,6103.6,6102.5,6104.0,1856.3,1855.2,1854.9,3671.7,3672.0,3672.5,2558.4,2558.0,2557.9,2892.9,2893.4,2893.9,27.440001,27.320000,going to home base
2024-04-13T01:12:44Z,2373.4,2372.7,2372.9,2619.8,2618.9,2619.5,5669.4,5668.6,5669.0,2335.3,2335.9,2335.7,3493.0,3492.8,3492.9,4403.0,4403.0,4402.8,6126.0,6127.2,6127.9,8611.9,8611.8,8612.1,5208.8,5209.1,5209.7,7414.5,7413.0,7414.3,6106.2,6104.1,6106.4,1857.1,1855.7,1855.6,3671.1,3671.4,3672.4,2560.1,2558.9,2558.8,2893.3,2893.3,2893.6,27.450001,27.340000,going to home base
2024-04-13T01:12:49Z,2373.5,2372.9,2373.0,2619.8,2619.9,2619.4,5668.9,5668.2,5668.4,2335.3,2335.6,2336.3,3493.6,3493.8,3494.2,4403.1,4402.8,4403.3,6129.4,6129.4,6128.8,8608.7,8609.3,8606.9,5210.0,5209.8,5210.0,7412.9,7413.0,7411.4,6105.4,6105.2,6105.4,1856.4,1855.2,1855.0,3671.2,3671.0,3671.8,2559.4,2558.8,2558.2,2894.9,2893.1,2893.7,27.420000,27.320000,going to home base
2024-04-13T01:12:54Z,2373.6,2372.9,2373.0,2619.7,2619.3,2619.5,5668.8,5668.5,5668.3,2335.9,2335.6,2336.6,3494.0,3493.9,3493.9,4403.4,4403.3,4403.6,6126.5,6124.9,6127.9,8612.2,8613.4,8612.3,5209.1,5209.5,5210.8,7415.5,7413.9,7414.2,6105.0,6105.3,6106.1,1855.8,1854.6,1854.6,3671.7,3671.3,3672.6,2559.4,2558.8,2559.3,2893.9,2892.9,2894.0,27.450001,27.389999,going to home base
2024-04-13T01:12:59Z,2373.7,2373.1,2373.4,2618.4,2618.0,2618.9,5669.3,5669.0,5669.3,2335.7,2336.1,2336.7,3494.1,3493.9,3493.9,4403.4,4403.3,4403.7,6130.0,6128.4,6129.4,8614.5,8613.5,8613.0,5210.0,5209.6,5210.3,7415.5,7413.0,7412.6,6103.9,6104.4,6104.9,1856.0,1854.8,1854.8,3671.8,3671.7,3672.1,2558.7,2558.4,2558.7,2892.6,2891.7,2892.3,27.440001,27.320000,going to home base
2024-04-13T01:13:04Z,2372.7,2372.2,2372.7,2618.1,2618.2,2619.1,5669.5,5668.7,5668.1,2334.7,2334.9,2335.3,3493.8,3493.8,3492.9,4403.2,4403.6,4403.1,6130.1,6128.6,6129.2,8613.6,8613.6,8611.4,5209.8,5208.9,5209.3,7412.8,7413.1,7412.9,6101.7,6102.2,6101.9,1857.1,1855.2,1855.4,3672.0,3671.7,3672.6,2559.2,2559.1,2558.2,2892.1,2892.2,2892.2,27.440001,27.340000,going to home base
2024-04-13T01:13:09Z,2373.6,2373.1,2373.1,2619.7,2619.0,2619.3,5668.6,5668.3,5668.7,2334.8,2335.5,2336.0,3493.7,3493.3,3493.0,4403.5,4403.0,4403.0,6129.4,6127.9,6127.9,8611.3,8610.1,8609.8,5210.0,5209.5,5211.0,7412.6,7412.3,7411.4,6104.2,6104.4,6103.9,1856.2,1855.0,1855.0,3672.2,3672.1,3672.8,2559.9,2559.5,2559.8,2893.8,2893.2,2892.8,27.450001,27.330000,going to home base
2024-04-13T01:13:14Z,2373.3,2372.8,2372.8,2619.2,2619.0,2618.9,5668.1,5667.7,5667.9,2335.3,2335.2,2335.9,3493.9,3493.4,3493.2,4402.9,4402.8,4403.2,6126.3,6126.2,6126.2,8610.7,8611.8,8610.3,5210.4,5209.9,5209.2,7412.1,7412.5,7412.4,6102.6,6103.5,6103.8,1856.4,1855.1,1855.2,3670.9,3671.4,3672.3,2558.1,2557.6,2557.5,2893.7,2892.6,2893.3,27.450001,27.280001,going to home base
2024-04-13T01:13:19Z,2373.2,2372.4,2372.4,2618.8,2618.9,2618.9,5668.5,5668.1,5668.0,2335.3,2335.3,2335.9,3493.3,3493.2,3493.6,4403.1,4402.9,4402.6,6125.3,6124.2,6124.1,8609.4,8609.7,8610.8,5209.4,5208.8,5209.3,7412.2,7413.7,7411.8,6103.4,6102.9,6104.3,1856.6,1855.3,1855.0,3671.8,3672.1,3673.0,2558.6,2558.3,2558.4,2892.6,2892.0,2892.2,27.450001,27.260000,going to home base
2024-04-13T01:13:24Z,2373.4,2372.6,2372.6,2618.4,2618.7,2618.1,5668.7,5668.0,5668.3,2335.5,2335.8,2336.1,3493.4,3493.2,3493.0,4402.4,4402.3,4402.3,6123.2,6122.5,6122.3,8610.6,8610.8,8610.0,5209.4,5209.4,5208.7,7414.1,7414.8,7415.0,6103.8,6105.2,6103.2,1856.4,1854.9,1855.1,3670.7,3670.8,3671.6,2558.7,2558.4,2558.4,2892.1,2891.4,2892.1,27.440001,27.309999,going to home base
2024-04-13T01:13:29Z,2373.4,2372.8,2373.1,2618.3,2617.6,2618.0,5668.2,5667.7,5667.8,2335.6,2335.9,2336.4,3493.0,3492.7,3492.8,4402.3,4402.1,4401.9,6123.3,6125.2,6124.8,8609.8,8609.7,8609.7,5207.9,5207.7,5210.0,7413.0,7411.9,7412.9,6103.1,6104.0,6105.1,1856.6,1855.3,1854.8,3671.3,3671.4,3672.0,2559.2,2559.0,2558.7,2893.4,2892.5,2892.6,27.450001,27.320000,going to home base
2024-04-13T01:13:34Z,2373.5,2372.6,2373.2,2618.0,2618.4,2618.5,5668.2,5668.4,5668.1,2334.9,2334.6,2335.1,3494.0,3493.8,3493.2,4402.4,4402.0,4402.2,6126.0,6124.9,6125.9,8611.1,8610.5,8611.7,5210.5,5209.3,5209.4,7412.5,7409.6,7410.3,6104.3,6103.7,6102.5,1857.1,1855.7,1855.3,3670.9,3671.0,3672.3,2559.1,2558.3,2558.4,2892.5,2892.4,2892.5,27.440001,27.280001,going to home base
2024-04-13T01:13:39Z,2372.8,2372.4,2372.1,2618.6,2618.4,2618.7,5668.1,5667.4,5667.5,2335.2,2335.4,2335.5,3493.8,3493.3,3493.3,4401.7,4401.9,4401.6,6125.7,6126.2,6125.6,8611.0,8610.6,8611.9,5209.6,5209.3,5209.8,7412.9,7413.2,7412.5,6104.4,6103.8,6104.8,1856.0,1854.7,1854.8,3670.2,3670.5,3671.7,2558.7,2557.6,2557.9,2893.1,2892.0,2892.1,27.440001,27.290001,going to home base
2024-04-13T01:13:44Z,2372.7,2372.0,2372.3,2618.0,2617.8,2618.6,5667.8,5667.0,5666.9,2334.9,2335.4,2335.5,3493.9,3493.4,3493.1,4401.6,4401.7,4402.0,6124.3,6125.1,6125.1,8608.6,8609.3,8610.1,5208.1,5207.6,5209.2,7411.8,7413.2,7410.9,6102.8,6103.4,6104.3,1856.7,1855.4,1855.0,3670.0,3670.0,3671.2,2557.9,2557.5,2557.5,2893.8,2893.1,2892.8,27.450001,27.320000,going to home base
2024-04-13T01:13:49Z,2373.5,2373.0,2373.4,2618.5,2617.9,2619.3,5668.4,5667.6,5667.7,2335.0,2334.7,2335.0,3493.3,3493.0,3492.4,4402.2,4402.1,4402.3,6125.5,6124.8,6124.9,8609.6,8610.2,8610.2,5208.9,5208.7,5209.6,7409.3,7410.0,7410.2,6102.6,6102.2,6105.4,1856.2,1855.3,1855.1,3670.5,3671.1,3672.6,2558.7,2557.4,2557.9,2891.2,2891.0,2890.9,27.440001,27.330000,going to home base
2024-04-13T01:13:54Z,2373.9,2373.1,2373.3,2618.4,2618.6,2619.0,5668.6,5668.2,5667.7,2334.9,2334.9,2334.9,3492.5,3491.6,3492.2,4401.8,4401.7,4401.6,6127.2,6127.1,6127.1,8609.2,8608.4,8609.1,5208.2,5208.8,5208.7,7410.6,7411.1,7410.1,6105.6,6107.0,6107.3,1856.5,1855.1,1855.0,3670.7,3670.8,3671.7,2558.6,2557.9,2557.3,2891.4,2891.3,2892.1,27.450001,27.370001,going to home base
2024-04-13T01:13:59Z,2373.5,2372.5,2372.9,2617.9,2618.3,2618.2,5668.2,5666.9,5667.7,2335.3,2335.0,2335.3,3492.4,3492.0,3492.3,4402.4,4401.3,4401.6,6125.2,6123.3,6125.4,8612.1,8610.3,8611.5,5209.0,5208.1,5209.4,7413.2,7410.1,7411.7,6106.8,6107.2,6107.1,1856.7,1854.8,1854.8,3670.8,3670.6,3671.7,2559.5,2558.3,2558.3,2890.9,2889.9,2890.5,27.410000,27.320000,going to home base
2024-04-13T01:14:04Z,2373.4,2372.7,2372.7,2617.8,2618.1,2618.5,5667.9,5667.2,5667.3,2335.4,2336.1,2336.5,3493.3,3493.0,3492.9,4402.0,4401.8,4401.9,6122.8,6123.7,6124.9,8609.5,8607.1,8607.7,5209.9,5209.6,5210.4,7409.1,7407.4,7407.8,6105.9,6107.3,6107.0,1856.7,1855.4,1855.1,3671.1,3671.1,3672.2,2559.0,2558.1,2558.3,2893.1,2892.1,2892.5,27.440001,27.250000,going to home base
2024-04-13T01:14:09Z,2372.8,2372.4,2372.7,2617.9,2617.3,2618.0,5667.3,5667.2,5667.6,2334.7,2335.0,2335.4,3492.8,3492.5,3492.3,4401.7,4401.5,4402.0,6123.0,6122.5,6123.1,8611.9,8610.2,8609.7,5205.1,5205.3,5206.4,7411.0,7409.0,7410.0,6106.0,6105.9,6107.4,1856.9,1854.9,1854.9,3670.7,3670.8,3671.3,2559.0,2558.8,2559.2,2892.9,2891.4,2891.9,27.410000,27.250000,going to home base
2024-04-13T01:14:14Z,2372.9,2372.0,2372.3,2618.2,2618.6,2618.4,5667.6,5666.7,5666.7,2334.8,2334.9,2335.3,3493.6,3492.8,3493.2,4401.6,4401.2,4401.7,6124.5,6123.4,6125.2,8611.7,8608.8,8609.6,5206.5,5205.9,5206.4,7411.3,7410.8,7411.4,6102.4,6103.1,6106.9,1856.6,1855.4,1855.1,3671.1,3671.1,3672.0,2559.7,2558.9,2558.5,2892.5,2891.9,2891.5,27.440001,27.250000,going to home base
2024-04-13T01:14:19Z,2372.5,2371.7,2371.8,2617.3,2617.4,2617.7,5667.2,5666.8,5666.5,2335.2,2335.2,2335.9,3492.9,3492.5,3492.1,4401.4,4401.6,4401.3,6124.1,6123.1,6122.7,8610.1,8611.4,8611.5,5204.7,5204.5,5206.1,7410.3,7410.3,7409.9,6106.0,6105.1,6104.5,1856.3,1855.0,1854.7,3670.2,3670.5,3671.4,2558.8,2558.3,2557.3,2892.0,2891.0,2892.4,27.440001,27.250000,going to home base
2024-04-13T01:14:24Z,2371.9,2371.3,2371.8,2618.0,2617.1,2617.5,5667.0,5666.3,5666.4,2335.2,2335.3,2335.9,3492.4,3492.0,3491.7,4401.4,4401.1,4401.0,6126.0,6125.5,6125.5,8608.7,8607.3,8610.0,5204.2,5204.3,5204.6,7415.0,7413.0,7412.6,6103.7,6103.8,6103.5,1856.6,1855.0,1854.9,3669.9,3669.9,3670.4,2558.0,2556.9,2557.1,2891.7,2891.8,2892.2,27.420000,27.250000,going to home base
2024-04-13T01:14:29Z,2372.1,2371.6,2371.7,2618.2,2617.8,2618.8,5666.7,5666.5,5666.2,2334.7,2334.4,2335.3,3491.8,3491.8,3491.4,4401.1,4401.6,4401.2,6122.1,6120.5,6122.9,8606.5,8607.6,8608.4,5204.8,5205.8,5205.0,7412.0,7410.6,7410.3,6103.6,6104.5,6101.9,1856.9,1855.5,1855.3,3670.5,3670.1,3671.5,2559.2,2558.2,2558.2,2892.1,2891.8,2892.1,27.440001,27.250000,going to home base
2024-04-13T01:14:34Z,2372.3,2371.2,2371.6,2618.5,2618.8,2618.7,5666.9,5665.9,5666.4,2334.7,2334.8,2335.5,3492.1,3491.3,3492.3,4401.0,4401.1,4401.3,6124.6,6123.5,6122.3,8608.4,8609.6,8609.6,5205.8,5204.6,5205.8,7411.0,7409.0,7410.4,6103.9,6103.2,6102.6,1856.4,1855.0,1855.1,3669.4,3670.2,3671.0,2558.6,2557.1,2557.7,2889.9,2889.6,2890.5,27.450001,27.290001,going to home base
2024-04-13T01:14:39Z,2372.8,2372.1,2372.3,2619.0,2618.7,2619.1,5666.5,5666.1,5666.6,2334.3,2334.6,2335.1,3493.2,3492.8,3492.3,4400.9,4400.1,4400.8,6122.7,6123.3,6122.8,8606.8,8606.2,8606.8,5206.5,5205.3,5205.3,7409.4,7408.8,7408.5,6104.2,6104.6,6102.3,1856.7,1855.4,1855.7,3671.1,3670.4,3672.0,2558.4,2557.9,2558.1,2890.6,2890.6,2890.9,27.440001,27.320000,going to home base
2024-04-13T01:14:44Z,2373.0,2372.3,2372.6,2617.7,2618.8,2618.9,5667.5,5666.5,5666.5,2334.9,2334.8,2335.7,3492.5,3492.1,3492.2,4401.5,4401.0,4401.2,6122.4,6122.9,6123.9,8608.1,8608.5,8606.6,5204.7,5205.1,5205.4,7409.2,7408.5,7408.4,6104.3,6103.6,6103.4,1857.4,1855.9,1855.7,3670.8,3670.5,3671.2,2558.9,2558.2,2558.1,2890.7,2890.5,2891.0,27.440001,27.330000,going to home base
2024-04-13T01:14:49Z,2372.5,2372.1,2372.4,2618.5,2618.9,2618.7,5666.7,5666.7,5666.5,2334.1,2333.8,2334.8,3491.9,3490.9,3490.9,4401.4,4401.1,4401.1,6123.6,6124.3,6123.9,8607.7,8608.5,8607.5,5205.4,5204.7,5205.7,7410.9,7408.6,7410.2,6104.0,6102.1,6102.5,1857.0,1855.6,1855.4,3669.7,3670.0,3670.7,2558.1,2557.6,2557.5,2892.9,2892.4,2891.9,27.420000,27.320000,going to home base
2024-04-13T01:14:54Z,2372.9,2372.2,2372.4,2618.1,2617.6,2618.1,5667.3,5666.8,5666.8,2335.3,2335.1,2335.5,3491.6,3491.6,3491.2,4401.2,4401.0,4401.6,6123.8,6123.8,6124.0,8610.7,8607.3,8607.9,5204.6,5204.5,5205.6,7411.9,7409.7,7410.3,6102.6,6105.1,6105.0,1856.7,1855.6,1855.5,3670.6,3670.7,3671.4,2559.1,2558.5,2558.4,2892.6,2891.4,2892.2,27.420000,27.330000,going to home base
2024-04-13T01:14:59Z,2372.3,2371.9,2372.2,2618.0,2618.3,2618.2,5667.4,5667.0,5666.7,2335.2,2335.1,2335.6,3491.5,3491.2,3492.0,4401.4,4401.6,4401.5,6123.0,6123.0,6121.8,8608.5,8608.6,8609.0,5206.0,5205.2,5205.7,7411.1,7409.1,7408.1,6103.9,6102.7,6102.9,1856.9,1855.4,1855.1,3670.3,3670.1,3670.6,2558.2,2557.7,2557.7,2891.5,2891.2,2891.8,27.440001,27.360001,going to home base
2024-04-13T01:15:04Z,2373.4,2372.6,2372.7,2617.5,2617.0,2617.7,5667.4,5666.9,5667.0,2335.3,2335.3,2335.3,3492.0,3492.4,3492.5,4400.8,4400.9,4401.2,6122.6,6122.8,6121.1,8606.0,8608.7,8608.9,5206.4,5205.8,5205.9,7409.4,7408.6,7408.9,6100.6,6100.4,6101.7,1857.2,1855.8,1856.1,3670.1,3670.2,3671.1,2558.9,2557.7,2557.9,2893.6,2892.0,2892.7,27.389999,27.360001,going to home base
2024-04-13T01:15:09Z,2373.1,2372.6,2372.7,2616.7,2616.6,2617.8,5667.2,5667.1,5666.9,2335.1,2335.0,2335.7,3491.8,3491.6,3491.9,4401.5,4401.2,4401.2,6121.4,6121.3,6121.6,8610.7,8610.3,8614.0,5205.2,5205.3,5206.3,7411.2,7411.8,7410.6,6101.4,6102.6,6104.1,1856.7,1855.2,1855.2,3669.5,3669.3,3670.6,2558.0,2557.4,2557.2,2893.8,2893.6,2893.5,27.420000,27.360001,going to home base
2024-04-13T01:15:14Z,2372.5,2371.8,2372.5,2617.2,2616.9,2616.8,5667.3,5666.8,5666.8,2335.7,2334.8,2335.4,3492.5,3491.8,3491.8,4401.0,4400.6,4400.3,6122.2,6122.6,6121.1,8611.6,8609.9,8609.9,5205.6,5206.2,5206.8,7409.8,7410.1,7409.4,6101.7,6102.4,6102.1,1857.0,1855.7,1854.9,3669.2,3669.3,3670.3,2558.2,2557.5,2557.9,2891.5,2892.0,2891.6,27.450001,27.309999,going to home base
2024-04-13T01:15:19Z,2372.9,2372.3,2372.7,2618.0,2618.0,2618.3,5666.6,5666.2,5666.3,2335.0,2335.0,2335.6,3493.1,3492.9,3492.5,4400.9,4401.1,4401.0,6121.5,6120.9,6120.3,8607.0,8606.7,8606.1,5205.6,5204.2,5208.2,7409.3,7409.3,7409.6,6101.6,6102.7,6103.3,1856.7,1855.5,1855.2,3669.8,3668.9,3669.8,2557.7,2556.0,2556.3,2893.8,2893.9,2893.8,27.420000,27.360001,going to home base
2024-04-13T01:15:24Z,2372.8,2372.3,2372.6,2618.3,2617.5,2617.9,5666.6,5666.3,5666.3,2335.4,2335.5,2335.6,3492.6,3491.5,3491.6,4400.6,4399.9,4400.2,6123.3,6121.7,6122.4,8607.3,8606.4,8606.2,5208.4,5209.4,5208.8,7410.2,7411.4,7410.9,6099.3,6100.7,6100.0,1857.0,1855.4,1855.6,3668.7,3668.6,3669.7,2557.3,2556.7,2556.8,2891.4,2890.5,2890.8,27.420000,27.309999,going to home base
2024-04-13T01:15:29Z,2372.8,2372.1,2372.6,2617.6,2617.6,2618.2,5666.9,5666.4,5666.6,2335.1,2334.7,2335.4,3491.0,3490.6,3491.5,4401.5,4401.3,4401.3,6124.2,6123.7,6122.2,8607.9,8607.3,8606.6,5207.4,5206.6,5207.4,7410.7,7410.1,7410.7,6096.8,6097.4,6097.9,1856.8,1855.2,1855.3,3669.3,3669.3,3670.3,2557.3,2556.3,2556.5,2891.3,2890.7,2891.0,27.440001,27.270000,going to home base
2024-04-13T01:15:34Z,2372.9,2372.2,2372.3,2617.3,2617.8,2617.8,5667.0,5666.1,5666.4,2334.6,2334.8,2335.3,3492.0,3491.9,3491.4,4400.6,4400.4,4401.1,6123.0,6122.3,6123.3,8606.9,8605.4,8605.6,5206.4,5205.5,5206.8,7407.2,7408.4,7408.0,6100.2,6100.6,6100.2,1856.8,1855.2,1855.3,3669.4,3669.7,3670.3,2557.3,2557.4,2557.0,2891.6,2890.8,2890.8,27.420000,27.309999,going to home base
2024-04-13T01:15:44Z,2372.5,2371.7,2371.9,2618.1,2617.4,2618.4,5666.5,5665.8,5665.9,2335.1,2335.2,2335.8,3491.9,3491.9,3491.2,4400.4,4400.2,4400.5,6124.1,6123.4,6124.1,8604.8,8603.9,8604.9,5206.6,5206.8,5206.6,7410.0,7408.9,7407.4,61start,26777.6,26774.6,2617.9,2618.0,5666.3,5665.7,5666.1,2334.6,2334.9,2335.2,3746.1,3745.6,88090.8,88065.1,14215.9,3492.1,going to home base
2024-04-13T01:15:54Z,2372.8,2371.8,2372.2,2617.5,2617.6,2617.8,5665.9,5665.7,5665.5,2334.2,2334.2,2334.7,3493.1,3492.2,3491.8,4400.3,4400.3,4400.2,6122.7,6123.1,6124.6,8607.1,8606.5,8606.8,5205.8,5204.9,5206.1,7409.2,7408.0,7408.9,6103.5,6104.7,6102.8,1856.9,1855.3,1854.8,3670.2,3669.9,3671.4,2557.2,2556.6,2556.4,2891.3,2891.6,2891.4,27.420000,27.320000,going to home base
2024-04-13T01:15:59Z,2372.8,2372.2,2372.6,2618.1,2617.6,2617.6,5666.1,5666.0,5666.0,2334.0,2333.7,2334.3,3492.2,3492.1,3492.1,4400.6,4400.3,4400.5,6122.1,6123.0,6123.9,8607.8,8607.8,8610.4,5207.1,5206.1,5207.5,7408.8,7408.1,7407.9,6101.5,6100.8,6101.3,1857.3,1855.7,1855.7,3670.2,3670.3,3671.3,2558.9,2558.1,2558.6,2892.2,2891.6,2892.0,27.420000,27.330000,going to home base
2024-04-13T01:16:04Z,2372.9,2372.0,2372.3,2618.0,2617.5,2618.8,5666.2,5665.8,5665.5,2334.7,2335.0,2335.5,3492.7,3492.5,3492.5,4400.4,4400.4,4400.5,6122.6,6122.3,6123.0,8611.0,8608.0,8605.9,5205.6,5206.1,5206.7,7411.0,7409.0,7407.6,6102.4,6102.0,6102.6,1857.1,1855.4,1855.5,3670.4,3670.4,3671.4,2557.5,2557.5,2557.5,2891.7,2890.9,2890.6,27.440001,27.330000,going to home base
2024-04-13T01:16:09Z,2372.6,2372.0,2372.2,2617.1,2617.3,2617.3,5666.2,5665.4,5665.7,2334.6,2334.8,2335.1,3491.9,3491.5,3491.9,4400.5,4400.3,4400.5,6121.8,6122.0,6122.0,8606.8,8605.8,8606.5,5207.1,5207.0,5207.6,7411.2,7408.7,7409.4,6102.1,6101.8,6102.0,1857.3,1855.8,1855.6,3670.4,3670.2,3671.0,2558.7,2557.2,2556.9,2892.3,2891.5,2892.4,27.420000,27.320000,going to home base
2024-04-13T01:16:14Z,2373.0,2372.3,2372.7,2617.1,2617.1,2617.9,5666.7,5666.4,5666.0,2333.9,2334.0,2334.5,3492.4,3492.3,3492.3,4400.4,4400.1,4400.4,6123.3,6123.3,6123.8,8607.7,8609.3,8608.4,5206.6,5206.4,5206.5,7407.1,7408.3,7407.6,6102.9,6103.3,6102.3,1856.7,1855.4,1855.5,3670.1,3670.0,3670.9,2558.5,2557.9,2557.8,2890.5,2890.7,2890.6,27.440001,27.309999,going to home base
2024-04-13T01:16:19Z,2372.4,2372.0,2371.9,2618.4,2618.0,2618.7,5666.5,5666.0,5665.7,2334.9,2334.7,2334.9,3493.2,3492.7,3492.2,4400.6,4400.1,4400.4,6126.0,6125.2,6123.5,8606.8,8607.0,8605.9,5204.4,5203.6,5205.5,7409.2,7408.4,7408.2,6100.1,6100.5,6100.4,1857.1,1856.0,1855.5,3669.4,3669.3,3670.3,2557.8,2557.1,2556.2,2890.9,2890.6,2891.4,27.420000,27.270000,going to home base
2024-04-13T01:16:24Z,2372.6,2372.0,2372.2,2617.5,2617.2,2617.4,5666.6,5666.3,5666.2,2335.0,2334.9,2335.0,3492.4,3492.4,3492.4,4401.2,4401.4,4401.1,6125.8,6124.9,6124.6,8608.6,8606.8,8606.0,5204.1,5203.1,5205.3,7408.5,7406.8,7409.4,6103.2,6102.6,6104.1,1857.0,1855.3,1855.2,3668.9,3669.3,3670.2,2556.7,2556.1,2556.3,2890.7,2891.9,2891.9,27.420000,27.340000,going to home base
2024-04-13T01:16:29Z,2372.6,2371.8,2372.3,2617.5,2617.4,2618.0,5666.3,5666.1,5666.3,2335.2,2334.5,2334.9,3492.2,3491.9,3492.1,4400.2,4399.7,4399.5,6123.1,6124.3,6124.9,8609.4,8610.2,8608.6,5205.1,5204.8,5206.2,7408.2,7407.9,7407.7,6103.5,6102.3,6101.7,1855.6,1854.3,1854.8,3668.8,3669.5,3670.7,2558.2,2557.0,2557.8,2889.5,2889.8,2890.2,27.420000,27.299999,going to home base
2024-04-13T01:16:34Z,2372.6,2371.6,2372.3,2617.9,2618.0,2618.4,5665.9,5665.8,5666.1,2334.5,2334.6,2334.8,3491.5,3491.6,3491.7,4400.2,4399.9,4399.9,6123.3,6124.5,6125.0,8606.9,8604.7,8604.6,5207.2,5204.9,5207.4,7408.1,7408.8,7409.4,6102.1,6101.8,6101.3,1856.2,1855.0,1855.1,3669.0,3670.0,3669.5,2557.3,2556.5,2557.4,2891.1,2890.4,2891.0,27.389999,27.280001,going to home base
2024-04-13T01:16:39Z,2372.5,2371.6,2371.8,2617.8,2617.0,2617.4,5665.0,5664.7,5664.6,2334.5,2334.3,2334.5,3490.9,3490.9,3491.1,4399.9,4399.5,4399.7,6126.2,6125.5,6125.9,8608.6,8607.7,8608.8,5206.4,5206.6,5206.7,7409.5,7408.2,7408.9,6101.3,6101.3,6102.9,1856.6,1854.8,1854.7,3668.9,3669.2,3669.6,2556.9,2556.1,2555.8,2891.5,2891.0,2890.6,27.420000,27.290001,going to home base
2024-04-13T01:16:44Z,2372.6,2371.7,2372.0,2617.9,2617.7,2618.0,5666.3,5665.7,5665.8,2334.1,2334.1,2334.8,3491.8,3491.5,3492.1,4399.9,4399.6,4399.4,6123.4,6124.6,6124.1,8607.4,8605.9,8605.8,5206.7,5205.6,5206.8,7406.0,7409.5,7409.1,6099.3,6099.0,6100.9,1856.1,1854.7,1854.8,3668.2,3668.6,3669.8,2556.7,2556.0,2555.8,2891.7,2891.3,2890.9,27.440001,27.219999,going to home base
2024-04-13T01:16:49Z,2372.2,2371.7,2371.9,2617.2,2617.6,2618.1,5665.8,5665.6,5665.4,2334.2,2334.3,2335.0,3492.0,3491.8,3492.5,4400.1,4400.1,4400.0,6123.2,6123.0,6123.6,8605.2,8605.3,8605.5,5205.9,5205.6,5207.2,7408.4,7407.2,7406.8,6102.4,6100.3,6100.4,1855.8,1854.6,1854.4,3669.3,3669.2,3669.8,2556.2,2555.0,2555.5,2890.2,2890.3,2890.4,27.420000,27.290001,going to home base
2024-04-13T01:16:54Z,2372.5,2372.3,2372.1,2617.2,2617.2,2618.1,5665.8,5665.5,5665.6,2334.3,2334.5,2334.7,3492.0,3491.7,3491.5,4399.6,4399.8,4400.1,6123.1,6124.7,6125.1,8605.0,8604.4,8604.8,5207.6,5207.2,5208.0,7408.4,7409.4,7408.4,6101.5,6101.6,6102.1,1855.6,1854.1,1854.3,3669.2,3669.6,3670.4,2557.6,2556.4,2556.8,2890.1,2890.1,2890.6,27.440001,27.309999,going to home base
2024-04-13T01:16:59Z,2372.1,2371.6,2371.6,2617.7,2617.5,2617.9,5666.0,5665.2,5665.4,2334.5,2334.2,2334.9,3492.3,3492.0,3491.9,4400.0,4399.5,4399.6,6125.7,6124.8,6124.7,8603.0,8602.8,8604.8,5207.0,5206.4,5206.5,7409.1,7408.3,7408.6,6100.5,6102.2,6100.3,1855.9,1854.5,1854.4,3668.8,3669.2,3670.1,2557.4,2555.9,2556.3,2892.1,2891.3,2892.1,27.440001,27.270000,going to home base
2024-04-13T01:17:04Z,2372.3,2371.6,2371.8,2617.4,2617.2,2617.6,5665.8,5665.3,5666.0,2334.5,2334.6,2334.7,3492.4,3492.0,3491.8,4399.5,4399.1,4398.8,6123.9,6122.8,6122.1,8602.4,8603.0,8604.0,5208.4,5208.1,5208.8,7409.3,7409.0,7408.9,6100.0,6099.8,6101.4,1856.0,1854.3,1854.2,3669.2,3668.9,3670.1,2557.4,2556.4,2556.3,2891.6,2891.3,2892.0,27.440001,27.299999,going to home base
2024-04-13T01:17:09Z,2372.3,2371.7,2371.9,2618.1,2617.7,2617.4,5666.0,5665.5,5665.5,2334.8,2335.0,2335.3,3491.1,3491.4,3491.1,4399.5,4399.5,4399.0,6123.2,6123.5,6126.3,8606.7,8605.5,8606.8,5208.0,5206.3,5208.5,7408.8,7407.8,7408.3,6101.2,6102.6,6103.1,1856.0,1854.9,1854.8,3668.5,3669.1,3670.2,2556.6,2556.3,2555.4,2891.8,2890.8,2892.0,27.410000,27.320000,going to home base
2024-04-13T01:17:14Z,2372.5,2372.1,2372.4,2618.3,2618.2,2618.4,5666.1,5666.1,5666.0,2334.1,2334.0,2335.0,3491.9,3490.8,3490.7,4399.4,4399.0,4399.3,6125.0,6124.5,6125.5,8605.7,8605.5,8607.1,5206.3,5206.1,5207.3,7407.6,7407.5,7408.3,6101.5,6100.6,6102.1,1856.6,1855.1,1854.8,3667.9,3668.1,3669.7,2556.1,2555.5,2555.9,2892.7,2891.9,2891.3,27.410000,27.360001,going to home base
2024-04-13T01:17:19Z,2372.8,2372.0,2372.2,2617.9,2617.9,2618.1,5666.5,5666.0,5666.3,2335.1,2334.8,2335.1,3491.3,3491.6,3490.9,4399.6,4399.4,4399.5,6124.2,6123.2,6123.8,8605.1,8605.0,8604.3,5206.5,5206.3,5207.8,7409.5,7408.3,7408.2,6099.5,6101.1,6100.3,1856.0,1855.1,1855.1,3667.7,3668.2,3668.8,2556.9,2556.6,2556.5,2891.8,2891.5,2891.6,27.410000,27.330000,going to home base
2024-04-13T01:17:24Z,2372.9,2371.9,2372.3,2617.6,2617.0,2617.6,5666.4,5666.4,5666.7,2335.0,2335.0,2335.7,3490.9,3490.6,3490.5,4399.0,4399.2,4399.7,6120.5,6121.0,6121.9,8602.7,8605.9,8604.7,5206.5,5206.1,5207.7,7409.4,7409.3,7408.9,6099.9,6099.0,6098.2,1856.6,1855.2,1855.2,3668.1,3668.0,3668.8,2557.2,2556.3,2556.1,2890.7,2889.9,2890.6,27.440001,27.360001,going to home base
2024-04-13T01:17:29Z,2372.3,2371.9,2372.0,2617.3,2617.1,2617.5,5666.4,5665.9,5666.0,2334.8,2334.8,2335.0,3490.9,3491.1,3491.4,4399.5,4399.4,4399.5,6121.2,6121.7,6121.2,8609.1,8606.2,8607.4,5206.6,5206.2,5207.4,7408.8,7408.4,7406.2,6098.8,6099.9,6100.4,1856.5,1854.8,1855.0,3668.5,3668.3,3668.8,2557.3,2556.3,2556.4,2893.1,2893.1,2892.9,27.420000,27.340000,going to home base
2024-04-13T01:17:34Z,2372.2,2371.8,2371.8,2617.3,2617.1,2617.7,5665.8,5665.6,5665.7,2334.6,2334.5,2335.2,3491.4,3491.1,3491.4,4399.4,4399.8,4399.6,6121.5,6121.0,6120.6,8606.9,8606.2,8605.6,5202.9,5203.7,5204.6,7407.1,7406.4,7406.6,6099.5,6100.3,6101.5,1856.2,1855.0,1854.8,3668.6,3668.8,3669.8,2556.5,2556.5,2556.3,2892.4,2891.9,2892.2,27.440001,27.340000,going to home base
2024-04-13T01:17:39Z,2371.9,2371.1,2371.3,2617.3,2617.7,2618.0,5665.6,5665.3,5665.4,2334.1,2334.1,2334.9,3492.1,3491.5,3491.7,4399.6,4399.4,4399.8,6123.4,6123.8,6123.4,8604.5,8604.5,8606.0,5207.8,5206.8,5208.7,7408.9,7408.4,7408.1,6098.0,6098.1,6098.6,1856.4,1855.0,1855.1,3668.5,3668.7,3669.4,2556.6,2556.2,2555.9,2893.2,2892.0,2892.6,27.410000,27.360001,going to home base
2024-04-13T01:17:44Z,2371.8,2371.3,2371.8,2617.0,2617.1,2617.5,5665.6,5665.0,5664.9,2334.6,2334.7,2334.9,3491.6,3491.2,3490.4,4399.3,4399.2,4399.2,6121.9,6121.4,6123.1,8604.3,8606.0,8602.4,5205.5,5206.4,5206.2,7408.9,7408.7,7408.5,6100.9,6100.6,6100.6,1856.3,1855.2,1855.2,3668.6,3668.8,3669.3,2556.3,2555.2,2556.1,2892.2,2892.5,2892.6,27.440001,27.299999,going to home base
2024-04-13T01:17:49Z,2372.3,2371.3,2371.5,2617.1,2616.8,2617.0,5665.2,5665.1,5665.5,2335.0,2335.0,2335.5,3491.6,3490.8,3490.6,4399.0,4399.0,4398.9,6123.5,6123.0,6122.9,8605.6,8604.1,8602.9,5206.5,5206.4,5207.3,7408.7,7407.0,7407.2,6102.4,6102.4,6101.6,1856.8,1855.2,1855.3,3668.7,3668.7,3669.9,2557.2,2556.5,2556.6,2891.6,2890.9,2891.4,27.410000,27.260000,going to home base
2024-04-13T01:17:54Z,2371.9,2371.1,2371.8,2617.2,2616.9,2617.0,5665.4,5665.3,5664.9,2333.8,2333.8,2334.4,3492.9,3492.3,3491.8,4399.1,4398.7,4398.7,6121.9,6122.3,6123.7,8603.6,8605.2,8603.7,5204.9,5204.5,5206.1,7408.5,7406.3,7408.2,6102.8,6100.3,6102.2,1856.5,1855.0,1855.1,3667.7,3667.7,3668.9,2556.1,2555.1,2556.0,2893.0,2892.9,2892.3,27.389999,27.209999,going to home base
2024-04-13T01:17:59Z,2372.3,2371.5,2371.5,2618.2,2618.2,2618.2,5665.6,5664.7,5665.0,2334.5,2334.8,2335.1,3492.0,3491.6,3491.8,4399.2,4399.2,4399.4,6122.1,6122.5,6123.9,8602.2,8604.3,8602.6,5204.1,5203.5,5204.5,7407.7,7406.5,7407.4,6101.7,6103.0,6100.6,1856.4,1855.0,1855.3,3668.6,3669.3,3669.9,2556.1,2555.6,2555.7,2890.8,2891.4,2892.5,27.420000,27.270000,going to home base
2024-04-13T01:18:04Z,2372.1,2371.6,2371.3,2617.0,2616.7,2617.3,5665.5,5664.8,5665.1,2334.0,2333.8,2333.9,3491.5,3490.7,3490.7,4399.2,4399.1,4399.4,6121.0,6122.0,6122.4,8602.2,8600.9,8603.2,5207.9,5207.5,5207.6,7407.0,7406.2,7406.3,6099.3,6098.7,6101.2,1856.7,1855.2,1855.4,3668.8,3668.7,3669.5,2555.8,2555.5,2555.5,2890.4,2890.4,2891.0,27.440001,27.290001,going to home base
2024-04-13T01:18:09Z,2371.6,2371.5,2371.7,2617.7,2617.5,2617.5,5665.0,5664.2,5664.6,2334.0,2334.0,2333.9,3491.7,3491.1,3491.2,4399.4,4398.9,4398.8,6123.0,6121.6,6122.1,8603.4,8602.9,8602.3,5205.2,5205.0,5206.5,7409.4,7408.8,7409.3,6097.6,6097.0,6098.8,1856.1,1854.8,1854.4,3668.8,3668.5,3669.6,2556.5,2555.3,2555.3,2891.6,2891.7,2892.0,27.420000,27.260000,going to home base
2024-04-13T01:18:14Z,2371.7,2371.1,2371.5,2618.2,2616.9,2617.7,5665.4,5664.9,5665.0,2333.7,2333.5,2334.0,3491.7,3491.9,3491.4,4399.4,4399.3,4399.4,6122.9,6121.5,6122.8,8604.9,8604.0,8603.8,5206.8,5207.0,5208.2,7409.4,7410.1,7410.2,6100.4,6100.4,6101.6,1856.2,1855.2,1855.5,3667.4,3667.4,3668.8,2555.5,2555.0,2554.5,2893.0,2892.8,2892.7,27.389999,27.299999,going to home base
2024-04-13T01:18:19Z,2371.7,2370.7,2371.3,2617.6,2617.9,2617.6,5665.2,5664.5,5664.8,2334.7,2334.1,2334.7,3490.5,3490.1,3489.5,4398.9,4399.2,4399.1,6123.4,6123.2,6123.7,8605.6,8604.1,8603.7,5207.3,5206.8,5206.5,7408.2,7408.2,7409.9,6101.9,6100.7,6101.4,1856.0,1855.1,1855.2,3667.5,3668.2,3668.5,2556.1,2555.2,2555.2,2892.8,2892.7,2893.6,27.410000,27.330000,going to home base
2024-04-13T01:18:24Z,2371.7,2371.2,2371.6,2616.9,2616.5,2616.9,5665.0,5664.8,5664.8,2334.1,2333.9,2334.8,3491.7,3491.2,3491.3,4399.6,4398.8,4399.0,6121.0,6120.6,6121.4,8606.0,8604.6,8607.8,5205.0,5205.6,5206.6,7408.6,7408.9,7408.3,6099.4,6098.2,6099.7,1857.0,1855.7,1855.6,3668.4,3668.4,3669.1,2555.7,2554.9,2554.6,2892.1,2891.9,2892.1,27.440001,27.330000,going to home base
2024-04-13T01:18:29Z,2371.5,2371.5,2371.6,2617.0,2616.8,2616.8,5665.8,5665.5,5665.6,2334.3,2334.2,2334.2,3490.5,3490.0,3489.8,4399.3,4399.5,4399.3,6121.2,6120.7,6120.6,8605.2,8605.2,8604.0,5205.7,5205.4,5207.8,7408.4,7407.9,7409.2,6099.8,6098.4,6098.1,1856.9,1855.3,1855.4,3668.0,3668.0,3669.3,2556.2,2556.0,2555.6,2892.8,2892.0,2893.1,27.420000,27.340000,going to home base
2024-04-13T01:18:34Z,2371.3,2370.8,2371.1,2617.2,2617.0,2617.7,5666.0,5665.5,5665.5,2334.2,2334.3,2335.0,3492.0,3491.6,3491.4,4399.3,4398.9,4399.5,6123.9,6123.7,6122.2,8606.6,8604.4,8605.1,5206.3,5206.5,5206.7,7409.0,7410.5,7409.3,6098.2,6099.0,6100.0,1856.8,1855.3,1855.0,3668.3,3668.1,3669.3,2556.0,2555.4,2555.7,2892.6,2892.7,2892.8,27.389999,27.340000,going to home base
2024-04-13T01:18:39Z,2372.4,2371.8,2371.8,2617.2,2616.5,2617.0,5665.8,5665.5,5665.3,2335.6,2334.9,2335.4,3490.8,3490.3,3490.6,4399.3,4398.8,4399.2,6119.7,6119.8,6121.8,8606.1,8604.6,8606.1,5205.1,5205.6,5205.6,7410.5,7409.0,7410.1,6100.4,6100.5,6101.1,1856.7,1855.3,1855.1,3668.7,3668.5,3669.6,2556.4,2555.4,2555.6,2892.7,2892.7,2892.8,27.410000,27.350000,going to home base
2024-04-13T01:18:44Z,2372.1,2371.3,2370.8,2617.3,2617.0,2617.0,5666.3,5665.8,5665.6,2334.7,2334.9,2335.1,3492.1,3491.4,3491.6,4398.8,4398.6,4398.4,6118.2,6119.0,6119.0,8606.3,8605.4,8604.8,5206.4,5206.0,5207.2,7406.5,7405.0,7407.1,6101.0,6101.2,6103.1,1856.0,1854.9,1855.1,3668.4,3668.6,3669.4,2556.3,2555.3,2555.4,2894.2,2893.5,2894.2,27.440001,27.340000,going to home base
2024-04-13T01:18:49Z,2372.3,2371.5,2371.7,2617.2,2617.7,2617.6,5665.9,5665.3,5665.3,2334.7,2335.2,2335.5,3491.1,3491.3,3491.0,4399.1,4399.5,4398.8,6121.1,6119.6,6121.1,8604.0,8602.4,8604.4,5206.7,5207.6,5207.7,7407.5,7407.6,7407.0,6103.5,6101.6,6101.8,1856.6,1855.6,1855.3,3668.7,3668.6,3669.4,2556.5,2556.0,2556.1,2893.8,2893.4,2893.7,27.440001,27.330000,going to home base
2024-04-13T01:18:54Z,2372.5,2372.0,2372.1,2617.0,2617.3,2617.6,5666.0,5665.7,5665.9,2334.4,2334.5,2334.9,3491.2,3490.9,3490.5,4399.0,4399.0,4398.7,6120.1,6119.4,6120.1,8603.7,8603.9,8604.9,5204.9,5204.8,5205.4,7409.7,7408.1,7407.7,6101.3,6100.4,6101.6,1856.1,1854.8,1854.4,3668.9,3668.9,3669.6,2556.6,2556.0,2556.3,2892.8,2891.6,2891.9,27.420000,27.360001,going to home base
2024-04-13T01:18:59Z,2371.9,2371.9,2372.0,2617.5,2617.4,2617.6,5666.5,5665.9,5666.3,2334.4,2334.7,2334.8,3492.6,3491.8,3491.6,4398.9,4399.0,4398.9,6121.5,6121.7,6122.1,8607.8,8606.2,8606.2,5206.4,5206.3,5207.9,7409.4,7408.5,7407.2,6099.7,6099.6,6100.1,1856.2,1855.0,1855.1,3668.7,3668.4,3669.0,2557.0,2555.7,2555.9,2892.3,2892.7,2893.3,27.410000,27.379999,going to home base
2024-04-13T01:19:04Z,2372.8,2372.4,2372.4,2616.6,2617.3,2617.9,5666.7,5666.8,5666.9,2334.4,2334.5,2334.6,3492.2,3491.3,3491.7,4399.3,4399.2,4399.0,6118.5,6119.2,6120.5,8610.9,8609.6,8607.3,5205.7,5205.7,5205.4,7408.2,7408.7,7409.2,6102.6,6099.7,6099.8,1856.6,1855.0,1855.2,3668.0,3668.4,3669.4,2556.7,2555.2,2556.1,2892.6,2893.0,2894.3,27.420000,27.400000,going to home base
2024-04-13T01:19:09Z,2372.4,2372.0,2372.1,2617.0,2616.4,2617.3,5667.0,5666.8,5666.7,2334.7,2334.6,2335.0,3491.9,3491.3,3491.4,4399.2,4399.3,4399.1,6121.3,6121.6,6121.0,8606.6,8608.1,8607.1,5206.7,5207.4,5208.0,7409.3,7408.6,7409.3,6101.6,6102.2,6102.5,1856.5,1855.3,1855.2,3668.5,3669.2,3669.8,2556.7,2556.9,2556.7,2894.0,2892.9,2893.0,27.389999,27.370001,going to home base
2024-04-13T01:19:14Z,2372.0,2371.3,2371.7,2617.2,2617.1,2617.1,5666.5,5665.9,5665.6,2334.5,2335.2,2335.1,3491.9,3491.5,3491.5,4399.4,4399.3,4399.6,6122.0,6122.2,6120.6,8607.0,8604.7,8608.4,5205.3,5205.4,5206.3,7409.1,7408.7,7407.7,6099.7,6099.2,6099.1,1856.8,1856.0,1855.2,3668.9,3669.2,3669.9,2556.7,2555.6,2555.8,2892.6,2892.0,2892.3,27.420000,27.340000,going to home base
2024-04-13T01:19:19Z,2372.2,2371.3,2371.6,2617.3,2616.8,2616.7,5666.3,5665.3,5665.5,2334.1,2333.9,2334.8,3491.4,3491.5,3491.1,4399.6,4399.3,4400.1,6121.7,6120.3,6122.3,8603.9,8604.3,8605.7,5206.0,5205.1,5206.1,7409.3,7409.8,7408.2,6099.5,6099.4,6099.5,1856.6,1855.5,1855.7,3669.2,3669.6,3670.2,2557.0,2556.0,2556.2,2891.3,2891.0,2891.2,27.440001,27.330000,going to home base
2024-04-13T01:19:24Z,2372.6,2372.3,2372.6,2616.4,2616.8,2616.8,5666.0,5665.6,5666.2,2334.2,2333.9,2334.3,3490.9,3490.3,3490.3,4399.5,4399.4,4399.5,6121.0,6119.2,6118.1,8604.7,8610.6,8604.7,5206.3,5207.3,5208.8,7410.9,7408.9,7409.8,6099.9,6100.2,6101.5,1857.3,1855.8,1855.6,3670.1,3669.6,3670.4,2556.6,2555.8,2555.9,2893.3,2892.5,2892.0,27.410000,27.330000,going to home base
2024-04-13T01:19:29Z,2372.2,2371.8,2372.3,2616.7,2616.6,2617.0,5665.5,5665.3,5665.6,2334.1,2333.6,2333.6,3492.1,3491.6,3491.4,4399.8,4399.9,4400.3,6120.3,6121.3,6120.7,8606.7,8604.5,8606.3,5206.1,5206.8,5208.5,7409.5,7411.1,7410.3,6102.2,6100.7,6101.1,1856.4,1854.9,1854.8,3668.8,3669.5,3670.1,2555.6,2555.1,2555.4,2892.7,2891.7,2891.8,27.389999,27.290001,going to home base
2024-04-13T01:19:34Z,2372.3,2372.0,2371.9,2617.3,2617.0,2616.9,5665.0,5665.0,5664.9,2333.7,2333.6,2333.9,3491.5,3490.8,3491.1,4399.6,4399.3,4399.9,6119.7,6119.4,6119.7,8605.6,8605.6,8603.9,5205.3,5205.6,5206.8,7410.0,7409.3,7409.8,6100.0,6101.2,6102.9,1856.3,1854.8,1854.5,3669.4,3669.7,3670.1,2556.5,2555.9,2556.2,2891.1,2891.2,2891.0,27.440001,27.270000,going to home base
2024-04-13T01:19:39Z,2371.3,2370.5,2370.9,2617.1,2616.5,2617.6,5664.6,5664.1,5664.8,2333.5,2333.3,2333.9,3490.8,3490.4,3490.5,4399.5,4399.4,4399.7,6120.3,6121.2,6119.6,8605.4,8607.0,8604.6,5205.6,5206.0,5206.3,7409.0,7409.2,7409.3,6099.1,6099.0,6100.6,1856.3,1854.7,1854.7,3669.1,3668.9,3669.1,2556.3,2556.1,2556.0,2891.1,2890.6,2890.9,27.410000,27.270000,going to home base
2024-04-13T01:19:44Z,2371.2,2371.1,2370.9,2616.8,2616.4,2617.0,5664.7,5664.2,5664.9,2333.2,2333.7,2334.4,3491.8,3490.6,3490.9,4399.1,4399.0,4398.8,6121.2,6120.7,6120.0,8605.6,8602.8,8603.1,5206.6,5206.9,5207.2,7408.7,7405.5,7408.9,6103.6,6102.9,6104.3,1855.5,1854.1,1854.2,3669.1,3669.3,3669.5,2556.8,2555.8,2556.1,2890.5,2890.7,2891.2,27.410000,27.250000,going to home base
2024-04-13T01:19:49Z,2372.0,2371.0,2371.2,2616.8,2617.4,2617.5,5664.4,5664.2,5664.3,2333.5,2333.2,2334.0,3491.8,3491.1,3490.6,4398.5,4398.5,4398.9,6119.4,6120.0,6119.8,8603.5,8602.4,8603.4,5207.9,5207.3,5207.7,7408.3,7407.0,7406.5,6101.1,6104.0,6102.7,1855.2,1853.5,1853.6,3668.9,3668.7,3669.8,2557.2,2555.8,2556.5,2891.2,2890.3,2890.4,27.389999,27.209999,going to home base
2024-04-13T01:19:54Z,2371.4,2370.6,2370.7,2616.7,2615.8,2616.6,5664.7,5663.8,5664.0,2334.1,2333.8,2334.1,3491.1,3490.1,3491.0,4398.6,4398.6,4398.7,6120.0,6118.6,6120.1,8604.2,8603.1,8601.9,5206.8,5206.3,5206.2,7409.3,7407.9,7407.5,6102.5,6101.9,6101.6,1855.4,1853.7,1853.9,3668.3,3668.0,3669.5,2556.7,2556.0,2556.1,2891.2,2890.7,2891.7,27.389999,27.250000,going to home base
2024-04-13T01:19:59Z,2371.2,2370.5,2370.9,2617.5,2616.8,2617.2,5664.7,5664.5,5664.1,2334.4,2334.3,2334.6,3491.7,3491.0,3491.2,4399.0,4398.6,4398.6,6119.8,6120.0,6119.8,8603.6,8607.2,8605.1,5208.1,5207.8,5205.7,7407.3,7407.9,7407.6,6100.4,6100.4,6100.7,1854.9,1853.0,1853.1,3668.1,3668.1,3669.6,2555.7,2555.5,2554.8,2892.6,2892.4,2893.3,27.440001,27.200001,going to home base
2024-04-13T01:20:04Z,2370.8,2370.1,2370.3,2616.3,2616.2,2616.7,5664.7,5664.4,5664.3,2334.1,2333.9,2334.0,3490.6,3490.8,3490.7,4398.1,4398.2,4397.9,6121.3,6118.6,6120.1,8602.9,8603.7,8603.7,5205.4,5203.8,5206.3,7409.1,7406.9,7407.3,6100.6,6101.1,6102.4,1854.7,1853.1,1853.0,3668.1,3668.4,3669.2,2556.6,2555.5,2556.0,2889.3,2889.9,2889.3,27.389999,27.260000,going to home base
2024-04-13T01:20:09Z,2371.0,2370.7,2370.4,2616.7,2616.8,2617.2,5664.4,5663.7,5664.4,2333.7,2333.1,2333.2,3491.0,3491.1,3490.9,4398.6,4398.1,4398.2,6120.8,6120.4,6120.8,8601.4,8599.5,8602.1,5204.9,5204.8,5206.5,7408.4,7407.3,7407.1,6100.5,6101.2,6101.1,1855.3,1853.8,1853.4,3668.8,3668.2,3669.0,2556.2,2555.7,2555.1,2890.3,2890.3,2890.4,27.410000,27.270000,going to home base
2024-04-13T01:20:14Z,2370.7,2370.0,2370.4,2615.8,2615.9,2617.0,5664.5,5664.4,5664.2,2333.3,2333.0,2333.0,3491.9,3491.1,3491.0,4398.0,4398.0,4397.8,6121.9,6120.6,6121.8,8604.4,8603.9,8602.9,5205.5,5204.5,5205.6,7407.3,7406.9,7406.5,6100.2,6099.7,6100.9,1855.3,1853.8,1853.8,3668.1,3668.0,3669.3,2556.1,2555.8,2556.0,2890.2,2889.1,2889.6,27.450001,27.270000,going to home base
2024-04-13T01:20:19Z,2371.5,2371.0,2371.1,2617.0,2616.9,2617.2,5663.8,5663.5,5664.0,2334.1,2333.6,2334.1,3490.6,3489.7,3490.0,4398.3,4398.0,4398.4,6119.8,6120.6,6120.9,8604.0,8605.4,8606.3,5204.4,5204.3,5204.5,7406.1,7405.3,7406.4,6099.3,6099.6,6100.1,1855.3,1853.6,1853.9,3668.0,3668.0,3669.2,2555.9,2554.7,2555.0,2890.8,2889.8,2890.3,27.420000,27.270000,going to home base
2024-04-13T01:20:24Z,2371.7,2370.9,2371.3,2617.3,2617.1,2617.6,5663.8,5663.4,5663.1,2333.8,2333.7,2333.9,3491.2,3490.9,3490.4,4397.8,4397.9,4397.8,6119.1,6119.0,6119.8,8605.3,8604.3,8604.6,5206.8,5205.7,5206.1,7409.7,7407.8,7409.1,6101.1,6100.4,6101.7,1854.7,1853.3,1853.3,3666.7,3666.9,3667.3,2555.9,2555.0,2554.7,2892.1,2891.5,2891.1,27.410000,27.260000,going to home base
2024-04-13T01:20:29Z,2372.2,2371.6,2372.1,2616.9,2616.5,2616.6,5663.3,5663.4,5663.5,2333.1,2332.9,2333.5,3491.6,3491.2,3490.9,4397.7,4397.8,4397.6,6122.0,6121.7,6121.0,8603.3,8602.2,8604.3,5207.5,5206.4,5207.9,7405.9,7407.0,7405.9,6103.3,6101.9,6102.0,1854.8,1853.7,1853.4,3667.7,3668.2,3668.5,2555.9,2555.9,2555.7,2892.0,2890.4,2891.4,27.440001,27.270000,going to home base
2024-04-13T01:20:39Z,2371.0,2370.4,2370.7,2616.6,2616.6,2616.4,5664.4,5663.4,5663.3,2334.1,2334.1,2334.8,3491.3,3490.3,3490.4,4398.0,4397.3,4397.1,6119.5,6119.3,6118.6,8start,26759.5,26760.4,2371.1,2370.7,2371.3,2616.3,2615.9,2616.6,5663.8,5663.3,5663.5,3744.5,88151.7,88170.7,14207.0,14200.9,14195.6,3491.1,3490.8,3490.2,4397.5,4397.3,4397.3,6118.7,16526.5,going to home base
2024-04-13T01:20:49Z,2371.4,2370.8,2370.9,2617.0,2616.7,2616.8,5663.5,5663.6,5663.8,2334.2,2334.3,2334.2,3491.3,3491.3,3491.4,4398.5,4398.1,4398.0,6118.0,6117.8,6119.1,8601.9,8601.7,8601.0,5206.0,5205.1,5206.0,7406.5,7406.1,7405.1,6099.7,6099.3,6100.7,1854.7,1853.4,1853.3,3667.4,3667.2,3668.7,2555.2,2555.3,2555.1,2891.6,2890.3,2891.2,27.389999,27.250000,going to home base
2024-04-13T01:20:54Z,2370.7,2369.7,2370.1,2617.7,2617.5,2617.2,5663.5,5663.7,5663.2,2333.9,2334.2,2334.6,3490.9,3490.5,3490.2,4397.5,4397.7,4397.8,6119.6,6120.1,6120.0,8604.9,8603.1,8603.6,5206.4,5207.2,5208.2,7404.3,7402.9,7403.0,6098.7,6098.7,6098.9,1854.8,1853.4,1853.5,3667.8,3668.1,3668.4,2555.7,2556.1,2555.7,2891.9,2890.6,2891.2,27.440001,27.260000,going to home base
2024-04-13T01:20:59Z,2370.9,2370.2,2370.5,2617.3,2617.1,2617.3,5664.4,5663.8,5663.4,2333.5,2333.5,2333.3,3490.5,3490.5,3490.5,4397.9,4397.6,4397.9,6118.6,6120.4,6119.3,8604.0,8603.0,8604.3,5205.0,5204.6,5205.0,7402.9,7402.9,7403.8,6099.1,6097.9,6098.4,1855.6,1854.1,1854.2,3668.3,3668.2,3669.1,2554.8,2554.7,2554.7,2891.0,2890.4,2891.1,27.410000,27.270000,going to home base
2024-04-13T01:21:04Z,2371.4,2370.4,2371.0,2617.1,2616.9,2617.4,5663.3,5663.4,5663.7,2333.4,2333.4,2333.9,3490.3,3489.5,3489.8,4397.4,4397.1,4397.2,6119.0,6118.5,6118.8,8602.5,8602.1,8600.7,5205.0,5204.1,5205.6,7404.8,7404.0,7403.5,6100.5,6100.2,6100.4,1855.3,1854.0,1853.9,3667.6,3667.6,3668.6,2555.9,2555.1,2555.2,2891.4,2891.3,2891.2,27.389999,27.260000,going to home base
2024-04-13T01:21:09Z,2371.0,2370.3,2370.4,2617.2,2616.9,2616.9,5664.6,5663.4,5663.7,2333.5,2333.7,2333.9,3489.9,3490.0,3490.1,4397.6,4397.6,4397.5,6119.3,6119.5,6121.4,8603.5,8603.9,8605.5,5204.7,5204.6,5204.9,7405.3,7404.5,7405.0,6099.5,6099.2,6099.2,1854.3,1853.0,1853.0,3667.7,3667.7,3669.0,2557.3,2556.4,2555.5,2890.9,2889.7,2891.1,27.420000,27.270000,going to home base
2024-04-13T01:21:14Z,2370.8,2370.2,2370.5,2617.8,2616.9,2617.2,5663.7,5663.5,5663.2,2334.4,2334.0,2334.3,3489.8,3490.3,3489.8,4397.8,4398.0,4397.6,6120.0,6118.6,6119.5,8604.8,8602.4,8601.2,5202.6,5203.4,5203.6,7405.5,7405.4,7405.2,6100.2,6100.0,6100.3,1855.4,1853.7,1853.6,3667.4,3667.6,3667.6,2555.6,2555.1,2555.2,2890.7,2889.8,2890.3,27.420000,27.299999,going to home base
2024-04-13T01:21:19Z,2371.2,2370.7,2370.9,2616.7,2616.7,2616.9,5663.8,5664.0,5664.0,2333.4,2334.1,2334.0,3490.4,3489.7,3490.3,4397.2,4397.4,4397.1,6119.6,6118.3,6120.4,8599.9,8598.4,8599.5,5204.0,5205.0,5205.6,7406.1,7403.8,7405.5,6097.4,6097.8,6098.7,1855.4,1853.8,1853.9,3667.7,3667.9,3669.0,2555.9,2555.4,2555.3,2891.1,2890.6,2890.3,27.389999,27.309999,going to home base
2024-04-13T01:21:24Z,2371.3,2370.7,2370.8,2616.4,2615.8,2616.3,5664.0,5663.4,5663.9,2333.3,2333.6,2333.3,3490.7,3489.6,3489.0,4397.7,4397.7,4397.5,6119.0,6119.0,6118.6,8601.9,8601.9,8601.7,5205.1,5204.1,5203.9,7404.4,7403.6,7404.1,6099.5,6097.9,6098.9,1854.8,1853.4,1853.1,3667.4,3668.0,3668.7,2556.7,2555.9,2555.6,2891.1,2890.5,2891.1,27.389999,27.340000,going to home base
2024-04-13T01:21:29Z,2371.1,2370.5,2370.6,2616.7,2616.4,2617.2,5663.5,5663.1,5663.3,2333.7,2333.4,2333.9,3490.5,3490.3,3490.3,4398.0,4397.6,4397.6,6116.1,6116.8,6117.2,8600.4,8602.2,8601.5,5205.7,5204.2,5205.1,7402.3,7400.8,7402.6,6097.3,6097.4,6098.4,1855.2,1853.4,1853.3,3667.0,3667.6,3668.3,2554.9,2554.0,2555.1,2891.6,2891.2,2891.4,27.389999,27.340000,going to home base
2024-04-13T01:21:34Z,2370.8,2370.7,2370.6,2616.3,2616.5,2616.5,5664.0,5663.5,5663.5,2333.2,2332.9,2333.9,3489.9,3489.3,3489.5,4398.0,4397.6,4397.3,6117.6,6116.6,6117.5,8607.3,8604.2,8603.7,5204.1,5203.6,5204.6,7405.4,7404.3,7403.9,6100.8,6099.8,6100.6,1854.8,1853.4,1853.5,3667.7,3667.6,3669.3,2556.0,2554.8,2555.3,2891.1,2890.5,2890.7,27.410000,27.330000,going to home base
2024-04-13T01:21:39Z,2371.4,2370.7,2371.1,2616.5,2616.0,2616.6,5663.9,5663.6,5664.1,2333.4,2332.8,2333.2,3490.3,3490.4,3490.2,4397.9,4397.6,4398.1,6119.1,6118.0,6119.7,8602.4,8602.3,8602.8,5203.9,5204.5,5205.2,7405.2,7404.2,7403.8,6099.9,6098.7,6101.7,1855.6,1854.0,1853.5,3668.4,3668.5,3668.9,2556.3,2555.5,2555.2,2890.7,2890.2,2890.6,27.379999,27.360001,going to home base
2024-04-13T01:21:44Z,2371.7,2371.0,2371.1,2616.1,2615.9,2616.6,5663.9,5663.6,5663.6,2333.2,2333.2,2333.7,3490.1,3489.8,3489.4,4398.2,4397.8,4398.4,6116.4,6118.3,6117.2,8602.9,8603.2,8602.0,5205.1,5204.7,5204.2,7403.6,7401.9,7402.6,6097.7,6097.8,6098.2,1854.9,1853.4,1853.8,3668.1,3668.7,3668.8,2555.7,2554.9,2555.1,2890.9,2890.2,2890.8,27.410000,27.309999,going to home base
2024-04-13T01:21:49Z,2371.5,2371.2,2371.4,2615.3,2616.1,2616.1,5664.0,5663.2,5663.1,2332.8,2333.5,2333.6,3489.4,3489.3,3488.8,4397.4,4397.8,4397.5,6118.1,6118.5,6119.0,8602.3,8602.5,8602.3,5206.0,5205.3,5206.2,7404.2,7404.0,7404.8,6099.2,6098.2,6098.6,1855.3,1853.7,1853.5,3668.3,3667.1,3668.7,2555.8,2554.7,2554.5,2889.8,2889.6,2889.7,27.410000,27.330000,going to home base
2024-04-13T01:21:54Z,2371.8,2371.4,2371.0,2616.4,2616.5,2616.9,5664.2,5663.7,5663.9,2333.1,2332.8,2333.3,3489.9,3489.5,3489.6,4396.8,4397.0,4397.1,6120.9,6119.9,6118.4,8600.8,8600.7,8601.9,5204.0,5203.7,5204.4,7403.5,7403.5,7402.7,6096.6,6098.3,6099.5,1855.2,1853.4,1853.8,3668.0,3668.6,3669.6,2556.0,2555.3,2555.4,2891.1,2889.7,2890.5,27.410000,27.270000,going to home base
2024-04-13T01:21:59Z,2371.7,2370.7,2370.8,2616.7,2616.6,2616.8,5663.4,5663.0,5663.5,2333.5,2333.4,2333.6,3490.5,3490.0,3489.9,4397.5,4397.3,4397.3,6116.9,6115.7,6117.2,8601.8,8602.8,8601.9,5203.0,5203.6,5204.8,7405.7,7404.9,7405.1,6096.9,6098.5,6098.4,1854.9,1853.9,1853.7,3668.0,3667.9,3669.2,2555.6,2554.6,2554.7,2890.3,2890.2,2890.5,27.410000,27.230000,going to home base
2024-04-13T01:22:04Z,2371.4,2370.6,2371.2,2616.5,2616.1,2616.5,5663.5,5663.0,5663.1,2332.9,2332.8,2333.2,3490.2,3489.9,3489.3,4397.8,4397.4,4397.1,6117.6,6116.5,6117.7,8604.1,8603.6,8603.5,5204.0,5204.0,5204.7,7406.9,7404.8,7405.7,6097.4,6097.9,6098.7,1855.1,1853.8,1853.5,3667.5,3668.1,3668.8,2554.8,2554.3,2554.9,2890.4,2890.1,2890.9,27.410000,27.260000,going to home base
2024-04-13T01:22:09Z,2371.4,2370.4,2371.1,2615.8,2615.9,2615.9,5663.5,5663.2,5663.8,2333.3,2333.1,2333.6,3489.9,3489.7,3489.4,4397.0,4397.0,4397.0,6116.8,6117.2,6117.1,8602.0,8600.5,8604.0,5204.0,5203.5,5204.5,7404.0,7404.1,7402.6,6099.5,6098.5,6096.1,1854.7,1853.4,1853.4,3667.8,3667.8,3668.4,2555.9,2555.2,2555.2,2890.3,2890.1,2890.0,27.370001,27.270000,going to home base
2024-04-13T01:22:14Z,2372.7,2372.1,2371.9,2616.0,2616.2,2617.1,5664.3,5664.2,5664.0,2333.9,2333.7,2333.9,3489.3,3489.2,3488.9,4397.3,4397.2,4397.2,6119.1,6118.2,6119.7,8603.4,8602.5,8602.8,5204.3,5203.4,5203.9,7403.2,7403.7,7403.7,6097.9,6098.3,6098.3,1855.3,1853.8,1853.5,3666.4,3666.3,3667.5,2554.6,2554.4,2554.2,2891.3,2889.3,2889.2,27.389999,27.260000,going to home base
2024-04-13T01:22:19Z,2372.0,2371.3,2371.7,2616.1,2615.5,2616.0,5662.9,5663.0,5662.9,2333.4,2332.9,2333.2,3490.3,3489.4,3489.6,4396.7,4396.6,4396.6,6120.2,6118.8,6118.0,8600.7,8601.7,8603.0,5203.7,5204.0,5204.2,7404.5,7402.7,7403.0,6098.2,6097.6,6098.0,1855.2,1854.0,1854.1,3667.2,3667.4,3668.3,2555.6,2554.6,2555.2,2889.2,2889.2,2890.0,27.379999,27.230000,going to home base
2024-04-13T01:22:24Z,2371.5,2371.1,2371.4,2616.1,2615.9,2616.2,5663.1,5662.7,5662.6,2333.2,2333.1,2333.8,3489.4,3489.2,3489.4,4397.7,4397.4,4397.5,6119.2,6118.5,6121.1,8602.5,8603.6,8601.8,5203.8,5203.7,5203.9,7404.3,7403.0,7402.2,6098.7,6098.2,6097.4,1855.0,1853.4,1853.3,3667.9,3668.1,3668.5,2554.9,2554.2,2554.2,2891.0,2891.0,2890.8,27.389999,27.200001,going to home base
2024-04-13T01:22:29Z,2371.3,2371.4,2370.7,2615.8,2615.5,2616.1,5663.3,5662.9,5663.0,2333.4,2333.8,2333.7,3490.5,3490.3,3490.4,4397.2,4397.1,4397.2,6117.7,6118.8,6118.5,8603.9,8603.9,8601.5,5203.3,5204.2,5204.4,7403.9,7405.0,7405.9,6096.6,6096.1,6094.6,1854.9,1853.4,1853.4,3667.7,3667.5,3668.5,2555.8,2555.3,2555.3,2890.8,2889.7,2889.8,27.379999,27.240000,going to home base
2024-04-13T01:22:34Z,2370.9,2370.5,2371.0,2615.8,2615.6,2615.8,5663.5,5663.1,5663.0,2333.5,2333.4,2333.8,3489.3,3489.8,3489.3,4397.3,4397.0,4397.0,6116.3,6116.5,6115.9,8603.0,8601.8,8602.2,5203.9,5202.9,5204.5,7404.6,7402.9,7403.5,6098.4,6096.8,6098.3,1855.0,1853.1,1853.1,3667.7,3667.8,3667.8,2554.4,2553.9,2553.9,2891.0,2890.0,2890.8,27.389999,27.309999,going to home base
2024-04-13T01:22:39Z,2371.6,2370.8,2371.2,2615.5,2614.9,2615.5,5664.1,5662.7,5662.8,2333.7,2333.7,2334.7,3490.0,3489.4,3489.1,4397.4,4397.1,4397.0,6118.1,6118.4,6118.4,8601.0,8603.0,8601.0,5203.9,5203.2,5203.8,7403.9,7402.4,7404.0,6096.3,6097.3,6094.8,1854.9,1853.6,1853.4,3666.5,3667.2,3667.2,2554.1,2553.0,2554.2,2889.6,2890.6,2891.0,27.389999,27.290001,going to home base
2024-04-13T01:22:44Z,2371.5,2370.5,2370.8,2615.4,2615.2,2615.3,5663.3,5662.6,5662.7,2333.2,2333.1,2333.7,3490.9,3490.0,3490.2,4396.4,4396.2,4396.5,6115.9,6116.3,6117.0,8600.3,8602.2,8604.3,5204.2,5204.8,5204.6,7401.7,7400.9,7402.9,6097.7,6099.3,6099.1,1855.0,1853.8,1853.6,3667.1,3667.3,3668.6,2555.3,2554.2,2554.6,2890.4,2890.7,2891.0,27.389999,27.330000,going to home base
2024-04-13T01:22:49Z,2371.4,2370.9,2371.2,2615.4,2615.2,2615.5,5662.9,5662.9,5662.8,2333.8,2333.5,2333.6,3490.1,3489.7,3489.5,4397.2,4396.6,4396.5,6117.0,6118.0,6118.4,8599.2,8599.1,8598.9,5203.4,5203.9,5204.0,7404.6,7404.3,7403.9,6096.9,6098.2,6097.6,1854.8,1853.1,1853.5,3666.7,3667.1,3668.2,2555.3,2554.4,2555.0,2890.5,2890.6,2890.4,27.389999,27.290001,going to home base
2024-04-13T01:22:54Z,2371.7,2370.8,2371.1,2616.1,2616.0,2616.2,5663.1,5663.0,5663.1,2333.6,2333.3,2334.1,3490.5,3490.2,3490.0,4396.6,4396.1,4396.4,6120.1,6119.3,6118.9,8601.6,8601.7,8602.0,5201.4,5201.9,5202.8,7404.2,7405.7,7405.8,6096.8,6096.8,6098.5,1854.9,1853.8,1853.8,3666.6,3667.0,3667.8,2555.1,2554.8,2554.9,2892.3,2891.6,2891.5,27.410000,27.309999,going to home base
2024-04-13T01:22:59Z,2371.0,2371.0,2371.0,2616.6,2616.4,2616.8,5663.0,5663.1,5662.3,2333.1,2333.1,2333.8,3491.5,3490.8,3490.8,4396.6,4396.8,4397.3,6116.9,6116.3,6117.6,8601.8,8601.8,8600.7,5203.5,5203.8,5204.4,7406.5,7403.8,7405.5,6099.1,6098.4,6098.3,1855.5,1853.7,1853.5,3667.0,3667.1,3667.7,2555.8,2555.0,2554.9,2891.5,2891.6,2891.1,27.410000,27.290001,going to home base
2024-04-13T01:23:04Z,2371.2,2370.3,2370.7,2615.6,2615.4,2615.8,5663.8,5663.4,5663.3,2333.4,2333.8,2333.9,3490.2,3489.8,3489.7,4396.6,4396.7,4397.0,6118.0,6118.4,6118.7,8603.1,8602.3,8602.1,5202.8,5202.0,5204.2,7403.1,7402.5,7403.4,6098.2,6097.4,6098.1,1855.1,1853.5,1853.4,3666.5,3666.8,3668.0,2555.1,2554.3,2554.5,2891.9,2891.8,2891.0,27.389999,27.250000,going to home base
2024-04-13T01:23:09Z,2370.7,2369.8,2370.3,2615.5,2615.7,2615.5,5663.2,5662.4,5662.1,2334.4,2333.8,2334.0,3490.2,3489.7,3489.8,4396.9,4397.1,4397.0,6117.4,6116.5,6117.2,8602.0,8598.5,8599.7,5203.8,5204.0,5204.7,7404.1,7403.5,7403.6,6098.7,6097.5,6098.3,1854.6,1853.6,1853.5,3666.5,3666.7,3667.6,2555.7,2554.6,2554.6,2893.1,2892.2,2892.8,27.389999,27.180000,going to home base
2024-04-13T01:23:14Z,2371.0,2370.3,2370.5,2615.2,2615.6,2615.5,5662.5,5662.2,5662.0,2333.3,2333.3,2333.7,3489.3,3489.4,3489.1,4397.2,4397.0,4396.9,6117.3,6117.0,6117.2,8601.2,8600.7,8600.9,5205.3,5203.0,5204.4,7405.1,7403.7,7403.5,6099.0,6097.1,6099.0,1855.4,1853.7,1853.4,3666.4,3666.4,3666.8,2555.1,2554.4,2554.4,2890.6,2890.8,2890.8,27.379999,27.190001,going to home base
2024-04-13T01:23:19Z,2370.5,2370.0,2370.2,2615.4,2615.6,2615.6,5662.4,5662.4,5662.2,2332.8,2332.7,2332.5,3489.2,3488.4,3488.7,4397.0,4396.2,4396.3,6117.6,6117.3,6118.3,8600.4,8600.8,8600.8,5203.2,5202.9,5204.4,7404.6,7403.3,7403.2,6099.3,6099.1,6096.7,1855.4,1854.2,1853.7,3666.4,3666.0,3666.8,2554.5,2553.7,2553.9,2890.7,2890.6,2890.4,27.410000,27.219999,going to home base
2024-04-13T01:23:24Z,2370.9,2370.4,2370.5,2614.8,2614.5,2616.3,5662.3,5660.8,5661.9,2333.3,2333.0,2333.2,3489.4,3489.5,3489.5,4396.3,4396.3,4396.6,6117.2,6116.5,6116.8,8603.1,8602.0,8602.4,5204.0,5204.1,5204.8,7403.8,7403.0,7402.4,6097.2,6098.7,6097.8,1855.2,1853.4,1853.5,3665.7,3665.8,3666.5,2555.1,2554.4,2554.4,2890.9,2890.7,2890.4,27.379999,27.219999,going to home base
2024-04-13T01:23:29Z,2370.4,2369.7,2370.2,2615.1,2615.3,2615.7,5662.5,5662.2,5662.4,2333.4,2332.8,2333.3,3489.5,3489.3,3488.9,4395.7,4395.9,4395.9,6116.4,6115.6,6118.3,8602.7,8603.2,8602.3,5203.4,5202.6,5202.7,7400.5,7399.4,7398.5,6095.7,6095.6,6097.3,1855.8,1854.0,1853.9,3665.6,3665.3,3666.5,2554.9,2554.1,2554.5,2891.2,2890.7,2890.7,27.379999,27.219999,going to home base
2024-04-13T01:23:34Z,2370.7,2370.1,2370.4,2615.4,2614.9,2615.2,5662.2,5661.8,5661.9,2332.8,2332.6,2333.2,3489.9,3489.9,3489.5,4396.3,4395.5,4396.2,6116.2,6116.0,6115.8,8601.6,8602.5,8601.2,5203.0,5201.4,5202.6,7402.2,7400.8,7402.8,6096.8,6096.6,6097.4,1855.5,1854.4,1854.4,3665.5,3665.8,3666.6,2554.6,2554.2,2554.5,2890.7,2889.8,2890.6,27.379999,27.230000,going to home base
2024-04-13T01:23:39Z,2370.3,2369.9,2369.8,2615.1,2614.9,2615.8,5661.8,5661.6,5661.3,2332.7,2332.3,2332.4,3490.5,3490.0,3489.6,4395.7,4396.3,4395.6,6117.1,6117.9,6119.3,8600.4,8600.7,8602.1,5202.7,5202.9,5203.4,7404.4,7402.7,7402.6,6097.0,6096.1,6095.6,1855.2,1853.8,1853.3,3666.0,3665.9,3666.5,2556.0,2555.1,2555.0,2890.2,2888.3,2889.7,27.410000,27.190001,going to home base
2024-04-13T01:23:44Z,2370.5,2370.1,2370.2,2614.9,2615.5,2615.1,5661.7,5661.5,5661.0,2332.7,2332.9,2333.6,3490.8,3490.3,3490.6,4395.4,4395.1,4395.6,6113.9,6113.9,6116.2,8600.3,8601.2,8602.0,5202.8,5202.0,5203.4,7402.8,7401.9,7403.5,6098.3,6098.2,6096.1,1855.0,1853.6,1853.6,3666.6,3666.3,3667.0,2554.2,2553.4,2553.9,2889.0,2888.7,2888.8,27.370001,27.260000,going to home base
2024-04-13T01:23:49Z,2369.8,2369.1,2369.4,2615.7,2615.1,2615.6,5662.2,5661.4,5661.2,2332.9,2332.7,2333.3,3490.5,3490.2,3490.1,4395.6,4395.5,4395.5,6115.1,6115.0,6116.0,8601.0,8599.7,8602.4,5202.6,5202.4,5204.3,7401.6,7401.2,7402.1,6096.9,6095.1,6095.4,1854.7,1853.2,1853.1,3665.5,3666.1,3666.3,2554.5,2554.1,2554.2,2889.2,2889.0,2889.3,27.389999,27.200001,going to home base
2024-04-13T01:23:54Z,2369.9,2369.4,2369.7,2614.8,2615.3,2615.7,5661.8,5661.6,5661.6,2333.1,2333.3,2333.3,3489.7,3489.2,3489.5,4395.9,4395.9,4395.6,6115.6,6114.9,6115.6,8599.9,8600.4,8600.2,5202.4,5201.3,5203.4,7403.2,7401.5,7401.5,6094.9,6094.8,6094.8,1854.6,1853.3,1853.3,3666.5,3666.3,3667.3,2555.5,2554.7,2554.6,2888.5,2889.3,2888.9,27.379999,27.290001,going to home base
2024-04-13T01:23:59Z,2370.6,2369.5,2369.8,2614.7,2615.0,2615.2,5661.7,5661.5,5661.1,2332.4,2332.4,2333.2,3489.4,3489.1,3488.2,4395.9,4395.7,4395.9,6115.9,6115.9,6116.4,8602.9,8600.3,8598.4,5203.9,5203.0,5203.8,7404.8,7403.1,7402.7,6096.4,6095.4,6096.2,1854.8,1853.5,1853.2,3666.4,3667.0,3667.1,2554.4,2553.5,2553.7,2889.2,2888.8,2889.1,27.379999,27.219999,going to home base
2024-04-13T01:24:04Z,2370.7,2369.9,2370.4,2615.2,2614.8,2615.6,5661.8,5661.3,5661.7,2333.0,2332.9,2333.8,3490.7,3490.2,3489.8,4396.1,4395.8,4396.0,6116.2,6115.9,6116.6,8600.3,8598.3,8600.8,5203.1,5202.0,5204.8,7402.8,7402.7,7402.3,6094.4,6094.2,6095.4,1855.0,1853.6,1853.4,3666.5,3666.3,3667.3,2554.1,2554.3,2554.1,2889.5,2889.3,2891.1,27.379999,27.299999,going to home base
2024-04-13T01:24:09Z,2370.7,2370.1,2370.3,2615.3,2615.2,2615.5,5661.8,5661.4,5661.3,2332.9,2333.2,2333.3,3489.4,3489.4,3489.3,4395.9,4395.6,4395.8,6116.1,6115.9,6116.4,8599.7,8600.0,8601.3,5203.5,5201.8,5202.1,7404.1,7403.4,7403.5,6094.3,6093.7,6094.6,1854.7,1852.8,1853.1,3666.8,3666.6,3667.7,2554.8,2554.5,2554.3,2890.6,2889.6,2889.9,27.389999,27.270000,going to home base
2024-04-13T01:24:14Z,2370.0,2369.1,2370.0,2614.8,2614.9,2615.0,5661.6,5661.3,5661.4,2333.2,2334.0,2333.1,3489.4,3488.4,3488.8,4396.7,4396.6,4396.8,6114.8,6115.0,6115.4,8601.2,8600.6,8599.6,5201.9,5202.2,5202.2,7402.1,7401.4,7399.5,6095.1,6097.3,6096.2,1855.3,1853.6,1853.5,3666.3,3666.4,3667.3,2554.8,2554.3,2554.2,2890.1,2889.2,2889.2,27.379999,27.280001,going to home base
2024-04-13T01:24:19Z,2371.4,2370.5,2370.6,2615.6,2615.3,2615.7,5661.5,5660.8,5661.0,2333.0,2332.7,2333.1,3489.2,3488.7,3488.7,4395.7,4395.9,4395.5,6115.0,6115.2,6114.6,8603.1,8602.1,8601.9,5201.8,5200.8,5201.7,7400.9,7399.9,7399.9,6096.0,6094.6,6095.7,1854.8,1853.3,1853.0,3666.2,3666.2,3667.0,2555.5,2554.6,2554.7,2890.6,2890.0,2890.8,27.389999,27.270000,going to home base
2024-04-13T01:24:24Z,2370.6,2370.1,2370.0,2614.8,2614.2,2615.0,5661.5,5661.1,5661.4,2332.3,2332.5,2332.7,3488.7,3487.8,3488.1,4396.3,4395.9,4395.8,6117.4,6117.0,6118.4,8602.5,8600.3,8597.8,5202.2,5202.3,5203.0,7402.2,7401.1,7403.2,6093.3,6091.7,6092.0,1854.9,1853.2,1853.4,3665.7,3665.8,3666.9,2554.4,2554.5,2554.9,2890.5,2890.7,2890.7,27.389999,27.230000,going to home base
2024-04-13T01:24:29Z,2370.8,2370.0,2370.5,2615.6,2615.6,2616.2,5661.0,5660.6,5660.4,2332.8,2332.7,2332.9,3489.3,3488.8,3489.2,4395.4,4396.3,4396.0,6116.4,6115.4,6115.2,8598.0,8597.6,8599.2,5202.1,5201.2,5202.1,7403.8,7403.0,7403.6,6094.6,6094.4,6094.8,1854.6,1853.1,1852.7,3666.8,3666.3,3666.9,2554.4,2553.4,2554.1,2890.6,2890.0,2890.6,27.379999,27.200001,going to home base
2024-04-13T01:24:34Z,2370.1,2369.3,2370.2,2614.7,2614.9,2615.6,5660.7,5660.2,5660.1,2332.4,2332.3,2333.0,3489.7,3489.2,3489.7,4396.0,4395.4,4395.5,6114.9,6114.7,6114.5,8601.4,8602.5,8601.3,5201.5,5201.4,5202.4,7403.2,7402.8,7401.8,6096.0,6096.3,6096.6,1855.0,1853.6,1853.7,3667.0,3666.7,3667.9,2554.8,2553.7,2553.5,2889.3,2889.3,2889.8,27.389999,27.150000,going to home base
2024-04-13T01:24:39Z,2370.0,2369.7,2369.7,2615.0,2614.7,2615.1,5660.4,5659.4,5659.7,2332.6,2332.7,2333.0,3489.6,3489.9,3489.4,4395.5,4395.1,4395.6,6116.1,6114.1,6115.8,8599.0,8599.9,8598.8,5203.0,5201.4,5201.2,7404.4,7403.1,7403.5,6092.5,6095.0,6095.9,1855.1,1853.2,1853.2,3666.9,3667.0,3668.2,2554.1,2553.5,2553.6,2890.1,2889.4,2890.2,27.410000,27.180000,going to home base
2024-04-13T01:24:44Z,2370.8,2370.5,2370.6,2614.7,2614.5,2614.3,5660.5,5659.3,5659.9,2331.9,2331.8,2332.3,3488.9,3488.6,3489.0,4395.5,4395.3,4395.3,6116.2,6115.4,6115.4,8595.8,8598.1,8598.9,5202.8,5202.6,5203.3,7402.6,7401.1,7401.1,6096.0,6096.3,6096.6,1854.3,1852.9,1853.1,3667.5,3667.5,3668.6,2554.2,2553.2,2554.0,2889.8,2889.7,2890.7,27.379999,27.160000,going to home base
2024-04-13T01:24:49Z,2369.8,2369.1,2369.2,2615.2,2614.5,2615.0,5661.1,5660.4,5660.5,2332.0,2331.8,2332.2,3488.8,3488.9,3488.9,4395.1,4395.3,4395.4,6115.2,6113.5,6114.6,8600.5,8597.2,8599.8,5201.2,5201.0,5202.0,7404.2,7403.9,7402.6,6095.8,6095.8,6096.6,1854.7,1853.5,1853.7,3666.0,3666.2,3667.2,2554.5,2553.7,2553.6,2890.7,2890.5,2890.6,27.379999,27.160000,going to home base
2024-04-13T01:24:54Z,2370.7,2370.1,2370.4,2613.8,2614.0,2614.4,5660.5,5660.4,5660.3,2333.4,2333.1,2333.1,3488.4,3488.6,3488.6,4395.9,4395.8,4395.3,6115.8,6114.1,6115.8,8599.6,8600.3,8599.3,5201.8,5200.8,5202.1,7404.1,7402.2,7400.4,6095.0,6093.6,6093.7,1854.4,1853.4,1853.7,3666.0,3665.6,3666.6,2553.8,2553.1,2553.3,2890.6,2889.5,2890.1,27.389999,27.219999,going to home base
2024-04-13T01:24:59Z,2370.8,2370.0,2370.3,2614.4,2614.3,2614.7,5660.1,5659.9,5660.0,2332.8,2332.5,2332.8,3488.9,3488.7,3488.7,4395.4,4395.4,4395.3,6113.4,6113.3,6115.1,8599.7,8596.7,8596.9,5201.4,5201.1,5201.9,7403.6,7402.8,7402.0,6095.3,6094.2,6095.7,1854.4,1853.0,1852.6,3666.0,3666.2,3667.2,2554.1,2553.8,2553.9,2890.0,2889.0,2889.9,27.389999,27.219999,going to home base
2024-04-13T01:25:04Z,2370.3,2369.8,2369.9,2614.3,2614.1,2614.5,5660.9,5660.4,5660.6,2332.3,2332.4,2332.6,3488.2,3488.2,3488.1,4395.4,4395.2,4395.5,6114.5,6113.8,6114.7,8599.8,8601.6,8599.8,5200.5,5200.0,5199.9,7400.7,7399.8,7401.0,6094.2,6093.3,6093.2,1854.8,1853.3,1853.2,3665.8,3665.6,3666.5,2554.2,2553.3,2553.2,2890.0,2889.5,2889.3,27.379999,27.250000,going to home base
2024-04-13T01:25:09Z,2370.1,2369.2,2369.6,2614.8,2614.7,2615.2,5660.7,5660.7,5660.0,2332.6,2332.2,2332.2,3489.0,3488.5,3488.6,4395.3,4395.1,4395.0,6114.1,6113.1,6114.2,8599.8,8597.7,8596.3,5202.4,5202.9,5202.0,7401.7,7402.6,7402.8,6095.0,6095.2,6094.2,1854.7,1853.3,1853.1,3664.4,3665.1,3666.1,2554.4,2553.7,2553.7,2890.8,2889.4,2890.6,27.379999,27.180000,going to home base
2024-04-13T01:25:14Z,2370.7,2369.8,2370.4,2614.4,2614.4,2614.3,5660.5,5660.2,5660.6,2332.0,2332.5,2332.5,3488.3,3488.7,3488.6,4395.2,4395.1,4395.0,6116.0,6113.9,6115.7,8599.6,8600.3,8601.2,5200.9,5200.7,5202.3,7403.3,7401.1,7401.6,6095.9,6096.5,6096.5,1855.0,1853.3,1853.4,3665.9,3665.6,3666.4,2554.5,2553.3,2553.5,2889.7,2889.2,2889.3,27.389999,27.200001,going to home base
2024-04-13T01:25:19Z,2370.4,2369.7,2369.9,2614.4,2614.0,2613.9,5660.0,5659.7,5659.8,2333.2,2333.4,2334.0,3489.4,3488.8,3487.9,4395.4,4395.4,4395.2,6116.2,6116.5,6115.6,8597.7,8598.6,8598.1,5201.1,5200.1,5201.4,7402.6,7402.3,7401.3,6094.0,6094.8,6094.0,1854.9,1853.3,1853.3,3665.6,3666.0,3666.9,2553.8,2553.2,2553.3,2888.0,2888.0,2888.2,27.370001,27.190001,going to home base
2024-04-13T01:25:24Z,2370.6,2369.9,2369.7,2613.6,2613.6,2613.9,5660.4,5659.5,5660.5,2332.2,2332.0,2332.5,3489.3,3488.8,3488.6,4395.1,4395.0,4395.1,6114.3,6114.9,6115.2,8599.1,8600.0,8599.8,5200.8,5202.4,5202.5,7400.9,7400.3,7399.8,6094.5,6094.6,6096.0,1854.2,1852.9,1852.9,3666.2,3666.5,3667.4,2554.2,2553.9,2553.6,2889.7,2888.6,2888.6,27.379999,27.150000,going to home base
2024-04-13T01:25:34Z,2369.8,2369.1,2368.9,2614.6,2614.3,2614.8,5660.3,5660.0,5659.7,2333.0,2332.8,2333.2,2368.5,2369.0,2613.8,2613.5,2613.5,5659.7,5659.5,5659.9,2332.0,87939.6,87982.9,14179.9,14176.9,14180.7,3489.6,3489.3,3489.0,4394.8,4395.2,4394.9,6113.9,33951.1,33953.4,8597.4,8598.6,8597.6,5200.4,5200.1,5201.2,7399.3,7398.8,7398.0,6096.3,43799.7,43808.3,going to home base
2024-04-13T01:25:44Z,2369.4,2368.9,2368.9,2613.3,2613.6,2613.6,5660.4,5659.7,5659.9,2332.5,2332.1,2332.8,3488.2,3488.7,3487.6,4394.6,4394.9,4394.9,6116.8,6116.9,6117.6,8597.9,8597.5,8598.2,5200.8,5200.1,5201.3,7398.4,7398.0,7398.4,6095.6,6095.7,6096.7,1854.6,1852.8,1853.1,3665.1,3665.1,3666.1,2554.1,2553.3,2553.3,2890.6,2889.9,2889.8,27.379999,27.230000,going to home base
2024-04-13T01:25:49Z,2369.8,2369.3,2369.8,2614.3,2613.6,2614.0,5659.6,5659.3,5659.6,2332.1,2332.2,2332.9,3489.1,3488.5,3488.8,4394.9,4394.7,4395.0,6114.4,6114.3,6113.3,8600.8,8598.2,8602.0,5198.9,5200.5,5201.0,7399.9,7398.0,7397.7,6095.7,6095.2,6097.2,1854.2,1852.7,1852.6,3665.3,3665.5,3666.6,2552.7,2551.9,2552.9,2890.8,2889.3,2889.6,27.389999,27.200001,going to home base
2024-04-13T01:25:54Z,2370.3,2369.7,2370.3,2613.6,2613.3,2614.0,5659.7,5659.3,5659.1,2333.2,2332.9,2333.6,3490.4,3489.6,3489.5,4394.5,4394.6,4394.8,6116.6,6116.6,6117.0,8596.1,8595.7,8596.2,5198.9,5198.8,5200.1,7400.2,7400.6,7399.5,6096.4,6095.6,6096.5,1854.2,1853.1,1853.1,3666.2,3666.1,3666.7,2552.9,2552.9,2552.6,2890.5,2890.0,2890.5,27.379999,27.160000,going to home base
2024-04-13T01:25:59Z,2370.1,2369.2,2369.6,2613.3,2613.4,2613.8,5659.3,5659.6,5659.2,2333.1,2333.5,2333.1,3489.2,3488.5,3488.6,4393.4,4393.7,4393.6,6114.8,6113.3,6115.1,8598.6,8597.2,8597.0,5199.0,5199.0,5199.9,7401.7,7400.9,7401.2,6093.9,6094.2,6095.3,1854.6,1852.7,1852.8,3665.2,3665.3,3666.3,2553.1,2552.4,2553.5,2888.1,2888.2,2888.2,27.389999,27.180000,going to home base
2024-04-13T01:26:04Z,2370.0,2369.3,2369.9,2613.3,2612.7,2613.2,5659.7,5658.9,5659.2,2332.8,2332.4,2333.2,3489.5,3489.5,3489.9,4393.7,4394.0,4394.4,6112.4,6111.9,6111.2,8597.4,8594.9,8596.1,5199.2,5199.0,5200.3,7397.6,7398.7,7398.4,6095.5,6096.2,6097.4,1854.2,1852.8,1852.8,3665.6,3666.1,3666.4,2553.4,2552.8,2553.3,2890.4,2889.9,2890.2,27.370001,27.150000,going to home base
2024-04-13T01:26:09Z,2370.1,2369.4,2369.9,2613.8,2613.8,2614.0,5658.9,5658.1,5658.3,2332.5,2332.2,2333.2,3489.3,3488.6,3488.9,4394.7,4394.6,4394.2,6111.5,6112.0,6113.8,8597.5,8597.3,8600.8,5200.4,5198.9,5199.6,7398.7,7398.5,7399.7,6095.2,6095.8,6095.2,1854.3,1853.1,1852.6,3665.7,3665.5,3666.4,2554.0,2552.8,2552.4,2890.7,2890.3,2890.1,27.379999,27.160000,going to home base
2024-04-13T01:26:14Z,2370.6,2369.9,2370.1,2613.2,2613.1,2613.4,5659.2,5658.6,5658.9,2333.2,2333.2,2333.1,3488.4,3487.6,3487.9,4393.9,4393.8,4394.2,6112.9,6114.2,6115.0,8598.3,8599.1,8598.6,5199.3,5198.2,5199.2,7399.5,7397.5,7398.0,6093.7,6093.1,6093.4,1854.7,1853.4,1852.7,3665.7,3665.6,3666.4,2554.4,2553.6,2553.4,2891.3,2890.2,2890.0,27.389999,27.190001,going to home base
2024-04-13T01:26:19Z,2370.3,2369.7,2370.0,2613.1,2613.4,2613.8,5658.5,5658.3,5658.4,2332.8,2332.6,2332.8,3487.4,3487.5,3487.8,4394.1,4394.1,4393.8,6112.0,6111.1,6112.9,8596.9,8596.0,8596.6,5199.7,5198.1,5198.5,7398.8,7398.3,7398.9,6095.9,6096.8,6097.0,1854.8,1853.1,1853.4,3665.6,3666.2,3666.5,2553.1,2552.9,2552.7,2889.3,2889.0,2889.3,27.350000,27.170000,going to home base
2024-04-13T01:26:24Z,2370.2,2369.6,2370.4,2613.6,2613.4,2613.4,5659.4,5659.5,5658.6,2332.2,2332.3,2333.0,3488.4,3487.9,3488.0,4393.6,4393.2,4393.5,6115.3,6114.1,6113.5,8598.0,8597.0,8595.3,5199.4,5199.4,5199.9,7397.4,7395.8,7395.6,6097.1,6098.0,6095.6,1854.2,1852.9,1853.3,3665.5,3664.6,3666.1,2553.0,2552.2,2552.4,2889.8,2889.7,2890.2,27.410000,27.200001,going to home base
2024-04-13T01:26:29Z,2370.1,2368.6,2369.0,2613.1,2613.2,2613.5,5659.3,5658.9,5658.8,2332.9,2332.3,2333.2,3488.1,3487.8,3487.3,4393.5,4393.3,4393.3,6111.2,6110.4,6109.9,8596.2,8595.9,8598.1,5199.6,5198.3,5198.6,7399.8,7399.7,7399.2,6095.0,6094.1,6095.3,1854.2,1852.5,1852.9,3665.1,3665.2,3666.2,2552.2,2551.8,2552.2,2890.3,2889.2,2889.3,27.350000,27.180000,going to home base
2024-04-13T01:26:34Z,2369.6,2369.1,2369.3,2613.0,2613.6,2613.6,5658.9,5658.3,5658.4,2331.8,2331.9,2332.9,3488.9,3488.0,3488.4,4393.4,4393.5,4393.1,6110.7,6110.5,6110.8,8596.6,8594.5,8594.7,5198.9,5198.0,5199.1,7398.0,7395.8,7396.6,6095.8,6094.7,6095.8,1854.5,1853.0,1852.8,3664.6,3664.9,3665.5,2553.5,2552.9,2553.0,2890.3,2890.1,2889.4,27.379999,27.150000,going to home base
2024-04-13T01:26:39Z,2369.6,2368.7,2369.1,2613.0,2612.8,2613.0,5658.8,5658.5,5658.7,2331.7,2332.2,2332.3,3488.7,3487.9,3488.2,4393.2,4393.1,4392.7,6112.1,6111.9,6110.7,8596.6,8595.3,8596.9,5198.5,5199.9,5199.2,7398.0,7397.3,7395.7,6093.3,6094.0,6095.2,1854.5,1853.3,1852.9,3665.9,3665.5,3665.8,2553.5,2553.0,2552.9,2889.6,2889.8,2889.9,27.379999,27.190001,going to home base
2024-04-13T01:26:44Z,2369.6,2368.4,2368.6,2613.6,2613.2,2613.6,5659.0,5658.5,5658.7,2331.2,2331.3,2331.4,3487.9,3488.1,3487.1,4392.4,4392.8,4392.4,6110.4,6112.0,6111.9,8596.7,8597.4,8597.5,5199.7,5199.1,5199.5,7398.2,7397.2,7397.2,6094.6,6095.1,6095.4,1853.9,1852.7,1852.7,3665.3,3665.4,3666.2,2553.3,2552.2,2551.5,2890.8,2890.5,2890.2,27.370001,27.170000,going to home base
2024-04-13T01:26:49Z,2368.8,2368.1,2368.5,2613.3,2613.5,2613.4,5659.4,5658.9,5658.6,2331.7,2331.8,2332.0,3488.5,3488.4,3487.7,4392.6,4393.2,4393.2,6112.1,6111.6,6111.1,8596.1,8597.1,8597.4,5198.8,5198.4,5200.0,7401.3,7400.3,7400.4,6096.7,6095.8,6096.2,1854.6,1852.9,1853.0,3664.8,3664.4,3665.4,2552.7,2551.6,2551.8,2891.2,2891.4,2891.4,27.379999,27.219999,going to home base
2024-04-13T01:26:54Z,2369.4,2368.3,2368.7,2613.0,2613.3,2613.4,5658.9,5658.7,5658.6,2331.9,2332.0,2332.3,3488.3,3487.8,3487.7,4393.5,4393.1,4393.3,6112.3,6111.6,6111.2,8594.4,8593.5,8594.0,5199.6,5199.0,5199.4,7399.7,7397.7,7397.2,6095.7,6098.4,6097.4,1853.7,1852.3,1852.6,3665.8,3665.4,3666.7,2552.9,2552.6,2552.3,2890.2,2889.9,2890.2,27.379999,27.160000,going to home base
2024-04-13T01:26:59Z,2369.9,2369.2,2369.6,2612.7,2612.4,2612.4,5658.8,5658.5,5658.5,2332.0,2332.0,2332.4,3488.0,3487.5,3487.7,4393.1,4392.7,4392.9,6112.3,6111.9,6111.4,8596.5,8594.3,8594.4,5199.1,5199.8,5201.4,7400.3,7399.2,7399.1,6094.0,6093.9,6093.2,1854.0,1852.6,1852.6,3664.3,3664.8,3665.1,2553.3,2551.8,2552.6,2891.4,2890.5,2891.4,27.389999,27.190001,going to home base
2024-04-13T01:27:04Z,2370.4,2370.0,2370.2,2612.7,2612.6,2613.3,5659.0,5658.9,5658.7,2331.8,2332.4,2332.6,3488.2,3488.0,3488.0,4393.0,4393.1,4393.3,6115.7,6115.2,6114.5,8593.0,8593.2,8593.2,5200.7,5199.4,5199.8,7398.2,7396.8,7400.2,6095.0,6093.9,6095.6,1854.4,1853.0,1853.1,3665.1,3664.7,3665.7,2552.8,2551.9,2552.4,2889.6,2889.9,2889.9,27.370001,27.180000,going to home base
2024-04-13T01:27:09Z,2370.4,2369.9,2369.8,2613.1,2612.9,2613.5,5659.0,5658.5,5658.6,2332.8,2332.1,2332.3,3488.7,3488.8,3488.5,4392.7,4392.7,4393.1,6113.2,6114.0,6115.3,8591.2,8591.6,8592.6,5200.9,5200.2,5201.8,7399.8,7400.0,7396.8,6095.7,6093.9,6095.7,1854.1,1853.2,1852.9,3664.6,3664.6,3665.8,2553.1,2551.9,2551.7,2889.7,2889.3,2888.6,27.370001,27.200001,going to home base
2024-04-13T01:27:14Z,2370.2,2369.7,2370.1,2612.9,2612.5,2613.1,5658.6,5657.7,5657.9,2331.6,2331.7,2332.4,3488.2,3488.1,3487.8,4393.1,4393.0,4392.6,6112.2,6110.8,6112.1,8591.4,8593.1,8592.9,5197.8,5197.9,5199.1,7401.5,7400.2,7399.7,6096.7,6095.9,6096.2,1854.6,1853.0,1853.1,3665.1,3665.0,3666.1,2553.0,2552.2,2552.1,2890.3,2889.9,2890.6,27.379999,27.170000,going to home base
2024-04-13T01:27:19Z,2370.7,2370.2,2370.2,2613.5,2613.1,2613.3,5658.0,5657.8,5658.2,2332.6,2332.5,2332.8,3488.7,3487.9,3487.6,4392.9,4392.6,4392.6,6112.2,6111.5,6112.9,8593.3,8593.2,8593.7,5200.8,5199.1,5200.0,7400.2,7399.5,7400.4,6097.1,6097.1,6096.7,1853.8,1852.3,1852.6,3664.9,3665.0,3666.4,2552.5,2551.7,2551.4,2890.7,2890.6,2890.3,27.389999,27.129999,going to home base
2024-04-13T01:27:24Z,2369.9,2369.1,2369.6,2612.8,2612.5,2612.6,5658.9,5658.5,5658.6,2331.8,2331.6,2332.5,3487.2,3487.6,3486.8,4392.4,4392.7,4392.4,6113.6,6113.4,6112.5,8592.3,8592.7,8592.3,5199.1,5197.7,5198.6,7400.0,7399.4,7400.9,6094.8,6094.0,6094.1,1853.7,1852.0,1851.9,3664.6,3665.0,3665.1,2551.7,2550.9,2550.6,2889.4,2889.9,2890.6,27.370001,27.160000,going to home base
2024-04-13T01:27:29Z,2370.4,2370.0,2370.3,2613.4,2612.8,2612.6,5658.6,5658.1,5658.2,2331.5,2331.6,2332.3,3488.5,3487.8,3487.9,4392.6,4392.7,4392.7,6113.6,6112.6,6113.1,8593.8,8592.2,8593.0,5199.8,5199.2,5199.6,7399.0,7396.7,7398.4,6095.3,6093.2,6095.2,1853.7,1852.2,1852.0,3664.9,3664.7,3666.0,2551.4,2551.0,2551.0,2889.7,2889.4,2890.0,27.370001,27.160000,going to home base
2024-04-13T01:27:34Z,2370.3,2369.6,2370.1,2612.7,2612.8,2612.7,5658.1,5658.2,5659.2,2331.7,2331.1,2331.8,3486.9,3487.3,3487.2,4392.4,4392.1,4392.3,6113.4,6113.6,6113.1,8595.3,8593.8,8595.0,5201.3,5201.2,5201.2,7398.7,7399.2,7398.9,6092.6,6093.0,6093.2,1854.6,1852.6,1852.6,3664.3,3664.0,3665.6,2552.5,2551.5,2551.7,2889.9,2889.6,2888.9,27.370001,27.120001,going to home base
2024-04-13T01:27:39Z,2369.6,2369.2,2369.8,2613.3,2613.2,2613.9,5657.3,5656.8,5657.3,2331.6,2331.8,2332.0,3488.4,3487.8,3487.5,4392.7,4392.8,4392.3,6115.4,6113.8,6115.3,8594.3,8594.7,8597.6,5199.4,5199.9,5199.2,7400.1,7400.1,7399.8,6094.1,6093.0,6094.4,1854.0,1852.7,1852.3,3663.5,3664.3,3665.1,2552.2,2552.0,2551.7,2890.6,2888.9,2890.0,27.340000,27.190001,going to home base
2024-04-13T01:27:44Z,2370.5,2369.7,2370.0,2614.1,2613.3,2613.5,5657.6,5657.4,5657.5,2331.4,2331.1,2331.4,3488.5,3488.1,3487.9,4392.3,4392.3,4391.8,6112.0,6112.9,6111.8,8597.7,8598.5,8600.8,5199.6,5198.8,5200.8,7396.6,7397.0,7396.8,6093.0,6093.0,6093.8,1853.3,1851.7,1851.5,3663.4,3664.0,3665.1,2552.1,2551.3,2551.3,2890.0,2889.9,2890.0,27.379999,27.129999,going to home base
2024-04-13T01:27:49Z,2370.1,2369.2,2369.6,2612.5,2612.5,2613.0,5657.5,5657.2,5657.2,2332.2,2332.0,2332.5,3488.2,3487.4,3487.5,4392.3,4392.4,4392.4,6113.3,6110.6,6111.1,8593.9,8595.3,8594.3,5199.1,5198.0,5198.5,7399.5,7399.2,7398.1,6094.2,6094.9,6094.9,1854.2,1852.3,1852.5,3664.2,3664.0,3664.7,2551.9,2551.4,2551.0,2891.3,2891.0,2890.6,27.350000,27.150000,going to home base
2024-04-13T01:27:54Z,2370.4,2369.6,2369.8,2612.9,2612.5,2613.0,5657.4,5657.6,5658.0,2331.9,2332.1,2332.2,3488.1,3487.0,3487.7,4392.2,4392.7,4392.7,6111.6,6111.5,6111.2,8596.9,8594.2,8596.3,5200.0,5198.9,5199.7,7396.1,7395.2,7395.6,6094.2,6093.9,6094.2,1854.1,1852.7,1852.8,3664.6,3664.3,3664.7,2551.7,2550.6,2550.9,2890.6,2890.2,2890.5,27.370001,27.170000,going to home base
2024-04-13T01:27:59Z,2370.0,2369.5,2369.8,2612.2,2612.8,2613.0,5656.9,5656.7,5657.0,2332.8,2332.3,2333.2,3487.7,3487.2,3487.2,4392.4,4391.8,4392.1,6112.7,6111.8,6113.0,8592.2,8591.4,8592.9,5197.4,5198.2,5197.5,7398.1,7396.6,7395.7,6092.7,6093.1,6092.5,1854.4,1852.7,1852.7,3664.3,3664.7,3665.3,2551.5,2550.9,2550.5,2889.9,2889.3,2889.3,27.370001,27.129999,going to home base
2024-04-13T01:28:04Z,2369.6,2368.8,2369.3,2612.7,2613.3,2613.1,5657.2,5656.6,5656.7,2330.9,2330.8,2331.2,3488.0,3487.5,3487.2,4392.5,4392.3,4392.5,6113.7,6114.2,6111.6,8589.9,8590.9,8591.1,5200.7,5199.6,5201.0,7396.3,7394.1,7395.0,6093.0,6094.1,6094.1,1853.7,1852.6,1852.6,3663.7,3663.7,3664.5,2551.9,2550.5,2550.7,2890.3,2889.3,2890.5,27.379999,27.190001,going to home base
2024-04-13T01:28:09Z,2370.1,2369.2,2369.2,2612.6,2612.6,2612.5,5657.0,5657.3,5657.0,2330.9,2330.7,2330.9,3487.4,3487.3,3486.5,4392.3,4392.6,4392.6,6109.2,6109.1,6111.9,8593.7,8593.7,8592.6,5198.8,5198.1,5199.1,7399.5,7397.3,7396.3,6095.3,6094.4,6095.2,1853.8,1852.4,1852.3,3664.1,3663.5,3664.6,2551.1,2550.6,2550.1,2890.4,2890.0,2890.6,27.379999,27.150000,going to home base
2024-04-13T01:28:14Z,2369.9,2369.1,2369.4,2612.8,2612.6,2613.1,5657.0,5656.8,5656.9,2330.7,2331.2,2331.2,3487.7,3487.2,3487.4,4392.7,4392.4,4392.5,6111.0,6111.1,6111.7,8592.3,8592.4,8593.1,5197.5,5196.1,5198.7,7398.2,7396.8,7397.1,6091.9,6092.6,6093.5,1853.6,1852.1,1852.0,3663.1,3663.0,3663.6,2552.2,2551.4,2551.6,2891.1,2890.4,2890.5,27.370001,27.129999,going to home base
2024-04-13T01:28:19Z,2369.6,2368.8,2368.7,2612.8,2612.4,2613.1,5657.3,5656.8,5657.3,2331.6,2331.3,2331.6,3487.6,3488.0,3487.6,4392.0,4391.8,4392.0,6110.8,6111.8,6111.6,8592.5,8592.9,8591.5,5198.2,5197.4,5198.8,7396.1,7394.7,7395.2,6094.0,6093.4,6093.0,1853.5,1851.9,1851.9,3663.7,3663.7,3664.1,2551.2,2551.2,2550.9,2889.8,2889.7,2889.5,27.370001,27.200001,going to home base
2024-04-13T01:28:24Z,2370.2,2369.5,2369.6,2612.1,2611.8,2612.6,5657.1,5656.7,5656.8,2332.1,2331.7,2332.3,3487.9,3487.7,3487.7,4391.6,4390.9,4391.2,6109.8,6109.2,6110.7,8594.1,8592.3,8594.9,5199.0,5198.9,5200.0,7397.6,7396.9,7396.9,6091.9,6090.2,6090.8,1853.2,1851.6,1851.9,3663.7,3663.9,3664.5,2551.9,2551.3,2551.3,2889.5,2889.1,2889.6,27.370001,27.160000,going to home base
2024-04-13T01:28:29Z,2370.1,2369.5,2369.7,2612.3,2612.4,2612.8,5657.3,5656.4,5656.4,2331.5,2331.7,2332.6,3488.0,3487.7,3487.3,4391.6,4391.5,4391.5,6109.4,6109.5,6110.5,8594.3,8594.7,8596.0,5200.2,5198.4,5199.7,7394.9,7394.1,7395.2,6089.6,6090.4,6092.9,1853.1,1852.1,1852.0,3663.6,3663.4,3664.4,2551.5,2550.7,2550.6,2891.8,2891.1,2891.3,27.370001,27.129999,going to home base
2024-04-13T01:28:34Z,2369.6,2369.0,2369.4,2613.0,2612.4,2612.3,5657.4,5656.5,5656.9,2332.0,2331.8,2332.8,3487.7,3487.6,3487.3,4392.0,4391.5,4391.6,6110.2,6108.3,6108.7,8596.6,8596.0,8596.2,5200.4,5198.5,5199.9,7394.2,7391.6,7392.4,6093.4,6092.9,6092.1,1852.8,1851.4,1851.3,3663.5,3663.3,3664.4,2552.1,2551.2,2550.8,2890.8,2890.8,2890.9,27.370001,27.200001,going to home base
2024-04-13T01:28:39Z,2369.6,2368.6,2368.8,2612.9,2612.4,2613.4,5657.4,5657.3,5657.3,2330.8,2330.7,2331.5,3487.9,3486.9,3487.0,4391.3,4391.5,4391.2,6109.7,6108.5,6109.8,8597.0,8596.9,8599.8,5200.8,5199.3,5200.1,7395.9,7394.5,7394.7,6094.3,6093.8,6094.0,1852.9,1851.4,1851.4,3663.4,3663.7,3664.6,2552.1,2551.5,2551.5,2890.0,2889.2,2889.4,27.379999,27.190001,going to home base
2024-04-13T01:28:44Z,2370.1,2369.3,2369.5,2612.8,2612.1,2613.0,5656.5,5656.3,5656.7,2331.6,2331.6,2332.0,3487.3,3487.0,3487.1,4391.6,4391.6,4391.9,6112.4,6111.2,6110.7,8592.9,8593.8,8592.4,5200.3,5200.5,5200.9,7395.1,7393.0,7392.9,6091.1,6091.0,6090.9,1853.3,1851.9,1851.3,3663.8,3663.9,3664.6,2551.8,2551.6,2551.5,2887.9,2888.0,2887.4,27.370001,27.139999,going to home base
2024-04-13T01:28:49Z,2368.6,2367.8,2367.9,2612.3,2612.0,2612.7,5656.6,5656.7,5656.7,2331.9,2331.2,2332.5,3487.2,3487.0,3486.9,4391.1,4390.6,4391.0,6111.8,6110.6,6111.2,8593.4,8592.4,8593.6,5196.5,5197.6,5198.2,7395.4,7396.4,7393.8,6090.8,6091.7,6092.1,1852.9,1851.1,1851.2,3663.3,3663.2,3664.4,2550.8,2550.3,2550.4,2889.2,2888.4,2889.6,27.379999,27.170000,going to home base
2024-04-13T01:28:54Z,2369.4,2369.0,2369.4,2612.1,2612.1,2611.8,5656.6,5656.3,5656.4,2332.3,2332.1,2332.2,3486.6,3486.3,3486.0,4391.5,4391.2,4391.2,6110.2,6110.5,6111.5,8591.3,8592.7,8590.5,5197.9,5197.0,5198.6,7394.9,7393.1,7393.7,6091.8,6092.8,6091.0,1853.0,1851.4,1851.3,3662.6,3662.6,3663.4,2551.2,2550.3,2550.5,2889.1,2888.3,2889.1,27.370001,27.110001,going to home base
2024-04-13T01:28:59Z,2369.9,2369.0,2369.3,2612.3,2611.7,2612.2,5656.8,5656.2,5656.4,2331.3,2331.1,2332.0,3487.7,3487.6,3487.4,4390.8,4390.9,4390.7,6110.2,6109.9,6112.3,8593.0,8594.3,8593.1,5198.6,5199.0,5199.3,7393.9,7392.7,7393.2,6090.3,6090.0,6091.1,1852.6,1851.3,1851.4,3662.8,3662.5,3663.9,2550.9,2550.0,2550.2,2890.4,2889.5,2889.2,27.350000,27.170000,going to home base
2024-04-13T01:29:04Z,2369.7,2369.2,2369.5,2611.4,2611.6,2611.8,5656.1,5656.1,5655.7,2331.8,2331.7,2332.1,3487.3,3487.1,3487.4,4391.3,4390.6,4391.0,6110.3,6110.2,6110.7,8594.9,8591.3,8591.5,5198.8,5197.7,5198.6,7394.2,7392.3,7393.3,6089.7,6090.2,6092.8,1853.1,1852.0,1851.9,3662.6,3662.7,3663.8,2551.1,2550.4,2550.6,2890.6,2890.1,2890.0,27.379999,27.120001,going to home base
2024-04-13T01:29:09Z,2368.8,2368.0,2368.1,2611.7,2611.4,2611.9,5656.7,5656.3,5656.4,2331.2,2331.7,2332.5,3487.1,3487.6,3487.1,4391.0,4390.7,4390.8,6112.3,6111.7,6111.8,8593.3,8591.9,8594.8,5198.0,5196.9,5197.6,7390.5,7390.9,7390.0,6091.8,6090.9,6093.0,1853.5,1852.2,1851.7,3662.6,3663.2,3663.5,2550.5,2550.0,2549.6,2890.3,2889.8,2890.1,27.370001,27.120001,going to home base
2024-04-13T01:29:14Z,2370.3,2369.6,2370.1,2612.3,2612.2,2611.8,5656.2,5656.0,5656.0,2331.4,2331.3,2331.5,3486.9,3486.2,3486.2,4391.1,4391.0,4391.0,6109.5,6108.9,6108.5,8595.0,8594.3,8595.5,5196.8,5196.2,5198.1,7393.7,7392.4,7390.9,6089.3,6088.5,6090.2,1853.1,1851.7,1851.5,3662.9,3662.6,3663.3,2550.2,2550.1,2550.2,2889.4,2889.1,2889.7,27.350000,27.090000,going to home base
2024-04-13T01:29:19Z,2370.1,2369.5,2369.8,2612.1,2612.3,2612.3,5656.3,5656.0,5655.9,2330.6,2330.6,2331.2,3487.5,3487.0,3486.5,4391.0,4391.0,4390.6,6111.1,6110.4,6110.4,8595.3,8592.1,8592.5,5197.7,5197.1,5200.5,7392.7,7391.4,7390.1,6090.8,6089.7,6091.5,1853.5,1852.1,1851.9,3663.5,3663.6,3664.4,2550.5,2549.9,2549.5,2889.2,2890.0,2889.3,27.370001,27.129999,going to home base
2024-04-13T01:29:24Z,2369.7,2369.5,2369.6,2611.2,2612.2,2612.1,5656.9,5656.4,5656.5,2331.7,2332.3,2332.5,3487.7,3487.2,3486.8,4391.2,4390.9,4390.0,6110.2,6110.4,6110.2,8593.5,8595.2,8593.5,5196.2,5195.7,5196.1,7397.6,7395.6,7396.3,6093.0,6092.4,6093.2,1853.2,1851.7,1851.5,3662.3,3662.0,3663.1,2550.4,2549.5,2550.0,2889.7,2889.4,2889.4,27.389999,27.170000,going to home base
2024-04-13T01:29:29Z,2369.6,2369.2,2369.5,2613.0,2612.8,2612.6,5656.6,5655.7,5655.7,2330.8,2331.6,2331.8,3487.4,3487.7,3487.1,4390.5,4390.2,4390.6,6111.1,6109.7,6110.9,8591.9,8592.9,8590.8,5196.4,5197.0,5199.3,7394.0,7392.2,7391.9,6087.1,6092.0,6092.4,1852.2,1851.0,1851.2,3662.7,3663.0,3663.8,2550.7,2549.6,2549.8,2889.1,2888.6,2888.7,27.370001,27.120001,going to home base
2024-04-13T01:29:34Z,2369.5,2369.4,2369.7,2612.4,2612.0,2612.8,5656.3,5655.9,5655.7,2331.3,2331.0,2331.7,3487.7,3487.5,3487.6,4390.2,4390.2,4390.6,6108.1,6108.6,6109.6,8591.0,8590.2,8591.0,5198.0,5196.6,5197.9,7394.5,7394.1,7394.6,6090.6,6091.2,6090.6,1852.6,1851.4,1851.2,3662.7,3663.2,3663.6,2550.5,2549.8,2550.0,2888.7,2888.7,2888.6,27.340000,27.129999,going to home base
2024-04-13T01:29:39Z,2369.9,2369.1,2369.6,2612.0,2612.3,2613.0,5656.2,5655.9,5656.1,2331.4,2331.4,2331.5,3487.5,3487.6,3487.2,4390.4,4390.1,4390.3,6107.6,6107.6,6108.0,8590.4,8592.7,8589.5,5196.4,5196.2,5197.5,7394.1,7393.6,7393.7,6092.3,6091.6,6092.4,1852.8,1851.2,1851.1,3661.8,3661.9,3662.4,2550.5,2549.6,2550.2,2889.2,2888.3,2890.0,27.370001,27.120001,going to home base
2024-04-13T01:29:44Z,2369.4,2369.1,2369.5,2612.8,2612.1,2612.3,5656.2,5655.8,5656.0,2331.2,2331.5,2331.8,3486.5,3486.8,3486.3,4390.0,4389.6,4389.9,6109.7,6109.0,6109.7,8591.0,8592.2,8592.2,5196.2,5196.3,5196.6,7393.2,7391.0,7391.8,6092.7,6094.1,6093.9,1852.8,1851.6,1851.3,3662.6,3662.4,3663.7,2550.2,2549.9,2550.0,2889.8,2888.6,2890.0,27.350000,27.120001,going to home base
2024-04-13T01:29:49Z,2370.2,2369.6,2370.0,2611.8,2611.2,2612.0,5656.2,5655.9,5655.7,2331.4,2331.6,2331.7,3486.7,3485.8,3486.5,4390.4,4390.8,4390.9,6110.6,6109.2,6109.3,8591.5,8592.0,8591.6,5195.8,5196.6,5196.5,7393.6,7392.7,7394.3,6094.0,6092.9,6093.3,1853.1,1851.6,1851.8,3662.9,3663.1,3663.5,2550.5,2550.3,2549.3,2890.2,2889.7,2890.2,27.370001,27.139999,going to home base
2024-04-13T01:29:54Z,2370.1,2369.3,2369.7,2611.9,2611.9,2611.8,5656.6,5655.9,5656.0,2331.6,2331.8,2332.3,3486.7,3486.2,3486.8,4390.8,4390.1,4390.1,6109.1,6109.9,6110.3,8592.9,8594.6,8593.7,5196.7,5196.6,5198.7,7391.0,7391.5,7391.6,6089.7,6090.9,6091.9,1852.2,1851.3,1851.5,3661.9,3661.6,3662.6,2550.3,2549.3,2549.6,2889.7,2888.9,2889.7,27.350000,27.150000,going to home base
2024-04-13T01:29:59Z,2370.2,2369.6,2369.9,2611.7,2611.9,2611.9,5655.9,5655.6,5655.3,2330.9,2331.1,2331.2,3487.0,3486.4,3487.0,4390.4,4390.2,4390.5,6108.8,6110.4,6111.0,8593.5,8591.5,8590.4,5196.7,5196.8,5197.0,7394.2,7392.4,7393.4,6092.7,6091.6,6090.7,1852.6,1851.2,1851.0,3662.4,3661.7,3662.9,2549.7,2548.9,2549.4,2889.2,2889.6,2889.3,27.370001,27.170000,going to home base
2024-04-13T01:30:04Z,2369.7,2369.0,2369.3,2611.9,2611.8,2612.2,5656.4,5656.1,5656.7,2331.7,2331.7,2332.1,3486.7,3486.2,3486.0,4390.1,4389.9,4390.3,6109.1,6110.1,6108.6,8592.5,8592.3,8591.5,5196.8,5195.4,5196.3,7394.0,7393.5,7393.9,6094.4,6092.4,6093.6,1852.9,1851.2,1851.3,3662.8,3663.0,3664.1,2550.9,2549.7,2549.5,2889.7,2888.7,2889.2,27.370001,27.170000,going to home base
2024-04-13T01:30:09Z,2369.3,2368.2,2368.6,2612.0,2611.7,2612.3,5656.5,5655.6,5655.6,2331.3,2331.0,2331.4,3486.8,3486.7,3487.1,4390.0,4389.8,4389.6,6108.6,6109.5,6110.9,8589.9,8591.5,8591.2,5197.7,5197.4,5198.8,7394.2,7393.2,7393.2,6092.3,6092.6,6091.7,1853.1,1851.7,1851.7,3663.3,3662.9,3664.1,2550.3,2549.7,2549.5,2890.0,2889.0,2889.6,27.350000,27.219999,going to home base
2024-04-13T01:30:14Z,2369.0,2368.5,2368.4,2611.7,2612.0,2612.6,5655.4,5655.1,5655.2,2331.0,2330.9,2331.6,3486.8,3486.2,3485.6,4390.2,4389.9,4390.1,6110.8,6109.5,6108.6,8590.3,8590.6,8593.4,5197.1,5197.1,5197.3,7394.6,7395.6,7394.3,6092.2,6091.1,6093.4,1852.7,1851.4,1851.4,3662.9,3663.1,3663.3,2550.3,2549.4,2549.7,2889.2,2889.6,2889.7,27.350000,27.139999,going to home base
2024-04-13T01:30:19Z,2368.5,2368.0,2368.3,2611.6,2611.6,2612.0,5655.3,5654.9,5654.7,2331.2,2331.3,2331.5,3486.9,3486.4,3486.4,4389.6,4389.6,4389.5,6110.1,6109.9,6110.1,8593.2,8594.2,8592.0,5197.5,5196.3,5197.1,7394.1,7394.5,7394.8,6092.8,6092.7,6093.8,1852.4,1851.5,1851.3,3662.4,3662.4,3662.8,2550.7,2549.8,2549.7,2890.2,2890.3,2889.5,27.370001,27.170000,going to home base
2024-04-13T01:30:29Z,2369.0,2368.4,2368.4,2611.6,2611.2,2611.4,start,26729.2,26725.9,2368.7,2368.2,2368.8,2331.5,2331.7,3739.9,3739.6,87926.5,87945.1,14182.8,14181.2,14172.7,4390.1,4390.1,6109.8,6108.9,6108.6,16505.6,16506.5,33898.2,33895.5,8591.7,8590.6,8590.7,7391.4,7391.0,6094.1,6092.3,6092.7,43744.4,43730.5,3702.7,3703.3,1853.2,1851.8,1851.7,3664.2,2550.5,going to home base
2024-04-13T01:30:39Z,2368.0,2367.2,2367.6,2611.7,2611.5,2611.8,5655.9,5655.0,5655.3,2331.8,2331.5,2331.6,3486.8,3486.5,3486.4,4389.8,4389.5,4390.3,6108.3,6109.4,6109.3,8591.9,8591.7,8592.1,5196.0,5196.6,5196.8,7393.8,7393.3,7394.3,6091.0,6089.6,6090.1,1852.9,1851.6,1851.8,3662.8,3662.9,3663.5,2550.8,2550.1,2550.4,2889.0,2888.2,2889.2,27.370001,27.250000,going to home base
2024-04-13T01:30:44Z,2368.7,2367.8,2368.3,2611.1,2611.6,2612.4,5655.2,5654.5,5655.0,2330.9,2330.9,2331.7,3485.9,3485.6,3485.5,4389.6,4389.2,4389.8,6109.3,6109.0,6110.3,8592.7,8592.7,8590.7,5195.6,5196.3,5196.8,7396.5,7396.3,7396.4,6089.3,6088.9,6089.3,1852.7,1850.9,1850.7,3661.8,3662.0,3663.8,2551.2,2550.1,2549.6,2890.3,2889.6,2889.8,27.350000,27.200001,going to home base
2024-04-13T01:30:49Z,2368.7,2367.8,2368.5,2611.5,2611.5,2611.7,5655.6,5654.9,5654.9,2330.8,2331.4,2331.9,3486.7,3486.2,3486.5,4389.5,4389.4,4389.7,6109.1,6109.1,6109.6,8592.7,8590.7,8591.6,5196.0,5195.8,5196.6,7394.0,7393.9,7393.9,6089.3,6091.2,6091.0,1852.9,1851.9,1851.4,3661.9,3661.6,3662.7,2550.1,2549.6,2549.5,2890.6,2890.2,2890.7,27.370001,27.170000,going to home base
2024-04-13T01:30:54Z,2369.0,2368.2,2368.6,2611.6,2612.0,2611.8,5655.3,5655.0,5655.2,2330.5,2330.2,2330.9,3487.2,3486.2,3486.8,4389.8,4389.6,4389.6,6109.1,6108.3,6108.6,8589.7,8589.5,8589.9,5197.2,5197.2,5197.6,7392.7,7390.3,7390.9,6088.6,6089.1,6091.4,1852.8,1851.2,1851.4,3662.2,3662.1,3663.0,2550.9,2549.6,2549.8,2889.5,2889.5,2889.6,27.350000,27.230000,going to home base
2024-04-13T01:30:59Z,2369.3,2368.3,2368.1,2611.9,2611.6,2611.8,5655.5,5654.8,5655.2,2329.7,2329.9,2330.0,3487.2,3486.6,3486.7,4389.6,4389.5,4389.5,6109.9,6108.5,6108.3,8594.9,8591.8,8591.3,5198.7,5197.6,5198.9,7393.9,7393.8,7393.4,6088.7,6086.8,6089.0,1853.1,1851.7,1851.7,3662.6,3662.9,3663.7,2550.2,2549.7,2549.8,2889.7,2888.4,2889.0,27.350000,27.209999,going to home base
2024-04-13T01:31:04Z,2368.9,2368.5,2368.7,2611.1,2611.4,2611.9,5654.9,5654.7,5655.1,2330.4,2330.8,2331.5,3487.2,3486.6,3486.9,4390.2,4390.2,4389.7,6111.0,6111.3,6111.3,8590.4,8589.5,8589.1,5196.1,5195.9,5196.3,7395.3,7394.2,7394.8,6089.7,6090.0,6089.2,1853.1,1851.5,1851.3,3662.9,3663.3,3664.4,2550.2,2549.4,2550.0,2889.9,2889.3,2889.7,27.350000,27.160000,going to home base
2024-04-13T01:31:09Z,2368.9,2367.8,2368.5,2612.0,2611.5,2611.8,5655.6,5655.0,5654.5,2330.3,2331.0,2331.0,3487.4,3486.8,3487.1,4389.6,4389.5,4389.8,6110.3,6109.9,6111.1,8590.9,8591.1,8593.6,5196.5,5196.0,5197.5,7396.2,7394.9,7393.2,6089.4,6090.7,6092.9,1853.2,1851.3,1851.2,3662.6,3663.1,3663.9,2550.6,2549.7,2549.4,2890.4,2889.7,2890.4,27.370001,27.190001,going to home base
2024-04-13T01:31:14Z,2368.1,2367.4,2368.0,2610.9,2611.2,2611.6,5655.4,5655.1,5655.3,2331.5,2331.9,2331.9,3486.1,3485.7,3485.8,4389.1,4389.3,4389.1,6106.6,6106.2,6107.5,8592.3,8593.2,8591.4,5196.5,5195.5,5195.8,7394.0,7393.6,7394.8,6090.1,6089.7,6090.6,1852.7,1851.4,1851.2,3662.7,3662.4,3663.2,2550.5,2549.2,2550.0,2890.5,2890.1,2889.5,27.340000,27.100000,going to home base
2024-04-13T01:31:19Z,2368.6,2368.1,2368.5,2611.3,2611.6,2611.7,5655.8,5654.8,5654.9,2331.7,2331.6,2332.3,3487.3,3487.1,3487.1,4389.0,4389.3,4389.3,6107.6,6108.2,6106.9,8590.1,8589.9,8589.4,5194.4,5194.4,5194.7,7396.4,7394.3,7394.6,6092.1,6090.3,6090.9,1852.1,1851.1,1851.2,3662.7,3662.7,3663.5,2549.7,2549.1,2549.5,2890.3,2890.6,2890.8,27.370001,27.200001,going to home base
2024-04-13T01:31:24Z,2368.7,2367.6,2368.0,2611.2,2611.2,2612.2,5655.1,5654.5,5654.6,2331.8,2331.7,2331.7,3485.7,3485.6,3485.3,4389.4,4389.2,4389.2,6108.3,6107.2,6107.9,8590.8,8590.5,8589.5,5195.5,5195.3,5196.9,7397.0,7393.7,7393.2,6090.5,6088.0,6089.2,1852.5,1851.1,1851.2,3662.2,3662.3,3663.0,2550.3,2549.7,2549.8,2890.4,2889.3,2889.5,27.340000,27.240000,going to home base
2024-04-13T01:31:29Z,2368.1,2367.4,2367.8,2611.2,2611.5,2612.0,5655.1,5654.9,5654.9,2331.3,2331.1,2331.3,3486.0,3485.2,3485.6,4388.7,4389.1,4388.7,6102.3,6103.7,6102.1,8590.7,8591.5,8592.2,5196.5,5197.0,5197.1,7394.2,7394.4,7392.0,6090.8,6089.1,6090.5,1852.3,1850.9,1850.5,3662.9,3663.0,3663.3,2550.1,2549.8,2549.5,2889.9,2889.9,2890.2,27.350000,27.200001,going to home base
2024-04-13T01:31:34Z,2368.1,2367.3,2367.3,2611.7,2612.1,2611.8,5655.5,5654.8,5655.3,2331.0,2330.8,2331.2,3486.4,3486.0,3485.9,4389.2,4389.1,4389.1,6108.3,6106.6,6108.3,8591.1,8590.4,8589.4,5196.5,5197.0,5197.5,7393.7,7393.2,7393.3,6090.9,6090.7,6090.9,1852.7,1851.5,1850.8,3662.6,3662.6,3663.7,2550.2,2550.0,2549.9,2890.4,2889.4,2888.6,27.370001,27.240000,going to home base
2024-04-13T01:31:39Z,2368.7,2368.0,2368.1,2610.9,2611.2,2611.4,5655.2,5654.9,5654.8,2330.6,2331.1,2331.3,3486.1,3486.4,3486.4,4389.3,4389.3,4389.5,6107.1,6106.1,6106.6,8591.3,8594.4,8591.4,5194.8,5194.3,5194.9,7393.9,7393.0,7391.4,6090.8,6090.1,6090.4,1852.1,1850.8,1850.9,3662.5,3661.8,3663.3,2550.2,2549.1,2549.5,2889.7,2889.4,2889.3,27.370001,27.270000,going to home base
2024-04-13T01:31:44Z,2368.9,2367.9,2368.3,2611.0,2610.7,2611.8,5655.0,5654.9,5654.9,2330.3,2330.9,2331.2,3486.2,3486.1,3486.0,4389.3,4389.5,4389.1,6106.6,6104.3,6104.4,8591.9,8592.6,8592.0,5192.9,5192.5,5193.8,7396.2,7395.7,7395.3,6088.8,6089.5,6090.5,1852.4,1851.2,1850.6,3662.6,3662.6,3663.4,2550.0,2549.2,2549.3,2889.4,2889.2,2889.3,27.379999,27.230000,going to home base
2024-04-13T01:31:49Z,2369.3,2368.6,2368.9,2611.9,2611.7,2611.5,5654.9,5654.5,5654.7,2330.6,2330.7,2331.0,3485.6,3486.1,3486.4,4389.2,4388.7,4389.3,6104.9,6106.8,6108.0,8595.2,8591.2,8592.2,5195.8,5195.8,5196.2,7394.4,7393.2,7396.2,6088.0,6087.0,6086.9,1852.5,1851.2,1850.8,3662.4,3662.1,3663.2,2550.1,2549.2,2549.2,2889.1,2889.5,2889.8,27.350000,27.209999,going to home base
2024-04-13T01:31:54Z,2368.0,2368.0,2368.2,2611.3,2611.1,2611.5,5655.0,5654.7,5654.9,2330.6,2330.7,2331.1,3486.6,3486.3,3486.3,4389.6,4389.5,4389.8,6106.5,6106.0,6107.1,8592.7,8595.4,8593.1,5196.0,5195.6,5196.5,7398.0,7396.7,7395.0,6088.1,6088.1,6088.1,1852.8,1851.5,1851.5,3662.6,3662.6,3663.6,2549.8,2549.5,2549.5,2889.1,2887.9,2888.5,27.350000,27.209999,going to home base
2024-04-13T01:31:59Z,2368.7,2368.3,2368.2,2610.9,2610.4,2610.8,5655.3,5655.2,5655.2,2331.2,2331.3,2331.8,3487.0,3486.5,3486.2,4389.2,4388.8,4389.3,6106.2,6105.7,6107.7,8594.0,8593.3,8591.5,5196.1,5196.8,5196.3,7397.8,7396.9,7397.1,6087.2,6086.7,6086.8,1852.9,1851.8,1851.6,3662.6,3662.3,3664.1,2549.1,2548.5,2548.9,2890.5,2889.6,2890.2,27.340000,27.190001,going to home base
2024-04-13T01:32:04Z,2368.0,2367.4,2367.5,2610.4,2610.5,2610.6,5655.7,5654.7,5654.6,2331.5,2331.3,2331.4,3486.9,3486.7,3486.3,4389.1,4389.1,4389.0,6105.6,6103.1,6103.8,8592.8,8592.2,8593.5,5195.2,5195.8,5196.2,7396.1,7394.7,7396.1,6087.6,6087.8,6088.4,1852.4,1850.9,1850.9,3662.9,3662.9,3663.5,2550.3,2549.7,2549.7,2889.4,2889.3,2889.8,27.350000,27.139999,going to home base
2024-04-13T01:32:09Z,2368.3,2367.8,2368.2,2611.2,2610.8,2611.6,5654.8,5654.2,5654.3,2330.6,2330.4,2330.9,3486.1,3485.7,3485.6,4389.3,4388.9,4388.8,6106.4,6107.3,6107.6,8591.1,8590.7,8590.9,5195.2,5194.6,5196.9,7394.9,7394.6,7394.1,6088.1,6087.5,6088.0,1852.8,1851.4,1851.4,3662.8,3663.0,3663.4,2550.1,2549.2,2549.3,2890.3,2888.9,2890.5,27.350000,27.160000,going to home base
2024-04-13T01:32:14Z,2368.0,2367.6,2368.0,2611.0,2611.3,2611.4,5654.7,5654.6,5654.6,2330.6,2331.1,2331.5,3486.2,3485.5,3485.9,4389.5,4389.0,4389.2,6106.5,6106.2,6106.1,8594.3,8593.2,8594.6,5194.0,5193.9,5194.3,7395.7,7394.2,7394.6,6089.9,6089.4,6090.3,1852.5,1851.0,1851.0,3662.2,3661.6,3663.0,2549.5,2548.4,2549.2,2889.4,2888.3,2889.5,27.320000,27.110001,going to home base
2024-04-13T01:32:19Z,2368.2,2367.1,2367.5,2610.2,2610.4,2610.3,5654.6,5654.0,5654.4,2331.0,2331.0,2330.8,3485.2,3484.7,3484.4,4388.9,4389.2,4388.9,6104.0,6105.6,6104.4,8592.1,8592.1,8593.8,5198.4,5197.2,5198.3,7396.2,7394.6,7392.5,6090.0,6089.2,6090.2,1852.5,1851.0,1850.2,3662.1,3662.6,3663.0,2550.0,2548.8,2549.1,2889.2,2889.1,2888.8,27.370001,27.120001,going to home base
2024-04-13T01:32:24Z,2367.8,2367.3,2367.5,2610.4,2610.8,2611.1,5653.8,5654.0,5653.8,2330.9,2331.2,2331.3,3485.1,3485.5,3485.3,4388.1,4388.2,4387.9,6105.9,6106.7,6106.4,8594.6,8591.8,8593.4,5196.6,5196.8,5196.5,7395.7,7394.5,7394.5,6088.2,6086.1,6086.7,1852.8,1851.7,1851.4,3662.7,3662.6,3663.5,2549.4,2549.1,2548.8,2888.6,2887.7,2888.4,27.340000,27.059999,going to home base
2024-04-13T01:32:29Z,2368.4,2367.5,2367.4,2610.9,2610.6,2610.9,5653.5,5653.8,5654.3,2331.2,2331.2,2331.6,3485.8,3485.8,3485.2,4387.8,4387.8,4387.9,6106.0,6107.1,6107.0,8590.7,8591.4,8591.8,5196.5,5194.8,5196.9,7395.3,7394.6,7393.6,6089.7,6088.6,6088.8,1853.0,1851.4,1851.3,3662.7,3662.3,3663.3,2549.8,2548.6,2548.7,2889.1,2888.6,2888.4,27.370001,27.080000,going to home base
2024-04-13T01:32:34Z,2368.5,2367.8,2367.9,2611.3,2611.0,2611.4,5655.4,5655.2,5654.8,2330.7,2330.7,2330.9,3485.3,3485.8,3485.0,4389.5,4388.6,4388.7,6105.6,6107.0,6107.3,8591.2,8590.9,8590.1,5195.9,5196.2,5195.9,7393.7,7393.3,7393.4,6086.6,6088.4,6088.0,1852.8,1851.0,1851.2,3662.4,3662.8,3663.6,2550.3,2549.4,2549.4,2890.0,2889.1,2889.3,27.350000,27.129999,going to home base
2024-04-13T01:32:39Z,2368.1,2367.6,2367.5,2611.3,2610.9,2611.3,5654.3,5653.9,5654.4,2330.3,2330.4,2330.9,3486.2,3485.3,3485.7,4388.2,4388.3,4388.1,6106.1,6106.4,6106.1,8594.8,8593.6,8593.0,5197.1,5197.0,5197.1,7393.8,7392.2,7393.1,6087.7,6088.1,6089.2,1852.8,1851.6,1851.4,3661.9,3662.4,3663.3,2550.2,2549.5,2549.7,2888.9,2887.7,2888.7,27.320000,27.110001,going to home base
2024-04-13T01:32:44Z,2367.8,2367.2,2367.0,2611.5,2611.3,2611.6,5655.1,5654.4,5654.5,2329.7,2329.9,2331.0,3485.5,3484.8,3484.8,4387.6,4388.1,4388.4,6103.6,6103.6,6103.9,8590.1,8589.2,8589.1,5196.0,5196.0,5196.9,7390.9,7391.6,7391.1,6086.9,6087.7,6086.4,1852.6,1851.1,1851.1,3661.7,3661.5,3662.4,2549.9,2549.2,2549.1,2889.5,2888.7,2889.0,27.350000,27.100000,going to home base
2024-04-13T01:32:49Z,2368.2,2367.2,2368.0,2610.9,2611.2,2611.3,5654.8,5654.5,5654.2,2330.3,2330.8,2330.9,3485.8,3485.4,3485.9,4388.1,4387.6,4387.8,6105.9,6106.3,6105.9,8591.9,8589.0,8590.0,5196.2,5195.0,5196.7,7390.8,7390.5,7391.7,6088.0,6086.3,6086.4,1852.6,1851.6,1851.3,3661.9,3662.3,3663.1,2550.3,2549.3,2549.1,2889.9,2889.4,2890.7,27.340000,27.100000,going to home base
2024-04-13T01:32:54Z,2368.4,2367.9,2367.9,2611.4,2611.5,2611.7,5654.8,5653.9,5653.6,2331.0,2330.8,2331.0,3486.0,3485.6,3485.6,4387.9,4387.8,4387.6,6105.0,6104.9,6104.4,8588.4,8589.3,8590.3,5193.2,5193.8,5194.8,7395.7,7395.5,7394.3,6087.0,6087.7,6086.7,1853.0,1851.4,1851.0,3661.0,3661.0,3661.4,2548.8,2547.9,2548.2,2889.0,2889.5,2889.4,27.350000,27.110001,going to home base
2024-04-13T01:32:59Z,2367.9,2367.1,2367.5,2610.8,2610.5,2611.4,5655.0,5654.2,5654.6,2330.6,2330.8,2330.6,3486.2,3486.1,3485.5,4387.8,4387.6,4387.2,6109.3,6108.3,6108.1,8590.8,8588.9,8589.9,5191.9,5192.4,5192.6,7392.5,7392.8,7392.0,6088.6,6088.7,6089.9,1852.4,1850.7,1850.7,3660.8,3660.8,3661.3,2550.2,2549.3,2549.4,2888.2,2887.7,2888.3,27.340000,27.080000,going to home base
2024-04-13T01:33:04Z,2368.0,2367.5,2367.6,2610.6,2610.0,2610.8,5654.2,5653.9,5653.9,2329.9,2330.1,2330.4,3485.2,3485.0,3484.7,4387.6,4387.6,4387.3,6107.2,6106.8,6107.6,8587.6,8587.2,8589.2,5193.2,5192.3,5193.2,7392.0,7392.1,7391.3,6088.1,6089.3,6089.0,1852.4,1851.1,1851.1,3660.7,3660.8,3661.9,2548.9,2548.3,2548.6,2889.2,2888.5,2888.6,27.309999,27.180000,going to home base
2024-04-13T01:33:09Z,2367.8,2367.2,2367.1,2611.8,2611.5,2611.9,5654.0,5653.9,5653.8,2330.4,2330.4,2330.6,3486.3,3486.0,3486.0,4387.3,4387.0,4387.1,6104.8,6105.3,6105.8,8585.9,8584.8,8592.5,5191.8,5192.7,5193.6,7393.1,7392.6,7391.8,6088.1,6088.4,6088.2,1852.4,1851.0,1851.0,3661.5,3661.3,3662.3,2549.2,2548.5,2548.6,2888.5,2888.8,2888.3,27.340000,27.170000,going to home base
2024-04-13T01:33:14Z,2367.8,2367.2,2367.4,2610.8,2610.9,2611.6,5654.0,5653.4,5653.7,2330.8,2330.1,2330.9,3485.5,3485.3,3485.2,4387.4,4387.5,4387.7,6104.0,6103.8,6103.6,8589.3,8589.2,8589.7,5191.5,5191.1,5191.7,7393.5,7393.8,7392.4,6087.0,6086.9,6087.4,1852.5,1851.0,1851.1,3660.9,3661.1,3661.8,2549.8,2548.7,2548.5,2888.8,2887.9,2887.4,27.350000,27.100000,going to home base
2024-04-13T01:33:19Z,2368.2,2367.5,2367.6,2610.8,2610.5,2610.8,5653.7,5654.1,5654.4,2330.4,2330.2,2330.4,3486.5,3485.9,3485.4,4388.1,4387.7,4387.8,6102.4,6101.6,6103.0,8589.2,8589.7,8588.5,5191.1,5191.6,5192.1,7393.2,7392.0,7392.6,6088.8,6088.3,6090.8,1852.6,1851.4,1851.3,3660.6,3661.2,3661.7,2549.1,2548.8,2548.7,2890.2,2889.8,2890.1,27.350000,27.139999,going to home base
2024-04-13T01:33:24Z,2367.6,2367.1,2367.1,2610.7,2610.1,2610.7,5653.7,5653.2,5653.8,2330.5,2330.7,2330.5,3485.4,3485.7,3485.6,4387.5,4387.4,4387.8,6101.5,6102.6,6103.6,8592.9,8589.8,8590.3,5195.2,5193.7,5195.5,7393.3,7391.9,7390.7,6089.4,6089.4,6088.4,1852.5,1850.8,1850.9,3661.3,3660.8,3661.9,2549.1,2548.4,2548.7,2889.5,2889.2,2889.3,27.340000,27.059999,going to home base
2024-04-13T01:33:29Z,2368.2,2367.3,2367.6,2610.6,2610.4,2611.1,5653.5,5653.4,5653.8,2330.5,2330.6,2330.9,3485.5,3485.1,3484.9,4387.7,4387.2,4387.7,6106.4,6105.3,6103.6,8587.2,8584.9,8588.4,5193.1,5194.0,5193.7,7392.9,7392.1,7392.8,6086.4,6086.0,6087.4,1852.2,1850.9,1850.8,3661.4,3661.0,3662.0,2549.2,2548.6,2548.8,2888.6,2888.7,2889.0,27.340000,27.170000,going to home base
2024-04-13T01:33:34Z,2367.6,2367.0,2367.0,2611.1,2611.0,2611.0,5654.5,5654.0,5653.8,2330.2,2330.3,2330.8,3485.4,3485.5,3485.0,4387.5,4386.8,4387.3,6105.4,6103.6,6105.4,8589.6,8587.2,8587.2,5194.4,5194.5,5196.0,7393.0,7392.5,7392.5,6087.4,6086.0,6086.4,1852.7,1850.5,1850.8,3660.7,3660.9,3661.8,2549.1,2548.4,2548.3,2888.8,2889.1,2888.9,27.350000,27.090000,going to home base
2024-04-13T01:33:39Z,2367.3,2366.6,2366.6,2609.9,2609.9,2609.8,5654.3,5653.8,5653.9,2329.5,2329.6,2330.2,3485.1,3485.5,3484.7,4386.9,4387.1,4387.1,6105.8,6105.1,6105.6,8587.7,8589.3,8588.3,5194.0,5192.9,5193.3,7392.2,7390.3,7390.7,6088.9,6088.1,6090.1,1853.1,1851.8,1851.7,3660.4,3659.7,3660.7,2549.2,2548.6,2548.7,2888.6,2887.3,2888.1,27.350000,27.080000,going to home base
2024-04-13T01:33:44Z,2367.5,2367.1,2367.1,2609.9,2609.8,2610.6,5653.3,5652.5,5652.7,2330.6,2330.3,2331.0,3486.0,3485.7,3485.4,4387.7,4387.6,4387.3,6102.5,6102.8,6103.3,8592.9,8594.7,8590.7,5194.3,5193.1,5193.7,7390.5,7390.4,7390.5,6087.3,6086.1,6087.1,1852.4,1850.9,1851.1,3660.7,3660.2,3661.0,2549.8,2548.3,2548.2,2890.2,2888.6,2889.4,27.350000,27.139999,going to home base
2024-04-13T01:33:49Z,2367.9,2367.0,2367.2,2610.5,2610.8,2611.3,5653.5,5653.0,5653.2,2331.0,2330.9,2331.4,3485.6,3484.6,3485.0,4387.5,4387.6,4387.0,6103.7,6103.2,6102.8,8589.1,8588.5,8589.3,5193.1,5193.1,5193.1,7391.4,7389.9,7390.2,6085.4,6086.1,6085.8,1852.1,1850.6,1850.5,3660.5,3660.3,3661.2,2548.7,2547.8,2548.7,2887.3,2887.5,2888.1,27.340000,27.160000,going to home base
2024-04-13T01:33:54Z,2367.8,2367.4,2367.1,2610.4,2609.8,2609.9,5653.2,5652.9,5653.4,2330.3,2330.2,2331.0,3485.4,3484.9,3485.5,4387.0,4386.8,4386.9,6102.3,6102.9,6103.6,8587.2,8588.4,8588.4,5192.6,5192.9,5194.1,7390.5,7390.4,7390.7,6084.5,6084.9,6085.2,1852.6,1851.5,1851.4,3660.3,3660.4,3661.3,2548.2,2547.7,2548.1,2888.2,2887.7,2888.1,27.340000,27.100000,going to home base
2024-04-13T01:33:59Z,2367.3,2366.6,2367.2,2610.0,2609.9,2610.0,5653.3,5653.3,5653.2,2330.2,2330.3,2330.4,3485.5,3485.9,3486.0,4387.1,4387.4,4386.8,6103.2,6101.7,6103.6,8585.5,8588.2,8589.0,5193.8,5193.6,5195.2,7390.8,7388.9,7388.7,6084.3,6084.6,6084.7,1852.1,1850.4,1851.0,3660.5,3660.5,3661.6,2549.2,2548.6,2548.3,2888.4,2888.4,2887.8,27.370001,27.120001,going to home base
2024-04-13T01:34:04Z,2367.3,2366.5,2366.8,2610.1,2609.8,2610.4,5653.0,5652.5,5653.1,2330.1,2329.9,2330.3,3486.1,3485.5,3486.1,4387.6,4387.2,4387.3,6106.2,6105.7,6104.4,8587.7,8588.8,8589.0,5191.8,5191.5,5192.0,7392.9,7391.6,7391.2,6085.6,6084.5,6084.1,1851.9,1850.2,1850.1,3660.1,3659.8,3660.5,2549.4,2548.4,2548.9,2887.8,2887.8,2887.4,27.350000,27.139999,going to home base
2024-04-13T01:34:09Z,2367.6,2367.0,2367.1,2610.2,2610.1,2610.1,5652.9,5652.0,5652.8,2330.7,2330.7,2331.0,3485.8,3484.3,3484.7,4387.0,4386.7,4386.7,6105.3,6104.7,6105.4,8589.1,8588.4,8589.1,5192.6,5193.8,5193.8,7392.3,7391.7,7390.5,6087.1,6084.9,6085.7,1852.1,1850.9,1850.9,3661.4,3661.3,3662.1,2548.7,2547.6,2548.0,2888.2,2887.0,2887.6,27.350000,27.049999,going to home base
2024-04-13T01:34:14Z,2367.9,2367.2,2367.4,2610.5,2609.8,2610.6,5654.3,5653.5,5653.3,2329.2,2329.1,2329.6,3485.5,3484.6,3485.0,4386.3,4386.6,4386.2,6104.4,6105.1,6106.4,8587.4,8588.0,8589.1,5192.3,5191.7,5193.4,7390.0,7388.7,7388.6,6087.1,6087.0,6087.2,1853.2,1850.8,1850.6,3660.2,3659.8,3661.5,2549.0,2547.8,2547.9,2887.8,2886.8,2887.0,27.370001,27.080000,going to home base
2024-04-13T01:34:19Z,2367.6,2366.9,2367.1,2610.0,2610.6,2610.8,5653.4,5653.1,5653.1,2329.7,2329.6,2330.5,3485.0,3485.1,3484.8,4386.7,4386.8,4386.8,6106.8,6104.6,6105.7,8592.3,8591.8,8593.9,5192.7,5193.9,5193.5,7393.3,7391.6,7391.6,6085.8,6085.8,6085.2,1852.1,1850.8,1850.4,3660.5,3660.7,3661.3,2549.2,2548.4,2548.1,2887.7,2888.0,2888.6,27.350000,27.090000,going to home base
2024-04-13T01:34:24Z,2367.1,2366.3,2366.4,2610.1,2610.0,2609.8,5652.7,5652.4,5652.9,2329.8,2329.7,2330.2,3486.0,3485.9,3485.9,4387.0,4386.0,4386.9,6103.7,6104.5,6104.4,8589.5,8588.3,8588.3,5193.1,5192.5,5193.9,7391.6,7390.9,7391.1,6085.4,6085.6,6085.0,1851.4,1850.6,1850.5,3660.4,3660.8,3661.8,2548.4,2547.7,2547.6,2888.1,2888.1,2888.4,27.340000,27.059999,going to home base
2024-04-13T01:34:29Z,2367.6,2366.7,2366.8,2610.4,2610.3,2610.8,5653.7,5653.1,5653.5,2330.2,2330.0,2330.4,3486.1,3485.1,3485.6,4386.3,4386.5,4386.7,6104.8,6104.9,6104.6,8588.4,8587.3,8591.8,5192.8,5191.8,5192.8,7389.6,7390.4,7390.7,6084.6,6084.9,6086.3,1851.5,1850.4,1850.5,3659.3,3659.8,3661.2,2548.3,2547.3,2547.0,2888.8,2887.4,2887.6,27.340000,27.020000,going to home base
2024-04-13T01:34:34Z,2367.4,2366.5,2366.9,2610.2,2610.4,2610.0,5653.2,5652.8,5652.3,2329.8,2330.3,2330.8,3485.2,3485.0,3484.3,4386.5,4385.8,4386.0,6104.1,6105.5,6105.3,8589.2,8591.0,8589.4,5191.3,5190.3,5191.7,7390.6,7389.5,7389.6,6086.3,6087.1,6086.5,1851.7,1849.6,1849.9,3660.9,3660.6,3661.7,2548.4,2547.5,2548.0,2887.4,2886.8,2887.3,27.340000,27.100000,going to home base
2024-04-13T01:34:39Z,2366.9,2366.5,2366.9,2610.3,2609.8,2610.1,5652.4,5651.8,5651.8,2329.7,2329.6,2330.0,3486.3,3486.0,3485.2,4386.3,4386.1,4386.5,6102.7,6102.8,6103.5,8591.7,8590.9,8588.9,5190.4,5189.0,5190.1,7391.4,7389.4,7389.8,6087.0,6086.2,6087.2,1851.3,1849.7,1849.7,3659.7,3660.2,3660.8,2547.9,2547.2,2546.8,2888.3,2887.2,2888.3,27.340000,27.139999,going to home base
2024-04-13T01:34:44Z,2367.4,2366.7,2367.3,2610.0,2609.3,2610.2,5651.8,5651.7,5652.0,2330.0,2330.2,2330.2,3486.5,3485.5,3485.8,4386.7,4386.8,4386.6,6103.9,6103.1,6101.2,8589.3,8589.3,8588.2,5188.6,5190.2,5191.8,7393.6,7391.2,7391.4,6087.1,6086.1,6087.9,1851.4,1850.1,1849.9,3659.9,3660.1,3660.9,2548.8,2548.0,2547.4,2888.7,2887.8,2888.4,27.340000,27.100000,going to home base
2024-04-13T01:34:49Z,2366.8,2366.1,2366.8,2609.9,2609.4,2609.9,5652.3,5651.7,5651.9,2329.9,2329.6,2330.0,3485.1,3485.2,3485.2,4386.4,4386.2,4385.7,6101.7,6103.1,6103.7,8587.6,8586.2,8585.9,5194.0,5192.7,5192.7,7390.9,7389.7,7390.4,6088.3,6087.6,6089.3,1851.6,1850.3,1850.0,3660.2,3660.3,3661.0,2548.3,2548.0,2547.5,2888.2,2887.2,2887.9,27.340000,27.080000,going to home base
2024-04-13T01:34:54Z,2367.3,2366.4,2367.4,2609.4,2609.4,2610.0,5653.1,5653.1,5652.6,2329.7,2329.6,2329.8,3486.0,3485.9,3485.9,4386.8,4386.9,4387.1,6104.7,6104.7,6106.3,8589.1,8587.6,8586.4,5193.0,5193.0,5194.0,7390.1,7391.6,7390.2,6087.1,6085.4,6086.5,1851.5,1850.4,1850.7,3660.0,3660.0,3661.0,2549.0,2548.2,2548.0,2888.8,2887.8,2888.1,27.340000,27.129999,going to home base
2024-04-13T01:34:59Z,2367.6,2366.8,2366.7,2610.1,2609.8,2609.9,5652.8,5652.5,5652.6,2329.0,2329.3,2329.5,3485.8,3485.7,3485.5,4386.5,4386.3,4386.5,6104.9,6105.5,6105.1,8588.8,8586.9,8587.1,5192.3,5192.9,5193.6,7389.5,7389.6,7389.2,6087.1,6087.6,6087.2,1851.2,1849.8,1849.9,3661.1,3660.9,3661.4,2548.0,2547.6,2547.4,2888.8,2887.8,2888.6,27.340000,27.070000,going to home base
2024-04-13T01:35:04Z,2367.3,2366.4,2366.8,2609.8,2609.7,2610.5,5653.1,5652.5,5652.2,2329.4,2329.6,2329.8,3485.9,3485.2,3485.5,4386.1,4385.8,4386.2,6101.1,6103.6,6104.0,8588.6,8588.4,8588.2,5193.1,5193.7,5195.2,7388.8,7388.0,7389.8,6087.6,6085.2,6087.7,1851.4,1850.1,1850.0,3659.7,3659.8,3660.9,2548.7,2547.2,2547.6,2889.3,2887.9,2888.9,27.350000,27.090000,going to home base
2024-04-13T01:35:09Z,2367.2,2366.8,2366.7,2609.7,2609.3,2609.9,5653.2,5652.5,5652.5,2329.4,2329.3,2329.6,3485.3,3485.1,3485.0,4386.7,4386.5,4386.4,6103.7,6103.7,6104.1,8587.6,8589.2,8589.0,5192.4,5191.7,5192.9,7389.0,7389.9,7390.2,6087.6,6087.1,6086.7,1851.4,1850.0,1850.2,3660.4,3660.4,3660.8,2548.6,2547.3,2547.4,2887.9,2887.7,2887.1,27.320000,27.110001,going to home base
2024-04-13T01:35:14Z,2367.1,2366.6,2367.0,2610.0,2609.4,2609.9,5651.9,5651.5,5651.2,2328.6,2328.9,2329.6,3486.2,3485.2,3485.5,4386.1,4386.0,4386.0,6102.5,6102.8,6102.2,8586.6,8587.7,8591.0,5192.5,5192.2,5191.6,7388.5,7388.5,7390.3,6087.1,6085.6,6085.9,1851.7,1850.0,1850.1,3659.4,3659.4,3660.5,2548.4,2547.4,2547.5,2888.0,2888.2,2887.5,27.350000,27.080000,going to home base
2024-04-13T01:35:19Z,2367.7,2367.0,2367.2,2609.0,2609.2,2609.9,5652.0,5651.3,5651.5,2328.7,2329.1,2329.3,3485.9,3485.9,3485.6,4385.7,4385.6,4386.2,6102.5,6101.9,6102.6,8586.8,8584.9,8586.4,5192.0,5190.8,5192.0,7389.6,7389.3,7387.8,6085.9,6086.2,6086.6,1851.2,1849.9,1849.8,3659.7,3659.6,3660.8,2547.4,2546.8,2546.8,2888.4,2887.9,2887.9,27.350000,27.090000,going to home base
2024-04-13T01:35:24Z,2367.0,2366.3,2366.7,2609.5,2609.0,2609.7,5652.0,5651.8,5652.0,2329.3,2329.3,2329.1,3485.8,3485.2,3484.6,4385.9,4386.2,4386.2,6103.2,6103.3,6104.2,8587.9,8583.7,8584.7,5190.2,5190.0,5191.1,7386.7,7388.1,7385.7,6085.3,6087.1,6088.8,1851.8,1850.2,1850.0,3659.9,3659.8,3661.1,2547.7,2547.1,2547.2,2888.4,2887.9,2888.0,27.320000,27.049999,going to home base
2024-04-13T01:35:29Z,2367.0,2366.4,2366.4,2609.7,2609.7,2610.5,5651.9,5651.5,5652.0,2329.8,2330.1,2330.3,3485.0,3485.1,3484.6,4386.5,4385.9,4386.0,6106.3,6106.7,6106.5,8586.0,8586.4,8585.0,5191.0,5191.0,5190.6,7389.2,7388.5,7387.5,6085.5,6086.6,6084.9,1851.0,1849.3,1849.8,3659.4,3659.8,3660.7,2548.0,2547.1,2547.3,2888.5,2887.3,2887.9,27.309999,27.090000,going to home base
2024-04-13T01:35:34Z,2366.7,2366.2,2366.3,2609.7,2609.2,2609.3,5652.0,5651.3,5651.9,2329.7,2329.8,2330.0,3485.0,3484.4,3484.4,4385.7,4386.2,4386.0,6104.9,6103.7,6102.5,8588.1,8585.7,8588.0,5192.5,5192.5,5193.5,7388.1,7386.2,7388.3,6087.4,6086.9,6087.0,1851.3,1849.9,1849.7,3660.4,3660.2,3661.3,2547.8,2547.3,2547.9,2886.7,2886.8,2887.6,27.340000,27.080000,going to home base
2024-04-13T01:35:39Z,2367.0,2366.2,2366.3,2609.2,2608.3,2609.2,5652.4,5651.5,5651.6,2329.8,2329.2,2329.5,3485.6,3484.7,3484.0,4386.0,4385.7,4385.7,6102.4,6103.1,6103.7,8586.7,8585.2,8586.0,5192.0,5192.1,5194.2,7392.5,7390.1,7390.7,6083.9,6084.3,6083.7,1851.2,1850.0,1850.0,3659.9,3660.0,3660.4,2548.4,2547.0,2547.3,2888.7,2888.5,2888.3,27.320000,27.190001,going to home base
2024-04-13T01:35:44Z,2366.5,2365.5,2365.8,2609.1,2609.1,2608.6,5652.1,5651.9,5652.1,2329.3,2329.2,2329.7,3483.9,3484.0,3483.3,4385.4,4385.9,4386.3,6103.1,6101.7,6103.2,8585.6,8585.1,8584.7,5193.4,5192.5,5193.2,7390.4,7389.2,7389.6,6082.1,6082.1,6082.1,1851.0,1849.7,1849.9,3660.9,3660.3,3661.4,2547.8,2547.0,2547.1,2888.3,2887.8,2888.4,27.350000,27.170000,going to home base
2024-04-13T01:35:49Z,2366.8,2365.7,2365.9,2609.1,2609.1,2609.6,5652.5,5652.5,5652.3,2330.4,2329.9,2330.7,3485.2,3484.4,3484.4,4386.4,4385.8,4386.5,6101.8,6102.4,6102.2,8586.4,8585.4,8583.0,5189.7,5189.5,5190.5,7389.7,7387.1,7387.2,6087.1,6087.1,6087.0,1851.3,1849.8,1849.5,3660.8,3660.6,3661.8,2547.5,2547.1,2547.0,2888.4,2887.7,2888.6,27.340000,27.100000,going to home base
2024-04-13T01:35:54Z,2366.2,2365.6,2365.8,2608.9,2608.9,2608.9,5652.6,5652.2,5652.1,2329.5,2329.2,2329.5,3484.9,3484.0,3483.6,4386.4,4386.1,4385.9,6103.9,6103.2,6101.9,8584.4,8585.0,8583.7,5189.7,5188.2,5190.3,7388.8,7389.0,7389.7,6084.2,6083.2,6083.6,1851.3,1850.5,1850.1,3660.6,3659.8,3661.1,2548.5,2547.9,2547.7,2889.2,2888.4,2888.8,27.340000,27.059999,going to home base
2024-04-13T01:35:59Z,2366.9,2366.5,2366.4,2609.1,2608.6,2609.3,5652.4,5651.9,5651.9,2330.1,2329.8,2330.5,3485.0,3484.5,3484.5,4385.4,4385.3,4385.6,6103.1,6103.5,6105.1,8585.8,8583.7,8583.6,5191.7,5191.7,5191.3,7388.5,7385.8,7385.4,6086.3,6086.8,6086.4,1851.3,1849.6,1849.8,3659.3,3659.3,3660.3,2547.8,2547.7,2548.0,2887.2,2885.9,2886.8,27.340000,27.080000,going to home base
2024-04-13T01:36:04Z,2367.0,2366.1,2366.4,2608.8,2609.1,2609.6,5651.7,5651.5,5651.8,2329.1,2329.6,2329.8,3485.3,3484.8,3485.1,4386.1,4386.1,4386.2,6105.7,6104.8,6105.5,8587.5,8584.2,8585.7,5192.4,5192.4,5192.2,7388.3,7388.1,7388.7,6084.3,6085.2,6086.8,1851.2,1849.5,1849.5,3659.9,3659.8,3660.9,2548.1,2547.0,2547.3,2888.6,2888.0,2887.5,27.340000,27.080000,going to home base
2024-04-13T01:36:14Z,2366.5,2366.2,2366.3,2609.0,2608.5,2609.2,5651.5,5650.9,5651.1,2329.6,2329.6,2329.8,3486.0,3485.4,3485.5,4385.5,4385.6,4385.8,6103.3,6100.2,6103.5,8587.3,8583.6,8583.6,5192.7,5192.3,5192.7,7387.6,7387.0,7386.5,6085.7,6083.4,6084.3,1850.8,1849.6,1start,26713.5,26715.3,2366.9,2366.2,2366.3,2609.5,2608.8,2609.7,5652.3,2329.9,2329.8,going to home base
2024-04-13T01:36:24Z,2366.3,2365.5,2365.8,2608.3,2608.4,2608.7,5652.2,5652.0,5651.8,2330.2,2330.3,2330.5,3484.5,3484.5,3484.9,4385.4,4385.1,4385.1,6100.4,6100.4,6101.3,8583.2,8583.3,8583.2,5194.0,5193.8,5194.3,7387.9,7387.5,7387.6,6083.4,6083.5,6085.6,1850.9,1849.3,1849.3,3659.7,3659.5,3660.6,2547.9,2546.9,2547.5,2886.4,2886.7,2887.3,27.320000,27.110001,going to home base
2024-04-13T01:36:29Z,2366.5,2366.1,2366.2,2609.0,2608.9,2609.5,5651.5,5650.9,5651.3,2328.7,2328.6,2328.7,3484.5,3484.2,3484.2,4385.7,4385.4,4385.5,6102.5,6101.4,6102.5,8585.1,8584.1,8583.5,5191.6,5191.4,5192.8,7389.4,7388.1,7388.5,6084.8,6084.7,6085.2,1850.1,1849.4,1849.1,3659.1,3658.5,3659.3,2547.2,2546.5,2546.4,2886.0,2885.7,2886.8,27.340000,27.059999,going to home base
2024-04-13T01:36:34Z,2366.5,2366.1,2366.5,2609.4,2609.3,2609.6,5651.7,5651.2,5651.1,2328.2,2328.0,2328.7,3484.4,3484.2,3484.1,4385.2,4385.1,4385.1,6102.1,6102.5,6103.3,8585.3,8582.9,8583.4,5192.6,5192.6,5192.9,7391.2,7390.7,7389.4,6083.6,6083.7,6085.6,1850.4,1848.9,1849.0,3659.1,3658.7,3659.9,2547.2,2546.2,2546.3,2887.9,2887.1,2888.5,27.340000,27.049999,going to home base
2024-04-13T01:36:39Z,2367.1,2366.3,2366.6,2609.3,2608.8,2609.5,5651.0,5651.2,5650.8,2329.1,2329.0,2329.1,3484.8,3484.2,3484.1,4385.2,4385.1,4385.3,6099.2,6099.5,6100.1,8587.1,8586.2,8585.2,5192.3,5192.2,5191.9,7388.0,7386.8,7385.4,6084.0,6084.1,6082.8,1850.3,1849.0,1849.0,3659.1,3659.1,3660.0,2547.3,2546.5,2546.6,2888.8,2888.6,2888.5,27.340000,27.059999,going to home base
2024-04-13T01:36:44Z,2366.8,2366.4,2366.4,2609.3,2609.1,2609.6,5651.4,5650.8,5651.0,2328.8,2328.7,2329.0,3484.3,3484.4,3483.9,4386.0,4385.9,4385.4,6102.4,6103.4,6103.5,8584.8,8583.5,8582.8,5192.7,5192.5,5192.9,7390.3,7387.3,7388.6,6083.2,6083.3,6084.5,1850.4,1849.4,1849.2,3658.4,3658.8,3659.3,2547.8,2546.5,2547.2,2887.2,2886.6,2886.3,27.340000,27.030001,going to home base
2024-04-13T01:36:49Z,2366.3,2365.8,2365.9,2609.3,2609.4,2609.1,5650.5,5650.1,5650.5,2328.1,2328.2,2328.6,3483.9,3484.5,3483.9,4384.7,4384.8,4385.3,6101.5,6101.8,6100.0,8587.0,8588.5,8586.2,5193.5,5192.8,5193.0,7388.6,7388.6,7388.4,6082.5,6083.0,6083.5,1850.5,1849.2,1849.0,3658.8,3659.1,3660.0,2546.6,2546.1,2545.9,2885.7,2885.0,2885.2,27.340000,27.020000,going to home base
2024-04-13T01:36:54Z,2366.9,2366.1,2366.1,2608.6,2608.3,2609.1,5650.3,5649.8,5649.8,2328.9,2328.9,2328.9,3484.9,3484.2,3484.0,4384.5,4384.1,4384.4,6103.0,6101.4,6100.9,8583.4,8582.2,8582.0,5192.3,5192.0,5192.0,7387.1,7386.6,7387.1,6079.5,6080.0,6082.2,1850.8,1849.1,1849.0,3659.2,3659.6,3660.3,2547.3,2546.7,2546.0,2886.5,2886.1,2886.3,27.340000,27.000000,going to home base
2024-04-13T01:36:59Z,2366.4,2366.0,2366.2,2609.1,2608.2,2609.2,5650.7,5650.0,5651.1,2328.9,2328.8,2329.4,3484.7,3483.9,3484.1,4385.3,4384.4,4384.5,6100.3,6100.9,6099.8,8584.6,8583.0,8584.0,5193.3,5193.9,5193.9,7388.0,7387.1,7387.4,6084.7,6085.5,6085.6,1850.8,1849.5,1849.7,3657.8,3658.5,3659.5,2547.1,2546.0,2546.5,2886.9,2885.9,2886.2,27.320000,27.070000,going to home base
2024-04-13T01:37:04Z,2368.0,2367.1,2367.3,2608.5,2608.6,2609.0,5650.7,5650.4,5650.7,2328.1,2328.3,2328.6,3484.0,3484.0,3484.1,4384.7,4384.5,4385.0,6102.1,6102.4,6102.2,8588.4,8588.9,8587.8,5192.5,5192.5,5194.1,7386.1,7387.0,7386.8,6085.4,6084.6,6084.7,1850.7,1849.6,1849.3,3658.5,3658.9,3659.3,2547.0,2545.9,2546.3,2886.6,2886.3,2886.7,27.340000,27.090000,going to home base
2024-04-13T01:37:09Z,2367.6,2367.0,2367.1,2608.6,2608.2,2608.2,5650.8,5650.2,5649.9,2328.8,2328.7,2329.8,3483.7,3484.0,3484.1,4384.4,4384.1,4384.2,6103.3,6101.6,6103.1,8582.3,8580.3,8580.6,5191.0,5190.3,5190.8,7386.8,7385.4,7385.2,6084.4,6084.7,6083.4,1851.1,1849.7,1849.4,3657.8,3658.0,3659.0,2546.8,2546.1,2546.3,2886.2,2886.0,2886.3,27.309999,27.090000,going to home base
2024-04-13T01:37:14Z,2366.8,2366.1,2366.2,2609.1,2608.7,2609.7,5650.8,5650.2,5650.4,2328.6,2328.6,2328.9,3483.7,3483.4,3483.5,4384.2,4384.1,4384.4,6100.4,6099.6,6100.5,8584.0,8584.8,8584.7,5189.1,5189.3,5191.5,7386.4,7384.9,7386.6,6084.1,6084.5,6084.7,1850.5,1849.4,1849.5,3659.7,3659.6,3660.2,2547.0,2546.6,2546.1,2887.3,2885.8,2885.5,27.340000,27.170000,going to home base
2024-04-13T01:37:19Z,2367.1,2366.3,2366.7,2609.0,2609.0,2609.7,5650.8,5651.0,5650.9,2328.8,2329.2,2329.5,3483.4,3483.6,3483.5,4384.7,4384.8,4384.8,6099.5,6100.1,6101.6,8582.7,8584.2,8584.3,5194.1,5192.4,5193.1,7386.7,7386.2,7384.7,6081.4,6081.7,6081.5,1850.5,1849.5,1849.5,3658.2,3658.7,3659.3,2547.0,2545.9,2545.8,2886.0,2885.9,2885.1,27.340000,27.170000,going to home base
2024-04-13T01:37:24Z,2367.4,2366.6,2366.9,2609.0,2608.9,2608.8,5650.8,5650.7,5650.0,2329.3,2329.6,2329.5,3484.1,3483.9,3483.8,4385.3,4384.8,4384.8,6102.3,6101.9,6102.4,8586.6,8585.5,8585.3,5189.8,5190.5,5190.5,7386.7,7385.5,7386.3,6084.6,6084.9,6083.9,1851.0,1849.6,1849.7,3658.6,3659.3,3660.1,2547.8,2547.0,2546.3,2888.4,2888.6,2888.3,27.320000,27.129999,going to home base
2024-04-13T01:37:29Z,2367.7,2366.8,2366.9,2609.4,2609.2,2610.1,5651.4,5650.7,5650.8,2329.2,2329.3,2330.0,3483.1,3483.0,3482.6,4385.6,4385.2,4385.4,6099.7,6100.9,6101.8,8584.1,8584.2,8584.4,5191.0,5191.7,5192.1,7386.8,7384.6,7383.8,6084.0,6083.8,6083.7,1850.6,1849.4,1849.4,3658.4,3658.6,3659.2,2547.1,2546.5,2546.6,2886.9,2885.9,2886.6,27.320000,27.170000,going to home base
2024-04-13T01:37:34Z,2367.6,2366.9,2367.3,2609.1,2609.6,2609.5,5650.0,5649.8,5650.5,2329.5,2329.6,2330.2,3483.5,3482.9,3483.7,4384.7,4384.3,4385.0,6102.1,6100.7,6102.5,8585.3,8586.4,8585.0,5190.8,5191.2,5191.8,7387.2,7388.3,7388.0,6082.8,6081.6,6086.0,1851.2,1849.9,1849.9,3658.9,3659.1,3659.9,2546.8,2546.3,2546.5,2887.4,2887.2,2887.7,27.340000,27.110001,going to home base
2024-04-13T01:37:39Z,2367.8,2367.0,2367.1,2609.2,2609.6,2609.7,5650.6,5650.3,5650.5,2328.9,2329.2,2329.5,3484.3,3484.1,3484.2,4384.9,4384.2,4384.3,6101.2,6101.1,6100.9,8583.6,8581.8,8582.1,5191.3,5192.9,5192.3,7385.6,7382.9,7384.4,6083.2,6083.5,6084.3,1850.9,1849.8,1849.9,3658.2,3658.2,3658.9,2547.0,2546.2,2546.6,2886.9,2887.3,2887.5,27.309999,27.059999,going to home base
2024-04-13T01:37:44Z,2367.8,2367.3,2367.6,2609.4,2609.3,2609.8,5650.7,5650.6,5650.4,2328.6,2328.7,2329.1,3484.8,3483.9,3484.3,4384.7,4384.3,4384.4,6101.2,6101.3,6101.4,8585.1,8584.9,8583.9,5191.3,5192.9,5193.7,7387.8,7385.8,7386.6,6083.2,6082.7,6085.3,1851.0,1849.2,1849.4,3657.5,3658.0,3658.9,2547.2,2545.7,2546.3,2886.1,2885.7,2885.1,27.320000,27.090000,going to home base
2024-04-13T01:37:49Z,2367.4,2366.9,2366.4,2608.9,2608.4,2609.0,5650.1,5650.1,5650.4,2328.4,2328.7,2328.9,3484.6,3485.1,3484.6,4384.3,4384.3,4384.2,6101.5,6100.2,6101.5,8582.8,8581.7,8582.3,5191.1,5191.2,5192.0,7387.2,7386.9,7386.4,6082.9,6081.5,6081.7,1850.0,1848.7,1849.0,3658.1,3657.6,3658.9,2546.9,2546.2,2546.5,2887.0,2886.3,2886.7,27.320000,27.100000,going to home base
2024-04-13T01:37:54Z,2367.3,2366.5,2366.8,2608.8,2608.4,2609.3,5650.6,5650.3,5650.2,2328.8,2328.4,2329.0,3484.1,3484.1,3484.0,4384.7,4384.7,4385.2,6102.2,6101.0,6101.0,8584.9,8583.5,8581.6,5190.6,5191.1,5191.3,7389.4,7387.8,7388.3,6079.5,6080.6,6081.1,1850.7,1849.2,1849.3,3658.8,3659.1,3660.5,2547.3,2545.7,2546.2,2884.7,2884.8,2884.1,27.320000,27.160000,going to home base
2024-04-13T01:37:59Z,2367.8,2367.3,2367.1,2608.8,2609.2,2609.3,5650.9,5650.2,5650.3,2328.5,2328.7,2328.9,3484.1,3484.0,3483.7,4384.6,4384.8,4385.1,6099.3,6099.3,6099.1,8584.1,8583.6,8583.2,5191.4,5192.2,5192.9,7386.8,7386.2,7385.4,6082.3,6081.3,6081.5,1850.5,1849.1,1849.3,3658.6,3658.2,3659.3,2547.1,2546.0,2546.4,2886.9,2886.1,2885.8,27.299999,27.180000,going to home base
2024-04-13T01:38:04Z,2367.7,2367.0,2367.3,2608.6,2608.7,2608.9,5650.7,5650.4,5650.3,2329.0,2328.8,2329.2,3484.2,3484.0,3483.7,4385.1,4384.9,4384.8,6099.3,6098.3,6099.9,8582.7,8582.3,8583.8,5193.3,5192.7,5193.1,7387.1,7386.1,7385.9,6080.5,6080.5,6082.6,1851.3,1850.0,1849.9,3659.6,3659.3,3660.0,2547.5,2547.2,2547.6,2885.5,2884.6,2884.7,27.299999,27.200001,going to home base
2024-04-13T01:38:09Z,2367.6,2366.8,2366.9,2609.6,2609.4,2609.5,5650.5,5650.1,5650.5,2329.4,2329.3,2329.2,3483.5,3483.0,3483.5,4384.7,4384.6,4384.7,6100.1,6101.4,6100.8,8584.6,8584.0,8587.2,5192.7,5192.2,5192.7,7385.6,7386.2,7385.8,6081.4,6080.9,6081.3,1850.9,1849.8,1849.2,3659.4,3659.3,3660.1,2547.3,2546.7,2547.4,2886.4,2884.9,2885.7,27.320000,27.170000,going to home base
2024-04-13T01:38:14Z,2367.6,2366.8,2366.8,2609.6,2608.8,2609.8,5650.8,5650.1,5650.5,2329.7,2329.3,2329.8,3483.3,3483.2,3483.5,4384.7,4384.4,4384.7,6100.0,6099.6,6101.0,8584.3,8585.0,8586.0,5191.2,5190.8,5192.1,7384.9,7384.2,7384.3,6082.8,6082.1,6080.3,1850.9,1849.8,1849.3,3658.3,3658.5,3659.6,2547.6,2546.6,2546.9,2886.2,2885.8,2885.8,27.340000,27.080000,going to home base
2024-04-13T01:38:19Z,2367.7,2366.8,2367.0,2608.1,2608.2,2608.4,5650.2,5649.3,5649.8,2328.4,2328.4,2329.0,3484.3,3483.7,3483.4,4384.8,4384.7,4384.4,6103.9,6102.9,6102.4,8585.9,8587.4,8587.6,5188.9,5189.0,5189.8,7385.6,7383.5,7383.7,6083.3,6084.1,6085.1,1850.9,1849.4,1849.5,3658.1,3658.2,3658.9,2548.0,2546.9,2546.5,2886.1,2886.1,2886.4,27.309999,27.059999,going to home base
2024-04-13T01:38:24Z,2367.4,2366.7,2366.8,2609.0,2608.7,2608.6,5650.2,5650.0,5650.3,2328.7,2329.1,2329.3,3483.6,3483.7,3483.5,4384.4,4384.4,4384.4,6100.5,6101.8,6101.3,8588.7,8589.3,8588.7,5191.2,5190.5,5191.4,7385.4,7384.4,7385.7,6083.0,6082.7,6082.5,1851.0,1849.8,1849.5,3658.6,3658.7,3659.7,2547.4,2547.0,2546.6,2886.4,2886.3,2885.7,27.320000,27.110001,going to home base
2024-04-13T01:38:29Z,2367.1,2366.4,2366.8,2608.0,2608.2,2609.0,5649.9,5649.6,5650.0,2329.7,2329.4,2329.4,3484.3,3483.9,3484.0,4385.0,4384.1,4384.4,6101.5,6102.5,6102.3,8587.2,8585.3,8587.1,5190.4,5188.9,5189.4,7385.1,7385.2,7383.8,6084.3,6084.3,6084.9,1850.9,1849.4,1849.5,3658.5,3658.4,3659.5,2547.6,2546.6,2546.6,2886.4,2886.1,2885.8,27.309999,27.049999,going to home base
2024-04-13T01:38:34Z,2367.5,2366.7,2366.7,2609.3,2609.1,2609.4,5650.7,5650.0,5650.2,2329.3,2329.0,2329.7,3483.8,3483.1,3483.5,4384.3,4384.3,4384.5,6101.2,6099.1,6099.4,8592.5,8586.7,8591.6,5189.1,5189.1,5190.5,7386.1,7384.4,7384.6,6083.8,6082.9,6083.4,1851.2,1849.9,1849.9,3658.3,3658.1,3659.1,2548.1,2547.5,2547.7,2886.6,2886.0,2885.7,27.309999,27.070000,going to home base
2024-04-13T01:38:39Z,2367.8,2367.0,2367.5,2609.0,2609.0,2609.0,5650.0,5649.9,5650.1,2329.2,2329.0,2329.9,3485.6,3484.4,3484.0,4384.2,4384.0,4384.0,6097.6,6096.6,6098.1,8587.6,8585.2,8586.5,5188.1,5188.3,5189.4,7385.6,7383.8,7384.9,6084.1,6082.0,6082.3,1850.7,1848.7,1849.2,3657.8,3657.8,3658.9,2546.8,2546.5,2547.1,2885.9,2885.6,2886.2,27.320000,27.090000,going to home base
2024-04-13T01:38:44Z,2367.6,2366.7,2367.4,2608.8,2608.8,2608.9,5650.7,5650.2,5649.9,2329.3,2328.8,2329.4,3483.9,3483.9,3483.7,4384.0,4383.9,4384.0,6098.8,6099.0,6098.5,8585.4,8582.5,8585.3,5187.1,5187.0,5188.2,7384.9,7384.0,7384.1,6081.7,6081.9,6082.8,1850.0,1848.7,1848.9,3657.8,3657.7,3658.3,2547.2,2546.5,2546.6,2886.8,2886.7,2886.6,27.320000,27.020000,going to home base
2024-04-13T01:38:49Z,2367.4,2366.8,2367.1,2609.0,2608.5,2609.0,5650.2,5649.7,5649.8,2329.3,2329.2,2330.0,3483.1,3482.4,3482.6,4383.9,4383.8,4383.5,6098.7,6100.5,6096.6,8589.8,8584.0,8585.8,5189.4,5188.5,5189.7,7385.6,7384.0,7383.9,6083.2,6082.7,6082.8,1851.1,1850.1,1849.5,3658.1,3658.2,3658.9,2546.9,2546.3,2546.0,2885.7,2884.9,2886.1,27.320000,27.070000,going to home base
2024-04-13T01:38:54Z,2367.4,2366.9,2367.1,2608.7,2608.6,2608.9,5650.3,5649.9,5650.0,2329.5,2328.6,2329.9,3482.8,3482.7,3482.5,4383.8,4383.9,4383.3,6099.3,6097.3,6099.0,8587.9,8585.4,8588.0,5189.8,5189.1,5190.3,7382.4,7382.2,7383.6,6083.1,6082.3,6081.9,1851.1,1850.2,1849.5,3659.0,3658.9,3659.4,2547.5,2546.6,2546.5,2884.9,2885.7,2886.7,27.320000,27.020000,going to home base
2024-04-13T01:38:59Z,2367.3,2366.6,2366.9,2609.0,2608.7,2608.9,5649.4,5649.0,5649.3,2329.5,2329.4,2329.8,3483.3,3483.0,3482.5,4383.3,4383.3,4383.4,6098.8,6098.7,6100.5,8588.4,8586.2,8589.1,5189.8,5189.2,5189.9,7384.8,7384.3,7385.5,6082.5,6084.0,6082.9,1851.6,1850.3,1850.6,3657.7,3658.1,3659.0,2546.5,2545.8,2546.6,2885.7,2885.4,2886.0,27.340000,27.080000,going to home base
2024-04-13T01:39:04Z,2367.9,2366.7,2367.1,2608.3,2607.8,2608.1,5649.8,5649.1,5649.7,2330.0,2329.9,2330.2,3483.7,3483.0,3482.6,4383.5,4383.3,4383.2,6095.7,6094.7,6095.8,8585.6,8585.1,8583.7,5189.3,5188.9,5190.6,7386.2,7383.6,7384.0,6082.0,6082.0,6083.3,1850.8,1849.5,1849.5,3658.3,3658.1,3659.0,2547.3,2545.9,2546.3,2886.4,2886.5,2886.2,27.340000,27.059999,going to home base
2024-04-13T01:39:09Z,2367.4,2366.7,2367.1,2608.7,2608.6,2609.2,5649.4,5649.0,5648.9,2329.6,2329.7,2330.3,3483.4,3482.9,3482.8,4383.7,4383.8,4383.7,6098.3,6097.8,6096.9,8586.3,8584.1,8585.8,5190.3,5189.2,5190.2,7383.1,7384.2,7383.5,6083.1,6080.1,6082.5,1851.2,1849.4,1849.9,3657.3,3657.0,3658.3,2547.4,2547.0,2546.6,2886.2,2886.4,2886.3,27.340000,27.059999,going to home base
2024-04-13T01:39:14Z,2367.4,2366.5,2366.9,2608.2,2607.8,2608.3,5649.4,5648.9,5649.1,2329.1,2328.1,2329.1,3483.1,3482.7,3482.5,4384.4,4384.3,4383.9,6099.4,6098.2,6099.7,8586.7,8588.6,8587.6,5189.4,5189.8,5190.0,7382.9,7382.6,7382.1,6080.1,6080.0,6081.9,1851.1,1849.8,1849.3,3657.8,3657.8,3658.5,2547.2,2546.6,2546.7,2885.8,2884.3,2885.4,27.340000,27.020000,going to home base
2024-04-13T01:39:19Z,2367.7,2366.8,2367.4,2608.4,2608.3,2608.0,5649.4,5649.2,5649.5,2330.0,2329.8,2329.8,3482.7,3482.4,3482.2,4383.1,4383.0,4383.2,6100.9,6100.3,6101.6,8585.6,8587.2,8586.4,5190.8,5190.2,5189.9,7386.5,7386.2,7386.4,6082.0,6082.5,6083.0,1851.1,1849.5,1849.5,3658.1,3658.2,3658.9,2546.5,2545.7,2546.1,2885.7,2885.2,2886.0,27.320000,27.049999,going to home base
2024-04-13T01:39:24Z,2367.1,2366.4,2366.8,2608.3,2608.1,2608.5,5649.8,5649.6,5649.9,2329.4,2329.4,2330.0,3483.4,3482.5,3482.7,4383.5,4382.9,4382.9,6100.9,6100.3,6101.7,8586.7,8587.3,8585.8,5189.5,5188.4,5190.0,7383.5,7383.1,7383.8,6081.3,6081.8,6084.2,1850.7,1849.4,1849.4,3657.6,3657.7,3658.3,2547.5,2546.8,2546.7,2886.7,2886.3,2886.7,27.309999,27.030001,going to home base
2024-04-13T01:39:29Z,2367.4,2366.5,2366.3,2608.6,2608.2,2608.4,5649.9,5649.6,5649.5,2329.2,2329.4,2329.5,3483.0,3482.6,3482.5,4383.2,4383.5,4383.3,6099.4,6100.7,6101.0,8585.3,8587.3,8585.3,5189.9,5189.9,5189.7,7383.2,7383.6,7384.2,6083.1,6083.4,6084.5,1850.9,1849.2,1849.3,3656.5,3656.4,3658.2,2547.1,2545.5,2546.0,2886.4,2886.7,2886.5,27.309999,26.980000,going to home base
2024-04-13T01:39:34Z,2367.2,2366.3,2366.3,2607.7,2608.0,2607.8,5649.2,5648.9,5649.1,2329.3,2329.5,2330.0,3482.8,3481.7,3481.7,4383.3,4382.8,4383.1,6099.3,6100.5,6101.6,8583.4,8583.6,8583.0,5191.1,5190.9,5191.5,7385.2,7380.9,7381.7,6083.6,6082.7,6084.5,1851.2,1849.3,1849.4,3656.4,3656.5,3657.3,2546.1,2545.0,2545.3,2886.3,2885.5,2885.7,27.320000,26.959999,going to home base
2024-04-13T01:39:39Z,2366.6,2366.0,2366.2,2608.3,2608.2,2608.5,5649.3,5649.1,5648.5,2328.9,2329.1,2329.4,3482.7,3482.8,3482.1,4382.7,4383.0,4383.0,6099.0,6099.0,6098.1,8582.6,8582.8,8585.9,5188.7,5189.6,5189.2,7381.5,7380.4,7379.7,6083.2,6083.2,6083.7,1850.1,1848.7,1848.8,3656.1,3656.5,3657.5,2545.7,2545.4,2545.5,2886.2,2886.5,2886.9,27.309999,26.990000,going to home base
2024-04-13T01:39:44Z,2366.9,2366.4,2366.7,2607.2,2607.2,2607.4,5648.6,5648.3,5648.7,2329.5,2328.9,2329.4,3482.6,3482.6,3482.3,4383.1,4382.9,4383.0,6099.3,6100.5,6099.1,8583.3,8585.1,8589.1,5189.9,5189.7,5191.1,7380.4,7378.5,7378.1,6082.6,6083.1,6083.3,1850.8,1849.0,1849.1,3657.6,3657.1,3658.0,2545.4,2545.7,2545.5,2886.6,2885.8,2887.3,27.309999,26.980000,going to home base
2024-04-13T01:39:49Z,2366.7,2366.5,2366.4,2607.6,2607.4,2607.1,5649.2,5648.9,5649.1,2329.6,2329.7,2330.1,3483.3,3482.9,3482.6,4383.3,4383.0,4382.6,6100.7,6100.7,6101.6,8583.2,8582.7,8584.0,5189.5,5189.3,5190.4,7382.2,7381.2,7380.1,6084.8,6083.8,6085.7,1850.8,1849.5,1849.5,3656.3,3656.6,3657.4,2545.9,2545.1,2544.7,2886.5,2887.4,2887.4,27.320000,27.030001,going to home base
2024-04-13T01:39:54Z,2367.1,2366.2,2366.8,2607.4,2606.6,2607.2,5649.5,5648.9,5649.2,2329.4,2329.9,2330.8,3482.7,3481.9,3481.8,4382.9,4382.5,4382.5,6098.3,6098.2,6099.9,8583.5,8583.3,8585.5,5189.3,5189.3,5189.9,7381.0,7380.4,7381.0,6082.2,6083.5,6083.8,1850.3,1848.9,1849.0,3656.7,3657.3,3658.0,2545.4,2545.3,2544.7,2887.5,2886.4,2886.2,27.299999,27.000000,going to home base
2024-04-13T01:39:59Z,2367.1,2366.3,2366.5,2607.3,2607.1,2607.4,5649.0,5648.5,5648.6,2328.8,2328.9,2329.4,3482.5,3482.2,3481.6,4383.0,4382.8,4382.5,6098.2,6098.1,6097.6,8585.3,8585.2,8584.6,5187.7,5188.5,5189.9,7382.1,7382.1,7381.1,6080.1,6081.8,6081.6,1850.7,1849.2,1849.5,3656.2,3656.2,3656.8,2546.0,2545.7,2545.6,2886.5,2885.8,2886.8,27.309999,27.059999,going to home base
2024-04-13T01:40:04Z,2367.4,2366.8,2366.8,2607.8,2607.3,2608.3,5649.1,5648.6,5648.8,2328.3,2328.6,2329.0,3482.5,3482.4,3482.2,4382.8,4382.6,4382.6,6101.5,6100.9,6102.0,8584.1,8583.2,8585.6,5190.1,5189.4,5189.8,7383.5,7382.6,7381.6,6081.8,6081.6,6080.7,1850.5,1848.9,1849.2,3655.9,3656.0,3656.4,2546.5,2545.6,2545.3,2885.0,2884.8,2884.3,27.309999,27.110001,going to home base
2024-04-13T01:40:09Z,2366.9,2366.0,2366.3,2607.4,2607.2,2607.8,5649.0,5648.3,5648.4,2329.3,2329.1,2329.4,3482.6,3482.0,3482.0,4383.1,4383.2,4383.0,6099.1,6098.0,6098.9,8586.5,8587.7,8586.3,5188.4,5188.7,5189.2,7381.1,7382.7,7383.1,6080.5,6082.6,6082.3,1850.5,1848.8,1848.9,3657.4,3657.6,3658.4,2546.6,2545.7,2546.4,2886.5,2887.0,2886.5,27.320000,27.170000,going to home base
2024-04-13T01:40:14Z,2367.2,2366.4,2366.5,2608.7,2608.3,2608.7,5648.6,5648.2,5648.1,2328.1,2328.0,2328.6,3482.6,3482.2,3481.5,4382.6,4382.9,4382.5,6098.1,6099.6,6098.7,8585.0,8586.0,8584.1,5189.4,5190.1,5189.9,7382.0,7382.1,7382.1,6082.3,6082.5,6082.4,1850.9,1849.4,1849.3,3656.8,3657.2,3658.4,2545.7,2545.2,2545.2,2885.9,2885.7,2885.6,27.350000,27.129999,going to home base
2024-04-13T01:40:19Z,2367.1,2366.6,2366.8,2607.8,2608.1,2608.3,5649.2,5648.7,5649.0,2328.5,2328.5,2329.1,3482.6,3481.7,3481.1,4382.8,4382.4,4382.8,6097.1,6096.7,6097.0,8583.9,8582.9,8581.2,5190.3,5188.7,5189.9,7382.3,7380.9,7381.4,6084.0,6083.0,6083.9,1850.4,1849.2,1849.2,3657.0,3656.8,3657.7,2546.4,2545.5,2545.7,2884.8,2884.4,2884.5,27.320000,27.129999,going to home base
2024-04-13T01:40:24Z,2366.7,2366.1,2366.5,2607.5,2607.4,2608.0,5649.0,5649.0,5648.9,2328.3,2328.0,2328.7,3482.2,3481.4,3480.9,4383.5,4382.7,4382.6,6098.5,6097.4,6100.2,8585.3,8585.5,8584.9,5190.0,5188.8,5190.1,7384.2,7382.2,7381.9,6082.2,6081.9,6082.5,1850.3,1848.9,1848.9,3657.4,3656.8,3658.0,2545.9,2544.7,2545.0,2884.2,2884.0,2883.4,27.320000,27.049999,going to home base
2024-04-13T01:40:29Z,2367.2,2366.6,2367.2,2607.8,2607.7,2607.9,5648.9,5648.6,5648.5,2328.3,2328.0,2328.1,3481.8,3481.7,3482.2,4382.3,4382.5,4382.5,6097.1,6096.5,6096.4,8582.8,8582.2,8582.1,5185.1,5186.4,5187.6,7384.0,7383.4,7385.5,6080.3,6080.2,6080.7,1850.5,1848.9,1848.7,3657.0,3657.1,3657.9,2546.8,2545.5,2546.2,2886.5,2886.0,2886.4,27.340000,27.030001,going to home base
2024-04-13T01:40:34Z,2367.1,2366.2,2366.8,2607.9,2607.6,2607.9,5649.1,5648.8,5648.1,2328.0,2327.9,2328.5,3483.2,3482.6,3482.3,4383.0,4382.8,4383.1,6098.0,6097.4,6098.6,8580.9,8584.5,8583.0,5188.5,5187.6,5188.6,7382.0,7382.4,7381.2,6082.4,6080.7,6080.7,1850.3,1849.0,1848.5,3656.5,3656.6,3656.5,2545.9,2545.1,2545.7,2885.9,2885.7,2886.8,27.309999,26.990000,going to home base
2024-04-13T01:40:39Z,2367.1,2366.4,2366.8,2607.8,2607.8,2607.7,5648.7,5648.6,5648.3,2328.0,2328.1,2328.4,3481.5,3482.2,3481.0,4382.8,4382.7,4382.9,6094.0,6095.4,6096.8,8584.0,8584.1,8582.6,5187.4,5185.8,5187.6,7384.4,7384.6,7384.5,6082.2,6082.7,6081.4,1850.4,1848.8,1849.0,3657.2,3657.5,3658.3,2546.2,2545.5,2545.7,2885.6,2885.5,2885.6,27.320000,27.020000,going to home base
2024-04-13T01:40:44Z,2367.3,2366.2,2366.2,2608.4,2607.8,2608.1,5648.2,5647.9,5648.0,2328.8,2328.9,2328.6,3482.5,3481.7,3481.9,4382.3,4382.6,4382.2,6096.2,6096.0,6097.5,8581.1,8580.8,8580.5,5187.3,5187.2,5188.1,7379.6,7381.1,7381.3,6082.2,6081.9,6082.0,1850.2,1848.3,1848.7,3656.7,3657.0,3657.9,2546.2,2545.3,2546.1,2884.4,2884.5,2884.0,27.309999,26.990000,going to home base
2024-04-13T01:40:49Z,2367.1,2366.8,2366.7,2608.4,2607.9,2608.1,5648.4,5648.0,5647.7,2327.8,2327.8,2328.5,3482.7,3481.8,3481.8,4381.9,4382.5,4382.3,6098.2,6098.4,6098.2,8582.0,8580.0,8581.4,5189.0,5188.1,5189.5,7382.8,7381.2,7381.3,6080.9,6081.2,6082.2,1850.1,1848.8,1848.6,3657.1,3656.5,3657.4,2546.4,2545.0,2545.4,2884.4,2883.6,2883.7,27.309999,26.930000,going to home base
2024-04-13T01:40:54Z,2367.3,2366.4,2366.5,2607.8,2607.2,2607.6,5648.1,5647.8,5648.1,2328.4,2328.1,2328.2,3482.8,3482.2,3482.3,4382.7,4382.7,4382.4,6100.4,6098.9,6098.8,8583.4,8582.2,8583.0,5189.5,5189.3,5190.7,7380.8,7380.7,7381.3,6080.5,6081.3,6082.9,1850.5,1849.0,1848.7,3657.6,3657.4,3658.8,2546.2,2545.4,2545.5,2884.3,2883.9,2884.4,27.320000,26.990000,going to home base
2024-04-13T01:40:59Z,2367.3,2366.7,2367.0,2607.0,2607.1,2607.5,5648.2,5647.5,5647.5,2327.7,2327.7,2328.1,3482.2,3481.1,3481.5,4382.2,4381.8,4382.2,6099.1,6098.3,6097.6,8581.3,8582.0,8581.8,5189.3,5188.5,5189.4,7382.6,7381.7,7381.6,6082.1,6081.5,6081.5,1850.1,1848.6,1848.3,3656.1,3656.2,3657.0,2546.2,2545.3,2545.4,2885.1,2885.0,2885.3,27.320000,27.000000,going to home base
2024-04-13T01:41:09Z,2367.1,2366.3,2366.1,2608.2,2607.9,2608.1,5648.2,5647.7,5648.1,2328.4,2328.4,2328.7,3482.7,3482.4,3482.3,4381.8,4381.7,4382.2,6101.4,6099.9,6100.5,8582.0,8580.4,8581.5,5188.5,5189.1,5189.9,7378.1,7377.2,7378.4,60start,26696.7,26700.7,2607.8,2608.5,5647.7,5647.5,5648.0,2327.5,2327.5,2328.1,3736.0,3736.2,87921.5,87893.9,14147.9,3481.4,going to home base
2024-04-13T01:41:19Z,2366.8,2366.5,2366.6,2607.9,2607.9,2607.8,5647.6,5647.3,5647.6,2327.9,2328.1,2328.4,3481.7,3481.0,3481.5,4382.2,4382.2,4382.1,6095.2,6095.7,6097.3,8581.7,8581.6,8580.1,5188.4,5187.6,5188.5,7381.2,7379.5,7379.5,6080.4,6079.6,6079.5,1849.9,1848.4,1848.4,3656.2,3656.4,3657.5,2546.3,2545.0,2545.6,2885.8,2884.8,2885.5,27.309999,26.950001,going to home base
2024-04-13T01:41:24Z,2366.9,2366.1,2366.4,2608.0,2607.9,2608.2,5647.5,5647.3,5647.1,2327.6,2327.5,2327.7,3481.9,3481.4,3481.6,4381.0,4381.2,4381.4,6097.5,6096.9,6096.5,8580.7,8581.6,8579.4,5187.1,5187.5,5187.9,7379.5,7379.1,7380.5,6080.8,6080.0,6081.7,1850.1,1848.5,1848.2,3656.0,3656.5,3657.2,2545.1,2544.7,2544.7,2885.2,2884.0,2884.5,27.309999,26.990000,going to home base
2024-04-13T01:41:29Z,2366.7,2366.4,2366.4,2607.8,2607.5,2607.8,5647.4,5647.1,5647.4,2328.4,2328.2,2328.7,3482.1,3481.3,3481.6,4381.2,4381.2,4381.1,6095.4,6096.2,6098.5,8580.0,8583.3,8581.3,5188.7,5188.5,5188.4,7380.0,7380.6,7381.3,6080.7,6081.2,6080.8,1849.7,1848.1,1847.9,3655.2,3654.9,3656.0,2545.7,2544.9,2545.1,2884.7,2884.2,2884.2,27.309999,26.959999,going to home base
2024-04-13T01:41:34Z,2366.5,2365.7,2366.0,2607.8,2607.7,2608.0,5647.4,5646.6,5646.8,2327.7,2327.6,2327.9,3482.1,3481.6,3481.6,4381.4,4381.0,4381.6,6097.2,6096.9,6097.3,8579.3,8578.5,8576.5,5188.0,5187.4,5188.8,7380.1,7378.8,7379.8,6081.2,6080.9,6082.2,1850.0,1848.7,1848.7,3655.3,3655.4,3656.6,2545.3,2545.2,2544.8,2883.1,2883.4,2883.6,27.320000,26.950001,going to home base
2024-04-13T01:41:39Z,2366.4,2365.9,2366.4,2607.6,2607.5,2607.8,5647.5,5647.3,5647.4,2327.9,2327.5,2328.0,3481.1,3481.2,3481.2,4381.4,4381.3,4380.5,6099.2,6096.7,6098.3,8580.2,8578.5,8578.6,5188.2,5187.7,5188.6,7381.7,7382.7,7382.3,6080.2,6082.3,6080.1,1849.7,1847.9,1847.9,3655.0,3655.5,3656.0,2545.4,2544.5,2544.7,2884.7,2884.2,2884.6,27.320000,27.020000,going to home base
2024-04-13T01:41:44Z,2366.7,2365.8,2366.3,2607.5,2606.9,2607.5,5647.3,5646.8,5647.0,2327.3,2327.4,2327.8,3481.8,3482.3,3482.2,4381.4,4381.3,4381.5,6099.3,6100.6,6100.1,8579.2,8579.4,8577.9,5187.1,5186.8,5188.7,7381.5,7381.7,7379.8,6080.4,6081.1,6081.8,1850.0,1848.6,1848.1,3655.1,3655.4,3656.3,2545.9,2544.6,2544.6,2885.0,2885.5,2885.3,27.320000,27.000000,going to home base
2024-04-13T01:41:49Z,2366.3,2365.3,2365.9,2607.0,2606.9,2607.4,5647.4,5646.7,5646.9,2327.1,2327.1,2327.2,3482.5,3481.9,3481.3,4380.7,4380.9,4380.5,6098.2,6097.2,6099.1,8580.3,8580.2,8580.6,5186.2,5186.6,5187.4,7379.9,7379.7,7380.5,6080.9,6081.5,6081.6,1849.9,1848.3,1848.4,3655.4,3655.5,3656.6,2545.5,2544.1,2544.1,2884.3,2883.7,2884.9,27.350000,27.020000,going to home base
2024-04-13T01:41:54Z,2366.6,2365.7,2365.8,2606.4,2606.4,2606.4,5647.0,5646.6,5646.7,2327.4,2327.1,2327.5,3480.8,3481.3,3481.0,4380.8,4381.3,4381.3,6097.3,6097.4,6097.3,8579.5,8579.9,8579.4,5188.3,5188.4,5188.4,7381.4,7380.0,7380.1,6082.2,6083.8,6082.9,1850.1,1848.4,1848.4,3656.4,3656.6,3657.4,2545.7,2544.6,2544.5,2884.4,2883.8,2884.0,27.320000,26.950001,going to home base
2024-04-13T01:41:59Z,2366.3,2365.9,2366.0,2606.8,2606.9,2607.2,5647.0,5646.8,5646.6,2327.7,2327.7,2328.2,3480.8,3480.4,3480.6,4380.9,4380.9,4380.9,6097.4,6097.4,6096.9,8580.4,8581.1,8580.3,5186.7,5186.3,5186.8,7381.3,7381.1,7381.0,6083.8,6081.2,6081.9,1849.3,1848.0,1848.4,3655.8,3655.6,3656.6,2545.8,2544.9,2544.9,2885.2,2884.6,2885.4,27.320000,26.980000,going to home base
2024-04-13T01:42:04Z,2366.0,2365.6,2366.0,2607.0,2606.3,2607.0,5647.4,5646.5,5646.6,2327.6,2327.5,2328.1,3481.9,3481.4,3481.9,4380.7,4380.6,4380.6,6096.3,6097.0,6097.7,8579.0,8584.5,8579.4,5185.2,5185.6,5185.3,7381.2,7380.0,7378.3,6078.9,6077.8,6078.0,1849.9,1848.7,1848.3,3655.9,3655.7,3657.0,2545.5,2544.3,2544.8,2883.8,2884.4,2884.2,27.320000,26.959999,going to home base
2024-04-13T01:42:09Z,2366.5,2365.5,2365.6,2605.7,2606.5,2606.5,5646.8,5646.7,5646.5,2327.8,2328.0,2328.3,3481.8,3480.9,3480.7,4380.3,4380.3,4380.5,6095.8,6097.1,6097.3,8581.2,8580.4,8580.8,5186.7,5186.1,5186.6,7375.9,7376.4,7376.3,6081.8,6082.1,6083.3,1849.6,1848.2,1847.7,3655.4,3655.8,3656.6,2545.1,2544.1,2544.6,2884.6,2883.9,2884.0,27.299999,26.930000,going to home base
2024-04-13T01:42:14Z,2366.6,2366.1,2365.9,2606.2,2605.5,2606.9,5646.3,5645.7,5645.9,2327.6,2327.5,2328.1,3482.2,3482.1,3481.6,4380.1,4380.3,4380.0,6093.8,6095.3,6095.9,8583.7,8579.7,8579.4,5186.0,5185.8,5185.4,7378.6,7377.8,7377.2,6077.8,6080.2,6080.8,1849.2,1847.9,1848.1,3655.9,3655.8,3656.2,2544.6,2544.3,2544.3,2885.1,2885.2,2884.6,27.320000,26.930000,going to home base
2024-04-13T01:42:19Z,2366.5,2365.8,2366.1,2606.2,2606.3,2606.0,5646.2,5645.9,5646.3,2327.4,2327.2,2327.7,3481.7,3481.4,3482.1,4379.7,4379.1,4379.3,6096.6,6095.1,6094.9,8579.1,8578.8,8577.7,5183.7,5184.3,5185.3,7377.6,7375.8,7377.0,6080.5,6079.9,6080.6,1849.0,1847.7,1847.5,3655.9,3655.5,3656.4,2544.9,2544.4,2544.3,2884.3,2884.1,2884.7,27.309999,26.959999,going to home base
2024-04-13T01:42:24Z,2366.1,2365.6,2366.0,2606.9,2607.2,2607.3,5646.5,5646.2,5646.0,2326.6,2327.7,2328.1,3480.1,3479.5,3479.6,4379.4,4379.0,4379.4,6095.0,6093.8,6093.2,8578.4,8578.3,8576.7,5184.4,5183.9,5185.2,7378.6,7378.0,7377.2,6079.8,6080.3,6080.6,1848.9,1847.7,1847.4,3656.1,3656.6,3657.2,2544.0,2543.6,2543.8,2886.0,2885.6,2886.0,27.309999,26.930000,going to home base
2024-04-13T01:42:29Z,2366.3,2365.5,2366.1,2606.6,2606.6,2606.2,5646.5,5645.9,5646.2,2327.7,2327.8,2327.6,3480.1,3480.2,3479.9,4379.5,4379.7,4379.8,6095.3,6096.3,6096.9,8576.1,8577.9,8578.9,5184.8,5184.5,5186.3,7378.6,7378.6,7377.8,6082.4,6081.1,6081.1,1849.1,1847.7,1847.6,3655.6,3655.2,3656.6,2545.2,2544.4,2544.1,2885.4,2884.3,2884.6,27.309999,26.980000,going to home base
2024-04-13T01:42:34Z,2366.7,2365.8,2366.1,2606.9,2606.3,2606.3,5646.6,5646.3,5646.4,2327.8,2328.1,2328.2,3481.2,3480.6,3480.1,4379.5,4379.4,4379.2,6096.0,6095.3,6096.4,8580.0,8577.9,8578.7,5185.0,5184.4,5184.8,7381.3,7380.0,7378.6,6081.4,6079.5,6081.0,1848.8,1847.6,1847.5,3656.0,3656.1,3656.6,2544.5,2543.6,2544.1,2885.0,2884.2,2884.6,27.340000,27.000000,going to home base
2024-04-13T01:42:39Z,2365.9,2365.1,2365.4,2606.8,2606.2,2606.5,5646.5,5646.4,5646.4,2327.5,2327.2,2327.7,3481.6,3480.9,3481.0,4379.8,4380.0,4380.2,6097.0,6095.8,6096.1,8581.8,8581.5,8582.4,5186.0,5184.6,5185.3,7380.8,7379.6,7379.3,6083.0,6081.7,6081.8,1849.1,1847.8,1847.8,3656.2,3656.2,3657.3,2545.0,2544.4,2544.3,2885.1,2884.8,2884.3,27.320000,26.959999,going to home base
2024-04-13T01:42:44Z,2366.3,2365.4,2366.0,2606.6,2606.9,2606.4,5646.4,5645.2,5645.9,2326.9,2326.9,2327.1,3480.5,3480.3,3480.0,4379.7,4379.8,4379.4,6097.4,6096.7,6097.7,8579.2,8578.9,8577.2,5184.7,5184.9,5185.0,7380.6,7377.9,7379.3,6079.7,6079.9,6080.5,1848.9,1847.6,1847.5,3655.2,3654.9,3656.7,2544.5,2543.3,2543.8,2884.5,2884.1,2884.3,27.299999,26.990000,going to home base
2024-04-13T01:42:49Z,2366.4,2365.9,2366.1,2606.3,2606.4,2606.9,5646.5,5646.2,5646.1,2326.9,2327.1,2328.1,3481.0,3480.4,3480.5,4378.9,4379.4,4379.5,6095.3,6094.4,6094.4,8579.3,8578.6,8580.2,5187.5,5186.1,5187.2,7378.7,7378.9,7380.0,6080.5,6079.0,6080.6,1849.7,1848.3,1847.7,3655.4,3655.0,3656.1,2545.7,2544.4,2544.6,2886.1,2885.8,2886.1,27.309999,27.020000,going to home base
2024-04-13T01:42:54Z,2366.7,2366.1,2366.0,2605.8,2605.9,2606.2,5647.0,5646.6,5646.4,2327.3,2327.6,2327.9,3480.7,3480.2,3479.9,4379.8,4379.9,4379.9,6095.4,6095.6,6096.8,8576.5,8577.7,8580.1,5187.0,5186.2,5187.5,7381.6,7380.4,7380.7,6079.2,6079.5,6078.7,1849.3,1848.1,1847.8,3655.6,3655.8,3656.9,2545.5,2544.4,2545.3,2885.8,2885.7,2885.8,27.320000,27.059999,going to home base
2024-04-13T01:42:59Z,2366.4,2365.7,2365.7,2606.3,2606.2,2606.9,5646.8,5646.2,5646.5,2327.6,2327.5,2328.1,3481.3,3480.8,3480.8,4379.7,4380.2,4379.9,6093.6,6092.7,6094.8,8577.7,8577.1,8580.6,5187.0,5185.8,5187.9,7378.9,7379.0,7380.2,6081.0,6079.9,6080.0,1849.6,1848.1,1848.3,3655.9,3655.8,3656.7,2544.8,2543.8,2543.7,2885.9,2885.5,2885.8,27.299999,27.070000,going to home base
2024-04-13T01:43:04Z,2366.5,2365.9,2366.0,2606.5,2606.5,2606.4,5646.2,5645.8,5646.0,2327.6,2327.5,2327.8,3481.0,3480.0,3480.1,4380.8,4379.9,4379.7,6093.9,6094.5,6096.0,8577.1,8575.7,8575.7,5187.4,5186.1,5187.6,7380.0,7378.6,7379.1,6082.0,6081.7,6081.3,1849.3,1847.9,1847.8,3657.1,3656.7,3657.7,2545.0,2543.5,2544.5,2885.0,2884.4,2884.7,27.309999,27.070000,going to home base
2024-04-13T01:43:09Z,2366.3,2365.4,2365.7,2606.3,2605.8,2606.3,5646.5,5645.9,5646.1,2327.9,2328.0,2327.6,3481.3,3481.1,3480.5,4380.4,4380.2,4380.2,6097.4,6098.2,6097.3,8578.3,8576.3,8577.0,5187.6,5187.8,5189.2,7378.5,7378.4,7378.6,6081.6,6080.2,6079.5,1849.4,1848.4,1848.0,3656.0,3655.9,3656.7,2544.8,2544.3,2544.4,2885.7,2884.4,2885.4,27.280001,27.129999,going to home base
2024-04-13T01:43:14Z,2366.6,2365.4,2365.7,2606.4,2606.6,2607.1,5647.0,5645.8,5646.0,2327.7,2327.7,2327.8,3480.6,3481.1,3480.8,4380.2,4380.0,4380.0,6094.7,6096.4,6094.4,8580.0,8576.9,8582.5,5187.3,5186.3,5187.2,7380.0,7378.7,7380.0,6078.2,6079.3,6078.7,1848.7,1847.4,1847.3,3655.8,3656.0,3656.8,2545.2,2544.7,2544.2,2885.8,2885.3,2885.3,27.340000,27.070000,going to home base
2024-04-13T01:43:19Z,2366.8,2366.0,2366.1,2606.8,2607.0,2607.2,5646.4,5646.3,5646.1,2327.3,2327.0,2327.5,3481.8,3480.7,3480.9,4380.3,4380.2,4379.1,6095.4,6093.2,6095.5,8576.8,8577.8,8578.9,5186.6,5185.6,5186.8,7379.3,7377.5,7378.1,6080.2,6079.8,6080.3,1849.0,1847.9,1847.6,3656.0,3656.2,3657.3,2545.3,2544.3,2544.1,2885.6,2885.4,2886.6,27.309999,27.040001,going to home base
2024-04-13T01:43:24Z,2366.9,2365.5,2366.2,2606.0,2606.0,2606.4,5646.8,5646.0,5646.4,2327.1,2327.0,2327.6,3482.0,3481.2,3481.3,4379.7,4379.5,4379.8,6094.0,6095.6,6096.3,8579.2,8577.0,8577.0,5186.1,5186.4,5187.5,7377.6,7377.2,7376.5,6076.7,6077.2,6075.8,1848.9,1847.5,1847.4,3656.0,3656.2,3656.6,2545.3,2544.3,2544.9,2884.2,2884.6,2885.4,27.309999,27.030001,going to home base
2024-04-13T01:43:29Z,2365.9,2365.2,2365.5,2605.7,2605.8,2605.9,5646.7,5646.4,5646.6,2327.7,2327.6,2328.2,3481.7,3480.6,3480.3,4379.7,4379.6,4379.9,6094.5,6093.0,6093.8,8579.6,8577.2,8580.2,5184.5,5184.2,5185.7,7377.6,7375.9,7377.5,6082.4,6079.4,6081.0,1849.3,1847.7,1847.9,3655.9,3655.7,3656.2,2544.5,2543.0,2543.3,2884.8,2883.8,2883.5,27.309999,27.030001,going to home base
2024-04-13T01:43:34Z,2366.0,2365.2,2365.6,2606.5,2605.9,2606.5,5646.2,5646.1,5646.1,2326.7,2327.0,2328.0,3481.8,3481.3,3481.8,4379.5,4379.1,4379.0,6093.9,6092.0,6095.2,8578.0,8578.5,8579.1,5186.0,5184.8,5185.7,7377.9,7377.9,7376.9,6081.5,6082.6,6082.5,1849.7,1848.1,1848.8,3656.2,3656.3,3657.2,2545.5,2544.6,2544.6,2884.7,2884.0,2884.6,27.320000,27.049999,going to home base
2024-04-13T01:43:39Z,2366.7,2366.0,2366.4,2606.1,2605.8,2606.3,5646.4,5646.2,5646.6,2326.8,2326.9,2327.2,3481.3,3480.8,3481.0,4379.6,4379.9,4379.7,6094.6,6095.1,6095.4,8576.7,8577.6,8577.6,5187.2,5187.0,5188.1,7379.8,7381.1,7382.4,6078.0,6078.5,6079.5,1849.3,1847.7,1847.7,3655.2,3655.0,3656.1,2546.2,2544.6,2545.1,2885.1,2884.0,2884.2,27.309999,27.059999,going to home base
2024-04-13T01:43:44Z,2366.3,2365.7,2366.1,2605.7,2605.8,2605.7,5646.8,5646.3,5646.4,2326.8,2326.8,2327.2,3481.3,3480.9,3480.9,4379.9,4379.5,4379.2,6097.8,6097.6,6096.2,8578.5,8579.2,8579.6,5187.6,5187.4,5187.0,7379.0,7378.8,7378.7,6081.7,6082.6,6080.6,1849.4,1847.9,1847.9,3655.6,3656.2,3656.9,2545.4,2544.9,2544.5,2884.6,2884.1,2883.8,27.320000,27.100000,going to home base
2024-04-13T01:43:49Z,2366.5,2366.0,2366.3,2606.2,2606.5,2606.1,5646.8,5646.0,5646.5,2327.3,2326.9,2327.2,3481.4,3481.2,3480.7,4379.7,4379.2,4379.7,6096.2,6095.5,6096.3,8578.7,8575.5,8579.3,5186.1,5186.6,5187.8,7380.5,7379.5,7381.4,6079.2,6078.6,6079.5,1849.5,1848.0,1847.7,3655.9,3655.4,3656.8,2545.7,2544.7,2545.2,2884.5,2883.2,2883.8,27.309999,27.129999,going to home base
2024-04-13T01:43:54Z,2366.4,2365.9,2366.0,2606.7,2606.1,2606.3,5646.6,5646.4,5646.7,2327.9,2328.2,2328.4,3482.1,3481.3,3481.8,4379.8,4379.6,4379.5,6098.0,6095.7,6098.2,8578.1,8577.4,8578.9,5186.8,5186.5,5186.9,7378.9,7377.1,7376.9,6080.3,6080.4,6080.1,1848.8,1847.6,1847.9,3656.8,3656.9,3657.5,2544.9,2545.3,2545.0,2884.7,2885.9,2884.8,27.309999,27.129999,going to home base
2024-04-13T01:43:59Z,2366.5,2366.0,2366.2,2606.8,2606.4,2606.9,5646.5,5646.3,5646.5,2327.3,2327.3,2327.8,3481.0,3481.3,3480.8,4380.1,4379.8,4379.5,6097.7,6096.7,6098.0,8577.5,8577.7,8577.3,5186.5,5185.9,5187.4,7380.1,7380.1,7379.2,6081.3,6081.1,6079.7,1849.2,1847.8,1848.0,3656.6,3656.4,3657.0,2545.7,2544.9,2545.1,2887.2,2886.0,2886.5,27.309999,27.139999,going to home base
2024-04-13T01:44:04Z,2366.8,2366.1,2366.2,2607.2,2607.0,2607.4,5646.8,5646.4,5646.4,2328.0,2327.8,2328.4,3481.7,3481.5,3481.5,4379.1,4378.8,4379.1,6096.6,6094.9,6095.5,8582.4,8585.5,8580.0,5186.3,5185.9,5187.2,7380.1,7379.0,7378.6,6082.2,6081.4,6080.7,1849.3,1848.3,1847.9,3656.0,3656.2,3656.8,2545.7,2545.3,2545.1,2885.2,2885.6,2885.3,27.309999,27.170000,going to home base
2024-04-13T01:44:09Z,2366.1,2365.4,2365.6,2606.0,2606.4,2606.6,5647.1,5646.4,5646.6,2327.4,2327.5,2328.0,3481.7,3482.2,3481.8,4379.7,4379.7,4379.4,6094.0,6093.2,6093.2,8579.8,8577.3,8578.0,5187.0,5187.1,5187.5,7380.3,7378.7,7380.2,6081.3,6081.0,6079.9,1849.7,1848.2,1848.3,3656.1,3656.5,3657.4,2544.9,2544.7,2544.7,2885.5,2885.2,2885.8,27.309999,27.170000,going to home base
2024-04-13T01:44:14Z,2367.0,2365.7,2365.8,2606.1,2605.7,2606.4,5647.0,5646.8,5646.8,2327.6,2327.7,2328.1,3482.1,3481.4,3481.3,4380.1,4380.0,4380.2,6091.1,6089.1,6091.2,8581.0,8584.1,8583.5,5187.0,5187.6,5187.5,7379.6,7378.9,7379.2,6080.7,6081.1,6080.7,1849.1,1848.1,1848.0,3656.6,3657.0,3657.3,2544.7,2544.4,2545.1,2885.1,2885.3,2884.9,27.309999,27.180000,going to home base
2024-04-13T01:44:19Z,2365.9,2365.2,2365.3,2606.6,2606.5,2606.4,5647.5,5646.7,5646.6,2328.2,2328.0,2328.3,3482.2,3481.2,3481.2,4379.3,4379.2,4379.1,6095.3,6095.8,6095.1,8582.8,8580.4,8577.2,5186.3,5186.4,5185.8,7378.4,7378.7,7378.3,6081.9,6081.3,6082.2,1849.5,1848.3,1848.0,3656.9,3656.7,3657.4,2544.7,2543.5,2543.7,2884.0,2883.7,2884.1,27.320000,27.070000,going to home base
2024-04-13T01:44:24Z,2366.2,2365.5,2365.9,2606.2,2606.4,2606.3,5646.6,5645.8,5646.3,2327.3,2327.6,2328.4,3482.0,3481.3,3481.6,4378.9,4378.9,4379.6,6094.8,6093.4,6094.3,8578.2,8579.7,8577.0,5187.8,5187.4,5187.9,7378.9,7378.4,7379.3,6077.8,6078.5,6082.8,1848.9,1847.8,1847.4,3656.1,3656.5,3657.2,2544.8,2544.2,2544.7,2885.2,2884.6,2885.1,27.309999,27.020000,going to home base
2024-04-13T01:44:29Z,2366.2,2365.8,2365.7,2606.0,2605.6,2606.2,5646.7,5646.2,5646.9,2327.6,2327.8,2327.7,3480.9,3480.9,3481.0,4379.6,4379.6,4379.5,6095.2,6096.7,6095.3,8578.9,8579.3,8576.6,5187.4,5187.7,5188.1,7379.1,7378.4,7378.6,6081.8,6080.5,6079.7,1849.5,1848.2,1847.8,3656.9,3657.2,3658.5,2543.9,2543.5,2543.7,2884.4,2884.4,2884.2,27.309999,27.020000,going to home base
2024-04-13T01:44:34Z,2365.9,2365.1,2365.9,2605.5,2605.3,2606.0,5646.4,5646.2,5646.0,2328.0,2327.9,2329.0,3481.4,3480.9,3480.8,4379.9,4378.9,4379.5,6094.4,6095.6,6093.8,8583.6,8584.0,8583.1,5186.0,5186.0,5185.8,7379.7,7378.9,7378.6,6081.4,6081.7,6082.8,1849.0,1847.7,1847.9,3656.1,3656.3,3657.5,2544.7,2544.2,2544.8,2885.5,2884.6,2884.6,27.309999,26.990000,going to home base
2024-04-13T01:44:39Z,2366.0,2365.3,2365.4,2605.6,2605.4,2605.7,5646.2,5645.4,5645.8,2327.5,2327.1,2328.3,3482.4,3481.7,3481.3,4379.6,4379.5,4379.4,6094.2,6094.7,6094.5,8580.0,8578.9,8578.2,5185.2,5185.1,5185.9,7377.2,7376.0,7378.2,6081.0,6080.6,6081.2,1849.2,1848.0,1847.9,3656.2,3656.6,3656.9,2544.3,2543.3,2543.5,2885.2,2885.3,2885.4,27.309999,26.950001,going to home base
2024-04-13T01:44:44Z,2365.8,2365.1,2365.0,2605.6,2605.6,2606.3,5646.5,5645.9,5645.9,2328.2,2327.9,2328.2,3482.0,3482.1,3481.4,4379.5,4379.4,4379.0,6094.8,6094.3,6094.7,8579.4,8578.9,8577.1,5186.2,5185.3,5186.3,7379.9,7378.7,7378.1,6080.0,6080.4,6082.8,1850.3,1848.5,1848.7,3656.3,3656.5,3657.4,2545.7,2545.2,2545.0,2884.9,2883.6,2883.8,27.309999,26.959999,going to home base
2024-04-13T01:44:49Z,2366.3,2365.9,2366.2,2606.1,2606.1,2606.5,5645.6,5645.3,5645.0,2328.0,2327.4,2328.4,3481.9,3481.6,3481.5,4379.8,4379.5,4379.8,6095.7,6094.2,6097.2,8578.9,8578.5,8576.4,5185.1,5184.7,5187.4,7379.9,7377.6,7377.6,6080.2,6079.9,6082.1,1849.2,1847.9,1847.6,3655.3,3656.0,3657.4,2544.7,2543.6,2544.4,2883.8,2882.9,2883.9,27.299999,26.950001,going to home base
2024-04-13T01:44:54Z,2366.3,2365.2,2365.4,2605.9,2606.0,2606.6,5646.2,5645.3,5645.5,2328.2,2328.0,2328.3,3482.8,3482.7,3481.6,4379.6,4379.9,4379.8,6097.7,6096.4,6097.1,8581.2,8578.9,8579.4,5186.1,5185.0,5186.6,7378.5,7378.2,7379.1,6083.4,6083.8,6083.2,1849.2,1847.2,1847.1,3656.8,3656.5,3657.1,2545.4,2544.0,2544.1,2886.6,2885.5,2886.1,27.309999,26.950001,going to home base
2024-04-13T01:44:59Z,2365.9,2365.3,2365.5,2606.6,2606.5,2606.7,5646.2,5645.8,5646.1,2327.4,2327.8,2328.3,3481.4,3481.5,3481.3,4379.6,4379.6,4379.6,6093.1,6093.9,6096.5,8578.1,8578.8,8577.6,5185.6,5184.9,5186.7,7379.5,7379.8,7377.8,6081.9,6082.3,6082.6,1849.4,1847.8,1847.9,3655.9,3655.9,3656.9,2544.9,2543.9,2544.5,2883.6,2883.7,2883.9,27.309999,26.950001,going to home base
2024-04-13T01:45:04Z,2365.9,2365.3,2365.4,2606.2,2606.7,2606.8,5645.4,5644.7,5645.1,2327.1,2327.1,2327.8,3481.3,3480.9,3481.3,4379.1,4378.9,4379.2,6097.6,6097.8,6096.8,8578.6,8580.1,8579.6,5184.6,5183.1,5184.2,7377.6,7377.8,7378.8,6082.4,6081.3,6080.8,1849.5,1847.9,1847.7,3655.9,3655.3,3656.3,2544.6,2543.4,2544.1,2884.3,2883.9,2884.7,27.309999,27.030001,going to home base
2024-04-13T01:45:09Z,2365.9,2365.4,2365.4,2607.1,2606.2,2606.6,5645.0,5644.5,5644.5,2327.5,2327.7,2327.3,3480.7,3480.0,3480.5,4379.3,4379.1,4379.3,6093.5,6094.5,6094.5,8579.5,8578.6,8578.4,5183.8,5183.7,5184.4,7379.7,7378.2,7379.0,6081.7,6080.3,6081.3,1849.3,1848.1,1847.9,3655.4,3655.3,3656.2,2545.5,2544.5,2544.4,2885.3,2884.6,2885.6,27.309999,26.990000,going to home base
2024-04-13T01:45:14Z,2365.6,2365.3,2365.3,2606.1,2606.2,2606.6,5645.4,5645.0,5645.1,2327.4,2327.6,2328.0,3481.4,3481.2,3480.7,4379.3,4379.0,4379.5,6094.2,6094.1,6095.5,8579.7,8578.1,8578.1,5184.9,5184.7,5184.5,7379.9,7378.6,7380.9,6080.2,6080.1,6082.4,1849.2,1848.0,1848.0,3655.0,3655.1,3655.8,2543.9,2542.6,2543.1,2884.1,2883.8,2884.6,27.309999,26.930000,going to home base
2024-04-13T01:45:19Z,2365.7,2364.7,2365.3,2604.8,2604.9,2605.4,5645.2,5644.8,5644.6,2327.4,2327.6,2327.9,3481.8,3480.7,3480.8,4379.1,4379.4,4379.2,6090.9,6092.4,6092.7,8576.8,8577.4,8578.8,5185.3,5184.9,5184.8,7378.0,7378.9,7377.9,6080.6,6080.2,6081.6,1849.4,1847.8,1848.0,3655.6,3655.6,3656.4,2544.2,2543.0,2543.5,2884.1,2883.8,2884.0,27.299999,26.920000,going to home base
2024-04-13T01:45:24Z,2365.7,2365.2,2365.4,2605.7,2605.5,2605.6,5645.1,5644.5,5644.4,2327.4,2327.4,2327.9,3482.0,3481.9,3481.2,4378.3,4378.7,4378.8,6093.2,6091.9,6092.3,8577.1,8579.8,8578.7,5183.2,5182.3,5183.1,7378.9,7377.8,7378.5,6080.4,6080.5,6081.2,1849.5,1847.9,1847.7,3655.0,3654.9,3655.4,2544.7,2543.0,2544.0,2885.1,2884.7,2885.1,27.299999,26.920000,going to home base
2024-04-13T01:45:29Z,2366.0,2365.1,2365.3,2607.0,2606.6,2606.7,5644.6,5644.4,5644.6,2327.4,2327.7,2328.1,3481.3,3480.8,3480.8,4378.4,4378.9,4378.4,6094.7,6094.5,6094.7,8577.3,8577.8,8578.4,5184.6,5184.0,5185.6,7378.1,7377.7,7377.9,6082.2,6081.5,6081.8,1849.5,1848.2,1847.8,3655.2,3655.3,3656.1,2544.6,2544.2,2544.2,2884.7,2884.7,2885.5,27.309999,26.930000,going to home base
2024-04-13T01:45:34Z,2365.1,2364.7,2364.9,2606.4,2606.3,2606.6,5645.1,5644.6,5644.5,2327.4,2327.8,2328.0,3480.4,3479.9,3480.0,4378.6,4378.7,4378.5,6094.4,6093.2,6095.5,8577.7,8577.8,8577.2,5185.0,5185.8,5186.1,7379.4,7376.7,7378.1,6080.0,6079.2,6079.1,1848.9,1847.4,1847.5,3654.8,3655.1,3655.8,2545.0,2544.4,2544.3,2884.7,2883.0,2884.0,27.299999,26.990000,going to home base
2024-04-13T01:45:39Z,2366.0,2365.3,2365.6,2606.2,2605.6,2606.3,5645.3,5644.5,5644.7,2327.3,2327.8,2328.0,3480.2,3480.3,3480.2,4378.6,4378.6,4378.4,6091.4,6092.4,6092.1,8577.9,8579.4,8576.1,5185.4,5186.0,5186.0,7377.3,7376.1,7375.5,6079.5,6079.3,6079.0,1849.7,1847.8,1848.0,3655.3,3655.3,3655.8,2544.5,2543.9,2543.8,2884.7,2883.8,2884.0,27.299999,26.959999,going to home base
2024-04-13T01:45:44Z,2365.7,2365.2,2365.4,2605.9,2605.9,2606.2,5645.1,5644.5,5644.5,2327.1,2326.7,2327.1,3480.6,3480.8,3480.3,4378.9,4378.4,4378.3,6095.8,6096.6,6098.0,8582.1,8580.9,8579.8,5183.7,5183.0,5182.9,7378.1,7375.8,7377.0,6079.2,6081.2,6080.7,1849.5,1848.3,1848.0,3655.1,3655.0,3655.8,2544.1,2543.5,2543.3,2884.4,2883.9,2884.1,27.309999,26.980000,going to home base
2024-04-13T01:45:49Z,2366.0,2364.9,2365.2,2606.1,2605.7,2606.9,5645.1,5644.3,5644.8,2327.7,2327.6,2327.5,3480.1,3480.0,3480.1,4378.6,4378.7,4378.8,6093.5,6092.6,6093.7,8579.5,8577.6,8577.0,5184.4,5183.9,5183.9,7377.7,7376.8,7375.5,6078.9,6078.1,6077.7,1849.2,1847.6,1848.1,3654.6,3654.6,3655.5,2543.9,2542.2,2542.6,2884.8,2884.0,2884.5,27.299999,27.020000,going to home base
2024-04-13T01:45:54Z,2366.2,2365.5,2365.8,2605.5,2606.1,2606.3,5644.6,5644.6,5644.5,2327.2,2327.0,2327.2,3480.5,3479.9,3480.6,4379.0,4378.8,4378.8,6096.7,6096.1,6096.5,8579.6,8577.7,8579.2,5183.4,5184.3,5183.9,7377.1,7375.6,7375.8,6081.9,6079.9,6080.9,1849.5,1847.7,1847.9,3655.7,3656.0,3656.4,2544.4,2543.2,2543.0,2885.5,2885.4,2885.1,27.299999,27.020000,going to home base
2024-04-13T01:46:04Z,2366.5,2365.9,2365.9,2606.4,2606.3,2606.6,5644.9,5644.6,5644.5,2327.1,2327.1,2327.6,3479.4,3479.1,3479.3,4378.6,4378.8,4378.7,6094.7,6094.1,6093.4,8start,26681.0,26681.8,2365.6,2365.3,2365.5,2605.8,2605.9,2606.5,5643.9,5644.4,5644.2,3734.7,87917.8,87891.6,14142.5,14143.3,14141.2,3480.1,3479.7,3478.9,4378.2,4378.0,4377.8,6092.9,16473.3,going to home base
2024-04-13T01:46:14Z,2366.0,2365.0,2365.5,2605.9,2605.9,2606.0,5645.0,5644.9,5644.6,2326.2,2326.5,2326.9,3479.8,3479.6,3479.5,4378.6,4377.7,4377.9,6092.6,6093.9,6094.2,8575.4,8578.6,8576.3,5185.1,5185.8,5184.5,7377.8,7376.4,7377.6,6081.7,6081.3,6081.2,1850.0,1848.3,1848.1,3653.9,3654.2,3654.9,2543.3,2542.4,2543.1,2886.1,2885.3,2885.8,27.309999,26.950001,going to home base
2024-04-13T01:46:19Z,2365.5,2364.9,2364.8,2606.2,2605.8,2606.3,5644.6,5644.6,5644.8,2326.5,2326.7,2327.1,3479.8,3479.9,3479.5,4378.6,4378.4,4377.9,6093.4,6095.6,6094.2,8577.5,8576.0,8578.9,5186.1,5184.1,5185.2,7377.1,7376.3,7376.6,6081.1,6080.9,6080.4,1849.4,1847.4,1848.0,3655.2,3655.5,3655.4,2543.7,2543.0,2542.9,2883.9,2882.5,2882.9,27.309999,27.020000,going to home base
2024-04-13T01:46:24Z,2365.7,2365.2,2365.2,2606.2,2605.7,2606.1,5645.5,5645.4,5645.5,2326.6,2326.9,2327.3,3480.1,3479.8,3479.2,4378.4,4378.3,4378.5,6096.6,6096.0,6096.3,8581.0,8576.2,8583.7,5185.9,5184.1,5185.3,7374.6,7373.1,7373.5,6079.5,6079.5,6079.8,1849.3,1847.9,1847.6,3654.5,3654.8,3655.9,2544.3,2543.6,2543.4,2884.6,2883.7,2884.0,27.280001,26.990000,going to home base
2024-04-13T01:46:29Z,2365.8,2365.2,2365.0,2605.7,2606.0,2606.4,5645.5,5644.6,5645.0,2326.5,2326.5,2327.2,3480.6,3480.5,3480.2,4378.4,4378.3,4378.3,6093.5,6094.9,6093.2,8580.7,8582.0,8579.9,5183.3,5183.4,5183.6,7376.3,7376.1,7375.4,6077.2,6077.3,6079.5,1849.0,1847.7,1847.7,3654.8,3655.0,3655.6,2543.1,2542.3,2542.3,2884.7,2884.3,2883.9,27.309999,26.950001,going to home base
2024-04-13T01:46:34Z,2366.1,2365.4,2365.8,2605.8,2605.9,2605.7,5645.9,5645.3,5645.5,2326.7,2326.8,2327.0,3479.9,3480.4,3479.5,4378.9,4378.7,4378.7,6092.6,6093.1,6094.3,8576.9,8576.8,8576.2,5183.9,5183.9,5185.4,7376.9,7375.9,7375.4,6082.3,6080.7,6081.7,1849.1,1847.6,1847.9,3654.9,3654.7,3656.0,2543.3,2542.5,2542.5,2883.9,2883.1,2883.9,27.320000,26.930000,going to home base
2024-04-13T01:46:39Z,2365.8,2365.5,2365.8,2605.3,2605.2,2605.6,5645.0,5644.5,5644.4,2327.3,2327.2,2327.5,3479.4,3478.9,3479.2,4378.4,4378.2,4378.5,6093.6,6092.7,6092.4,8575.8,8578.5,8575.8,5183.8,5182.9,5183.3,7376.0,7376.2,7377.6,6081.2,6082.0,6079.8,1848.5,1847.2,1847.1,3654.1,3653.7,3655.1,2544.2,2543.2,2543.7,2883.7,2883.2,2883.6,27.280001,26.930000,going to home base
2024-04-13T01:46:44Z,2366.1,2365.2,2365.8,2605.3,2605.7,2605.6,5644.9,5644.6,5644.8,2327.5,2326.7,2327.7,3479.8,3479.3,3479.5,4378.7,4378.5,4379.2,6091.1,6091.6,6090.0,8575.4,8576.0,8575.1,5184.7,5183.7,5185.6,7377.3,7377.5,7376.1,6080.3,6079.5,6079.4,1849.5,1847.6,1848.1,3654.8,3655.0,3655.8,2543.7,2542.8,2542.7,2884.2,2883.9,2884.4,27.299999,26.959999,going to home base
2024-04-13T01:46:49Z,2366.2,2365.2,2365.3,2604.7,2604.7,2604.7,5644.7,5643.9,5644.3,2327.3,2327.1,2327.5,3480.1,3479.9,3479.2,4377.7,4377.9,4377.9,6093.2,6091.5,6091.8,8575.7,8575.1,8574.4,5183.1,5184.2,5186.4,7378.8,7377.7,7377.7,6078.7,6078.1,6079.0,1849.3,1847.7,1848.0,3654.7,3654.6,3654.9,2543.7,2542.9,2543.2,2883.5,2883.0,2883.6,27.309999,26.959999,going to home base
2024-04-13T01:46:54Z,2366.0,2365.4,2365.7,2604.7,2604.8,2605.9,5644.7,5644.8,5644.2,2327.1,2327.1,2327.6,3480.8,3480.2,3480.0,4378.3,4377.9,4378.1,6091.6,6090.5,6091.9,8576.0,8574.2,8574.1,5183.6,5182.2,5184.0,7376.3,7375.4,7375.5,6080.5,6079.9,6081.1,1849.4,1848.4,1848.2,3653.9,3654.6,3655.6,2543.3,2542.6,2542.5,2883.9,2883.2,2884.1,27.299999,26.930000,going to home base
2024-04-13T01:46:59Z,2366.0,2365.4,2365.3,2605.2,2605.0,2605.9,5644.5,5644.0,5644.1,2327.2,2327.5,2327.5,3480.9,3480.5,3480.2,4377.6,4377.5,4378.0,6091.1,6091.3,6090.6,8575.1,8573.3,8575.6,5183.7,5184.7,5185.8,7375.2,7373.5,7374.5,6081.4,6080.5,6080.0,1849.1,1847.7,1847.7,3654.2,3653.8,3654.4,2542.9,2542.2,2542.8,2884.9,2884.3,2884.2,27.309999,26.850000,going to home base
2024-04-13T01:47:04Z,2366.1,2365.3,2365.6,2604.7,2605.2,2605.5,5644.2,5644.0,5644.6,2327.3,2326.4,2326.9,3480.7,3480.0,3480.5,4377.6,4377.0,4376.9,6091.4,6091.4,6093.2,8574.8,8572.8,8573.1,5184.2,5184.5,5185.1,7374.7,7374.7,7374.1,6080.6,6079.6,6080.0,1848.8,1848.0,1848.1,3654.4,3654.5,3654.7,2544.2,2543.5,2543.3,2884.4,2884.3,2884.0,27.320000,26.879999,going to home base
2024-04-13T01:47:09Z,2365.8,2365.2,2365.3,2605.3,2605.4,2606.0,5644.1,5644.1,5643.7,2327.2,2327.2,2327.9,3480.3,3480.3,3480.4,4377.7,4377.2,4377.4,6091.9,6091.6,6092.5,8574.9,8575.9,8572.5,5185.1,5183.8,5184.5,7377.3,7376.4,7376.3,6079.8,6078.4,6078.8,1849.4,1847.5,1847.5,3654.6,3655.1,3655.7,2543.4,2542.5,2542.8,2885.3,2884.3,2884.4,27.299999,26.820000,going to home base
2024-04-13T01:47:14Z,2366.2,2365.3,2365.5,2605.3,2606.1,2605.9,5643.7,5643.2,5643.5,2327.1,2327.5,2327.7,3480.9,3480.3,3480.4,4376.4,4376.6,4376.7,6090.1,6089.6,6091.0,8573.8,8571.1,8571.9,5185.0,5184.2,5184.2,7378.3,7376.5,7376.2,6079.1,6078.1,6079.6,1848.6,1847.4,1847.1,3654.6,3654.3,3654.8,2544.3,2543.4,2543.8,2884.7,2883.4,2883.2,27.299999,26.860001,going to home base
2024-04-13T01:47:19Z,2365.9,2365.3,2365.4,2605.4,2605.2,2605.7,5644.1,5643.7,5644.3,2327.7,2327.5,2327.7,3480.6,3480.3,3480.2,4376.5,4376.4,4376.6,6091.7,6091.7,6091.7,8573.7,8572.6,8572.8,5185.0,5183.4,5183.8,7376.3,7375.3,7375.8,6078.5,6078.5,6079.0,1849.7,1847.4,1847.5,3655.1,3655.1,3655.7,2543.8,2542.8,2542.8,2883.7,2882.7,2883.3,27.309999,26.889999,going to home base
2024-04-13T01:47:24Z,2365.6,2364.9,2365.1,2605.1,2605.2,2605.3,5644.2,5643.7,5643.4,2327.9,2327.4,2327.8,3479.8,3479.4,3479.8,4377.5,4377.4,4377.6,6089.7,6089.8,6089.7,8574.5,8573.8,8573.6,5185.3,5184.3,5186.4,7378.2,7374.3,7376.4,6078.4,6077.6,6079.0,1848.8,1847.4,1847.4,3654.5,3655.0,3655.8,2543.0,2542.5,2542.5,2885.2,2884.3,2884.8,27.309999,26.889999,going to home base
2024-04-13T01:47:29Z,2365.7,2365.4,2365.7,2604.7,2604.7,2605.0,5643.8,5643.3,5643.7,2327.4,2327.3,2327.9,3481.3,3480.8,3480.3,4376.9,4376.6,4377.0,6092.6,6090.9,6091.2,8576.2,8575.2,8575.5,5184.0,5183.3,5184.9,7379.7,7377.8,7377.4,6079.2,6079.0,6082.0,1848.8,1847.2,1847.4,3655.1,3655.1,3655.8,2543.4,2542.7,2542.8,2883.6,2882.7,2883.2,27.299999,26.930000,going to home base
2024-04-13T01:47:34Z,2366.2,2365.4,2365.5,2604.9,2604.6,2605.1,5643.5,5643.4,5643.2,2327.5,2327.7,2328.1,3480.2,3479.8,3479.6,4376.9,4376.9,4376.7,6092.3,6090.8,6091.0,8573.5,8572.8,8572.8,5182.4,5182.7,5184.0,7376.2,7375.9,7374.4,6079.2,6079.2,6080.0,1848.5,1847.5,1847.3,3654.2,3654.3,3655.6,2543.4,2542.3,2542.1,2883.2,2882.1,2882.3,27.340000,26.930000,going to home base
2024-04-13T01:47:39Z,2366.0,2365.2,2365.3,2604.8,2604.6,2604.9,5644.4,5643.7,5644.0,2326.8,2327.0,2327.4,3480.2,3479.8,3479.8,4376.7,4376.6,4376.7,6089.4,6088.1,6088.8,8572.8,8574.9,8574.2,5184.4,5184.3,5185.4,7376.7,7377.3,7375.3,6078.7,6080.1,6078.6,1848.8,1847.4,1847.4,3653.6,3654.0,3655.2,2542.9,2542.1,2542.3,2882.8,2882.2,2881.9,27.299999,26.889999,going to home base
2024-04-13T01:47:44Z,2365.9,2365.1,2365.0,2605.4,2605.0,2605.9,5644.0,5643.2,5643.1,2326.5,2326.7,2327.1,3480.4,3479.8,3479.6,4376.8,4376.7,4376.5,6091.3,6091.6,6089.8,8574.4,8575.1,8573.4,5184.1,5185.1,5185.7,7375.6,7377.6,7377.2,6081.2,6081.2,6079.8,1848.5,1847.0,1847.2,3654.2,3654.5,3655.2,2542.6,2541.6,2541.1,2882.8,2882.7,2882.8,27.320000,26.930000,going to home base
2024-04-13T01:47:49Z,2365.8,2365.4,2365.5,2604.4,2605.1,2605.3,5643.4,5643.0,5643.8,2326.4,2326.3,2326.8,3480.9,3480.3,3480.0,4376.6,4376.2,4376.6,6092.4,6090.4,6090.6,8575.9,8574.8,8575.6,5186.2,5185.8,5185.5,7375.8,7374.4,7374.7,6078.6,6076.9,6078.8,1848.2,1846.7,1846.4,3654.2,3654.2,3654.8,2543.0,2541.7,2541.6,2884.1,2884.4,2884.1,27.299999,26.910000,going to home base
2024-04-13T01:47:54Z,2365.9,2364.9,2365.0,2605.1,2604.8,2604.7,5643.2,5643.2,5643.3,2325.9,2325.2,2326.0,3479.9,3479.4,3479.6,4376.8,4376.5,4376.4,6089.5,6089.3,6089.9,8573.6,8575.0,8573.8,5184.1,5183.5,5183.8,7376.2,7375.6,7374.9,6078.2,6079.0,6079.2,1848.4,1847.1,1847.0,3654.2,3654.5,3655.1,2542.7,2542.5,2542.5,2883.1,2882.9,2883.7,27.299999,26.950001,going to home base
2024-04-13T01:47:59Z,2365.8,2365.2,2365.2,2604.4,2604.4,2604.7,5643.4,5643.1,5643.3,2326.1,2325.5,2326.0,3480.3,3479.1,3479.0,4376.6,4376.2,4376.6,6091.4,6091.2,6091.9,8573.9,8572.8,8574.8,5185.3,5184.6,5186.4,7377.5,7375.2,7376.6,6076.0,6076.6,6077.7,1848.8,1846.9,1846.7,3655.0,3654.5,3655.4,2543.8,2542.6,2543.0,2884.8,2884.9,2884.1,27.299999,26.950001,going to home base
2024-04-13T01:48:04Z,2365.5,2364.9,2365.2,2604.7,2604.3,2604.7,5643.1,5642.7,5642.8,2326.6,2326.7,2327.0,3480.6,3479.9,3479.8,4376.7,4376.9,4376.9,6088.5,6087.5,6088.8,8573.1,8572.7,8571.6,5185.5,5184.6,5185.6,7378.1,7377.6,7378.7,6079.3,6078.1,6079.2,1848.1,1847.1,1846.9,3654.6,3655.0,3655.1,2543.2,2541.9,2542.6,2884.1,2882.9,2883.9,27.280001,26.980000,going to home base
2024-04-13T01:48:09Z,2365.8,2365.1,2365.2,2604.5,2604.2,2604.5,5643.3,5642.9,5643.2,2327.0,2326.9,2327.7,3481.1,3479.7,3479.7,4376.5,4376.5,4376.5,6091.5,6089.9,6089.0,8574.7,8572.7,8573.8,5185.0,5184.9,5186.1,7377.7,7374.3,7375.3,6078.0,6078.6,6079.2,1848.9,1847.2,1847.3,3654.7,3654.5,3655.4,2542.8,2542.1,2541.7,2883.3,2882.9,2882.8,27.309999,27.090000,going to home base
2024-04-13T01:48:14Z,2365.9,2365.4,2365.7,2606.2,2605.3,2605.9,5643.3,5642.5,5642.7,2326.7,2327.0,2327.3,3481.0,3480.0,3480.1,4376.9,4376.3,4376.7,6091.0,6090.0,6091.0,8575.5,8574.2,8577.1,5184.7,5183.7,5185.0,7376.1,7375.9,7375.4,6077.3,6076.1,6076.0,1848.7,1847.0,1846.6,3653.6,3653.5,3654.5,2542.3,2541.2,2541.9,2882.2,2882.6,2883.1,27.299999,27.020000,going to home base
2024-04-13T01:48:19Z,2365.8,2365.2,2365.3,2605.5,2605.2,2605.5,5642.9,5642.9,5642.4,2326.6,2326.6,2327.1,3480.6,3480.0,3480.2,4377.0,4376.5,4376.3,6088.2,6090.5,6086.7,8575.9,8575.2,8574.7,5184.3,5183.3,5185.3,7378.2,7377.2,7378.2,6078.2,6077.1,6077.2,1848.6,1847.4,1847.3,3655.3,3655.4,3656.4,2542.5,2541.6,2541.3,2883.6,2882.5,2883.1,27.309999,27.000000,going to home base
2024-04-13T01:48:24Z,2365.9,2365.2,2365.3,2605.8,2605.9,2605.8,5643.8,5643.7,5643.5,2327.3,2327.1,2327.2,3480.3,3480.1,3480.0,4376.0,4376.5,4376.4,6092.5,6093.4,6091.8,8575.1,8574.6,8575.5,5184.5,5184.3,5185.8,7378.9,7377.6,7375.9,6078.2,6075.7,6077.7,1848.8,1847.5,1847.1,3655.1,3654.7,3655.9,2542.8,2542.2,2542.1,2883.3,2883.4,2883.4,27.299999,27.030001,going to home base
2024-04-13T01:48:29Z,2365.9,2365.1,2365.3,2605.5,2605.2,2605.6,5643.7,5643.3,5643.5,2326.5,2326.4,2326.7,3480.8,3481.3,3480.9,4376.2,4376.2,4375.9,6088.9,6087.6,6087.8,8575.9,8574.7,8574.8,5184.2,5184.3,5184.8,7376.9,7378.2,7377.1,6078.9,6078.3,6078.4,1848.9,1847.7,1847.7,3654.7,3654.4,3655.0,2543.2,2542.2,2542.7,2883.6,2883.3,2884.0,27.309999,27.049999,going to home base
2024-04-13T01:48:34Z,2365.8,2365.1,2365.4,2605.7,2604.9,2605.6,5643.2,5642.7,5642.8,2326.2,2326.4,2326.6,3480.7,3480.0,3479.9,4376.6,4376.5,4376.6,6089.2,6088.9,6089.3,8575.5,8575.5,8574.7,5185.2,5183.3,5183.6,7382.4,7379.5,7379.3,6076.5,6075.1,6076.2,1848.6,1847.1,1847.0,3653.3,3653.6,3654.7,2543.6,2543.0,2542.7,2883.6,2883.2,2883.8,27.299999,27.090000,going to home base
2024-04-13T01:48:39Z,2365.9,2365.5,2366.2,2605.3,2604.7,2605.1,5643.2,5642.6,5642.9,2326.1,2326.1,2326.7,3481.1,3481.0,3480.3,4377.0,4376.7,4376.8,6088.3,6089.2,6091.2,8576.6,8575.0,8574.8,5184.2,5184.7,5185.5,7378.7,7377.4,7378.7,6080.6,6079.6,6080.5,1849.1,1847.4,1847.4,3654.0,3654.5,3655.3,2542.7,2542.1,2542.1,2883.7,2883.5,2883.8,27.270000,27.059999,going to home base
2024-04-13T01:48:44Z,2366.0,2365.2,2364.9,2605.3,2604.4,2605.0,5643.3,5643.0,5643.2,2325.9,2326.3,2326.8,3480.6,3479.8,3480.3,4376.6,4376.1,4376.1,6090.3,6090.5,6090.9,8575.5,8575.7,8575.3,5184.1,5182.2,5184.1,7378.6,7378.6,7378.1,6076.2,6076.2,6077.4,1848.9,1847.4,1847.5,3654.0,3654.2,3655.4,2543.1,2542.4,2542.5,2883.5,2882.9,2884.1,27.299999,27.090000,going to home base
2024-04-13T01:48:49Z,2365.6,2364.9,2365.0,2605.3,2605.6,2605.4,5643.7,5643.3,5643.3,2326.5,2326.3,2327.0,3480.5,3481.2,3481.4,4376.8,4376.6,4376.6,6089.2,6089.5,6091.1,8576.8,8577.5,8576.5,5184.7,5184.7,5185.6,7379.5,7378.5,7378.5,6078.6,6079.2,6077.8,1848.6,1847.0,1846.5,3654.4,3653.7,3654.2,2543.7,2542.7,2543.3,2883.3,2882.3,2882.8,27.299999,27.100000,going to home base
2024-04-13T01:48:54Z,2366.1,2365.1,2365.4,2604.7,2605.7,2606.0,5643.7,5643.2,5643.6,2326.5,2325.9,2326.8,3480.7,3480.5,3480.3,4376.2,4375.9,4376.1,6089.3,6089.3,6088.0,8576.2,8576.5,8575.6,5185.1,5184.5,5185.3,7376.3,7376.0,7376.5,6076.8,6076.3,6077.3,1848.1,1846.8,1846.7,3654.3,3654.5,3655.0,2543.7,2542.8,2543.2,2884.2,2882.3,2883.2,27.299999,27.090000,going to home base
2024-04-13T01:48:59Z,2365.5,2365.1,2365.2,2605.9,2605.7,2606.1,5643.1,5642.4,5642.6,2326.7,2326.9,2327.2,3480.7,3480.8,3480.6,4376.9,4376.8,4376.5,6091.8,6091.1,6091.7,8573.9,8574.9,8576.1,5185.6,5185.5,5185.0,7376.1,7377.2,7377.1,6080.8,6079.7,6081.0,1848.9,1847.2,1847.1,3654.5,3653.7,3655.1,2543.0,2541.9,2542.2,2883.8,2882.6,2883.6,27.280001,27.070000,going to home base
2024-04-13T01:49:04Z,2364.8,2363.9,2364.1,2605.5,2605.4,2605.5,5643.1,5642.8,5643.0,2326.4,2326.3,2326.6,3480.5,3480.4,3480.2,4376.6,4376.7,4376.6,6093.0,6092.2,6094.0,8576.2,8579.2,8578.5,5185.5,5185.3,5186.1,7377.0,7376.2,7376.5,6078.3,6080.2,6080.9,1848.9,1847.1,1847.4,3653.7,3654.0,3655.2,2543.3,2542.4,2542.5,2883.1,2882.2,2882.4,27.299999,27.040001,going to home base
2024-04-13T01:49:09Z,2365.2,2364.7,2364.9,2604.5,2605.1,2605.7,5643.1,5642.6,5642.6,2326.3,2326.5,2326.7,3480.0,3479.7,3479.6,4377.1,4376.6,4376.4,6091.9,6091.8,6092.7,8577.4,8575.2,8577.1,5184.6,5184.1,5185.0,7379.3,7376.7,7376.1,6077.6,6078.4,6079.7,1848.7,1847.1,1846.8,3653.8,3654.3,3654.4,2542.9,2541.8,2541.7,2883.4,2882.2,2882.9,27.309999,26.930000,going to home base
2024-04-13T01:49:14Z,2365.5,2364.8,2365.2,2605.6,2605.8,2605.9,5642.6,5642.5,5642.5,2326.1,2325.9,2326.5,3480.9,3479.9,3479.3,4376.4,4376.6,4376.3,6092.0,6091.4,6092.1,8576.8,8578.4,8577.9,5183.2,5183.2,5183.2,7379.2,7378.6,7378.1,6078.5,6077.6,6079.1,1848.6,1847.2,1847.4,3654.0,3654.0,3654.8,2542.6,2541.6,2541.5,2882.8,2882.8,2880.3,27.280001,26.889999,going to home base
2024-04-13T01:49:19Z,2365.8,2364.9,2365.0,2604.2,2604.0,2604.7,5642.8,5642.6,5643.0,2326.7,2326.9,2327.1,3479.6,3479.3,3479.4,4376.7,4376.3,4376.0,6090.7,6089.6,6090.7,8576.7,8576.1,8575.8,5183.4,5183.0,5182.2,7379.2,7378.9,7378.4,6081.0,6078.7,6080.4,1849.1,1847.9,1847.5,3653.4,3653.7,3655.1,2542.9,2542.4,2542.1,2882.9,2882.9,2883.3,27.309999,26.910000,going to home base
2024-04-13T01:49:24Z,2365.5,2364.6,2364.9,2604.3,2604.0,2604.8,5643.2,5642.9,5643.1,2327.4,2327.2,2327.5,3480.5,3479.9,3479.8,4376.2,4376.2,4376.2,6089.8,6090.2,6089.9,8574.3,8572.6,8572.0,5181.7,5182.2,5182.6,7378.3,7378.6,7378.0,6078.6,6077.8,6078.1,1848.8,1847.5,1847.4,3653.3,3653.5,3654.5,2542.9,2541.7,2541.8,2882.1,2880.9,2881.3,27.280001,26.980000,going to home base
2024-04-13T01:49:29Z,2365.4,2365.0,2365.4,2604.4,2604.5,2604.7,5643.3,5643.3,5643.6,2326.7,2326.9,2326.5,3480.2,3479.5,3479.5,4376.3,4376.1,4376.0,6089.1,6087.8,6088.1,8574.4,8573.8,8574.7,5184.5,5183.9,5185.7,7377.7,7375.6,7375.4,6077.2,6077.1,6077.4,1848.5,1847.4,1847.5,3653.3,3652.8,3654.0,2542.2,2541.8,2541.2,2882.4,2882.2,2883.1,27.280001,27.000000,going to home base
2024-04-13T01:49:34Z,2365.8,2365.3,2365.4,2604.8,2604.3,2605.0,5644.1,5643.0,5642.8,2326.8,2326.9,2326.9,3480.2,3479.3,3479.8,4376.5,4376.0,4376.2,6090.4,6088.5,6089.2,8573.8,8574.0,8572.5,5182.5,5183.0,5183.8,7376.4,7376.9,7376.5,6080.2,6078.4,6078.7,1849.1,1848.0,1847.7,3653.8,3653.7,3654.2,2542.2,2541.7,2541.4,2883.4,2882.9,2883.4,27.309999,26.980000,going to home base
2024-04-13T01:49:39Z,2366.4,2365.1,2365.3,2604.7,2604.4,2604.8,5643.8,5643.4,5643.1,2325.9,2325.4,2325.5,3480.5,3479.7,3480.3,4376.3,4375.9,4376.2,6090.9,6090.8,6092.5,8573.3,8574.5,8574.9,5185.4,5184.3,5184.4,7378.5,7376.8,7378.2,6075.8,6076.4,6077.8,1848.9,1847.4,1847.7,3654.2,3654.0,3654.6,2542.8,2541.7,2542.0,2883.1,2882.7,2883.3,27.299999,27.040001,going to home base
2024-04-13T01:49:44Z,2365.7,2365.1,2364.9,2605.0,2605.0,2605.5,5643.9,5643.2,5643.2,2326.5,2325.9,2326.5,3480.6,3479.6,3479.8,4376.0,4376.0,4376.1,6093.2,6091.4,6091.5,8571.1,8569.6,8570.5,5184.7,5185.3,5185.4,7378.5,7377.1,7377.4,6075.9,6077.4,6077.8,1848.5,1847.2,1847.4,3654.5,3654.2,3655.2,2542.5,2541.9,2541.7,2885.2,2884.7,2884.3,27.270000,27.020000,going to home base
2024-04-13T01:49:49Z,2366.0,2365.5,2365.2,2605.9,2604.9,2605.8,5643.5,5643.0,5642.9,2325.7,2325.6,2326.5,3480.1,3480.2,3479.4,4376.5,4376.3,4376.6,6091.4,6090.1,6090.6,8573.2,8573.5,8574.1,5185.7,5184.5,5184.6,7376.7,7377.6,7376.4,6078.9,6078.4,6080.0,1849.5,1848.0,1847.7,3654.6,3655.0,3656.0,2543.2,2542.7,2542.4,2882.4,2882.3,2882.0,27.299999,27.040001,going to home base
2024-04-13T01:49:54Z,2365.8,2365.1,2365.3,2605.1,2605.0,2605.1,5643.1,5643.1,5643.0,2325.8,2325.8,2326.1,3480.1,3479.6,3479.2,4376.5,4376.6,4376.8,6089.4,6090.3,6089.3,8573.8,8574.2,8573.5,5184.5,5183.5,5185.9,7378.9,7377.8,7378.4,6078.4,6079.1,6078.0,1849.0,1847.6,1847.6,3654.7,3654.6,3655.9,2542.5,2541.8,2543.1,2884.1,2882.9,2883.5,27.309999,27.000000,going to home base
2024-04-13T01:49:59Z,2365.6,2365.4,2364.7,2605.6,2605.3,2605.5,5643.7,5643.2,5643.4,2326.6,2326.5,2326.6,3479.9,3479.6,3479.3,4376.0,4376.2,4376.5,6090.8,6089.4,6089.8,8575.1,8575.4,8574.7,5183.4,5182.8,5183.7,7378.7,7376.6,7377.1,6078.7,6080.1,6079.4,1848.6,1847.6,1847.3,3654.5,3654.7,3655.3,2542.8,2541.4,2541.5,2883.1,2882.9,2882.9,27.280001,26.950001,going to home base
2024-04-13T01:50:04Z,2366.0,2365.7,2365.6,2604.7,2604.7,2605.3,5643.2,5642.5,5643.0,2326.8,2326.5,2327.0,3479.4,3478.8,3478.6,4376.3,4376.2,4376.4,6091.9,6090.1,6089.9,8571.5,8570.5,8570.7,5184.6,5183.8,5183.7,7377.9,7376.9,7376.1,6078.8,6080.8,6079.3,1848.0,1846.8,1846.8,3654.0,3654.4,3654.0,2543.1,2542.7,2542.6,2882.0,2881.4,2881.2,27.280001,26.910000,going to home base
2024-04-13T01:50:09Z,2365.4,2364.8,2365.1,2604.5,2604.1,2604.8,5642.6,5642.0,5642.7,2327.0,2327.1,2327.2,3480.5,3479.8,3479.5,4376.2,4375.7,4376.0,6088.7,6086.7,6088.5,8569.6,8569.6,8569.2,5183.1,5182.7,5183.2,7377.2,7375.5,7376.9,6077.9,6077.5,6078.0,1848.8,1847.5,1847.5,3654.6,3654.4,3655.6,2542.7,2541.9,2542.3,2884.2,2883.9,2884.3,27.309999,26.889999,going to home base
2024-04-13T01:50:14Z,2365.4,2364.4,2364.5,2604.3,2604.0,2605.4,5642.5,5642.3,5642.5,2326.0,2326.0,2326.9,3479.6,3478.2,3478.9,4376.1,4375.8,4376.1,6088.3,6089.3,6088.2,8572.3,8572.4,8573.5,5183.1,5182.4,5182.6,7375.0,7375.2,7375.3,6077.7,6077.3,6077.6,1848.7,1847.2,1847.2,3654.2,3654.0,3654.7,2543.5,2542.3,2542.5,2882.7,2882.5,2882.4,27.299999,26.860001,going to home base
2024-04-13T01:50:19Z,2364.6,2364.3,2364.2,2605.1,2605.1,2605.7,5643.0,5641.8,5641.6,2326.7,2326.2,2327.2,3479.7,3479.0,3478.9,4375.9,4375.7,4376.2,6087.9,6088.6,6088.6,8571.8,8572.8,8574.7,5181.1,5180.3,5182.4,7375.4,7373.9,7373.8,6078.4,6077.6,6079.9,1848.6,1847.0,1846.8,3654.1,3654.4,3655.2,2542.5,2541.6,2541.5,2882.7,2882.9,2882.2,27.280001,26.889999,going to home base
2024-04-13T01:50:24Z,2364.7,2364.1,2364.6,2605.0,2605.1,2605.8,5643.0,5642.5,5642.3,2326.6,2326.8,2327.5,3478.9,3478.7,3479.0,4376.1,4376.1,4376.4,6088.3,6088.3,6088.8,8574.9,8573.8,8573.3,5182.8,5182.5,5181.8,7374.8,7375.7,7375.0,6078.3,6080.0,6079.1,1848.9,1846.9,1847.2,3654.3,3654.7,3654.9,2541.6,2540.8,2540.3,2883.1,2882.5,2883.7,27.309999,26.860001,going to home base
2024-04-13T01:50:29Z,2365.4,2364.0,2364.3,2604.7,2604.6,2604.8,5642.2,5642.1,5642.0,2326.4,2325.8,2326.3,3479.6,3479.1,3479.1,4375.8,4375.8,4375.7,6088.9,6089.3,6091.4,8572.6,8571.6,8571.8,5184.0,5183.3,5185.4,7378.9,7377.2,7377.5,6080.7,6080.9,6080.8,1848.8,1847.6,1847.4,3653.9,3653.5,3654.3,2542.4,2541.8,2541.4,2881.7,2881.6,2882.4,27.299999,26.900000,going to home base
2024-04-13T01:50:34Z,2365.1,2364.4,2364.4,2604.8,2605.0,2605.4,5641.5,5641.1,5641.9,2327.1,2326.6,2327.1,3479.4,3478.9,3479.1,4375.9,4375.9,4375.6,6091.2,6089.8,6090.2,8577.3,8575.9,8576.6,5183.7,5183.7,5184.5,7374.3,7373.7,7374.2,6082.0,6080.9,6079.5,1849.4,1847.7,1847.7,3653.8,3653.4,3654.0,2542.4,2541.6,2542.1,2881.7,2881.8,2882.8,27.280001,26.889999,going to home base
2024-04-13T01:50:39Z,2364.6,2363.9,2364.2,2604.0,2604.0,2605.0,5642.1,5641.6,5642.0,2326.8,2326.5,2327.3,3479.7,3479.3,3479.7,4376.0,4375.8,4375.7,6088.4,6088.8,6089.6,8573.4,8573.2,8573.0,5182.9,5183.4,5183.7,7373.9,7373.2,7374.6,6079.4,6079.2,6080.1,1849.1,1847.0,1847.1,3653.3,3653.3,3654.0,2541.2,2540.3,2540.5,2883.0,2882.4,2882.1,27.270000,26.910000,going to home base
2024-04-13T01:50:44Z,2364.3,2364.0,2364.0,2605.0,2605.0,2605.5,5641.5,5641.1,5641.3,2326.3,2326.6,2326.9,3479.9,3479.1,3479.4,4375.6,4375.3,4376.0,6087.9,6088.6,6089.1,8574.6,8573.4,8572.5,5182.5,5183.2,5183.9,7375.7,7374.6,7375.2,6077.3,6078.6,6079.0,1849.5,1848.0,1847.9,3652.8,3652.8,3654.0,2542.2,2541.0,2540.7,2883.7,2883.6,2883.5,27.280001,26.879999,going to home base
2024-04-13T01:50:49Z,2364.9,2364.2,2364.3,2604.6,2604.5,2604.7,5642.4,5641.8,5641.8,2325.9,2325.6,2326.2,3479.0,3478.7,3478.9,4375.7,4375.6,4375.5,6087.2,6088.1,6088.8,8572.2,8571.8,8571.9,5182.3,5183.8,5184.6,7376.1,7376.6,7377.2,6078.7,6077.4,6077.0,1848.8,1846.8,1847.5,3653.8,3653.6,3654.6,2541.2,2539.6,2540.4,2882.9,2882.7,2882.9,27.299999,26.910000,going to home base
2024-04-13T01:50:59Z,2364.5,2364.4,2364.2,2603.4,2603.9,2603.7,5642.1,5641.4,5641.6,2326.8,2326.5,2326.6,2364.3,2364.5,2604.1,2603.7,2604.4,5642.0,5640.9,5640.9,2326.2,87882.3,87876.2,14139.8,14140.6,14136.0,3479.8,3479.4,3478.6,4376.0,4375.9,4376.1,6088.3,33876.9,33877.9,8571.2,8571.8,8570.3,5181.6,5181.7,5181.5,7377.0,7376.8,7375.1,6078.0,43606.9,43600.2,going to home base
2024-04-13T01:51:09Z,2364.8,2364.0,2364.3,2604.1,2604.6,2604.6,5642.2,5641.7,5641.1,2326.2,2326.4,2326.4,3480.3,3479.2,3479.1,4375.8,4375.3,4375.6,6085.6,6087.0,6087.1,8570.4,8570.7,8569.9,5183.5,5183.2,5184.1,7374.5,7375.2,7374.4,6077.1,6078.1,6077.6,1849.0,1847.8,1848.1,3652.4,3652.3,3653.1,2542.2,2541.3,2541.4,2883.4,2882.3,2882.1,27.280001,26.809999,going to home base
2024-04-13T01:51:14Z,2364.9,2364.4,2364.4,2603.4,2603.6,2603.9,5640.8,5640.8,5640.5,2326.0,2326.2,2326.6,3478.0,3477.9,3478.4,4375.3,4375.5,4375.2,6089.5,6088.6,6088.7,8571.3,8571.2,8570.9,5179.4,5179.8,5180.0,7376.5,7376.6,7376.4,6074.3,6074.6,6074.2,1848.4,1846.9,1846.5,3653.1,3652.8,3653.8,2542.5,2541.1,2541.1,2882.7,2881.8,2881.6,27.320000,26.889999,going to home base
2024-04-13T01:51:19Z,2364.9,2364.5,2364.4,2604.0,2603.8,2604.4,5641.0,5640.7,5640.5,2325.6,2325.8,2326.5,3478.6,3477.7,3477.7,4375.1,4375.4,4374.9,6088.3,6088.5,6089.0,8571.0,8571.3,8570.2,5180.3,5180.1,5180.4,7376.2,7376.5,7375.8,6076.1,6074.5,6074.6,1849.0,1847.7,1847.5,3652.7,3652.8,3653.4,2541.6,2540.6,2541.3,2881.2,2882.2,2883.0,27.299999,26.860001,going to home base
2024-04-13T01:51:24Z,2364.6,2364.0,2364.0,2603.8,2604.0,2604.2,5641.3,5640.6,5640.9,2326.9,2326.7,2327.4,3478.5,3478.2,3478.2,4375.5,4374.9,4375.6,6090.2,6089.7,6090.4,8572.3,8572.6,8572.7,5180.4,5179.3,5180.5,7375.4,7373.4,7373.3,6075.2,6075.0,6075.1,1848.5,1847.3,1846.9,3652.1,3652.2,3653.4,2542.6,2541.4,2541.7,2882.2,2881.6,2882.3,27.309999,26.889999,going to home base
2024-04-13T01:51:29Z,2365.0,2364.0,2364.2,2604.5,2604.3,2604.3,5642.3,5641.3,5642.0,2326.4,2326.3,2326.8,3478.1,3478.1,3478.2,4375.3,4375.5,4375.5,6090.1,6088.4,6089.6,8571.6,8571.9,8573.2,5180.1,5179.1,5180.0,7372.4,7371.5,7372.1,6077.8,6077.2,6077.7,1848.4,1846.8,1847.0,3652.9,3653.1,3654.1,2541.4,2540.6,2541.1,2883.7,2882.0,2882.9,27.299999,26.900000,going to home base
2024-04-13T01:51:34Z,2364.5,2363.9,2364.3,2604.0,2604.3,2604.4,5641.3,5641.4,5641.2,2325.5,2326.0,2326.3,3478.6,3478.2,3477.9,4375.7,4375.3,4374.8,6089.5,6088.3,6087.9,8572.1,8571.8,8570.2,5180.9,5181.5,5180.9,7374.8,7374.5,7376.1,6074.7,6075.2,6075.7,1848.7,1847.1,1847.1,3653.5,3653.5,3653.9,2542.4,2541.5,2541.8,2882.2,2881.8,2881.7,27.309999,26.930000,going to home base
2024-04-13T01:51:39Z,2364.7,2364.2,2364.1,2604.5,2604.1,2604.5,5640.7,5639.8,5640.4,2326.7,2326.8,2327.5,3478.8,3478.2,3478.2,4374.9,4375.2,4374.8,6089.4,6087.7,6087.4,8570.7,8570.4,8571.2,5181.0,5180.8,5181.3,7375.7,7374.7,7375.0,6075.5,6077.0,6077.6,1849.0,1847.5,1847.8,3653.6,3653.3,3654.2,2542.2,2541.5,2541.3,2883.2,2882.1,2882.6,27.299999,26.879999,going to home base
2024-04-13T01:51:44Z,2363.5,2362.8,2363.1,2604.5,2604.0,2604.8,5641.8,5640.9,5641.1,2325.3,2325.5,2325.7,3478.7,3478.2,3479.3,4375.2,4374.8,4374.7,6089.2,6088.2,6090.1,8570.2,8570.1,8568.2,5182.4,5181.5,5181.8,7374.5,7373.0,7373.5,6075.4,6075.4,6076.4,1848.7,1847.1,1847.2,3652.6,3652.8,3653.7,2541.1,2540.0,2540.1,2881.9,2881.9,2882.1,27.280001,26.889999,going to home base
2024-04-13T01:51:49Z,2364.7,2363.7,2364.1,2603.8,2604.2,2603.9,5641.2,5640.9,5640.6,2326.4,2326.4,2326.7,3477.8,3477.4,3477.3,4374.5,4374.5,4374.6,6087.1,6087.0,6086.5,8569.4,8569.3,8570.1,5180.2,5180.4,5180.6,7374.4,7374.8,7373.6,6074.6,6075.7,6076.3,1848.1,1846.8,1846.5,3653.5,3653.1,3653.8,2540.9,2540.1,2540.4,2882.7,2882.7,2882.5,27.280001,26.920000,going to home base
2024-04-13T01:51:54Z,2365.0,2364.1,2364.2,2604.3,2603.9,2604.9,5642.1,5641.6,5641.9,2326.6,2326.0,2326.4,3478.3,3477.5,3477.4,4374.6,4374.0,4374.6,6084.2,6084.2,6085.3,8570.8,8572.9,8571.8,5178.4,5179.2,5179.7,7375.2,7376.2,7375.9,6076.4,6076.1,6076.2,1848.3,1846.5,1846.8,3652.8,3652.4,3653.9,2540.6,2539.7,2539.3,2881.7,2881.9,2881.4,27.280001,26.860001,going to home base
2024-04-13T01:51:59Z,2365.0,2364.2,2364.5,2603.4,2603.2,2604.0,5641.5,5641.6,5641.3,2325.9,2325.6,2326.4,3477.8,3478.0,3478.1,4375.4,4375.2,4374.9,6086.1,6085.8,6086.5,8571.2,8572.5,8571.0,5179.8,5179.5,5180.5,7371.7,7370.9,7371.1,6072.6,6075.5,6075.2,1848.6,1847.1,1846.9,3652.9,3653.2,3653.8,2540.9,2539.9,2540.2,2881.4,2881.1,2881.6,27.299999,26.930000,going to home base
2024-04-13T01:52:04Z,2364.8,2364.0,2364.1,2604.2,2604.4,2604.6,5641.8,5641.6,5641.9,2325.8,2325.8,2325.8,3477.8,3477.7,3477.1,4374.8,4374.5,4374.8,6084.8,6085.4,6086.3,8573.0,8572.5,8571.3,5182.2,5182.3,5182.8,7375.1,7375.0,7372.3,6075.3,6075.9,6077.4,1848.7,1847.1,1847.2,3652.9,3652.9,3653.7,2541.9,2541.3,2541.6,2881.9,2881.7,2881.4,27.280001,26.980000,going to home base
2024-04-13T01:52:09Z,2364.7,2364.0,2364.4,2603.8,2603.8,2604.1,5642.0,5641.5,5641.9,2325.6,2325.5,2325.8,3478.9,3477.6,3477.8,4374.6,4374.5,4374.9,6089.2,6088.1,6087.0,8568.9,8570.9,8570.3,5180.5,5180.6,5182.1,7376.4,7375.6,7375.9,6075.1,6075.9,6075.1,1848.6,1847.1,1846.7,3653.2,3653.0,3654.3,2541.6,2540.2,2540.5,2883.0,2882.4,2882.7,27.309999,27.000000,going to home base
2024-04-13T01:52:14Z,2365.0,2364.2,2364.3,2603.2,2602.8,2603.1,5642.5,5641.8,5642.1,2326.2,2326.0,2326.6,3478.0,3477.4,3477.9,4374.9,4374.8,4374.6,6088.0,6088.8,6088.2,8569.8,8572.1,8571.5,5181.0,5180.3,5180.6,7375.4,7374.8,7373.2,6075.6,6075.4,6075.5,1848.6,1847.1,1846.8,3652.8,3653.0,3654.2,2540.3,2539.0,2540.1,2882.2,2882.7,2882.3,27.270000,26.950001,going to home base
2024-04-13T01:52:19Z,2365.3,2364.2,2364.8,2604.0,2603.3,2603.9,5642.2,5642.0,5642.1,2326.4,2326.7,2327.4,3478.0,3477.7,3477.7,4375.4,4375.1,4374.9,6088.0,6088.7,6088.5,8568.2,8569.5,8568.8,5184.0,5182.0,5184.1,7375.0,7374.5,7375.2,6076.4,6077.3,6074.3,1849.3,1847.7,1848.0,3652.5,3651.8,3653.2,2542.0,2541.4,2541.3,2882.7,2882.2,2883.7,27.299999,26.990000,going to home base
2024-04-13T01:52:24Z,2363.8,2363.2,2363.7,2604.7,2604.1,2604.8,5642.5,5642.0,5642.0,2326.6,2326.4,2327.0,3479.1,3478.5,3478.3,4374.4,4374.6,4374.4,6087.9,6087.7,6088.8,8572.0,8570.7,8572.5,5182.5,5181.4,5181.9,7376.8,7374.6,7375.4,6077.1,6077.8,6076.5,1848.2,1847.1,1847.1,3652.6,3652.6,3653.8,2541.4,2540.6,2540.9,2882.9,2882.7,2882.9,27.280001,27.030001,going to home base
2024-04-13T01:52:29Z,2364.1,2363.6,2363.8,2604.1,2603.3,2603.6,5642.2,5641.3,5641.9,2326.7,2326.4,2326.9,3478.0,3477.9,3478.0,4375.7,4375.0,4374.6,6087.9,6087.1,6088.3,8571.4,8570.8,8571.6,5182.2,5181.4,5182.9,7376.2,7374.6,7374.5,6074.0,6073.7,6073.3,1849.0,1846.2,1846.1,3652.4,3652.1,3653.3,2541.2,2540.4,2540.4,2883.0,2883.0,2883.3,27.309999,26.980000,going to home base
2024-04-13T01:52:34Z,2364.4,2363.5,2364.6,2603.9,2603.5,2604.0,5641.8,5640.9,5641.2,2326.3,2326.3,2326.5,3477.9,3477.4,3477.8,4375.4,4374.9,4374.6,6088.5,6088.1,6088.4,8568.7,8568.9,8567.9,5183.5,5183.5,5183.4,7375.0,7373.6,7373.5,6077.5,6075.5,6076.8,1849.2,1847.7,1847.6,3652.2,3652.1,3653.4,2541.9,2541.0,2540.8,2882.4,2881.7,2882.2,27.299999,26.879999,going to home base
2024-04-13T01:52:39Z,2364.4,2363.8,2364.3,2603.9,2603.6,2603.7,5641.5,5641.4,5641.2,2326.7,2326.7,2327.3,3478.3,3478.7,3478.5,4374.8,4375.0,4374.5,6088.6,6087.8,6087.3,8568.7,8570.3,8569.1,5182.0,5182.7,5182.4,7375.0,7373.9,7374.0,6076.8,6078.2,6076.0,1849.3,1847.7,1847.8,3653.2,3652.4,3652.8,2540.7,2539.8,2539.8,2881.1,2880.8,2881.3,27.299999,26.860001,going to home base
2024-04-13T01:52:44Z,2364.6,2364.0,2364.1,2603.7,2603.9,2603.8,5641.6,5641.1,5641.8,2326.7,2326.5,2326.7,3479.0,3477.8,3477.5,4374.9,4374.9,4374.7,6088.3,6089.3,6088.1,8568.6,8568.0,8565.8,5180.7,5181.9,5183.0,7376.9,7375.7,7375.5,6075.2,6074.9,6074.4,1848.1,1846.6,1846.7,3652.1,3652.2,3653.2,2540.3,2540.1,2540.4,2880.7,2880.7,2881.6,27.280001,26.879999,going to home base
2024-04-13T01:52:49Z,2364.6,2363.3,2364.1,2604.0,2603.1,2604.3,5640.8,5640.5,5640.8,2327.4,2327.3,2327.8,3478.1,3478.5,3477.8,4374.4,4374.6,4374.7,6090.4,6089.3,6090.0,8569.1,8569.7,8572.3,5181.9,5181.6,5183.0,7374.6,7374.7,7375.0,6074.9,6074.6,6075.5,1847.9,1846.4,1846.8,3652.0,3652.5,3653.2,2539.3,2539.1,2539.4,2881.5,2881.1,2881.1,27.309999,26.889999,going to home base
2024-04-13T01:52:54Z,2364.0,2363.2,2363.7,2603.6,2603.5,2604.3,5641.3,5640.8,5640.9,2327.0,2326.5,2326.9,3478.3,3478.3,3478.2,4373.5,4374.7,4374.7,6089.2,6089.3,6091.0,8572.8,8571.7,8571.8,5182.1,5182.1,5181.8,7375.4,7373.0,7373.2,6075.4,6076.1,6075.2,1847.6,1846.4,1846.7,3652.0,3652.3,3653.0,2539.9,2538.9,2538.9,2879.5,2879.9,2880.7,27.299999,26.889999,going to home base
2024-04-13T01:52:59Z,2364.3,2363.7,2364.2,2604.3,2604.1,2604.3,5640.8,5641.0,5640.5,2326.5,2326.4,2326.7,3478.7,3478.8,3478.3,4375.3,4375.5,4375.3,6088.0,6087.7,6086.6,8570.9,8571.0,8571.3,5181.9,5181.2,5181.6,7374.6,7373.4,7374.8,6073.2,6072.5,6072.3,1847.9,1846.4,1846.5,3652.1,3652.4,3653.2,2539.7,2538.6,2539.1,2881.8,2881.3,2881.1,27.270000,26.820000,going to home base
2024-04-13T01:53:04Z,2364.6,2363.7,2363.9,2603.3,2603.2,2603.4,5640.4,5640.3,5640.8,2325.6,2325.6,2326.2,3479.2,3478.3,3478.0,4374.5,4374.9,4374.8,6087.6,6087.8,6087.0,8567.4,8567.7,8567.9,5181.0,5181.1,5182.0,7374.9,7373.8,7373.2,6073.3,6071.8,6072.8,1847.6,1846.1,1846.2,3652.4,3652.7,3653.4,2540.5,2539.6,2539.2,2881.8,2881.3,2881.5,27.299999,26.809999,going to home base
2024-04-13T01:53:09Z,2364.6,2363.9,2364.1,2604.1,2603.5,2604.1,5640.5,5640.1,5640.2,2325.6,2325.7,2326.3,3478.3,3478.1,3478.1,4374.7,4374.3,4374.6,6086.6,6085.8,6085.5,8570.5,8571.2,8572.6,5181.3,5181.8,5182.1,7376.1,7373.9,7374.8,6075.0,6073.2,6074.3,1847.9,1846.3,1846.3,3652.2,3652.6,3653.6,2540.5,2539.5,2539.6,2881.0,2881.0,2881.8,27.299999,26.790001,going to home base
2024-04-13T01:53:14Z,2364.0,2363.7,2363.9,2603.6,2603.6,2604.2,5641.5,5641.0,5641.0,2326.7,2325.9,2327.1,3477.1,3477.5,3477.7,4374.7,4375.1,4374.5,6086.3,6085.0,6085.8,8570.3,8569.4,8570.0,5181.2,5181.2,5180.2,7374.7,7375.1,7373.6,6075.1,6073.7,6074.9,1848.2,1846.6,1846.6,3652.9,3652.6,3653.3,2540.8,2539.4,2539.8,2880.9,2880.1,2882.3,27.280001,26.840000,going to home base
2024-04-13T01:53:19Z,2364.4,2363.7,2363.8,2603.0,2602.4,2603.3,5641.2,5640.8,5640.6,2326.2,2326.4,2326.7,3478.5,3477.8,3477.9,4374.2,4374.0,4374.3,6086.4,6085.2,6085.8,8569.3,8568.9,8571.5,5181.7,5181.2,5181.8,7374.7,7374.6,7374.4,6074.5,6073.0,6073.9,1848.1,1846.7,1846.9,3653.5,3653.3,3654.1,2540.1,2539.8,2540.0,2880.6,2880.9,2881.7,27.270000,26.780001,going to home base
2024-04-13T01:53:24Z,2364.5,2363.6,2364.1,2603.1,2603.0,2604.0,5640.6,5640.3,5640.4,2326.2,2326.0,2326.4,3477.7,3477.5,3477.3,4374.3,4374.1,4374.3,6085.2,6086.2,6085.5,8569.7,8570.8,8570.0,5178.9,5178.6,5180.5,7375.9,7374.6,7373.6,6075.0,6071.8,6073.7,1847.8,1846.4,1846.5,3652.4,3652.7,3653.6,2540.6,2540.1,2539.9,2882.6,2882.2,2882.9,27.280001,26.750000,going to home base
2024-04-13T01:53:29Z,2363.8,2363.2,2363.3,2603.2,2602.9,2603.8,5639.9,5639.6,5639.9,2326.4,2325.8,2326.9,3478.0,3477.8,3477.8,4374.3,4373.7,4373.7,6087.0,6085.6,6085.8,8568.6,8567.4,8566.3,5178.7,5177.9,5179.0,7375.0,7374.7,7373.5,6075.2,6074.6,6075.3,1848.2,1846.5,1847.0,3652.0,3651.7,3652.6,2540.0,2539.8,2539.2,2881.1,2880.8,2881.5,27.299999,26.750000,going to home base
2024-04-13T01:53:34Z,2364.6,2364.1,2364.1,2603.5,2603.5,2603.8,5640.5,5640.3,5640.6,2326.1,2325.9,2326.5,3477.2,3476.8,3476.6,4374.5,4374.1,4373.7,6087.2,6087.9,6087.9,8569.2,8569.6,8567.7,5179.4,5178.0,5180.0,7371.2,7372.1,7371.9,6075.5,6075.4,6076.1,1848.5,1846.9,1847.2,3652.4,3652.1,3653.2,2539.2,2538.8,2538.5,2881.7,2881.5,2880.8,27.280001,26.770000,going to home base
2024-04-13T01:53:39Z,2364.1,2363.7,2363.5,2603.3,2603.1,2604.1,5640.0,5639.5,5640.0,2325.9,2325.4,2325.9,3477.0,3476.4,3477.2,4374.3,4374.2,4373.9,6086.2,6086.5,6086.9,8567.9,8567.1,8569.0,5179.1,5178.4,5179.6,7369.0,7368.7,7368.8,6072.2,6073.0,6073.3,1847.4,1846.3,1846.2,3652.0,3652.3,3652.6,2539.7,2539.3,2539.2,2880.8,2880.8,2880.8,27.270000,26.780001,going to home base
2024-04-13T01:53:44Z,2363.6,2363.2,2363.5,2603.0,2602.6,2602.6,5640.2,5640.1,5640.2,2325.5,2325.7,2326.3,3477.2,3476.8,3475.9,4373.5,4373.1,4373.2,6084.5,6084.4,6085.4,8568.1,8567.8,8565.5,5179.1,5179.7,5180.9,7370.6,7371.9,7369.3,6074.3,6075.4,6076.6,1848.0,1846.1,1846.0,3651.2,3651.1,3652.1,2539.2,2538.4,2538.5,2880.8,2881.2,2881.4,27.270000,26.719999,going to home base
2024-04-13T01:53:49Z,2364.1,2363.5,2363.4,2603.1,2603.2,2603.5,5640.6,5639.5,5639.7,2326.0,2325.9,2326.6,3478.3,3477.8,3477.6,4373.8,4373.7,4373.3,6085.0,6084.9,6084.0,8565.8,8567.2,8567.7,5178.8,5179.1,5179.3,7373.2,7372.9,7372.7,6073.3,6074.6,6074.9,1848.1,1846.7,1846.2,3652.0,3651.9,3652.8,2539.1,2538.3,2538.1,2881.7,2880.6,2880.8,27.299999,26.750000,going to home base
2024-04-13T01:53:54Z,2364.3,2363.6,2363.5,2603.8,2602.6,2604.2,5640.1,5640.2,5640.3,2326.0,2326.0,2326.3,3477.4,3476.9,3476.5,4373.4,4373.2,4373.4,6085.0,6084.4,6085.3,8566.3,8565.0,8567.2,5177.0,5177.3,5177.6,7373.5,7372.4,7373.3,6073.9,6075.0,6075.7,1847.1,1845.7,1845.9,3651.4,3651.2,3652.2,2539.3,2538.5,2538.8,2882.7,2882.7,2882.7,27.299999,26.799999,going to home base
2024-04-13T01:53:59Z,2363.9,2363.4,2363.4,2601.5,2602.2,2602.2,5640.7,5639.9,5640.3,2326.3,2325.9,2326.4,3476.9,3476.2,3476.0,4373.2,4373.3,4373.3,6083.7,6082.7,6083.2,8565.5,8566.8,8566.2,5179.8,5179.0,5180.5,7373.1,7373.7,7372.0,6072.3,6072.7,6073.5,1847.9,1846.3,1846.3,3651.2,3651.8,3652.6,2539.7,2538.9,2538.9,2880.5,2880.4,2880.5,27.270000,26.750000,going to home base
2024-04-13T01:54:04Z,2363.9,2363.3,2363.5,2602.9,2602.9,2603.3,5640.2,5639.6,5639.6,2326.2,2325.6,2326.4,3476.8,3476.6,3476.8,4373.2,4373.4,4373.1,6083.6,6082.7,6082.8,8565.4,8566.4,8566.4,5176.5,5175.9,5176.8,7373.1,7371.0,7372.7,6075.2,6074.6,6074.5,1847.8,1846.6,1846.8,3650.9,3651.2,3652.4,2539.1,2537.8,2538.2,2883.0,2882.3,2882.3,27.270000,26.860001,going to home base
2024-04-13T01:54:09Z,2364.1,2363.7,2363.8,2603.5,2602.8,2602.7,5640.1,5640.0,5640.4,2325.9,2325.8,2326.2,3476.8,3476.3,3476.7,4373.4,4372.7,4373.0,6079.2,6080.5,6081.3,8566.7,8567.9,8568.1,5180.0,5178.9,5180.9,7372.2,7371.2,7371.8,6074.6,6073.1,6074.5,1847.9,1846.7,1846.6,3651.3,3651.0,3652.6,2539.8,2538.8,2539.4,2882.5,2883.0,2882.8,27.280001,26.860001,going to home base
2024-04-13T01:54:14Z,2363.9,2363.1,2363.2,2602.8,2602.7,2603.1,5640.4,5640.2,5640.2,2326.2,2326.4,2327.2,3477.0,3476.5,3476.4,4372.8,4373.0,4372.8,6084.1,6082.7,6086.1,8566.5,8565.2,8564.0,5178.8,5178.6,5180.8,7372.2,7372.2,7372.1,6073.9,6073.6,6073.8,1847.4,1845.9,1845.6,3650.9,3651.3,3652.8,2539.8,2538.9,2539.1,2882.2,2881.8,2881.7,27.280001,26.920000,going to home base
2024-04-13T01:54:19Z,2364.0,2363.5,2363.8,2603.4,2603.3,2603.1,5640.2,5639.9,5639.2,2326.1,2326.4,2326.5,3476.7,3477.2,3476.9,4373.3,4372.9,4373.4,6086.0,6084.0,6085.8,8563.2,8564.4,8564.3,5181.7,5181.1,5182.6,7374.5,7372.9,7372.4,6075.1,6074.7,6072.7,1847.5,1845.8,1845.9,3651.0,3651.3,3652.3,2539.3,2538.6,2538.6,2882.5,2882.1,2882.2,27.280001,26.889999,going to home base
2024-04-13T01:54:24Z,2363.9,2363.2,2363.6,2603.2,2603.1,2603.0,5640.0,5640.0,5640.0,2326.8,2326.5,2326.8,3476.9,3477.4,3477.1,4372.8,4372.8,4372.4,6085.5,6084.3,6085.7,8564.0,8565.7,8563.2,5179.7,5180.2,5180.7,7373.4,7374.1,7375.4,6071.3,6072.8,6072.3,1848.1,1846.2,1846.4,3650.3,3650.7,3651.6,2539.2,2538.5,2539.1,2883.4,2883.3,2883.4,27.270000,26.879999,going to home base
2024-04-13T01:54:29Z,2363.9,2363.3,2363.7,2603.0,2602.7,2603.1,5640.1,5640.2,5640.0,2326.2,2326.2,2326.5,3477.5,3477.7,3477.2,4373.4,4372.8,4373.3,6084.0,6084.7,6085.8,8563.6,8564.9,8565.7,5180.6,5179.9,5180.7,7371.0,7371.3,7370.5,6073.2,6072.0,6071.5,1847.9,1846.7,1846.1,3650.5,3651.2,3651.4,2539.0,2538.6,2539.0,2880.6,2879.9,2881.2,27.280001,26.950001,going to home base
2024-04-13T01:54:34Z,2363.9,2363.1,2363.4,2602.6,2602.9,2603.3,5640.1,5640.0,5640.1,2325.2,2325.4,2325.6,3477.1,3476.9,3477.0,4373.2,4373.4,4373.4,6086.5,6084.7,6085.4,8566.0,8564.2,8564.7,5182.9,5183.0,5182.9,7372.9,7372.8,7371.1,6074.9,6074.3,6074.9,1847.6,1846.4,1846.5,3650.2,3650.5,3651.4,2539.5,2538.6,2538.6,2881.8,2881.8,2881.1,27.280001,26.950001,going to home base
2024-04-13T01:54:39Z,2364.3,2363.3,2363.7,2603.3,2603.2,2602.7,5639.3,5639.3,5639.2,2326.1,2325.9,2326.0,3477.3,3476.7,3476.6,4373.9,4373.1,4373.5,6085.7,6083.6,6083.9,8565.9,8566.4,8565.6,5178.7,5179.7,5179.8,7372.6,7373.0,7373.4,6075.6,6075.8,6076.8,1847.3,1845.6,1845.7,3650.9,3651.0,3651.8,2539.8,2538.9,2539.2,2880.8,2880.8,2880.9,27.280001,26.930000,going to home base
2024-04-13T01:54:44Z,2364.4,2363.7,2363.8,2602.9,2603.1,2603.3,5639.3,5639.0,5639.5,2325.4,2325.7,2325.9,3477.2,3476.6,3476.6,4373.4,4373.4,4372.9,6085.1,6084.4,6084.0,8564.2,8565.1,8564.1,5182.0,5180.3,5181.7,7374.3,7370.8,7372.4,6071.9,6071.4,6073.2,1846.7,1845.7,1845.9,3650.7,3651.3,3651.5,2538.9,2538.2,2538.5,2882.1,2880.9,2881.3,27.280001,26.860001,going to home base
2024-04-13T01:54:49Z,2364.2,2363.6,2363.8,2603.6,2603.6,2604.0,5639.3,5638.7,5638.9,2325.8,2325.8,2326.3,3477.4,3477.0,3477.2,4373.1,4372.8,4373.0,6084.7,6083.4,6084.1,8564.1,8563.3,8563.3,5180.2,5180.1,5180.6,7371.0,7373.0,7373.1,6073.6,6072.8,6074.0,1847.0,1845.5,1845.7,3650.5,3650.7,3651.5,2539.3,2538.8,2538.6,2882.5,2882.4,2882.5,27.270000,26.840000,going to home base
2024-04-13T01:54:54Z,2364.1,2363.7,2364.0,2602.7,2602.6,2602.7,5639.2,5639.1,5639.0,2325.7,2325.3,2325.8,3478.2,3477.8,3477.5,4373.4,4372.9,4373.1,6085.9,6083.8,6084.6,8563.4,8563.3,8564.4,5178.8,5178.5,5178.2,7374.5,7371.8,7371.4,6073.6,6074.6,6074.7,1847.6,1846.3,1845.9,3650.9,3651.3,3651.6,2539.4,2538.2,2538.7,2883.0,2882.1,2882.7,27.280001,26.930000,going to home base
2024-04-13T01:54:59Z,2364.1,2363.2,2363.7,2602.1,2602.5,2603.2,5638.8,5638.7,5639.0,2326.4,2326.0,2326.0,3477.2,3477.3,3476.9,4373.4,4372.9,4372.8,6086.4,6084.0,6085.6,8564.9,8563.9,8564.7,5178.7,5178.7,5179.8,7373.8,7373.2,7373.0,6074.1,6074.2,6073.6,1847.2,1845.6,1845.4,3651.2,3650.5,3651.2,2539.9,2539.0,2539.1,2882.2,2882.3,2882.5,27.280001,26.889999,going to home base
2024-04-13T01:55:04Z,2364.7,2363.9,2364.4,2602.0,2602.7,2602.8,5639.8,5639.4,5639.9,2326.2,2326.5,2326.8,3477.2,3476.9,3477.0,4373.6,4372.5,4373.3,6084.8,6084.6,6085.5,8565.3,8564.7,8566.9,5181.1,5181.4,5182.2,7376.4,7375.9,7376.1,6075.0,6076.1,6076.1,1847.0,1845.5,1845.5,3652.1,3652.1,3653.5,2539.5,2538.6,2538.8,2881.8,2880.8,2881.7,27.280001,26.910000,going to home base
2024-04-13T01:55:09Z,2364.6,2363.9,2364.4,2602.3,2602.3,2602.5,5640.4,5640.2,5640.3,2326.1,2325.9,2326.8,3477.9,3477.1,3477.1,4373.5,4373.5,4373.5,6087.9,6087.4,6087.8,8564.3,8563.3,8563.2,5181.1,5180.2,5181.7,7373.8,7373.3,7371.7,6071.3,6071.9,6073.3,1847.4,1845.8,1845.9,3651.2,3651.7,3652.5,2539.3,2538.4,2538.1,2881.1,2881.1,2881.5,27.250000,26.840000,going to home base
2024-04-13T01:55:14Z,2362.9,2363.1,2362.7,2601.9,2601.6,2602.3,5639.9,5639.2,5639.7,2326.2,2326.3,2326.4,3477.0,3476.6,3476.2,4372.9,4373.2,4373.1,6084.5,6084.6,6085.8,8563.4,8564.6,8564.3,5180.9,5180.5,5181.0,7376.7,7375.4,7375.8,6073.3,6072.9,6073.3,1847.3,1845.7,1845.7,3651.0,3651.1,3651.9,2538.8,2538.0,2538.0,2882.5,2883.3,2882.5,27.299999,26.780001,going to home base
2024-04-13T01:55:19Z,2363.9,2363.0,2363.2,2602.1,2601.9,2602.1,5640.2,5639.4,5639.1,2326.1,2325.8,2326.4,3477.7,3477.7,3477.0,4372.4,4372.4,4372.2,6084.0,6083.9,6084.2,8568.0,8566.2,8566.5,5181.0,5181.9,5182.1,7374.1,7372.4,7370.8,6075.9,6073.1,6073.9,1847.2,1845.7,1845.3,3651.2,3651.1,3651.9,2539.0,2538.1,2538.4,2881.4,2881.3,2881.8,27.270000,26.770000,going to home base
2024-04-13T01:55:24Z,2363.3,2362.3,2362.6,2602.2,2602.1,2602.4,5639.9,5639.7,5639.7,2325.9,2326.0,2326.4,3477.1,3476.6,3476.8,4372.5,4372.6,4372.3,6083.7,6084.3,6084.7,8567.8,8564.5,8565.2,5181.1,5181.4,5182.2,7371.4,7373.8,7371.2,6074.1,6075.7,6074.2,1847.3,1845.8,1845.4,3651.5,3650.8,3652.1,2538.8,2538.0,2538.3,2883.5,2883.1,2882.8,27.280001,26.730000,going to home base
2024-04-13T01:55:29Z,2363.5,2362.7,2362.6,2602.3,2602.3,2602.5,5640.0,5639.2,5639.3,2325.8,2325.9,2326.1,3477.1,3477.0,3477.0,4372.9,4372.6,4372.7,6085.4,6085.7,6084.7,8564.1,8563.7,8564.6,5180.4,5181.1,5181.1,7372.7,7371.6,7371.7,6076.8,6076.9,6076.4,1846.5,1845.2,1845.2,3651.2,3651.6,3652.2,2539.3,2538.2,2538.2,2881.5,2881.4,2881.8,27.299999,26.770000,going to home base
2024-04-13T01:55:34Z,2363.6,2363.1,2363.1,2602.2,2602.3,2602.4,5638.9,5638.9,5638.6,2325.4,2325.5,2325.9,3478.2,3477.8,3478.1,4373.0,4372.8,4373.2,6084.1,6083.2,6083.1,8563.2,8563.9,8564.8,5180.7,5180.1,5180.1,7371.2,7373.4,7374.0,6075.1,6073.8,6074.6,1846.8,1845.4,1845.1,3651.2,3651.3,3652.3,2539.3,2538.9,2538.8,2882.6,2881.5,2881.8,27.280001,26.750000,going to home base
2024-04-13T01:55:39Z,2364.2,2363.6,2363.4,2602.1,2602.1,2603.0,5639.4,5638.9,5639.2,2324.9,2325.4,2325.9,3477.9,3477.4,3477.8,4372.5,4372.8,4372.8,6083.9,6084.5,6084.4,8562.0,8560.9,8560.6,5180.8,5180.6,5180.3,7372.6,7370.4,7371.0,6073.7,6072.9,6073.5,1846.8,1845.6,1845.5,3650.9,3651.2,3652.3,2539.4,2538.7,2538.6,2882.5,2880.6,2881.8,27.299999,26.770000,going to home base
2024-04-13T01:55:44Z,2363.4,2363.0,2363.3,2602.1,2601.7,2602.2,5639.5,5638.4,5638.3,2325.6,2325.7,2326.0,3478.1,3478.1,3477.9,4372.5,4372.6,4372.5,6085.4,6085.3,6085.5,8562.4,8562.4,8562.6,5179.0,5178.1,5180.0,7370.1,7370.2,7370.5,6075.9,6074.5,6074.9,1846.5,1845.1,1845.0,3651.9,3652.0,3652.6,2539.7,2539.1,2538.7,2882.1,2880.6,2881.7,27.270000,26.770000,going to home base
2024-04-13T01:55:54Z,2364.4,2363.6,2363.7,2602.0,2602.2,2602.8,start,26653.7,26654.5,2363.7,2362.8,2363.5,2325.2,2326.0,3731.3,3731.7,87858.3,87838.3,14141.1,14133.1,14133.3,4372.4,4372.2,6084.3,6084.4,6083.6,16457.7,16457.0,33855.5,33873.1,8564.2,8563.2,8563.7,7370.5,7373.1,6074.7,6073.8,6075.1,43608.0,43610.9,3695.0,3695.6,1847.0,1846.0,1845.8,3652.4,2539.7,going to home base
2024-04-13T01:56:04Z,2363.4,2363.0,2363.1,2602.6,2602.3,2602.8,5639.9,5639.3,5639.3,2325.2,2325.4,2325.7,3477.7,3477.7,3477.5,4372.4,4372.6,4372.4,6085.1,6084.8,6084.2,8564.6,8564.4,8565.2,5178.5,5178.2,5179.1,7371.5,7370.7,7371.3,6074.1,6075.7,6075.4,1847.3,1845.7,1846.0,3652.3,3652.0,3653.2,2539.7,2538.9,2538.4,2880.5,2879.9,2880.6,27.280001,26.860001,going to home base
2024-04-13T01:56:09Z,2363.6,2363.1,2362.9,2602.8,2602.3,2603.2,5638.6,5638.5,5638.8,2326.1,2325.7,2326.5,3477.3,3477.3,3477.6,4372.2,4372.3,4372.3,6084.9,6083.1,6082.1,8565.1,8563.9,8565.0,5179.9,5178.1,5179.9,7372.2,7371.0,7371.4,6074.3,6072.4,6072.5,1847.3,1845.6,1845.7,3651.6,3652.2,3653.0,2539.1,2538.4,2538.3,2880.7,2881.2,2880.8,27.309999,26.780001,going to home base
2024-04-13T01:56:14Z,2363.3,2362.8,2362.9,2602.5,2602.4,2602.7,5638.9,5638.3,5638.6,2325.8,2325.9,2326.5,3477.3,3476.8,3476.7,4372.5,4372.1,4372.8,6081.3,6078.6,6079.7,8561.0,8562.3,8563.7,5179.4,5178.5,5179.4,7369.4,7369.2,7368.6,6075.9,6075.4,6074.9,1847.0,1845.6,1845.7,3651.3,3651.9,3652.6,2538.5,2537.5,2538.0,2880.9,2880.7,2881.3,27.270000,26.719999,going to home base
2024-04-13T01:56:19Z,2362.8,2362.0,2362.5,2602.0,2601.8,2601.8,5638.3,5638.5,5639.0,2325.1,2325.5,2325.8,3478.5,3477.7,3477.9,4372.5,4372.2,4371.8,6081.2,6081.3,6081.1,8565.4,8565.9,8564.2,5180.3,5179.1,5181.2,7369.8,7369.3,7369.1,6076.8,6075.4,6077.3,1847.2,1846.0,1845.5,3651.5,3650.9,3652.1,2538.4,2537.5,2537.8,2880.8,2880.5,2880.7,27.299999,26.730000,going to home base
2024-04-13T01:56:24Z,2363.0,2362.3,2362.6,2602.5,2602.6,2602.7,5638.9,5638.4,5638.6,2325.1,2325.4,2325.7,3477.6,3477.3,3476.7,4372.2,4372.5,4372.2,6083.2,6083.8,6084.4,8564.6,8564.3,8564.7,5178.7,5180.7,5181.3,7372.9,7370.9,7371.6,6075.2,6073.8,6075.4,1846.9,1845.4,1845.3,3651.6,3651.4,3652.3,2539.1,2538.8,2538.8,2881.5,2881.5,2881.1,27.270000,26.709999,going to home base
2024-04-13T01:56:29Z,2363.5,2362.8,2363.3,2601.7,2601.8,2602.0,5638.9,5637.8,5638.2,2325.1,2325.2,2325.5,3478.0,3477.3,3477.1,4371.6,4370.8,4371.1,6081.4,6081.0,6082.8,8566.0,8564.1,8564.7,5179.9,5179.4,5180.5,7370.6,7368.2,7367.8,6074.3,6073.6,6074.5,1846.9,1845.5,1845.7,3651.4,3651.8,3652.1,2537.9,2537.4,2537.1,2882.3,2880.9,2882.2,27.299999,26.790001,going to home base
2024-04-13T01:56:34Z,2363.7,2363.2,2363.3,2602.0,2602.2,2603.0,5638.3,5638.0,5637.7,2325.5,2325.0,2325.3,3477.5,3477.6,3477.7,4371.7,4371.5,4371.1,6084.6,6083.2,6084.6,8565.4,8565.0,8565.7,5177.7,5178.9,5178.3,7371.5,7367.5,7369.8,6072.3,6075.1,6076.3,1847.1,1845.8,1845.7,3651.3,3650.8,3651.9,2537.6,2537.2,2537.3,2882.0,2881.5,2881.3,27.270000,26.750000,going to home base
2024-04-13T01:56:39Z,2364.3,2363.8,2363.9,2601.8,2601.8,2602.0,5638.3,5637.7,5638.2,2324.8,2324.4,2324.8,3477.1,3476.8,3476.8,4371.5,4371.1,4371.5,6080.7,6082.1,6082.8,8562.6,8564.0,8563.1,5179.0,5178.3,5179.1,7369.9,7368.8,7370.6,6074.3,6073.7,6075.2,1847.5,1846.1,1846.1,3650.9,3651.0,3651.6,2537.9,2537.6,2537.3,2881.1,2880.7,2881.3,27.270000,26.740000,going to home base
2024-04-13T01:56:44Z,2363.4,2362.7,2363.1,2601.8,2601.4,2601.7,5638.0,5637.3,5638.1,2324.8,2324.5,2324.8,3477.3,3476.8,3477.0,4371.2,4371.4,4371.1,6083.7,6084.7,6084.5,8566.1,8565.9,8565.7,5178.3,5178.5,5180.2,7371.1,7369.2,7368.6,6074.8,6076.5,6075.2,1847.4,1846.0,1846.0,3650.8,3650.9,3652.0,2538.2,2537.1,2537.0,2881.4,2881.4,2881.9,27.270000,26.809999,going to home base
2024-04-13T01:56:49Z,2363.7,2363.1,2363.3,2602.1,2602.1,2602.8,5638.4,5638.1,5637.7,2325.3,2325.1,2325.4,3477.8,3477.2,3477.4,4371.3,4370.9,4371.0,6082.9,6081.9,6082.1,8565.0,8565.1,8563.8,5180.1,5180.0,5180.8,7370.9,7369.8,7371.0,6073.8,6074.4,6076.8,1846.6,1845.1,1845.5,3652.3,3652.0,3652.6,2537.8,2537.4,2536.9,2881.6,2882.3,2883.0,27.299999,26.809999,going to home base
2024-04-13T01:56:54Z,2363.3,2362.6,2362.9,2602.0,2602.2,2601.8,5638.5,5638.3,5638.2,2325.4,2325.5,2325.8,3478.5,3478.0,3477.6,4371.6,4371.5,4371.2,6082.3,6082.1,6083.2,8565.9,8563.8,8564.3,5180.0,5179.7,5180.2,7372.2,7372.6,7373.1,6072.2,6073.3,6073.8,1847.2,1845.7,1845.8,3651.4,3651.1,3651.5,2537.7,2537.0,2536.9,2881.4,2881.5,2881.6,27.299999,26.850000,going to home base
2024-04-13T01:56:59Z,2363.1,2362.4,2362.5,2602.7,2602.3,2602.3,5638.0,5637.5,5637.8,2325.0,2325.5,2325.8,3477.8,3477.2,3476.6,4371.3,4371.3,4371.2,6078.5,6079.7,6080.4,8565.5,8565.1,8565.6,5178.6,5179.0,5179.2,7372.8,7372.3,7372.0,6073.6,6073.6,6073.2,1847.1,1845.6,1845.5,3651.0,3651.1,3652.3,2538.3,2538.3,2537.7,2883.1,2883.0,2882.8,27.270000,26.840000,going to home base
2024-04-13T01:57:04Z,2363.9,2363.2,2363.8,2601.8,2602.2,2602.8,5638.1,5637.5,5637.6,2325.8,2325.4,2326.3,3478.2,3477.2,3477.3,4371.3,4371.3,4371.5,6078.7,6078.7,6079.1,8565.5,8564.9,8564.9,5180.1,5179.3,5180.3,7371.6,7370.7,7371.9,6072.6,6073.7,6074.7,1846.9,1845.4,1845.3,3651.0,3650.6,3651.5,2537.7,2537.1,2537.0,2881.3,2881.4,2882.1,27.299999,26.850000,going to home base
2024-04-13T01:57:09Z,2363.1,2362.5,2362.8,2602.2,2602.9,2603.0,5638.6,5638.0,5638.2,2325.6,2325.7,2325.9,3477.0,3476.6,3477.3,4371.3,4370.8,4370.8,6080.5,6079.0,6080.4,8568.0,8567.5,8566.4,5179.6,5179.1,5179.5,7371.8,7372.9,7372.2,6074.3,6073.7,6074.3,1847.0,1845.7,1845.5,3651.0,3651.3,3651.9,2538.0,2537.1,2537.2,2882.7,2880.7,2881.2,27.270000,26.889999,going to home base
2024-04-13T01:57:14Z,2363.0,2362.3,2362.5,2602.0,2601.9,2602.3,5638.8,5638.2,5638.6,2325.2,2325.1,2325.7,3478.3,3477.4,3477.5,4371.5,4371.7,4371.4,6080.1,6080.7,6081.3,8567.2,8567.3,8567.1,5180.6,5180.5,5180.7,7370.3,7369.5,7371.6,6075.5,6076.0,6076.1,1847.4,1845.8,1845.9,3651.2,3651.4,3652.0,2538.8,2537.4,2538.0,2881.8,2881.6,2882.0,27.280001,26.920000,going to home base
2024-04-13T01:57:19Z,2363.0,2362.4,2362.5,2602.4,2601.7,2602.2,5639.1,5638.7,5638.7,2326.0,2326.3,2326.5,3478.0,3477.5,3477.4,4371.2,4371.3,4371.1,6077.9,6078.2,6079.6,8564.2,8566.1,8564.6,5179.3,5179.8,5179.9,7371.5,7371.9,7371.3,6072.8,6073.6,6073.9,1846.9,1845.4,1845.7,3651.4,3651.6,3652.2,2538.6,2537.6,2537.9,2881.8,2881.7,2881.4,27.270000,26.889999,going to home base
2024-04-13T01:57:24Z,2363.3,2362.7,2363.0,2602.2,2602.5,2602.4,5639.0,5639.1,5638.6,2326.1,2325.8,2326.4,3477.7,3477.4,3477.1,4370.9,4371.1,4371.2,6080.1,6079.3,6080.8,8567.0,8565.5,8566.1,5180.1,5180.4,5180.8,7371.5,7370.8,7370.6,6074.3,6075.7,6076.9,1847.1,1845.9,1846.0,3652.3,3652.1,3652.7,2539.4,2538.2,2538.6,2882.3,2882.0,2882.6,27.280001,26.930000,going to home base
2024-04-13T01:57:29Z,2363.9,2363.0,2363.2,2601.8,2601.3,2602.3,5638.5,5637.9,5638.4,2324.8,2325.4,2325.8,3477.2,3476.8,3477.5,4370.8,4371.3,4371.2,6078.5,6078.6,6080.3,8563.9,8562.5,8563.3,5180.6,5179.7,5180.0,7370.3,7369.5,7370.4,6074.4,6073.6,6073.9,1847.0,1845.6,1845.4,3651.0,3650.8,3651.5,2538.0,2537.1,2537.3,2880.9,2880.6,2881.2,27.280001,26.799999,going to home base
2024-04-13T01:57:34Z,2364.0,2363.3,2363.3,2601.6,2601.9,2602.0,5638.4,5637.6,5637.6,2325.6,2325.3,2326.0,3476.6,3477.2,3477.0,4371.3,4371.5,4371.6,6079.5,6078.5,6079.9,8562.2,8563.8,8565.2,5180.9,5180.1,5180.4,7372.3,7372.4,7372.2,6076.3,6073.3,6075.6,1847.2,1845.6,1845.8,3651.2,3651.2,3652.2,2537.6,2537.2,2537.5,2882.0,2881.6,2882.1,27.270000,26.830000,going to home base
2024-04-13T01:57:39Z,2362.8,2362.3,2362.3,2601.6,2602.2,2601.9,5638.7,5637.9,5638.1,2325.5,2325.3,2325.8,3477.3,3477.0,3476.8,4370.7,4370.6,4370.5,6080.2,6081.5,6082.2,8563.5,8563.9,8562.1,5179.8,5178.2,5180.3,7372.4,7371.4,7372.8,6075.0,6074.1,6074.0,1847.1,1845.3,1845.6,3651.3,3651.3,3652.2,2537.5,2536.6,2536.6,2882.5,2880.8,2881.5,27.299999,26.820000,going to home base
2024-04-13T01:57:44Z,2363.4,2362.6,2363.0,2601.8,2602.0,2602.3,5639.2,5638.5,5638.5,2325.5,2325.4,2325.4,3477.3,3476.4,3476.7,4371.9,4371.8,4371.5,6081.1,6082.0,6082.7,8566.1,8565.0,8564.9,5179.9,5180.0,5179.4,7371.7,7370.7,7371.8,6074.8,6075.0,6074.7,1847.4,1845.9,1845.9,3650.3,3650.6,3651.3,2538.3,2537.3,2537.5,2881.0,2881.2,2880.8,27.270000,26.850000,going to home base
2024-04-13T01:57:49Z,2363.1,2362.0,2362.3,2601.4,2602.2,2601.8,5638.7,5638.0,5638.7,2325.7,2325.3,2325.6,3478.3,3477.2,3477.4,4371.5,4371.6,4371.0,6083.4,6084.0,6085.4,8565.0,8565.9,8564.8,5181.6,5180.9,5181.6,7373.4,7374.6,7372.2,6075.5,6074.2,6074.9,1847.5,1845.9,1845.5,3651.2,3651.3,3652.2,2537.2,2536.2,2537.2,2881.6,2881.4,2882.1,27.280001,26.820000,going to home base
2024-04-13T01:57:54Z,2363.5,2362.3,2362.4,2601.3,2601.2,2601.5,5638.6,5638.0,5638.4,2325.9,2325.6,2325.8,3477.2,3476.5,3476.4,4371.8,4371.7,4371.8,6081.2,6081.6,6081.6,8563.8,8563.9,8564.1,5179.2,5179.2,5180.2,7372.3,7371.8,7372.2,6074.0,6073.6,6074.7,1847.1,1845.6,1846.0,3651.1,3651.4,3651.6,2538.0,2536.6,2536.6,2881.2,2881.2,2882.1,27.280001,26.809999,going to home base
2024-04-13T01:57:59Z,2363.4,2362.6,2362.7,2601.5,2601.3,2601.7,5638.9,5638.3,5638.7,2325.3,2324.8,2325.6,3477.6,3477.8,3477.6,4371.5,4371.2,4371.1,6082.1,6082.9,6083.0,8566.9,8566.8,8566.3,5180.8,5180.7,5181.3,7370.0,7369.7,7369.6,6074.5,6074.3,6074.4,1847.0,1845.8,1845.7,3650.7,3651.3,3652.1,2537.6,2536.9,2537.1,2879.7,2880.6,2880.7,27.270000,26.790001,going to home base
2024-04-13T01:58:04Z,2362.5,2362.1,2362.2,2600.6,2601.0,2601.0,5638.7,5639.1,5638.6,2325.7,2325.6,2325.8,3477.3,3476.5,3476.5,4371.9,4371.6,4371.5,6082.4,6081.8,6081.1,8563.4,8564.0,8563.6,5179.4,5180.4,5179.9,7370.3,7368.8,7369.5,6073.5,6072.8,6074.6,1847.6,1846.0,1846.2,3650.6,3650.2,3651.1,2538.2,2537.6,2537.5,2881.6,2880.3,2880.8,27.280001,26.780001,going to home base
2024-04-13T01:58:09Z,2363.1,2362.6,2362.3,2600.8,2600.6,2601.5,5638.4,5638.0,5638.3,2325.8,2325.7,2325.9,3477.7,3477.2,3477.1,4371.6,4371.5,4371.5,6082.0,6081.1,6082.6,8563.2,8562.4,8562.7,5178.2,5177.4,5179.9,7371.0,7370.2,7369.8,6074.2,6073.6,6071.7,1847.0,1845.8,1845.5,3650.1,3650.4,3651.0,2537.7,2537.1,2536.7,2882.6,2881.0,2880.9,27.270000,26.750000,going to home base
2024-04-13T01:58:14Z,2362.3,2361.7,2362.3,2601.3,2600.8,2601.3,5638.7,5637.3,5638.0,2326.0,2325.1,2326.0,3477.4,3477.1,3477.4,4371.3,4371.1,4371.5,6083.1,6082.7,6081.6,8564.2,8564.9,8564.3,5179.7,5179.5,5180.3,7373.6,7373.4,7372.9,6075.0,6075.7,6075.3,1847.9,1846.2,1846.4,3650.1,3649.8,3650.3,2538.1,2537.0,2537.1,2879.8,2879.7,2880.1,27.270000,26.700001,going to home base
2024-04-13T01:58:19Z,2362.3,2361.8,2362.0,2600.7,2600.6,2600.7,5638.4,5637.9,5638.2,2325.7,2325.7,2325.9,3477.2,3476.9,3477.1,4371.5,4370.8,4370.5,6083.3,6082.9,6082.5,8563.3,8561.8,8562.9,5179.1,5178.0,5180.4,7370.8,7370.0,7370.3,6073.8,6072.7,6073.5,1847.3,1845.9,1846.0,3650.0,3650.5,3651.0,2537.0,2536.5,2536.2,2880.3,2880.0,2880.9,27.299999,26.670000,going to home base
2024-04-13T01:58:24Z,2363.1,2362.6,2362.4,2601.6,2601.6,2601.9,5637.4,5637.1,5637.3,2325.0,2324.9,2325.5,3477.1,3476.5,3476.1,4370.7,4370.8,4370.9,6080.9,6079.8,6080.2,8563.7,8564.2,8564.6,5179.6,5179.1,5179.1,7371.6,7370.5,7369.8,6072.8,6072.8,6074.6,1847.2,1845.2,1845.3,3649.4,3649.7,3650.2,2537.3,2536.3,2536.5,2881.5,2881.1,2881.9,27.270000,26.639999,going to home base
2024-04-13T01:58:29Z,2363.1,2362.0,2362.8,2601.3,2601.1,2601.9,5637.4,5637.4,5637.3,2325.6,2326.0,2326.4,3476.6,3476.2,3475.9,4371.4,4371.2,4370.9,6078.7,6078.7,6080.1,8564.8,8562.5,8564.3,5179.7,5178.7,5179.4,7370.4,7368.3,7369.4,6072.7,6073.6,6072.9,1847.6,1846.4,1846.4,3650.2,3649.5,3651.0,2537.6,2536.5,2536.1,2879.9,2880.0,2879.3,27.299999,26.670000,going to home base
2024-04-13T01:58:34Z,2363.0,2362.4,2362.6,2601.3,2601.0,2602.0,5637.5,5637.4,5637.3,2325.5,2325.6,2326.1,3476.1,3475.7,3475.8,4370.9,4370.9,4370.9,6081.6,6081.3,6081.9,8563.9,8562.3,8564.0,5178.7,5178.4,5179.1,7370.8,7369.5,7368.9,6076.0,6072.5,6074.2,1847.4,1846.0,1845.4,3649.6,3649.8,3650.5,2537.3,2536.5,2536.9,2880.5,2879.7,2880.7,27.280001,26.660000,going to home base
2024-04-13T01:58:39Z,2362.3,2361.5,2361.7,2601.3,2601.2,2601.2,5637.9,5637.4,5637.6,2325.9,2325.9,2326.2,3476.2,3476.1,3475.7,4370.7,4370.8,4370.9,6078.8,6078.9,6078.4,8561.6,8561.0,8560.1,5178.3,5178.2,5179.4,7372.4,7372.7,7372.0,6071.5,6072.3,6073.2,1847.5,1846.0,1845.8,3650.0,3649.6,3650.5,2537.8,2537.2,2537.2,2880.6,2879.9,2880.1,27.250000,26.719999,going to home base
2024-04-13T01:58:44Z,2362.7,2362.0,2362.1,2601.0,2601.2,2601.2,5637.2,5637.0,5637.4,2325.3,2325.4,2326.0,3476.6,3476.5,3475.8,4370.7,4370.6,4370.9,6080.7,6080.9,6080.1,8562.2,8562.4,8561.2,5177.1,5177.1,5178.3,7371.7,7371.9,7371.0,6072.0,6072.5,6073.0,1848.1,1846.5,1846.4,3651.0,3650.7,3651.2,2538.8,2538.8,2538.6,2881.7,2880.4,2880.6,27.270000,26.780001,going to home base
2024-04-13T01:58:49Z,2362.0,2361.2,2361.4,2601.1,2601.0,2601.4,5637.6,5637.2,5637.4,2325.1,2325.0,2325.1,3477.0,3475.9,3476.6,4371.1,4371.1,4371.4,6079.7,6079.3,6080.3,8561.2,8561.7,8561.3,5177.6,5177.3,5178.1,7370.5,7370.7,7371.0,6072.8,6072.0,6074.0,1847.4,1845.8,1846.0,3650.1,3649.8,3650.5,2538.2,2537.7,2537.8,2882.0,2880.6,2880.6,27.280001,26.809999,going to home base
2024-04-13T01:58:54Z,2362.3,2361.8,2361.9,2600.9,2601.4,2601.3,5638.1,5637.9,5638.1,2324.5,2324.7,2325.0,3477.0,3476.4,3476.2,4370.8,4371.2,4370.7,6081.4,6081.5,6081.5,8563.1,8562.0,8562.0,5177.6,5177.1,5178.1,7371.0,7371.3,7371.2,6073.8,6073.7,6073.3,1847.5,1845.9,1845.7,3650.5,3650.4,3650.8,2538.7,2537.9,2537.7,2881.4,2880.7,2881.1,27.270000,26.770000,going to home base
2024-04-13T01:58:59Z,2362.5,2362.0,2362.3,2601.5,2601.4,2601.9,5638.0,5637.6,5637.2,2325.6,2325.9,2325.7,3476.6,3476.4,3476.7,4370.9,4370.7,4370.8,6081.3,6079.6,6079.2,8561.6,8561.8,8561.3,5178.2,5177.8,5178.4,7373.1,7372.5,7371.1,6073.2,6072.2,6073.7,1847.2,1845.5,1845.5,3649.9,3649.8,3651.0,2538.6,2537.6,2537.4,2881.9,2880.6,2881.9,27.250000,26.820000,going to home base
2024-04-13T01:59:04Z,2362.5,2361.6,2361.9,2601.9,2601.2,2602.0,5638.4,5637.9,5637.9,2325.6,2325.1,2325.9,3476.9,3476.1,3476.3,4370.8,4371.2,4370.9,6080.8,6081.5,6082.3,8561.4,8559.9,8561.3,5177.5,5177.8,5179.0,7371.9,7371.5,7372.3,6074.8,6073.9,6072.4,1847.1,1845.4,1845.3,3649.8,3649.9,3650.6,2538.2,2537.8,2537.9,2881.8,2881.2,2881.4,27.270000,26.809999,going to home base
2024-04-13T01:59:09Z,2362.7,2362.2,2362.2,2601.4,2601.2,2601.5,5638.2,5637.8,5638.1,2325.7,2326.0,2326.4,3476.7,3475.9,3475.8,4370.4,4370.4,4370.6,6081.8,6082.0,6082.0,8563.1,8562.9,8563.6,5179.1,5177.8,5179.1,7372.4,7370.4,7369.2,6074.1,6072.3,6074.5,1847.7,1846.0,1846.3,3649.6,3649.9,3651.4,2538.7,2537.7,2537.3,2881.2,2881.1,2881.2,27.299999,26.850000,going to home base
2024-04-13T01:59:14Z,2362.5,2361.2,2362.3,2601.6,2601.1,2601.5,5638.1,5637.5,5637.8,2325.1,2324.9,2325.6,3477.1,3476.9,3476.5,4371.0,4371.1,4370.6,6083.3,6082.4,6081.7,8562.9,8564.4,8564.6,5179.0,5176.8,5177.5,7371.5,7370.4,7370.2,6073.7,6075.1,6076.4,1847.3,1845.7,1845.8,3650.2,3650.4,3651.1,2538.9,2537.9,2537.7,2880.9,2881.3,2881.1,27.270000,26.920000,going to home base
2024-04-13T01:59:19Z,2362.6,2362.1,2362.2,2601.2,2601.4,2601.9,5638.4,5637.6,5637.9,2326.1,2325.4,2325.9,3477.1,3477.4,3477.0,4370.8,4370.4,4370.4,6080.2,6079.7,6078.9,8562.5,8562.3,8561.4,5178.1,5178.5,5178.5,7372.5,7371.5,7370.7,6073.4,6073.2,6075.2,1847.2,1846.0,1846.1,3650.5,3650.4,3650.8,2537.9,2537.5,2537.1,2880.2,2880.0,2880.2,27.240000,26.900000,going to home base
2024-04-13T01:59:24Z,2362.5,2362.1,2362.3,2601.5,2601.1,2601.3,5638.3,5638.5,5638.6,2325.5,2325.9,2326.6,3477.7,3477.1,3477.0,4370.9,4370.8,4370.8,6080.2,6081.3,6081.4,8561.1,8564.6,8564.4,5178.3,5178.5,5179.8,7370.7,7369.4,7372.4,6073.3,6072.6,6073.0,1847.3,1845.9,1845.4,3650.2,3650.7,3650.7,2537.8,2537.0,2537.4,2881.7,2880.6,2880.0,27.270000,26.889999,going to home base
2024-04-13T01:59:29Z,2362.9,2362.3,2362.5,2601.7,2601.3,2601.6,5638.6,5637.9,5638.1,2325.4,2325.7,2325.9,3476.8,3475.4,3476.2,4371.6,4371.2,4371.1,6080.7,6079.6,6081.2,8561.3,8563.2,8563.0,5178.1,5177.3,5178.3,7372.5,7370.5,7371.0,6068.6,6072.3,6071.8,1847.3,1846.2,1845.9,3650.3,3650.0,3650.8,2537.9,2537.0,2537.3,2881.9,2882.7,2881.8,27.280001,26.920000,going to home base
2024-04-13T01:59:34Z,2362.6,2362.0,2362.3,2601.9,2602.1,2602.0,5638.0,5637.6,5638.2,2325.8,2325.9,2325.8,3476.3,3476.3,3475.8,4371.2,4371.4,4371.2,6081.6,6080.6,6081.8,8562.0,8562.7,8563.4,5179.7,5178.8,5179.7,7371.2,7370.1,7370.0,6072.6,6071.8,6071.6,1847.6,1845.9,1846.0,3650.7,3650.3,3651.3,2538.6,2536.9,2537.4,2881.7,2880.6,2881.5,27.250000,26.850000,going to home base
2024-04-13T01:59:39Z,2362.5,2361.8,2362.1,2601.7,2601.2,2601.9,5637.6,5637.8,5637.9,2325.6,2326.0,2325.9,3476.7,3475.9,3476.0,4370.7,4370.6,4370.8,6083.2,6081.9,6082.4,8563.6,8565.3,8564.5,5177.2,5177.6,5177.9,7373.2,7372.2,7373.1,6071.3,6071.7,6073.7,1847.4,1846.4,1846.0,3649.4,3649.5,3650.2,2538.3,2537.4,2537.7,2882.8,2882.8,2884.3,27.270000,26.830000,going to home base
2024-04-13T01:59:44Z,2362.9,2362.1,2362.4,2601.2,2601.0,2600.8,5638.0,5637.8,5637.8,2325.1,2325.1,2325.9,3476.5,3476.2,3476.6,4370.8,4371.1,4371.1,6082.8,6084.0,6082.2,8560.7,8561.3,8560.4,5180.4,5180.0,5181.1,7371.7,7372.0,7371.4,6073.0,6073.8,6072.9,1847.7,1846.3,1846.1,3650.9,3650.7,3650.9,2538.6,2537.9,2538.3,2881.8,2881.8,2881.9,27.280001,26.820000,going to home base
2024-04-13T01:59:49Z,2362.5,2361.9,2362.0,2601.0,2601.0,2602.0,5638.4,5637.9,5638.0,2324.5,2324.9,2325.2,3476.3,3476.4,3476.1,4371.3,4371.3,4370.9,6080.5,6079.2,6080.1,8562.7,8564.4,8563.6,5179.9,5177.8,5178.3,7372.0,7369.8,7370.5,6073.5,6074.9,6075.6,1847.8,1846.1,1846.2,3649.7,3650.2,3651.2,2538.0,2537.3,2537.3,2881.7,2880.4,2880.5,27.270000,26.860001,going to home base
2024-04-13T01:59:54Z,2363.1,2362.2,2362.4,2601.7,2601.2,2602.0,5638.4,5638.1,5637.8,2325.5,2325.1,2325.8,3476.2,3476.1,3475.9,4371.5,4370.9,4371.3,6082.9,6081.4,6082.5,8563.0,8561.8,8561.9,5177.7,5177.6,5179.1,7371.7,7370.6,7371.4,6070.2,6069.8,6071.4,1846.9,1845.3,1845.2,3650.3,3650.1,3650.7,2538.7,2538.1,2537.7,2880.4,2879.7,2879.9,27.280001,26.820000,going to home base
2024-04-13T01:59:59Z,2362.6,2361.9,2362.1,2601.7,2601.9,2602.0,5638.9,5638.1,5638.5,2325.3,2325.3,2325.7,3477.9,3477.7,3477.1,4371.2,4370.8,4371.0,6078.9,6080.8,6082.0,8563.7,8563.4,8563.5,5178.7,5179.4,5179.6,7373.0,7370.5,7371.5,6073.4,6073.3,6075.2,1847.4,1845.8,1845.9,3649.8,3650.1,3651.4,2538.1,2537.5,2537.3,2881.6,2880.0,2880.5,27.270000,26.830000,going to home base
2024-04-13T02:00:04Z,2363.6,2362.6,2362.8,2601.4,2601.2,2601.3,5638.2,5637.5,5637.7,2325.0,2325.0,2325.9,3476.3,3475.8,3475.6,4371.0,4371.4,4371.3,6079.5,6079.7,6080.8,8564.8,8563.1,8563.6,5179.2,5178.3,5179.3,7374.1,7373.0,7373.1,6074.4,6073.9,6073.0,1847.3,1846.2,1845.5,3650.5,3650.1,3651.1,2538.4,2537.7,2537.9,2881.7,2880.5,2880.8,27.250000,26.809999,going to home base
2024-04-13T02:00:09Z,2362.7,2361.7,2362.3,2600.8,2601.5,2601.1,5638.0,5637.5,5637.5,2325.3,2325.0,2325.7,3476.1,3476.3,3476.2,4371.2,4370.8,4370.8,6077.9,6078.3,6080.1,8563.8,8562.9,8562.4,5179.2,5178.6,5179.6,7373.0,7374.6,7375.3,6071.8,6072.7,6072.3,1847.2,1846.1,1845.9,3650.4,3650.3,3650.9,2537.5,2536.8,2536.8,2881.7,2881.0,2881.5,27.270000,26.780001,going to home base
2024-04-13T02:00:14Z,2362.0,2361.1,2361.9,2600.8,2600.6,2601.0,5638.0,5637.6,5637.4,2324.8,2324.9,2325.3,3476.2,3476.3,3476.1,4370.5,4370.5,4370.3,6081.4,6080.9,6080.8,8561.0,8561.3,8561.9,5178.4,5178.6,5180.4,7372.7,7372.9,7372.1,6072.6,6071.7,6072.0,1847.5,1846.3,1845.9,3650.9,3650.5,3652.0,2537.7,2537.3,2537.4,2881.1,2881.0,2880.7,27.270000,26.830000,going to home base
2024-04-13T02:00:19Z,2362.6,2362.0,2362.0,2600.4,2600.7,2601.6,5638.0,5637.8,5637.9,2325.1,2325.1,2325.9,3476.9,3476.4,3476.2,4370.8,4370.6,4370.9,6080.9,6080.0,6081.4,8561.2,8560.8,8561.8,5178.3,5178.1,5178.7,7374.3,7373.0,7372.2,6070.9,6068.8,6068.9,1847.3,1845.6,1845.7,3650.5,3650.5,3651.1,2537.8,2536.9,2537.1,2882.7,2882.4,2882.7,27.270000,26.809999,going to home base
2024-04-13T02:00:24Z,2362.8,2362.5,2362.9,2600.8,2600.4,2601.5,5638.0,5637.5,5637.4,2325.6,2325.6,2326.2,3477.4,3477.0,3476.5,4370.4,4370.2,4370.3,6077.7,6078.9,6078.4,8565.3,8564.9,8565.8,5179.0,5178.7,5179.0,7373.2,7372.4,7372.7,6072.9,6072.6,6074.1,1846.8,1845.9,1845.6,3649.9,3650.0,3650.9,2538.6,2537.4,2537.2,2881.6,2882.7,2883.0,27.280001,26.780001,going to home base
2024-04-13T02:00:29Z,2362.4,2361.7,2361.9,2600.6,2600.2,2600.4,5637.5,5637.6,5637.1,2324.7,2324.7,2325.2,3476.6,3476.3,3476.6,4370.6,4370.6,4370.0,6081.5,6080.3,6080.4,8564.7,8564.4,8564.9,5179.1,5179.4,5181.8,7371.5,7371.1,7370.2,6071.8,6072.2,6072.4,1847.4,1845.9,1846.0,3650.3,3650.8,3651.8,2537.8,2536.9,2537.0,2882.0,2881.9,2881.8,27.270000,26.780001,going to home base
2024-04-13T02:00:34Z,2362.5,2361.9,2362.0,2600.4,2600.5,2601.0,5638.7,5637.8,5637.6,2325.1,2325.2,2325.9,3476.7,3476.7,3476.6,4370.5,4370.3,4370.3,6081.6,6082.0,6080.2,8563.3,8563.6,8564.0,5178.9,5178.5,5179.4,7372.0,7370.0,7371.3,6073.8,6072.0,6072.5,1847.6,1846.1,1846.0,3650.1,3650.0,3650.9,2537.7,2536.7,2536.7,2880.2,2879.1,2880.2,27.270000,26.740000,going to home base
2024-04-13T02:00:39Z,2362.5,2362.0,2362.5,2600.2,2599.9,2600.2,5638.6,5637.8,5637.9,2324.8,2324.5,2324.9,3476.9,3476.2,3475.8,4371.2,4370.6,4370.7,6079.7,6079.8,6079.6,8566.8,8566.6,8567.2,5179.4,5178.6,5179.7,7372.8,7371.3,7371.6,6071.0,6071.4,6072.9,1847.6,1846.1,1846.0,3650.5,3650.8,3651.5,2537.9,2537.2,2537.4,2881.7,2880.8,2881.8,27.270000,26.719999,going to home base
2024-04-13T02:00:44Z,2362.1,2362.0,2362.2,2600.7,2600.8,2600.8,5638.3,5638.2,5637.5,2325.6,2325.4,2325.7,3477.0,3476.0,3476.1,4370.5,4370.4,4370.5,6081.2,6079.1,6077.9,8565.3,8562.9,8564.0,5180.3,5180.2,5179.8,7368.8,7368.6,7368.8,6072.2,6073.1,6072.4,1847.0,1845.7,1845.6,3650.1,3649.9,3650.6,2538.4,2537.4,2537.3,2879.6,2879.9,2880.6,27.270000,26.629999,going to home base
2024-04-13T02:00:49Z,2362.1,2361.2,2361.5,2600.7,2601.1,2601.3,5637.1,5637.1,5637.1,2325.3,2325.4,2325.6,3476.5,3476.2,3475.5,4370.6,4370.9,4370.8,6080.2,6079.2,6079.6,8565.5,8564.7,8566.2,5180.0,5179.0,5180.1,7370.9,7369.4,7369.1,6071.1,6072.1,6071.8,1847.2,1846.1,1845.8,3649.6,3649.3,3650.2,2537.7,2537.2,2536.9,2882.4,2882.0,2882.5,27.270000,26.709999,going to home base
2024-04-13T02:00:54Z,2362.0,2361.3,2361.6,2601.0,2600.8,2600.6,5636.8,5637.0,5637.4,2324.6,2324.7,2324.4,3476.6,3476.2,3476.0,4370.3,4370.4,4370.3,6078.8,6079.9,6080.3,8564.3,8562.5,8564.5,5177.6,5176.8,5178.1,7370.6,7369.2,7370.7,6071.6,6070.3,6073.6,1846.6,1845.1,1845.0,3649.7,3649.3,3650.4,2537.1,2536.1,2536.6,2882.6,2882.2,2882.2,27.270000,26.700001,going to home base
2024-04-13T02:00:59Z,2362.3,2361.7,2361.7,2599.8,2600.0,2600.1,5636.8,5636.4,5637.0,2324.0,2324.2,2324.6,3476.1,3475.8,3475.6,4370.5,4370.1,4370.5,6081.5,6081.4,6082.1,8567.1,8565.1,8565.4,5177.0,5176.4,5177.4,7369.6,7370.0,7369.0,6070.3,6070.7,6070.7,1847.0,1845.5,1845.8,3649.4,3649.5,3650.3,2537.3,2536.3,2536.6,2880.8,2880.5,2880.8,27.280001,26.700001,going to home base
2024-04-13T02:01:04Z,2362.5,2361.9,2362.1,2601.2,2600.7,2600.6,5636.8,5636.7,5636.5,2323.7,2323.8,2324.0,3477.3,3476.0,3476.6,4370.3,4370.3,4370.0,6081.4,6080.8,6081.1,8565.8,8566.0,8564.6,5177.1,5176.2,5176.6,7366.0,7366.0,7367.8,6074.0,6073.2,6074.7,1847.0,1845.2,1845.3,3649.1,3649.5,3650.5,2537.3,2536.7,2536.6,2880.6,2880.5,2880.7,27.270000,26.639999,going to home base
2024-04-13T02:01:09Z,2362.4,2361.7,2362.0,2600.4,2600.7,2601.3,5636.8,5636.5,5636.5,2323.8,2324.7,2325.0,3476.1,3475.2,3475.0,4369.8,4370.2,4369.7,6078.5,6078.4,6079.9,8565.3,8564.2,8563.9,5177.7,5177.3,5178.8,7370.2,7369.4,7368.4,6074.6,6073.4,6075.5,1847.0,1845.7,1845.8,3649.5,3649.6,3650.5,2536.3,2535.9,2536.9,2882.0,2881.6,2881.8,27.280001,26.629999,going to home base
2024-04-13T02:01:14Z,2362.0,2361.2,2361.4,2600.8,2600.7,2601.0,5636.6,5636.1,5635.7,2325.2,2325.3,2325.5,3476.0,3475.7,3476.2,4370.0,4369.8,4369.3,6079.3,6078.8,6079.6,8564.2,8563.3,8562.6,5178.5,5177.5,5178.4,7368.8,7368.2,7368.9,6070.5,6071.4,6070.8,1847.2,1845.8,1845.9,3649.8,3649.8,3651.0,2537.0,2536.5,2536.6,2882.2,2882.4,2881.9,27.270000,26.639999,going to home base
2024-04-13T02:01:19Z,2362.2,2361.5,2361.6,2600.5,2600.4,2600.2,5636.2,5635.9,5636.4,2323.8,2324.3,2324.6,3476.6,3476.8,3476.5,4370.1,4369.7,4369.9,6078.6,6078.5,6079.6,8563.8,8563.3,8561.5,5177.3,5177.8,5177.7,7370.2,7369.6,7368.2,6070.9,6070.1,6071.0,1846.8,1845.8,1846.1,3650.0,3650.2,3651.3,2537.2,2536.8,2536.4,2880.8,2880.2,2881.2,27.250000,26.629999,going to home base
2024-04-13T02:01:24Z,2362.2,2361.6,2361.9,2600.9,2600.4,2601.1,5636.2,5635.5,5636.0,2324.4,2324.1,2324.8,3476.7,3476.2,3475.6,4369.4,4369.7,4369.8,6080.5,6078.6,6080.7,8564.1,8564.5,8564.5,5177.0,5177.3,5177.4,7369.8,7369.8,7368.3,6073.7,6073.0,6073.6,1847.9,1845.9,1845.9,3649.4,3649.0,3649.8,2537.4,2536.9,2536.7,2879.4,2879.9,2880.2,27.270000,26.660000,going to home base
2024-04-13T02:01:29Z,2362.5,2361.6,2361.9,2600.4,2600.2,2600.7,5636.3,5635.9,5635.8,2324.9,2325.0,2325.4,3476.9,3475.9,3476.2,4369.7,4370.0,4369.9,6080.6,6079.6,6080.7,8561.5,8562.4,8561.8,5178.0,5177.1,5179.0,7370.9,7366.2,7366.8,6070.6,6071.4,6073.7,1846.9,1845.4,1845.4,3650.4,3650.9,3651.9,2537.4,2536.1,2537.1,2880.8,2880.4,2880.8,27.270000,26.750000,going to home base
2024-04-13T02:01:39Z,2362.1,2361.6,2361.5,2600.5,2600.4,2600.3,5636.6,5636.2,5636.4,2324.2,2324.0,2324.6,3476.4,3476.6,3476.4,4369.7,4369.7,4369.7,6081.1,6081.1,6081.6,8560.2,8560.7,8560.2,5177.2,5177.0,5178.4,7370.1,7369.4,7369.0,6072.5,6072.1,6074.2,1846.7,1845.5,1845.2,3649.5,3649.7,3650.0,2537.2,2536.7,2536.1,2881.7,2881.2,28start,2362.0,2361.1,going to home base
2024-04-13T02:01:49Z,2362.5,2361.7,2361.8,2600.4,2599.7,2600.2,5636.8,5635.9,5635.8,2324.6,2324.9,2325.4,3476.2,3475.0,3475.4,4370.1,4369.6,4369.7,6081.1,6080.3,6081.4,8561.0,8561.4,8562.4,5177.6,5178.4,5178.8,7370.8,7369.8,7370.4,6071.6,6071.4,6071.5,1846.8,1845.4,1844.9,3649.0,3649.4,3650.0,2538.2,2536.6,2536.5,2881.2,2881.3,2880.3,27.250000,26.820000,going to home base
2024-04-13T02:01:54Z,2361.3,2360.8,2361.2,2600.5,2600.0,2600.2,5637.1,5636.8,5636.8,2325.0,2325.2,2326.0,3476.0,3475.8,3476.2,4369.2,4369.4,4369.3,6081.0,6081.7,6081.0,8561.2,8562.1,8561.5,5175.0,5174.8,5175.4,7370.3,7369.2,7369.7,6072.3,6071.9,6072.5,1846.8,1845.0,1844.9,3649.4,3649.2,3650.7,2537.3,2536.3,2537.0,2880.8,2880.7,2881.1,27.250000,26.809999,going to home base
2024-04-13T02:01:59Z,2362.1,2361.6,2362.0,2599.7,2599.5,2600.1,5637.3,5636.7,5637.7,2324.0,2324.4,2324.8,3476.5,3475.7,3475.3,4369.4,4368.7,4369.5,6076.7,6075.5,6076.2,8561.0,8561.6,8560.9,5176.5,5176.0,5176.5,7368.6,7367.4,7367.3,6072.2,6071.6,6071.6,1846.8,1845.5,1845.9,3649.6,3649.6,3650.6,2537.7,2537.2,2536.8,2882.5,2881.8,2882.1,27.250000,26.750000,going to home base
2024-04-13T02:02:04Z,2362.6,2361.9,2361.8,2599.5,2599.7,2599.5,5637.5,5635.9,5636.4,2324.4,2324.2,2324.5,3475.6,3475.2,3475.3,4369.5,4369.2,4369.5,6077.8,6077.1,6077.8,8561.6,8560.3,8561.0,5176.7,5175.8,5176.7,7368.5,7369.1,7368.0,6072.9,6072.0,6072.7,1846.8,1845.3,1845.5,3649.6,3649.2,3650.6,2536.9,2535.7,2536.1,2881.1,2880.3,2879.3,27.280001,26.719999,going to home base
2024-04-13T02:02:09Z,2362.5,2361.8,2362.0,2601.2,2600.4,2600.8,5637.2,5637.1,5636.8,2324.8,2324.5,2324.8,3476.5,3475.8,3476.1,4369.4,4369.6,4369.5,6074.7,6075.2,6075.6,8559.3,8559.7,8559.9,5176.5,5176.1,5176.5,7368.9,7369.6,7367.4,6073.3,6072.6,6072.2,1846.9,1845.6,1845.7,3649.4,3649.3,3649.7,2538.4,2537.4,2537.5,2880.4,2879.3,2880.2,27.250000,26.770000,going to home base
2024-04-13T02:02:14Z,2362.9,2362.3,2362.1,2600.2,2600.7,2600.6,5637.3,5636.7,5637.1,2323.9,2324.2,2324.7,3475.6,3475.2,3474.8,4369.2,4369.1,4369.2,6075.4,6078.4,6076.6,8559.3,8559.1,8558.9,5176.2,5176.6,5177.3,7370.7,7369.1,7367.9,6072.7,6072.5,6073.6,1847.5,1846.4,1846.1,3650.1,3649.8,3650.8,2538.1,2537.6,2537.9,2880.1,2880.0,2879.7,27.270000,26.740000,going to home base
2024-04-13T02:02:19Z,2362.4,2361.7,2361.9,2601.0,2600.6,2600.8,5637.2,5636.7,5636.4,2324.8,2324.7,2325.2,3476.1,3476.9,3476.1,4370.5,4369.7,4370.0,6078.3,6078.0,6078.9,8560.7,8561.0,8561.2,5176.5,5176.1,5176.4,7369.7,7367.3,7367.4,6072.2,6071.2,6070.9,1847.1,1845.9,1845.8,3649.8,3649.9,3650.6,2537.2,2536.7,2536.4,2879.6,2879.6,2880.0,27.280001,26.799999,going to home base
2024-04-13T02:02:24Z,2362.4,2361.5,2361.8,2600.2,2599.4,2600.3,5636.7,5636.7,5636.6,2324.4,2324.5,2324.3,3475.8,3475.7,3475.4,4369.8,4369.4,4369.1,6076.7,6076.1,6076.0,8563.1,8562.0,8562.1,5175.8,5175.7,5177.0,7367.6,7367.6,7367.1,6069.9,6070.0,6071.4,1847.1,1845.6,1845.5,3649.8,3649.6,3650.1,2537.6,2536.4,2536.7,2880.0,2878.9,2880.1,27.250000,26.700001,going to home base
2024-04-13T02:02:29Z,2362.6,2361.9,2362.1,2600.0,2599.5,2600.2,5636.6,5636.3,5636.4,2324.7,2324.4,2325.3,3474.7,3474.1,3475.0,4369.4,4368.9,4369.1,6076.8,6078.2,6077.4,8561.6,8560.7,8559.5,5177.2,5177.3,5177.2,7368.4,7367.7,7367.9,6072.0,6070.6,6072.6,1846.7,1845.1,1844.8,3649.2,3649.5,3650.0,2537.3,2536.9,2537.3,2879.2,2879.4,2879.5,27.270000,26.639999,going to home base
2024-04-13T02:02:34Z,2362.6,2362.2,2362.3,2600.3,2600.1,2600.3,5637.2,5635.9,5636.1,2324.4,2324.1,2325.0,3475.6,3475.4,3475.1,4369.1,4369.0,4369.1,6079.6,6078.2,6079.1,8560.7,8558.1,8559.0,5175.8,5176.3,5175.9,7368.6,7366.9,7367.4,6069.2,6070.1,6071.2,1846.5,1845.1,1844.7,3648.5,3648.0,3649.1,2537.9,2537.4,2537.3,2881.4,2880.4,2880.8,27.240000,26.629999,going to home base
2024-04-13T02:02:39Z,2362.3,2361.8,2362.0,2600.8,2600.1,2600.6,5636.9,5636.3,5636.5,2323.9,2324.4,2324.2,3476.3,3475.5,3476.5,4369.6,4369.2,4369.1,6078.2,6078.0,6077.7,8559.3,8558.2,8560.2,5175.3,5175.5,5175.7,7368.5,7368.0,7368.0,6071.3,6069.5,6071.1,1846.7,1845.1,1845.1,3649.1,3649.0,3650.0,2538.4,2537.4,2536.2,2880.0,2878.9,2879.6,27.240000,26.709999,going to home base
2024-04-13T02:02:44Z,2362.4,2361.8,2362.0,2600.2,2599.9,2600.3,5636.9,5636.1,5636.2,2324.3,2324.3,2325.0,3476.1,3475.8,3475.5,4369.3,4368.8,4369.4,6078.4,6076.0,6076.9,8560.0,8559.7,8559.0,5176.6,5176.2,5176.5,7366.6,7366.4,7367.1,6070.7,6070.2,6071.2,1846.7,1844.9,1845.4,3648.9,3648.9,3649.9,2537.8,2536.8,2537.3,2880.5,2879.9,2879.8,27.270000,26.780001,going to home base
2024-04-13T02:02:49Z,2362.1,2361.0,2361.5,2600.1,2599.7,2600.0,5636.9,5636.8,5637.0,2324.9,2324.9,2324.6,3476.1,3475.7,3475.7,4369.0,4369.0,4369.1,6078.3,6077.1,6079.5,8560.7,8559.1,8559.5,5175.1,5176.7,5176.6,7369.8,7369.2,7369.2,6070.4,6070.6,6070.7,1847.1,1845.9,1845.4,3650.0,3650.2,3650.6,2537.4,2536.9,2536.9,2879.8,2879.3,2880.7,27.280001,26.780001,going to home base
2024-04-13T02:02:54Z,2362.8,2361.3,2361.4,2599.8,2600.3,2600.3,5637.0,5636.3,5636.6,2324.8,2324.9,2325.5,3476.1,3476.0,3475.6,4369.4,4369.3,4369.2,6078.8,6077.2,6079.1,8561.9,8560.5,8561.0,5176.7,5176.3,5177.2,7368.5,7367.2,7368.3,6071.9,6072.5,6069.6,1847.3,1845.6,1845.6,3649.8,3649.4,3650.7,2537.2,2536.6,2536.9,2880.3,2879.4,2880.3,27.280001,26.719999,going to home base
2024-04-13T02:02:59Z,2361.9,2361.4,2361.2,2600.2,2600.1,2600.6,5636.7,5636.3,5635.8,2324.7,2324.5,2325.6,3475.8,3475.2,3475.2,4369.1,4369.1,4369.2,6078.0,6076.9,6077.6,8563.3,8561.4,8561.3,5175.7,5176.1,5176.2,7370.9,7370.0,7371.3,6069.4,6070.6,6069.1,1847.1,1846.1,1846.0,3648.8,3649.4,3650.4,2537.3,2536.8,2536.6,2880.5,2881.2,2879.9,27.250000,26.700001,going to home base
2024-04-13T02:03:04Z,2361.5,2361.3,2361.2,2599.9,2599.9,2600.7,5636.0,5636.0,5636.2,2324.9,2324.7,2325.3,3475.0,3474.7,3474.8,4369.2,4369.1,4368.9,6080.5,6079.8,6081.0,8561.0,8559.7,8561.3,5176.7,5176.4,5176.5,7368.9,7368.1,7368.3,6069.9,6071.4,6071.9,1847.3,1845.5,1845.9,3649.3,3649.5,3650.3,2537.2,2536.6,2536.5,2881.2,2880.3,2880.0,27.270000,26.719999,going to home base
2024-04-13T02:03:09Z,2362.2,2361.5,2361.6,2600.6,2600.6,2601.3,5636.9,5636.0,5636.6,2324.9,2324.8,2325.2,3475.5,3475.6,3475.3,4369.0,4369.2,4369.1,6080.2,6082.0,6081.1,8563.3,8562.6,8563.6,5175.0,5175.9,5176.4,7370.1,7369.2,7368.9,6070.0,6071.4,6070.3,1847.3,1846.2,1845.9,3649.8,3649.6,3651.0,2537.0,2536.4,2536.8,2879.3,2878.7,2878.8,27.250000,26.730000,going to home base
2024-04-13T02:03:14Z,2362.1,2361.1,2361.5,2600.6,2600.5,2600.8,5636.8,5636.4,5636.4,2324.7,2324.9,2325.4,3475.3,3474.8,3474.8,4369.5,4369.3,4369.1,6079.8,6079.6,6080.5,8565.5,8565.7,8563.9,5175.3,5175.6,5176.9,7371.4,7368.9,7370.6,6069.2,6069.3,6070.5,1846.6,1845.3,1845.2,3649.7,3650.1,3650.7,2536.9,2536.6,2536.6,2879.5,2879.1,2879.5,27.250000,26.750000,going to home base
2024-04-13T02:03:19Z,2362.0,2361.3,2361.0,2600.0,2600.1,2600.2,5636.5,5635.9,5636.5,2325.6,2325.5,2325.7,3476.2,3475.1,3474.9,4368.8,4368.8,4368.6,6077.8,6077.8,6077.0,8560.7,8561.4,8562.4,5176.8,5176.4,5177.1,7370.0,7369.3,7369.2,6071.9,6070.9,6071.8,1846.5,1845.0,1844.8,3649.9,3650.1,3650.9,2536.9,2536.5,2537.1,2880.2,2878.8,2879.3,27.240000,26.730000,going to home base
2024-04-13T02:03:24Z,2362.0,2361.4,2361.3,2600.7,2600.9,2601.3,5637.2,5636.4,5636.8,2325.5,2325.3,2325.9,3475.7,3475.5,3475.2,4369.2,4369.4,4369.2,6078.2,6078.7,6079.4,8560.6,8561.2,8560.8,5175.2,5174.5,5176.2,7369.3,7368.5,7368.8,6072.5,6071.2,6074.4,1846.0,1844.9,1844.8,3650.3,3649.9,3650.9,2537.7,2536.5,2536.7,2879.0,2878.7,2879.0,27.270000,26.770000,going to home base
2024-04-13T02:03:29Z,2362.1,2361.6,2362.0,2600.0,2600.0,2599.7,5636.7,5636.7,5636.5,2324.8,2324.5,2325.0,3475.5,3475.6,3475.6,4369.0,4368.7,4369.0,6081.5,6080.1,6081.3,8561.5,8561.5,8558.6,5175.7,5175.7,5176.7,7372.0,7371.1,7370.5,6072.9,6072.3,6073.8,1846.9,1845.2,1845.4,3650.0,3650.1,3650.9,2536.9,2536.5,2536.6,2879.9,2878.4,2879.1,27.280001,26.730000,going to home base
2024-04-13T02:03:34Z,2362.2,2361.4,2362.2,2600.5,2600.7,2600.6,5636.4,5636.4,5636.7,2324.6,2324.4,2325.0,3475.9,3475.6,3475.3,4369.5,4369.6,4369.1,6081.5,6081.4,6083.1,8563.0,8563.0,8563.4,5174.7,5174.6,5174.5,7369.1,7369.8,7369.2,6072.2,6072.5,6072.7,1846.9,1845.2,1845.2,3650.0,3649.8,3650.9,2537.7,2536.3,2536.4,2880.1,2879.4,2880.1,27.280001,26.809999,going to home base
2024-04-13T02:03:39Z,2362.5,2362.1,2362.2,2601.0,2600.7,2601.2,5636.8,5636.0,5636.1,2325.4,2325.3,2325.3,3477.2,3476.8,3476.6,4369.3,4368.6,4368.7,6079.8,6078.7,6078.7,8559.3,8559.7,8561.1,5176.8,5177.2,5176.5,7370.5,7368.6,7369.4,6075.0,6073.8,6072.6,1846.0,1845.3,1845.4,3650.4,3650.7,3651.0,2536.9,2536.1,2536.6,2878.6,2879.1,2878.8,27.250000,26.730000,going to home base
2024-04-13T02:03:44Z,2361.8,2361.2,2361.2,2600.9,2600.9,2601.2,5636.3,5635.7,5635.8,2325.4,2324.6,2325.1,3475.5,3475.6,3474.8,4368.7,4368.7,4368.5,6081.1,6080.3,6080.6,8562.2,8561.3,8561.3,5175.7,5175.7,5175.3,7369.1,7368.2,7370.2,6072.2,6073.2,6071.4,1846.5,1844.6,1844.8,3650.6,3650.3,3651.1,2537.1,2536.1,2536.5,2879.1,2877.4,2878.8,27.280001,26.750000,going to home base
2024-04-13T02:03:49Z,2362.0,2361.1,2361.4,2600.5,2600.1,2600.8,5636.3,5636.1,5635.6,2325.1,2325.0,2325.2,3475.9,3475.7,3475.9,4369.1,4368.6,4369.1,6080.2,6080.5,6080.6,8561.2,8562.1,8560.0,5174.4,5174.5,5174.8,7366.6,7367.7,7368.1,6072.1,6071.2,6071.4,1846.8,1844.9,1845.2,3649.9,3649.6,3650.7,2536.9,2536.2,2536.2,2880.9,2878.9,2879.0,27.270000,26.730000,going to home base
2024-04-13T02:03:54Z,2362.3,2361.5,2361.8,2600.0,2600.0,2600.6,5637.2,5637.2,5637.0,2324.6,2324.7,2324.9,3475.9,3475.4,3474.8,4368.7,4368.7,4368.5,6080.7,6079.0,6078.6,8561.6,8562.0,8561.9,5173.9,5174.1,5176.0,7368.8,7367.9,7369.7,6072.3,6073.2,6072.1,1846.1,1844.7,1844.9,3650.0,3649.6,3650.8,2536.6,2536.1,2536.2,2881.3,2880.6,2880.7,27.270000,26.780001,going to home base
2024-04-13T02:03:59Z,2362.1,2361.3,2361.5,2600.9,2600.7,2601.1,5637.2,5637.0,5636.8,2325.0,2325.2,2325.8,3475.7,3475.1,3475.5,4369.5,4369.3,4369.2,6078.5,6078.9,6080.1,8562.8,8562.1,8560.2,5175.4,5174.0,5174.6,7367.9,7368.0,7367.2,6072.7,6072.0,6072.7,1846.5,1845.1,1844.6,3650.6,3650.4,3651.0,2536.7,2535.8,2535.6,2879.3,2878.5,2878.7,27.299999,26.809999,going to home base
2024-04-13T02:04:04Z,2361.8,2361.5,2361.4,2600.7,2600.6,2600.8,5637.4,5637.0,5636.8,2325.0,2324.8,2325.8,3475.3,3475.4,3475.2,4369.1,4369.1,4368.7,6078.5,6078.8,6080.0,8559.4,8560.1,8558.5,5174.1,5174.2,5174.3,7368.9,7368.8,7368.4,6074.1,6074.5,6073.9,1846.9,1845.4,1844.9,3649.8,3649.6,3650.7,2536.4,2535.8,2536.0,2881.0,2879.7,2880.0,27.280001,26.820000,going to home base
2024-04-13T02:04:09Z,2361.5,2360.8,2361.3,2599.8,2599.2,2599.6,5637.0,5636.8,5636.5,2324.7,2324.7,2324.8,3476.1,3475.4,3475.3,4369.0,4369.3,4369.3,6077.7,6078.4,6079.0,8560.3,8560.4,8559.7,5175.4,5174.7,5175.8,7369.3,7367.7,7368.2,6071.4,6071.7,6072.2,1846.7,1845.4,1845.3,3650.3,3650.6,3650.8,2536.8,2535.9,2536.3,2880.1,2878.6,2879.9,27.270000,26.830000,going to home base
2024-04-13T02:04:14Z,2361.6,2360.7,2361.2,2599.9,2599.8,2600.0,5637.3,5636.9,5637.8,2324.8,2324.7,2325.4,3475.6,3475.4,3475.1,4369.8,4369.7,4369.7,6079.0,6078.7,6079.2,8560.2,8560.0,8559.1,5173.4,5173.5,5175.3,7371.3,7370.0,7369.5,6073.3,6073.1,6074.0,1847.0,1845.7,1845.5,3649.7,3649.9,3651.0,2536.2,2535.5,2535.8,2881.3,2880.9,2880.5,27.250000,26.830000,going to home base
2024-04-13T02:04:19Z,2361.5,2361.1,2361.5,2600.6,2600.4,2600.2,5636.7,5636.8,5636.5,2324.9,2324.6,2325.2,3474.9,3474.7,3474.4,4368.9,4368.8,4368.5,6077.4,6075.7,6075.8,8560.8,8559.1,8558.4,5177.0,5177.0,5177.5,7371.5,7369.5,7370.9,6072.8,6073.4,6073.8,1846.9,1845.5,1845.3,3650.2,3649.5,3651.1,2536.4,2535.8,2535.4,2881.0,2880.4,2880.4,27.240000,26.820000,going to home base
2024-04-13T02:04:24Z,2362.0,2361.3,2361.7,2600.0,2599.6,2599.9,5637.2,5636.7,5637.1,2324.5,2324.4,2325.0,3475.4,3475.1,3475.2,4369.5,4369.6,4369.0,6076.4,6076.1,6077.6,8560.6,8559.7,8559.4,5178.0,5177.0,5177.5,7369.8,7369.3,7370.3,6071.0,6071.7,6073.0,1847.0,1845.3,1845.7,3650.0,3649.8,3650.7,2536.9,2535.8,2535.2,2881.3,2880.2,2881.8,27.250000,26.750000,going to home base
2024-04-13T02:04:29Z,2362.1,2361.5,2361.3,2599.5,2599.7,2599.2,5637.0,5636.6,5636.9,2324.5,2324.7,2324.7,3475.5,3474.9,3475.0,4368.8,4368.7,4368.7,6077.5,6077.5,6076.5,8562.7,8562.2,8562.0,5176.7,5177.7,5178.2,7369.2,7369.6,7370.0,6072.3,6070.3,6071.6,1846.4,1845.1,1844.6,3649.6,3649.5,3650.7,2536.7,2535.8,2536.3,2879.4,2879.1,2879.2,27.270000,26.719999,going to home base
2024-04-13T02:04:34Z,2361.9,2361.0,2361.3,2599.6,2600.1,2600.4,5638.0,5637.6,5637.6,2325.1,2325.1,2325.5,3474.7,3474.9,3474.9,4369.2,4368.9,4369.0,6077.9,6078.0,6079.3,8561.3,8560.4,8560.2,5176.0,5176.4,5176.4,7369.8,7370.3,7369.8,6070.4,6070.1,6071.2,1846.9,1844.8,1844.9,3649.5,3649.7,3650.6,2537.1,2535.9,2535.9,2881.3,2880.8,2881.9,27.250000,26.740000,going to home base
2024-04-13T02:04:39Z,2362.2,2361.4,2361.9,2599.7,2599.6,2599.8,5637.5,5636.9,5637.5,2325.0,2325.0,2325.3,3475.0,3475.1,3474.7,4369.9,4369.4,4369.3,6078.4,6077.9,6078.9,8561.6,8563.0,8562.3,5176.2,5175.7,5175.3,7371.1,7371.1,7371.2,6070.4,6070.1,6071.0,1846.3,1844.8,1844.4,3650.8,3650.4,3651.1,2537.7,2536.6,2536.3,2879.9,2879.1,2879.8,27.250000,26.750000,going to home base
2024-04-13T02:04:44Z,2362.1,2361.2,2361.5,2600.1,2599.9,2600.3,5637.2,5636.7,5636.8,2324.4,2324.3,2324.8,3475.1,3474.6,3474.6,4369.7,4369.6,4369.4,6076.2,6076.1,6077.1,8561.9,8561.2,8561.6,5176.2,5176.0,5176.8,7371.0,7369.7,7368.2,6071.8,6070.5,6073.7,1847.1,1845.6,1845.6,3650.1,3650.4,3651.5,2536.1,2536.1,2536.4,2880.1,2879.8,2880.7,27.250000,26.750000,going to home base
2024-04-13T02:04:49Z,2362.5,2361.5,2361.8,2600.3,2599.9,2600.7,5637.3,5637.1,5637.0,2324.6,2324.9,2325.1,3475.3,3475.1,3474.9,4368.8,4369.4,4369.0,6074.8,6075.4,6076.7,8562.6,8561.8,8563.0,5174.8,5174.8,5176.0,7369.9,7369.4,7368.5,6071.3,6071.1,6070.5,1845.9,1844.9,1844.5,3649.8,3649.8,3651.6,2536.4,2535.4,2535.5,2880.7,2880.3,2881.4,27.250000,26.750000,going to home base
2024-04-13T02:04:54Z,2361.8,2361.2,2361.7,2599.8,2600.4,2600.3,5637.3,5637.2,5637.1,2324.6,2324.6,2325.3,3474.6,3474.3,3474.0,4369.4,4369.0,4369.1,6075.2,6075.9,6076.1,8563.0,8562.5,8562.5,5176.4,5174.8,5175.7,7371.1,7370.1,7369.1,6070.0,6069.6,6071.6,1846.8,1845.2,1845.0,3650.0,3650.5,3650.8,2537.2,2536.5,2536.2,2880.4,2879.9,2880.2,27.250000,26.750000,going to home base
2024-04-13T02:04:59Z,2362.3,2361.9,2362.3,2599.9,2599.9,2600.3,5637.7,5637.6,5637.6,2324.8,2325.2,2325.3,3474.6,3474.6,3474.3,4369.2,4369.5,4369.3,6076.4,6076.0,6075.0,8562.2,8561.2,8560.9,5176.1,5175.7,5175.6,7367.5,7367.1,7367.4,6069.8,6068.9,6070.1,1846.5,1845.2,1844.8,3650.3,3650.1,3650.5,2537.1,2536.1,2536.6,2881.9,2881.4,2881.0,27.270000,26.760000,going to home base
2024-04-13T02:05:04Z,2362.7,2361.9,2362.7,2599.7,2600.2,2599.9,5637.2,5637.7,5637.1,2325.4,2325.1,2325.5,3474.4,3474.1,3474.4,4369.1,4369.2,4369.0,6074.6,6073.9,6075.5,8558.8,8559.8,8559.7,5175.2,5174.9,5175.3,7368.7,7365.9,7368.0,6068.1,6067.2,6068.3,1846.6,1845.4,1845.6,3650.6,3650.4,3650.9,2536.6,2535.9,2536.2,2881.7,2881.1,2881.1,27.270000,26.790001,going to home base
2024-04-13T02:05:09Z,2362.2,2361.8,2361.5,2600.3,2599.6,2599.9,5637.5,5636.4,5636.6,2324.6,2324.5,2325.1,3475.0,3474.5,3474.8,4369.4,4369.3,4369.5,6077.3,6076.9,6077.8,8561.1,8560.4,8561.3,5176.9,5176.4,5176.9,7368.6,7368.1,7366.3,6068.2,6067.5,6068.9,1846.4,1845.1,1845.1,3650.6,3650.4,3651.2,2536.3,2536.0,2536.3,2881.5,2880.5,2879.9,27.280001,26.780001,going to home base
2024-04-13T02:05:14Z,2362.5,2361.5,2362.1,2600.0,2599.6,2599.6,5636.8,5636.2,5636.0,2325.0,2325.1,2325.9,3475.8,3474.7,3475.0,4369.6,4369.7,4369.5,6073.7,6073.7,6073.7,8564.1,8562.8,8564.5,5175.4,5175.5,5175.4,7370.6,7367.7,7368.2,6071.9,6073.0,6072.3,1846.6,1845.1,1845.3,3650.6,3650.5,3651.0,2535.7,2535.7,2535.4,2880.7,2880.0,2880.8,27.240000,26.830000,going to home base
2024-04-13T02:05:19Z,2362.0,2361.8,2362.0,2600.4,2599.7,2600.2,5637.3,5637.1,5637.3,2324.7,2324.6,2325.0,3474.7,3474.3,3473.7,4369.9,4369.7,4369.9,6077.3,6077.0,6079.2,8562.5,8560.3,8560.8,5175.8,5176.0,5177.3,7369.5,7369.5,7368.7,6072.2,6073.5,6072.8,1847.0,1845.7,1845.7,3650.5,3650.3,3651.5,2537.5,2536.4,2537.0,2880.1,2879.2,2879.7,27.270000,26.820000,going to home base
2024-04-13T02:05:24Z,2362.3,2361.2,2361.6,2600.2,2600.3,2600.4,5637.8,5637.1,5637.4,2324.3,2324.5,2325.1,3475.3,3474.7,3474.6,4369.4,4369.3,4369.4,6078.4,6079.1,6078.6,8563.4,8562.3,8563.8,5176.7,5175.9,5176.7,7372.3,7371.3,7370.1,6071.7,6069.8,6071.7,1846.9,1845.5,1844.9,3650.8,3651.0,3652.0,2536.3,2535.2,2535.6,2879.5,2879.5,2880.1,27.270000,26.809999,going to home base
2024-04-13T02:05:29Z,2361.9,2361.3,2361.4,2600.1,2600.2,2600.3,5637.8,5637.0,5636.9,2324.0,2324.1,2324.3,3474.7,3473.8,3473.8,4369.8,4369.1,4369.4,6076.8,6076.1,6077.1,8561.5,8561.4,8561.3,5176.5,5175.7,5176.7,7370.7,7369.6,7370.8,6073.2,6072.3,6074.8,1846.7,1845.2,1845.2,3650.9,3650.8,3651.9,2536.5,2536.0,2536.2,2880.0,2878.9,2879.2,27.270000,26.809999,going to home base
2024-04-13T02:05:34Z,2361.8,2361.2,2361.7,2599.6,2600.0,2600.0,5637.4,5636.9,5637.1,2323.9,2323.8,2324.3,3474.2,3474.1,3473.8,4369.1,4369.2,4369.0,6076.7,6078.2,6077.0,8560.2,8561.5,8561.7,5176.1,5175.8,5176.1,7371.7,7370.7,7370.3,6072.2,6070.8,6072.9,1847.0,1845.7,1845.5,3650.5,3650.5,3651.0,2538.0,2536.9,2536.7,2878.7,2877.9,2877.1,27.250000,26.730000,going to home base
2024-04-13T02:05:39Z,2362.6,2362.0,2362.2,2600.4,2600.2,2600.4,5637.4,5637.1,5637.0,2324.8,2324.1,2324.9,3474.9,3474.3,3473.7,4369.2,4369.8,4369.2,6077.2,6077.7,6078.7,8564.3,8563.0,8564.1,5175.8,5175.3,5176.3,7369.6,7369.3,7370.3,6071.1,6068.9,6071.0,1847.0,1845.6,1845.3,3650.5,3650.6,3651.6,2537.9,2537.0,2536.6,2878.1,2878.2,2878.7,27.270000,26.730000,going to home base
2024-04-13T02:05:44Z,2362.3,2361.5,2361.6,2600.2,2599.7,2600.1,5637.7,5637.3,5637.4,2324.9,2324.9,2325.2,3475.2,3474.9,3474.9,4369.9,4369.0,4369.4,6079.1,6076.7,6078.4,8563.3,8562.9,8563.2,5175.0,5174.5,5175.1,7370.3,7369.7,7369.5,6071.4,6070.2,6071.3,1846.6,1845.3,1845.4,3650.1,3650.0,3651.2,2537.2,2537.0,2536.7,2879.4,2878.9,2878.9,27.280001,26.780001,going to home base
2024-04-13T02:05:49Z,2361.9,2361.6,2361.7,2600.1,2599.3,2600.2,5637.0,5636.5,5637.0,2324.3,2324.7,2325.0,3474.6,3473.6,3474.3,4369.9,4369.6,4369.4,6076.7,6076.9,6076.3,8564.0,8563.4,8563.6,5174.6,5175.1,5177.0,7370.9,7369.7,7370.3,6069.8,6068.1,6068.9,1846.4,1845.3,1845.0,3650.8,3650.9,3651.9,2536.6,2536.2,2535.9,2879.0,2878.2,2878.1,27.280001,26.750000,going to home base
2024-04-13T02:05:54Z,2361.5,2361.0,2361.3,2600.4,2600.5,2600.8,5637.9,5637.0,5637.3,2324.3,2324.5,2325.3,3475.5,3474.7,3474.1,4369.4,4369.3,4369.6,6075.3,6077.0,6076.8,8563.5,8563.3,8564.5,5175.4,5175.2,5177.1,7373.5,7370.6,7371.3,6071.8,6071.4,6072.9,1846.9,1845.3,1845.7,3650.3,3651.0,3651.9,2536.6,2536.8,2537.1,2879.1,2878.9,2879.1,27.299999,26.809999,going to home base
2024-04-13T02:05:59Z,2361.6,2360.8,2361.3,2599.9,2599.8,2600.8,5637.3,5636.6,5636.7,2324.3,2324.3,2324.4,3475.0,3475.0,3474.0,4369.5,4369.5,4369.5,6080.3,6080.1,6078.3,8563.6,8563.4,8566.0,5173.0,5173.6,5173.8,7374.7,7373.2,7372.9,6074.1,6072.8,6072.9,1847.1,1845.2,1845.4,3651.6,3651.6,3652.8,2537.1,2536.4,2536.5,2878.9,2878.8,2879.6,27.250000,26.709999,going to home base
2024-04-13T02:06:04Z,2362.1,2361.4,2361.5,2600.6,2600.9,2600.4,5637.9,5637.2,5637.3,2324.4,2323.8,2324.3,3474.3,3473.9,3474.0,4369.3,4369.0,4369.0,6078.5,6078.3,6078.1,8562.8,8563.5,8562.9,5173.8,5173.4,5174.3,7373.8,7372.2,7372.5,6070.3,6070.2,6071.1,1846.7,1845.1,1845.0,3651.2,3651.3,3651.5,2536.5,2536.3,2535.5,2880.0,2879.6,2880.1,27.280001,26.770000,going to home base
2024-04-13T02:06:09Z,2362.2,2361.6,2361.6,2599.5,2599.1,2600.1,5637.9,5637.4,5637.3,2324.6,2324.6,2324.8,3474.0,3474.2,3474.1,4368.9,4368.9,4369.0,6079.1,6078.9,6079.1,8563.9,8562.6,8561.8,5172.9,5173.1,5173.5,7374.2,7373.0,7373.6,6072.0,6072.9,6073.4,1847.1,1845.5,1845.3,3651.4,3651.3,3652.0,2536.7,2535.9,2535.8,2878.6,2878.0,2878.1,27.270000,26.770000,going to home base
2024-04-13T02:06:14Z,2362.0,2361.1,2361.5,2600.2,2600.5,2600.6,5637.2,5637.0,5637.4,2325.3,2325.3,2325.4,3474.4,3474.4,3474.5,4370.0,4369.5,4369.9,6076.5,6078.3,6078.2,8564.7,8563.6,8565.7,5173.9,5173.8,5174.7,7374.8,7374.6,7373.8,6072.7,6072.1,6070.7,1846.4,1845.0,1844.8,3650.5,3650.9,3651.1,2537.1,2535.8,2535.9,2879.4,2878.9,2879.0,27.250000,26.740000,going to home base
2024-04-13T02:06:19Z,2362.0,2361.3,2361.5,2600.5,2599.9,2600.4,5637.8,5637.5,5637.1,2324.7,2324.7,2324.9,3474.7,3474.8,3474.8,4369.3,4368.9,4368.8,6075.9,6076.2,6076.0,8565.4,8564.8,8565.2,5175.1,5175.0,5174.8,7373.0,7371.8,7373.5,6071.1,6071.7,6072.1,1846.1,1845.0,1844.6,3651.4,3651.9,3652.4,2536.2,2535.3,2535.6,2878.4,2877.9,2878.5,27.280001,26.770000,going to home base
2024-04-13T02:06:24Z,2360.9,2360.5,2361.2,2600.9,2600.2,2601.0,5637.7,5637.4,5636.8,2323.7,2324.4,2324.7,3474.5,3474.2,3474.5,4369.7,4370.0,4369.6,6077.4,6076.4,6078.4,8565.3,8564.7,8563.7,5174.5,5173.3,5175.8,7374.4,7374.2,7374.5,6071.1,6070.6,6072.4,1847.1,1845.2,1845.0,3651.6,3651.2,3652.8,2537.0,2536.2,2536.5,2879.0,2878.5,2879.0,27.250000,26.750000,going to home base
2024-04-13T02:06:34Z,2361.4,2360.5,2360.8,2600.5,2600.2,2601.0,5636.9,5636.3,5636.6,2324.6,2324.1,2325.0,3475.0,3474.9,3474.7,4369.3,4369.8,4369.6,6077.4,6077.5,6077.4,8563.6,8564.1,8564.7,5175.6,5175.0,5176.0,7373.5,7372.9,7372.2,60start,26636.6,26636.3,2599.9,2599.9,5636.6,5636.2,5636.3,2324.3,2324.0,2324.6,3730.6,3730.5,87813.3,87791.0,14118.8,3475.2,going to home base
2024-04-13T02:06:44Z,2361.6,2360.5,2361.1,2599.8,2599.9,2600.0,5637.2,5636.7,5636.6,2324.2,2324.6,2324.4,3475.2,3475.0,3474.7,4370.1,4369.6,4369.6,6079.5,6079.4,6080.4,8563.5,8563.0,8563.3,5175.3,5175.9,5177.0,7370.6,7370.0,7371.4,6072.3,6073.3,6074.9,1846.3,1845.2,1845.1,3651.5,3651.4,3652.3,2537.5,2537.5,2537.3,2879.3,2879.8,2879.6,27.280001,26.730000,going to home base
2024-04-13T02:06:49Z,2361.5,2361.0,2361.3,2600.8,2600.3,2600.7,5637.4,5637.5,5637.4,2324.1,2323.9,2324.7,3474.6,3474.4,3474.7,4369.5,4369.4,4369.4,6078.5,6078.0,6077.0,8563.7,8562.6,8562.5,5177.7,5177.3,5177.8,7370.9,7371.3,7371.0,6072.3,6072.7,6072.1,1846.9,1845.1,1845.4,3651.4,3651.4,3652.6,2536.9,2535.9,2535.9,2879.3,2879.3,2879.5,27.250000,26.740000,going to home base
2024-04-13T02:06:54Z,2362.2,2361.5,2361.9,2600.3,2600.6,2600.6,5637.9,5637.4,5637.5,2324.0,2324.2,2324.2,3475.1,3474.3,3474.3,4369.6,4369.0,4369.2,6079.7,6079.2,6079.5,8563.2,8563.7,8561.6,5176.1,5176.2,5177.2,7373.1,7372.7,7372.7,6072.1,6072.1,6071.2,1847.3,1845.5,1845.5,3651.8,3651.8,3652.2,2536.5,2535.9,2536.4,2878.8,2878.4,2878.6,27.250000,26.750000,going to home base
2024-04-13T02:06:59Z,2361.8,2361.1,2361.3,2599.2,2599.5,2599.9,5637.2,5637.1,5637.1,2324.2,2324.2,2324.4,3474.3,3474.2,3474.5,4369.2,4369.2,4369.0,6076.8,6076.2,6077.4,8563.1,8563.6,8563.3,5175.7,5175.6,5176.7,7372.8,7371.8,7371.4,6072.3,6072.2,6073.8,1847.1,1845.8,1845.6,3651.4,3651.1,3652.5,2536.4,2536.1,2535.7,2879.6,2878.3,2878.9,27.270000,26.790001,going to home base
2024-04-13T02:07:04Z,2361.5,2361.1,2361.1,2599.1,2598.8,2600.0,5637.6,5637.1,5637.4,2323.9,2324.0,2324.0,3474.1,3474.4,3474.0,4369.5,4369.5,4369.4,6075.4,6074.7,6076.5,8563.7,8562.4,8563.0,5176.0,5174.8,5177.3,7375.1,7373.6,7374.3,6071.4,6072.6,6072.9,1847.0,1845.8,1845.8,3651.7,3651.4,3652.9,2537.2,2536.4,2536.2,2880.3,2880.4,2880.1,27.250000,26.760000,going to home base
2024-04-13T02:07:09Z,2362.0,2361.2,2361.7,2600.2,2599.9,2600.1,5637.8,5636.9,5637.2,2323.7,2323.8,2324.4,3474.3,3473.9,3474.0,4370.0,4370.0,4369.9,6076.7,6078.0,6076.9,8563.1,8562.9,8562.9,5178.0,5176.4,5177.5,7371.4,7371.6,7372.3,6071.8,6069.9,6071.8,1846.4,1845.3,1845.1,3651.4,3651.8,3652.8,2536.7,2536.2,2536.5,2881.0,2881.3,2881.9,27.250000,26.740000,going to home base
2024-04-13T02:07:14Z,2361.9,2361.1,2361.8,2599.6,2599.5,2599.9,5637.2,5636.8,5637.3,2323.6,2323.5,2324.1,3475.4,3474.9,3474.5,4369.8,4369.7,4369.5,6077.3,6076.0,6075.7,8563.9,8563.4,8563.2,5175.8,5175.8,5176.6,7373.0,7373.8,7375.6,6074.3,6074.1,6075.0,1847.1,1845.2,1845.3,3651.5,3651.7,3652.5,2537.1,2536.5,2536.6,2881.8,2880.2,2880.4,27.270000,26.770000,going to home base
2024-04-13T02:07:19Z,2361.8,2361.0,2361.2,2600.2,2600.0,2600.4,5637.8,5637.4,5637.2,2324.5,2324.0,2324.6,3475.4,3475.0,3474.5,4369.7,4369.6,4369.4,6077.7,6078.5,6078.1,8563.5,8563.5,8563.4,5177.4,5176.5,5177.0,7375.4,7374.6,7373.2,6073.5,6073.9,6073.9,1846.7,1845.7,1845.3,3651.5,3651.8,3652.7,2537.5,2536.8,2536.7,2881.0,2880.3,2881.4,27.270000,26.709999,going to home base
2024-04-13T02:07:24Z,2361.8,2361.4,2361.3,2599.5,2599.4,2599.6,5637.9,5637.4,5637.9,2324.3,2324.1,2324.5,3474.7,3475.1,3474.4,4369.3,4368.8,4369.2,6076.7,6077.6,6076.4,8563.2,8563.4,8561.4,5176.4,5177.1,5177.4,7374.1,7374.4,7374.8,6073.4,6074.8,6074.8,1846.8,1845.6,1845.3,3652.0,3652.1,3652.8,2537.2,2536.0,2536.1,2880.8,2880.4,2880.9,27.280001,26.709999,going to home base
2024-04-13T02:07:29Z,2362.1,2361.3,2361.6,2599.6,2599.8,2600.2,5637.7,5637.8,5637.6,2323.7,2323.7,2323.9,3475.9,3475.3,3474.8,4369.8,4369.8,4369.9,6075.3,6076.4,6075.3,8563.4,8562.3,8564.0,5176.7,5176.1,5177.1,7376.4,7375.3,7374.5,6074.4,6074.5,6073.2,1847.2,1845.6,1845.6,3651.7,3652.0,3652.8,2537.6,2536.6,2536.7,2881.2,2881.6,2882.3,27.299999,26.709999,going to home base
2024-04-13T02:07:34Z,2362.2,2361.4,2361.5,2600.4,2600.0,2600.8,5637.9,5637.4,5637.1,2323.5,2323.7,2323.8,3475.5,3475.4,3475.0,4369.7,4369.5,4369.6,6078.6,6078.4,6081.1,8562.8,8562.2,8562.7,5176.3,5175.3,5176.3,7374.5,7373.3,7373.9,6073.7,6074.5,6074.0,1847.6,1845.9,1845.7,3652.1,3652.1,3653.8,2537.5,2536.3,2536.7,2880.7,2880.5,2880.9,27.270000,26.700001,going to home base
2024-04-13T02:07:39Z,2361.7,2361.0,2361.5,2599.3,2599.4,2599.6,5638.1,5637.9,5637.6,2324.1,2324.4,2324.6,3475.6,3475.2,3474.6,4370.1,4369.5,4369.9,6077.9,6079.2,6079.1,8563.8,8562.1,8562.9,5177.3,5176.7,5177.7,7374.6,7373.3,7374.4,6070.2,6071.1,6072.1,1847.4,1846.1,1845.7,3652.3,3652.4,3652.9,2537.2,2536.3,2536.1,2880.3,2879.9,2880.3,27.270000,26.719999,going to home base
2024-04-13T02:07:44Z,2361.8,2360.9,2361.3,2600.2,2599.8,2599.8,5637.9,5637.5,5637.5,2323.7,2323.4,2324.0,3475.7,3475.4,3475.6,4369.7,4369.4,4369.7,6077.9,6077.3,6077.1,8565.0,8563.5,8564.4,5175.8,5174.9,5176.3,7375.8,7374.9,7373.8,6073.7,6073.2,6073.0,1846.9,1845.9,1845.8,3652.7,3652.8,3653.6,2536.7,2536.0,2536.0,2881.1,2880.6,2880.4,27.280001,26.700001,going to home base
2024-04-13T02:07:49Z,2361.9,2361.1,2361.2,2600.0,2599.8,2600.7,5638.2,5637.7,5637.5,2324.3,2324.1,2324.7,3475.0,3474.7,3474.6,4369.5,4369.6,4369.3,6078.4,6078.1,6078.6,8563.0,8561.1,8563.3,5177.2,5175.9,5176.8,7375.9,7375.6,7374.6,6073.5,6072.6,6073.6,1847.0,1845.8,1845.9,3652.9,3652.4,3653.5,2536.4,2536.2,2536.3,2880.4,2880.1,2880.7,27.270000,26.740000,going to home base
2024-04-13T02:07:54Z,2362.0,2361.3,2361.7,2600.0,2599.9,2600.5,5638.1,5637.4,5637.7,2324.9,2325.0,2325.5,3474.8,3474.1,3474.5,4369.9,4369.2,4369.8,6076.5,6077.1,6077.6,8564.4,8563.1,8563.5,5176.0,5175.6,5177.1,7374.1,7371.7,7372.4,6075.2,6073.2,6073.5,1847.5,1846.3,1845.7,3652.1,3651.9,3653.0,2537.4,2535.6,2535.6,2879.9,2879.7,2880.2,27.250000,26.750000,going to home base
2024-04-13T02:07:59Z,2362.0,2361.5,2361.6,2600.6,2600.3,2600.5,5637.6,5637.5,5636.9,2324.3,2324.3,2324.6,3474.7,3474.5,3474.9,4369.5,4369.4,4369.4,6078.8,6079.0,6078.7,8564.1,8562.8,8563.5,5175.1,5174.2,5174.9,7375.0,7372.9,7373.4,6069.7,6071.3,6073.1,1847.1,1846.0,1845.7,3652.6,3653.1,3653.6,2536.8,2535.3,2534.9,2882.3,2882.3,2882.1,27.280001,26.719999,going to home base
2024-04-13T02:08:04Z,2362.0,2361.4,2361.5,2600.6,2600.4,2600.7,5637.4,5637.0,5637.2,2322.9,2323.2,2324.0,3475.3,3475.0,3475.4,4369.7,4369.3,4369.4,6077.1,6076.9,6078.0,8564.1,8564.9,8565.1,5172.7,5173.0,5173.4,7375.1,7373.9,7374.5,6071.5,6071.7,6070.7,1847.6,1846.3,1846.2,3652.2,3652.1,3653.2,2536.8,2536.1,2535.9,2880.3,2880.0,2880.4,27.250000,26.700001,going to home base
2024-04-13T02:08:09Z,2361.5,2360.9,2361.1,2600.5,2600.2,2601.1,5638.1,5638.2,5637.8,2324.5,2324.0,2324.6,3475.1,3474.6,3474.6,4370.0,4369.7,4369.6,6078.3,6078.1,6077.8,8563.4,8564.0,8564.3,5172.9,5173.6,5173.7,7373.9,7373.9,7373.7,6071.8,6071.3,6072.7,1847.7,1845.9,1845.9,3652.3,3652.0,3652.9,2536.4,2535.7,2536.4,2879.6,2880.1,2880.5,27.280001,26.709999,going to home base
2024-04-13T02:08:14Z,2362.1,2361.3,2361.5,2600.4,2600.5,2601.0,5637.8,5637.9,5637.9,2323.5,2323.3,2324.0,3474.2,3474.1,3474.2,4369.7,4369.6,4369.1,6078.2,6078.1,6077.7,8566.7,8564.6,8564.6,5175.7,5175.0,5175.8,7374.0,7372.5,7374.0,6071.2,6070.9,6071.3,1847.1,1845.5,1845.7,3652.4,3652.5,3653.5,2537.1,2536.2,2536.7,2881.2,2880.5,2881.4,27.270000,26.740000,going to home base
2024-04-13T02:08:19Z,2361.5,2361.1,2361.1,2599.9,2599.9,2600.3,5638.5,5638.3,5638.6,2323.8,2323.9,2324.3,3474.2,3474.0,3473.7,4369.4,4369.5,4369.5,6078.6,6078.7,6078.3,8564.1,8565.5,8564.5,5175.8,5175.5,5176.6,7373.2,7372.0,7373.5,6072.2,6073.1,6073.7,1847.5,1845.9,1845.6,3652.3,3652.3,3653.3,2537.0,2536.8,2536.7,2880.2,2879.9,2880.1,27.270000,26.719999,going to home base
2024-04-13T02:08:24Z,2362.2,2361.3,2361.8,2599.4,2600.5,2600.6,5638.3,5638.0,5637.8,2323.5,2323.1,2323.1,3475.5,3475.3,3475.3,4369.6,4369.7,4369.6,6076.9,6076.9,6077.8,8564.2,8564.8,8564.2,5174.7,5173.8,5174.7,7372.7,7372.9,7373.1,6075.3,6075.0,6074.6,1847.6,1845.8,1845.9,3652.4,3652.5,3653.9,2537.0,2536.4,2536.3,2880.4,2880.2,2880.9,27.280001,26.750000,going to home base
2024-04-13T02:08:29Z,2362.1,2361.4,2361.7,2600.8,2601.2,2601.1,5637.9,5637.6,5637.6,2324.4,2323.8,2324.5,3474.6,3474.1,3474.1,4369.4,4368.9,4369.4,6077.1,6076.0,6075.8,8564.0,8564.6,8564.3,5175.2,5174.9,5175.9,7374.3,7374.4,7375.1,6072.6,6072.9,6072.8,1847.5,1846.4,1846.0,3653.7,3653.2,3654.4,2536.2,2535.6,2535.9,2880.9,2880.5,2880.3,27.250000,26.740000,going to home base
2024-04-13T02:08:34Z,2362.0,2361.5,2361.7,2600.2,2599.7,2600.6,5637.6,5637.9,5637.5,2323.4,2323.2,2324.0,3475.0,3474.3,3474.6,4369.2,4369.3,4369.1,6079.4,6078.3,6079.0,8565.4,8565.2,8562.5,5173.7,5173.8,5172.9,7375.8,7376.1,7375.8,6071.8,6071.6,6074.2,1847.9,1846.4,1846.3,3652.1,3652.9,3653.0,2537.4,2536.1,2536.2,2880.3,2880.2,2881.1,27.280001,26.770000,going to home base
2024-04-13T02:08:39Z,2362.6,2362.0,2362.2,2600.5,2600.7,2601.0,5638.1,5637.4,5637.6,2324.2,2323.9,2325.0,3473.8,3474.4,3473.8,4369.6,4369.0,4369.6,6078.8,6078.2,6078.4,8564.2,8564.0,8564.7,5172.3,5172.0,5172.9,7376.0,7375.2,7374.9,6071.0,6069.4,6072.2,1847.5,1846.3,1846.3,3652.6,3652.7,3654.2,2537.1,2536.0,2536.2,2881.8,2880.0,2880.8,27.280001,26.719999,going to home base
2024-04-13T02:08:44Z,2362.2,2361.2,2361.3,2600.6,2600.7,2600.1,5638.3,5637.6,5637.6,2324.1,2324.0,2324.2,3474.7,3474.0,3474.1,4369.3,4369.1,4369.1,6078.1,6078.5,6077.7,8565.4,8565.4,8564.0,5173.3,5172.3,5172.5,7377.5,7377.5,7376.7,6073.1,6071.6,6073.1,1847.7,1846.1,1846.4,3651.6,3651.7,3652.5,2537.5,2536.6,2536.8,2880.8,2880.5,2880.4,27.250000,26.730000,going to home base
2024-04-13T02:08:49Z,2362.1,2361.3,2361.7,2600.7,2600.7,2601.0,5638.4,5637.9,5638.1,2325.0,2324.7,2325.4,3474.7,3474.5,3474.1,4369.5,4369.1,4369.3,6080.1,6079.0,6080.0,8564.3,8564.9,8565.1,5173.6,5174.0,5174.9,7377.1,7376.7,7376.2,6072.1,6072.3,6072.4,1847.7,1846.1,1846.1,3651.1,3651.6,3652.6,2535.4,2534.8,2534.5,2879.5,2879.8,2880.2,27.270000,26.719999,going to home base
2024-04-13T02:08:54Z,2362.0,2361.3,2361.7,2600.4,2600.0,2600.2,5638.3,5637.7,5638.2,2324.3,2324.0,2324.5,3474.7,3474.9,3474.8,4370.1,4369.8,4369.5,6077.0,6076.1,6076.4,8565.7,8564.0,8564.9,5173.2,5172.4,5173.6,7375.3,7374.5,7375.5,6073.4,6072.4,6074.4,1847.8,1846.0,1845.8,3652.2,3652.6,3652.9,2536.4,2535.1,2535.9,2880.4,2879.9,2880.1,27.270000,26.700001,going to home base
2024-04-13T02:08:59Z,2361.8,2361.0,2361.4,2601.0,2600.5,2601.3,5639.4,5638.8,5638.4,2325.0,2324.9,2325.5,3474.6,3474.4,3474.8,4369.7,4369.4,4369.8,6076.9,6077.5,6077.1,8562.5,8562.2,8563.0,5173.2,5171.7,5173.1,7373.3,7373.8,7374.2,6072.9,6073.5,6073.8,1847.2,1846.3,1846.2,3652.0,3652.3,3652.7,2536.8,2535.6,2536.3,2881.1,2881.2,2881.2,27.270000,26.709999,going to home base
2024-04-13T02:09:04Z,2362.6,2362.0,2362.2,2600.6,2600.3,2600.8,5638.2,5638.1,5637.8,2324.8,2324.0,2324.9,3475.3,3474.8,3475.1,4369.5,4369.6,4369.0,6076.0,6076.9,6077.1,8562.1,8562.3,8562.3,5173.0,5171.4,5172.3,7375.7,7374.2,7375.9,6075.1,6074.1,6074.5,1847.3,1846.0,1846.1,3652.7,3652.3,3653.1,2537.2,2536.8,2536.3,2880.6,2879.5,2880.3,27.270000,26.700001,going to home base
2024-04-13T02:09:09Z,2362.0,2361.2,2361.5,2600.8,2600.8,2601.4,5637.4,5637.4,5637.0,2324.2,2323.9,2324.7,3474.0,3473.7,3474.1,4369.9,4369.7,4369.5,6075.3,6079.0,6077.6,8563.2,8564.4,8562.7,5173.1,5172.7,5173.4,7374.8,7373.6,7375.5,6073.8,6073.5,6073.1,1847.8,1846.4,1846.5,3652.5,3652.5,3653.3,2537.7,2536.1,2536.4,2879.7,2879.3,2879.5,27.280001,26.670000,going to home base
2024-04-13T02:09:14Z,2362.0,2361.6,2361.8,2600.8,2601.1,2601.3,5638.5,5637.6,5637.5,2323.6,2323.0,2324.3,3474.9,3474.1,3474.2,4370.3,4369.8,4369.4,6076.3,6077.0,6076.4,8565.3,8563.8,8564.4,5172.9,5170.9,5173.0,7376.7,7374.4,7374.8,6074.0,6072.0,6074.8,1848.5,1846.8,1846.6,3652.1,3652.0,3653.2,2537.2,2536.7,2536.8,2880.6,2880.7,2880.2,27.280001,26.719999,going to home base
2024-04-13T02:09:19Z,2362.1,2361.2,2361.2,2600.7,2600.7,2601.3,5639.0,5638.3,5638.6,2324.5,2324.0,2324.5,3474.5,3474.5,3473.9,4369.9,4369.9,4369.6,6076.9,6075.4,6077.8,8563.9,8563.6,8563.5,5174.9,5173.2,5174.7,7377.3,7376.4,7376.2,6074.2,6073.9,6074.2,1847.8,1845.7,1846.5,3651.3,3651.4,3652.6,2536.9,2537.0,2536.8,2880.1,2880.5,2880.0,27.250000,26.730000,going to home base
2024-04-13T02:09:24Z,2361.9,2361.1,2361.1,2599.9,2600.1,2600.6,5638.5,5638.3,5638.3,2323.6,2323.8,2324.2,3474.4,3474.0,3474.0,4370.2,4370.0,4369.9,6073.7,6073.6,6073.9,8564.5,8563.4,8563.8,5172.5,5173.3,5174.8,7376.5,7376.0,7376.9,6074.0,6075.1,6075.1,1847.7,1846.7,1846.8,3651.9,3652.0,3652.5,2537.2,2536.1,2535.8,2879.4,2878.8,2879.2,27.270000,26.719999,going to home base
2024-04-13T02:09:29Z,2361.8,2361.2,2361.7,2600.3,2599.8,2599.9,5638.3,5637.6,5638.3,2323.2,2323.2,2323.3,3474.1,3473.1,3473.3,4369.4,4369.2,4369.7,6077.7,6076.5,6077.8,8563.2,8562.5,8563.4,5173.0,5173.1,5173.9,7377.8,7375.2,7376.0,6074.7,6073.4,6075.0,1848.0,1846.3,1845.7,3652.1,3652.2,3653.5,2537.1,2536.5,2536.8,2881.5,2880.7,2880.6,27.250000,26.719999,going to home base
2024-04-13T02:09:34Z,2361.7,2361.0,2361.3,2600.1,2600.0,2599.9,5638.6,5637.7,5637.8,2323.1,2323.0,2323.3,3473.8,3473.1,3473.7,4370.0,4369.7,4369.6,6075.1,6074.1,6075.0,8564.5,8563.9,8564.2,5173.4,5172.5,5173.4,7376.2,7373.9,7373.2,6073.9,6073.5,6074.1,1848.0,1847.2,1846.9,3652.7,3652.6,3653.3,2537.0,2536.0,2535.9,2880.6,2879.4,2880.1,27.299999,26.730000,going to home base
2024-04-13T02:09:39Z,2361.7,2361.0,2361.2,2600.2,2600.5,2601.3,5638.7,5638.1,5638.3,2323.4,2323.3,2323.9,3474.6,3474.5,3473.7,4369.7,4369.4,4369.5,6078.2,6077.0,6076.1,8563.6,8563.6,8563.9,5175.9,5174.1,5176.2,7377.7,7376.3,7375.6,6072.9,6073.7,6073.3,1847.5,1846.3,1845.9,3652.3,3652.9,3653.4,2537.1,2536.8,2536.9,2880.5,2879.9,2879.9,27.270000,26.719999,going to home base
2024-04-13T02:09:44Z,2361.4,2360.6,2361.1,2600.2,2600.1,2600.5,5638.3,5638.2,5638.5,2323.9,2323.9,2324.2,3474.0,3473.4,3472.9,4370.3,4370.4,4370.0,6078.1,6078.0,6078.7,8563.5,8564.8,8564.0,5175.5,5175.2,5175.9,7375.3,7376.5,7376.1,6072.8,6072.3,6072.6,1847.6,1846.2,1846.0,3652.8,3653.0,3653.8,2537.4,2536.6,2536.8,2880.7,2879.3,2880.5,27.280001,26.750000,going to home base
2024-04-13T02:09:49Z,2361.5,2360.6,2361.0,2600.1,2599.8,2600.5,5639.7,5639.4,5639.3,2324.9,2324.7,2324.7,3474.1,3473.6,3473.1,4370.2,4369.9,4370.4,6077.7,6077.3,6077.2,8568.1,8566.1,8566.7,5177.2,5176.1,5177.3,7375.9,7374.2,7374.8,6072.3,6071.8,6071.0,1847.6,1846.3,1846.5,3653.1,3653.3,3653.6,2535.9,2535.0,2534.9,2881.2,2880.6,2880.7,27.280001,26.690001,going to home base
2024-04-13T02:09:54Z,2361.4,2361.1,2361.3,2600.2,2600.1,2600.6,5639.1,5638.8,5638.5,2324.3,2323.9,2324.4,3473.7,3473.6,3473.2,4370.3,4369.5,4369.8,6076.6,6076.6,6077.3,8565.4,8565.3,8566.4,5177.9,5177.8,5177.6,7374.4,7373.6,7373.0,6072.3,6073.1,6075.2,1847.6,1846.3,1845.9,3653.7,3653.5,3654.5,2536.6,2535.6,2535.4,2880.7,2880.4,2880.8,27.270000,26.670000,going to home base
2024-04-13T02:09:59Z,2362.2,2361.5,2361.9,2600.3,2600.1,2600.4,5639.0,5639.2,5638.6,2324.9,2325.1,2325.6,3473.6,3473.0,3473.5,4370.1,4369.7,4370.2,6077.9,6077.0,6077.7,8565.7,8565.7,8565.5,5177.4,5176.2,5177.9,7377.2,7375.4,7376.4,6072.9,6072.2,6073.5,1847.0,1846.1,1846.1,3653.2,3653.3,3654.1,2537.1,2536.4,2537.1,2881.0,2880.1,2880.8,27.270000,26.709999,going to home base
2024-04-13T02:10:04Z,2361.9,2361.3,2361.3,2600.2,2600.3,2600.1,5639.6,5638.9,5639.6,2324.5,2324.6,2324.9,3474.1,3473.2,3473.6,4370.1,4370.1,4370.6,6078.4,6077.7,6079.3,8563.7,8563.1,8562.6,5176.5,5175.5,5176.5,7377.5,7375.8,7375.6,6074.7,6073.8,6075.5,1847.8,1846.5,1845.8,3653.2,3653.0,3654.4,2537.0,2536.5,2536.6,2881.0,2880.6,2880.9,27.270000,26.680000,going to home base
2024-04-13T02:10:09Z,2362.4,2361.4,2361.7,2600.4,2600.2,2600.8,5638.8,5638.6,5638.6,2325.2,2324.9,2325.4,3474.2,3473.9,3473.3,4370.3,4370.2,4370.2,6077.3,6077.8,6078.7,8566.0,8565.4,8565.4,5175.5,5175.2,5176.2,7377.4,7378.0,7376.7,6075.3,6073.6,6073.3,1846.9,1845.6,1846.0,3652.5,3652.5,3653.5,2536.6,2536.0,2536.0,2880.5,2880.4,2880.2,27.230000,26.680000,going to home base
2024-04-13T02:10:14Z,2362.0,2361.2,2361.5,2600.0,2600.3,2601.3,5639.3,5638.6,5638.5,2324.4,2324.5,2324.8,3474.0,3473.9,3473.7,4370.6,4370.4,4369.8,6077.0,6077.8,6078.3,8564.8,8563.6,8562.5,5175.5,5174.1,5175.1,7374.4,7375.5,7374.0,6072.9,6073.0,6073.7,1847.6,1845.8,1845.8,3652.8,3653.1,3653.8,2536.7,2536.4,2536.7,2879.1,2879.1,2879.2,27.270000,26.719999,going to home base
2024-04-13T02:10:19Z,2362.2,2361.6,2361.6,2600.4,2600.4,2600.4,5639.5,5639.0,5638.7,2324.2,2324.0,2324.6,3475.0,3474.7,3474.1,4370.6,4370.8,4370.8,6075.8,6075.1,6076.4,8564.4,8564.4,8564.9,5177.5,5176.1,5176.3,7376.4,7375.8,7377.2,6076.0,6075.7,6075.8,1847.4,1846.0,1845.8,3652.1,3651.9,3653.1,2538.1,2537.1,2537.0,2878.9,2879.1,2879.7,27.270000,26.680000,going to home base
2024-04-13T02:10:24Z,2361.5,2361.0,2361.2,2600.2,2600.1,2600.1,5638.5,5638.6,5638.7,2324.2,2323.6,2324.4,3474.6,3473.5,3473.6,4370.5,4370.6,4370.3,6077.3,6078.0,6078.0,8563.7,8564.9,8564.7,5176.6,5176.7,5175.8,7375.0,7374.6,7374.7,6073.9,6075.5,6074.8,1847.2,1845.7,1845.8,3653.1,3653.1,3653.9,2537.1,2536.0,2536.2,2880.2,2880.0,2880.7,27.250000,26.700001,going to home base
2024-04-13T02:10:29Z,2361.8,2361.0,2361.4,2599.7,2599.5,2599.7,5639.6,5638.8,5638.6,2324.2,2324.7,2324.7,3473.3,3473.0,3472.8,4370.6,4370.2,4370.1,6077.9,6078.4,6079.0,8564.6,8563.9,8563.9,5177.3,5176.0,5177.1,7375.6,7373.8,7373.9,6077.1,6076.4,6076.8,1846.9,1845.7,1845.7,3653.1,3653.4,3653.5,2536.6,2535.8,2535.7,2879.9,2879.1,2879.3,27.270000,26.680000,going to home base
2024-04-13T02:10:34Z,2362.0,2361.6,2361.7,2599.9,2599.9,2599.9,5638.8,5638.3,5638.4,2324.6,2324.4,2324.7,3474.3,3473.8,3474.1,4370.4,4370.4,4370.3,6077.7,6077.0,6078.5,8564.8,8564.4,8564.6,5175.9,5175.7,5177.5,7375.0,7373.3,7374.3,6073.9,6073.9,6075.7,1847.5,1846.3,1845.9,3652.5,3652.8,3653.7,2537.3,2535.9,2536.7,2879.0,2878.5,2878.4,27.270000,26.680000,going to home base
2024-04-13T02:10:39Z,2361.7,2360.9,2361.1,2600.4,2599.6,2600.1,5639.5,5639.0,5639.1,2323.9,2323.5,2324.2,3474.4,3474.2,3474.1,4370.3,4370.3,4370.4,6079.0,6078.0,6079.0,8563.8,8563.9,8565.1,5176.7,5175.8,5176.8,7375.9,7375.6,7375.3,6076.9,6076.6,6078.1,1847.6,1845.7,1845.9,3653.6,3653.5,3654.1,2536.9,2536.0,2535.8,2881.6,2880.5,2880.8,27.270000,26.680000,going to home base
2024-04-13T02:10:44Z,2361.3,2360.6,2360.9,2600.3,2600.6,2600.9,5639.3,5639.0,5639.0,2324.8,2324.5,2324.8,3474.8,3474.4,3474.4,4370.6,4370.2,4370.4,6078.1,6078.0,6077.6,8563.7,8564.0,8563.6,5175.0,5176.3,5176.4,7375.9,7376.4,7375.6,6075.6,6073.4,6075.3,1847.0,1845.4,1845.6,3653.4,3652.9,3653.8,2537.0,2535.5,2535.9,2881.9,2881.1,2881.9,27.270000,26.709999,going to home base
2024-04-13T02:10:49Z,2361.7,2361.0,2361.4,2599.3,2599.3,2599.8,5639.1,5639.2,5638.9,2325.8,2325.8,2326.1,3474.6,3473.9,3474.1,4370.3,4370.0,4369.8,6076.6,6078.2,6078.1,8562.3,8564.0,8564.6,5177.7,5178.2,5178.5,7376.6,7375.5,7376.6,6074.1,6076.0,6074.1,1846.9,1845.6,1845.8,3653.0,3653.0,3654.4,2536.6,2535.7,2536.3,2881.0,2881.4,2881.4,27.270000,26.790001,going to home base
2024-04-13T02:10:54Z,2361.9,2361.1,2361.2,2599.5,2599.8,2600.1,5639.1,5638.6,5638.9,2325.0,2324.9,2324.8,3474.9,3474.3,3474.4,4370.0,4370.4,4370.4,6079.2,6076.9,6079.2,8565.1,8563.8,8563.3,5175.1,5176.9,5176.9,7378.9,7377.9,7377.1,6075.9,6075.3,6072.8,1847.0,1845.7,1845.5,3653.2,3652.8,3653.7,2538.1,2537.2,2536.8,2880.6,2879.9,2880.5,27.270000,26.709999,going to home base
2024-04-13T02:10:59Z,2361.4,2360.6,2361.1,2600.0,2600.0,2600.7,5639.4,5639.1,5639.0,2324.9,2325.0,2325.1,3474.4,3474.2,3473.7,4370.9,4370.6,4370.4,6077.8,6077.4,6078.8,8563.6,8563.0,8563.2,5177.1,5177.0,5177.5,7376.9,7376.5,7377.1,6075.2,6077.0,6074.7,1847.2,1845.7,1845.6,3653.1,3653.0,3654.2,2536.6,2535.7,2535.5,2881.8,2881.3,2881.1,27.280001,26.709999,going to home base
2024-04-13T02:11:04Z,2361.4,2360.5,2361.2,2600.8,2600.6,2600.8,5639.8,5639.8,5639.5,2325.0,2324.4,2325.1,3474.6,3474.4,3474.6,4370.5,4371.0,4371.1,6076.3,6076.5,6077.4,8565.1,8565.9,8564.4,5177.4,5176.9,5177.5,7377.2,7377.0,7376.4,6078.1,6077.2,6076.5,1847.6,1845.9,1846.3,3653.6,3653.4,3654.0,2536.8,2536.7,2536.4,2882.7,2881.6,2882.7,27.270000,26.680000,going to home base
2024-04-13T02:11:09Z,2362.0,2361.5,2361.5,2600.0,2600.2,2600.5,5640.1,5639.1,5639.0,2324.4,2324.7,2324.5,3476.1,3475.3,3474.8,4370.9,4370.7,4370.8,6075.3,6078.0,6077.0,8564.9,8566.3,8564.2,5178.4,5177.7,5177.1,7378.0,7377.8,7376.1,6075.4,6074.5,6075.4,1847.0,1845.7,1845.8,3653.8,3654.1,3654.7,2537.5,2536.6,2536.6,2881.7,2881.1,2880.6,27.280001,26.680000,going to home base
2024-04-13T02:11:14Z,2361.2,2360.5,2360.7,2599.7,2600.3,2600.8,5639.8,5639.1,5639.3,2324.7,2324.6,2324.9,3475.8,3474.6,3474.9,4370.8,4370.7,4371.0,6079.0,6078.8,6079.5,8565.5,8564.6,8567.1,5177.3,5177.6,5178.9,7378.6,7375.3,7376.2,6075.6,6074.2,6075.0,1847.9,1846.2,1845.9,3654.1,3654.5,3655.4,2537.5,2536.9,2536.6,2880.3,2879.5,2880.6,27.270000,26.680000,going to home base
2024-04-13T02:11:19Z,2361.4,2360.7,2361.2,2600.4,2600.4,2600.8,5640.2,5639.6,5639.6,2324.8,2324.6,2325.4,3474.0,3474.1,3473.9,4370.8,4370.2,4370.5,6078.4,6080.4,6079.8,8564.5,8563.9,8564.8,5178.1,5178.4,5178.5,7376.1,7375.7,7374.9,6075.5,6074.7,6076.1,1848.2,1846.6,1846.5,3653.9,3654.1,3655.1,2538.0,2536.9,2536.6,2880.3,2879.9,2880.7,27.250000,26.709999,going to home base
2024-04-13T02:11:29Z,2361.6,2360.9,2361.4,2601.0,2600.4,2600.9,5638.8,5638.8,5639.2,2324.7,2325.2,2325.3,3474.8,3474.4,3474.4,4370.8,4370.7,4370.0,6079.4,6079.3,6079.8,8start,26641.9,26645.2,2361.6,2360.9,2361.1,2600.4,2600.7,2600.6,5639.3,5638.9,5639.2,3730.6,87796.0,87831.1,14129.7,14127.2,14127.1,3474.2,3474.1,3474.2,4370.8,4370.6,4370.2,6080.6,16437.6,going to home base
2024-04-13T02:11:39Z,2361.8,2361.3,2361.4,2600.1,2599.9,2600.6,5639.4,5639.9,5639.2,2325.3,2325.0,2325.7,3473.9,3473.9,3474.8,4370.9,4370.4,4371.0,6077.1,6076.8,6077.7,8568.1,8566.1,8567.0,5178.7,5177.8,5178.4,7376.3,7374.6,7375.8,6076.9,6076.0,6075.6,1847.5,1845.9,1845.7,3653.5,3654.1,3654.7,2537.4,2536.5,2536.7,2880.8,2880.5,2880.6,27.270000,26.740000,going to home base
2024-04-13T02:11:44Z,2361.7,2360.6,2360.9,2600.3,2600.6,2600.8,5639.8,5638.9,5639.1,2326.1,2325.6,2326.1,3474.4,3474.2,3473.4,4371.2,4371.4,4371.2,6078.4,6077.6,6080.1,8566.7,8567.2,8567.0,5177.5,5178.1,5178.9,7378.5,7377.4,7377.2,6078.2,6076.6,6076.9,1847.8,1846.4,1845.8,3654.9,3654.7,3655.4,2536.4,2535.2,2536.3,2881.2,2880.6,2881.4,27.230000,26.709999,going to home base
2024-04-13T02:11:49Z,2361.0,2360.6,2361.0,2600.5,2600.2,2600.4,5640.1,5639.3,5639.6,2325.8,2325.4,2325.7,3474.0,3473.6,3473.3,4370.9,4370.9,4370.7,6077.6,6077.5,6078.4,8568.3,8565.8,8567.6,5177.3,5177.9,5179.0,7379.9,7378.9,7378.9,6075.5,6075.0,6076.4,1847.6,1846.3,1845.8,3654.6,3654.4,3655.3,2537.6,2536.5,2537.6,2881.4,2881.1,2881.0,27.270000,26.709999,going to home base
2024-04-13T02:11:54Z,2361.2,2360.3,2360.7,2600.7,2600.2,2600.9,5640.0,5639.6,5639.5,2325.6,2325.5,2325.6,3474.4,3473.9,3473.2,4371.0,4370.8,4370.6,6079.3,6078.9,6079.3,8568.6,8566.1,8567.1,5177.3,5177.0,5178.8,7375.2,7375.4,7375.5,6076.5,6077.2,6077.4,1848.5,1846.8,1847.1,3654.3,3654.2,3655.0,2538.5,2537.5,2537.1,2881.2,2880.4,2881.0,27.280001,26.700001,going to home base
2024-04-13T02:11:59Z,2361.5,2360.4,2361.0,2601.0,2600.3,2600.6,5639.7,5640.0,5640.3,2324.7,2324.3,2324.8,3474.9,3474.6,3474.7,4370.8,4370.4,4370.6,6076.4,6078.1,6078.2,8568.6,8567.3,8565.6,5178.9,5179.5,5179.4,7379.6,7378.3,7379.0,6079.2,6077.5,6078.0,1847.6,1846.3,1846.4,3654.0,3654.1,3654.7,2538.1,2537.5,2537.8,2882.4,2881.0,2881.2,27.250000,26.670000,going to home base
2024-04-13T02:12:04Z,2361.6,2360.8,2361.1,2599.8,2599.4,2600.3,5640.2,5639.6,5639.6,2324.5,2324.6,2325.0,3475.6,3475.3,3475.0,4370.9,4370.8,4370.9,6079.5,6077.4,6079.5,8566.6,8566.5,8568.0,5178.8,5177.7,5179.3,7378.0,7377.4,7377.5,6078.3,6079.3,6078.6,1848.2,1846.4,1846.3,3653.8,3654.0,3654.9,2537.5,2536.7,2537.0,2881.2,2880.7,2881.1,27.250000,26.680000,going to home base
2024-04-13T02:12:09Z,2361.4,2361.0,2361.2,2600.4,2600.3,2600.5,5640.0,5639.4,5639.4,2324.8,2324.7,2325.0,3474.8,3473.6,3474.3,4370.9,4370.7,4370.7,6081.1,6080.3,6081.4,8567.2,8567.6,8566.0,5177.8,5177.6,5179.5,7377.4,7376.3,7378.7,6080.1,6079.9,6079.9,1847.7,1846.1,1846.6,3653.8,3654.3,3655.0,2536.8,2535.4,2536.1,2879.4,2879.0,2879.6,27.270000,26.680000,going to home base
2024-04-13T02:12:14Z,2361.6,2360.7,2360.8,2600.1,2600.0,2600.0,5640.5,5640.1,5640.1,2325.1,2325.1,2325.4,3475.8,3475.2,3475.4,4371.2,4371.0,4370.9,6080.1,6079.3,6078.5,8567.7,8568.6,8568.5,5177.5,5177.2,5177.4,7377.4,7375.4,7376.6,6077.3,6077.0,6076.9,1847.8,1846.1,1846.0,3653.8,3653.4,3654.9,2537.5,2536.7,2536.8,2882.1,2881.5,2882.1,27.250000,26.680000,going to home base
2024-04-13T02:12:19Z,2361.2,2360.8,2361.3,2600.3,2600.1,2600.7,5640.9,5640.4,5640.1,2325.2,2325.3,2325.6,3475.8,3475.4,3474.9,4370.5,4370.6,4370.7,6079.9,6079.9,6078.8,8563.7,8566.6,8566.3,5177.8,5177.3,5180.0,7377.8,7377.5,7376.9,6077.7,6077.4,6076.8,1848.3,1846.7,1846.8,3654.1,3653.6,3654.7,2537.6,2536.7,2537.1,2881.6,2880.7,2881.7,27.270000,26.709999,going to home base
2024-04-13T02:12:24Z,2361.5,2360.8,2361.0,2600.8,2600.4,2601.2,5640.6,5640.4,5640.0,2325.3,2325.1,2325.4,3475.3,3474.4,3474.5,4371.2,4370.7,4371.6,6078.8,6077.6,6079.0,8569.3,8567.4,8567.7,5177.6,5177.5,5178.1,7379.2,7379.2,7378.6,6078.1,6077.3,6079.4,1849.2,1848.1,1848.3,3654.7,3654.7,3655.2,2537.1,2536.5,2536.1,2881.1,2880.2,2880.3,27.230000,26.700001,going to home base
2024-04-13T02:12:29Z,2361.1,2360.8,2361.1,2600.4,2600.2,2600.9,5640.3,5640.3,5640.0,2325.2,2324.9,2325.6,3473.7,3473.7,3473.9,4370.4,4370.1,4370.3,6076.4,6077.5,6078.0,8566.0,8565.5,8565.8,5178.5,5177.7,5179.4,7378.0,7378.6,7378.3,6079.3,6078.5,6076.6,1848.8,1847.9,1847.0,3653.9,3653.6,3654.7,2537.3,2536.1,2536.9,2882.3,2881.7,2881.9,27.270000,26.690001,going to home base
2024-04-13T02:12:34Z,2360.9,2360.3,2360.8,2599.9,2599.7,2600.0,5640.8,5639.8,5640.4,2325.2,2325.1,2325.4,3474.9,3474.7,3474.8,4371.6,4370.6,4371.4,6079.9,6080.9,6081.1,8567.6,8565.7,8566.1,5179.1,5178.3,5178.8,7377.8,7378.1,7379.3,6079.7,6078.7,6079.7,1848.3,1846.8,1846.8,3653.9,3653.8,3655.2,2538.0,2536.8,2537.0,2881.6,2881.3,2881.2,27.270000,26.750000,going to home base
2024-04-13T02:12:39Z,2361.6,2360.8,2361.1,2599.7,2599.9,2600.3,5641.1,5640.4,5640.5,2324.2,2324.3,2324.8,3475.0,3474.1,3474.7,4371.4,4371.3,4371.1,6078.8,6078.9,6079.0,8566.5,8567.4,8567.5,5180.3,5179.6,5179.8,7379.3,7379.1,7378.4,6078.0,6076.8,6078.9,1848.5,1847.1,1847.1,3653.7,3654.3,3655.6,2537.4,2536.9,2537.0,2880.8,2880.7,2881.4,27.270000,26.680000,going to home base
2024-04-13T02:12:44Z,2361.3,2360.9,2361.3,2599.6,2599.3,2600.2,5641.1,5640.7,5640.7,2324.2,2324.4,2324.8,3474.6,3474.4,3474.4,4371.0,4371.4,4371.1,6080.4,6080.8,6081.7,8568.4,8569.1,8568.6,5177.0,5176.8,5178.2,7379.1,7378.9,7377.2,6079.0,6079.0,6078.4,1848.9,1847.4,1847.3,3654.7,3654.5,3655.2,2536.9,2536.2,2536.4,2881.5,2881.2,2881.2,27.270000,26.639999,going to home base
2024-04-13T02:12:49Z,2362.2,2361.5,2361.4,2599.9,2599.4,2600.4,5640.8,5640.2,5640.7,2324.9,2324.7,2325.2,3475.3,3474.7,3474.6,4371.4,4371.2,4371.1,6078.9,6078.1,6079.9,8566.7,8566.5,8567.7,5174.9,5174.5,5176.6,7375.8,7376.7,7375.4,6079.0,6080.4,6078.6,1848.5,1847.2,1847.4,3654.7,3655.2,3655.4,2537.2,2536.8,2536.9,2880.9,2880.9,2881.4,27.230000,26.719999,going to home base
2024-04-13T02:12:54Z,2361.4,2361.1,2361.2,2600.1,2600.1,2600.8,5640.9,5640.3,5640.5,2324.8,2324.2,2325.1,3474.7,3474.4,3474.2,4371.4,4370.8,4371.0,6079.0,6078.4,6078.3,8565.6,8566.2,8567.0,5178.8,5178.4,5179.8,7380.6,7379.7,7378.7,6078.1,6078.6,6078.6,1848.4,1846.7,1846.5,3654.9,3654.5,3655.4,2537.2,2536.5,2536.2,2880.8,2879.9,2880.4,27.250000,26.709999,going to home base
2024-04-13T02:12:59Z,2361.1,2360.9,2361.0,2600.6,2600.6,2600.5,5640.9,5640.4,5640.4,2324.4,2324.6,2325.1,3474.3,3474.4,3474.0,4371.0,4371.1,4370.9,6079.3,6078.6,6079.7,8568.5,8567.4,8567.1,5179.4,5179.1,5179.2,7378.7,7378.9,7378.3,6076.8,6077.1,6078.0,1848.1,1846.5,1846.8,3654.1,3654.2,3654.9,2537.2,2536.4,2536.2,2880.4,2879.6,2880.4,27.250000,26.719999,going to home base
2024-04-13T02:13:04Z,2361.4,2360.6,2360.8,2599.9,2599.7,2599.9,5640.4,5640.3,5640.5,2324.3,2324.5,2324.3,3474.8,3473.7,3474.0,4371.6,4371.6,4371.3,6077.2,6077.6,6078.9,8566.7,8566.9,8567.6,5178.8,5177.5,5178.3,7379.9,7379.1,7378.9,6077.3,6076.9,6078.4,1848.1,1846.8,1846.5,3654.6,3654.4,3655.3,2537.3,2537.1,2537.0,2880.5,2879.7,2879.8,27.270000,26.709999,going to home base
2024-04-13T02:13:09Z,2361.6,2360.9,2361.2,2600.0,2600.4,2600.2,5641.0,5640.9,5640.6,2324.7,2324.9,2325.5,3473.9,3473.9,3473.2,4371.1,4370.8,4371.2,6077.0,6077.1,6077.3,8570.3,8570.8,8570.6,5177.5,5177.8,5178.4,7380.6,7380.1,7379.3,6078.6,6079.8,6078.8,1848.2,1846.6,1846.3,3654.8,3654.5,3655.4,2537.5,2536.8,2537.0,2881.5,2880.2,2880.9,27.280001,26.719999,going to home base
2024-04-13T02:13:14Z,2360.4,2360.0,2360.4,2600.2,2600.1,2600.9,5640.8,5640.3,5640.3,2324.8,2324.8,2325.4,3474.0,3473.9,3473.6,4371.3,4371.0,4370.9,6077.1,6075.5,6076.5,8567.0,8567.0,8565.9,5177.8,5178.9,5179.4,7379.2,7378.8,7379.2,6076.3,6075.8,6075.9,1847.9,1846.5,1846.4,3654.5,3655.3,3656.1,2538.5,2537.3,2537.7,2882.3,2881.1,2882.0,27.240000,26.730000,going to home base
2024-04-13T02:13:19Z,2361.0,2360.1,2360.6,2600.2,2599.7,2600.1,5640.8,5640.7,5640.2,2324.5,2324.6,2325.4,3474.9,3475.0,3474.7,4370.9,4370.7,4371.0,6078.2,6078.6,6079.3,8569.8,8567.8,8566.9,5178.1,5178.4,5178.6,7379.2,7377.7,7380.4,6075.8,6076.3,6076.8,1848.0,1846.6,1846.6,3656.1,3656.2,3656.5,2538.5,2537.2,2537.3,2881.3,2880.4,2881.1,27.250000,26.670000,going to home base
2024-04-13T02:13:24Z,2361.0,2360.2,2360.5,2600.7,2600.5,2601.1,5640.4,5640.4,5640.5,2324.8,2324.6,2325.1,3474.7,3474.6,3473.8,4371.0,4370.8,4371.2,6079.6,6078.5,6080.1,8567.7,8567.0,8567.1,5178.3,5178.7,5179.2,7381.8,7380.2,7379.7,6076.0,6076.5,6078.1,1847.3,1846.1,1846.0,3655.0,3655.8,3657.0,2537.9,2537.2,2537.4,2880.1,2880.5,2881.1,27.250000,26.709999,going to home base
2024-04-13T02:13:29Z,2361.8,2361.1,2361.4,2599.9,2599.5,2600.2,5640.9,5640.5,5640.5,2324.5,2324.9,2324.9,3473.7,3473.6,3473.8,4371.2,4371.2,4371.1,6079.6,6079.7,6079.3,8565.9,8565.0,8565.1,5179.6,5178.5,5178.8,7383.3,7380.4,7379.4,6077.1,6077.8,6077.4,1848.0,1846.5,1846.3,3654.5,3654.8,3655.7,2537.6,2537.1,2537.2,2882.7,2881.2,2881.9,27.270000,26.709999,going to home base
2024-04-13T02:13:34Z,2361.3,2360.9,2360.9,2600.1,2599.6,2600.6,5640.3,5640.0,5639.7,2324.6,2324.4,2325.1,3475.7,3474.6,3475.1,4371.2,4371.2,4371.3,6078.8,6078.4,6079.3,8566.2,8565.9,8566.1,5179.6,5179.5,5179.6,7378.9,7379.2,7379.4,6076.5,6076.1,6076.7,1847.7,1846.5,1846.6,3655.0,3655.2,3656.4,2537.8,2537.0,2536.9,2880.2,2880.0,2880.4,27.280001,26.709999,going to home base
2024-04-13T02:13:39Z,2362.1,2361.3,2361.6,2599.9,2599.8,2600.1,5640.7,5640.4,5640.8,2324.5,2324.9,2324.7,3475.2,3475.3,3474.3,4371.9,4371.4,4371.4,6079.2,6078.5,6078.5,8565.6,8564.9,8567.7,5178.7,5177.7,5179.2,7382.2,7380.1,7380.4,6079.7,6079.1,6079.3,1848.0,1846.5,1846.6,3655.4,3655.5,3656.0,2537.3,2536.9,2536.8,2882.5,2881.9,2882.5,27.270000,26.690001,going to home base
2024-04-13T02:13:44Z,2361.6,2361.1,2361.1,2600.0,2599.7,2600.4,5640.3,5640.3,5640.6,2325.3,2325.1,2325.3,3475.6,3475.3,3474.4,4371.2,4371.4,4371.2,6078.6,6079.4,6080.6,8567.2,8566.9,8567.5,5180.1,5180.2,5180.3,7380.7,7378.3,7378.7,6077.7,6078.3,6076.9,1848.2,1846.4,1846.0,3655.7,3655.4,3656.4,2537.9,2537.4,2537.0,2883.4,2881.7,2883.5,27.240000,26.709999,going to home base
2024-04-13T02:13:49Z,2361.4,2360.7,2361.1,2600.1,2599.5,2600.1,5641.0,5641.1,5640.8,2325.7,2325.3,2325.9,3475.3,3474.7,3474.4,4371.4,4371.8,4371.6,6078.1,6077.8,6078.8,8567.5,8565.8,8568.9,5179.5,5179.2,5179.3,7381.1,7379.7,7380.9,6077.6,6076.3,6076.6,1847.7,1846.0,1846.2,3655.5,3655.2,3656.3,2537.6,2537.7,2537.6,2882.9,2881.9,2881.8,27.250000,26.650000,going to home base
2024-04-13T02:13:54Z,2361.6,2360.9,2361.0,2600.0,2600.0,2599.9,5641.2,5640.8,5641.3,2325.0,2324.8,2325.2,3475.9,3475.3,3475.1,4371.3,4371.4,4371.4,6077.3,6079.3,6077.1,8565.9,8564.8,8566.9,5177.4,5178.0,5178.9,7382.2,7380.9,7382.0,6077.6,6075.6,6076.5,1847.1,1845.3,1845.3,3655.1,3655.6,3656.3,2537.3,2536.9,2536.8,2880.7,2880.3,2880.7,27.240000,26.709999,going to home base
2024-04-13T02:13:59Z,2361.5,2361.1,2361.0,2600.2,2599.6,2600.3,5641.6,5641.1,5641.1,2325.1,2325.1,2325.3,3475.4,3475.0,3474.6,4371.9,4371.4,4371.8,6078.4,6077.5,6077.7,8564.8,8563.6,8563.9,5178.2,5178.9,5180.3,7381.8,7380.2,7380.5,6080.6,6079.0,6079.9,1847.4,1846.1,1845.9,3656.1,3655.9,3657.5,2538.0,2537.3,2537.1,2881.7,2880.5,2881.1,27.250000,26.730000,going to home base
2024-04-13T02:14:04Z,2361.4,2360.7,2361.4,2600.3,2600.0,2600.5,5641.5,5640.9,5640.5,2325.1,2325.1,2325.5,3475.0,3474.6,3474.5,4371.7,4371.5,4371.5,6080.7,6081.9,6080.6,8565.3,8566.4,8566.6,5180.9,5180.5,5181.4,7381.3,7381.7,7379.9,6080.1,6077.5,6078.1,1847.6,1846.3,1846.2,3655.5,3656.3,3657.0,2537.5,2536.2,2536.8,2881.7,2882.5,2881.3,27.270000,26.680000,going to home base
2024-04-13T02:14:09Z,2361.7,2360.9,2360.9,2600.1,2599.6,2600.1,5641.2,5640.7,5640.7,2325.0,2324.7,2324.9,3475.3,3474.6,3475.1,4370.9,4371.3,4371.3,6079.4,6077.0,6077.2,8564.4,8564.4,8564.7,5179.2,5179.3,5180.2,7381.3,7381.0,7381.3,6078.7,6077.6,6077.8,1848.1,1846.5,1846.5,3655.9,3655.9,3656.2,2537.9,2537.2,2537.2,2881.5,2881.6,2881.5,27.270000,26.719999,going to home base
2024-04-13T02:14:14Z,2361.2,2360.9,2360.9,2600.3,2600.1,2600.4,5641.4,5640.3,5640.4,2324.6,2324.8,2325.1,3474.6,3473.8,3474.1,4371.4,4371.3,4371.3,6080.3,6079.5,6079.7,8567.1,8568.0,8566.9,5179.3,5179.5,5179.5,7382.0,7379.6,7380.8,6078.2,6078.1,6078.2,1848.4,1847.0,1846.7,3655.7,3655.6,3656.6,2538.3,2536.8,2537.1,2882.8,2882.2,2882.5,27.240000,26.680000,going to home base
2024-04-13T02:14:19Z,2361.6,2360.6,2360.9,2599.2,2599.6,2600.1,5642.0,5641.0,5641.5,2324.6,2324.6,2325.1,3474.4,3474.6,3474.4,4372.1,4371.8,4371.7,6081.0,6079.5,6078.3,8564.3,8564.8,8565.0,5178.2,5178.7,5179.2,7380.7,7379.3,7377.8,6081.8,6081.3,6080.8,1848.6,1846.9,1846.6,3655.7,3655.5,3656.6,2538.8,2537.4,2537.3,2881.9,2881.9,2881.6,27.240000,26.709999,going to home base
2024-04-13T02:14:24Z,2361.5,2360.7,2360.7,2600.3,2600.5,2600.9,5641.5,5641.1,5641.4,2325.0,2324.9,2325.4,3475.8,3475.5,3475.6,4372.0,4371.8,4371.9,6077.8,6078.7,6080.5,8567.4,8567.2,8566.0,5179.4,5179.0,5180.5,7381.7,7381.0,7381.4,6078.8,6078.0,6079.4,1848.6,1847.0,1846.8,3656.0,3656.8,3657.1,2538.4,2537.6,2537.7,2881.0,2881.2,2881.8,27.240000,26.670000,going to home base
2024-04-13T02:14:29Z,2361.5,2360.7,2361.0,2600.1,2600.3,2600.5,5641.4,5640.6,5641.1,2324.6,2324.5,2325.1,3475.8,3475.5,3475.8,4371.5,4371.1,4371.1,6078.4,6077.7,6080.6,8568.8,8567.8,8567.6,5179.4,5178.0,5179.9,7382.6,7382.9,7383.0,6077.1,6077.2,6078.6,1848.1,1846.8,1846.4,3656.3,3656.2,3657.1,2537.4,2536.9,2536.9,2880.5,2879.6,2879.7,27.240000,26.709999,going to home base
2024-04-13T02:14:34Z,2361.3,2360.9,2361.3,2600.5,2600.5,2600.7,5641.5,5641.9,5641.4,2325.3,2325.1,2325.8,3476.2,3475.9,3476.2,4371.7,4371.9,4371.9,6079.2,6079.4,6081.2,8569.1,8569.1,8568.8,5180.2,5179.5,5180.2,7383.2,7380.8,7380.8,6076.4,6077.4,6078.1,1847.6,1846.6,1846.2,3656.5,3656.4,3657.3,2538.0,2537.5,2537.3,2880.7,2879.4,2879.9,27.240000,26.680000,going to home base
2024-04-13T02:14:39Z,2361.4,2360.6,2361.2,2600.2,2600.2,2600.6,5641.8,5641.2,5641.5,2325.4,2325.1,2325.5,3476.1,3475.7,3475.5,4371.9,4371.3,4371.7,6080.1,6078.2,6079.0,8567.7,8569.1,8568.8,5179.9,5179.6,5180.1,7381.2,7380.1,7381.0,6075.6,6076.2,6076.4,1848.2,1846.7,1845.9,3655.9,3656.2,3656.8,2537.7,2536.7,2536.6,2880.6,2879.9,2879.7,27.250000,26.610001,going to home base
2024-04-13T02:14:44Z,2361.6,2361.2,2361.7,2600.1,2600.3,2600.9,5642.2,5641.6,5641.8,2324.9,2325.0,2325.1,3475.6,3474.9,3474.6,4372.1,4372.2,4371.6,6078.0,6077.2,6077.3,8567.3,8569.5,8569.2,5180.0,5180.1,5180.4,7381.8,7381.0,7383.1,6076.3,6078.2,6078.6,1847.9,1846.8,1846.8,3656.3,3656.4,3657.3,2537.3,2536.5,2536.9,2881.7,2881.5,2880.8,27.250000,26.670000,going to home base
2024-04-13T02:14:49Z,2361.3,2361.1,2361.0,2600.7,2600.4,2601.3,5642.2,5641.3,5641.5,2324.6,2324.8,2325.4,3474.8,3474.6,3474.5,4371.8,4371.9,4372.1,6079.2,6078.1,6080.7,8566.1,8567.3,8565.8,5181.0,5180.7,5182.4,7381.8,7382.7,7381.8,6079.8,6078.9,6079.3,1847.8,1846.9,1846.2,3656.2,3656.4,3656.9,2536.9,2536.3,2536.6,2883.0,2882.8,2883.1,27.270000,26.680000,going to home base
2024-04-13T02:14:54Z,2362.3,2361.4,2361.0,2600.5,2600.8,2601.0,5642.2,5641.3,5641.8,2325.0,2325.2,2325.5,3474.8,3474.3,3474.0,4371.5,4371.4,4372.0,6081.6,6080.0,6079.6,8571.4,8569.3,8570.3,5180.4,5180.5,5181.1,7382.3,7380.7,7382.0,6076.4,6077.7,6077.3,1848.1,1846.6,1846.5,3656.2,3656.4,3657.2,2537.1,2536.5,2536.6,2881.7,2881.4,2882.5,27.240000,26.730000,going to home base
2024-04-13T02:14:59Z,2361.9,2361.2,2361.3,2600.8,2600.8,2601.1,5641.9,5641.5,5641.9,2324.8,2325.2,2325.5,3475.3,3475.2,3475.1,4372.2,4371.9,4371.9,6080.1,6080.2,6081.1,8569.0,8568.9,8568.1,5179.9,5180.4,5180.8,7381.3,7380.9,7381.0,6079.0,6078.5,6077.4,1847.7,1846.2,1846.6,3656.3,3656.7,3657.3,2538.1,2537.0,2537.0,2882.4,2882.0,2881.6,27.240000,26.660000,going to home base
2024-04-13T02:15:04Z,2361.6,2361.3,2361.4,2600.2,2599.9,2600.2,5641.9,5641.5,5641.4,2324.6,2324.2,2324.9,3474.6,3474.7,3474.4,4371.6,4371.1,4371.9,6080.7,6079.9,6079.9,8569.5,8570.7,8570.0,5181.9,5181.5,5180.8,7380.7,7381.1,7381.5,6078.3,6078.0,6079.4,1847.8,1846.6,1846.2,3656.6,3656.6,3658.0,2537.9,2537.5,2537.3,2882.4,2881.7,2882.0,27.250000,26.690001,going to home base
2024-04-13T02:15:09Z,2361.5,2360.9,2360.9,2600.7,2600.8,2600.8,5642.1,5642.0,5641.8,2324.4,2324.4,2325.1,3474.2,3474.0,3474.3,4372.0,4371.8,4371.9,6078.4,6078.1,6079.2,8571.0,8571.3,8569.9,5180.4,5179.5,5180.3,7382.5,7381.5,7381.8,6077.8,6078.5,6080.4,1848.1,1846.4,1846.6,3656.9,3656.5,3657.2,2538.1,2537.7,2537.6,2881.6,2881.0,2881.8,27.240000,26.629999,going to home base
2024-04-13T02:15:14Z,2361.7,2361.0,2361.3,2600.3,2600.2,2600.6,5642.4,5641.9,5642.1,2325.3,2325.2,2325.6,3474.8,3474.8,3475.0,4372.1,4372.0,4372.2,6074.9,6074.3,6075.2,8570.5,8568.8,8570.7,5180.4,5179.7,5181.1,7384.4,7383.3,7384.3,6080.2,6079.0,6079.2,1847.8,1846.0,1846.5,3656.2,3656.1,3657.2,2537.4,2536.8,2537.0,2882.1,2881.1,2881.7,27.270000,26.680000,going to home base
2024-04-13T02:15:19Z,2361.7,2361.0,2361.1,2600.2,2599.8,2600.1,5641.7,5641.6,5641.8,2325.5,2325.4,2325.8,3475.4,3474.4,3475.1,4372.2,4372.3,4372.1,6077.0,6076.2,6076.9,8570.6,8569.7,8569.1,5180.0,5179.8,5181.0,7385.0,7382.9,7383.4,6079.1,6078.2,6079.2,1848.0,1846.7,1846.7,3656.2,3656.1,3656.9,2538.4,2537.1,2537.5,2881.8,2881.4,2881.9,27.240000,26.639999,going to home base
2024-04-13T02:15:24Z,2361.4,2360.7,2360.9,2599.9,2600.6,2600.7,5641.9,5641.6,5642.1,2325.0,2325.1,2325.4,3474.9,3475.0,3475.2,4372.5,4372.2,4372.1,6077.8,6078.5,6079.7,8568.6,8568.5,8568.6,5179.4,5178.0,5179.1,7384.1,7382.1,7384.0,6079.2,6079.8,6079.9,1848.3,1846.8,1846.4,3655.8,3656.3,3656.9,2537.8,2537.1,2537.4,2881.5,2880.5,2881.8,27.270000,26.680000,going to home base
2024-04-13T02:15:29Z,2361.7,2360.8,2361.0,2600.2,2600.4,2600.5,5642.2,5641.7,5642.1,2325.2,2324.9,2325.6,3475.2,3474.7,3474.8,4372.0,4371.9,4371.9,6080.3,6080.9,6081.3,8569.5,8568.1,8569.1,5179.5,5180.2,5179.7,7384.6,7384.8,7383.9,6079.6,6079.2,6080.5,1848.5,1847.1,1846.9,3656.3,3657.0,3657.6,2538.7,2537.7,2537.8,2881.8,2881.1,2882.3,27.250000,26.639999,going to home base
2024-04-13T02:15:34Z,2361.1,2360.6,2360.7,2599.9,2600.0,2600.6,5642.2,5641.9,5642.2,2325.4,2325.5,2326.1,3475.3,3474.0,3474.1,4372.8,4372.7,4372.8,6078.3,6077.3,6075.8,8569.4,8567.3,8568.7,5180.8,5180.5,5182.6,7382.7,7381.1,7381.3,6080.7,6081.0,6079.5,1848.3,1846.8,1846.8,3656.4,3656.5,3657.5,2538.3,2537.5,2538.1,2882.1,2881.5,2881.5,27.240000,26.639999,going to home base
2024-04-13T02:15:39Z,2361.2,2360.8,2360.9,2599.2,2599.1,2599.3,5642.0,5641.3,5641.9,2324.9,2325.1,2325.3,3474.9,3473.8,3474.0,4372.5,4372.4,4372.3,6079.4,6080.2,6077.9,8568.4,8567.4,8568.2,5179.5,5179.3,5180.8,7382.3,7381.8,7380.3,6082.4,6081.6,6082.7,1848.2,1846.6,1846.4,3655.8,3656.0,3657.0,2538.1,2537.4,2537.1,2882.3,2881.9,2882.1,27.230000,26.639999,going to home base
2024-04-13T02:15:44Z,2361.7,2361.2,2361.3,2600.4,2599.6,2600.3,5642.5,5641.7,5641.7,2325.9,2325.3,2325.8,3474.6,3474.5,3474.6,4372.1,4371.7,4372.0,6077.0,6077.0,6079.4,8569.0,8567.2,8568.2,5179.5,5180.0,5180.3,7382.1,7381.5,7380.2,6079.1,6079.1,6079.8,1848.0,1846.6,1846.9,3656.3,3656.3,3657.3,2537.9,2537.3,2537.3,2881.6,2881.6,2882.2,27.230000,26.650000,going to home base
2024-04-13T02:15:49Z,2361.4,2360.6,2360.9,2600.6,2600.2,2600.6,5642.4,5641.8,5641.7,2325.4,2325.5,2326.0,3475.5,3474.7,3474.7,4372.3,4372.3,4371.9,6079.2,6079.6,6078.9,8567.7,8567.8,8568.3,5180.3,5180.3,5181.2,7382.2,7380.0,7379.6,6082.6,6080.6,6081.4,1848.5,1847.2,1847.0,3656.2,3656.6,3657.6,2537.4,2535.9,2536.7,2882.1,2881.9,2881.6,27.250000,26.610001,going to home base
2024-04-13T02:15:54Z,2361.7,2360.6,2361.2,2600.3,2600.7,2600.8,5642.8,5641.9,5641.8,2325.7,2325.4,2325.5,3474.8,3474.4,3473.7,4372.6,4371.9,4372.5,6077.7,6077.1,6078.7,8570.8,8568.6,8568.4,5179.8,5179.1,5179.6,7381.8,7382.6,7382.0,6080.9,6080.8,6081.6,1848.5,1847.0,1846.6,3656.3,3656.1,3657.1,2537.3,2536.8,2536.8,2882.1,2881.9,2882.1,27.240000,26.670000,going to home base
2024-04-13T02:15:59Z,2361.2,2360.2,2360.4,2599.7,2599.8,2600.1,5642.0,5641.3,5641.4,2325.7,2325.8,2326.0,3474.6,3474.6,3474.2,4372.6,4372.9,4372.5,6080.1,6080.4,6079.5,8568.0,8565.0,8566.7,5179.6,5179.4,5179.3,7383.1,7381.3,7383.5,6078.9,6078.8,6079.8,1848.3,1846.8,1846.6,3655.6,3656.1,3657.2,2538.2,2537.0,2536.9,2881.3,2881.1,2880.5,27.250000,26.620001,going to home base
2024-04-13T02:16:04Z,2361.1,2360.3,2360.7,2599.9,2600.1,2600.0,5642.0,5641.8,5641.9,2325.8,2325.5,2326.2,3474.9,3474.7,3474.8,4372.4,4372.3,4372.0,6080.6,6080.9,6080.7,8569.7,8568.2,8568.9,5181.0,5181.5,5182.9,7382.6,7380.3,7382.1,6079.7,6078.5,6081.7,1848.3,1846.8,1846.5,3656.2,3656.1,3657.2,2537.8,2537.6,2537.4,2882.2,2882.4,2882.8,27.250000,26.639999,going to home base
2024-04-13T02:16:09Z,2361.9,2361.0,2361.1,2600.3,2599.9,2600.0,5641.8,5641.6,5641.8,2326.1,2326.0,2326.2,3475.0,3475.0,3474.8,4372.8,4372.2,4372.2,6079.7,6078.8,6079.2,8570.5,8570.5,8571.6,5179.7,5181.4,5182.4,7381.1,7380.5,7380.9,6079.8,6080.6,6081.9,1848.5,1847.2,1847.1,3656.1,3655.9,3656.8,2539.8,2538.7,2538.9,2882.1,2881.8,2881.8,27.230000,26.690001,going to home base
2024-04-13T02:16:14Z,2361.6,2360.9,2361.0,2599.6,2599.8,2600.5,5642.6,5642.2,5642.4,2324.5,2325.0,2325.6,3474.8,3474.7,3474.4,4372.8,4372.5,4372.3,6078.6,6077.7,6079.8,8571.5,8570.4,8571.5,5179.7,5180.7,5182.2,7382.7,7381.8,7381.4,6079.7,6079.0,6080.6,1847.7,1845.9,1845.8,3656.2,3656.2,3657.3,2537.9,2537.4,2537.4,2881.9,2881.8,2881.6,27.250000,26.600000,going to home base
2024-04-13T02:16:24Z,2361.0,2360.6,2360.7,2600.0,2599.1,2600.0,5643.0,5642.2,5642.6,2325.1,2325.3,2325.5,2360.2,2360.6,2600.1,2600.6,2600.7,5642.5,5641.8,5641.8,2325.6,87839.3,87847.0,14122.4,14122.0,14122.8,3475.5,3474.3,3474.9,4372.9,4371.9,4371.8,6078.8,33880.1,33887.0,8569.7,8570.6,8569.8,5179.6,5179.2,5180.1,7382.3,7381.6,7382.2,6079.3,43588.0,43579.9,going to home base
2024-04-13T02:16:34Z,2360.9,2360.2,2360.5,2600.6,2600.2,2600.5,5642.1,5641.3,5641.3,2325.6,2325.5,2325.9,3475.4,3474.4,3474.8,4372.9,4372.9,4372.9,6079.5,6080.0,6078.6,8569.8,8569.8,8572.2,5179.7,5179.0,5181.1,7383.0,7381.5,7381.7,6079.8,6080.3,6080.1,1848.5,1846.8,1847.2,3655.7,3655.9,3656.7,2538.9,2537.9,2537.9,2883.6,2882.8,2882.7,27.230000,26.650000,going to home base
2024-04-13T02:16:39Z,2361.0,2360.0,2360.6,2600.4,2599.5,2600.4,5642.3,5642.1,5642.2,2325.3,2325.5,2326.4,3474.4,3473.8,3474.5,4372.0,4372.7,4372.4,6077.4,6079.1,6079.1,8568.7,8568.2,8568.8,5181.8,5181.1,5183.0,7383.3,7381.3,7381.7,6083.0,6081.1,6081.9,1848.6,1847.5,1847.3,3655.5,3655.9,3656.9,2538.2,2537.4,2537.3,2882.4,2881.6,2881.3,27.270000,26.660000,going to home base
2024-04-13T02:16:44Z,2361.2,2360.8,2361.0,2600.3,2600.5,2600.8,5642.9,5642.4,5642.4,2325.0,2325.2,2326.0,3474.9,3475.0,3474.8,4372.3,4372.4,4372.6,6081.4,6079.8,6081.0,8568.6,8569.4,8568.4,5181.6,5180.5,5181.0,7384.7,7383.6,7382.4,6082.3,6081.6,6080.6,1849.3,1847.7,1847.6,3656.1,3656.0,3656.9,2538.3,2537.7,2537.4,2882.3,2882.1,2882.3,27.240000,26.639999,going to home base
2024-04-13T02:16:49Z,2361.1,2360.5,2361.0,2601.1,2600.9,2601.4,5642.9,5642.2,5642.3,2325.5,2325.4,2326.0,3475.0,3474.4,3473.8,4371.6,4371.8,4372.0,6079.1,6078.9,6079.4,8567.0,8567.6,8568.0,5181.0,5181.0,5181.9,7384.3,7383.2,7384.0,6083.9,6083.3,6083.3,1848.8,1847.2,1846.8,3656.5,3656.7,3657.5,2537.2,2536.8,2536.8,2882.2,2881.7,2881.8,27.250000,26.610001,going to home base
2024-04-13T02:16:54Z,2360.8,2360.1,2360.2,2600.6,2600.3,2600.8,5642.3,5642.1,5642.0,2325.8,2325.7,2326.3,3475.5,3475.2,3475.0,4372.1,4372.1,4372.0,6080.2,6081.3,6080.5,8572.4,8572.3,8572.0,5181.0,5180.5,5181.2,7384.4,7385.3,7384.1,6082.0,6081.7,6081.6,1848.5,1847.1,1846.9,3656.6,3656.5,3657.4,2537.8,2537.1,2536.4,2882.0,2881.5,2882.3,27.240000,26.670000,going to home base
2024-04-13T02:16:59Z,2361.3,2360.9,2360.8,2599.8,2600.1,2600.6,5642.3,5642.0,5641.9,2325.5,2325.1,2325.5,3474.3,3474.3,3474.2,4372.6,4372.7,4372.9,6079.9,6079.5,6080.8,8569.4,8568.9,8569.7,5183.3,5183.7,5184.8,7386.1,7385.0,7384.5,6082.4,6081.9,6082.6,1848.4,1847.1,1847.1,3656.4,3656.3,3657.4,2538.1,2537.2,2537.2,2882.5,2881.8,2881.4,27.250000,26.650000,going to home base
2024-04-13T02:17:04Z,2361.0,2360.2,2360.4,2600.9,2600.7,2601.1,5642.9,5642.8,5642.8,2326.1,2325.7,2326.4,3474.2,3473.8,3473.5,4372.4,4372.6,4373.1,6081.0,6079.4,6080.0,8572.3,8572.2,8571.9,5182.1,5181.6,5181.0,7385.1,7384.2,7385.3,6082.8,6081.6,6081.9,1849.1,1847.4,1847.4,3656.4,3656.5,3657.3,2537.8,2536.9,2537.1,2882.1,2881.7,2882.6,27.240000,26.600000,going to home base
2024-04-13T02:17:09Z,2360.9,2360.8,2360.4,2600.6,2600.4,2600.5,5642.4,5642.2,5642.4,2325.6,2326.0,2325.6,3474.9,3475.1,3474.5,4372.6,4372.4,4372.5,6081.6,6080.0,6081.3,8569.3,8569.2,8569.4,5181.6,5181.2,5180.9,7385.2,7383.3,7384.7,6079.5,6080.7,6081.1,1848.9,1847.3,1847.2,3656.5,3656.7,3656.9,2538.6,2537.6,2537.9,2881.7,2881.9,2882.0,27.250000,26.670000,going to home base
2024-04-13T02:17:14Z,2360.8,2360.2,2360.4,2599.8,2599.8,2600.5,5642.4,5642.2,5642.5,2325.1,2325.1,2325.9,3474.6,3474.3,3474.7,4373.0,4372.9,4373.2,6081.4,6080.7,6081.2,8569.3,8570.3,8569.5,5181.2,5181.7,5181.8,7386.8,7386.1,7385.6,6082.9,6083.1,6082.4,1848.9,1847.6,1847.3,3657.1,3656.7,3657.9,2538.4,2537.8,2537.8,2880.9,2880.3,2880.3,27.230000,26.620001,going to home base
2024-04-13T02:17:19Z,2361.4,2360.6,2360.7,2599.7,2599.7,2599.8,5642.6,5641.8,5641.9,2325.9,2325.5,2326.3,3473.8,3473.6,3473.5,4373.2,4372.7,4372.7,6077.3,6078.4,6078.1,8568.9,8568.6,8568.2,5181.4,5180.4,5182.0,7387.0,7386.7,7386.8,6079.7,6081.0,6080.6,1848.4,1847.1,1847.0,3656.5,3656.8,3657.3,2538.1,2537.4,2537.4,2882.5,2881.3,2881.8,27.270000,26.639999,going to home base
2024-04-13T02:17:24Z,2361.2,2360.3,2360.5,2600.0,2600.5,2600.6,5643.0,5642.5,5642.9,2325.9,2325.6,2325.6,3474.5,3474.0,3474.5,4373.1,4372.9,4373.1,6078.5,6078.7,6078.5,8571.4,8568.9,8570.2,5182.2,5180.7,5182.4,7386.9,7386.8,7386.9,6081.5,6082.3,6080.6,1848.4,1847.2,1846.9,3657.2,3657.0,3657.7,2538.4,2537.5,2537.6,2881.5,2880.9,2881.3,27.240000,26.650000,going to home base
2024-04-13T02:17:29Z,2361.4,2360.5,2360.6,2600.0,2600.0,2600.5,5642.2,5641.9,5642.0,2325.0,2325.3,2325.8,3474.1,3473.7,3473.5,4373.0,4372.7,4373.0,6079.8,6080.6,6079.7,8570.6,8571.1,8570.0,5181.4,5180.3,5181.0,7384.0,7385.2,7384.4,6081.2,6078.6,6081.0,1849.3,1847.7,1847.4,3656.8,3657.0,3658.1,2538.0,2537.0,2537.5,2881.8,2880.7,2881.1,27.240000,26.639999,going to home base
2024-04-13T02:17:34Z,2361.4,2360.3,2360.8,2600.7,2600.7,2600.5,5643.0,5642.8,5643.0,2325.5,2325.6,2326.1,3474.9,3474.3,3474.5,4372.7,4372.9,4372.9,6075.6,6076.4,6077.0,8569.7,8568.4,8569.4,5181.3,5181.0,5182.2,7385.1,7385.9,7384.5,6080.8,6079.6,6080.8,1848.6,1847.1,1847.2,3657.1,3658.0,3657.8,2538.2,2537.3,2537.6,2881.8,2880.6,2880.8,27.240000,26.610001,going to home base
2024-04-13T02:17:39Z,2361.0,2360.5,2360.8,2600.1,2600.2,2600.4,5643.1,5642.2,5642.3,2325.3,2325.8,2326.0,3475.1,3474.6,3474.7,4373.1,4373.1,4373.4,6080.2,6079.7,6080.7,8568.4,8568.5,8569.7,5179.5,5179.0,5180.9,7387.5,7386.0,7385.8,6080.9,6081.7,6082.7,1849.0,1847.6,1847.5,3658.4,3657.7,3658.1,2537.8,2537.2,2537.3,2881.5,2881.2,2880.7,27.250000,26.610001,going to home base
2024-04-13T02:17:44Z,2361.6,2360.8,2361.4,2599.8,2599.5,2600.0,5642.9,5642.7,5642.4,2326.5,2326.8,2326.9,3475.0,3474.7,3474.3,4373.8,4373.1,4373.2,6079.5,6079.0,6079.0,8568.6,8570.2,8569.0,5179.4,5179.4,5179.3,7386.6,7386.3,7384.6,6079.9,6080.9,6082.2,1849.1,1847.9,1847.6,3657.6,3657.5,3658.4,2537.3,2536.5,2536.9,2882.2,2881.8,2881.4,27.230000,26.650000,going to home base
2024-04-13T02:17:49Z,2361.3,2360.7,2360.9,2600.7,2600.5,2601.2,5643.4,5642.7,5642.3,2326.6,2326.3,2326.7,3474.7,3474.0,3474.5,4373.0,4373.1,4372.8,6080.0,6079.8,6080.2,8569.2,8570.1,8570.5,5179.9,5179.4,5181.3,7386.1,7384.1,7384.8,6082.1,6081.0,6081.0,1848.6,1847.2,1846.9,3657.3,3656.9,3657.9,2537.2,2536.7,2537.2,2882.4,2881.3,2881.2,27.230000,26.610001,going to home base
2024-04-13T02:17:54Z,2360.8,2360.3,2360.9,2601.3,2600.8,2601.0,5643.1,5642.9,5643.1,2325.8,2326.2,2326.5,3474.9,3474.4,3474.3,4372.8,4373.0,4373.4,6082.9,6082.6,6083.9,8567.9,8567.7,8569.3,5180.4,5180.7,5181.6,7385.4,7383.1,7384.2,6081.9,6083.2,6082.3,1849.0,1847.0,1846.7,3657.0,3657.3,3658.2,2539.1,2537.8,2537.5,2880.2,2879.7,2880.4,27.240000,26.600000,going to home base
2024-04-13T02:17:59Z,2361.1,2360.9,2360.9,2600.8,2600.8,2601.5,5643.7,5643.8,5643.0,2326.0,2326.1,2326.7,3474.7,3474.9,3475.1,4372.5,4372.4,4372.7,6079.5,6079.4,6079.3,8570.2,8570.3,8570.1,5183.1,5183.6,5183.8,7384.8,7385.6,7385.4,6081.4,6082.9,6082.7,1849.2,1847.9,1847.3,3657.6,3657.6,3658.2,2539.0,2538.7,2538.5,2882.1,2881.6,2882.7,27.240000,26.629999,going to home base
2024-04-13T02:18:04Z,2361.3,2360.4,2360.7,2601.1,2601.4,2601.8,5642.8,5642.9,5642.7,2326.1,2325.6,2326.5,3475.2,3474.9,3474.6,4372.9,4372.8,4372.9,6080.3,6080.0,6078.7,8569.5,8570.0,8569.8,5181.3,5180.9,5183.6,7386.3,7385.8,7386.2,6082.9,6082.7,6083.1,1849.0,1847.5,1847.5,3657.8,3657.2,3657.9,2539.1,2538.0,2539.0,2883.1,2883.3,2882.6,27.250000,26.620001,going to home base
2024-04-13T02:18:09Z,2361.5,2360.5,2361.0,2600.8,2600.8,2601.2,5643.9,5643.3,5643.3,2325.9,2326.2,2326.7,3474.5,3474.3,3474.4,4372.9,4372.9,4373.3,6076.0,6076.6,6077.4,8569.8,8569.0,8570.0,5182.8,5181.6,5181.3,7384.8,7384.4,7384.2,6081.8,6082.0,6082.2,1848.4,1847.0,1846.7,3657.3,3657.8,3658.6,2539.3,2538.2,2538.0,2882.5,2882.8,2882.6,27.270000,26.620001,going to home base
2024-04-13T02:18:14Z,2361.7,2360.5,2360.7,2600.8,2600.9,2601.3,5643.7,5642.8,5642.4,2326.2,2326.2,2326.6,3474.7,3474.4,3474.0,4373.3,4372.7,4373.2,6080.3,6079.6,6079.4,8569.7,8568.5,8567.9,5180.6,5180.3,5181.3,7384.3,7383.2,7384.3,6083.5,6082.2,6084.9,1848.8,1847.6,1847.5,3657.3,3657.4,3658.5,2538.6,2538.1,2538.4,2882.4,2881.2,2881.4,27.240000,26.600000,going to home base
2024-04-13T02:18:19Z,2360.9,2360.3,2360.2,2600.8,2600.3,2600.7,5643.3,5643.0,5643.3,2326.3,2326.7,2327.0,3474.4,3474.4,3474.5,4373.2,4372.9,4373.3,6075.8,6076.1,6076.6,8570.0,8569.8,8568.7,5180.0,5181.0,5182.8,7385.8,7385.6,7385.3,6082.9,6082.2,6082.7,1848.1,1846.7,1846.9,3657.1,3657.4,3658.4,2538.4,2537.5,2537.9,2883.8,2882.9,2883.2,27.240000,26.620001,going to home base
2024-04-13T02:18:24Z,2360.8,2360.2,2360.5,2600.9,2600.7,2601.0,5643.7,5643.0,5643.2,2326.6,2326.3,2326.6,3475.1,3474.9,3474.6,4373.3,4373.1,4373.1,6077.3,6078.3,6079.3,8570.4,8570.3,8570.7,5181.6,5181.8,5182.6,7385.6,7383.6,7384.5,6081.1,6080.4,6080.9,1848.6,1847.3,1847.2,3657.6,3657.7,3658.4,2537.7,2537.0,2537.0,2883.1,2883.7,2884.1,27.240000,26.610001,going to home base
2024-04-13T02:18:29Z,2361.3,2360.3,2360.8,2600.9,2600.7,2601.3,5643.7,5643.8,5643.3,2326.0,2326.5,2326.6,3475.4,3475.2,3475.0,4373.7,4373.2,4373.3,6078.8,6078.2,6078.0,8567.9,8567.0,8567.1,5180.1,5180.1,5180.2,7386.2,7384.7,7384.5,6081.8,6083.0,6081.5,1848.0,1846.8,1846.9,3657.8,3658.1,3658.1,2538.6,2537.1,2537.0,2881.7,2880.9,2882.1,27.250000,26.610001,going to home base
2024-04-13T02:18:34Z,2361.1,2360.4,2360.9,2600.5,2600.2,2600.3,5644.0,5643.5,5643.3,2325.8,2325.7,2325.9,3474.7,3474.4,3474.6,4374.1,4373.2,4373.0,6077.1,6078.3,6078.5,8569.0,8568.7,8566.6,5182.5,5181.1,5182.2,7385.6,7385.0,7384.3,6081.4,6079.9,6081.1,1847.9,1847.2,1847.2,3658.5,3658.5,3659.3,2538.6,2538.2,2538.5,2880.7,2880.4,2880.7,27.250000,26.610001,going to home base
2024-04-13T02:18:39Z,2361.1,2360.8,2360.9,2600.7,2600.6,2601.1,5643.6,5643.0,5643.7,2326.4,2326.5,2327.0,3475.7,3474.9,3474.5,4373.4,4373.4,4373.3,6076.9,6077.0,6077.5,8568.9,8567.9,8567.7,5180.9,5179.7,5179.8,7385.0,7386.2,7385.1,6082.3,6081.2,6080.6,1848.8,1847.0,1846.9,3658.7,3658.7,3659.7,2539.4,2538.4,2538.5,2882.5,2881.7,2881.8,27.250000,26.580000,going to home base
2024-04-13T02:18:44Z,2361.3,2360.6,2361.0,2601.1,2601.0,2601.1,5643.2,5642.6,5642.9,2326.5,2326.0,2326.7,3474.9,3474.4,3474.3,4372.4,4372.9,4373.3,6074.9,6076.2,6078.1,8568.4,8566.6,8567.3,5180.9,5180.2,5181.7,7388.2,7387.2,7387.0,6081.8,6081.9,6081.7,1848.2,1846.6,1846.8,3657.9,3658.2,3659.4,2539.0,2538.5,2538.0,2880.5,2880.4,2880.6,27.240000,26.600000,going to home base
2024-04-13T02:18:49Z,2361.5,2360.6,2361.0,2601.6,2600.9,2601.1,5643.1,5642.5,5642.7,2326.0,2325.8,2326.4,3475.1,3474.1,3474.8,4373.8,4373.4,4373.1,6080.8,6079.7,6082.1,8568.4,8569.2,8567.9,5179.8,5179.5,5180.6,7389.1,7388.2,7389.4,6082.5,6082.2,6082.7,1848.8,1847.5,1847.4,3657.9,3658.3,3658.5,2538.8,2538.0,2538.0,2882.0,2880.5,2881.4,27.209999,26.600000,going to home base
2024-04-13T02:18:54Z,2361.1,2360.5,2360.6,2600.8,2600.9,2600.8,5643.4,5643.1,5643.1,2325.6,2325.5,2326.0,3475.8,3475.3,3475.0,4373.1,4373.1,4373.2,6079.7,6079.7,6080.7,8566.8,8567.7,8568.2,5180.6,5180.6,5180.7,7390.4,7389.4,7390.3,6082.2,6081.7,6081.8,1848.7,1847.2,1847.5,3657.5,3658.2,3658.9,2538.7,2537.7,2538.0,2880.7,2880.3,2881.5,27.230000,26.600000,going to home base
2024-04-13T02:18:59Z,2361.5,2361.0,2361.0,2600.3,2600.5,2600.8,5643.0,5642.7,5643.0,2326.0,2325.9,2326.2,3475.2,3475.1,3475.0,4373.5,4372.9,4373.2,6079.0,6079.2,6080.8,8567.5,8567.0,8567.8,5183.1,5182.5,5183.3,7388.9,7387.2,7387.2,6080.8,6080.4,6081.3,1848.7,1847.2,1847.0,3657.7,3657.7,3658.0,2539.1,2538.8,2538.6,2881.8,2882.1,2882.5,27.250000,26.580000,going to home base
2024-04-13T02:19:04Z,2361.5,2360.7,2361.3,2600.7,2600.6,2600.5,5642.4,5643.0,5643.4,2325.5,2325.7,2326.4,3474.7,3474.8,3474.7,4373.9,4373.5,4373.7,6080.5,6079.3,6079.1,8569.9,8569.0,8567.7,5180.5,5180.5,5180.7,7385.8,7387.0,7386.6,6083.8,6082.7,6084.3,1848.9,1847.4,1847.4,3657.7,3657.6,3658.7,2538.8,2537.8,2538.2,2881.6,2881.1,2881.7,27.230000,26.570000,going to home base
2024-04-13T02:19:09Z,2360.9,2360.8,2361.2,2600.4,2600.6,2601.3,5642.8,5642.7,5643.0,2326.5,2326.3,2327.0,3474.7,3474.3,3474.1,4373.9,4373.5,4373.5,6080.8,6080.6,6081.0,8567.3,8568.7,8568.5,5182.2,5183.4,5183.2,7386.5,7387.3,7387.5,6079.6,6081.0,6081.1,1849.3,1847.5,1847.5,3657.2,3657.8,3658.4,2538.7,2538.3,2538.3,2882.3,2882.1,2881.7,27.230000,26.540001,going to home base
2024-04-13T02:19:14Z,2361.4,2361.0,2360.9,2600.2,2599.9,2600.8,5643.2,5642.6,5642.7,2326.1,2326.0,2326.5,3475.1,3474.5,3474.1,4373.4,4373.6,4373.3,6079.1,6078.6,6078.3,8570.8,8569.8,8571.4,5181.9,5181.4,5182.2,7388.9,7388.1,7388.5,6080.6,6081.4,6081.9,1848.8,1847.3,1847.6,3657.1,3657.2,3658.2,2538.0,2538.0,2537.6,2880.2,2879.7,2879.7,27.230000,26.610001,going to home base
2024-04-13T02:19:19Z,2361.1,2360.7,2360.9,2599.9,2600.2,2599.9,5643.2,5642.3,5642.7,2326.4,2326.2,2326.4,3475.2,3474.8,3474.7,4374.0,4374.2,4374.0,6080.2,6080.8,6081.8,8571.7,8571.6,8570.7,5180.5,5179.2,5180.3,7390.3,7390.3,7388.9,6080.9,6082.1,6082.1,1848.8,1846.9,1847.1,3657.9,3657.8,3659.4,2538.8,2538.0,2538.2,2881.1,2880.8,2881.0,27.270000,26.610001,going to home base
2024-04-13T02:19:24Z,2361.0,2360.4,2360.8,2600.2,2599.5,2599.7,5643.1,5643.1,5643.0,2326.6,2326.4,2326.9,3475.2,3474.5,3474.6,4373.6,4373.5,4373.7,6082.8,6082.2,6082.7,8570.6,8570.2,8570.8,5178.3,5178.6,5179.0,7389.8,7389.3,7388.5,6081.0,6079.0,6080.5,1848.6,1847.5,1847.1,3657.9,3658.2,3658.5,2538.2,2537.7,2537.3,2883.0,2881.7,2882.4,27.230000,26.540001,going to home base
2024-04-13T02:19:29Z,2361.4,2360.6,2361.2,2600.4,2600.4,2601.1,5643.0,5643.1,5642.9,2325.7,2325.5,2326.1,3474.7,3474.4,3473.9,4373.2,4373.0,4372.9,6081.3,6081.0,6081.7,8572.0,8572.8,8572.6,5181.2,5181.4,5181.1,7388.3,7387.4,7386.9,6083.4,6081.6,6082.8,1849.2,1847.9,1847.5,3658.9,3658.5,3659.2,2538.5,2538.7,2538.1,2881.0,2880.2,2880.5,27.240000,26.570000,going to home base
2024-04-13T02:19:34Z,2361.2,2360.6,2360.6,2600.5,2600.7,2601.0,5643.3,5642.5,5643.8,2325.6,2325.5,2325.7,3474.9,3474.1,3474.1,4373.8,4373.7,4373.7,6082.8,6081.9,6083.8,8571.5,8570.2,8571.1,5179.5,5180.0,5180.7,7390.1,7388.2,7388.1,6081.5,6081.9,6081.0,1848.8,1847.5,1847.1,3657.5,3657.3,3658.8,2539.2,2538.0,2537.8,2880.9,2880.6,2881.2,27.240000,26.510000,going to home base
2024-04-13T02:19:39Z,2361.2,2360.5,2361.0,2600.2,2600.4,2600.7,5643.9,5643.4,5643.8,2325.7,2325.9,2326.3,3474.4,3473.9,3473.6,4373.4,4372.8,4372.8,6080.8,6080.4,6080.9,8571.0,8570.6,8570.4,5180.8,5180.5,5181.8,7389.4,7389.2,7389.2,6080.3,6079.7,6080.7,1849.0,1847.8,1847.7,3658.4,3658.4,3659.2,2537.2,2537.0,2537.0,2882.0,2882.0,2881.5,27.230000,26.540001,going to home base
2024-04-13T02:19:44Z,2361.6,2360.5,2361.1,2600.3,2600.5,2601.4,5643.9,5643.4,5643.1,2326.5,2326.6,2326.8,3473.9,3472.9,3473.2,4373.6,4373.4,4373.6,6080.4,6079.9,6080.1,8570.5,8569.6,8568.6,5179.9,5179.4,5180.5,7389.2,7388.5,7389.5,6083.1,6082.2,6080.8,1849.0,1847.5,1847.7,3658.0,3658.5,3659.7,2537.6,2536.8,2537.4,2882.1,2881.0,2881.9,27.230000,26.620001,going to home base
2024-04-13T02:19:49Z,2361.3,2360.7,2360.4,2600.6,2600.4,2600.6,5643.0,5642.8,5642.8,2325.7,2325.9,2326.5,3474.5,3474.8,3474.3,4373.5,4373.3,4373.3,6080.1,6079.3,6079.2,8570.7,8569.8,8571.0,5179.3,5181.4,5181.0,7389.6,7389.4,7388.9,6083.4,6083.0,6083.8,1848.8,1847.5,1847.4,3658.5,3658.7,3659.3,2538.3,2537.2,2537.1,2883.0,2882.1,2882.1,27.230000,26.570000,going to home base
2024-04-13T02:19:54Z,2361.5,2360.5,2360.7,2600.2,2600.6,2600.5,5644.4,5643.7,5644.2,2326.0,2326.3,2326.9,3474.8,3473.7,3474.2,4373.8,4373.4,4373.3,6080.5,6079.3,6080.3,8572.8,8571.5,8571.8,5179.9,5178.9,5179.2,7389.8,7390.1,7388.1,6083.3,6083.6,6084.3,1849.1,1847.7,1847.5,3658.7,3658.6,3659.6,2538.2,2537.3,2536.8,2882.6,2882.4,2882.8,27.240000,26.580000,going to home base
2024-04-13T02:19:59Z,2361.5,2360.8,2360.7,2600.6,2600.3,2600.6,5643.5,5643.3,5643.5,2325.5,2325.9,2326.6,3474.4,3474.2,3474.1,4373.2,4372.9,4373.0,6081.8,6081.7,6082.8,8571.6,8569.6,8571.0,5181.5,5181.7,5182.2,7389.4,7387.7,7387.4,6083.9,6082.7,6082.9,1849.0,1847.3,1847.9,3658.4,3658.2,3659.0,2538.7,2537.3,2537.4,2883.6,2882.8,2882.9,27.240000,26.559999,going to home base
2024-04-13T02:20:04Z,2361.9,2360.6,2361.3,2600.0,2600.6,2600.6,5644.1,5643.0,5643.3,2325.6,2325.6,2326.1,3474.0,3473.3,3473.8,4373.7,4373.9,4373.1,6081.3,6081.1,6082.5,8574.7,8574.0,8573.8,5181.8,5181.7,5182.7,7389.3,7388.2,7388.6,6082.0,6081.7,6081.8,1849.0,1847.7,1847.6,3658.8,3658.9,3659.8,2538.0,2537.8,2537.9,2882.3,2881.6,2882.9,27.230000,26.580000,going to home base
2024-04-13T02:20:09Z,2361.7,2361.3,2361.1,2600.7,2600.5,2600.6,5644.0,5643.2,5643.7,2325.7,2325.7,2326.2,3475.1,3474.9,3474.4,4373.0,4373.4,4373.6,6082.4,6081.4,6081.9,8572.1,8573.0,8572.9,5182.8,5182.9,5183.9,7387.9,7388.1,7388.0,6081.7,6082.2,6082.7,1849.3,1847.8,1847.2,3659.2,3659.1,3660.1,2538.2,2537.6,2538.1,2882.7,2883.0,2883.4,27.209999,26.540001,going to home base
2024-04-13T02:20:14Z,2360.9,2360.3,2360.8,2601.3,2601.0,2601.4,5643.6,5643.0,5642.9,2325.9,2326.0,2326.1,3475.2,3475.3,3475.3,4373.6,4373.2,4373.6,6081.7,6082.6,6081.2,8570.4,8569.7,8569.9,5183.3,5182.9,5183.7,7386.6,7386.5,7385.4,6083.2,6082.7,6082.7,1849.1,1847.6,1847.2,3658.6,3658.7,3659.8,2538.2,2536.8,2537.0,2883.4,2882.7,2882.2,27.240000,26.600000,going to home base
2024-04-13T02:20:19Z,2360.8,2360.3,2360.7,2600.3,2600.2,2600.4,5642.9,5642.9,5643.4,2325.6,2326.0,2326.5,3474.6,3474.1,3474.1,4373.7,4373.7,4373.6,6083.1,6084.2,6084.0,8569.5,8569.4,8570.5,5181.4,5180.9,5182.3,7389.7,7387.4,7386.3,6079.2,6080.1,6079.5,1848.6,1847.4,1847.3,3658.3,3658.4,3659.4,2537.9,2536.9,2536.7,2881.9,2880.8,2881.8,27.230000,26.559999,going to home base
2024-04-13T02:20:24Z,2361.0,2360.2,2360.9,2599.9,2599.8,2600.2,5643.4,5642.8,5643.5,2325.6,2325.3,2326.1,3475.7,3475.0,3474.9,4373.4,4373.6,4373.2,6083.5,6082.0,6082.6,8572.1,8568.9,8568.3,5182.8,5183.4,5183.9,7386.9,7385.2,7386.9,6083.5,6083.7,6082.1,1849.3,1847.7,1847.9,3657.8,3657.7,3658.5,2537.8,2537.2,2537.5,2881.6,2882.0,2882.4,27.209999,26.559999,going to home base
2024-04-13T02:20:29Z,2361.1,2360.7,2360.4,2600.3,2600.0,2600.3,5644.6,5643.7,5644.0,2326.2,2326.0,2326.3,3473.7,3474.3,3474.2,4373.9,4373.4,4373.5,6081.6,6083.1,6083.6,8569.0,8568.6,8568.8,5182.6,5181.1,5182.9,7388.1,7387.1,7386.7,6083.1,6082.3,6082.4,1849.1,1847.8,1847.5,3658.2,3658.0,3659.3,2537.3,2536.6,2536.5,2882.6,2882.1,2882.4,27.250000,26.549999,going to home base
2024-04-13T02:20:34Z,2361.1,2360.5,2360.7,2600.1,2600.2,2600.6,5644.0,5643.7,5643.7,2326.0,2326.3,2326.8,3473.8,3474.0,3474.1,4373.9,4373.6,4373.4,6082.5,6082.3,6082.1,8569.6,8569.8,8570.3,5179.1,5179.7,5182.0,7387.3,7386.4,7386.8,6083.4,6080.5,6081.1,1848.7,1847.7,1847.3,3658.1,3657.7,3659.1,2538.5,2537.7,2537.5,2880.8,2880.2,2880.4,27.240000,26.610001,going to home base
2024-04-13T02:20:39Z,2361.3,2360.9,2360.8,2600.6,2600.0,2600.9,5644.5,5643.9,5643.7,2326.0,2325.7,2326.4,3475.2,3474.8,3474.4,4373.7,4373.6,4373.4,6081.7,6081.3,6081.4,8569.6,8568.4,8569.5,5181.8,5179.9,5182.7,7385.6,7384.5,7384.9,6082.3,6081.0,6081.2,1848.9,1847.3,1847.3,3658.1,3659.0,3659.3,2538.7,2537.7,2537.7,2881.1,2880.9,2881.7,27.209999,26.580000,going to home base
2024-04-13T02:20:44Z,2361.5,2360.5,2360.9,2600.4,2600.3,2601.2,5644.7,5644.4,5644.2,2325.5,2325.7,2326.4,3474.8,3474.8,3474.4,4373.8,4373.9,4374.1,6081.6,6082.1,6081.3,8568.7,8568.6,8570.4,5182.6,5181.6,5182.4,7387.2,7384.9,7384.5,6081.9,6083.3,6082.4,1848.6,1847.2,1847.0,3658.2,3658.7,3659.2,2537.5,2537.6,2537.6,2881.6,2880.6,2881.3,27.209999,26.580000,going to home base
2024-04-13T02:20:49Z,2361.1,2360.4,2361.1,2600.1,2600.0,2600.6,5644.4,5644.6,5644.5,2326.1,2326.4,2327.1,3475.1,3474.2,3474.6,4374.4,4373.8,4373.4,6081.5,6082.7,6082.3,8573.5,8571.4,8571.9,5183.8,5182.5,5183.4,7388.3,7386.4,7387.4,6083.5,6083.4,6085.8,1849.0,1847.2,1847.6,3658.5,3658.6,3658.9,2537.8,2537.1,2537.0,2882.4,2882.3,2881.9,27.230000,26.549999,going to home base
2024-04-13T02:20:54Z,2361.2,2360.6,2361.0,2600.2,2600.1,2599.8,5644.8,5644.2,5644.6,2326.2,2326.0,2325.9,3474.4,3473.9,3474.8,4373.8,4373.7,4373.0,6083.2,6082.6,6081.4,8571.1,8571.5,8571.6,5181.8,5182.5,5182.7,7387.0,7386.3,7387.0,6080.6,6079.7,6081.2,1849.6,1847.7,1847.4,3658.4,3658.3,3659.9,2538.0,2537.4,2537.1,2883.6,2882.7,2882.7,27.230000,26.570000,going to home base
2024-04-13T02:20:59Z,2361.4,2360.9,2361.2,2600.5,2600.3,2600.0,5645.0,5644.0,5644.1,2325.6,2325.6,2325.9,3474.8,3474.1,3474.8,4374.1,4373.8,4373.9,6080.3,6081.2,6081.8,8570.6,8570.3,8572.4,5181.4,5180.4,5181.7,7388.8,7388.7,7388.5,6082.7,6082.5,6083.3,1849.0,1847.7,1847.6,3659.3,3659.0,3660.3,2538.0,2537.2,2536.9,2881.0,2880.9,2881.4,27.230000,26.559999,going to home base
2024-04-13T02:21:04Z,2361.2,2360.7,2360.6,2600.6,2600.6,2600.6,5644.7,5644.2,5643.6,2325.5,2325.2,2325.7,3474.4,3473.9,3473.8,4373.8,4373.5,4373.6,6082.4,6082.2,6082.4,8570.5,8569.4,8570.1,5182.6,5182.0,5182.2,7387.7,7387.3,7387.7,6084.4,6082.7,6082.3,1849.2,1847.9,1847.9,3658.7,3658.6,3659.1,2538.9,2537.6,2538.0,2881.9,2881.6,2881.5,27.209999,26.590000,going to home base
2024-04-13T02:21:09Z,2361.6,2360.6,2360.9,2600.6,2600.4,2601.0,5644.0,5643.9,5644.1,2325.7,2325.2,2326.0,3474.2,3473.5,3473.7,4373.7,4373.7,4373.5,6082.7,6082.5,6082.9,8572.2,8572.9,8572.1,5182.2,5181.6,5182.6,7388.9,7387.5,7388.9,6080.8,6080.5,6080.8,1849.0,1847.6,1847.7,3659.3,3659.4,3659.8,2537.9,2537.2,2537.4,2881.7,2881.6,2882.7,27.240000,26.600000,going to home base
2024-04-13T02:21:19Z,2361.5,2360.8,2360.8,2600.5,2600.2,2600.8,start,26650.9,26652.1,2361.2,2360.7,2360.8,2325.8,2326.1,3733.2,3732.9,87879.0,87818.3,14110.5,14111.6,14113.2,4374.0,4374.2,6083.4,6083.3,6085.2,16444.6,16447.5,33908.5,33913.9,8570.2,8570.6,8568.8,7386.2,7385.9,6085.2,6085.3,6085.6,43553.9,43560.3,3695.7,3695.7,1849.4,1847.9,1847.8,3660.8,2538.6,going to home base
2024-04-13T02:21:29Z,2361.6,2360.7,2361.2,2600.4,2599.9,2600.8,5644.2,5644.1,5643.3,2325.4,2325.3,2325.2,3475.2,3474.4,3474.6,4374.3,4374.0,4373.9,6081.4,6082.6,6082.4,8569.2,8570.1,8569.4,5183.5,5184.3,5184.9,7386.4,7386.0,7386.2,6082.2,6082.8,6083.2,1849.3,1848.0,1848.1,3659.5,3659.4,3660.3,2536.5,2536.9,2536.4,2882.7,2882.8,2882.0,27.240000,26.549999,going to home base
2024-04-13T02:21:34Z,2361.7,2361.1,2361.4,2600.5,2600.5,2600.6,5644.8,5644.5,5644.6,2324.7,2324.6,2325.2,3474.9,3474.8,3474.8,4373.8,4373.6,4374.2,6084.1,6083.4,6083.6,8574.3,8571.9,8572.2,5182.4,5182.0,5182.8,7386.5,7386.7,7387.8,6083.9,6083.7,6083.9,1849.5,1848.3,1848.0,3659.7,3659.7,3660.6,2538.8,2537.4,2537.4,2880.9,2881.2,2881.0,27.230000,26.559999,going to home base
2024-04-13T02:21:39Z,2361.6,2360.4,2361.2,2600.6,2600.6,2600.6,5644.9,5644.9,5644.6,2325.6,2325.5,2326.0,3475.1,3474.7,3475.0,4373.8,4373.6,4373.6,6083.2,6080.8,6082.0,8573.9,8572.5,8570.4,5182.1,5181.8,5182.0,7388.5,7388.0,7388.7,6084.1,6083.3,6082.6,1849.7,1848.4,1848.2,3658.8,3658.8,3660.2,2539.2,2537.9,2538.0,2882.7,2882.4,2881.9,27.240000,26.570000,going to home base
2024-04-13T02:21:44Z,2361.3,2360.6,2360.9,2600.9,2601.5,2601.6,5644.2,5643.6,5644.2,2325.5,2325.9,2326.8,3475.3,3474.7,3474.5,4373.5,4373.3,4373.4,6082.4,6082.6,6081.9,8572.5,8570.9,8572.2,5182.5,5182.3,5183.6,7386.7,7387.1,7386.5,6081.5,6081.8,6082.1,1849.5,1848.1,1848.1,3658.2,3659.0,3659.7,2539.0,2537.4,2537.4,2882.2,2881.8,2881.6,27.209999,26.580000,going to home base
2024-04-13T02:21:49Z,2361.3,2360.3,2360.5,2600.2,2600.1,2600.6,5643.8,5643.3,5643.5,2325.4,2325.2,2325.6,3475.5,3474.9,3474.9,4373.8,4373.9,4373.7,6084.0,6082.0,6083.2,8572.1,8571.3,8572.0,5183.1,5183.1,5183.2,7385.8,7384.4,7384.9,6082.1,6082.8,6082.4,1848.8,1847.4,1847.9,3659.2,3659.5,3660.2,2538.0,2537.2,2537.3,2882.0,2882.0,2882.7,27.230000,26.600000,going to home base
2024-04-13T02:21:54Z,2361.4,2360.6,2360.7,2601.4,2600.8,2601.0,5644.7,5644.1,5643.9,2326.4,2326.6,2327.0,3474.4,3473.6,3474.3,4374.2,4374.4,4374.4,6079.3,6080.9,6080.1,8574.8,8573.5,8572.0,5184.2,5184.2,5184.2,7387.8,7385.4,7386.0,6081.8,6081.1,6082.0,1849.1,1847.6,1847.3,3659.3,3659.5,3660.4,2538.5,2537.5,2537.8,2882.8,2882.6,2881.7,27.209999,26.530001,going to home base
2024-04-13T02:21:59Z,2361.7,2360.7,2361.0,2601.0,2600.3,2600.7,5644.2,5644.3,5644.0,2326.2,2326.3,2326.6,3474.3,3474.1,3473.5,4374.1,4373.7,4373.8,6082.8,6082.7,6082.8,8571.7,8571.1,8571.8,5181.7,5181.7,5183.5,7388.8,7385.8,7387.1,6084.1,6082.0,6083.6,1849.1,1847.7,1847.6,3660.0,3659.5,3660.1,2537.7,2536.3,2536.2,2883.0,2881.6,2882.7,27.250000,26.540001,going to home base
2024-04-13T02:22:04Z,2361.3,2360.9,2360.6,2600.9,2601.2,2601.3,5644.4,5643.7,5644.1,2325.9,2325.7,2325.6,3474.9,3474.2,3474.0,4374.2,4374.0,4374.2,6083.1,6082.0,6082.9,8574.8,8574.4,8574.3,5183.9,5183.4,5184.5,7388.7,7386.3,7387.0,6083.2,6082.7,6083.6,1849.2,1848.0,1848.0,3659.8,3659.9,3660.6,2538.0,2537.2,2537.8,2881.7,2881.5,2881.5,27.209999,26.570000,going to home base
2024-04-13T02:22:09Z,2361.4,2360.5,2360.7,2600.9,2600.8,2601.2,5644.1,5643.4,5643.5,2325.8,2326.1,2326.3,3474.1,3473.5,3473.9,4374.6,4374.8,4374.4,6083.5,6083.4,6083.9,8573.1,8572.4,8570.3,5183.2,5182.8,5183.4,7387.5,7387.5,7386.5,6084.3,6086.2,6085.4,1849.5,1848.2,1847.5,3660.0,3660.3,3661.3,2537.3,2536.7,2536.7,2882.4,2881.0,2882.0,27.240000,26.600000,going to home base
2024-04-13T02:22:14Z,2361.4,2360.7,2360.9,2601.0,2601.3,2601.6,5644.0,5643.6,5644.1,2325.5,2325.8,2326.2,3475.1,3474.6,3474.4,4374.2,4374.4,4374.4,6080.9,6081.8,6081.8,8575.0,8576.4,8575.1,5183.5,5184.4,5184.8,7387.5,7388.0,7388.1,6083.0,6083.0,6083.7,1849.3,1848.0,1847.7,3659.7,3659.9,3661.1,2538.5,2537.4,2537.8,2881.6,2881.2,2881.6,27.230000,26.510000,going to home base
2024-04-13T02:22:19Z,2361.4,2360.7,2360.6,2601.2,2601.3,2601.8,5644.0,5644.0,5643.8,2326.3,2326.5,2326.8,3474.7,3474.4,3473.8,4374.5,4374.4,4374.7,6083.9,6081.3,6082.4,8573.8,8574.3,8574.2,5181.8,5182.1,5183.3,7390.6,7387.5,7388.6,6085.0,6083.1,6085.0,1850.1,1848.6,1848.4,3659.6,3659.9,3660.7,2538.7,2537.3,2537.7,2882.2,2881.5,2881.9,27.209999,26.559999,going to home base
2024-04-13T02:22:24Z,2361.6,2360.6,2361.1,2601.2,2601.4,2601.5,5644.9,5644.7,5644.6,2326.4,2325.8,2326.2,3474.2,3474.3,3473.7,4374.3,4373.9,4374.4,6082.2,6082.5,6082.5,8571.9,8570.3,8570.3,5183.0,5182.6,5183.7,7388.8,7387.4,7387.0,6082.3,6081.9,6083.6,1849.2,1847.4,1847.5,3659.8,3659.8,3660.0,2537.3,2536.4,2536.7,2881.7,2881.5,2881.9,27.230000,26.500000,going to home base
2024-04-13T02:22:29Z,2360.8,2360.3,2360.6,2600.5,2600.5,2600.7,5645.2,5645.2,5645.2,2326.2,2326.0,2326.3,3474.3,3474.8,3474.1,4375.0,4375.1,4375.0,6082.3,6081.7,6082.5,8569.4,8570.0,8569.7,5182.6,5181.2,5182.8,7389.3,7388.5,7389.9,6085.7,6084.8,6085.3,1849.8,1848.0,1848.4,3660.1,3659.8,3661.1,2538.1,2537.2,2537.1,2880.9,2880.6,2880.8,27.240000,26.530001,going to home base
2024-04-13T02:22:34Z,2361.3,2360.7,2360.8,2600.7,2600.6,2601.7,5644.7,5644.4,5644.9,2326.1,2325.8,2326.3,3474.3,3474.3,3474.4,4374.2,4374.2,4374.5,6082.1,6082.4,6083.7,8573.1,8571.6,8571.4,5183.2,5182.6,5184.6,7390.8,7389.0,7389.9,6081.7,6082.9,6081.3,1850.2,1848.7,1848.4,3659.8,3659.5,3660.6,2537.9,2536.8,2537.5,2881.0,2880.5,2881.0,27.200001,26.500000,going to home base
2024-04-13T02:22:39Z,2361.2,2360.4,2360.8,2601.3,2601.0,2601.1,5645.6,5644.9,5645.3,2325.3,2325.4,2325.6,3474.1,3473.4,3474.2,4374.2,4374.0,4374.1,6082.8,6082.8,6083.4,8572.2,8570.8,8571.5,5181.9,5181.8,5182.4,7389.7,7389.7,7388.9,6083.2,6084.0,6083.4,1849.1,1847.4,1847.5,3659.6,3659.7,3661.0,2537.9,2536.7,2536.4,2879.8,2879.9,2879.8,27.250000,26.570000,going to home base
2024-04-13T02:22:44Z,2361.1,2360.6,2360.9,2601.4,2600.5,2601.1,5645.7,5645.0,5645.1,2326.2,2326.1,2326.5,3474.3,3474.1,3474.3,4374.8,4374.7,4374.5,6083.3,6081.3,6082.1,8570.9,8572.2,8570.6,5182.1,5181.8,5182.4,7389.3,7388.2,7387.7,6081.2,6080.6,6080.3,1849.0,1847.1,1847.6,3658.1,3659.3,3660.1,2538.7,2537.6,2537.7,2881.2,2880.6,2880.8,27.240000,26.540001,going to home base
2024-04-13T02:22:49Z,2361.2,2360.5,2360.9,2600.7,2600.7,2601.1,5644.9,5644.5,5644.6,2326.1,2325.9,2326.1,3475.8,3475.0,3474.7,4374.8,4374.3,4374.0,6082.3,6081.2,6083.0,8572.8,8572.7,8571.1,5182.2,5182.1,5183.9,7387.1,7388.2,7388.1,6082.1,6081.7,6081.9,1849.2,1848.0,1847.8,3659.4,3659.6,3659.9,2538.8,2537.6,2537.1,2882.2,2882.2,2882.1,27.230000,26.540001,going to home base
2024-04-13T02:22:54Z,2361.3,2360.5,2360.8,2601.0,2601.3,2601.5,5645.4,5644.7,5644.1,2325.7,2325.7,2326.4,3474.6,3474.3,3474.7,4374.3,4374.2,4374.5,6082.8,6083.1,6082.6,8570.1,8571.6,8570.3,5184.8,5183.6,5184.6,7388.3,7387.5,7386.5,6083.5,6083.3,6083.8,1849.0,1847.9,1847.7,3659.8,3659.5,3660.4,2538.0,2537.2,2537.3,2881.3,2880.2,2880.9,27.209999,26.510000,going to home base
2024-04-13T02:22:59Z,2361.2,2360.3,2360.4,2601.2,2601.1,2601.3,5644.9,5644.7,5644.9,2326.4,2326.3,2327.0,3475.2,3474.8,3474.5,4374.5,4374.5,4375.2,6080.5,6080.3,6081.3,8573.5,8572.9,8572.1,5184.3,5184.7,5184.6,7387.9,7387.5,7388.8,6082.8,6081.5,6081.3,1849.3,1848.2,1848.0,3659.2,3659.1,3660.0,2537.3,2536.6,2536.6,2881.2,2881.6,2881.2,27.200001,26.500000,going to home base
2024-04-13T02:23:04Z,2361.5,2360.9,2361.0,2601.3,2601.1,2601.4,5645.3,5644.8,5645.0,2325.9,2326.2,2326.5,3474.4,3473.8,3473.5,4374.6,4374.6,4375.0,6080.7,6080.7,6080.7,8572.8,8571.6,8571.0,5182.8,5182.8,5183.1,7388.7,7389.2,7389.6,6083.1,6081.5,6081.8,1849.2,1847.8,1847.9,3660.3,3660.5,3660.7,2537.7,2537.4,2537.7,2881.0,2880.4,2880.0,27.209999,26.510000,going to home base
2024-04-13T02:23:09Z,2361.3,2360.5,2360.7,2601.4,2600.9,2600.9,5645.5,5644.7,5644.9,2326.0,2326.6,2326.8,3474.2,3474.5,3473.7,4375.0,4374.4,4374.5,6084.3,6085.7,6084.7,8572.5,8571.9,8574.4,5182.4,5182.7,5184.2,7389.5,7388.2,7390.0,6082.5,6082.5,6081.2,1848.8,1847.1,1847.2,3659.7,3659.4,3660.3,2537.9,2537.6,2537.9,2880.2,2880.1,2879.7,27.200001,26.530001,going to home base
2024-04-13T02:23:14Z,2361.2,2360.4,2360.7,2601.4,2601.3,2601.7,5645.2,5644.6,5644.5,2326.3,2326.2,2326.7,3475.2,3474.3,3474.5,4374.9,4374.2,4374.2,6081.8,6082.7,6082.9,8574.0,8572.8,8574.8,5183.6,5181.2,5183.0,7389.6,7388.3,7387.7,6080.4,6078.9,6081.4,1849.1,1847.5,1847.5,3659.3,3659.2,3660.3,2537.9,2537.4,2537.6,2881.0,2880.0,2880.2,27.230000,26.510000,going to home base
2024-04-13T02:23:19Z,2361.2,2360.4,2360.6,2601.0,2601.4,2601.5,5644.8,5644.7,5644.5,2325.9,2326.4,2326.8,3474.8,3474.7,3474.3,4374.6,4374.3,4373.9,6082.1,6082.2,6081.2,8573.9,8571.9,8572.7,5183.7,5183.7,5182.6,7387.0,7387.1,7387.0,6085.0,6084.8,6084.2,1849.2,1848.2,1847.7,3659.2,3659.5,3659.9,2537.1,2536.8,2536.8,2881.7,2881.4,2881.5,27.200001,26.530001,going to home base
2024-04-13T02:23:24Z,2361.2,2360.5,2360.7,2601.0,2600.0,2601.0,5645.3,5644.8,5645.0,2326.1,2325.8,2326.4,3474.8,3474.6,3474.4,4374.1,4374.2,4373.7,6081.7,6080.7,6081.5,8571.3,8572.2,8572.0,5183.1,5182.1,5182.2,7388.9,7389.1,7389.1,6085.9,6085.8,6085.4,1849.1,1847.4,1847.6,3659.2,3659.7,3660.1,2537.9,2536.8,2537.1,2882.0,2880.8,2881.4,27.230000,26.540001,going to home base
2024-04-13T02:23:29Z,2361.2,2360.5,2360.6,2600.3,2600.3,2600.7,5645.7,5644.3,5644.9,2326.1,2325.9,2326.5,3474.7,3474.4,3474.2,4374.2,4374.0,4374.0,6079.2,6079.4,6080.0,8572.4,8572.5,8572.4,5182.3,5182.4,5183.2,7387.2,7386.7,7387.2,6082.7,6081.5,6082.0,1848.8,1847.5,1847.3,3659.5,3659.9,3660.5,2538.2,2537.4,2537.5,2881.3,2880.5,2880.7,27.209999,26.500000,going to home base
2024-04-13T02:23:34Z,2361.3,2360.7,2361.1,2601.3,2600.8,2600.9,5645.7,5644.5,5644.3,2326.4,2326.5,2327.1,3474.6,3474.0,3473.4,4374.6,4373.6,4374.0,6081.3,6081.6,6081.1,8574.4,8573.2,8572.1,5182.8,5182.3,5182.6,7387.4,7386.3,7385.7,6083.2,6082.0,6082.7,1849.0,1847.4,1847.2,3660.3,3660.6,3660.8,2538.1,2536.7,2537.0,2881.9,2881.5,2881.4,27.230000,26.559999,going to home base
2024-04-13T02:23:39Z,2361.5,2360.5,2360.7,2601.3,2601.0,2601.1,5646.3,5645.2,5645.1,2326.0,2326.5,2327.1,3474.3,3473.9,3473.4,4374.4,4374.4,4374.4,6081.3,6081.4,6081.1,8573.5,8572.9,8573.4,5182.4,5182.2,5183.8,7388.2,7387.1,7388.3,6080.3,6081.2,6079.8,1849.0,1847.6,1847.2,3659.9,3659.8,3660.5,2537.9,2537.9,2537.8,2882.1,2881.3,2881.9,27.230000,26.580000,going to home base
2024-04-13T02:23:44Z,2361.4,2360.6,2360.9,2600.9,2600.8,2601.1,5644.4,5643.9,5644.3,2325.8,2326.0,2326.3,3475.1,3474.1,3474.3,4374.2,4374.6,4374.2,6081.5,6081.4,6082.6,8572.2,8572.1,8572.4,5183.1,5182.2,5182.9,7387.5,7385.9,7385.9,6081.6,6081.3,6081.3,1848.4,1847.0,1846.6,3660.1,3660.2,3661.0,2538.0,2537.3,2536.8,2880.7,2880.1,2881.4,27.250000,26.570000,going to home base
2024-04-13T02:23:49Z,2360.8,2359.7,2360.5,2600.9,2600.5,2601.0,5644.4,5644.4,5644.2,2325.8,2325.6,2326.4,3473.8,3474.0,3474.1,4374.8,4374.6,4374.7,6081.1,6080.4,6080.5,8573.0,8573.4,8571.5,5181.5,5181.1,5182.3,7388.4,7386.8,7388.8,6080.6,6080.2,6080.7,1849.4,1847.8,1847.6,3659.3,3659.5,3660.6,2538.0,2537.1,2537.6,2882.1,2882.0,2882.1,27.209999,26.540001,going to home base
2024-04-13T02:23:54Z,2361.3,2360.5,2360.9,2601.1,2601.3,2601.5,5644.1,5643.9,5644.1,2325.9,2325.4,2326.1,3474.5,3474.0,3473.6,4374.4,4374.5,4374.5,6081.6,6080.7,6083.0,8573.1,8572.4,8574.1,5181.8,5182.0,5182.5,7385.9,7387.5,7385.8,6082.0,6080.1,6080.5,1849.0,1847.7,1847.6,3659.7,3659.6,3660.3,2538.0,2537.0,2537.1,2881.3,2880.7,2881.0,27.209999,26.530001,going to home base
2024-04-13T02:23:59Z,2361.4,2360.5,2361.1,2601.0,2601.2,2601.5,5644.4,5644.1,5644.5,2325.8,2325.7,2326.2,3475.2,3474.8,3474.7,4374.8,4374.5,4374.7,6078.8,6079.3,6078.9,8572.5,8572.5,8572.5,5183.3,5182.8,5184.6,7389.8,7388.9,7389.6,6082.4,6081.8,6083.3,1849.4,1847.4,1847.3,3659.8,3660.0,3661.0,2538.3,2537.9,2538.0,2882.3,2881.6,2881.2,27.209999,26.570000,going to home base
2024-04-13T02:24:04Z,2361.3,2360.6,2360.9,2600.6,2600.6,2600.9,5645.1,5644.1,5644.3,2326.0,2326.3,2326.5,3474.8,3474.1,3474.9,4374.7,4375.0,4375.3,6083.3,6083.1,6082.4,8574.5,8574.2,8573.3,5183.1,5182.7,5183.3,7389.0,7389.1,7388.6,6081.7,6081.2,6081.6,1849.7,1848.3,1847.8,3660.1,3660.1,3661.3,2539.2,2538.2,2538.3,2880.9,2880.2,2881.3,27.230000,26.570000,going to home base
2024-04-13T02:24:09Z,2361.4,2360.4,2360.9,2601.1,2600.4,2601.1,5644.9,5644.3,5644.8,2326.0,2326.7,2327.0,3474.7,3474.4,3474.4,4374.6,4374.6,4374.4,6083.7,6082.3,6081.3,8573.5,8572.7,8572.8,5183.8,5183.2,5184.5,7390.8,7389.7,7388.5,6082.8,6080.5,6082.6,1849.4,1847.9,1848.3,3660.6,3660.0,3661.2,2538.4,2537.7,2537.7,2882.1,2880.4,2881.4,27.230000,26.540001,going to home base
2024-04-13T02:24:14Z,2361.9,2361.3,2361.2,2601.3,2601.1,2601.8,5645.2,5644.6,5644.9,2325.9,2325.6,2326.1,3475.0,3474.5,3474.1,4374.4,4374.6,4374.4,6081.5,6081.7,6082.7,8574.0,8572.2,8573.8,5184.6,5183.9,5184.6,7391.9,7390.6,7390.7,6080.9,6082.1,6081.4,1849.6,1848.4,1848.0,3659.1,3659.2,3660.5,2537.7,2537.1,2537.0,2881.4,2881.6,2882.7,27.230000,26.510000,going to home base
2024-04-13T02:24:19Z,2361.8,2360.9,2361.3,2601.2,2601.4,2601.6,5645.1,5644.6,5644.9,2325.7,2325.4,2325.7,3474.3,3473.9,3474.3,4374.4,4374.2,4374.6,6084.0,6082.1,6082.1,8571.8,8572.0,8573.1,5183.5,5183.6,5183.6,7389.9,7391.5,7390.4,6082.5,6079.9,6080.9,1848.9,1847.6,1847.6,3660.8,3660.1,3661.4,2538.2,2537.4,2537.6,2882.9,2882.3,2882.4,27.230000,26.540001,going to home base
2024-04-13T02:24:24Z,2361.0,2360.4,2360.3,2601.0,2600.5,2601.3,5644.8,5643.8,5644.1,2326.6,2326.5,2326.8,3474.1,3473.7,3473.9,4374.7,4374.3,4374.3,6082.5,6083.6,6082.3,8572.4,8571.6,8573.3,5182.3,5181.5,5182.3,7391.2,7390.9,7389.5,6083.8,6083.6,6082.3,1849.9,1848.2,1848.1,3660.3,3660.4,3661.3,2537.4,2536.3,2536.6,2883.9,2883.6,2883.7,27.230000,26.500000,going to home base
2024-04-13T02:24:29Z,2361.2,2360.7,2360.7,2601.4,2601.3,2601.6,5645.5,5644.6,5645.1,2325.1,2324.8,2325.6,3474.1,3474.3,3473.8,4374.6,4374.3,4374.4,6079.6,6079.7,6079.3,8572.3,8573.0,8571.9,5182.8,5182.7,5183.8,7392.2,7390.5,7391.2,6082.7,6080.8,6081.3,1849.6,1848.0,1848.0,3660.2,3659.7,3660.4,2537.9,2537.1,2536.9,2883.9,2882.4,2883.0,27.180000,26.540001,going to home base
2024-04-13T02:24:34Z,2361.8,2361.0,2361.3,2601.5,2600.7,2600.4,5644.7,5644.4,5644.5,2325.9,2325.9,2326.2,3474.0,3474.5,3473.7,4373.5,4374.0,4374.2,6079.8,6078.1,6078.6,8573.4,8573.5,8571.1,5182.8,5182.1,5183.9,7389.9,7388.8,7390.0,6083.7,6082.5,6082.3,1849.9,1848.3,1848.6,3659.9,3660.0,3660.9,2537.9,2536.9,2536.9,2883.5,2882.7,2883.2,27.209999,26.580000,going to home base
2024-04-13T02:24:39Z,2362.0,2361.7,2361.5,2601.3,2601.6,2601.7,5645.1,5645.2,5644.8,2325.8,2325.4,2325.7,3473.1,3472.7,3473.0,4374.9,4374.3,4374.5,6080.5,6080.4,6079.9,8575.1,8574.6,8575.5,5182.4,5181.8,5183.2,7390.0,7389.5,7388.5,6080.6,6081.2,6080.4,1848.4,1847.2,1847.3,3660.8,3660.4,3661.4,2537.8,2537.5,2537.7,2884.1,2884.9,2884.4,27.209999,26.580000,going to home base
2024-04-13T02:24:44Z,2361.6,2361.3,2361.5,2601.1,2601.3,2601.8,5645.0,5644.7,5645.3,2326.2,2326.3,2326.9,3473.1,3473.1,3472.9,4374.7,4374.6,4374.5,6081.2,6080.7,6082.6,8574.8,8573.3,8574.3,5182.8,5183.7,5183.4,7389.1,7388.5,7389.3,6082.7,6081.1,6083.3,1848.9,1847.4,1847.0,3660.4,3660.1,3660.7,2537.8,2536.8,2537.2,2884.1,2884.0,2885.1,27.230000,26.540001,going to home base
2024-04-13T02:24:49Z,2361.3,2360.3,2360.8,2601.2,2601.1,2600.6,5644.7,5644.4,5644.6,2327.2,2327.0,2327.2,3474.0,3473.4,3473.9,4374.7,4374.9,4374.7,6080.6,6082.2,6082.0,8573.3,8573.6,8574.8,5183.4,5183.1,5184.9,7390.2,7389.1,7388.6,6082.3,6082.9,6084.2,1849.0,1847.4,1847.5,3660.2,3660.0,3660.8,2538.6,2538.0,2537.8,2882.7,2882.6,2882.5,27.209999,26.510000,going to home base
2024-04-13T02:24:54Z,2362.1,2361.2,2361.5,2600.9,2601.1,2601.2,5645.1,5644.7,5644.9,2326.2,2325.9,2326.5,3474.4,3474.3,3473.8,4374.7,4374.5,4374.8,6079.8,6079.7,6078.2,8572.7,8572.6,8572.7,5183.6,5183.7,5186.4,7387.3,7388.0,7388.5,6082.3,6081.0,6081.3,1849.2,1848.2,1847.6,3660.2,3660.2,3661.4,2538.2,2537.3,2537.4,2882.8,2882.3,2882.5,27.200001,26.559999,going to home base
2024-04-13T02:24:59Z,2361.3,2360.8,2361.1,2601.3,2601.1,2601.2,5644.9,5644.4,5644.6,2326.4,2326.2,2327.0,3474.7,3474.8,3474.8,4374.4,4374.5,4374.5,6079.6,6079.6,6080.0,8574.2,8573.3,8574.1,5184.2,5184.0,5184.7,7389.6,7389.5,7389.1,6083.2,6083.1,6082.9,1849.1,1847.6,1847.8,3659.8,3660.0,3660.8,2538.5,2537.4,2537.4,2883.9,2883.1,2884.2,27.230000,26.549999,going to home base
2024-04-13T02:25:04Z,2361.3,2360.2,2360.8,2600.6,2600.0,2600.6,5644.9,5644.2,5644.4,2325.9,2326.0,2326.5,3474.7,3473.9,3474.3,4374.9,4374.3,4374.5,6079.1,6079.6,6078.9,8574.1,8572.0,8573.5,5183.9,5184.0,5184.9,7389.5,7388.4,7388.9,6084.0,6082.8,6084.0,1848.9,1847.4,1847.5,3659.6,3659.9,3660.4,2538.4,2537.4,2538.0,2882.6,2882.3,2882.5,27.209999,26.530001,going to home base
2024-04-13T02:25:09Z,2361.1,2360.3,2360.7,2600.8,2600.6,2601.5,5645.5,5644.7,5644.9,2326.3,2326.5,2326.7,3473.9,3474.0,3473.7,4375.1,4375.3,4375.5,6078.8,6079.1,6078.6,8572.3,8573.8,8574.7,5180.6,5179.6,5181.1,7390.4,7389.5,7389.9,6083.0,6082.4,6084.1,1848.7,1847.4,1847.5,3658.9,3659.1,3659.9,2538.8,2537.8,2537.6,2883.8,2882.8,2882.9,27.209999,26.530001,going to home base
2024-04-13T02:25:14Z,2361.0,2360.2,2360.5,2600.7,2600.9,2601.3,5644.7,5644.9,5644.5,2327.1,2326.9,2326.9,3474.2,3474.2,3474.3,4375.0,4374.8,4374.4,6077.9,6078.0,6078.0,8571.7,8573.2,8571.8,5181.2,5180.4,5180.7,7390.0,7389.8,7387.4,6082.5,6082.4,6082.9,1849.2,1848.1,1847.8,3659.5,3659.6,3660.5,2538.3,2537.8,2537.9,2882.5,2882.3,2881.8,27.209999,26.510000,going to home base
2024-04-13T02:25:19Z,2361.4,2360.6,2361.1,2600.6,2600.5,2600.6,5645.0,5644.8,5644.9,2326.1,2326.1,2326.6,3474.0,3473.8,3473.7,4375.3,4375.2,4374.9,6077.5,6077.3,6078.6,8572.4,8573.1,8571.6,5181.6,5182.1,5186.3,7391.1,7389.4,7390.4,6081.3,6081.8,6082.4,1849.3,1847.8,1847.7,3658.9,3658.9,3659.9,2538.7,2537.6,2537.6,2882.3,2881.1,2882.2,27.209999,26.549999,going to home base
2024-04-13T02:25:24Z,2360.9,2360.4,2360.9,2600.9,2601.1,2600.7,5645.7,5645.4,5645.6,2326.2,2326.5,2326.9,3474.7,3474.1,3473.9,4375.4,4374.8,4375.3,6076.7,6076.5,6079.0,8571.3,8570.5,8572.3,5184.0,5183.2,5185.2,7389.1,7388.0,7387.2,6081.8,6081.4,6080.2,1849.2,1847.7,1847.5,3659.5,3659.7,3660.1,2538.2,2537.1,2537.5,2881.7,2881.5,2882.1,27.209999,26.510000,going to home base
2024-04-13T02:25:29Z,2362.0,2361.5,2361.6,2600.7,2600.5,2600.9,5645.5,5644.9,5645.1,2326.3,2326.2,2327.4,3475.2,3474.9,3474.9,4374.4,4375.1,4374.8,6076.0,6076.4,6076.9,8572.5,8572.7,8571.8,5184.2,5183.9,5185.5,7389.2,7387.1,7388.2,6083.8,6083.7,6083.8,1849.9,1848.2,1848.1,3659.5,3659.5,3660.1,2537.9,2537.7,2537.2,2880.9,2880.4,2881.5,27.230000,26.510000,going to home base
2024-04-13T02:25:34Z,2361.3,2360.7,2360.9,2601.5,2601.5,2601.3,5645.3,5644.8,5645.2,2326.2,2326.4,2326.4,3475.3,3474.7,3475.4,4374.5,4374.6,4374.3,6079.0,6079.6,6078.3,8572.6,8572.8,8573.6,5184.2,5183.2,5183.6,7389.8,7388.5,7391.1,6083.8,6084.6,6082.8,1849.6,1848.4,1848.0,3660.1,3659.6,3660.5,2538.1,2537.6,2538.0,2881.7,2881.4,2881.2,27.209999,26.500000,going to home base
2024-04-13T02:25:39Z,2361.8,2360.7,2361.0,2600.2,2599.7,2600.9,5645.0,5644.3,5644.3,2326.9,2326.6,2327.4,3474.9,3473.9,3473.7,4375.0,4375.1,4375.1,6076.6,6078.1,6077.9,8573.1,8573.1,8571.3,5184.1,5183.9,5184.9,7389.7,7389.9,7390.3,6083.0,6081.8,6083.7,1849.2,1847.8,1847.6,3659.4,3659.9,3660.9,2538.4,2537.9,2538.0,2881.7,2881.2,2881.6,27.209999,26.480000,going to home base
2024-04-13T02:25:44Z,2361.1,2360.4,2360.5,2601.6,2600.8,2601.6,5645.3,5645.2,5644.7,2326.4,2325.9,2327.0,3475.2,3474.3,3474.8,4375.1,4375.0,4374.9,6081.6,6079.2,6082.2,8572.1,8571.8,8572.2,5183.3,5181.7,5183.4,7390.5,7390.7,7391.2,6082.8,6081.9,6081.5,1849.0,1847.6,1847.6,3660.0,3659.9,3660.3,2538.6,2537.8,2537.7,2881.6,2881.7,2881.8,27.209999,26.469999,going to home base
2024-04-13T02:25:49Z,2361.1,2360.5,2360.8,2601.6,2600.8,2601.4,5645.4,5644.6,5644.5,2326.4,2326.7,2326.8,3474.4,3474.1,3474.0,4374.7,4374.5,4374.7,6078.3,6078.5,6079.2,8573.2,8574.0,8574.4,5184.1,5184.8,5184.9,7390.1,7390.4,7390.5,6082.1,6081.4,6082.0,1849.3,1847.8,1848.0,3659.6,3659.4,3660.2,2537.4,2536.4,2537.2,2882.6,2881.7,2882.6,27.230000,26.500000,going to home base
2024-04-13T02:25:54Z,2361.0,2360.5,2360.7,2601.1,2600.5,2601.5,5645.7,5645.1,5644.9,2326.1,2326.0,2326.7,3474.0,3473.9,3473.8,4375.1,4374.7,4374.3,6077.5,6077.5,6077.9,8572.7,8571.7,8572.3,5183.7,5183.3,5184.4,7392.0,7388.3,7388.9,6081.7,6081.3,6080.0,1849.7,1848.5,1848.4,3659.2,3658.9,3659.9,2538.3,2537.9,2538.0,2882.1,2882.0,2881.6,27.240000,26.469999,going to home base
2024-04-13T02:25:59Z,2361.2,2360.7,2360.8,2601.7,2601.7,2602.1,5645.5,5644.7,5644.5,2326.1,2326.1,2326.0,3473.9,3473.4,3473.6,4375.2,4374.7,4375.0,6078.3,6077.0,6078.2,8574.6,8573.6,8575.3,5184.1,5183.5,5183.9,7390.3,7389.2,7390.0,6082.8,6080.9,6081.1,1849.5,1848.2,1848.6,3659.3,3659.2,3660.1,2538.6,2537.8,2538.2,2881.6,2881.6,2882.5,27.200001,26.480000,going to home base
2024-04-13T02:26:04Z,2361.2,2360.5,2360.5,2601.7,2601.5,2602.2,5645.2,5644.8,5644.6,2327.0,2327.0,2327.6,3474.5,3474.2,3473.4,4374.6,4374.4,4374.5,6078.5,6078.2,6080.6,8572.4,8572.8,8573.5,5184.9,5183.9,5184.9,7392.9,7391.9,7390.8,6082.6,6083.3,6084.3,1849.1,1847.3,1847.3,3659.7,3660.1,3661.4,2538.2,2537.9,2538.0,2884.2,2882.6,2882.9,27.209999,26.480000,going to home base
2024-04-13T02:26:09Z,2361.4,2360.4,2360.8,2601.0,2601.1,2601.5,5645.1,5645.0,5645.1,2326.3,2326.0,2326.6,3473.8,3473.7,3473.4,4375.4,4375.3,4375.2,6079.4,6078.9,6079.6,8571.2,8572.2,8573.0,5183.7,5183.8,5183.6,7390.5,7391.3,7391.7,6083.7,6083.7,6083.9,1849.5,1848.3,1848.0,3659.8,3659.8,3660.8,2538.4,2537.8,2538.1,2882.3,2881.9,2882.9,27.209999,26.510000,going to home base
2024-04-13T02:26:14Z,2361.6,2360.8,2361.1,2601.5,2601.1,2601.6,5644.9,5644.3,5644.8,2326.6,2326.4,2326.7,3474.4,3474.5,3474.1,4375.1,4374.6,4374.5,6080.3,6078.2,6079.7,8571.6,8570.2,8571.5,5184.1,5184.2,5184.3,7392.5,7391.5,7391.7,6082.2,6082.2,6083.1,1849.7,1848.2,1848.1,3659.5,3659.3,3660.6,2538.2,2537.6,2537.5,2882.1,2882.4,2882.8,27.240000,26.459999,going to home base
2024-04-13T02:26:19Z,2361.4,2360.8,2361.1,2601.4,2601.5,2601.7,5645.0,5644.3,5644.8,2326.5,2326.4,2327.1,3473.7,3473.6,3473.6,4375.1,4375.0,4374.5,6081.5,6080.4,6081.0,8571.6,8571.7,8571.3,5181.8,5180.9,5182.3,7391.8,7390.4,7391.9,6079.7,6079.4,6080.3,1849.7,1847.9,1847.8,3658.8,3659.1,3659.7,2537.4,2536.7,2536.6,2881.4,2880.3,2881.4,27.230000,26.459999,going to home base
2024-04-13T02:26:24Z,2361.7,2360.9,2361.4,2601.1,2601.1,2601.1,5645.0,5644.6,5645.0,2326.7,2326.7,2327.3,3474.0,3473.8,3473.3,4375.0,4374.7,4374.8,6081.3,6081.0,6080.6,8573.2,8572.9,8573.6,5185.4,5185.4,5186.3,7392.3,7390.9,7391.1,6080.7,6080.0,6078.5,1849.0,1847.9,1847.6,3659.3,3659.4,3660.3,2538.2,2537.5,2537.9,2882.7,2881.8,2881.4,27.230000,26.459999,going to home base
2024-04-13T02:26:29Z,2361.4,2360.7,2360.8,2601.2,2601.5,2601.4,5644.7,5644.4,5644.8,2325.6,2325.9,2325.5,3474.5,3473.6,3474.2,4374.0,4373.7,4373.9,6078.8,6079.8,6080.1,8571.4,8572.0,8571.1,5184.5,5184.7,5186.2,7393.2,7393.0,7392.2,6082.6,6081.3,6081.7,1849.1,1847.7,1847.6,3660.4,3660.0,3661.1,2538.1,2537.6,2538.0,2882.1,2881.1,2882.1,27.200001,26.469999,going to home base
2024-04-13T02:26:34Z,2361.4,2360.7,2361.0,2600.9,2601.1,2601.4,5645.2,5644.9,5644.5,2326.0,2325.6,2326.1,3474.6,3473.7,3474.5,4374.5,4374.5,4374.3,6080.3,6078.5,6080.5,8573.9,8573.5,8572.5,5184.9,5184.7,5185.9,7391.7,7392.0,7391.0,6081.7,6081.1,6081.3,1849.6,1848.6,1848.6,3660.4,3660.7,3660.9,2538.7,2537.9,2538.2,2882.4,2881.7,2882.1,27.209999,26.480000,going to home base
2024-04-13T02:26:39Z,2361.2,2360.8,2361.0,2601.2,2601.2,2601.5,5644.8,5644.3,5644.5,2326.0,2325.5,2326.4,3474.2,3474.0,3474.2,4374.9,4374.9,4375.0,6081.9,6081.8,6082.7,8574.4,8573.8,8574.0,5184.3,5183.6,5184.5,7393.7,7392.7,7393.8,6080.3,6081.0,6081.6,1850.2,1848.6,1848.4,3659.9,3659.4,3660.6,2538.0,2537.1,2536.9,2882.1,2881.6,2881.3,27.209999,26.459999,going to home base
2024-04-13T02:26:44Z,2361.3,2360.3,2360.6,2601.2,2600.8,2601.0,5644.2,5643.9,5644.1,2326.3,2326.6,2326.7,3474.4,3473.5,3473.8,4375.4,4375.2,4375.3,6081.1,6080.9,6082.7,8574.8,8574.6,8575.6,5182.4,5181.1,5181.7,7392.9,7391.7,7393.4,6080.1,6079.9,6080.0,1849.8,1848.7,1848.6,3659.2,3659.5,3660.0,2537.2,2536.3,2536.8,2882.4,2880.5,2881.3,27.200001,26.440001,going to home base
2024-04-13T02:26:49Z,2361.3,2360.7,2360.9,2601.1,2600.8,2601.3,5644.9,5644.0,5644.6,2326.1,2326.2,2327.1,3475.4,3474.4,3474.2,4375.5,4375.3,4375.1,6077.5,6076.6,6079.0,8574.7,8574.5,8574.2,5181.5,5183.0,5182.8,7394.8,7394.5,7395.6,6082.8,6082.9,6081.6,1849.1,1848.0,1848.0,3660.5,3660.7,3661.8,2536.9,2536.6,2537.3,2881.8,2881.8,2882.2,27.230000,26.459999,going to home base
2024-04-13T02:26:54Z,2361.8,2361.1,2360.6,2601.4,2601.0,2601.5,5644.8,5644.5,5644.2,2326.5,2326.3,2326.8,3474.7,3474.0,3474.1,4375.2,4374.7,4374.5,6079.5,6079.7,6079.6,8570.7,8570.0,8572.0,5181.7,5182.5,5183.6,7392.5,7392.2,7393.5,6083.4,6082.7,6081.8,1849.5,1848.3,1848.2,3660.2,3660.0,3660.4,2537.8,2536.9,2536.8,2881.9,2881.7,2881.9,27.200001,26.459999,going to home base
2024-04-13T02:27:04Z,2361.3,2360.6,2361.0,2600.9,2600.2,2600.9,5644.6,5644.0,5644.3,2327.2,2327.4,2327.5,3474.2,3474.2,3473.5,4374.9,4374.6,4374.8,6081.5,6080.8,6082.2,8571.5,8570.6,8570.8,5181.0,5180.1,5181.0,7394.3,7393.5,7393.9,6083.2,6082.8,6082.8,1849.9,1848.3,1848.6,3659.3,3659.5,3660.2,2537.2,2536.5,2537.4,2882.2,2882.0,28start,2361.5,2360.7,going to home base
2024-04-13T02:27:14Z,2360.9,2360.5,2360.7,2601.0,2600.6,2600.7,5644.9,5644.3,5644.6,2325.8,2325.6,2326.2,3473.9,3473.8,3474.0,4374.8,4374.7,4374.6,6080.7,6080.6,6080.9,8573.0,8571.5,8571.8,5183.9,5183.4,5184.8,7391.3,7391.1,7391.2,6085.2,6084.9,6083.6,1849.3,1847.9,1848.1,3659.3,3659.7,3659.8,2537.8,2536.8,2537.1,2882.7,2882.4,2883.7,27.180000,26.469999,going to home base
2024-04-13T02:27:19Z,2361.2,2360.5,2360.8,2601.2,2600.4,2600.4,5644.6,5643.8,5644.0,2326.3,2326.0,2326.4,3474.2,3473.4,3473.4,4374.8,4375.0,4374.8,6077.7,6077.2,6079.6,8572.2,8573.0,8572.7,5183.1,5182.6,5184.0,7392.6,7392.0,7392.9,6082.3,6081.8,6082.6,1850.0,1848.3,1848.0,3660.3,3660.3,3660.8,2537.1,2536.9,2536.7,2882.6,2882.5,2882.8,27.209999,26.510000,going to home base
2024-04-13T02:27:24Z,2361.2,2360.4,2360.8,2600.6,2600.4,2601.0,5644.8,5644.5,5644.2,2326.3,2326.4,2326.7,3474.3,3474.2,3474.1,4375.7,4375.3,4375.3,6082.3,6082.1,6082.8,8574.9,8572.1,8572.6,5185.1,5185.1,5185.4,7390.1,7390.6,7390.2,6084.1,6083.6,6084.5,1849.5,1848.1,1848.2,3660.8,3659.7,3661.2,2537.5,2536.6,2536.9,2882.0,2883.1,2882.6,27.180000,26.459999,going to home base
2024-04-13T02:27:29Z,2361.4,2360.2,2360.8,2600.6,2600.5,2601.2,5645.0,5644.5,5644.5,2326.7,2326.6,2327.1,3474.4,3474.1,3474.4,4374.8,4374.3,4374.6,6081.4,6080.0,6080.8,8573.6,8571.3,8573.3,5185.0,5185.0,5185.5,7392.6,7391.7,7391.2,6082.7,6083.0,6084.6,1850.0,1848.7,1848.5,3660.6,3660.7,3661.1,2538.8,2538.0,2538.3,2882.4,2882.3,2882.6,27.180000,26.430000,going to home base
2024-04-13T02:27:34Z,2361.4,2361.1,2361.5,2600.5,2600.8,2601.2,5645.1,5644.9,5645.0,2326.5,2326.5,2326.5,3474.4,3474.0,3474.3,4375.2,4374.8,4374.6,6081.8,6079.9,6080.5,8574.6,8573.8,8572.7,5183.8,5183.6,5184.0,7389.2,7390.0,7390.0,6081.8,6082.5,6082.4,1849.3,1847.7,1847.4,3660.6,3660.1,3661.0,2538.2,2537.6,2537.6,2882.6,2882.5,2882.5,27.200001,26.440001,going to home base
2024-04-13T02:27:39Z,2361.6,2360.6,2360.9,2600.6,2600.0,2600.7,5644.8,5644.6,5644.4,2326.0,2325.8,2326.3,3473.9,3473.5,3473.5,4375.2,4375.3,4374.9,6080.6,6081.3,6081.8,8572.9,8572.9,8572.3,5182.6,5180.5,5181.6,7393.9,7390.6,7390.3,6080.7,6082.0,6083.3,1849.5,1848.1,1847.7,3660.1,3660.3,3661.3,2537.6,2536.5,2537.0,2882.9,2882.6,2882.3,27.200001,26.469999,going to home base
2024-04-13T02:27:44Z,2361.4,2360.8,2360.8,2600.2,2600.5,2601.1,5644.8,5644.1,5644.1,2326.5,2326.5,2327.0,3474.7,3474.7,3474.5,4375.3,4374.8,4374.9,6082.0,6081.6,6081.0,8574.7,8574.2,8573.0,5181.8,5182.9,5182.4,7392.2,7390.8,7392.5,6082.0,6083.1,6083.0,1848.9,1847.8,1847.6,3660.2,3660.4,3661.0,2538.3,2536.7,2537.0,2882.5,2881.9,2881.8,27.180000,26.410000,going to home base
2024-04-13T02:27:49Z,2361.0,2360.4,2360.7,2600.8,2601.0,2600.9,5644.8,5644.7,5644.5,2326.5,2326.7,2326.8,3473.9,3474.2,3474.2,4374.9,4375.2,4375.3,6080.2,6079.8,6080.5,8574.6,8572.9,8573.2,5181.7,5181.5,5183.2,7393.2,7392.3,7391.3,6084.2,6083.5,6084.4,1849.7,1848.2,1848.3,3659.6,3659.7,3660.8,2537.8,2537.1,2537.4,2883.0,2882.7,2882.7,27.230000,26.430000,going to home base
2024-04-13T02:27:54Z,2361.6,2360.9,2361.1,2600.7,2600.7,2601.5,5644.8,5644.5,5644.6,2326.4,2326.0,2326.4,3475.1,3474.7,3474.9,4374.7,4374.9,4375.3,6079.0,6079.5,6080.3,8574.4,8574.2,8573.6,5181.4,5181.9,5182.4,7391.5,7391.1,7389.1,6083.8,6082.8,6082.7,1849.7,1848.1,1848.1,3660.0,3660.2,3661.2,2537.2,2536.9,2536.4,2882.7,2882.5,2883.2,27.200001,26.430000,going to home base
2024-04-13T02:27:59Z,2361.9,2361.2,2361.5,2601.2,2600.9,2601.1,5644.8,5644.4,5644.6,2326.9,2326.5,2327.3,3475.0,3474.5,3474.8,4374.8,4374.7,4374.7,6080.9,6080.6,6080.9,8573.9,8573.9,8573.4,5184.6,5182.9,5183.4,7392.7,7391.5,7389.9,6084.3,6082.8,6083.9,1849.8,1848.2,1848.2,3659.4,3659.6,3661.2,2537.6,2536.9,2536.5,2881.9,2881.7,2881.4,27.230000,26.459999,going to home base
2024-04-13T02:28:04Z,2362.2,2361.2,2361.6,2600.5,2600.5,2600.7,5644.4,5644.0,5644.4,2326.6,2326.6,2327.0,3474.5,3473.9,3474.4,4374.7,4374.9,4374.5,6077.8,6078.7,6076.6,8573.6,8574.3,8573.6,5184.8,5184.5,5185.1,7392.5,7392.3,7390.7,6083.1,6083.0,6084.5,1849.6,1848.1,1847.9,3659.4,3660.2,3660.5,2537.9,2537.2,2537.2,2882.3,2881.7,2881.8,27.180000,26.440001,going to home base
2024-04-13T02:28:09Z,2362.4,2361.4,2361.7,2600.8,2600.5,2600.7,5644.9,5644.7,5644.5,2327.1,2326.8,2327.2,3475.1,3474.4,3474.1,4374.7,4375.0,4374.7,6080.7,6079.7,6080.3,8574.9,8572.6,8571.6,5183.5,5183.1,5185.3,7391.0,7389.4,7389.3,6083.3,6082.6,6082.0,1849.3,1847.7,1847.5,3660.2,3660.4,3661.1,2537.8,2537.1,2537.5,2882.3,2881.3,2882.2,27.200001,26.469999,going to home base
2024-04-13T02:28:14Z,2361.4,2360.7,2360.8,2600.2,2600.1,2600.6,5644.9,5644.9,5644.2,2326.4,2326.7,2327.1,3474.2,3473.6,3473.9,4374.4,4374.4,4375.0,6079.7,6079.6,6081.2,8575.3,8574.0,8573.7,5184.4,5183.9,5185.1,7389.3,7390.9,7390.0,6080.9,6082.7,6082.3,1849.7,1847.8,1848.2,3660.5,3661.2,3661.5,2538.0,2537.1,2537.0,2884.3,2883.6,2882.9,27.200001,26.469999,going to home base
2024-04-13T02:28:19Z,2361.4,2361.0,2361.2,2600.5,2600.4,2601.0,5644.6,5644.3,5644.0,2326.6,2326.9,2327.3,3474.5,3474.0,3473.8,4374.9,4374.2,4374.7,6080.4,6079.8,6080.2,8573.4,8573.4,8573.6,5183.0,5183.6,5184.5,7392.6,7392.3,7390.3,6082.0,6081.4,6083.1,1849.2,1848.1,1847.8,3660.2,3659.9,3660.8,2537.9,2537.1,2537.2,2883.8,2883.4,2883.5,27.200001,26.459999,going to home base
2024-04-13T02:28:24Z,2361.8,2361.1,2361.5,2600.0,2599.9,2600.4,5644.6,5643.7,5644.2,2326.9,2326.8,2327.2,3473.5,3473.8,3473.6,4374.4,4374.6,4374.5,6080.6,6080.6,6080.1,8573.6,8573.2,8571.6,5186.4,5185.2,5185.7,7395.6,7392.8,7393.9,6083.4,6081.9,6083.0,1849.3,1847.9,1847.9,3660.3,3660.1,3661.1,2538.1,2536.9,2536.5,2882.6,2882.2,2882.3,27.200001,26.480000,going to home base
2024-04-13T02:28:29Z,2361.2,2360.7,2360.9,2599.9,2599.3,2600.6,5645.3,5644.4,5644.4,2326.7,2326.9,2327.4,3474.4,3473.8,3473.4,4375.4,4374.8,4375.2,6081.7,6082.4,6082.6,8571.7,8572.3,8573.0,5183.9,5183.7,5184.2,7394.3,7392.4,7392.9,6084.7,6084.0,6084.6,1849.1,1847.7,1847.7,3660.0,3660.3,3660.6,2538.1,2537.6,2537.7,2882.2,2882.0,2883.6,27.180000,26.469999,going to home base
2024-04-13T02:28:34Z,2361.3,2360.8,2360.9,2599.8,2599.7,2600.0,5644.4,5644.2,5644.9,2326.6,2327.2,2327.6,3473.5,3474.2,3473.2,4375.0,4374.6,4374.9,6081.3,6081.0,6080.8,8572.5,8572.0,8572.5,5184.5,5183.0,5184.8,7394.1,7393.4,7393.2,6083.5,6083.2,6084.0,1849.1,1847.6,1847.5,3659.8,3660.1,3661.0,2538.1,2537.0,2536.9,2884.1,2883.0,2883.5,27.209999,26.440001,going to home base
2024-04-13T02:28:39Z,2361.8,2361.0,2361.1,2600.0,2600.3,2600.8,5644.9,5643.9,5644.5,2326.9,2326.8,2327.5,3474.3,3473.7,3473.5,4374.6,4374.7,4375.0,6078.9,6077.0,6079.3,8572.1,8573.2,8573.9,5184.3,5184.7,5184.6,7394.9,7392.8,7393.8,6083.1,6082.8,6081.8,1849.1,1848.0,1848.3,3660.5,3660.8,3661.8,2538.4,2536.9,2537.3,2881.6,2881.1,2880.6,27.180000,26.410000,going to home base
2024-04-13T02:28:44Z,2361.7,2360.8,2361.3,2599.9,2600.3,2600.4,5644.4,5643.9,5644.2,2326.5,2326.2,2326.7,3473.6,3473.6,3473.4,4374.9,4374.7,4374.8,6079.3,6079.0,6080.6,8573.5,8572.5,8572.8,5184.4,5184.2,5185.0,7394.9,7393.3,7392.9,6084.8,6082.8,6084.6,1849.3,1847.6,1847.6,3661.2,3660.7,3661.7,2538.2,2537.1,2537.5,2883.5,2883.3,2883.4,27.200001,26.440001,going to home base
2024-04-13T02:28:49Z,2361.4,2360.8,2360.9,2599.7,2600.4,2600.5,5644.5,5644.3,5644.0,2325.8,2326.2,2327.1,3473.1,3473.3,3473.1,4375.1,4375.1,4374.8,6080.5,6079.9,6080.8,8573.3,8574.7,8573.7,5184.1,5183.9,5184.2,7391.4,7391.0,7392.4,6081.6,6082.4,6083.7,1849.5,1848.0,1848.0,3660.6,3660.2,3660.9,2538.1,2537.4,2537.3,2883.1,2882.3,2882.6,27.209999,26.459999,going to home base
2024-04-13T02:28:54Z,2361.2,2360.6,2360.9,2600.6,2600.5,2601.2,5644.7,5644.6,5643.4,2326.6,2326.6,2327.5,3473.9,3473.1,3473.2,4375.6,4375.4,4375.5,6080.7,6080.6,6080.2,8571.2,8571.2,8570.7,5183.4,5184.3,5185.0,7395.0,7393.9,7394.1,6085.5,6083.9,6084.1,1849.7,1848.4,1848.4,3660.4,3660.5,3661.6,2537.4,2536.5,2537.0,2883.6,2882.6,2882.8,27.200001,26.459999,going to home base
2024-04-13T02:28:59Z,2361.5,2361.4,2361.5,2600.6,2600.6,2600.6,5644.5,5644.1,5644.0,2326.9,2327.0,2327.5,3473.5,3473.4,3473.8,4375.0,4375.3,4375.4,6078.4,6079.6,6080.8,8572.8,8572.7,8573.1,5185.0,5185.0,5186.4,7393.7,7391.9,7393.0,6084.0,6082.9,6083.1,1849.6,1848.2,1848.4,3660.9,3660.7,3661.3,2537.3,2537.0,2537.1,2883.1,2883.2,2882.9,27.170000,26.430000,going to home base
2024-04-13T02:29:04Z,2361.3,2360.5,2360.6,2599.9,2600.0,2600.3,5645.2,5644.6,5645.1,2326.2,2325.9,2326.8,3474.5,3474.2,3474.4,4374.5,4375.0,4374.6,6078.4,6078.3,6079.3,8572.7,8570.7,8571.7,5181.6,5180.2,5182.1,7393.9,7393.6,7393.4,6082.2,6082.0,6083.9,1849.9,1848.4,1848.5,3660.6,3661.0,3661.6,2537.7,2537.5,2536.8,2883.0,2882.9,2882.9,27.200001,26.440001,going to home base
2024-04-13T02:29:09Z,2360.9,2360.2,2360.8,2600.0,2599.5,2599.6,5645.3,5645.0,5644.9,2326.4,2326.4,2326.9,3474.0,3473.1,3473.3,4375.2,4375.1,4375.2,6080.3,6079.7,6080.7,8572.4,8572.0,8572.1,5181.1,5181.3,5181.8,7394.2,7393.0,7392.2,6084.2,6082.4,6084.0,1849.8,1848.5,1848.8,3660.4,3660.6,3661.7,2538.0,2537.6,2537.4,2883.6,2882.7,2882.5,27.170000,26.459999,going to home base
2024-04-13T02:29:14Z,2361.1,2360.2,2360.5,2600.6,2600.8,2600.9,5645.6,5644.7,5645.1,2325.6,2325.5,2326.3,3473.9,3473.9,3473.6,4375.3,4374.9,4374.5,6078.0,6077.0,6078.1,8573.5,8572.7,8572.8,5182.7,5182.5,5184.8,7394.9,7393.7,7394.0,6083.4,6083.1,6083.8,1850.2,1848.5,1848.4,3660.1,3660.2,3660.6,2538.6,2538.0,2537.9,2883.2,2883.2,2883.4,27.230000,26.410000,going to home base
2024-04-13T02:29:19Z,2360.9,2359.9,2360.6,2600.8,2601.2,2601.2,5645.6,5644.9,5644.7,2326.5,2326.5,2327.0,3473.1,3473.1,3473.0,4375.3,4375.2,4375.1,6079.9,6080.0,6081.9,8570.8,8571.3,8571.6,5182.1,5181.6,5181.7,7394.1,7393.9,7394.4,6085.3,6083.7,6083.2,1849.8,1848.4,1848.0,3660.5,3660.6,3661.5,2537.9,2536.4,2537.2,2884.2,2883.2,2883.3,27.180000,26.430000,going to home base
2024-04-13T02:29:24Z,2360.8,2360.4,2360.7,2601.7,2601.5,2601.1,5645.1,5644.7,5645.1,2326.1,2325.5,2326.3,3472.7,3473.3,3473.3,4375.1,4375.1,4374.7,6080.4,6079.1,6080.1,8572.9,8570.4,8570.8,5181.8,5180.8,5182.8,7395.6,7394.2,7393.3,6085.9,6083.1,6082.8,1848.9,1847.9,1847.8,3660.7,3660.3,3661.4,2538.1,2537.7,2537.4,2882.7,2883.0,2882.7,27.170000,26.440001,going to home base
2024-04-13T02:29:29Z,2361.2,2360.3,2360.3,2600.4,2600.1,2600.3,5645.4,5645.5,5645.3,2326.2,2326.2,2327.1,3474.5,3473.6,3474.0,4375.5,4374.7,4374.8,6079.5,6080.9,6080.6,8573.1,8573.1,8572.1,5182.2,5181.5,5182.3,7393.3,7392.5,7393.0,6084.2,6082.5,6082.5,1849.7,1848.3,1848.5,3660.6,3660.3,3661.0,2539.0,2538.1,2538.2,2883.1,2883.4,2883.9,27.200001,26.430000,going to home base
2024-04-13T02:29:34Z,2360.6,2359.9,2360.5,2600.2,2600.4,2601.1,5645.4,5645.2,5645.0,2326.3,2326.2,2326.6,3474.7,3474.2,3474.0,4374.9,4374.2,4374.4,6080.3,6081.0,6081.1,8571.8,8572.0,8571.2,5185.1,5185.1,5186.3,7395.2,7394.8,7395.4,6085.0,6086.0,6084.4,1850.0,1848.0,1848.3,3659.9,3660.0,3660.7,2537.8,2537.5,2536.8,2884.0,2883.3,2883.6,27.180000,26.410000,going to home base
2024-04-13T02:29:39Z,2360.9,2360.4,2360.6,2600.4,2600.6,2600.7,5645.8,5645.1,5645.5,2326.2,2326.5,2326.7,3473.3,3472.6,3472.9,4375.0,4375.0,4375.2,6079.5,6078.7,6080.0,8572.2,8572.1,8571.1,5184.5,5184.6,5185.0,7393.1,7392.7,7391.9,6081.5,6081.9,6083.4,1850.0,1848.0,1847.9,3660.2,3660.4,3661.0,2537.6,2536.7,2536.9,2884.5,2883.4,2884.4,27.200001,26.410000,going to home base
2024-04-13T02:29:44Z,2360.6,2359.9,2360.2,2601.5,2601.3,2601.4,5644.5,5644.3,5644.3,2327.0,2326.9,2327.2,3473.5,3473.3,3473.0,4375.0,4374.7,4374.9,6077.8,6078.1,6077.0,8573.1,8572.2,8573.6,5183.6,5182.6,5184.0,7392.2,7392.4,7393.3,6081.9,6082.9,6082.8,1849.5,1848.0,1847.8,3660.2,3660.5,3661.2,2537.6,2536.7,2537.3,2884.7,2884.4,2884.4,27.180000,26.410000,going to home base
2024-04-13T02:29:49Z,2360.7,2359.8,2359.8,2600.8,2601.3,2601.3,5645.0,5644.3,5644.8,2326.7,2327.2,2327.1,3473.4,3472.7,3472.8,4375.0,4374.8,4375.2,6079.0,6078.4,6078.1,8573.9,8573.8,8572.8,5184.8,5183.7,5185.0,7394.6,7396.3,7392.9,6082.9,6081.8,6082.8,1849.7,1848.2,1848.2,3660.9,3660.6,3661.6,2537.9,2537.2,2536.8,2884.5,2883.7,2883.8,27.170000,26.400000,going to home base
2024-04-13T02:29:54Z,2360.9,2360.0,2360.3,2600.6,2600.8,2601.2,5645.0,5644.3,5644.1,2327.3,2327.5,2327.2,3474.2,3473.9,3474.0,4375.0,4374.8,4375.0,6080.4,6079.9,6079.6,8571.5,8573.7,8574.7,5186.1,5185.3,5186.3,7396.3,7395.4,7395.6,6083.3,6084.4,6083.7,1849.3,1848.1,1848.3,3660.1,3659.9,3661.1,2538.5,2537.3,2537.2,2884.1,2884.1,2885.1,27.180000,26.440001,going to home base
2024-04-13T02:29:59Z,2360.8,2360.4,2360.6,2600.8,2600.8,2601.4,5644.8,5644.5,5644.3,2327.2,2327.3,2327.4,3473.9,3473.0,3473.0,4374.7,4374.2,4374.8,6078.1,6080.3,6081.6,8572.3,8572.2,8571.9,5186.0,5185.8,5185.9,7393.6,7394.0,7393.5,6082.1,6081.7,6083.2,1850.0,1847.8,1848.0,3660.6,3660.3,3661.3,2538.1,2537.3,2536.9,2883.8,2883.6,2883.5,27.180000,26.410000,going to home base
2024-04-13T02:30:04Z,2360.5,2360.3,2360.1,2600.5,2600.8,2601.1,5645.3,5645.3,5645.1,2326.2,2326.2,2326.3,3473.6,3473.4,3473.0,4375.0,4374.8,4374.5,6077.2,6078.0,6079.6,8572.3,8570.9,8570.5,5187.2,5185.8,5187.5,7393.2,7392.5,7392.6,6084.4,6084.3,6083.4,1849.5,1848.0,1848.4,3660.5,3660.9,3661.5,2537.9,2536.8,2536.8,2884.6,2883.7,2884.2,27.180000,26.389999,going to home base
2024-04-13T02:30:09Z,2360.7,2360.1,2360.3,2600.4,2600.3,2600.5,5645.0,5644.2,5644.7,2326.1,2326.1,2326.1,3473.1,3473.3,3473.6,4375.2,4375.1,4375.1,6079.4,6078.2,6079.4,8572.4,8573.5,8572.8,5187.3,5186.1,5187.4,7393.8,7394.4,7394.3,6084.1,6082.6,6083.6,1849.2,1847.7,1848.0,3660.5,3660.3,3661.2,2538.3,2537.4,2537.5,2884.2,2883.6,2884.3,27.200001,26.370001,going to home base
2024-04-13T02:30:14Z,2360.5,2359.7,2360.0,2600.7,2600.3,2600.1,5644.9,5644.9,5644.5,2326.6,2326.0,2326.0,3474.3,3473.4,3474.2,4375.0,4374.3,4374.6,6076.5,6075.8,6076.3,8573.5,8572.0,8571.9,5185.3,5184.2,5186.6,7394.8,7392.6,7391.9,6081.3,6082.4,6083.3,1849.6,1848.2,1848.0,3660.6,3660.5,3660.9,2537.4,2536.6,2536.9,2884.4,2883.5,2883.6,27.200001,26.400000,going to home base
2024-04-13T02:30:19Z,2360.9,2360.2,2360.3,2600.9,2600.7,2601.5,5644.6,5644.7,5644.1,2326.1,2326.0,2326.5,3473.5,3473.0,3472.3,4374.9,4374.7,4374.5,6073.8,6074.0,6072.5,8571.8,8573.2,8573.9,5185.3,5184.8,5185.8,7392.8,7390.8,7391.0,6082.4,6080.0,6083.2,1849.1,1847.7,1848.0,3659.8,3659.5,3660.9,2538.5,2537.7,2537.9,2883.1,2882.7,2882.9,27.200001,26.410000,going to home base
2024-04-13T02:30:24Z,2360.7,2360.1,2360.3,2599.9,2599.6,2600.2,5644.8,5644.3,5644.2,2326.7,2326.8,2326.8,3474.9,3474.2,3473.4,4374.0,4374.7,4374.3,6072.9,6073.0,6073.9,8570.4,8570.8,8571.0,5186.2,5185.2,5185.6,7393.2,7391.1,7393.1,6081.5,6082.2,6083.4,1849.7,1848.2,1848.2,3660.8,3660.8,3661.8,2537.4,2536.7,2537.5,2883.6,2882.6,2883.0,27.150000,26.469999,going to home base
2024-04-13T02:30:29Z,2361.1,2360.3,2360.6,2600.5,2600.5,2600.5,5645.1,5644.3,5644.5,2326.1,2326.0,2326.2,3473.4,3473.3,3473.2,4374.4,4374.5,4374.6,6076.4,6073.4,6074.0,8572.3,8571.9,8571.4,5186.3,5185.8,5186.3,7393.6,7389.7,7391.1,6081.0,6083.3,6082.8,1849.5,1848.0,1847.9,3660.2,3660.5,3661.2,2537.9,2537.0,2537.0,2883.4,2883.1,2883.5,27.209999,26.459999,going to home base
2024-04-13T02:30:34Z,2361.0,2360.0,2360.2,2600.2,2600.3,2600.5,5644.8,5644.6,5644.4,2326.5,2325.7,2326.0,3474.0,3474.2,3473.9,4374.9,4374.3,4374.4,6077.0,6076.5,6077.3,8569.3,8571.2,8570.5,5184.4,5183.6,5185.2,7393.0,7392.3,7390.3,6083.0,6083.2,6083.1,1849.4,1847.9,1848.1,3660.6,3660.6,3661.4,2538.0,2537.3,2537.9,2881.8,2881.8,2882.3,27.200001,26.400000,going to home base
2024-04-13T02:30:39Z,2361.0,2360.4,2360.6,2600.4,2600.0,2600.7,5644.9,5644.3,5644.8,2326.3,2327.3,2327.2,3473.3,3473.1,3473.0,4375.2,4374.9,4374.4,6077.0,6077.6,6076.7,8571.6,8571.9,8572.9,5185.5,5185.0,5186.1,7391.4,7391.5,7391.3,6083.4,6082.6,6082.7,1849.8,1848.3,1848.2,3660.1,3660.1,3661.1,2537.5,2537.3,2537.8,2884.1,2883.6,2884.1,27.170000,26.430000,going to home base
2024-04-13T02:30:44Z,2361.4,2360.6,2361.0,2601.3,2601.4,2602.5,5645.7,5645.4,5645.5,2327.1,2327.0,2327.6,3472.7,3472.9,3473.6,4374.7,4374.2,4374.2,6077.0,6076.4,6075.7,8572.4,8574.1,8572.6,5185.8,5185.0,5186.8,7396.0,7394.9,7393.8,6082.9,6083.4,6083.1,1849.1,1847.9,1847.9,3660.2,3660.5,3661.4,2537.6,2536.9,2537.0,2884.3,2883.3,2883.4,27.230000,26.400000,going to home base
2024-04-13T02:30:49Z,2360.7,2360.4,2360.7,2600.9,2600.9,2601.0,5645.1,5645.0,5645.3,2326.8,2327.2,2327.3,3473.2,3471.9,3472.6,4374.1,4374.1,4374.4,6078.5,6078.8,6078.2,8573.1,8574.1,8573.6,5184.1,5184.4,5184.3,7392.0,7391.7,7392.6,6084.2,6084.4,6084.2,1850.1,1848.3,1848.3,3660.5,3660.3,3660.9,2537.2,2536.1,2536.5,2883.0,2882.2,2882.8,27.209999,26.370001,going to home base
2024-04-13T02:30:54Z,2361.4,2360.8,2360.8,2600.5,2600.3,2600.7,5645.1,5645.3,5645.4,2326.7,2326.5,2326.6,3473.1,3472.6,3472.4,4374.4,4374.8,4374.5,6076.0,6074.8,6076.5,8573.4,8574.0,8574.8,5185.2,5185.4,5185.9,7393.7,7394.7,7393.6,6083.5,6084.3,6085.2,1850.0,1848.5,1848.3,3660.1,3660.1,3660.7,2538.0,2537.0,2537.3,2883.4,2882.3,2882.4,27.200001,26.389999,going to home base
2024-04-13T02:30:59Z,2360.5,2359.5,2360.0,2600.7,2600.4,2600.5,5645.7,5644.6,5644.7,2326.8,2326.4,2327.8,3472.8,3472.6,3472.5,4375.2,4375.0,4375.1,6077.7,6077.9,6078.0,8573.7,8572.3,8573.1,5183.7,5182.5,5183.0,7394.4,7393.1,7392.3,6082.9,6084.2,6085.1,1849.8,1848.4,1848.6,3660.6,3661.3,3662.0,2537.7,2536.9,2537.2,2882.6,2883.1,2882.4,27.180000,26.410000,going to home base
2024-04-13T02:31:04Z,2360.6,2360.2,2360.3,2600.8,2600.6,2601.3,5645.2,5644.6,5644.4,2326.8,2326.5,2327.3,3473.8,3473.3,3473.5,4374.8,4374.6,4374.8,6076.9,6078.8,6075.8,8572.9,8573.0,8572.0,5183.5,5183.0,5183.1,7394.3,7393.0,7391.4,6082.4,6082.7,6084.4,1849.5,1848.0,1848.3,3660.3,3660.6,3661.5,2538.1,2537.1,2537.6,2882.4,2882.1,2881.6,27.200001,26.389999,going to home base
2024-04-13T02:31:09Z,2360.8,2359.7,2360.1,2600.5,2600.2,2600.7,5645.2,5645.1,5644.7,2326.7,2326.9,2327.4,3473.3,3472.4,3472.5,4374.5,4374.6,4374.7,6078.4,6078.0,6077.2,8572.1,8572.8,8573.4,5180.6,5179.7,5181.0,7395.0,7394.5,7394.3,6083.9,6081.7,6082.4,1849.7,1848.1,1847.9,3660.2,3659.9,3660.8,2538.0,2537.2,2537.2,2883.6,2882.8,2883.1,27.180000,26.410000,going to home base
2024-04-13T02:31:14Z,2360.6,2359.8,2359.9,2601.0,2600.7,2601.2,5645.4,5644.8,5644.9,2326.6,2326.5,2327.0,3473.8,3473.7,3473.5,4374.9,4374.5,4375.1,6078.2,6079.0,6077.6,8576.9,8575.9,8576.0,5182.0,5181.9,5183.5,7393.2,7392.6,7392.5,6083.4,6082.0,6084.9,1849.4,1847.8,1847.5,3660.7,3660.6,3660.9,2536.3,2535.9,2536.2,2882.8,2881.6,2882.7,27.180000,26.400000,going to home base
2024-04-13T02:31:19Z,2360.7,2360.1,2360.4,2600.2,2600.9,2600.4,5646.0,5645.6,5645.2,2327.0,2326.9,2327.6,3473.3,3473.2,3472.8,4374.4,4374.1,4374.4,6076.0,6077.7,6077.8,8574.7,8573.7,8572.7,5182.9,5182.2,5182.4,7394.0,7392.7,7394.3,6082.2,6082.6,6083.3,1850.2,1849.0,1849.0,3660.3,3660.4,3661.2,2537.0,2535.7,2535.6,2884.7,2883.5,2884.0,27.209999,26.330000,going to home base
2024-04-13T02:31:24Z,2360.7,2360.3,2360.4,2601.2,2600.8,2601.3,5645.2,5644.3,5644.9,2327.0,2327.0,2327.7,3473.9,3474.0,3473.4,4374.9,4375.0,4374.8,6076.2,6074.9,6075.6,8573.7,8574.1,8573.1,5181.1,5180.9,5182.9,7395.9,7394.4,7394.5,6083.0,6082.8,6083.5,1849.9,1848.7,1848.5,3659.5,3659.9,3660.4,2536.8,2536.5,2535.9,2884.4,2883.7,2884.8,27.180000,26.400000,going to home base
2024-04-13T02:31:29Z,2361.0,2360.9,2360.6,2600.0,2600.1,2600.7,5645.0,5644.3,5644.3,2326.4,2326.5,2326.7,3473.6,3471.6,3473.1,4374.9,4374.5,4374.8,6075.4,6075.4,6075.5,8575.0,8574.6,8573.8,5180.8,5181.6,5182.7,7392.4,7391.3,7391.9,6083.1,6084.7,6083.6,1849.5,1848.2,1848.2,3659.8,3660.7,3661.1,2537.7,2536.5,2536.7,2883.8,2883.2,2883.0,27.180000,26.389999,going to home base
2024-04-13T02:31:34Z,2361.1,2360.5,2360.6,2600.7,2600.7,2600.7,5645.2,5644.8,5645.1,2327.0,2326.8,2327.6,3473.8,3473.5,3472.8,4374.5,4374.7,4374.6,6077.9,6077.0,6077.5,8573.0,8573.0,8573.1,5180.0,5180.5,5181.0,7392.7,7390.9,7390.2,6082.2,6083.4,6082.1,1850.2,1848.5,1848.5,3660.4,3660.7,3661.4,2538.1,2537.5,2537.4,2883.2,2882.9,2882.9,27.180000,26.370001,going to home base
2024-04-13T02:31:39Z,2360.7,2360.1,2360.5,2600.0,2600.1,2600.2,5645.4,5645.5,5645.8,2327.1,2327.2,2327.4,3473.8,3473.4,3473.1,4375.0,4374.7,4375.1,6079.7,6078.0,6079.6,8573.6,8573.3,8573.6,5186.5,5186.0,5185.5,7393.2,7393.5,7392.2,6082.8,6081.7,6082.4,1850.1,1848.1,1848.1,3661.1,3661.3,3662.0,2538.7,2537.5,2537.3,2882.9,2883.4,2883.5,27.180000,26.350000,going to home base
2024-04-13T02:31:44Z,2361.2,2360.5,2361.1,2600.4,2600.3,2600.4,5644.8,5644.2,5644.9,2326.7,2326.7,2327.0,3473.2,3473.1,3472.8,4374.9,4375.1,4374.8,6078.7,6078.4,6079.7,8574.5,8575.1,8575.3,5185.6,5184.8,5186.5,7392.3,7390.9,7391.5,6081.1,6080.4,6081.5,1849.7,1848.4,1848.2,3660.2,3659.8,3661.8,2538.6,2538.4,2538.1,2883.1,2882.7,2883.5,27.170000,26.370001,going to home base
2024-04-13T02:31:49Z,2361.0,2360.7,2360.9,2600.6,2600.7,2601.0,5645.6,5645.0,5645.1,2327.5,2327.3,2327.9,3474.5,3473.3,3473.7,4375.3,4375.1,4375.0,6080.7,6078.5,6081.2,8573.6,8575.2,8574.1,5184.8,5184.8,5186.4,7393.9,7394.8,7393.6,6083.3,6082.7,6083.3,1850.0,1848.6,1848.5,3661.3,3661.3,3662.1,2538.2,2538.1,2537.6,2882.4,2881.8,2882.0,27.180000,26.340000,going to home base
2024-04-13T02:31:59Z,2360.8,2360.3,2360.7,2600.5,2600.0,2600.6,5645.1,5644.9,5644.5,2326.5,2326.9,2327.4,3473.7,3473.2,3473.2,4375.0,4374.4,4374.8,6079.5,6080.2,6081.1,8574.2,8574.8,8573.7,5183.1,5183.0,5184.0,7393.2,7394.1,7393.9,60start,26634.2,26635.7,2600.9,2601.2,5644.9,5645.0,5645.0,2326.9,2326.7,2327.4,3734.0,3733.9,87895.4,87867.1,14098.9,3473.1,going to home base
2024-04-13T02:32:09Z,2360.7,2360.1,2360.1,2600.5,2600.2,2600.7,5644.8,5644.1,5644.2,2326.4,2326.6,2327.3,3473.5,3472.9,3473.4,4375.5,4375.0,4375.2,6080.0,6078.7,6080.9,8574.3,8574.5,8572.9,5185.4,5184.8,5184.8,7393.7,7393.2,7394.0,6084.4,6082.0,6081.9,1849.4,1848.0,1847.7,3661.2,3661.0,3661.6,2537.6,2537.1,2537.6,2881.9,2881.2,2881.5,27.180000,26.340000,going to home base
2024-04-13T02:32:14Z,2360.8,2360.3,2360.6,2600.5,2600.3,2601.2,5645.4,5644.8,5645.4,2326.3,2326.3,2326.4,3471.9,3471.6,3472.3,4375.2,4375.3,4374.8,6079.6,6079.3,6079.7,8576.3,8574.1,8572.9,5184.6,5183.5,5183.4,7394.6,7393.1,7393.8,6083.8,6082.1,6083.6,1850.0,1848.7,1848.5,3660.2,3660.1,3660.8,2537.5,2536.1,2537.0,2883.3,2882.6,2883.3,27.180000,26.350000,going to home base
2024-04-13T02:32:19Z,2361.0,2360.0,2360.2,2600.1,2599.7,2600.0,5645.2,5644.9,5644.9,2326.2,2325.9,2326.1,3472.4,3472.3,3471.8,4375.3,4374.6,4375.0,6077.3,6077.4,6078.0,8575.2,8573.2,8575.2,5183.3,5183.7,5185.2,7394.7,7392.4,7393.2,6082.6,6084.6,6083.3,1849.6,1848.2,1848.5,3659.9,3660.1,3660.3,2537.8,2536.5,2536.3,2883.0,2882.3,2883.4,27.200001,26.340000,going to home base
2024-04-13T02:32:24Z,2361.0,2360.1,2360.4,2600.5,2600.1,2600.3,5645.4,5644.5,5644.7,2326.5,2326.5,2326.4,3472.0,3471.7,3472.3,4375.1,4374.6,4375.1,6079.3,6077.9,6078.6,8573.1,8572.3,8572.1,5184.3,5185.5,5185.7,7394.7,7393.3,7393.8,6082.1,6082.4,6082.0,1849.7,1848.3,1848.2,3660.2,3660.4,3660.9,2537.1,2536.1,2536.4,2882.7,2882.1,2882.2,27.150000,26.360001,going to home base
2024-04-13T02:32:29Z,2360.8,2360.2,2360.5,2599.7,2599.7,2599.8,5645.0,5645.2,5644.9,2326.6,2326.2,2327.3,3473.3,3473.7,3472.7,4375.0,4374.7,4374.9,6077.6,6077.6,6076.9,8572.9,8572.9,8572.2,5184.9,5185.0,5185.7,7393.4,7391.8,7393.8,6081.8,6081.5,6082.9,1849.4,1848.2,1847.9,3660.2,3660.2,3661.4,2537.7,2537.2,2537.2,2882.5,2882.0,2884.0,27.170000,26.330000,going to home base
2024-04-13T02:32:34Z,2360.9,2360.2,2360.2,2600.0,2599.7,2600.3,5645.4,5645.2,5645.3,2326.7,2326.5,2326.9,3473.0,3473.1,3472.6,4374.9,4374.6,4374.7,6075.8,6075.7,6077.0,8574.5,8576.1,8574.9,5184.9,5185.0,5186.2,7391.7,7392.4,7392.2,6083.3,6085.3,6084.6,1849.4,1848.2,1848.3,3659.7,3659.4,3660.3,2538.1,2536.9,2537.0,2882.5,2882.0,2882.0,27.180000,26.309999,going to home base
2024-04-13T02:32:39Z,2360.9,2360.6,2360.7,2600.6,2600.2,2601.1,5645.6,5644.7,5644.8,2326.5,2326.5,2326.9,3473.5,3472.7,3473.0,4375.2,4374.8,4374.5,6077.6,6078.0,6077.7,8574.1,8574.0,8573.9,5187.1,5185.5,5186.9,7393.5,7393.8,7393.1,6085.8,6083.8,6083.4,1849.8,1848.2,1847.9,3659.4,3659.2,3660.1,2537.3,2537.1,2536.8,2883.4,2882.2,2882.7,27.170000,26.299999,going to home base
2024-04-13T02:32:44Z,2360.9,2360.0,2360.2,2600.7,2600.6,2601.0,5644.9,5644.4,5644.5,2326.4,2326.7,2327.1,3473.1,3473.0,3473.3,4375.2,4375.4,4375.4,6079.4,6077.9,6079.1,8577.4,8578.4,8575.3,5185.5,5186.1,5186.2,7395.6,7395.2,7395.5,6082.9,6082.0,6082.2,1849.8,1848.4,1848.5,3659.0,3658.9,3660.0,2536.7,2536.1,2535.7,2883.7,2882.5,2881.6,27.170000,26.370001,going to home base
2024-04-13T02:32:49Z,2361.1,2360.7,2360.6,2600.8,2600.7,2600.1,5644.8,5644.6,5644.8,2326.4,2326.1,2326.4,3473.6,3473.1,3472.9,4375.4,4375.0,4375.0,6077.4,6077.2,6079.6,8577.1,8577.4,8577.3,5185.6,5184.1,5185.8,7394.2,7392.3,7394.0,6085.0,6085.1,6085.5,1849.5,1848.2,1848.4,3659.4,3659.6,3660.6,2537.6,2536.2,2536.6,2881.8,2880.1,2881.4,27.170000,26.370001,going to home base
2024-04-13T02:32:54Z,2361.3,2361.1,2360.7,2600.8,2600.3,2600.9,5645.4,5644.6,5645.0,2326.2,2326.3,2326.3,3472.7,3472.2,3472.3,4374.1,4374.4,4374.3,6076.9,6076.6,6076.5,8576.4,8575.5,8578.1,5185.4,5184.1,5184.7,7393.4,7391.8,7392.7,6084.4,6084.2,6085.0,1850.3,1848.7,1848.0,3659.3,3659.2,3660.6,2537.6,2537.0,2536.9,2883.4,2883.1,2883.6,27.200001,26.389999,going to home base
2024-04-13T02:32:59Z,2361.6,2360.7,2361.0,2600.3,2599.8,2600.5,5645.0,5644.5,5644.7,2326.6,2326.7,2326.8,3472.8,3472.6,3473.2,4374.7,4374.5,4374.9,6080.2,6079.8,6078.9,8576.8,8576.9,8577.7,5183.7,5184.1,5184.8,7392.8,7391.7,7392.6,6082.1,6082.3,6081.7,1849.6,1848.2,1848.5,3659.2,3659.7,3660.4,2537.2,2536.6,2536.9,2880.8,2879.9,2881.1,27.170000,26.370001,going to home base
2024-04-13T02:33:04Z,2362.0,2361.3,2361.3,2600.4,2599.8,2600.6,5644.8,5643.6,5644.2,2327.1,2326.8,2327.6,3474.0,3473.3,3473.2,4374.5,4374.5,4374.8,6077.5,6077.9,6076.9,8577.1,8578.3,8577.2,5184.2,5184.5,5185.9,7392.1,7391.5,7391.8,6084.2,6083.8,6085.5,1849.8,1848.5,1848.3,3659.6,3659.5,3660.5,2537.3,2536.5,2536.4,2881.4,2881.6,2882.3,27.180000,26.340000,going to home base
2024-04-13T02:33:09Z,2361.8,2360.8,2361.2,2600.7,2600.2,2601.0,5644.7,5644.4,5644.5,2327.2,2327.0,2327.3,3473.6,3473.0,3472.9,4374.7,4374.5,4374.6,6078.7,6078.9,6077.9,8577.8,8576.7,8577.4,5184.2,5183.4,5184.2,7393.7,7392.8,7393.4,6085.5,6084.6,6083.9,1850.5,1849.1,1849.0,3659.5,3659.6,3660.5,2536.9,2536.1,2536.0,2886.1,2884.3,2883.8,27.170000,26.379999,going to home base
2024-04-13T02:33:14Z,2361.5,2361.0,2361.0,2600.9,2600.7,2600.8,5644.5,5643.8,5643.8,2326.8,2326.4,2326.7,3473.4,3473.0,3473.1,4374.8,4374.5,4374.8,6078.4,6079.2,6079.8,8575.6,8574.9,8576.8,5185.8,5185.4,5186.2,7395.6,7394.7,7393.9,6084.2,6086.5,6085.1,1849.9,1848.4,1848.6,3659.2,3660.2,3660.6,2536.8,2535.8,2535.6,2884.0,2883.2,2883.7,27.150000,26.400000,going to home base
2024-04-13T02:33:19Z,2361.6,2361.0,2360.5,2600.6,2600.9,2601.3,5644.1,5643.6,5644.0,2326.9,2326.3,2327.2,3473.4,3473.3,3473.4,4374.6,4374.4,4374.3,6080.4,6078.8,6080.2,8575.8,8575.9,8576.2,5185.8,5184.4,5185.6,7395.4,7394.6,7395.9,6085.3,6086.5,6085.0,1849.9,1848.1,1847.8,3660.0,3659.9,3660.6,2535.8,2534.4,2535.0,2883.3,2882.9,2883.0,27.170000,26.410000,going to home base
2024-04-13T02:33:24Z,2361.2,2360.5,2360.5,2600.0,2600.3,2600.5,5644.6,5644.4,5644.3,2326.3,2326.4,2327.0,3473.5,3473.3,3473.3,4374.0,4373.9,4374.1,6079.9,6079.1,6080.3,8577.2,8575.3,8575.1,5184.3,5184.7,5186.2,7392.6,7391.1,7392.0,6082.5,6084.4,6084.2,1850.9,1849.3,1848.8,3659.1,3658.7,3659.9,2536.6,2535.9,2535.9,2883.3,2882.4,2882.5,27.180000,26.350000,going to home base
2024-04-13T02:33:29Z,2361.2,2360.5,2360.6,2600.4,2600.4,2600.3,5644.3,5644.4,5644.9,2326.7,2326.3,2327.0,3473.5,3473.4,3472.6,4375.0,4374.9,4374.5,6078.6,6078.5,6078.9,8576.4,8575.2,8575.4,5186.8,5186.6,5187.6,7393.8,7394.0,7392.5,6085.2,6084.8,6085.6,1850.2,1848.7,1848.5,3659.6,3659.7,3660.4,2536.6,2535.9,2535.6,2883.5,2881.9,2882.5,27.180000,26.430000,going to home base
2024-04-13T02:33:34Z,2361.4,2360.7,2360.9,2599.8,2599.6,2599.9,5644.7,5644.6,5643.8,2326.7,2326.6,2326.8,3473.9,3473.9,3474.1,4375.3,4375.1,4375.1,6079.4,6079.8,6079.0,8575.6,8573.7,8573.1,5186.2,5185.6,5186.4,7394.9,7393.2,7393.4,6086.3,6085.8,6086.6,1850.2,1848.8,1848.8,3660.1,3659.8,3660.8,2536.8,2536.2,2537.1,2883.6,2883.9,2884.5,27.180000,26.389999,going to home base
2024-04-13T02:33:39Z,2361.2,2360.5,2360.7,2599.9,2600.0,2600.3,5644.4,5644.1,5644.7,2326.6,2326.2,2327.1,3472.9,3472.9,3472.7,4375.1,4374.5,4374.6,6078.9,6078.0,6077.1,8575.2,8576.4,8575.1,5185.9,5185.7,5186.4,7392.2,7390.9,7391.2,6085.1,6084.5,6085.5,1850.5,1849.2,1849.3,3659.1,3659.3,3660.2,2537.1,2536.4,2536.0,2883.8,2883.8,2884.0,27.150000,26.340000,going to home base
2024-04-13T02:33:44Z,2361.3,2361.2,2361.2,2600.4,2599.6,2600.0,5644.9,5644.3,5644.2,2326.8,2325.5,2326.4,3472.9,3472.6,3473.2,4374.7,4374.4,4374.3,6076.4,6076.5,6076.8,8575.6,8575.7,8575.5,5185.6,5185.7,5186.2,7390.7,7390.9,7390.3,6084.2,6084.9,6085.8,1849.9,1848.6,1848.7,3659.8,3660.0,3660.6,2537.7,2536.8,2537.2,2883.7,2883.8,2883.4,27.150000,26.340000,going to home base
2024-04-13T02:33:49Z,2361.0,2360.5,2360.7,2600.8,2600.5,2600.3,5644.0,5643.9,5643.9,2327.0,2327.0,2327.1,3472.7,3472.3,3472.9,4374.3,4373.9,4374.4,6079.2,6078.3,6078.0,8573.9,8572.9,8573.9,5185.2,5184.3,5185.2,7392.5,7391.4,7391.5,6084.4,6083.9,6084.1,1849.8,1848.4,1848.4,3659.9,3660.0,3660.9,2537.1,2536.2,2536.3,2883.6,2883.2,2883.8,27.200001,26.379999,going to home base
2024-04-13T02:33:54Z,2361.5,2360.5,2360.9,2600.5,2600.4,2600.5,5644.5,5644.1,5643.9,2326.3,2326.5,2327.0,3472.9,3472.6,3472.7,4374.5,4374.0,4373.9,6077.1,6076.6,6078.0,8574.6,8573.6,8575.3,5185.1,5185.8,5186.8,7392.7,7390.3,7391.0,6082.2,6082.6,6079.5,1849.4,1848.3,1848.3,3659.5,3659.8,3660.1,2537.2,2536.9,2536.6,2881.3,2881.0,2881.0,27.180000,26.330000,going to home base
2024-04-13T02:33:59Z,2361.2,2360.8,2360.8,2600.3,2600.3,2600.5,5644.1,5643.7,5643.9,2327.2,2326.8,2327.3,3472.8,3472.6,3472.6,4374.2,4374.2,4374.0,6077.8,6078.4,6076.8,8573.0,8573.6,8574.4,5186.0,5186.8,5186.7,7394.2,7393.4,7393.6,6085.5,6085.7,6086.1,1848.6,1847.5,1847.7,3659.3,3659.2,3660.6,2536.9,2536.4,2536.7,2883.2,2882.9,2882.9,27.200001,26.350000,going to home base
2024-04-13T02:34:04Z,2360.7,2360.2,2360.5,2600.2,2599.5,2600.3,5644.9,5644.3,5644.2,2326.2,2326.9,2327.0,3472.9,3472.9,3472.6,4374.7,4374.7,4374.6,6078.1,6076.3,6076.4,8574.2,8575.7,8576.2,5187.2,5186.7,5188.1,7391.5,7390.0,7389.9,6079.9,6080.8,6081.7,1849.9,1848.3,1848.2,3659.7,3660.0,3661.1,2537.2,2537.1,2536.7,2883.2,2882.7,2883.4,27.170000,26.330000,going to home base
2024-04-13T02:34:09Z,2361.1,2360.5,2360.5,2599.5,2599.4,2599.6,5644.8,5643.8,5644.2,2326.4,2325.8,2327.3,3473.4,3473.1,3473.3,4374.4,4374.5,4374.8,6078.3,6078.0,6078.8,8576.5,8577.4,8576.6,5185.0,5185.1,5186.2,7393.2,7391.4,7392.2,6085.4,6084.5,6085.0,1850.0,1848.3,1848.2,3659.8,3659.8,3660.7,2537.1,2535.8,2536.3,2883.1,2882.6,2883.3,27.180000,26.330000,going to home base
2024-04-13T02:34:14Z,2361.5,2361.0,2361.0,2600.5,2600.6,2600.4,5645.0,5644.5,5644.4,2327.1,2327.4,2327.5,3473.2,3473.1,3472.7,4374.4,4374.3,4374.1,6083.1,6083.0,6083.5,8575.0,8575.0,8574.5,5185.6,5186.2,5186.7,7394.6,7394.9,7393.7,6082.1,6083.4,6082.5,1849.3,1847.8,1847.9,3659.5,3659.9,3660.5,2536.9,2536.3,2536.1,2884.4,2883.1,2883.2,27.170000,26.340000,going to home base
2024-04-13T02:34:19Z,2360.6,2359.8,2359.9,2599.8,2599.9,2600.0,5644.2,5643.7,5644.1,2325.8,2325.5,2325.5,3472.9,3472.9,3472.6,4374.4,4374.4,4374.4,6080.6,6081.1,6082.0,8573.6,8574.1,8574.3,5186.3,5185.8,5186.7,7392.4,7390.7,7391.8,6082.9,6083.3,6083.7,1849.7,1848.2,1848.5,3660.0,3660.2,3661.2,2536.1,2535.2,2535.7,2883.1,2883.5,2882.6,27.180000,26.400000,going to home base
2024-04-13T02:34:24Z,2360.6,2360.2,2360.2,2600.7,2600.2,2600.3,5644.9,5644.7,5644.6,2327.1,2326.9,2326.6,3474.4,3473.7,3473.3,4374.3,4374.3,4373.5,6084.4,6082.9,6082.9,8571.3,8572.7,8574.1,5186.1,5185.1,5186.1,7394.7,7392.9,7394.4,6083.8,6085.3,6084.6,1849.7,1848.0,1847.8,3660.7,3660.5,3661.8,2537.3,2536.2,2536.8,2883.3,2883.5,2884.4,27.200001,26.370001,going to home base
2024-04-13T02:34:29Z,2360.5,2359.7,2360.1,2600.6,2600.8,2600.6,5645.1,5644.4,5644.5,2327.3,2327.1,2327.9,3473.9,3473.6,3473.4,4374.6,4374.7,4374.3,6080.2,6081.0,6082.2,8573.1,8572.5,8572.2,5185.1,5185.3,5186.2,7395.5,7393.8,7393.4,6082.6,6082.4,6082.1,1850.0,1848.5,1848.5,3660.0,3660.2,3661.4,2536.6,2536.0,2536.0,2882.5,2882.1,2882.0,27.150000,26.340000,going to home base
2024-04-13T02:34:34Z,2360.5,2359.7,2360.3,2600.3,2600.0,2600.4,5644.5,5643.8,5644.3,2327.1,2327.2,2327.4,3473.3,3472.1,3472.0,4375.6,4374.6,4374.7,6079.7,6080.9,6081.8,8574.1,8573.5,8573.2,5186.0,5185.3,5187.0,7393.3,7392.9,7391.4,6082.4,6082.5,6082.2,1849.8,1847.7,1847.9,3660.0,3659.7,3660.9,2537.7,2536.1,2536.5,2882.0,2882.0,2882.7,27.170000,26.309999,going to home base
2024-04-13T02:34:39Z,2360.6,2359.9,2360.5,2600.1,2599.7,2600.5,5644.4,5644.2,5644.3,2326.9,2326.7,2327.0,3472.4,3471.9,3472.6,4374.8,4375.1,4374.6,6079.6,6080.7,6080.3,8573.5,8573.3,8573.8,5184.7,5184.7,5185.0,7395.8,7395.0,7394.7,6084.3,6081.8,6081.4,1849.1,1847.5,1847.1,3659.9,3660.8,3661.7,2536.8,2536.4,2536.6,2883.2,2882.5,2882.4,27.150000,26.350000,going to home base
2024-04-13T02:34:44Z,2361.0,2360.3,2360.3,2600.7,2600.0,2601.0,5644.1,5644.4,5643.8,2326.6,2326.9,2327.4,3472.4,3472.2,3472.2,4375.1,4374.3,4374.9,6078.9,6079.1,6079.9,8576.0,8575.2,8574.5,5184.5,5184.9,5184.0,7394.2,7392.4,7394.1,6079.5,6078.6,6081.0,1849.4,1847.9,1848.1,3660.7,3660.0,3661.0,2536.6,2536.1,2536.6,2881.6,2881.4,2881.7,27.150000,26.370001,going to home base
2024-04-13T02:34:49Z,2361.2,2360.5,2360.8,2599.8,2599.9,2600.2,5644.7,5644.1,5644.6,2326.9,2326.7,2327.3,3472.3,3471.2,3472.0,4374.6,4374.7,4374.2,6078.2,6079.2,6078.9,8575.2,8574.0,8573.3,5186.0,5184.4,5185.8,7395.9,7394.6,7393.7,6084.7,6085.3,6083.3,1849.8,1848.4,1848.1,3660.0,3660.0,3660.8,2537.4,2536.5,2536.4,2882.6,2880.5,2881.8,27.180000,26.340000,going to home base
2024-04-13T02:34:54Z,2361.2,2360.2,2361.1,2599.5,2600.0,2600.1,5645.3,5644.6,5644.4,2326.5,2326.5,2327.1,3473.4,3472.6,3472.4,4374.8,4374.7,4374.5,6079.2,6080.4,6080.4,8573.5,8572.7,8571.9,5185.3,5185.3,5186.3,7394.2,7394.3,7393.6,6082.1,6082.8,6083.5,1849.6,1848.0,1847.8,3660.1,3659.9,3660.8,2538.7,2538.1,2537.8,2881.2,2880.7,2881.1,27.150000,26.309999,going to home base
2024-04-13T02:34:59Z,2361.2,2360.3,2360.9,2599.8,2599.6,2600.0,5644.0,5644.3,5644.1,2326.4,2326.6,2327.1,3472.7,3472.1,3472.3,4374.9,4375.3,4374.8,6080.9,6080.2,6080.2,8572.1,8570.6,8570.6,5185.8,5185.6,5186.5,7392.0,7391.6,7391.5,6083.1,6082.3,6083.1,1849.3,1847.9,1847.4,3660.2,3659.5,3660.0,2537.7,2537.2,2537.0,2881.6,2881.0,2881.7,27.170000,26.270000,going to home base
2024-04-13T02:35:04Z,2361.1,2360.3,2360.3,2599.6,2600.4,2600.5,5644.4,5643.8,5644.3,2326.2,2326.7,2327.0,3473.2,3472.2,3472.6,4375.1,4375.2,4375.3,6078.5,6079.4,6079.7,8573.9,8573.9,8573.9,5185.6,5185.4,5186.4,7393.9,7392.8,7393.4,6082.1,6080.7,6081.9,1849.3,1848.1,1848.0,3660.1,3660.0,3660.4,2537.3,2536.9,2537.0,2880.5,2879.8,2880.3,27.150000,26.290001,going to home base
2024-04-13T02:35:09Z,2361.2,2360.4,2360.7,2599.8,2599.8,2600.6,5644.9,5644.4,5644.3,2326.4,2326.5,2327.4,3473.0,3472.6,3472.5,4374.6,4374.4,4374.3,6077.6,6076.1,6076.7,8571.4,8571.3,8572.1,5184.2,5184.5,5184.8,7393.8,7393.2,7392.9,6082.8,6083.4,6084.6,1849.5,1848.4,1847.9,3659.6,3659.6,3660.6,2538.0,2537.2,2537.4,2881.6,2882.1,2882.6,27.150000,26.370001,going to home base
2024-04-13T02:35:14Z,2361.0,2360.6,2361.1,2600.3,2600.4,2600.6,5644.8,5644.7,5644.7,2326.9,2326.7,2327.0,3472.7,3472.6,3472.4,4375.3,4374.9,4375.0,6080.8,6077.8,6078.7,8574.7,8574.0,8572.5,5185.4,5186.1,5186.8,7393.3,7393.4,7393.1,6082.7,6081.0,6082.3,1849.1,1847.5,1847.3,3659.8,3659.8,3660.6,2537.6,2537.1,2537.2,2881.8,2881.6,2882.0,27.139999,26.299999,going to home base
2024-04-13T02:35:19Z,2361.3,2360.6,2361.0,2600.1,2600.0,2600.5,5644.7,5644.4,5644.3,2327.2,2327.2,2327.6,3472.6,3472.7,3472.7,4375.0,4374.5,4375.0,6077.0,6077.9,6076.6,8572.7,8573.8,8572.3,5186.3,5186.2,5185.7,7393.7,7393.3,7392.9,6082.0,6082.3,6082.0,1849.3,1848.1,1847.9,3660.2,3660.3,3661.2,2538.0,2537.3,2537.3,2883.1,2882.2,2883.0,27.180000,26.290001,going to home base
2024-04-13T02:35:24Z,2361.2,2360.4,2360.2,2600.8,2600.4,2601.3,5644.5,5644.2,5644.2,2327.3,2327.2,2327.7,3473.2,3472.7,3473.7,4375.2,4375.4,4374.6,6081.6,6080.4,6082.1,8576.8,8575.4,8574.5,5185.7,5185.6,5185.8,7394.5,7392.9,7392.7,6081.4,6081.5,6082.5,1849.5,1848.2,1848.2,3660.6,3660.5,3661.0,2537.4,2536.9,2537.0,2882.8,2882.4,2882.9,27.170000,26.299999,going to home base
2024-04-13T02:35:29Z,2360.9,2360.2,2360.3,2599.7,2599.6,2600.2,5645.2,5644.5,5644.6,2326.6,2326.3,2326.7,3472.2,3472.1,3471.8,4375.2,4375.1,4374.8,6079.5,6079.1,6078.9,8575.1,8575.0,8576.8,5186.8,5186.9,5187.9,7395.6,7393.9,7394.7,6082.8,6082.8,6083.3,1849.1,1847.6,1847.3,3659.9,3660.1,3660.6,2537.0,2536.1,2536.4,2881.1,2881.4,2881.1,27.139999,26.340000,going to home base
2024-04-13T02:35:34Z,2360.7,2359.9,2360.0,2600.6,2600.7,2600.6,5644.4,5644.1,5644.2,2327.1,2326.4,2327.2,3472.6,3472.0,3472.1,4375.0,4374.8,4374.7,6075.9,6077.5,6077.4,8576.9,8577.0,8575.3,5185.9,5185.6,5185.9,7396.6,7394.3,7396.4,6082.5,6081.8,6083.9,1849.7,1848.3,1848.4,3659.9,3659.9,3660.4,2537.1,2536.6,2536.4,2881.7,2880.8,2882.3,27.150000,26.299999,going to home base
2024-04-13T02:35:39Z,2360.6,2359.5,2360.4,2600.1,2599.5,2600.2,5645.0,5644.9,5645.2,2327.2,2326.9,2327.4,3473.2,3473.2,3472.6,4374.6,4374.7,4374.6,6079.2,6078.8,6077.6,8575.1,8574.9,8574.4,5185.0,5185.4,5186.1,7392.7,7392.7,7393.5,6082.8,6082.4,6083.8,1849.2,1847.7,1848.1,3660.1,3660.1,3661.4,2537.2,2536.3,2536.1,2881.8,2882.0,2882.9,27.170000,26.340000,going to home base
2024-04-13T02:35:44Z,2360.8,2360.2,2360.2,2600.2,2599.9,2600.3,5644.6,5644.1,5644.6,2326.1,2326.0,2326.6,3472.1,3471.5,3471.6,4374.6,4374.6,4374.7,6078.9,6078.3,6078.6,8574.0,8572.6,8573.3,5185.0,5184.6,5186.7,7395.5,7394.6,7394.4,6078.6,6080.2,6081.2,1849.6,1847.6,1847.6,3659.1,3659.2,3660.2,2537.8,2537.7,2537.7,2882.0,2881.7,2881.7,27.150000,26.330000,going to home base
2024-04-13T02:35:49Z,2360.7,2360.2,2360.7,2600.1,2599.8,2600.0,5644.9,5644.5,5644.3,2326.0,2326.1,2326.5,3472.4,3472.0,3472.1,4375.1,4375.0,4374.8,6079.5,6078.9,6079.8,8572.4,8572.5,8572.4,5182.9,5183.3,5184.3,7395.3,7394.4,7394.3,6081.7,6082.1,6081.7,1849.4,1848.0,1848.3,3659.8,3659.4,3660.5,2537.5,2536.3,2536.8,2882.0,2881.6,2882.2,27.170000,26.340000,going to home base
2024-04-13T02:35:54Z,2360.5,2359.5,2359.8,2599.5,2599.0,2599.4,5644.6,5644.6,5644.6,2326.7,2326.5,2327.0,3472.4,3472.3,3471.9,4374.8,4375.1,4375.0,6077.7,6078.4,6078.4,8574.2,8573.8,8574.0,5184.6,5184.1,5184.3,7395.2,7392.7,7395.4,6080.8,6081.4,6081.6,1849.4,1848.0,1848.1,3659.6,3659.8,3660.6,2536.7,2536.0,2536.1,2883.5,2882.8,2881.9,27.170000,26.309999,going to home base
2024-04-13T02:35:59Z,2360.7,2360.0,2360.1,2599.8,2599.7,2600.4,5645.2,5644.1,5644.4,2327.5,2327.1,2327.7,3472.2,3471.7,3471.9,4375.1,4374.9,4375.2,6077.8,6077.8,6077.4,8574.1,8574.0,8573.1,5184.5,5184.6,5186.0,7396.5,7395.3,7394.7,6082.0,6082.2,6081.4,1849.1,1848.6,1848.1,3660.3,3660.4,3660.9,2536.7,2535.2,2535.2,2880.1,2880.2,2879.7,27.150000,26.370001,going to home base
2024-04-13T02:36:04Z,2360.9,2360.1,2360.2,2600.0,2599.3,2600.0,5645.2,5644.8,5644.5,2327.2,2326.9,2327.2,3472.6,3472.1,3471.9,4374.6,4374.8,4374.1,6078.6,6077.7,6078.5,8577.3,8576.1,8575.4,5184.0,5183.8,5184.8,7394.2,7394.1,7395.5,6084.5,6083.2,6083.0,1849.4,1848.0,1848.0,3660.3,3660.4,3661.1,2537.1,2536.3,2536.2,2881.6,2882.0,2881.6,27.139999,26.330000,going to home base
2024-04-13T02:36:09Z,2361.5,2360.5,2360.8,2600.5,2600.2,2600.7,5644.7,5644.8,5644.4,2326.4,2326.6,2326.7,3473.0,3472.5,3471.9,4374.4,4374.7,4373.9,6078.5,6077.8,6078.0,8575.7,8575.0,8575.9,5183.1,5181.9,5184.0,7396.0,7395.2,7394.8,6085.5,6084.3,6085.7,1849.5,1847.9,1848.3,3660.6,3660.4,3661.3,2537.5,2536.4,2536.7,2883.1,2881.7,2882.1,27.170000,26.290001,going to home base
2024-04-13T02:36:14Z,2361.2,2360.7,2360.6,2599.8,2599.5,2600.3,5644.8,5644.0,5644.4,2327.1,2327.2,2327.6,3472.7,3471.5,3472.1,4374.9,4374.6,4374.8,6077.0,6075.7,6076.0,8572.6,8573.3,8573.9,5183.6,5183.0,5184.4,7396.1,7396.0,7395.3,6084.1,6083.0,6083.4,1849.8,1847.9,1848.3,3661.0,3660.7,3661.9,2537.7,2536.8,2536.7,2882.2,2881.0,2881.3,27.170000,26.299999,going to home base
2024-04-13T02:36:19Z,2361.1,2360.4,2360.5,2598.8,2599.3,2599.5,5644.5,5644.3,5644.3,2326.8,2327.1,2327.3,3471.2,3471.0,3471.1,4374.9,4374.9,4375.1,6079.3,6077.2,6076.6,8578.0,8576.6,8576.0,5185.4,5185.6,5185.5,7396.8,7395.4,7395.3,6081.6,6081.8,6079.9,1849.6,1848.2,1848.5,3660.0,3660.9,3662.0,2537.9,2536.8,2537.3,2881.6,2881.2,2881.6,27.139999,26.260000,going to home base
2024-04-13T02:36:24Z,2361.0,2360.9,2361.1,2599.4,2599.4,2599.8,5645.6,5645.3,5645.3,2326.8,2326.3,2327.2,3472.1,3471.8,3471.9,4374.9,4374.7,4375.0,6078.2,6077.0,6076.8,8576.1,8575.6,8574.4,5185.2,5185.1,5185.6,7395.3,7394.0,7393.1,6083.2,6083.3,6085.6,1849.9,1848.6,1848.2,3660.2,3660.4,3661.1,2537.2,2536.1,2536.2,2882.5,2882.2,2881.9,27.150000,26.260000,going to home base
2024-04-13T02:36:29Z,2361.5,2360.8,2360.8,2599.5,2599.4,2599.9,5645.1,5644.6,5644.6,2326.9,2327.3,2327.4,3472.8,3472.5,3472.4,4375.0,4375.3,4375.2,6079.5,6078.6,6078.1,8576.2,8573.6,8575.0,5184.8,5184.4,5185.4,7395.7,7395.6,7396.0,6082.0,6081.4,6081.2,1849.4,1847.7,1847.8,3660.9,3660.9,3661.9,2537.3,2536.4,2536.8,2881.7,2880.7,2881.4,27.150000,26.290001,going to home base
2024-04-13T02:36:34Z,2361.2,2360.5,2360.8,2599.7,2599.4,2600.2,5644.8,5644.5,5644.2,2326.9,2326.7,2327.0,3473.1,3472.3,3472.5,4374.7,4374.3,4374.4,6079.0,6078.2,6078.8,8576.0,8575.0,8574.7,5185.8,5185.0,5187.7,7395.4,7395.0,7395.1,6084.9,6083.9,6083.2,1849.5,1847.9,1848.3,3660.8,3660.9,3661.7,2536.8,2535.8,2535.8,2882.6,2882.3,2882.2,27.150000,26.270000,going to home base
2024-04-13T02:36:39Z,2360.2,2359.7,2360.0,2600.4,2600.4,2600.3,5644.6,5643.6,5644.2,2326.7,2326.6,2327.2,3472.4,3472.8,3472.8,4374.9,4374.5,4374.1,6079.1,6078.9,6079.1,8575.1,8576.8,8575.2,5186.4,5185.8,5187.1,7394.7,7394.3,7395.1,6080.8,6080.8,6082.6,1849.7,1848.4,1848.2,3660.8,3661.1,3661.4,2536.4,2536.0,2536.4,2882.9,2882.9,2883.0,27.139999,26.270000,going to home base
2024-04-13T02:36:44Z,2360.5,2359.9,2359.9,2600.4,2600.4,2601.0,5644.4,5644.1,5643.8,2327.1,2326.8,2327.5,3473.8,3473.4,3473.1,4374.2,4374.4,4374.3,6078.5,6078.4,6078.8,8577.9,8576.0,8574.6,5185.5,5185.0,5186.3,7396.4,7394.0,7393.5,6080.0,6082.9,6083.0,1849.3,1847.9,1847.6,3661.1,3661.1,3661.9,2537.0,2536.3,2536.5,2881.4,2881.0,2881.7,27.150000,26.280001,going to home base
2024-04-13T02:36:54Z,2360.8,2360.3,2360.2,2599.9,2599.8,2600.3,5644.4,5644.1,5644.2,2326.6,2327.2,2327.8,3472.3,3471.9,3472.0,4374.1,4374.4,4374.8,6079.1,6078.8,6079.4,8start,26637.3,26641.7,2360.8,2360.1,2360.4,2599.8,2600.1,2599.7,5644.3,5644.4,5643.9,3733.8,87829.4,87811.1,14099.7,14095.1,14099.6,3473.2,3473.2,3472.8,4375.1,4374.9,4374.9,6077.5,16437.4,going to home base
2024-04-13T02:37:04Z,2360.9,2360.3,2360.6,2599.7,2599.3,2599.5,5644.4,5643.7,5644.1,2327.4,2327.4,2327.7,3473.0,3472.1,3472.4,4374.5,4374.6,4374.6,6078.3,6077.6,6078.9,8575.8,8574.4,8573.3,5185.0,5185.3,5186.2,7395.5,7393.5,7392.7,6081.4,6081.6,6082.5,1849.3,1847.9,1847.4,3660.7,3660.9,3660.9,2537.6,2537.1,2537.6,2881.9,2882.0,2881.7,27.120001,26.330000,going to home base
2024-04-13T02:37:09Z,2361.5,2360.6,2360.7,2599.9,2599.3,2600.0,5644.1,5643.8,5643.5,2326.6,2326.8,2327.2,3472.1,3471.6,3471.9,4375.4,4375.1,4374.7,6074.8,6075.9,6075.6,8573.7,8572.8,8574.9,5184.7,5183.5,5185.3,7394.5,7393.6,7393.2,6081.4,6081.7,6083.3,1849.1,1848.0,1848.1,3660.7,3661.0,3661.9,2536.3,2535.8,2535.6,2880.5,2880.9,2881.1,27.139999,26.299999,going to home base
2024-04-13T02:37:14Z,2361.8,2360.7,2361.0,2600.0,2599.6,2600.0,5644.8,5644.2,5643.7,2327.1,2327.3,2327.5,3474.0,3473.0,3473.3,4374.6,4374.5,4374.5,6077.2,6079.0,6076.7,8573.9,8573.1,8573.1,5184.8,5184.8,5186.1,7394.9,7394.3,7394.8,6082.1,6082.0,6083.3,1849.4,1848.1,1848.1,3661.7,3661.6,3662.4,2537.1,2535.9,2535.9,2880.2,2878.6,2879.6,27.139999,26.299999,going to home base
2024-04-13T02:37:19Z,2361.3,2360.5,2360.9,2600.4,2600.0,2600.7,5644.2,5643.9,5644.0,2327.5,2327.3,2327.2,3473.2,3473.5,3473.0,4375.0,4374.6,4374.7,6080.1,6078.5,6078.7,8575.3,8572.8,8573.0,5185.1,5184.6,5185.3,7392.8,7393.0,7393.0,6083.6,6082.5,6083.8,1849.6,1848.2,1848.0,3661.2,3660.7,3661.5,2537.0,2535.4,2535.8,2881.4,2880.9,2880.7,27.150000,26.309999,going to home base
2024-04-13T02:37:24Z,2361.4,2360.6,2361.0,2600.1,2599.6,2600.3,5644.4,5643.3,5643.8,2326.5,2326.5,2326.9,3473.3,3473.0,3472.6,4374.9,4374.2,4374.6,6078.8,6081.2,6080.7,8574.1,8576.3,8575.5,5184.8,5183.8,5184.0,7393.6,7393.3,7393.8,6080.1,6080.2,6082.8,1849.1,1848.1,1848.1,3660.6,3660.9,3661.4,2536.9,2536.2,2535.9,2882.3,2881.6,2881.8,27.139999,26.270000,going to home base
2024-04-13T02:37:29Z,2360.4,2359.3,2359.9,2600.2,2600.4,2600.6,5645.0,5644.7,5644.4,2326.7,2326.8,2327.1,3473.7,3473.5,3473.3,4375.0,4374.5,4374.8,6079.1,6079.2,6080.5,8576.5,8575.5,8576.6,5183.3,5183.1,5185.4,7395.0,7395.5,7394.0,6081.4,6081.4,6082.5,1849.2,1847.8,1847.7,3661.5,3661.2,3662.4,2536.2,2535.6,2535.9,2881.4,2880.8,2881.3,27.139999,26.410000,going to home base
2024-04-13T02:37:34Z,2360.5,2359.7,2360.0,2600.2,2600.1,2600.0,5645.3,5645.0,5645.1,2327.4,2327.2,2327.2,3473.7,3473.5,3473.1,4374.9,4374.9,4374.8,6076.8,6076.9,6078.3,8578.1,8575.9,8576.3,5185.0,5184.0,5185.3,7396.6,7396.1,7397.6,6083.9,6084.2,6084.8,1849.0,1847.9,1847.6,3661.5,3661.2,3662.1,2536.9,2536.3,2536.4,2880.5,2880.1,2880.1,27.150000,26.370001,going to home base
2024-04-13T02:37:39Z,2360.2,2360.1,2360.0,2599.3,2599.4,2600.1,5644.6,5644.3,5644.1,2326.9,2326.7,2326.8,3473.2,3472.5,3472.3,4375.6,4374.8,4375.6,6078.6,6077.6,6078.0,8576.7,8576.1,8576.5,5185.2,5184.7,5184.9,7397.3,7397.6,7397.5,6085.7,6084.2,6084.8,1849.3,1847.8,1847.8,3661.9,3661.7,3662.5,2537.5,2537.2,2536.7,2881.0,2880.5,2880.4,27.120001,26.340000,going to home base
2024-04-13T02:37:44Z,2360.9,2359.6,2360.1,2599.7,2599.5,2600.1,5645.1,5644.4,5644.8,2327.0,2326.7,2326.9,3473.3,3473.3,3473.4,4375.5,4375.2,4375.4,6080.0,6078.9,6079.7,8576.0,8575.9,8575.3,5185.7,5186.2,5185.6,7397.1,7397.2,7396.4,6083.3,6085.2,6084.8,1849.3,1847.4,1848.0,3661.2,3661.2,3662.5,2537.0,2536.5,2536.4,2883.1,2881.5,2881.9,27.120001,26.350000,going to home base
2024-04-13T02:37:49Z,2360.4,2359.7,2359.9,2600.0,2599.7,2600.3,5644.1,5644.0,5644.5,2326.9,2327.0,2327.5,3473.7,3472.7,3472.8,4374.8,4374.8,4374.4,6079.5,6079.0,6078.3,8575.1,8573.8,8576.1,5181.8,5181.3,5182.5,7394.8,7394.6,7395.6,6084.4,6084.1,6085.4,1848.8,1847.7,1847.7,3661.1,3661.3,3662.6,2536.9,2535.9,2536.7,2881.1,2881.0,2880.9,27.120001,26.309999,going to home base
2024-04-13T02:37:54Z,2360.9,2360.0,2360.4,2599.8,2600.2,2600.1,5644.4,5644.2,5644.3,2327.1,2327.2,2327.9,3473.2,3472.8,3472.7,4374.2,4374.6,4374.6,6075.4,6075.6,6077.4,8574.7,8575.2,8574.6,5185.3,5184.2,5185.1,7393.9,7394.4,7394.6,6082.9,6082.3,6084.1,1849.3,1848.2,1847.8,3661.6,3661.2,3662.7,2536.6,2536.0,2536.1,2880.0,2879.0,2880.7,27.139999,26.330000,going to home base
2024-04-13T02:37:59Z,2360.8,2359.9,2359.7,2600.1,2599.9,2600.2,5644.9,5643.9,5644.6,2327.0,2326.5,2327.2,3472.7,3473.1,3473.0,4375.2,4375.0,4375.3,6076.9,6076.6,6077.3,8577.5,8575.6,8574.9,5181.1,5180.6,5182.5,7396.3,7394.2,7394.3,6083.2,6082.8,6083.7,1849.4,1847.8,1847.7,3660.9,3661.2,3661.9,2536.5,2535.3,2535.6,2881.1,2880.4,2881.1,27.150000,26.309999,going to home base
2024-04-13T02:38:04Z,2360.6,2359.6,2360.0,2599.8,2599.5,2600.5,5645.1,5644.0,5644.1,2326.8,2326.4,2327.0,3472.6,3472.9,3473.0,4374.7,4374.5,4374.2,6077.1,6077.4,6078.5,8577.1,8577.3,8576.7,5185.0,5185.2,5185.5,7396.2,7392.8,7395.9,6083.8,6084.0,6083.7,1849.0,1847.8,1847.9,3660.9,3660.8,3661.5,2536.4,2534.9,2535.3,2880.2,2880.1,2881.0,27.170000,26.340000,going to home base
2024-04-13T02:38:09Z,2361.0,2360.3,2360.3,2600.1,2599.9,2600.4,5644.4,5643.9,5644.3,2326.2,2326.0,2326.6,3473.3,3473.6,3472.4,4374.9,4374.8,4375.2,6079.0,6077.8,6077.3,8576.1,8575.5,8576.4,5184.6,5185.2,5185.7,7397.6,7395.1,7395.0,6083.7,6083.3,6082.8,1850.0,1848.4,1848.4,3661.0,3660.8,3661.6,2537.4,2536.5,2536.3,2880.8,2880.5,2880.9,27.139999,26.340000,going to home base
2024-04-13T02:38:14Z,2361.0,2360.2,2360.5,2600.0,2600.1,2600.9,5643.9,5643.6,5644.0,2326.7,2326.3,2326.7,3471.7,3471.5,3471.9,4374.3,4374.6,4375.0,6076.0,6074.6,6074.8,8578.2,8575.6,8576.5,5186.1,5186.2,5186.9,7397.2,7396.5,7396.5,6083.8,6085.2,6084.5,1849.5,1847.6,1847.9,3660.9,3661.2,3662.1,2536.7,2536.5,2536.4,2880.9,2880.7,2881.3,27.139999,26.330000,going to home base
2024-04-13T02:38:19Z,2360.6,2360.0,2360.1,2599.9,2600.0,2600.9,5644.8,5645.0,5644.7,2326.6,2326.8,2327.3,3473.0,3472.6,3472.2,4375.0,4374.5,4374.6,6076.6,6075.4,6076.7,8580.2,8579.3,8578.2,5185.4,5184.8,5185.8,7398.3,7397.8,7396.3,6085.6,6085.3,6083.9,1849.5,1848.2,1848.1,3661.0,3660.6,3661.6,2536.4,2535.6,2535.7,2880.9,2880.5,2879.9,27.150000,26.280001,going to home base
2024-04-13T02:38:24Z,2360.4,2360.0,2360.0,2600.2,2599.8,2600.4,5644.4,5644.0,5643.6,2326.7,2326.4,2327.0,3472.6,3472.3,3471.7,4374.4,4374.6,4374.3,6077.7,6077.9,6077.9,8575.4,8574.7,8575.6,5185.1,5184.5,5185.8,7397.7,7395.6,7396.6,6083.7,6085.0,6085.4,1849.3,1847.9,1848.0,3662.1,3661.4,3662.4,2536.4,2536.0,2536.1,2880.2,2879.0,2879.7,27.150000,26.230000,going to home base
2024-04-13T02:38:29Z,2360.9,2360.3,2360.4,2599.4,2600.1,2600.3,5644.6,5644.1,5644.4,2326.6,2326.8,2327.4,3473.3,3473.0,3473.0,4374.5,4374.8,4374.9,6078.3,6077.4,6077.0,8575.8,8574.2,8573.4,5184.6,5185.2,5186.6,7398.7,7399.2,7396.9,6082.7,6082.5,6082.6,1849.1,1847.7,1847.8,3661.3,3661.5,3661.7,2536.1,2535.3,2535.6,2881.7,2880.0,2881.1,27.139999,26.219999,going to home base
2024-04-13T02:38:34Z,2361.0,2360.2,2360.5,2599.9,2599.7,2599.4,5644.4,5643.8,5644.2,2327.1,2326.6,2327.1,3472.9,3472.8,3472.6,4374.5,4374.2,4374.3,6076.8,6074.8,6076.2,8576.8,8573.4,8574.3,5182.4,5181.5,5182.5,7395.9,7396.2,7395.0,6082.0,6081.8,6083.1,1849.5,1848.0,1847.8,3661.8,3661.5,3662.3,2535.9,2534.9,2535.0,2881.3,2880.9,2881.1,27.139999,26.240000,going to home base
2024-04-13T02:38:39Z,2360.5,2360.2,2360.1,2599.6,2599.8,2600.4,5644.7,5644.2,5644.4,2326.1,2325.8,2326.8,3473.3,3472.4,3472.0,4375.1,4374.6,4374.7,6078.3,6076.7,6077.1,8574.2,8573.9,8573.6,5185.6,5185.7,5186.6,7395.5,7393.5,7394.3,6083.6,6083.2,6085.0,1849.0,1847.5,1847.8,3660.7,3661.3,3662.2,2535.6,2534.4,2534.8,2881.7,2881.7,2881.5,27.110001,26.330000,going to home base
2024-04-13T02:38:44Z,2361.1,2359.9,2360.5,2600.5,2600.0,2600.1,5644.7,5644.7,5644.6,2326.6,2326.2,2326.8,3472.2,3472.7,3472.1,4374.8,4374.7,4374.7,6078.7,6078.3,6078.6,8574.4,8574.5,8574.8,5185.9,5186.8,5187.1,7396.5,7395.4,7394.3,6084.1,6083.1,6084.3,1850.0,1848.4,1848.5,3661.1,3661.1,3662.1,2535.5,2534.6,2534.4,2880.8,2880.6,2881.3,27.150000,26.330000,going to home base
2024-04-13T02:38:49Z,2361.0,2360.3,2360.8,2600.0,2600.5,2600.1,5645.0,5644.4,5644.4,2326.1,2326.1,2326.7,3472.2,3472.8,3472.6,4375.0,4374.8,4374.7,6074.9,6074.5,6075.7,8575.5,8575.3,8573.1,5184.4,5185.1,5186.0,7395.5,7393.9,7393.6,6086.1,6085.2,6086.9,1849.7,1848.3,1848.0,3661.6,3661.3,3662.6,2537.2,2535.8,2535.8,2881.3,2880.1,2879.9,27.150000,26.270000,going to home base
2024-04-13T02:38:54Z,2360.9,2360.3,2360.4,2600.4,2600.4,2601.1,5644.5,5644.2,5644.2,2326.5,2326.7,2327.3,3472.3,3472.5,3472.0,4375.0,4374.8,4374.5,6078.8,6077.6,6077.7,8572.4,8573.8,8572.1,5185.0,5184.8,5185.3,7396.6,7395.7,7395.6,6085.6,6086.7,6085.8,1849.7,1848.2,1848.0,3660.8,3660.8,3661.5,2536.7,2536.2,2535.4,2881.3,2880.8,2880.7,27.139999,26.280001,going to home base
2024-04-13T02:38:59Z,2361.1,2360.5,2360.7,2600.4,2600.1,2600.2,5644.4,5644.1,5644.6,2326.6,2326.3,2326.9,3472.7,3472.1,3472.0,4374.4,4373.8,4373.9,6074.7,6075.6,6075.3,8576.7,8574.5,8575.6,5186.1,5186.3,5187.4,7396.5,7395.7,7395.2,6085.0,6084.5,6083.4,1849.5,1848.1,1848.0,3661.0,3660.7,3662.0,2536.6,2535.9,2535.9,2881.3,2880.3,2881.1,27.150000,26.309999,going to home base
2024-04-13T02:39:04Z,2361.2,2359.8,2360.2,2600.4,2600.6,2600.8,5645.2,5644.3,5644.2,2326.3,2326.1,2326.6,3472.3,3471.7,3471.6,4373.9,4373.7,4374.1,6076.1,6075.7,6077.0,8575.5,8572.5,8574.1,5183.4,5183.0,5182.8,7399.3,7399.3,7397.2,6085.1,6084.9,6085.7,1849.1,1847.5,1847.8,3661.1,3661.8,3662.7,2535.7,2536.0,2534.9,2881.4,2880.8,2881.1,27.150000,26.299999,going to home base
2024-04-13T02:39:09Z,2360.4,2359.9,2359.9,2600.7,2599.8,2600.8,5644.6,5644.5,5644.7,2327.0,2326.8,2326.4,3472.7,3472.0,3471.6,4374.3,4374.0,4374.1,6077.6,6076.7,6076.8,8574.4,8571.2,8572.3,5185.0,5184.4,5185.2,7397.4,7395.6,7396.0,6085.3,6086.0,6086.1,1849.3,1847.8,1848.1,3660.6,3660.7,3661.5,2535.8,2535.7,2535.6,2883.4,2883.4,2882.6,27.139999,26.280001,going to home base
2024-04-13T02:39:14Z,2360.6,2359.8,2360.4,2600.2,2599.6,2600.3,5644.3,5643.8,5644.0,2327.4,2327.8,2327.8,3472.9,3473.0,3473.3,4373.9,4374.1,4373.7,6073.1,6073.4,6074.4,8576.4,8573.3,8574.9,5184.5,5185.0,5186.6,7396.5,7396.3,7396.0,6084.9,6085.6,6085.4,1849.6,1848.2,1848.5,3660.8,3660.7,3661.4,2535.9,2535.5,2535.2,2883.1,2882.4,2882.6,27.120001,26.270000,going to home base
2024-04-13T02:39:19Z,2360.9,2359.9,2360.1,2599.5,2599.3,2599.7,5645.3,5644.4,5644.8,2326.5,2325.7,2326.8,3473.1,3472.3,3472.9,4374.8,4374.8,4375.0,6078.2,6077.8,6076.8,8571.9,8572.9,8573.4,5185.6,5186.2,5186.5,7396.3,7395.2,7395.2,6084.3,6081.4,6082.6,1849.7,1848.1,1848.0,3661.7,3661.6,3661.9,2537.1,2536.3,2536.3,2881.1,2880.3,2880.6,27.139999,26.290001,going to home base
2024-04-13T02:39:24Z,2360.6,2360.0,2360.1,2600.0,2599.5,2600.1,5645.1,5644.8,5645.1,2326.5,2326.4,2327.5,3473.2,3472.2,3472.1,4374.6,4374.7,4374.6,6077.6,6077.4,6078.7,8574.9,8574.3,8572.4,5185.6,5185.2,5186.9,7394.5,7393.5,7393.8,6083.3,6083.8,6084.4,1849.7,1848.3,1848.1,3660.7,3660.6,3661.8,2536.3,2535.7,2536.0,2882.5,2882.7,2881.8,27.120001,26.330000,going to home base
2024-04-13T02:39:29Z,2360.4,2359.4,2359.8,2599.8,2599.8,2600.4,5644.5,5644.4,5644.3,2327.6,2326.6,2327.9,3473.0,3472.8,3473.2,4374.8,4374.7,4375.2,6075.1,6076.5,6075.0,8574.8,8574.5,8576.3,5186.1,5186.1,5187.0,7394.3,7394.0,7394.9,6084.2,6081.5,6084.5,1849.4,1847.6,1847.4,3661.0,3660.9,3661.9,2536.9,2535.9,2536.2,2880.9,2880.0,2880.3,27.150000,26.309999,going to home base
2024-04-13T02:39:34Z,2361.1,2360.3,2360.7,2599.2,2598.7,2599.8,5645.3,5644.8,5644.7,2326.3,2325.7,2326.9,3471.9,3471.9,3472.1,4374.5,4374.2,4374.1,6077.2,6074.4,6077.3,8572.8,8572.9,8572.3,5184.6,5184.7,5184.9,7396.6,7394.5,7393.3,6080.9,6082.9,6082.3,1850.0,1848.3,1848.0,3660.6,3660.5,3661.7,2536.0,2535.7,2535.7,2881.7,2881.2,2881.0,27.120001,26.299999,going to home base
2024-04-13T02:39:39Z,2360.0,2359.2,2360.1,2599.8,2599.7,2599.8,5645.0,5644.7,5644.7,2327.5,2327.5,2327.8,3474.0,3473.0,3472.3,4374.5,4374.2,4374.6,6076.0,6075.2,6075.9,8576.7,8576.4,8576.8,5184.5,5185.6,5185.8,7395.0,7394.2,7393.3,6082.3,6080.5,6082.3,1849.2,1847.7,1847.7,3661.1,3661.3,3662.3,2536.8,2536.2,2536.3,2882.0,2881.3,2881.6,27.139999,26.330000,going to home base
2024-04-13T02:39:44Z,2360.5,2360.0,2360.1,2599.9,2600.1,2599.9,5644.5,5644.2,5644.6,2326.8,2326.9,2327.4,3472.4,3472.5,3472.5,4375.0,4374.2,4374.3,6074.4,6075.8,6075.6,8574.5,8571.9,8573.9,5185.8,5184.8,5186.0,7396.2,7396.0,7396.7,6082.8,6083.5,6084.9,1849.5,1847.9,1848.0,3661.0,3660.4,3661.3,2537.0,2536.2,2536.4,2881.5,2881.2,2881.9,27.150000,26.350000,going to home base
2024-04-13T02:39:49Z,2360.6,2359.8,2360.1,2600.1,2599.8,2600.4,5644.9,5644.2,5643.8,2326.9,2326.9,2327.0,3472.6,3472.5,3472.3,4374.8,4374.7,4374.5,6076.6,6075.9,6075.1,8571.7,8571.9,8572.5,5187.2,5186.0,5187.6,7396.9,7396.7,7396.3,6083.5,6082.8,6084.7,1849.5,1848.4,1848.1,3660.7,3660.7,3661.5,2537.3,2536.6,2536.7,2881.8,2881.7,2882.0,27.139999,26.280001,going to home base
2024-04-13T02:39:54Z,2360.3,2359.8,2359.6,2600.0,2599.9,2600.4,5644.6,5643.7,5643.9,2326.5,2326.3,2326.5,3472.6,3471.8,3472.3,4374.6,4374.8,4374.5,6072.9,6074.3,6075.1,8573.7,8574.8,8575.5,5185.2,5185.1,5186.4,7398.1,7396.7,7396.0,6084.5,6085.0,6084.6,1849.4,1848.2,1848.0,3660.8,3660.9,3662.1,2537.0,2536.4,2536.6,2881.2,2880.8,2881.7,27.139999,26.330000,going to home base
2024-04-13T02:39:59Z,2360.8,2360.2,2360.3,2600.0,2599.7,2600.5,5644.4,5644.5,5644.3,2326.5,2326.2,2326.9,3472.1,3471.3,3472.1,4374.5,4374.1,4374.5,6074.2,6075.2,6075.3,8575.9,8574.5,8575.2,5186.5,5186.2,5186.9,7397.5,7395.6,7396.4,6086.1,6084.6,6086.0,1849.2,1847.7,1847.9,3660.0,3660.1,3661.0,2536.9,2536.1,2536.4,2881.3,2881.5,2882.9,27.120001,26.260000,going to home base
2024-04-13T02:40:04Z,2360.8,2359.9,2360.1,2600.1,2600.2,2600.4,5644.5,5643.7,5643.9,2327.0,2327.3,2327.7,3472.4,3472.0,3472.7,4374.8,4374.9,4374.4,6074.1,6072.3,6073.3,8574.3,8574.7,8572.7,5185.0,5184.8,5185.1,7396.1,7397.0,7395.8,6086.7,6085.2,6085.6,1849.5,1848.0,1847.9,3660.2,3660.3,3661.0,2536.2,2535.2,2535.6,2880.4,2880.4,2881.4,27.150000,26.309999,going to home base
2024-04-13T02:40:09Z,2361.0,2359.7,2360.0,2599.7,2600.1,2600.1,5643.8,5643.3,5643.7,2326.7,2326.6,2326.7,3472.6,3472.7,3472.6,4374.3,4374.2,4374.6,6073.4,6074.8,6076.5,8577.7,8576.6,8575.8,5186.0,5185.5,5187.0,7396.8,7394.3,7395.1,6085.2,6082.6,6083.9,1849.1,1847.6,1847.7,3660.6,3660.5,3661.4,2536.6,2535.6,2535.6,2880.7,2880.0,2880.0,27.120001,26.260000,going to home base
2024-04-13T02:40:14Z,2360.3,2359.5,2359.9,2599.0,2598.8,2599.7,5644.5,5644.1,5643.9,2326.9,2326.2,2327.2,3472.3,3471.9,3472.0,4375.0,4374.9,4375.2,6076.8,6075.0,6075.3,8576.0,8576.6,8577.0,5186.8,5186.5,5186.6,7395.7,7394.3,7394.5,6086.3,6087.1,6086.3,1849.3,1847.8,1847.4,3660.4,3660.4,3661.0,2536.9,2536.3,2535.9,2880.2,2879.7,2880.4,27.120001,26.280001,going to home base
2024-04-13T02:40:19Z,2360.8,2360.4,2360.6,2599.9,2600.1,2600.6,5644.0,5643.4,5643.7,2327.4,2327.5,2328.0,3473.2,3472.5,3473.2,4374.6,4374.1,4374.1,6073.6,6075.1,6074.3,8576.5,8575.7,8575.5,5185.3,5184.9,5186.1,7397.7,7395.1,7397.4,6085.5,6085.7,6085.0,1849.0,1847.6,1847.4,3660.5,3660.9,3660.9,2536.9,2536.1,2536.3,2881.2,2880.4,2880.5,27.139999,26.309999,going to home base
2024-04-13T02:40:24Z,2360.6,2359.9,2360.4,2599.4,2599.6,2600.1,5644.2,5644.2,5644.3,2327.8,2327.5,2327.9,3473.0,3473.3,3473.0,4374.2,4374.1,4374.6,6072.1,6073.2,6073.8,8574.5,8574.6,8575.0,5184.5,5183.6,5184.1,7398.3,7396.3,7397.4,6085.6,6084.3,6085.6,1849.4,1847.6,1847.6,3660.9,3660.8,3661.8,2536.2,2535.6,2535.6,2881.6,2881.5,2881.0,27.139999,26.309999,going to home base
2024-04-13T02:40:29Z,2360.8,2359.6,2360.1,2599.0,2599.2,2599.5,5644.5,5644.0,5644.1,2327.0,2326.5,2327.3,3473.6,3472.9,3473.5,4374.3,4374.3,4374.0,6075.6,6076.5,6076.1,8572.9,8571.2,8572.7,5185.7,5185.4,5186.4,7398.0,7397.5,7397.4,6085.7,6085.6,6085.3,1849.4,1847.6,1847.9,3660.5,3660.8,3661.6,2536.6,2536.0,2536.0,2881.1,2880.5,2880.9,27.139999,26.250000,going to home base
2024-04-13T02:40:34Z,2360.6,2360.0,2360.1,2599.8,2599.3,2599.5,5644.7,5644.3,5644.6,2326.7,2326.8,2327.1,3472.1,3471.6,3472.0,4374.6,4374.3,4374.1,6073.4,6072.7,6074.4,8574.2,8572.7,8572.7,5186.1,5186.1,5186.7,7398.3,7397.4,7397.1,6085.1,6085.2,6086.3,1849.5,1847.8,1848.2,3659.4,3659.6,3660.5,2535.6,2535.3,2535.7,2882.1,2881.6,2881.7,27.120001,26.280001,going to home base
2024-04-13T02:40:39Z,2360.9,2359.8,2360.0,2599.4,2598.6,2599.7,5644.5,5643.9,5643.8,2326.5,2326.2,2326.8,3472.5,3472.1,3472.2,4374.3,4374.8,4374.9,6076.9,6078.0,6078.5,8575.7,8575.6,8575.0,5186.0,5185.6,5187.1,7396.7,7395.4,7396.1,6086.3,6085.3,6085.4,1849.4,1848.2,1848.2,3659.8,3660.3,3661.2,2536.2,2535.4,2535.5,2882.0,2881.3,2881.4,27.139999,26.280001,going to home base
2024-04-13T02:40:44Z,2360.0,2359.5,2359.6,2599.8,2600.0,2600.4,5644.9,5644.0,5643.9,2326.7,2326.1,2326.7,3473.1,3472.2,3472.3,4374.7,4374.3,4374.9,6075.9,6074.1,6075.5,8573.7,8575.3,8573.8,5185.6,5184.6,5186.4,7396.4,7395.9,7395.5,6084.6,6085.4,6085.5,1849.7,1848.1,1848.4,3660.1,3660.4,3660.9,2536.1,2536.1,2535.8,2882.0,2881.4,2881.3,27.120001,26.270000,going to home base
2024-04-13T02:40:49Z,2360.2,2359.8,2359.6,2599.6,2599.4,2599.9,5644.6,5644.1,5643.9,2326.4,2326.2,2326.5,3472.2,3472.4,3472.0,4374.2,4374.1,4374.2,6077.0,6076.1,6077.4,8573.5,8572.8,8571.2,5186.9,5186.6,5186.5,7399.1,7397.9,7398.0,6083.3,6083.8,6085.7,1849.5,1847.9,1848.2,3660.3,3660.4,3660.9,2536.1,2534.6,2535.1,2881.5,2881.8,2882.1,27.110001,26.190001,going to home base
2024-04-13T02:40:54Z,2360.4,2359.8,2360.1,2599.7,2599.5,2600.0,5644.1,5644.7,5644.6,2326.3,2326.7,2326.6,3472.4,3472.3,3472.3,4375.2,4374.6,4374.9,6074.5,6075.5,6076.2,8571.8,8572.5,8571.6,5185.9,5186.7,5187.7,7398.1,7396.7,7396.6,6083.1,6083.4,6082.4,1849.1,1847.7,1847.6,3658.9,3659.7,3660.5,2535.0,2534.1,2534.1,2882.3,2881.6,2882.5,27.170000,26.230000,going to home base
2024-04-13T02:40:59Z,2360.2,2359.2,2359.2,2598.9,2599.3,2599.6,5643.8,5643.1,5643.3,2326.6,2326.5,2326.6,3472.8,3472.5,3471.9,4374.5,4374.3,4374.9,6074.5,6073.5,6072.8,8574.2,8573.7,8574.0,5184.6,5183.8,5185.2,7396.9,7394.4,7393.1,6084.4,6084.3,6086.1,1849.3,1848.2,1847.8,3660.4,3660.7,3661.8,2535.8,2535.4,2534.8,2882.5,2881.7,2882.1,27.120001,26.240000,going to home base
2024-04-13T02:41:04Z,2360.2,2359.6,2359.9,2598.7,2598.7,2599.4,5644.3,5643.3,5643.3,2326.8,2326.8,2327.1,3471.5,3471.9,3471.3,4374.5,4374.3,4374.5,6074.4,6074.7,6073.2,8573.8,8575.2,8576.3,5186.1,5185.8,5186.0,7397.0,7395.4,7396.7,6084.7,6083.4,6085.9,1848.8,1847.7,1847.7,3660.4,3660.2,3661.7,2534.9,2534.3,2534.3,2882.3,2880.4,2880.9,27.120001,26.270000,going to home base
2024-04-13T02:41:09Z,2359.9,2359.3,2359.4,2598.9,2598.7,2599.4,5644.6,5644.1,5644.2,2327.2,2327.4,2327.0,3471.7,3471.2,3471.3,4374.1,4374.4,4374.4,6074.8,6074.8,6075.0,8573.3,8573.9,8574.0,5184.5,5184.8,5184.6,7395.2,7395.6,7395.4,6083.8,6083.7,6082.0,1849.1,1847.9,1847.5,3659.7,3660.0,3660.6,2534.5,2534.0,2534.1,2880.7,2880.2,2880.8,27.120001,26.240000,going to home base
2024-04-13T02:41:14Z,2360.6,2359.7,2360.0,2599.3,2599.3,2599.8,5644.3,5643.9,5644.1,2327.0,2326.7,2327.4,3471.4,3470.8,3471.1,4374.0,4373.9,4374.0,6076.1,6073.9,6074.9,8573.0,8572.5,8572.9,5185.2,5184.8,5186.3,7398.4,7397.5,7397.2,6086.3,6083.5,6084.2,1849.1,1847.7,1847.9,3659.8,3660.0,3660.7,2535.3,2534.7,2535.0,2882.4,2881.3,2881.5,27.110001,26.200001,going to home base
2024-04-13T02:41:19Z,2360.6,2359.7,2359.7,2599.4,2599.6,2599.7,5645.4,5644.6,5644.5,2327.7,2327.5,2327.6,3472.4,3471.9,3472.0,4373.9,4374.3,4374.5,6074.4,6072.7,6073.2,8574.9,8575.2,8574.4,5184.3,5184.4,5184.3,7398.1,7397.0,7396.4,6084.2,6084.7,6083.9,1849.4,1847.7,1847.8,3660.2,3659.7,3660.5,2535.1,2534.7,2534.5,2883.3,2881.5,2881.3,27.120001,26.250000,going to home base
2024-04-13T02:41:24Z,2360.6,2359.9,2360.2,2599.2,2599.3,2599.6,5644.4,5644.2,5643.5,2327.2,2327.1,2327.7,3471.8,3471.9,3472.3,4374.8,4374.3,4374.2,6073.0,6072.1,6073.9,8574.1,8574.1,8572.9,5185.1,5184.9,5184.9,7397.2,7395.7,7396.5,6085.9,6085.1,6086.1,1849.6,1848.1,1848.1,3660.6,3660.7,3661.4,2535.4,2534.7,2535.1,2882.9,2882.4,2882.1,27.139999,26.270000,going to home base
2024-04-13T02:41:29Z,2360.7,2359.8,2360.3,2599.7,2599.4,2599.5,5644.8,5643.8,5644.4,2326.8,2326.8,2326.7,3472.2,3472.1,3471.9,4374.1,4374.0,4374.2,6074.8,6074.1,6075.2,8575.2,8574.4,8574.2,5186.7,5185.6,5187.5,7398.0,7395.9,7396.3,6086.8,6086.9,6086.7,1849.2,1847.7,1848.0,3661.1,3660.8,3661.9,2535.5,2534.8,2535.2,2880.0,2880.0,2880.6,27.139999,26.190001,going to home base
2024-04-13T02:41:34Z,2360.7,2360.0,2360.1,2599.5,2599.6,2599.6,5644.5,5644.1,5644.8,2327.2,2327.3,2327.8,3472.2,3472.1,3472.1,4375.0,4374.6,4374.9,6072.1,6072.9,6072.5,8574.2,8575.1,8575.2,5185.4,5186.1,5187.4,7397.1,7398.2,7397.1,6089.4,6089.8,6089.5,1849.2,1847.7,1847.6,3661.0,3661.1,3661.4,2535.2,2534.3,2534.5,2881.3,2880.2,2881.0,27.120001,26.190001,going to home base
2024-04-13T02:41:39Z,2360.4,2360.0,2359.7,2599.7,2599.8,2599.4,5644.6,5644.2,5643.8,2326.7,2327.2,2327.3,3472.9,3472.4,3473.1,4374.8,4374.2,4374.3,6073.4,6073.9,6073.6,8574.9,8573.9,8574.5,5186.2,5184.8,5186.3,7397.4,7396.8,7395.8,6085.6,6086.8,6085.4,1849.7,1848.3,1848.0,3661.2,3661.3,3661.9,2536.7,2535.3,2535.6,2880.8,2880.2,2880.8,27.120001,26.200001,going to home base
2024-04-13T02:41:54Z,2360.0,2359.3,2359.6,2598.8,2598.3,2599.2,5644.1,5643.7,5643.7,2325.7,2326.0,2326.9,3473.0,3472.8,3472.6,4374.8,4374.6,4374.6,6073.2,6070.7,6072.6,8572.6,8572.1,8573.6,5186.7,5186.9,5186.8,7396.3,7395.8,7395.2,6087.9,6086.6,6087.1,1849.3,1847.7,1847.8,3660.5,3660.5,3661.8,2535.1,2534.3,2534.5,2881.4,2880.9,2881.4,27.139999,26.209999,going to home base
2024-04-13T02:41:59Z,2360.6,2360.1,2360.2,2598.6,2598.2,2598.7,5644.8,5644.5,5644.5,2325.9,2326.4,2327.0,3473.1,3472.5,3472.7,4374.7,4374.3,4374.5,6074.0,6074.6,6074.6,8574.6,8572.7,8572.0,5185.0,5185.0,5185.8,7397.5,7396.0,7398.2,6087.2,6086.4,6088.2,1849.3,1847.7,1847.7,3660.7,3660.3,3661.0,2535.4,2534.9,2534.9,2881.6,2881.3,2881.8,27.120001,26.250000,going to home base
2024-04-13T02:42:04Z,2360.4,2360.0,2359.6,2598.8,2598.9,2599.5,5644.3,5644.6,5644.4,2326.2,2326.2,2326.4,3473.0,3472.5,3472.2,4374.5,4374.7,4374.4,6074.4,6074.1,6074.5,8575.1,8574.5,8574.7,5184.7,5184.4,5184.6,7395.7,7393.5,7394.7,6088.6,6088.3,6088.7,1849.6,1848.1,1847.9,3660.2,3660.4,3661.2,2535.1,2534.5,2535.3,2882.1,2881.6,2882.0,27.110001,26.250000,going to home base
2024-04-13T02:42:09Z,2360.6,2360.0,2360.2,2599.6,2599.4,2600.0,5644.2,5643.5,5643.9,2326.2,2326.2,2326.6,3473.2,3472.7,3473.3,4373.9,4374.1,4374.6,6072.8,6071.0,6072.1,8571.9,8572.8,8574.4,5184.3,5184.8,5185.2,7392.3,7391.7,7392.5,6084.8,6086.0,6087.3,1849.7,1847.6,1847.4,3659.6,3659.7,3661.3,2535.0,2533.7,2534.7,2881.3,2880.5,2881.1,27.139999,26.240000,going to home base
2024-04-13T02:42:14Z,2360.4,2360.1,2360.3,2599.3,2598.8,2598.6,5645.4,5644.7,5644.6,2326.2,2326.1,2326.5,3472.6,3472.1,3472.3,4373.6,4373.7,4373.7,6072.9,6071.3,6073.7,8573.7,8574.4,8575.0,5186.3,5185.3,5185.8,7394.4,7393.1,7392.8,6086.8,6087.3,6088.4,1849.6,1848.1,1847.8,3660.4,3660.7,3661.2,2535.4,2534.4,2534.9,2883.2,2882.4,2882.6,27.100000,26.260000,going to home base
2024-04-13T02:42:19Z,2360.7,2360.2,2360.3,2599.6,2599.4,2599.2,5644.8,5644.7,5644.5,2326.3,2326.2,2326.5,3473.6,3473.3,3472.8,4373.9,4374.0,4373.7,6075.4,6076.5,6076.9,8575.6,8574.4,8575.0,5184.2,5183.8,5185.0,7396.8,7396.8,7396.2,6089.4,6089.2,6087.8,1848.9,1847.4,1847.6,3660.9,3661.2,3661.8,2535.0,2534.2,2534.4,2881.1,2880.0,2880.6,27.120001,26.200001,going to home base
2024-04-13T02:42:24Z,2360.2,2359.7,2360.5,2598.9,2599.0,2599.5,5645.4,5645.2,5645.2,2325.9,2326.2,2326.6,3472.6,3471.8,3472.9,4374.2,4374.0,4374.0,6073.9,6074.9,6073.9,8575.2,8573.6,8574.3,5184.3,5183.9,5184.6,7398.0,7397.0,7396.4,6086.8,6087.4,6088.7,1849.4,1847.9,1848.1,3660.6,3661.3,3661.4,2535.6,2534.3,2535.0,2881.1,2880.6,2881.5,27.100000,26.260000,going to home base
2024-04-13T02:42:29Z,2360.7,2360.1,2360.5,2599.1,2599.4,2599.5,5645.1,5645.2,5644.8,2326.7,2326.3,2326.7,3473.0,3472.3,3472.6,4373.9,4374.1,4374.0,6075.6,6074.9,6076.2,8574.6,8573.4,8573.9,5185.2,5185.8,5185.0,7398.0,7397.2,7396.7,6084.8,6087.2,6087.3,1849.2,1848.0,1847.7,3660.1,3660.3,3661.9,2535.9,2535.3,2535.0,2882.0,2881.9,2881.8,27.110001,26.230000,going to home base
2024-04-13T02:42:34Z,2360.6,2360.0,2360.1,2598.9,2598.6,2599.4,5644.9,5643.8,5644.1,2326.6,2326.4,2327.3,3473.9,3473.2,3473.1,4374.2,4373.9,4374.1,6078.5,6076.4,6075.8,8578.0,8578.5,8577.5,5186.3,5186.6,5186.9,7398.1,7397.1,7399.4,6087.2,6086.2,6087.9,1849.6,1847.8,1847.8,3660.3,3660.3,3661.2,2534.8,2533.8,2534.5,2880.3,2879.9,2880.0,27.110001,26.270000,going to home base
2024-04-13T02:42:39Z,2360.7,2359.9,2360.1,2598.6,2598.0,2598.7,5644.4,5644.0,5643.9,2326.5,2326.8,2327.4,3473.5,3472.7,3472.8,4373.8,4373.5,4373.6,6073.9,6072.6,6071.9,8575.8,8574.8,8575.6,5185.8,5184.5,5185.6,7398.8,7397.0,7395.7,6085.0,6085.5,6086.4,1849.7,1848.2,1848.3,3659.0,3659.5,3660.9,2535.4,2534.2,2534.1,2880.0,2879.0,2879.5,27.120001,26.200001,going to home base
2024-04-13T02:42:44Z,2359.9,2359.5,2359.8,2599.1,2599.1,2599.9,5644.8,5644.1,5643.8,2327.1,2327.3,2327.7,3472.8,3472.7,3472.3,4373.7,4373.7,4373.7,6076.5,6074.9,6074.3,8577.6,8575.4,8578.2,5185.2,5184.8,5185.8,7399.6,7397.1,7396.0,6085.6,6084.4,6086.6,1849.6,1847.9,1847.6,3660.4,3660.3,3660.9,2534.9,2534.3,2533.8,2881.7,2880.8,2882.2,27.120001,26.180000,going to home base
2024-04-13T02:42:49Z,2360.8,2360.0,2360.3,2598.9,2598.5,2599.1,5644.3,5644.1,5644.0,2326.4,2326.1,2326.6,3472.9,3473.0,3472.4,4374.1,4374.2,4374.0,6075.0,6075.1,6076.0,8574.3,8574.3,8574.5,5186.9,5185.0,5186.1,7399.0,7397.5,7398.6,6085.8,6086.7,6085.3,1849.6,1847.9,1847.7,3659.9,3659.9,3660.8,2535.6,2534.2,2534.6,2880.7,2879.9,2880.0,27.110001,26.190001,going to home base
2024-04-13T02:42:54Z,2359.8,2359.2,2359.5,2599.2,2598.9,2599.2,5644.6,5644.6,5644.6,2326.4,2326.3,2326.7,3472.8,3473.3,3472.7,4373.7,4373.5,4373.9,6074.2,6075.1,6074.4,8574.0,8573.3,8576.3,5185.5,5183.5,5185.2,7400.0,7397.4,7397.5,6084.7,6086.6,6085.0,1849.2,1847.4,1847.6,3659.9,3659.9,3660.6,2536.0,2534.9,2534.6,2880.3,2879.6,2879.6,27.120001,26.190001,going to home base
2024-04-13T02:42:59Z,2360.2,2359.5,2359.7,2598.4,2598.1,2599.0,5644.6,5644.5,5643.8,2325.8,2325.9,2326.4,3472.4,3472.1,3472.2,4374.3,4374.3,4374.3,6076.5,6076.0,6076.4,8576.1,8574.8,8575.4,5184.3,5184.6,5184.0,7400.3,7399.6,7398.4,6087.5,6088.5,6088.6,1849.5,1847.8,1847.8,3659.7,3660.2,3661.2,2535.9,2535.2,2535.2,2881.5,2880.2,2880.6,27.120001,26.240000,going to home base
2024-04-13T02:43:04Z,2360.3,2359.8,2360.1,2599.3,2599.3,2599.9,5644.7,5644.4,5644.3,2327.0,2326.5,2327.0,3472.7,3472.5,3472.7,4374.0,4373.8,4373.7,6078.1,6077.1,6078.0,8577.0,8577.1,8577.5,5186.3,5186.1,5186.2,7398.3,7396.4,7396.6,6085.4,6084.4,6086.2,1849.7,1848.6,1848.5,3660.6,3660.2,3661.3,2535.6,2535.3,2535.2,2881.4,2880.6,2881.1,27.110001,26.230000,going to home base
2024-04-13T02:43:09Z,2359.7,2359.2,2359.6,2599.4,2599.3,2599.8,5645.3,5644.8,5644.8,2325.8,2326.5,2326.5,3472.2,3472.7,3472.7,4373.9,4373.8,4373.6,6082.0,6080.3,6081.6,8576.6,8575.8,8576.0,5184.1,5184.7,5184.1,7400.4,7398.3,7398.6,6086.2,6085.4,6085.9,1849.2,1847.8,1847.9,3660.0,3660.0,3660.6,2536.3,2535.4,2535.2,2881.9,2881.7,2881.6,27.139999,26.250000,going to home base
2024-04-13T02:43:14Z,2359.7,2359.4,2359.5,2598.8,2598.5,2598.5,5644.9,5644.1,5644.5,2326.6,2326.9,2327.2,3473.0,3472.4,3472.2,4373.6,4373.8,4374.2,6077.2,6076.3,6077.3,8576.7,8579.3,8580.6,5184.2,5184.3,5183.1,7396.4,7397.2,7396.5,6086.4,6085.6,6087.1,1849.7,1848.2,1847.8,3660.1,3660.2,3660.9,2535.3,2534.9,2535.2,2882.8,2881.5,2881.7,27.100000,26.230000,going to home base
2024-04-13T02:43:19Z,2360.3,2359.9,2360.0,2599.0,2598.4,2598.5,5644.9,5644.5,5644.7,2326.9,2326.8,2326.7,3472.9,3473.2,3472.9,4373.9,4373.5,4374.1,6078.9,6078.4,6078.3,8578.4,8577.0,8577.8,5185.4,5184.9,5186.0,7398.7,7398.2,7398.5,6087.0,6086.0,6087.0,1849.7,1848.2,1848.3,3659.6,3659.3,3660.1,2535.6,2534.8,2535.0,2881.6,2881.6,2881.6,27.110001,26.200001,going to home base
2024-04-13T02:43:24Z,2359.9,2359.5,2359.9,2598.3,2598.5,2599.4,5645.1,5644.6,5644.6,2326.8,2327.0,2327.2,3473.1,3473.2,3473.1,4373.9,4373.8,4374.0,6077.8,6077.0,6076.6,8577.4,8575.3,8578.2,5185.1,5185.2,5186.2,7397.5,7396.8,7396.9,6087.0,6086.9,6086.4,1849.1,1848.0,1847.7,3660.3,3660.5,3661.1,2535.8,2534.7,2535.1,2882.8,2882.2,2881.8,27.110001,26.240000,going to home base
2024-04-13T02:43:29Z,2360.5,2359.8,2360.0,2598.2,2598.1,2598.6,5645.0,5644.6,5644.5,2326.0,2326.2,2326.3,3473.3,3473.2,3472.4,4373.8,4373.7,4373.9,6076.7,6075.9,6077.8,8575.9,8578.1,8576.2,5184.7,5184.7,5185.1,7399.2,7400.3,7397.2,6081.2,6081.2,6085.8,1849.1,1847.7,1847.6,3660.5,3660.6,3660.9,2534.5,2533.8,2533.8,2882.0,2881.7,2882.9,27.100000,26.190001,going to home base
2024-04-13T02:43:34Z,2360.6,2360.3,2360.2,2598.5,2598.6,2599.5,5644.9,5644.8,5644.7,2325.9,2326.0,2326.2,3472.7,3472.6,3472.6,4373.6,4373.4,4373.3,6076.8,6077.1,6078.6,8576.0,8575.0,8576.3,5183.6,5184.0,5183.8,7398.0,7395.6,7397.3,6083.4,6086.9,6086.1,1849.3,1847.5,1847.5,3661.1,3660.8,3661.6,2535.2,2534.1,2534.2,2880.4,2880.3,2880.5,27.139999,26.200001,going to home base
2024-04-13T02:43:39Z,2360.5,2360.3,2360.5,2598.6,2599.0,2598.7,5644.5,5644.3,5644.4,2326.7,2326.7,2326.8,3472.3,3472.3,3471.2,4373.3,4373.2,4373.4,6076.6,6076.6,6077.5,8578.8,8578.8,8578.4,5184.9,5183.4,5185.7,7396.7,7396.1,7395.8,6086.5,6087.2,6088.1,1848.8,1847.5,1847.7,3660.7,3660.6,3660.8,2535.8,2535.3,2535.2,2882.0,2882.1,2881.4,27.110001,26.230000,going to home base
2024-04-13T02:43:44Z,2360.2,2359.5,2359.8,2598.8,2598.3,2598.6,5644.6,5644.1,5644.7,2326.4,2326.4,2326.6,3472.1,3471.8,3471.7,4374.3,4373.7,4373.9,6076.5,6076.0,6075.7,8576.8,8576.5,8576.7,5183.6,5183.4,5185.0,7397.5,7396.4,7395.9,6085.4,6085.6,6086.1,1849.3,1847.4,1848.1,3660.5,3660.7,3661.4,2536.2,2535.7,2536.1,2881.8,2880.7,2881.1,27.120001,26.209999,going to home base
2024-04-13T02:43:49Z,2359.7,2359.3,2359.3,2598.7,2598.7,2598.9,5645.0,5644.2,5644.3,2325.9,2326.1,2327.2,3472.5,3471.7,3471.6,4373.9,4373.6,4373.8,6075.5,6075.2,6075.9,8576.6,8577.2,8576.5,5183.9,5183.2,5184.6,7398.6,7397.8,7398.8,6087.1,6085.7,6085.7,1849.5,1848.0,1848.1,3659.8,3659.8,3660.7,2535.6,2534.8,2535.3,2881.2,2880.4,2881.1,27.100000,26.190001,going to home base
2024-04-13T02:43:54Z,2360.5,2360.0,2360.1,2598.6,2598.4,2598.7,5645.9,5644.4,5644.8,2325.9,2325.8,2326.3,3472.4,3472.4,3472.2,4374.0,4373.6,4373.7,6079.3,6077.4,6077.1,8576.1,8577.4,8578.1,5184.9,5184.2,5185.3,7398.0,7398.0,7397.8,6085.7,6086.0,6085.8,1849.4,1848.0,1848.0,3659.5,3659.6,3660.3,2536.5,2534.9,2535.7,2881.9,2882.2,2882.8,27.120001,26.230000,going to home base
2024-04-13T02:43:59Z,2360.7,2359.8,2359.8,2599.6,2599.4,2599.2,5645.0,5644.8,5644.7,2325.3,2326.0,2326.8,3472.5,3472.3,3472.5,4373.3,4373.1,4372.9,6076.3,6076.4,6076.3,8577.8,8577.2,8577.4,5184.9,5185.1,5185.9,7396.8,7397.6,7397.8,6084.6,6086.0,6085.5,1849.3,1848.0,1847.4,3659.7,3659.8,3660.2,2536.3,2535.2,2535.3,2881.1,2880.2,2880.7,27.110001,26.190001,going to home base
2024-04-13T02:44:04Z,2360.2,2359.7,2359.9,2598.4,2598.5,2599.6,5645.3,5644.8,5645.0,2325.4,2326.0,2326.0,3473.0,3473.4,3472.8,4374.4,4373.1,4373.5,6076.7,6075.1,6075.0,8577.6,8577.1,8575.9,5184.5,5185.3,5184.6,7397.1,7397.2,7396.0,6087.0,6085.7,6085.3,1849.2,1847.6,1847.7,3660.1,3660.1,3660.8,2535.6,2535.2,2535.4,2881.1,2880.4,2881.0,27.100000,26.250000,going to home base
2024-04-13T02:44:09Z,2360.3,2359.6,2359.6,2598.9,2598.9,2599.2,5645.1,5644.8,5644.5,2326.1,2326.4,2326.6,3471.9,3472.4,3472.3,4373.9,4373.8,4373.8,6074.6,6074.5,6073.0,8576.9,8576.2,8577.1,5187.1,5186.0,5186.5,7396.1,7396.5,7395.5,6085.0,6084.8,6084.1,1849.1,1847.9,1847.7,3660.2,3659.3,3660.7,2536.3,2535.5,2535.1,2881.7,2880.2,2880.8,27.080000,26.280001,going to home base
2024-04-13T02:44:14Z,2360.1,2359.5,2359.7,2597.9,2597.6,2597.5,5645.2,5644.7,5644.9,2326.5,2326.2,2327.1,3472.9,3472.3,3472.5,4374.0,4374.1,4374.4,6074.7,6073.5,6074.5,8575.7,8573.7,8574.9,5186.2,5185.7,5186.9,7396.2,7395.6,7397.5,6085.4,6085.2,6085.7,1849.6,1847.9,1847.6,3660.0,3659.8,3660.8,2535.3,2534.4,2535.2,2882.7,2881.7,2881.8,27.100000,26.209999,going to home base
2024-04-13T02:44:19Z,2359.9,2358.8,2359.0,2598.4,2598.0,2598.9,5645.4,5644.7,5644.8,2326.0,2325.8,2326.1,3472.4,3471.9,3471.9,4373.5,4373.7,4373.7,6076.0,6074.3,6074.9,8578.1,8577.5,8576.6,5185.9,5185.5,5186.0,7396.5,7396.1,7397.0,6083.7,6083.7,6085.1,1849.3,1847.8,1847.5,3659.5,3659.2,3660.5,2536.2,2535.6,2535.6,2881.1,2880.5,2880.9,27.120001,26.240000,going to home base
2024-04-13T02:44:24Z,2360.3,2359.7,2359.7,2598.6,2598.6,2598.7,5646.1,5645.7,5645.6,2326.5,2326.1,2326.7,3472.5,3472.1,3472.5,4373.0,4373.5,4373.4,6073.8,6074.0,6073.7,8576.1,8575.3,8575.1,5185.2,5184.5,5185.6,7396.7,7396.4,7396.0,6082.7,6082.7,6083.8,1849.3,1847.8,1848.0,3659.4,3659.9,3660.3,2536.3,2535.0,2534.8,2880.1,2880.2,2879.5,27.120001,26.190001,going to home base
2024-04-13T02:44:29Z,2360.0,2359.3,2359.4,2598.7,2598.8,2599.0,5645.4,5646.0,5645.8,2326.4,2325.9,2326.5,3471.9,3471.6,3471.0,4374.2,4373.8,4374.0,6073.0,6073.1,6074.3,8578.6,8577.8,8574.7,5182.9,5183.2,5183.4,7398.1,7397.2,7398.3,6086.0,6084.5,6084.5,1849.3,1847.9,1848.3,3659.2,3659.7,3660.5,2535.0,2533.8,2534.1,2882.1,2881.1,2880.5,27.110001,26.240000,going to home base
2024-04-13T02:44:34Z,2360.1,2359.4,2359.8,2598.2,2598.0,2598.8,5645.8,5645.3,5645.6,2326.9,2326.8,2326.8,3471.6,3471.1,3471.6,4373.8,4374.1,4374.2,6071.3,6072.8,6071.6,8578.1,8576.8,8578.7,5186.7,5185.8,5186.5,7399.6,7398.8,7399.9,6084.7,6083.6,6084.1,1849.1,1847.7,1847.3,3659.4,3659.6,3660.5,2535.1,2535.0,2535.2,2881.6,2880.9,2881.0,27.110001,26.209999,going to home base
2024-04-13T02:44:39Z,2360.1,2359.3,2359.8,2598.6,2599.0,2599.5,5646.1,5645.4,5645.8,2326.8,2326.5,2327.4,3471.8,3471.2,3470.8,4373.7,4373.8,4373.7,6076.0,6075.5,6075.6,8576.4,8576.4,8576.4,5186.7,5186.8,5186.8,7399.4,7397.9,7397.0,6082.2,6083.0,6082.4,1849.3,1847.8,1847.8,3660.1,3660.0,3660.4,2536.0,2535.2,2534.7,2880.8,2879.9,2880.2,27.110001,26.170000,going to home base
2024-04-13T02:44:44Z,2360.3,2359.9,2359.6,2598.6,2598.8,2599.2,5645.9,5645.2,5644.8,2326.5,2325.9,2326.7,3472.3,3471.8,3471.9,4373.9,4373.6,4373.7,6075.1,6074.4,6074.1,8577.1,8579.3,8577.8,5186.3,5185.9,5186.5,7398.3,7398.1,7397.8,6084.8,6084.2,6084.6,1849.6,1847.8,1847.9,3659.2,3659.1,3660.2,2534.5,2534.2,2534.0,2881.6,2880.9,2881.1,27.110001,26.170000,going to home base
2024-04-13T02:44:49Z,2360.4,2359.6,2359.5,2598.6,2598.5,2599.3,5645.2,5645.0,5645.2,2325.5,2325.8,2326.1,3472.4,3471.9,3471.8,4373.3,4372.9,4373.4,6072.5,6073.2,6073.4,8576.6,8576.8,8575.7,5185.3,5184.7,5185.9,7399.4,7398.7,7398.7,6084.6,6084.0,6086.4,1849.3,1847.9,1848.1,3658.9,3659.1,3660.2,2535.1,2534.2,2534.4,2881.9,2881.1,2881.3,27.110001,26.139999,going to home base
2024-04-13T02:44:54Z,2360.2,2359.6,2359.6,2597.7,2597.5,2598.1,5645.7,5645.4,5645.6,2325.6,2325.6,2326.2,3472.1,3471.1,3471.6,4374.0,4373.8,4374.0,6077.9,6076.6,6076.0,8575.3,8574.9,8574.6,5185.4,5185.2,5185.4,7399.0,7397.6,7398.1,6085.9,6084.0,6084.9,1849.2,1847.7,1847.6,3658.7,3659.1,3659.8,2535.2,2534.6,2534.8,2881.9,2880.9,2881.2,27.120001,26.129999,going to home base
2024-04-13T02:44:59Z,2359.9,2359.4,2359.7,2597.9,2597.9,2598.9,5645.6,5645.0,5645.2,2326.3,2326.0,2326.3,3472.6,3471.9,3471.8,4373.4,4373.3,4373.3,6073.3,6073.5,6074.0,8577.1,8574.6,8577.6,5186.0,5185.5,5186.5,7397.4,7397.5,7396.3,6084.6,6084.9,6085.6,1849.5,1848.3,1848.2,3659.5,3658.9,3659.8,2534.9,2534.5,2534.8,2881.9,2881.4,2881.6,27.100000,26.080000,going to home base
2024-04-13T02:45:04Z,2359.7,2359.1,2359.6,2598.5,2598.2,2598.3,5644.7,5644.4,5644.4,2327.0,2327.0,2327.2,3472.4,3472.1,3471.5,4373.7,4373.7,4373.7,6074.5,6074.4,6075.4,8576.0,8574.9,8576.1,5183.0,5183.4,5183.6,7398.4,7398.3,7398.8,6088.6,6086.2,6088.1,1849.8,1848.1,1848.3,3660.1,3660.2,3660.8,2535.4,2534.2,2534.3,2882.2,2882.8,2881.9,27.110001,26.170000,going to home base
2024-04-13T02:45:09Z,2359.6,2358.9,2359.0,2598.4,2598.1,2597.7,5645.8,5644.9,5645.0,2327.1,2326.4,2327.4,3470.7,3470.5,3470.4,4373.5,4373.4,4373.4,6075.6,6074.8,6075.3,8574.6,8573.5,8574.2,5184.9,5184.2,5185.2,7398.2,7396.5,7396.8,6087.5,6084.9,6086.6,1849.2,1847.8,1847.7,3660.9,3660.9,3661.4,2535.1,2534.9,2534.7,2882.3,2880.9,2880.9,27.110001,26.160000,going to home base
2024-04-13T02:45:14Z,2360.0,2359.6,2359.4,2598.7,2598.8,2598.9,5645.9,5645.3,5645.2,2326.5,2326.4,2327.1,3471.3,3472.1,3470.8,4374.0,4374.1,4373.9,6071.9,6071.5,6071.9,8579.1,8577.5,8577.4,5184.1,5183.4,5185.6,7397.3,7398.1,7396.8,6087.6,6085.7,6086.5,1849.4,1847.9,1847.8,3659.7,3659.6,3660.6,2534.6,2533.9,2534.0,2882.3,2881.4,2882.4,27.120001,26.120001,going to home base
2024-04-13T02:45:19Z,2360.3,2359.8,2360.0,2599.1,2599.0,2599.5,5644.7,5644.5,5644.7,2326.1,2326.2,2326.8,3472.3,3471.7,3472.1,4373.8,4373.7,4373.6,6074.2,6072.8,6072.2,8577.0,8574.9,8576.9,5185.0,5184.5,5184.9,7398.8,7395.5,7397.4,6085.5,6084.1,6084.2,1849.3,1847.6,1848.1,3660.4,3660.4,3661.7,2534.7,2533.4,2533.9,2881.8,2881.1,2881.5,27.120001,26.190001,going to home base
2024-04-13T02:45:24Z,2360.0,2359.3,2359.6,2598.2,2597.8,2598.0,5644.6,5644.8,5645.2,2326.4,2326.4,2326.8,3471.6,3471.1,3471.4,4373.2,4373.5,4373.3,6070.2,6069.8,6071.6,8574.5,8575.2,8576.9,5182.5,5182.1,5182.7,7397.0,7396.2,7396.1,6084.3,6085.3,6083.0,1849.7,1848.0,1848.2,3660.7,3660.4,3660.9,2534.9,2533.8,2533.8,2881.6,2881.1,2880.8,27.100000,26.209999,going to home base
2024-04-13T02:45:29Z,2360.0,2359.3,2359.3,2598.6,2598.6,2598.6,5645.8,5645.8,5645.6,2326.7,2326.5,2326.4,3472.7,3472.3,3472.1,4374.0,4373.9,4374.0,6073.2,6072.4,6074.0,8577.8,8576.0,8575.8,5184.6,5183.9,5184.9,7398.7,7396.5,7397.8,6081.7,6081.7,6081.5,1849.9,1848.3,1848.4,3660.3,3660.5,3661.5,2535.1,2534.0,2534.4,2880.6,2880.5,2880.1,27.080000,26.190001,going to home base
2024-04-13T02:45:34Z,2360.2,2359.5,2359.6,2598.6,2598.6,2598.5,5646.0,5645.5,5645.3,2326.3,2326.3,2326.7,3470.8,3470.6,3470.2,4373.9,4373.8,4374.2,6070.9,6069.3,6069.6,8577.1,8575.5,8576.9,5186.4,5186.2,5186.5,7397.9,7397.0,7398.2,6082.8,6082.7,6082.8,1849.9,1848.5,1848.5,3659.9,3660.8,3661.5,2535.1,2534.2,2534.2,2880.9,2879.4,2880.7,27.110001,26.200001,going to home base
2024-04-13T02:45:39Z,2359.8,2359.1,2359.5,2598.0,2597.8,2598.2,5645.6,5645.8,5646.1,2325.9,2325.7,2326.5,3471.7,3471.4,3471.3,4373.9,4373.8,4373.3,6072.1,6070.9,6070.8,8575.3,8575.5,8576.1,5185.2,5185.7,5186.6,7399.5,7398.5,7397.0,6081.7,6081.0,6083.1,1849.8,1848.4,1848.0,3660.9,3660.6,3661.2,2534.8,2534.1,2534.8,2881.9,2881.5,2881.1,27.110001,26.180000,going to home base
2024-04-13T02:45:44Z,2359.9,2359.4,2359.7,2598.1,2598.3,2598.9,5645.6,5645.3,5645.4,2326.2,2326.2,2326.4,3472.2,3471.8,3472.0,4373.6,4373.3,4373.6,6073.3,6073.4,6074.1,8575.7,8576.5,8576.4,5182.9,5183.5,5185.0,7398.4,7397.6,7396.6,6081.8,6082.2,6080.7,1849.4,1847.7,1847.4,3659.3,3659.6,3660.8,2534.6,2534.1,2534.3,2880.5,2879.3,2879.6,27.100000,26.170000,going to home base
2024-04-13T02:45:49Z,2360.7,2360.0,2360.5,2598.8,2599.0,2599.1,5645.7,5645.1,5644.8,2325.7,2325.9,2326.0,3472.2,3472.0,3472.0,4373.6,4373.6,4373.9,6072.5,6070.8,6071.8,8576.7,8576.3,8576.7,5181.8,5180.5,5182.2,7397.9,7397.3,7397.2,6084.5,6085.5,6085.3,1849.7,1848.2,1848.0,3658.9,3659.3,3660.5,2535.4,2534.3,2533.9,2881.9,2880.7,2880.6,27.100000,26.200001,going to home base
2024-04-13T02:45:54Z,2360.4,2359.8,2359.7,2598.7,2598.6,2598.9,5645.4,5644.8,5645.2,2325.5,2325.7,2326.1,3472.1,3471.9,3471.9,4373.8,4373.6,4373.4,6070.2,6070.6,6070.5,8578.4,8576.7,8578.3,5185.0,5185.0,5186.2,7397.4,7396.8,7396.4,6081.9,6080.9,6082.1,1850.0,1848.0,1848.2,3659.7,3659.5,3660.7,2535.7,2535.5,2535.4,2881.1,2880.4,2880.5,27.110001,26.139999,going to home base
2024-04-13T02:45:59Z,2360.0,2359.4,2359.7,2598.2,2598.2,2599.0,5645.8,5644.9,5645.2,2326.5,2326.5,2326.7,3471.0,3471.4,3471.0,4373.4,4373.2,4373.2,6072.5,6072.2,6071.5,8578.1,8576.3,8578.3,5184.4,5184.4,5186.3,7398.9,7397.6,7396.4,6084.3,6084.1,6084.0,1849.6,1848.0,1847.8,3659.4,3660.6,3660.8,2535.8,2535.2,2534.8,2881.3,2881.0,2881.2,27.120001,26.190001,going to home base
2024-04-13T02:46:04Z,2359.4,2359.3,2359.5,2598.2,2598.2,2598.6,5645.9,5645.2,5645.2,2326.3,2326.0,2326.8,3471.8,3471.9,3470.9,4373.6,4373.2,4373.5,6072.5,6071.7,6071.4,8578.1,8577.9,8578.4,5185.4,5185.8,5186.3,7398.6,7397.6,7398.0,6081.0,6081.5,6080.7,1849.4,1848.0,1847.9,3660.0,3660.7,3660.9,2534.8,2534.3,2534.2,2884.0,2882.9,2883.7,27.100000,26.230000,going to home base
2024-04-13T02:46:09Z,2360.2,2359.4,2359.7,2599.1,2598.8,2599.3,5645.3,5645.0,5645.4,2326.3,2325.9,2326.4,3472.0,3470.8,3471.4,4374.0,4374.0,4374.0,6073.7,6073.3,6073.3,8576.3,8576.1,8578.0,5186.0,5185.9,5187.3,7398.7,7399.9,7399.5,6083.0,6083.3,6084.6,1849.8,1848.3,1848.1,3659.9,3659.6,3660.7,2535.6,2534.7,2534.8,2883.9,2883.8,2884.1,27.100000,26.160000,going to home base
2024-04-13T02:46:14Z,2360.5,2359.5,2360.1,2598.6,2598.4,2598.4,5645.0,5644.7,5644.8,2326.5,2326.0,2326.6,3471.8,3470.9,3470.8,4373.4,4373.1,4373.2,6071.6,6070.7,6071.9,8576.4,8575.8,8575.7,5186.3,5187.1,5187.9,7399.8,7399.7,7399.4,6082.2,6082.4,6082.0,1849.7,1848.4,1848.0,3659.9,3659.3,3660.5,2535.3,2534.5,2534.8,2884.0,2883.0,2883.6,27.100000,26.170000,going to home base
2024-04-13T02:46:19Z,2360.2,2359.5,2359.6,2598.3,2598.4,2599.1,5645.5,5644.5,5644.2,2325.7,2325.8,2326.6,3471.4,3471.0,3471.0,4373.2,4373.1,4373.6,6073.0,6073.8,6073.1,8580.5,8579.5,8579.1,5186.5,5186.6,5187.3,7400.5,7400.3,7398.5,6081.5,6082.9,6083.6,1849.0,1847.7,1847.9,3659.7,3659.3,3661.1,2535.5,2534.5,2534.5,2884.2,2883.3,2883.5,27.080000,26.200001,going to home base
2024-04-13T02:46:24Z,2359.8,2359.6,2359.7,2598.8,2598.4,2598.3,5645.5,5644.5,5645.0,2326.3,2326.2,2326.8,3471.7,3471.7,3471.4,4373.3,4372.9,4373.0,6073.1,6072.6,6073.4,8578.1,8577.2,8576.1,5186.2,5185.7,5187.1,7397.9,7396.6,7398.7,6082.4,6083.4,6082.8,1848.8,1847.9,1847.9,3660.2,3660.0,3661.1,2534.4,2533.5,2534.0,2883.8,2882.9,2883.5,27.080000,26.280001,going to home base
2024-04-13T02:46:29Z,2359.8,2359.4,2359.5,2598.2,2598.1,2598.2,5645.4,5644.4,5644.8,2325.6,2324.9,2326.1,3471.9,3471.4,3471.1,4373.5,4373.6,4373.3,6073.3,6072.4,6073.3,8578.2,8579.5,8578.5,5185.9,5185.4,5186.9,7398.6,7397.4,7398.2,6085.3,6083.2,6082.4,1849.4,1848.1,1848.0,3660.6,3660.7,3661.5,2535.2,2534.0,2534.2,2883.7,2883.6,2883.2,27.080000,26.170000,going to home base
2024-04-13T02:46:34Z,2359.4,2358.6,2359.1,2598.9,2598.8,2598.6,5645.3,5645.2,5645.4,2325.7,2325.9,2326.1,3471.6,3471.2,3470.7,4373.7,4373.3,4374.1,6071.1,6071.4,6072.5,8576.8,8576.7,8577.5,5185.4,5184.4,5185.9,7401.0,7400.3,7399.6,6083.3,6082.0,6083.2,1849.4,1848.1,1847.7,3660.1,3660.3,3660.7,2534.8,2533.5,2533.5,2881.8,2881.1,2880.8,27.110001,26.080000,going to home base
2024-04-13T02:46:44Z,2359.3,2358.9,2359.1,2598.8,2598.6,2599.3,start,26632.4,26635.4,2359.9,2359.3,2359.5,2326.7,2327.1,3734.3,3733.6,87775.3,87738.4,14096.1,14090.8,14090.6,4373.5,4373.1,6072.4,6071.8,6073.9,16427.9,16428.1,33920.3,33919.9,8577.2,8575.7,8576.4,7397.5,7396.9,6080.8,6082.3,6083.2,43514.7,43510.7,3698.0,3698.8,1849.4,1847.7,1848.0,3660.8,2535.3,going to home base
2024-04-13T02:46:54Z,2359.4,2358.4,2358.9,2598.0,2598.4,2599.2,5644.3,5644.3,5644.5,2326.4,2326.2,2326.8,3471.2,3470.8,3470.5,4372.4,4372.8,4373.1,6073.6,6073.5,6073.7,8576.9,8576.8,8578.0,5186.5,5185.8,5186.3,7399.4,7398.6,7398.0,6084.7,6084.7,6084.5,1848.9,1847.8,1847.6,3659.0,3659.0,3659.4,2534.7,2534.2,2534.9,2882.6,2882.3,2883.0,27.080000,26.200001,going to home base
2024-04-13T02:46:59Z,2359.6,2358.9,2359.2,2598.6,2598.8,2598.7,5645.6,5644.8,5644.6,2326.5,2326.5,2327.0,3471.6,3471.2,3471.1,4374.0,4373.8,4373.5,6070.8,6070.8,6071.5,8577.2,8577.3,8578.5,5186.1,5184.8,5186.4,7398.0,7396.4,7396.5,6085.9,6085.0,6085.2,1849.6,1847.9,1848.1,3660.4,3660.4,3661.4,2535.9,2534.6,2534.9,2883.4,2883.1,2882.9,27.100000,26.209999,going to home base
2024-04-13T02:47:04Z,2359.5,2358.9,2359.5,2598.7,2598.3,2599.1,5645.1,5645.0,5644.7,2326.5,2326.5,2327.0,3471.8,3471.4,3471.4,4373.2,4373.8,4373.4,6071.8,6072.8,6073.0,8576.4,8575.3,8575.6,5183.4,5184.1,5184.8,7398.8,7397.3,7397.3,6081.4,6082.1,6082.1,1849.8,1848.0,1848.1,3660.7,3660.2,3661.2,2535.0,2534.6,2534.8,2882.5,2882.1,2882.3,27.100000,26.200001,going to home base
2024-04-13T02:47:09Z,2360.5,2359.4,2359.3,2599.1,2599.0,2599.5,5645.3,5644.4,5645.1,2326.5,2326.3,2326.6,3470.2,3470.6,3470.4,4373.1,4373.3,4373.5,6069.5,6068.5,6070.0,8575.8,8574.5,8576.0,5182.1,5182.2,5182.8,7398.4,7396.6,7397.2,6083.5,6082.7,6084.1,1849.6,1848.0,1848.2,3659.4,3659.8,3660.1,2534.5,2534.3,2534.5,2882.4,2881.6,2881.6,27.110001,26.170000,going to home base
2024-04-13T02:47:14Z,2360.2,2359.6,2360.2,2599.4,2599.0,2599.6,5645.5,5644.8,5645.0,2326.4,2326.3,2326.9,3471.6,3471.4,3470.8,4373.8,4373.3,4373.6,6069.8,6069.7,6071.7,8575.1,8577.2,8576.7,5183.1,5183.4,5183.7,7399.6,7398.7,7400.0,6083.2,6084.5,6084.3,1849.7,1848.2,1848.2,3658.8,3658.8,3660.3,2535.4,2534.6,2534.8,2882.4,2881.5,2881.9,27.110001,26.110001,going to home base
2024-04-13T02:47:19Z,2359.3,2358.5,2359.6,2598.4,2598.2,2598.6,5645.7,5645.1,5644.8,2326.6,2326.8,2327.3,3471.2,3471.3,3471.0,4373.3,4373.3,4373.3,6072.2,6071.2,6071.9,8573.5,8574.5,8574.3,5183.4,5182.8,5182.7,7399.8,7400.6,7398.7,6082.4,6082.4,6083.1,1849.3,1848.0,1848.1,3660.4,3660.0,3660.4,2535.3,2534.5,2535.1,2881.7,2881.0,2881.0,27.070000,26.160000,going to home base
2024-04-13T02:47:24Z,2360.1,2359.1,2359.2,2598.8,2598.0,2598.8,5645.0,5644.6,5644.6,2326.4,2326.2,2326.9,3472.0,3471.7,3471.0,4373.6,4373.6,4373.4,6071.5,6072.7,6073.1,8577.3,8575.6,8575.7,5186.0,5186.2,5187.1,7399.9,7399.1,7400.2,6083.4,6082.4,6083.4,1849.6,1848.1,1848.1,3659.7,3660.0,3660.4,2534.5,2534.1,2534.3,2882.1,2880.8,2880.3,27.080000,26.160000,going to home base
2024-04-13T02:47:29Z,2360.2,2359.6,2359.9,2598.6,2598.1,2598.8,5646.0,5645.1,5645.6,2326.1,2326.8,2326.8,3471.3,3470.7,3471.3,4373.5,4373.7,4373.7,6071.0,6069.7,6069.0,8574.8,8575.8,8575.1,5184.5,5183.5,5184.3,7397.1,7397.7,7395.9,6080.6,6080.7,6079.4,1850.2,1848.4,1848.0,3660.6,3660.3,3661.2,2535.0,2534.0,2534.3,2883.1,2881.9,2882.7,27.110001,26.209999,going to home base
2024-04-13T02:47:34Z,2360.4,2359.9,2360.1,2598.2,2598.2,2598.8,5645.4,5644.8,5645.1,2326.1,2325.8,2326.5,3470.5,3470.8,3470.6,4373.6,4373.4,4373.6,6068.6,6068.6,6069.8,8576.1,8574.9,8575.8,5183.8,5185.0,5187.0,7397.1,7395.9,7397.6,6081.1,6081.5,6079.4,1849.8,1848.2,1847.9,3660.2,3660.3,3661.7,2533.9,2533.5,2533.9,2882.5,2882.2,2883.1,27.080000,26.209999,going to home base
2024-04-13T02:47:39Z,2359.5,2359.1,2359.0,2598.8,2598.5,2598.8,5645.4,5644.6,5645.0,2326.3,2326.3,2327.0,3471.3,3470.9,3470.6,4374.0,4373.4,4373.6,6072.5,6071.7,6072.8,8575.6,8575.2,8574.9,5186.6,5186.5,5187.3,7397.1,7395.3,7396.7,6083.8,6082.2,6083.8,1849.3,1848.2,1847.6,3659.9,3660.0,3660.6,2535.1,2534.4,2534.1,2882.2,2881.8,2882.6,27.100000,26.209999,going to home base
2024-04-13T02:47:44Z,2359.5,2359.2,2359.4,2599.3,2599.1,2599.6,5644.7,5644.7,5644.3,2326.1,2325.6,2326.7,3471.1,3470.6,3471.0,4373.1,4373.1,4373.3,6072.1,6071.2,6071.5,8575.5,8576.2,8575.1,5185.7,5184.4,5186.5,7397.1,7397.7,7396.1,6083.0,6081.4,6082.6,1850.0,1848.1,1848.3,3659.7,3660.1,3661.0,2535.1,2534.5,2534.0,2881.5,2881.1,2881.2,27.100000,26.180000,going to home base
2024-04-13T02:47:49Z,2358.4,2357.8,2358.0,2598.7,2598.8,2599.2,5644.8,5644.6,5644.7,2326.6,2326.6,2326.9,3472.2,3471.6,3471.3,4373.4,4373.7,4373.3,6070.8,6069.3,6068.4,8574.4,8575.2,8575.5,5186.8,5185.7,5186.3,7397.8,7396.7,7396.1,6080.9,6081.6,6082.6,1850.1,1848.6,1848.1,3660.0,3659.9,3660.8,2535.5,2534.9,2534.6,2880.5,2880.5,2880.5,27.080000,26.170000,going to home base
2024-04-13T02:47:54Z,2359.3,2358.8,2359.4,2598.2,2598.2,2598.4,5644.8,5644.2,5644.3,2326.5,2326.3,2326.2,3472.5,3471.5,3471.6,4373.8,4373.4,4373.5,6069.0,6068.8,6069.8,8576.5,8576.9,8577.4,5186.7,5185.8,5185.6,7399.9,7398.2,7397.6,6083.1,6082.2,6084.0,1850.0,1848.3,1848.1,3660.9,3660.6,3661.6,2535.3,2534.8,2534.9,2881.6,2881.4,2881.4,27.100000,26.170000,going to home base
2024-04-13T02:47:59Z,2360.0,2359.6,2359.4,2598.5,2598.4,2599.3,5645.4,5644.4,5644.5,2326.2,2326.3,2326.9,3470.7,3470.5,3470.4,4373.4,4373.4,4373.5,6066.5,6066.2,6068.3,8577.8,8576.4,8576.9,5183.7,5183.7,5184.8,7400.8,7400.9,7401.3,6084.0,6082.3,6082.5,1849.7,1848.5,1848.2,3661.0,3661.2,3661.9,2534.5,2533.7,2533.9,2881.2,2880.8,2880.3,27.080000,26.170000,going to home base
2024-04-13T02:48:04Z,2360.4,2359.6,2360.1,2598.2,2598.4,2598.5,5644.4,5644.4,5643.9,2326.2,2325.7,2326.1,3472.3,3471.9,3471.5,4373.6,4373.7,4373.2,6069.4,6069.5,6069.1,8578.0,8577.7,8576.2,5185.1,5185.2,5186.1,7398.3,7399.0,7397.6,6081.0,6081.8,6081.1,1849.6,1847.9,1847.6,3660.2,3660.4,3661.2,2534.4,2533.3,2534.0,2881.8,2881.5,2881.5,27.100000,26.110001,going to home base
2024-04-13T02:48:09Z,2360.1,2359.5,2359.6,2597.9,2597.8,2598.3,5644.3,5644.3,5644.2,2326.4,2326.6,2326.6,3472.5,3472.5,3472.1,4373.5,4373.3,4373.2,6071.7,6072.2,6071.4,8576.6,8575.7,8577.5,5185.6,5185.7,5185.9,7399.4,7398.8,7398.6,6081.3,6080.1,6081.2,1849.4,1848.1,1847.8,3659.5,3659.6,3660.5,2534.9,2534.3,2534.6,2882.5,2880.9,2881.4,27.100000,26.170000,going to home base
2024-04-13T02:48:14Z,2360.0,2359.5,2359.4,2598.5,2598.6,2598.6,5644.6,5644.5,5644.4,2326.1,2326.3,2326.9,3471.9,3471.0,3471.3,4373.0,4373.2,4373.5,6068.3,6067.4,6069.4,8574.8,8574.2,8575.8,5184.1,5185.6,5187.1,7398.3,7397.9,7399.5,6080.1,6082.9,6082.5,1849.6,1848.2,1847.9,3659.4,3659.4,3660.4,2535.0,2534.9,2534.9,2881.5,2881.5,2881.2,27.100000,26.170000,going to home base
2024-04-13T02:48:19Z,2359.9,2359.5,2359.4,2597.8,2598.2,2598.5,5644.7,5644.8,5644.2,2325.9,2325.9,2326.0,3471.2,3471.3,3471.9,4373.5,4373.1,4373.4,6067.6,6067.0,6067.3,8579.0,8577.5,8576.9,5185.5,5185.5,5185.1,7399.6,7397.4,7399.4,6084.5,6082.8,6083.3,1849.3,1848.0,1847.5,3659.9,3659.7,3661.1,2535.3,2534.1,2534.2,2881.9,2881.8,2881.8,27.049999,26.180000,going to home base
2024-04-13T02:48:24Z,2360.0,2359.1,2359.0,2597.8,2597.5,2598.2,5644.7,5644.3,5644.2,2325.5,2326.1,2326.3,3471.9,3471.8,3471.7,4373.5,4373.2,4373.3,6069.7,6068.9,6071.0,8579.0,8577.3,8576.7,5186.3,5186.3,5187.1,7398.2,7397.5,7397.0,6084.0,6082.5,6083.7,1849.3,1847.9,1848.4,3659.7,3659.8,3660.4,2534.6,2533.5,2533.7,2882.1,2881.1,2881.3,27.100000,26.170000,going to home base
2024-04-13T02:48:29Z,2359.8,2359.0,2359.1,2598.8,2598.5,2598.7,5645.6,5645.0,5644.6,2325.9,2325.5,2325.6,3471.8,3471.5,3471.4,4373.5,4373.4,4373.6,6069.2,6069.1,6071.0,8576.7,8576.9,8577.2,5186.8,5185.2,5187.2,7397.1,7397.5,7397.1,6082.5,6081.9,6082.9,1849.0,1847.6,1847.9,3659.7,3659.7,3661.0,2534.2,2533.8,2533.7,2882.0,2881.4,2881.9,27.070000,26.230000,going to home base
2024-04-13T02:48:34Z,2359.7,2359.0,2359.4,2598.4,2598.0,2598.5,5645.5,5644.4,5644.6,2325.8,2325.5,2325.8,3472.4,3471.7,3471.7,4373.7,4373.8,4373.9,6069.0,6068.2,6067.2,8573.7,8574.5,8574.7,5185.0,5184.2,5186.6,7398.8,7397.3,7397.5,6082.0,6083.8,6084.3,1850.2,1848.4,1848.5,3659.8,3660.0,3660.6,2534.8,2534.2,2534.8,2881.4,2880.9,2880.8,27.100000,26.200001,going to home base
2024-04-13T02:48:39Z,2359.9,2359.3,2359.7,2598.8,2598.7,2598.7,5644.9,5644.5,5644.9,2325.0,2325.2,2325.4,3472.0,3471.0,3471.4,4373.9,4373.4,4373.3,6068.7,6068.7,6069.0,8576.4,8575.3,8576.2,5186.9,5186.7,5187.9,7397.6,7396.4,7396.4,6082.9,6084.6,6083.3,1849.9,1848.1,1847.9,3660.4,3660.3,3661.1,2535.6,2534.5,2535.0,2882.0,2881.8,2881.6,27.080000,26.170000,going to home base
2024-04-13T02:48:44Z,2360.4,2359.4,2359.4,2598.2,2598.0,2598.2,5645.0,5644.5,5644.6,2326.4,2326.5,2326.6,3471.9,3471.3,3471.4,4373.6,4373.3,4373.7,6070.8,6071.0,6069.0,8573.2,8574.1,8575.6,5186.2,5186.3,5186.1,7396.1,7396.9,7397.9,6083.0,6083.0,6082.3,1849.7,1848.1,1848.1,3659.4,3659.5,3660.2,2535.3,2534.1,2534.9,2882.8,2881.6,2882.2,27.080000,26.139999,going to home base
2024-04-13T02:48:49Z,2359.5,2359.1,2359.1,2598.6,2598.2,2598.7,5645.3,5644.7,5644.6,2326.0,2326.0,2326.5,3470.9,3470.4,3470.1,4373.6,4373.3,4373.4,6069.9,6068.5,6070.1,8574.6,8575.0,8576.9,5182.2,5182.5,5182.1,7398.1,7397.0,7396.2,6084.2,6082.8,6084.9,1849.5,1848.0,1848.2,3660.1,3659.8,3660.7,2535.5,2534.6,2534.6,2881.3,2881.1,2881.8,27.080000,26.129999,going to home base
2024-04-13T02:48:54Z,2359.9,2359.1,2359.3,2598.2,2597.7,2598.3,5645.2,5645.2,5644.9,2325.9,2326.0,2326.1,3472.3,3471.7,3472.0,4373.9,4373.4,4373.3,6068.4,6069.3,6069.9,8577.0,8575.6,8577.1,5182.6,5182.7,5183.9,7398.4,7398.0,7397.3,6082.5,6084.8,6084.0,1850.1,1848.7,1848.6,3659.9,3660.0,3660.8,2535.0,2534.4,2534.0,2882.2,2881.4,2882.3,27.070000,26.200001,going to home base
2024-04-13T02:48:59Z,2359.8,2359.1,2359.2,2598.6,2598.0,2598.1,5645.2,5645.3,5645.1,2326.1,2325.4,2326.1,3471.9,3471.5,3471.8,4373.7,4374.0,4373.9,6071.2,6070.3,6072.0,8575.6,8575.5,8574.5,5182.4,5181.5,5182.3,7398.9,7398.7,7398.6,6086.8,6086.6,6086.8,1849.6,1848.4,1848.1,3659.8,3660.0,3660.6,2533.7,2532.8,2532.9,2882.1,2881.2,2881.3,27.100000,26.170000,going to home base
2024-04-13T02:49:04Z,2359.7,2359.2,2359.1,2598.0,2598.2,2598.3,5645.1,5644.6,5644.7,2326.1,2326.3,2326.6,3471.6,3470.7,3470.6,4372.9,4373.2,4373.2,6070.0,6068.6,6069.7,8578.6,8577.0,8577.2,5182.9,5183.1,5183.5,7398.7,7399.0,7398.7,6087.1,6085.1,6086.0,1849.0,1847.6,1847.8,3660.2,3660.3,3661.3,2534.3,2533.8,2533.7,2880.8,2880.3,2881.0,27.100000,26.200001,going to home base
2024-04-13T02:49:09Z,2359.9,2359.2,2359.4,2598.3,2598.8,2598.4,5644.9,5644.6,5645.1,2326.4,2326.4,2326.5,3471.9,3471.1,3471.3,4373.3,4372.7,4373.5,6064.1,6066.1,6065.5,8576.8,8575.6,8577.1,5185.9,5185.6,5187.4,7400.1,7398.8,7399.3,6085.4,6083.8,6085.4,1849.7,1847.8,1847.9,3660.5,3660.9,3661.3,2535.4,2534.5,2534.2,2883.4,2882.4,2883.3,27.100000,26.180000,going to home base
2024-04-13T02:49:14Z,2360.2,2359.3,2359.5,2598.9,2598.8,2599.3,5644.7,5644.2,5644.8,2325.7,2326.3,2326.9,3471.5,3471.1,3470.7,4373.7,4373.4,4373.6,6067.7,6068.8,6068.7,8573.8,8572.4,8573.7,5184.6,5183.7,5186.7,7398.7,7398.3,7397.6,6085.1,6084.4,6086.4,1849.2,1848.2,1848.3,3660.8,3660.2,3661.1,2534.3,2533.5,2534.2,2883.0,2882.2,2882.8,27.070000,26.160000,going to home base
2024-04-13T02:49:19Z,2359.6,2358.7,2358.8,2598.6,2598.5,2599.3,5645.4,5644.6,5645.0,2326.4,2326.4,2326.7,3471.1,3471.0,3470.9,4373.5,4373.5,4373.4,6069.8,6069.5,6070.5,8578.1,8577.3,8576.5,5185.9,5185.3,5185.8,7401.8,7400.6,7400.4,6083.2,6083.4,6083.4,1849.4,1848.1,1847.6,3660.1,3660.3,3660.9,2532.9,2532.5,2532.5,2881.4,2881.1,2880.7,27.070000,26.139999,going to home base
2024-04-13T02:49:24Z,2359.6,2358.7,2358.9,2598.3,2598.1,2598.5,5644.4,5644.2,5644.1,2326.1,2326.1,2325.8,3471.0,3471.4,3471.2,4373.5,4373.8,4373.5,6071.4,6070.1,6068.9,8576.4,8575.5,8575.8,5184.2,5184.4,5185.1,7401.4,7400.8,7399.9,6085.0,6086.2,6085.3,1849.3,1847.9,1847.7,3660.8,3660.7,3662.0,2532.2,2532.5,2532.6,2883.1,2882.7,2882.1,27.080000,26.129999,going to home base
2024-04-13T02:49:29Z,2359.7,2359.2,2359.7,2598.9,2598.3,2599.1,5644.6,5644.4,5644.6,2326.1,2326.5,2326.7,3470.1,3470.4,3470.1,4373.4,4373.0,4373.1,6070.8,6069.9,6069.7,8578.0,8577.0,8577.9,5182.9,5183.0,5184.1,7399.2,7398.8,7399.2,6083.4,6081.9,6083.5,1849.3,1848.1,1847.7,3660.7,3660.3,3661.6,2533.2,2532.6,2532.6,2882.4,2881.6,2881.5,27.080000,26.160000,going to home base
2024-04-13T02:49:34Z,2359.8,2359.1,2359.5,2598.9,2598.4,2598.5,5644.5,5644.7,5644.6,2326.2,2326.1,2326.4,3471.3,3471.0,3470.5,4373.2,4373.2,4373.4,6069.7,6069.8,6071.7,8576.7,8576.0,8575.2,5185.6,5184.9,5186.1,7401.0,7400.3,7399.0,6085.1,6083.9,6085.0,1849.4,1847.5,1847.7,3661.2,3661.5,3661.9,2534.2,2533.3,2533.8,2881.3,2881.6,2882.4,27.080000,26.180000,going to home base
2024-04-13T02:49:39Z,2359.0,2358.6,2358.6,2598.5,2598.9,2599.4,5644.6,5643.8,5644.3,2326.4,2325.9,2327.2,3472.1,3471.7,3472.0,4373.9,4373.7,4373.9,6070.9,6071.3,6071.5,8573.0,8575.5,8574.6,5184.5,5185.1,5185.6,7399.3,7396.7,7396.8,6084.3,6083.5,6084.8,1849.0,1848.1,1847.9,3659.7,3659.7,3660.5,2533.8,2532.8,2532.8,2882.7,2881.4,2882.0,27.070000,26.139999,going to home base
2024-04-13T02:49:44Z,2359.7,2359.0,2359.3,2598.7,2598.8,2599.2,5644.3,5644.2,5643.8,2325.8,2325.5,2326.9,3472.0,3472.1,3471.9,4373.5,4373.1,4373.5,6072.2,6070.5,6069.4,8576.7,8574.8,8574.8,5184.4,5186.1,5186.2,7396.1,7395.3,7395.5,6084.1,6084.9,6083.2,1848.7,1847.6,1847.5,3659.7,3660.1,3661.2,2533.3,2533.6,2533.9,2881.3,2881.8,2881.9,27.070000,26.059999,going to home base
2024-04-13T02:49:49Z,2359.4,2358.5,2358.7,2598.3,2597.8,2598.5,5644.7,5644.4,5644.5,2326.5,2326.1,2326.5,3471.4,3471.4,3471.5,4373.6,4373.4,4373.5,6071.0,6071.6,6071.6,8575.1,8575.0,8574.9,5181.5,5181.3,5181.3,7399.1,7397.8,7398.3,6085.5,6084.3,6084.6,1848.8,1847.5,1847.3,3660.5,3660.4,3661.0,2534.2,2533.2,2533.2,2881.5,2880.2,2880.9,27.049999,26.110001,going to home base
2024-04-13T02:49:54Z,2360.3,2359.6,2359.6,2598.3,2598.3,2598.6,5645.0,5644.5,5644.3,2326.4,2326.3,2327.7,3471.9,3472.2,3471.8,4373.6,4373.4,4373.5,6072.2,6073.5,6073.6,8578.0,8578.0,8577.7,5183.6,5184.2,5184.9,7398.4,7397.4,7396.3,6084.4,6083.5,6084.2,1848.6,1847.1,1847.4,3660.2,3659.8,3660.9,2534.4,2534.3,2533.7,2882.0,2880.5,2880.8,27.100000,26.160000,going to home base
2024-04-13T02:49:59Z,2359.9,2359.3,2359.1,2599.4,2599.3,2599.6,5645.0,5644.4,5644.2,2326.4,2326.3,2326.7,3471.4,3471.2,3471.3,4373.5,4373.2,4373.6,6073.6,6073.1,6074.5,8578.7,8578.3,8578.3,5185.8,5185.5,5186.2,7398.4,7398.5,7396.5,6082.5,6083.3,6084.6,1849.3,1848.3,1848.0,3660.6,3660.6,3661.4,2533.6,2532.9,2532.4,2880.6,2880.2,2880.1,27.070000,26.110001,going to home base
2024-04-13T02:50:04Z,2359.3,2358.8,2358.6,2598.7,2598.4,2598.8,5644.4,5644.0,5644.8,2326.1,2325.9,2326.2,3471.0,3470.7,3470.2,4373.9,4373.5,4373.7,6070.7,6071.0,6070.5,8577.7,8575.2,8577.2,5184.2,5184.5,5185.2,7397.8,7397.0,7396.6,6083.9,6082.8,6083.9,1849.0,1847.4,1847.1,3660.1,3660.5,3661.0,2533.8,2532.7,2533.4,2882.2,2881.2,2882.0,27.080000,26.070000,going to home base
2024-04-13T02:50:09Z,2359.3,2358.5,2358.7,2599.0,2598.9,2598.8,5645.0,5644.3,5644.9,2325.6,2325.5,2326.0,3471.3,3470.6,3470.6,4373.2,4373.5,4373.5,6069.6,6070.2,6069.3,8576.9,8577.3,8576.1,5185.8,5185.9,5186.2,7396.6,7396.6,7397.9,6085.0,6084.5,6082.9,1849.2,1847.7,1847.6,3660.5,3660.8,3661.1,2533.3,2532.6,2532.1,2881.9,2881.4,2882.0,27.100000,26.049999,going to home base
2024-04-13T02:50:14Z,2359.2,2358.4,2358.9,2598.9,2598.8,2598.8,5644.5,5644.2,5644.3,2326.2,2326.4,2326.8,3470.9,3470.0,3470.2,4373.3,4373.1,4373.4,6070.3,6069.1,6070.7,8576.8,8576.7,8577.4,5186.0,5185.8,5186.5,7398.1,7396.4,7396.9,6085.9,6086.2,6088.0,1849.1,1847.6,1847.6,3660.9,3660.9,3661.5,2533.3,2532.8,2532.7,2882.3,2881.5,2882.1,27.080000,26.090000,going to home base
2024-04-13T02:50:19Z,2359.6,2358.6,2359.0,2598.7,2598.4,2598.4,5644.8,5644.4,5644.7,2326.0,2326.0,2326.5,3471.7,3471.7,3471.2,4373.6,4373.2,4373.7,6070.6,6071.9,6070.6,8576.3,8576.7,8576.2,5184.5,5184.3,5185.7,7398.8,7398.4,7399.9,6087.4,6088.3,6088.1,1848.7,1847.6,1847.7,3661.2,3661.1,3661.9,2533.5,2532.4,2533.4,2881.7,2881.4,2881.5,27.049999,26.110001,going to home base
2024-04-13T02:50:24Z,2359.6,2358.9,2359.1,2598.2,2597.9,2598.1,5645.3,5644.8,5645.0,2326.6,2326.7,2327.2,3470.8,3471.2,3470.5,4373.4,4373.5,4373.4,6069.0,6071.3,6072.4,8577.6,8577.6,8577.5,5185.7,5184.6,5185.5,7396.5,7395.1,7394.2,6086.5,6085.3,6087.4,1848.2,1847.3,1847.0,3660.6,3660.6,3661.4,2533.7,2533.5,2533.3,2883.0,2881.5,2881.4,27.100000,26.170000,going to home base
2024-04-13T02:50:29Z,2359.7,2359.3,2359.4,2598.4,2598.2,2599.1,5644.8,5644.2,5644.3,2326.5,2326.1,2326.8,3470.7,3470.7,3470.1,4373.3,4373.4,4374.0,6071.6,6070.8,6073.2,8578.2,8578.4,8579.3,5184.6,5183.9,5185.2,7398.4,7397.7,7397.6,6084.8,6085.0,6084.2,1849.2,1847.8,1847.7,3660.5,3660.4,3661.2,2533.8,2533.3,2533.5,2881.0,2881.2,2881.2,27.040001,26.139999,going to home base
2024-04-13T02:50:34Z,2359.6,2359.2,2359.4,2598.8,2598.6,2599.2,5644.4,5644.1,5643.7,2326.4,2326.3,2326.8,3470.5,3470.5,3469.5,4373.3,4373.5,4373.3,6071.8,6072.4,6071.9,8579.6,8579.5,8578.0,5184.2,5184.0,5184.5,7395.8,7396.5,7395.5,6086.4,6086.7,6087.0,1848.9,1847.1,1847.1,3660.2,3660.3,3661.5,2534.9,2534.0,2533.4,2880.5,2880.1,2881.0,27.080000,26.209999,going to home base
2024-04-13T02:50:39Z,2359.8,2359.1,2359.3,2598.6,2598.5,2598.6,5643.9,5643.8,5644.4,2325.9,2326.1,2326.0,3471.5,3471.4,3471.0,4373.1,4373.2,4373.1,6072.1,6072.6,6073.3,8577.8,8578.4,8576.8,5184.4,5185.4,5184.8,7397.1,7397.6,7397.8,6086.4,6085.8,6085.5,1848.6,1847.1,1847.6,3661.6,3661.7,3662.3,2533.7,2532.9,2533.4,2880.8,2880.6,2881.2,27.070000,26.170000,going to home base
2024-04-13T02:50:44Z,2359.7,2358.9,2359.0,2598.9,2599.1,2598.9,5644.6,5644.0,5644.1,2326.8,2327.0,2327.6,3470.5,3470.5,3470.1,4373.4,4373.9,4373.6,6069.6,6069.6,6070.6,8578.1,8574.8,8577.9,5185.6,5184.0,5184.8,7397.4,7397.5,7396.8,6086.7,6088.0,6085.7,1848.7,1847.3,1847.2,3661.1,3661.0,3661.9,2534.4,2533.5,2533.5,2882.2,2881.4,2880.9,27.049999,26.170000,going to home base
2024-04-13T02:50:49Z,2360.0,2359.0,2359.6,2598.4,2598.3,2598.9,5643.9,5643.7,5643.4,2326.4,2326.6,2326.2,3471.1,3471.1,3472.1,4373.3,4373.2,4372.9,6070.1,6068.9,6070.1,8576.9,8576.8,8577.2,5187.4,5186.7,5186.8,7399.8,7397.5,7398.2,6085.7,6085.6,6085.5,1849.0,1847.4,1847.4,3660.8,3660.6,3661.6,2533.7,2533.4,2533.1,2879.8,2880.3,2880.0,27.049999,26.100000,going to home base
2024-04-13T02:50:54Z,2359.7,2359.5,2359.2,2598.1,2598.3,2598.7,5643.6,5643.2,5643.5,2325.8,2326.7,2326.9,3471.9,3471.2,3471.2,4373.6,4373.4,4373.5,6070.4,6070.1,6071.3,8577.6,8578.0,8577.0,5185.6,5185.7,5185.7,7400.8,7398.6,7399.0,6087.3,6085.0,6085.5,1848.9,1847.3,1847.2,3660.4,3660.9,3661.5,2534.4,2533.2,2533.2,2881.4,2880.1,2880.6,27.070000,26.100000,going to home base
2024-04-13T02:50:59Z,2359.3,2358.7,2359.0,2598.5,2597.7,2598.2,5643.8,5643.4,5643.1,2326.5,2326.0,2326.6,3471.5,3470.6,3470.4,4373.9,4373.9,4373.6,6069.8,6070.0,6070.7,8578.3,8579.7,8579.2,5187.2,5186.9,5189.1,7398.6,7398.5,7399.5,6087.0,6085.9,6087.1,1849.1,1847.6,1847.4,3660.3,3660.6,3661.5,2533.4,2533.0,2533.0,2880.6,2880.6,2881.0,27.070000,26.070000,going to home base
2024-04-13T02:51:04Z,2359.6,2358.9,2359.1,2598.7,2598.7,2599.1,5644.3,5643.9,5643.6,2326.9,2327.1,2327.3,3470.2,3470.1,3469.6,4374.0,4373.4,4373.8,6071.2,6071.2,6069.8,8579.2,8577.8,8577.5,5186.1,5185.1,5186.6,7397.3,7397.5,7397.0,6085.4,6084.9,6085.0,1849.2,1847.4,1847.4,3659.9,3660.1,3660.4,2534.6,2533.7,2533.4,2881.3,2880.5,2880.8,27.049999,26.129999,going to home base
2024-04-13T02:51:09Z,2359.3,2358.6,2359.0,2599.3,2599.4,2599.6,5644.1,5643.7,5644.2,2327.0,2327.4,2327.5,3470.3,3470.1,3469.4,4373.8,4373.7,4373.0,6069.6,6070.1,6071.4,8577.7,8576.4,8577.5,5186.0,5187.3,5186.3,7399.9,7397.7,7397.6,6086.0,6085.5,6086.2,1848.6,1847.2,1847.4,3659.7,3660.2,3661.0,2533.1,2532.2,2532.3,2881.4,2881.2,2881.8,27.080000,26.139999,going to home base
2024-04-13T02:51:14Z,2359.9,2359.4,2359.6,2599.1,2599.3,2599.4,5644.2,5643.9,5644.4,2326.6,2326.6,2326.6,3470.2,3470.2,3469.4,4373.1,4372.9,4373.2,6070.5,6067.8,6068.8,8577.3,8577.2,8578.3,5186.1,5186.0,5186.7,7398.2,7398.3,7399.3,6085.4,6086.7,6086.3,1849.0,1847.6,1847.6,3659.5,3660.3,3660.4,2534.4,2533.1,2533.6,2882.1,2881.6,2882.6,27.080000,26.040001,going to home base
2024-04-13T02:51:19Z,2359.4,2358.9,2359.2,2598.4,2598.4,2598.9,5644.7,5643.8,5644.4,2325.4,2325.2,2325.6,3470.7,3471.6,3470.6,4372.9,4372.6,4372.8,6069.4,6069.1,6071.4,8575.5,8575.3,8576.9,5184.4,5184.5,5184.9,7399.5,7398.1,7399.9,6085.9,6086.2,6086.2,1849.4,1847.9,1848.1,3660.1,3659.7,3660.7,2534.1,2533.3,2533.3,2882.6,2881.7,2882.6,27.070000,26.080000,going to home base
2024-04-13T02:51:24Z,2359.1,2358.8,2358.7,2597.8,2597.6,2597.8,5644.2,5643.9,5643.7,2326.1,2326.3,2326.6,3470.3,3470.0,3470.5,4373.2,4372.8,4372.7,6072.1,6070.7,6072.1,8577.7,8577.3,8578.1,5184.2,5184.0,5185.1,7398.9,7399.1,7397.9,6086.5,6085.9,6086.3,1849.6,1847.8,1847.8,3659.5,3659.9,3660.0,2533.2,2532.6,2532.9,2883.1,2882.3,2882.6,27.040001,26.080000,going to home base
2024-04-13T02:51:29Z,2359.5,2358.8,2358.9,2598.6,2598.4,2598.8,5644.6,5644.2,5644.6,2327.0,2326.6,2327.1,3471.3,3471.0,3471.1,4373.3,4373.2,4373.1,6070.9,6070.6,6072.2,8577.6,8576.7,8576.9,5187.0,5185.3,5187.6,7399.2,7399.0,7398.9,6088.3,6087.2,6088.3,1850.0,1848.6,1848.2,3659.4,3659.7,3660.4,2533.6,2532.8,2533.0,2882.4,2881.6,2882.3,27.070000,26.040001,going to home base
2024-04-13T02:51:34Z,2359.8,2359.2,2359.5,2598.7,2598.2,2598.5,5644.7,5643.6,5644.0,2326.2,2325.9,2326.9,3471.6,3471.1,3471.3,4373.2,4373.1,4373.3,6072.2,6073.0,6072.7,8575.7,8577.3,8576.6,5181.9,5181.9,5183.8,7397.0,7396.5,7396.9,6087.9,6087.8,6088.8,1849.4,1847.4,1847.6,3660.4,3660.2,3661.2,2533.9,2533.1,2533.0,2881.0,2880.8,2881.6,27.049999,26.100000,going to home base
2024-04-13T02:51:39Z,2359.8,2359.1,2359.3,2598.5,2598.2,2598.6,5644.7,5644.5,5644.1,2326.6,2326.4,2327.0,3471.5,3471.2,3471.1,4373.2,4373.3,4373.0,6069.6,6068.5,6069.0,8577.2,8575.3,8576.4,5182.5,5182.5,5184.0,7398.2,7398.2,7398.4,6086.5,6087.4,6087.0,1849.5,1848.3,1848.5,3659.1,3659.3,3659.9,2533.8,2532.9,2532.5,2882.8,2882.3,2882.6,27.080000,26.110001,going to home base
2024-04-13T02:51:44Z,2359.8,2359.2,2359.5,2598.4,2598.2,2598.5,5644.3,5644.0,5644.2,2326.3,2326.5,2326.8,3471.2,3470.8,3470.6,4372.6,4373.1,4373.1,6071.1,6071.5,6071.5,8577.9,8575.0,8574.8,5183.1,5182.6,5184.0,7400.5,7398.6,7399.3,6085.0,6084.8,6086.4,1849.1,1847.9,1847.6,3659.3,3659.3,3660.0,2533.4,2532.5,2532.6,2882.5,2882.4,2882.6,27.070000,26.110001,going to home base
2024-04-13T02:51:49Z,2360.0,2359.5,2359.3,2598.0,2598.0,2598.1,5644.0,5643.3,5643.6,2326.6,2326.4,2326.8,3470.6,3469.5,3469.3,4372.7,4372.2,4372.4,6069.3,6070.5,6068.7,8576.3,8577.7,8577.6,5183.4,5182.4,5184.2,7399.9,7398.8,7398.9,6086.5,6085.9,6084.6,1849.2,1847.8,1847.4,3659.8,3659.9,3660.6,2533.2,2532.7,2532.2,2883.8,2882.0,2883.2,27.070000,26.070000,going to home base
2024-04-13T02:51:54Z,2359.5,2359.5,2359.2,2598.0,2597.7,2598.1,5644.2,5643.6,5643.5,2326.9,2327.1,2327.8,3470.2,3470.0,3469.6,4372.4,4372.1,4372.5,6069.3,6069.2,6068.6,8575.7,8575.4,8575.2,5182.2,5181.9,5183.3,7399.8,7398.9,7398.5,6085.7,6084.7,6084.4,1848.9,1847.7,1847.7,3659.9,3659.7,3660.6,2532.8,2532.0,2532.6,2882.3,2882.5,2882.8,27.040001,26.030001,going to home base
2024-04-13T02:51:59Z,2359.6,2359.1,2359.3,2598.1,2598.6,2598.4,5643.9,5643.1,5642.7,2326.8,2327.3,2327.2,3469.7,3469.6,3469.3,4372.9,4372.5,4372.2,6072.9,6072.4,6072.6,8576.4,8576.5,8576.4,5184.0,5183.0,5182.4,7399.3,7398.9,7399.7,6083.0,6084.5,6085.1,1849.6,1848.0,1847.8,3659.6,3659.7,3660.5,2532.5,2531.6,2531.8,2882.1,2881.4,2881.6,27.070000,26.030001,going to home base
2024-04-13T02:52:04Z,2360.1,2359.1,2359.3,2597.8,2598.2,2598.3,5644.0,5643.2,5643.5,2326.7,2327.0,2327.4,3469.9,3469.2,3469.4,4372.9,4372.7,4372.8,6069.2,6069.2,6071.2,8576.4,8575.4,8577.0,5180.6,5180.6,5181.9,7398.7,7397.5,7397.8,6084.6,6083.6,6084.9,1849.6,1847.8,1847.5,3659.8,3659.6,3660.3,2532.8,2532.5,2532.7,2881.3,2881.5,2882.3,27.080000,26.000000,going to home base
2024-04-13T02:52:09Z,2359.9,2358.8,2359.2,2597.7,2598.1,2598.0,5643.9,5643.4,5643.6,2326.8,2326.5,2327.3,3470.0,3469.8,3469.4,4372.6,4372.3,4372.5,6071.0,6068.2,6069.8,8576.4,8576.5,8576.6,5181.9,5181.1,5181.8,7401.4,7399.3,7399.5,6084.7,6084.3,6084.6,1849.2,1847.5,1847.6,3659.3,3659.4,3660.4,2532.9,2531.9,2531.5,2882.3,2881.1,2881.7,27.070000,26.020000,going to home base
2024-04-13T02:52:14Z,2359.7,2359.3,2359.6,2598.6,2598.2,2599.2,5644.2,5643.5,5643.4,2327.1,2327.1,2327.5,3469.2,3470.4,3469.2,4372.4,4372.2,4372.1,6067.5,6067.1,6068.3,8580.5,8578.2,8577.7,5182.8,5182.7,5183.2,7400.4,7399.4,7401.2,6084.5,6085.6,6085.4,1848.6,1847.3,1847.5,3660.1,3659.5,3660.3,2533.0,2532.1,2531.4,2881.3,2880.5,2881.1,27.100000,26.059999,going to home base
2024-04-13T02:52:19Z,2360.1,2359.4,2359.7,2598.6,2598.7,2599.4,5643.9,5643.6,5644.0,2327.5,2327.7,2327.8,3469.4,3469.0,3468.6,4372.7,4372.5,4372.1,6067.2,6067.8,6069.0,8578.1,8578.4,8577.7,5180.8,5181.0,5182.6,7399.9,7398.9,7400.9,6085.9,6085.2,6086.4,1849.3,1848.0,1847.5,3659.6,3659.6,3660.7,2532.8,2531.1,2532.1,2882.3,2880.0,2880.3,27.040001,26.080000,going to home base
2024-04-13T02:52:29Z,2360.5,2359.5,2360.2,2598.3,2598.2,2598.7,5642.8,5643.1,5643.8,2327.7,2327.9,2328.0,3470.2,3470.2,3470.3,4372.5,4372.2,4372.2,6069.4,6069.6,6069.5,8578.4,8578.1,8576.4,5184.0,5183.3,5183.6,7400.5,7398.6,7398.2,6083.9,6082.2,6083.0,1849.5,1847.7,1848.0,3659.8,3660.0,3661.4,2533.3,2532.5,2532.4,2881.2,2880.2,28start,2359.5,2359.2,going to home base
2024-04-13T02:52:39Z,2359.7,2359.1,2359.7,2598.3,2598.2,2598.4,5643.6,5642.9,5643.5,2326.9,2326.8,2327.3,3470.1,3469.9,3469.8,4372.5,4372.4,4372.3,6070.1,6070.1,6069.9,8578.1,8577.4,8575.9,5182.9,5182.8,5183.5,7399.3,7398.7,7396.5,6084.6,6084.2,6084.6,1848.9,1847.4,1847.1,3660.9,3660.5,3661.4,2533.0,2532.2,2532.3,2881.6,2880.5,2881.2,27.070000,26.040001,going to home base
2024-04-13T02:52:44Z,2359.5,2358.9,2359.3,2598.1,2597.6,2597.8,5644.0,5643.4,5643.6,2326.8,2326.9,2327.3,3470.4,3469.9,3470.0,4372.4,4372.4,4372.5,6070.1,6068.8,6070.6,8577.9,8579.0,8577.2,5184.1,5183.7,5183.5,7400.6,7399.2,7400.3,6083.6,6083.6,6083.5,1849.0,1847.2,1847.5,3660.0,3660.1,3661.2,2533.1,2532.5,2532.8,2881.9,2881.2,2881.4,27.049999,26.100000,going to home base
2024-04-13T02:52:49Z,2360.3,2359.2,2359.2,2598.3,2597.9,2597.9,5643.4,5643.0,5643.3,2326.8,2327.0,2327.5,3470.5,3470.6,3470.5,4372.4,4372.4,4372.5,6069.8,6069.8,6070.4,8573.9,8573.7,8574.5,5182.8,5182.7,5182.4,7399.8,7400.2,7399.6,6081.8,6083.4,6084.0,1848.8,1847.4,1847.5,3659.5,3659.7,3660.7,2531.8,2531.4,2532.0,2881.7,2880.9,2881.5,27.070000,26.040001,going to home base
2024-04-13T02:52:54Z,2360.0,2359.6,2359.8,2597.5,2597.5,2598.6,5643.3,5642.7,5642.8,2326.2,2326.2,2326.2,3470.4,3470.6,3470.9,4372.5,4372.2,4372.9,6069.3,6070.4,6070.5,8578.3,8575.8,8576.2,5181.1,5180.7,5183.5,7400.0,7398.7,7397.7,6083.5,6081.6,6082.5,1849.0,1847.0,1847.3,3660.0,3660.1,3660.8,2533.0,2532.3,2532.2,2883.0,2882.5,2882.7,27.070000,26.070000,going to home base
2024-04-13T02:52:59Z,2360.1,2359.4,2359.4,2597.7,2597.6,2597.7,5643.7,5643.3,5643.2,2326.3,2326.7,2326.8,3471.3,3470.8,3470.9,4372.5,4372.4,4372.6,6070.8,6070.1,6070.7,8576.9,8577.9,8577.2,5183.2,5182.6,5184.1,7396.0,7397.5,7397.1,6082.5,6083.4,6083.7,1849.1,1847.5,1847.5,3660.1,3659.7,3660.6,2532.5,2531.7,2532.5,2880.4,2880.0,2880.3,27.049999,26.040001,going to home base
2024-04-13T02:53:04Z,2359.6,2359.1,2359.3,2598.0,2597.1,2598.2,5643.4,5643.6,5643.0,2327.5,2327.0,2328.0,3471.2,3470.8,3471.1,4372.7,4372.5,4372.3,6069.9,6071.0,6072.4,8577.5,8577.8,8577.3,5182.0,5182.1,5183.0,7398.2,7397.2,7398.2,6082.0,6084.2,6082.6,1848.9,1847.6,1847.3,3659.2,3659.6,3660.1,2533.6,2532.7,2533.1,2883.1,2883.1,2883.2,27.049999,26.100000,going to home base
2024-04-13T02:53:09Z,2359.3,2358.8,2358.8,2596.8,2597.9,2597.6,5643.2,5642.5,5643.1,2326.7,2327.1,2327.3,3470.7,3470.0,3470.0,4372.6,4372.5,4372.7,6069.5,6070.1,6071.3,8575.7,8576.3,8576.6,5181.3,5181.0,5181.6,7401.1,7400.3,7399.9,6084.7,6085.2,6085.9,1849.2,1847.8,1847.9,3659.5,3659.6,3660.5,2533.2,2532.1,2532.4,2882.6,2882.2,2882.2,27.049999,26.100000,going to home base
2024-04-13T02:53:14Z,2359.8,2359.1,2359.4,2597.6,2598.0,2597.4,5644.5,5643.4,5643.8,2327.2,2327.4,2328.0,3470.1,3469.6,3469.9,4372.6,4372.3,4373.0,6070.4,6069.2,6069.8,8580.0,8578.4,8578.4,5182.4,5182.4,5182.5,7398.6,7396.6,7397.1,6083.4,6083.6,6087.0,1848.7,1847.3,1847.6,3659.6,3659.9,3660.6,2533.4,2532.6,2532.7,2883.0,2882.6,2882.1,27.049999,26.080000,going to home base
2024-04-13T02:53:19Z,2359.6,2359.1,2359.2,2598.3,2598.1,2598.5,5643.6,5643.8,5643.6,2327.7,2327.4,2327.7,3469.8,3469.7,3469.5,4373.1,4372.5,4372.7,6074.5,6071.8,6072.0,8576.4,8575.4,8577.4,5182.6,5182.4,5183.0,7401.0,7399.4,7399.7,6085.2,6084.1,6084.8,1849.3,1847.8,1847.7,3660.0,3660.2,3661.0,2532.8,2532.4,2533.0,2883.5,2882.6,2882.6,27.070000,26.100000,going to home base
2024-04-13T02:53:24Z,2360.2,2359.4,2359.7,2597.6,2597.1,2597.9,5643.6,5642.6,5643.6,2327.3,2327.4,2327.8,3470.2,3469.3,3469.1,4373.2,4373.1,4373.1,6072.7,6072.0,6072.2,8577.6,8577.1,8577.2,5182.6,5181.9,5182.3,7398.9,7398.7,7398.6,6084.9,6083.7,6083.5,1849.0,1847.2,1847.4,3659.6,3660.1,3660.7,2532.6,2531.9,2531.9,2882.3,2883.3,2883.4,27.049999,26.120001,going to home base
2024-04-13T02:53:29Z,2360.1,2359.4,2359.5,2598.0,2597.7,2598.0,5643.7,5643.7,5643.7,2326.8,2326.6,2327.2,3469.9,3470.3,3469.9,4373.3,4373.1,4373.4,6074.1,6072.7,6071.9,8576.5,8576.8,8575.8,5179.1,5179.9,5180.1,7398.7,7398.5,7398.9,6084.9,6084.9,6085.1,1849.5,1847.8,1847.9,3659.6,3659.4,3660.0,2532.9,2532.1,2532.1,2882.9,2882.7,2883.1,27.049999,26.100000,going to home base
2024-04-13T02:53:34Z,2360.0,2359.4,2359.6,2597.3,2597.8,2598.1,5643.9,5643.3,5642.7,2327.3,2327.1,2327.2,3469.7,3469.2,3469.3,4372.5,4372.2,4372.5,6069.6,6070.1,6071.2,8578.2,8578.8,8577.8,5181.2,5181.2,5182.5,7399.4,7399.8,7398.8,6084.2,6083.5,6083.9,1848.3,1846.9,1847.0,3659.5,3659.2,3660.3,2532.8,2532.3,2532.1,2884.3,2884.0,2884.8,27.049999,26.129999,going to home base
2024-04-13T02:53:39Z,2360.1,2359.3,2359.3,2597.9,2597.6,2598.4,5644.1,5643.5,5643.4,2327.2,2327.2,2327.3,3470.0,3469.4,3469.3,4372.5,4372.5,4372.2,6070.8,6070.6,6072.9,8579.4,8579.0,8579.1,5182.2,5181.7,5182.6,7398.7,7398.1,7397.6,6085.7,6084.4,6085.0,1848.6,1847.1,1847.1,3659.8,3659.9,3660.3,2532.8,2532.1,2532.2,2884.6,2883.4,2883.2,27.049999,26.139999,going to home base
2024-04-13T02:53:44Z,2359.7,2359.2,2359.2,2597.2,2596.9,2597.6,5643.9,5643.3,5643.4,2326.4,2326.1,2326.3,3469.5,3469.5,3468.9,4372.3,4372.2,4372.3,6070.4,6071.1,6069.0,8578.6,8578.1,8576.2,5181.9,5181.8,5181.9,7401.4,7401.0,7400.0,6086.5,6086.0,6086.6,1848.9,1847.3,1847.4,3659.1,3659.5,3660.4,2533.4,2532.7,2533.0,2883.1,2883.0,2883.4,27.049999,26.080000,going to home base
2024-04-13T02:53:49Z,2359.6,2358.7,2359.2,2597.5,2597.3,2597.7,5644.0,5643.5,5643.4,2327.2,2327.0,2327.8,3470.7,3469.8,3469.7,4372.3,4372.4,4372.4,6069.2,6070.3,6070.6,8579.4,8579.7,8579.1,5182.9,5182.1,5183.1,7398.0,7399.1,7397.8,6083.2,6082.5,6084.1,1848.8,1847.3,1846.9,3658.7,3659.0,3660.2,2533.3,2532.5,2532.4,2883.7,2883.6,2883.0,27.049999,26.059999,going to home base
2024-04-13T02:53:54Z,2359.6,2358.8,2359.1,2597.6,2597.2,2597.4,5643.7,5643.4,5643.2,2326.8,2326.7,2326.9,3470.1,3468.9,3469.1,4372.0,4372.6,4372.5,6072.0,6070.7,6072.5,8578.6,8577.5,8578.1,5180.9,5181.0,5181.8,7400.0,7399.8,7399.3,6084.2,6084.9,6085.5,1849.4,1848.1,1847.8,3659.4,3659.7,3660.6,2532.5,2531.4,2531.6,2882.7,2881.6,2882.1,27.070000,26.059999,going to home base
2024-04-13T02:53:59Z,2359.6,2359.0,2359.3,2597.7,2597.1,2597.9,5643.7,5643.4,5643.8,2326.6,2326.4,2327.3,3471.2,3470.5,3470.0,4372.9,4373.1,4372.8,6071.6,6071.8,6073.2,8578.1,8577.0,8577.0,5180.3,5179.9,5181.3,7398.7,7397.5,7399.1,6084.5,6084.0,6084.3,1849.1,1847.6,1847.6,3659.6,3659.3,3661.0,2532.6,2532.3,2532.2,2884.0,2883.6,2884.4,27.040001,26.059999,going to home base
2024-04-13T02:54:04Z,2359.7,2358.9,2359.2,2597.0,2597.4,2597.6,5644.5,5643.5,5643.7,2327.0,2327.0,2327.5,3469.6,3469.7,3469.7,4372.5,4372.2,4372.7,6071.9,6071.8,6071.9,8577.8,8577.5,8578.7,5181.6,5181.0,5182.3,7399.8,7398.5,7397.6,6087.1,6086.9,6088.0,1849.1,1847.6,1848.0,3660.2,3660.0,3661.3,2532.3,2531.9,2531.8,2881.7,2880.9,2881.3,27.049999,26.040001,going to home base
2024-04-13T02:54:09Z,2360.2,2359.4,2359.6,2597.2,2597.1,2597.4,5643.8,5643.5,5643.8,2326.9,2326.4,2327.3,3470.2,3469.1,3469.9,4372.9,4372.7,4372.5,6073.4,6071.3,6071.6,8575.9,8576.4,8576.5,5182.1,5181.4,5182.0,7398.1,7396.7,7397.3,6085.3,6086.1,6085.5,1849.8,1848.3,1848.0,3659.6,3659.4,3660.3,2532.4,2531.8,2531.8,2882.6,2881.9,2881.4,27.049999,26.070000,going to home base
2024-04-13T02:54:14Z,2359.9,2358.8,2359.3,2597.9,2597.4,2598.2,5644.2,5643.6,5643.9,2326.6,2327.2,2328.1,3469.8,3469.6,3470.0,4373.0,4372.5,4372.5,6072.7,6072.0,6073.0,8576.5,8577.1,8576.4,5181.2,5181.2,5182.7,7399.5,7396.8,7396.5,6087.2,6086.2,6086.9,1849.2,1847.7,1847.8,3660.9,3660.7,3661.3,2532.7,2532.0,2532.5,2881.5,2880.6,2880.9,27.040001,26.040001,going to home base
2024-04-13T02:54:19Z,2359.7,2358.8,2359.5,2596.9,2597.6,2598.3,5644.1,5643.7,5643.8,2327.4,2327.3,2327.2,3470.4,3469.8,3469.5,4372.6,4372.6,4372.3,6071.4,6071.0,6070.9,8576.8,8576.7,8578.1,5181.9,5181.0,5182.2,7400.1,7397.9,7396.5,6087.2,6085.6,6084.8,1849.3,1847.9,1847.5,3659.8,3660.3,3660.6,2533.4,2532.7,2532.7,2881.7,2881.6,2881.5,27.040001,26.040001,going to home base
2024-04-13T02:54:24Z,2359.6,2359.0,2359.3,2597.9,2597.6,2598.4,5644.2,5644.2,5644.3,2326.4,2326.6,2326.9,3469.6,3469.4,3469.0,4373.0,4372.7,4372.5,6070.8,6070.5,6071.1,8578.6,8577.4,8579.9,5182.1,5182.0,5182.5,7399.7,7399.0,7400.0,6086.8,6087.2,6087.2,1849.5,1848.5,1848.4,3660.2,3659.9,3661.3,2533.5,2532.1,2532.5,2881.4,2880.6,2881.1,27.049999,26.080000,going to home base
2024-04-13T02:54:29Z,2360.2,2359.5,2360.0,2598.4,2598.0,2598.1,5644.1,5643.8,5644.0,2326.6,2326.5,2327.1,3470.0,3470.5,3469.4,4372.8,4372.4,4372.4,6072.5,6072.8,6073.9,8577.8,8577.5,8577.2,5181.9,5180.4,5181.5,7399.4,7399.2,7399.8,6086.5,6086.5,6085.8,1849.6,1847.9,1848.3,3660.0,3660.1,3660.6,2532.5,2531.2,2531.9,2881.5,2881.0,2881.2,27.040001,26.080000,going to home base
2024-04-13T02:54:34Z,2359.6,2358.7,2358.4,2597.5,2597.3,2597.8,5644.1,5643.7,5643.5,2326.7,2327.0,2327.0,3470.1,3469.5,3468.9,4372.4,4372.6,4371.8,6073.9,6073.3,6074.8,8577.6,8577.2,8577.5,5181.7,5180.6,5181.3,7399.7,7396.8,7398.1,6087.7,6084.9,6087.2,1849.7,1848.1,1848.1,3659.4,3659.8,3660.4,2532.3,2532.0,2531.9,2881.6,2881.0,2880.4,27.049999,26.070000,going to home base
2024-04-13T02:54:39Z,2359.0,2358.6,2358.8,2598.0,2597.7,2598.5,5644.4,5643.9,5644.1,2327.1,2326.8,2326.9,3470.0,3469.6,3469.5,4372.3,4372.2,4372.7,6072.6,6072.6,6072.1,8576.8,8578.8,8578.3,5181.5,5181.5,5181.9,7398.5,7397.6,7397.6,6085.9,6086.0,6085.0,1848.8,1847.4,1847.4,3659.4,3659.4,3660.3,2533.3,2532.2,2532.1,2881.1,2880.2,2880.7,27.040001,26.100000,going to home base
2024-04-13T02:54:44Z,2359.0,2358.4,2358.7,2598.0,2598.2,2598.9,5643.6,5643.2,5643.1,2327.3,2327.0,2327.1,3468.9,3468.6,3468.0,4372.3,4371.9,4371.6,6071.8,6071.0,6071.9,8578.6,8577.2,8577.6,5182.9,5181.7,5182.7,7399.5,7398.0,7398.7,6082.8,6082.3,6083.9,1849.4,1848.0,1847.5,3659.6,3659.6,3660.4,2532.3,2531.4,2532.0,2880.6,2880.9,2880.8,27.040001,26.040001,going to home base
2024-04-13T02:54:49Z,2359.3,2358.7,2358.7,2597.5,2596.9,2597.9,5644.4,5644.0,5643.8,2326.7,2327.2,2327.0,3469.6,3468.7,3468.6,4372.5,4372.5,4372.3,6072.2,6071.5,6072.6,8578.1,8578.8,8578.2,5182.5,5182.0,5182.9,7398.2,7398.1,7400.8,6086.0,6084.9,6086.0,1849.1,1847.8,1848.2,3660.2,3660.0,3661.0,2532.6,2532.3,2532.7,2880.6,2880.7,2881.2,27.040001,26.059999,going to home base
2024-04-13T02:54:54Z,2359.2,2358.7,2359.0,2597.8,2597.8,2597.8,5643.9,5643.5,5644.3,2326.0,2325.9,2326.5,3469.3,3468.5,3468.5,4372.4,4372.5,4372.5,6072.6,6072.1,6073.4,8577.4,8577.5,8577.1,5181.7,5181.3,5181.5,7399.7,7397.4,7398.1,6087.0,6084.3,6084.8,1849.6,1848.4,1848.0,3660.3,3659.9,3660.6,2532.4,2532.0,2531.5,2882.7,2882.1,2882.2,27.040001,26.150000,going to home base
2024-04-13T02:54:59Z,2359.9,2359.1,2359.4,2597.9,2597.9,2598.1,5644.4,5644.2,5644.1,2325.9,2325.7,2325.9,3469.0,3468.5,3468.7,4372.1,4372.5,4372.5,6074.5,6073.9,6075.6,8576.8,8577.3,8574.8,5180.1,5179.1,5180.6,7401.0,7398.8,7400.6,6084.1,6085.0,6085.4,1849.6,1848.1,1847.9,3660.1,3660.1,3661.1,2532.3,2531.8,2531.9,2880.9,2880.6,2880.5,27.049999,26.080000,going to home base
2024-04-13T02:55:04Z,2359.5,2359.0,2359.4,2597.2,2597.3,2597.2,5644.1,5644.0,5643.8,2326.3,2326.3,2326.6,3468.9,3468.5,3468.3,4372.1,4372.2,4372.1,6069.8,6070.2,6071.7,8576.9,8577.7,8577.8,5180.3,5180.8,5181.7,7401.1,7399.9,7397.7,6086.3,6084.5,6087.6,1849.6,1848.0,1847.8,3659.2,3660.1,3660.7,2533.1,2532.3,2531.7,2881.9,2881.9,2882.1,27.030001,26.080000,going to home base
2024-04-13T02:55:09Z,2360.1,2359.3,2359.9,2596.3,2596.6,2597.4,5643.3,5643.8,5643.7,2327.5,2326.8,2327.1,3468.1,3467.6,3467.9,4372.6,4372.8,4372.3,6070.7,6070.7,6071.8,8579.0,8577.9,8577.7,5180.5,5179.3,5180.8,7402.3,7400.0,7399.2,6084.9,6086.1,6084.9,1849.3,1847.9,1847.6,3659.0,3658.9,3659.3,2532.2,2532.1,2531.5,2881.4,2880.4,2881.3,27.049999,26.070000,going to home base
2024-04-13T02:55:14Z,2359.6,2359.0,2359.4,2596.5,2596.6,2597.0,5643.8,5642.9,5643.3,2327.0,2326.6,2327.3,3468.6,3468.5,3468.8,4372.5,4372.1,4372.2,6072.8,6071.3,6072.7,8577.9,8577.8,8578.3,5180.5,5180.8,5181.3,7400.4,7399.6,7399.1,6083.0,6082.5,6082.8,1849.4,1848.0,1847.7,3658.8,3659.1,3660.1,2532.8,2531.7,2531.9,2880.7,2880.6,2880.3,27.040001,26.120001,going to home base
2024-04-13T02:55:19Z,2359.2,2358.8,2359.1,2597.3,2597.3,2597.8,5642.9,5642.9,5643.2,2325.9,2326.4,2327.1,3468.6,3468.8,3469.0,4372.4,4372.0,4371.8,6072.5,6071.2,6072.3,8576.6,8576.7,8575.5,5180.6,5180.5,5181.8,7399.8,7398.8,7399.8,6083.1,6084.6,6084.6,1849.6,1848.3,1848.0,3659.1,3659.3,3659.8,2532.5,2531.4,2531.7,2881.5,2881.2,2881.3,27.049999,26.080000,going to home base
2024-04-13T02:55:24Z,2359.8,2359.0,2359.5,2596.9,2597.0,2597.3,5643.8,5643.1,5643.6,2326.5,2326.4,2327.4,3469.2,3467.8,3467.4,4372.7,4372.4,4372.1,6073.5,6072.1,6072.7,8576.8,8578.6,8576.7,5180.8,5180.3,5182.3,7399.9,7399.3,7399.7,6085.5,6084.2,6084.9,1850.2,1848.2,1848.1,3659.5,3659.4,3660.4,2532.2,2531.6,2531.6,2882.0,2882.2,2880.2,27.040001,26.110001,going to home base
2024-04-13T02:55:29Z,2360.1,2359.4,2359.5,2597.4,2597.9,2597.8,5643.6,5643.8,5643.8,2326.2,2325.8,2326.0,3469.5,3469.9,3469.4,4372.4,4372.3,4372.9,6070.5,6070.3,6072.5,8577.0,8575.4,8577.2,5180.0,5180.2,5181.2,7399.5,7399.5,7398.9,6085.2,6085.4,6085.9,1849.3,1847.9,1847.7,3659.1,3659.6,3660.1,2532.9,2531.9,2532.3,2881.7,2880.9,2881.4,27.040001,26.059999,going to home base
2024-04-13T02:55:34Z,2359.5,2358.7,2359.0,2596.8,2596.8,2596.8,5643.4,5643.5,5643.3,2326.6,2327.0,2327.3,3468.8,3469.1,3469.5,4372.0,4372.4,4372.3,6072.5,6071.4,6071.3,8578.4,8577.1,8576.8,5180.9,5181.6,5181.7,7396.6,7397.7,7396.5,6084.2,6085.3,6086.0,1849.3,1848.2,1847.8,3660.2,3660.2,3661.0,2532.9,2531.9,2532.6,2880.9,2881.0,2881.1,27.040001,26.110001,going to home base
2024-04-13T02:55:39Z,2359.4,2358.5,2359.0,2597.1,2596.8,2597.1,5643.7,5642.8,5643.1,2326.6,2326.4,2327.2,3468.6,3468.2,3468.4,4372.7,4372.5,4372.2,6071.5,6070.8,6069.8,8576.9,8576.3,8577.1,5181.9,5182.0,5181.2,7397.3,7397.7,7398.4,6085.8,6085.9,6085.4,1849.1,1847.7,1847.7,3659.5,3659.6,3660.1,2532.5,2532.2,2532.0,2882.3,2881.8,2881.9,27.030001,26.070000,going to home base
2024-04-13T02:55:44Z,2359.8,2359.1,2359.4,2597.0,2597.4,2598.0,5643.5,5643.5,5643.6,2326.3,2326.2,2326.4,3468.3,3468.0,3468.3,4372.9,4372.9,4372.8,6071.4,6072.3,6072.2,8578.9,8577.6,8577.4,5180.8,5181.5,5181.9,7399.0,7398.5,7399.0,6086.0,6086.0,6084.2,1849.5,1847.8,1847.7,3659.6,3659.4,3660.5,2534.5,2533.6,2533.8,2882.2,2881.6,2881.8,27.030001,26.080000,going to home base
2024-04-13T02:55:49Z,2359.7,2359.0,2359.6,2596.9,2597.5,2597.6,5643.7,5643.2,5642.7,2326.6,2326.7,2327.2,3468.4,3468.0,3468.1,4373.3,4372.6,4372.3,6070.5,6070.3,6069.6,8580.0,8579.2,8579.7,5180.3,5180.5,5181.4,7398.6,7397.5,7398.2,6084.5,6085.4,6085.9,1848.9,1847.5,1847.6,3659.8,3659.5,3661.0,2532.4,2531.8,2531.5,2882.2,2880.9,2882.0,27.030001,26.080000,going to home base
2024-04-13T02:55:54Z,2360.0,2359.5,2359.7,2598.0,2597.7,2598.2,5643.7,5643.0,5643.6,2326.2,2326.2,2326.5,3468.8,3468.8,3468.8,4372.9,4372.2,4372.5,6073.2,6073.6,6072.4,8578.6,8578.1,8578.2,5179.5,5180.5,5180.4,7397.2,7396.7,7398.0,6086.7,6086.8,6087.1,1849.7,1848.3,1848.4,3660.2,3660.0,3660.9,2532.6,2532.7,2531.8,2881.5,2881.0,2880.9,27.030001,26.070000,going to home base
2024-04-13T02:55:59Z,2359.5,2358.9,2359.0,2597.0,2597.3,2597.7,5643.5,5643.5,5643.4,2326.3,2325.9,2326.3,3469.0,3468.7,3468.0,4372.6,4372.5,4372.7,6072.4,6072.2,6072.5,8577.7,8577.5,8578.3,5180.5,5180.3,5181.7,7400.7,7398.2,7397.8,6086.6,6086.4,6086.3,1849.4,1847.6,1847.7,3660.4,3661.1,3661.5,2533.2,2532.4,2532.3,2881.9,2881.7,2881.7,27.030001,26.080000,going to home base
2024-04-13T02:56:04Z,2359.7,2359.1,2359.1,2597.3,2597.4,2597.3,5643.9,5643.4,5643.6,2326.2,2326.2,2326.0,3468.0,3468.4,3468.3,4372.6,4372.5,4372.5,6074.5,6073.0,6072.7,8578.9,8579.6,8580.9,5180.8,5180.1,5180.8,7401.4,7401.2,7401.0,6085.9,6085.8,6084.5,1849.5,1847.5,1847.9,3659.9,3660.3,3661.4,2533.4,2532.4,2531.9,2881.0,2881.1,2880.9,27.030001,26.080000,going to home base
2024-04-13T02:56:09Z,2360.1,2359.7,2359.5,2597.4,2597.3,2597.6,5644.0,5643.8,5643.6,2326.2,2326.1,2326.6,3468.6,3468.7,3468.6,4372.4,4372.3,4372.3,6073.0,6072.9,6074.2,8579.4,8579.4,8580.3,5182.6,5182.2,5183.8,7398.6,7399.7,7399.6,6086.3,6084.0,6086.3,1848.8,1847.5,1847.7,3660.1,3660.7,3661.3,2533.8,2532.9,2532.4,2880.6,2880.3,2881.0,27.030001,26.139999,going to home base
2024-04-13T02:56:14Z,2360.0,2359.1,2359.3,2597.2,2597.2,2597.7,5643.7,5643.7,5643.7,2326.4,2326.5,2327.3,3467.6,3467.2,3467.6,4372.8,4372.6,4372.6,6071.3,6069.7,6071.5,8577.6,8578.5,8578.7,5182.7,5183.4,5184.7,7400.6,7399.4,7399.8,6087.7,6086.6,6088.2,1850.0,1848.4,1848.3,3660.3,3660.4,3661.3,2533.0,2531.7,2532.0,2880.5,2880.7,2880.7,27.040001,26.080000,going to home base
2024-04-13T02:56:19Z,2359.5,2358.6,2359.1,2597.3,2597.4,2597.6,5644.0,5643.2,5643.2,2326.2,2325.6,2326.1,3469.8,3469.4,3469.0,4372.8,4372.8,4372.7,6072.1,6071.6,6070.9,8578.5,8577.5,8579.7,5180.4,5180.8,5181.6,7399.9,7399.2,7398.8,6085.9,6087.0,6086.9,1848.8,1847.8,1847.6,3660.5,3660.2,3661.2,2532.1,2532.1,2532.2,2881.3,2881.4,2881.0,27.030001,26.129999,going to home base
2024-04-13T02:56:24Z,2359.5,2358.8,2359.2,2597.8,2598.0,2597.8,5644.0,5643.3,5643.4,2326.8,2326.5,2326.5,3469.2,3468.9,3468.8,4373.0,4372.6,4372.5,6070.3,6070.0,6069.6,8578.0,8577.5,8577.6,5181.1,5181.2,5182.9,7399.8,7400.3,7399.9,6086.4,6086.6,6088.2,1848.9,1847.6,1847.5,3660.9,3660.5,3661.3,2534.2,2532.9,2532.3,2881.4,2881.1,2881.7,27.030001,26.080000,going to home base
2024-04-13T02:56:29Z,2359.7,2359.2,2359.6,2597.2,2596.8,2597.7,5643.7,5643.3,5643.1,2326.9,2326.9,2327.7,3469.3,3468.4,3469.1,4372.9,4372.8,4372.7,6069.6,6069.4,6070.6,8576.0,8576.6,8576.8,5181.4,5181.0,5183.3,7401.2,7401.1,7399.8,6085.2,6084.0,6085.5,1849.0,1847.6,1848.0,3660.5,3660.4,3661.4,2533.3,2532.3,2532.1,2881.8,2881.4,2882.1,27.040001,26.100000,going to home base
2024-04-13T02:56:34Z,2359.7,2359.3,2360.2,2596.8,2596.7,2596.7,5644.3,5644.8,5643.6,2327.5,2327.0,2327.8,3469.0,3469.1,3469.1,4372.9,4372.5,4372.8,6069.1,6068.8,6068.8,8576.0,8575.0,8575.3,5182.3,5181.0,5182.3,7400.1,7399.7,7400.5,6086.5,6086.5,6088.9,1849.1,1847.5,1847.7,3660.5,3660.7,3661.3,2533.2,2532.2,2532.5,2883.7,2883.6,2883.3,27.049999,26.100000,going to home base
2024-04-13T02:56:39Z,2359.5,2358.9,2358.8,2596.8,2596.5,2596.5,5644.0,5643.1,5643.5,2326.5,2326.6,2326.9,3468.9,3469.2,3468.8,4373.1,4372.8,4373.1,6069.7,6068.3,6069.2,8576.6,8576.7,8576.3,5182.3,5182.4,5183.5,7400.9,7401.2,7401.5,6085.5,6086.5,6087.2,1849.0,1847.4,1847.6,3660.4,3660.5,3661.8,2534.2,2532.7,2533.0,2882.2,2881.4,2881.5,27.040001,26.070000,going to home base
2024-04-13T02:56:44Z,2359.8,2359.2,2359.5,2597.1,2597.0,2597.0,5644.2,5644.2,5644.0,2326.0,2326.0,2326.4,3469.0,3468.9,3468.5,4372.9,4373.2,4372.8,6070.8,6070.9,6070.8,8577.9,8578.0,8578.4,5182.7,5181.4,5182.3,7404.2,7403.0,7402.5,6085.1,6084.4,6086.2,1848.6,1847.5,1847.3,3660.0,3660.2,3660.8,2533.9,2533.3,2533.2,2882.6,2881.7,2881.7,27.040001,26.110001,going to home base
2024-04-13T02:56:49Z,2360.2,2359.8,2360.0,2597.0,2597.0,2597.0,5644.2,5643.7,5643.8,2326.4,2326.4,2327.0,3469.4,3468.9,3469.1,4372.6,4372.5,4372.3,6071.0,6069.6,6069.5,8578.9,8579.2,8577.4,5182.7,5183.8,5184.1,7401.5,7399.8,7399.9,6084.9,6086.1,6086.9,1848.7,1847.7,1847.5,3659.7,3659.8,3660.7,2533.3,2532.4,2532.6,2882.2,2880.9,2881.1,27.040001,26.110001,going to home base
2024-04-13T02:56:54Z,2360.0,2359.4,2359.4,2596.9,2596.6,2597.6,5643.8,5643.5,5643.3,2327.0,2326.7,2327.0,3469.0,3469.1,3468.4,4373.0,4373.1,4372.9,6069.5,6069.4,6070.7,8577.2,8575.3,8574.9,5181.3,5180.6,5182.0,7400.2,7399.0,7400.4,6085.3,6085.9,6087.1,1849.1,1847.5,1847.5,3660.0,3660.5,3660.7,2533.1,2532.2,2532.3,2882.9,2882.2,2883.2,27.030001,26.040001,going to home base
2024-04-13T02:56:59Z,2359.7,2359.2,2359.2,2597.2,2597.3,2597.2,5644.3,5643.9,5644.5,2326.7,2326.7,2326.8,3469.9,3469.8,3469.5,4373.0,4373.2,4373.1,6068.6,6068.3,6069.9,8576.7,8576.5,8577.1,5181.6,5182.8,5182.9,7399.8,7399.9,7398.7,6085.1,6083.8,6084.2,1849.1,1847.7,1847.6,3659.9,3660.3,3660.8,2533.8,2533.3,2533.3,2882.9,2882.4,2883.1,27.040001,26.070000,going to home base
2024-04-13T02:57:04Z,2359.6,2359.1,2359.5,2597.0,2597.0,2597.3,5644.3,5644.1,5644.4,2326.9,2326.9,2327.3,3469.2,3468.6,3468.9,4372.4,4372.6,4372.8,6071.7,6072.2,6071.2,8575.8,8576.3,8577.6,5183.1,5182.7,5182.3,7400.1,7398.5,7399.1,6085.2,6084.8,6086.0,1849.6,1847.6,1847.4,3661.0,3660.2,3661.2,2533.3,2533.3,2533.0,2881.2,2881.4,2881.7,27.030001,26.080000,going to home base
2024-04-13T02:57:09Z,2360.1,2359.3,2359.7,2597.5,2596.9,2597.2,5643.8,5643.8,5643.9,2326.6,2326.5,2326.9,3469.0,3468.6,3468.9,4373.4,4373.0,4372.9,6070.9,6072.0,6073.1,8579.7,8579.6,8579.3,5181.5,5181.3,5182.7,7400.2,7399.5,7398.4,6084.5,6086.0,6084.8,1848.9,1847.4,1847.3,3659.3,3659.5,3659.9,2533.2,2532.9,2533.0,2882.2,2881.5,2882.0,27.010000,26.120001,going to home base
2024-04-13T02:57:14Z,2360.3,2359.6,2359.8,2597.0,2597.1,2597.3,5643.7,5643.0,5643.2,2326.8,2326.5,2326.9,3469.8,3469.3,3469.5,4373.1,4373.1,4373.5,6070.1,6070.8,6071.7,8577.4,8576.5,8577.9,5182.5,5182.1,5182.4,7400.8,7399.2,7399.7,6084.3,6085.9,6085.4,1849.1,1847.1,1847.3,3658.7,3659.3,3660.0,2532.9,2532.4,2532.5,2881.8,2881.3,2881.5,27.030001,26.010000,going to home base
2024-04-13T02:57:24Z,2360.7,2360.0,2359.9,2597.4,2597.8,2597.9,5644.0,5643.9,5643.5,2326.4,2326.3,2327.1,3470.1,3469.7,3469.4,4373.0,4372.8,4373.1,6072.0,6069.6,6071.2,8576.9,8576.3,8577.8,5181.5,5182.0,5181.6,7401.0,7399.7,7399.7,60start,26608.7,26608.7,2597.3,2597.4,5643.9,5643.1,5643.5,2327.1,2326.6,2327.6,3733.5,3733.2,87888.4,87892.8,14083.4,3469.9,going to home base
2024-04-13T02:57:34Z,2360.0,2359.2,2359.8,2597.1,2597.2,2597.4,5643.9,5643.4,5643.8,2326.6,2326.3,2326.7,3469.4,3468.4,3468.5,4373.0,4372.7,4372.5,6069.9,6071.0,6072.1,8577.1,8577.6,8578.6,5182.2,5182.8,5183.4,7400.1,7398.4,7397.7,6086.6,6087.8,6087.5,1849.5,1848.1,1848.2,3659.0,3658.9,3659.9,2532.7,2532.4,2532.0,2883.0,2883.0,2882.9,27.040001,26.040001,going to home base
2024-04-13T02:57:39Z,2360.2,2359.5,2359.2,2597.8,2597.8,2598.0,5643.9,5643.4,5643.6,2326.4,2326.2,2327.0,3469.5,3469.1,3468.8,4373.0,4372.9,4373.3,6070.9,6071.0,6071.4,8576.3,8577.0,8577.1,5182.8,5182.4,5182.1,7401.3,7398.9,7400.2,6086.3,6084.2,6084.7,1848.7,1847.5,1847.5,3659.2,3659.4,3659.6,2532.6,2531.9,2531.7,2881.5,2880.6,2881.2,27.030001,26.070000,going to home base
2024-04-13T02:57:44Z,2359.7,2358.9,2359.3,2597.7,2597.8,2598.0,5643.8,5643.5,5643.3,2326.9,2327.0,2327.0,3469.0,3469.0,3469.1,4372.8,4373.0,4372.9,6072.4,6070.0,6072.2,8577.1,8576.9,8575.9,5181.1,5182.0,5182.3,7400.0,7400.3,7400.4,6084.5,6085.0,6085.1,1849.3,1847.9,1847.8,3658.3,3658.7,3659.5,2533.0,2532.4,2532.5,2880.8,2880.2,2880.3,27.040001,26.070000,going to home base
2024-04-13T02:57:49Z,2359.8,2359.2,2359.6,2597.7,2597.2,2597.8,5643.8,5643.6,5643.3,2326.3,2326.8,2327.2,3469.1,3469.2,3468.8,4373.3,4373.0,4372.4,6072.5,6071.5,6072.7,8576.8,8576.6,8575.9,5181.3,5181.7,5181.9,7398.9,7397.2,7399.5,6085.2,6084.5,6086.0,1849.6,1847.8,1848.0,3659.1,3658.9,3659.9,2531.8,2531.5,2531.3,2879.8,2879.8,2881.0,27.030001,26.070000,going to home base
2024-04-13T02:57:54Z,2359.9,2359.5,2359.2,2597.8,2597.8,2598.2,5643.8,5643.6,5643.9,2326.2,2326.5,2326.8,3470.3,3469.5,3469.2,4372.2,4372.0,4372.4,6069.8,6070.1,6071.2,8579.1,8575.7,8578.9,5181.4,5180.6,5182.4,7400.3,7398.5,7398.0,6083.3,6083.6,6086.3,1849.3,1848.0,1848.0,3658.9,3659.0,3659.8,2532.8,2531.7,2532.5,2879.8,2879.1,2879.9,27.030001,26.059999,going to home base
2024-04-13T02:57:59Z,2359.9,2359.0,2359.3,2598.0,2597.6,2597.8,5643.9,5643.3,5643.2,2326.6,2326.3,2327.0,3469.5,3469.1,3468.7,4372.8,4372.8,4372.9,6071.8,6070.6,6069.6,8575.5,8576.5,8574.1,5182.3,5181.6,5182.2,7399.4,7399.7,7399.3,6087.0,6088.7,6088.0,1849.0,1847.4,1847.7,3659.0,3659.0,3660.0,2533.0,2532.6,2532.5,2879.0,2878.9,2879.5,27.049999,26.059999,going to home base
2024-04-13T02:58:04Z,2359.7,2358.8,2359.3,2597.1,2597.8,2597.8,5643.7,5643.4,5643.2,2327.1,2327.0,2327.2,3469.1,3468.9,3468.8,4373.1,4373.4,4372.7,6071.2,6070.8,6071.5,8576.7,8576.8,8577.7,5181.7,5182.5,5182.7,7399.7,7401.3,7401.4,6086.0,6085.6,6086.6,1848.9,1848.0,1847.9,3659.4,3659.2,3660.0,2532.8,2531.6,2531.7,2879.0,2879.5,2879.4,27.030001,26.070000,going to home base
2024-04-13T02:58:09Z,2359.7,2359.0,2359.2,2597.5,2597.3,2598.1,5643.4,5643.4,5643.8,2326.6,2326.3,2326.8,3469.6,3469.5,3469.4,4372.7,4372.3,4372.1,6067.5,6068.3,6068.6,8578.5,8577.4,8578.1,5181.9,5181.4,5182.3,7401.1,7398.9,7401.2,6083.7,6084.5,6084.1,1849.2,1847.7,1847.5,3659.1,3659.2,3659.7,2532.0,2531.5,2532.1,2880.0,2879.8,2880.0,27.040001,26.010000,going to home base
2024-04-13T02:58:14Z,2359.3,2358.3,2358.6,2598.7,2598.2,2598.2,5644.4,5643.6,5644.1,2326.5,2326.5,2327.2,3469.7,3469.5,3469.2,4372.5,4372.4,4372.6,6067.1,6067.6,6069.0,8576.3,8576.1,8577.0,5182.0,5181.8,5183.5,7402.6,7401.5,7402.7,6084.2,6085.0,6084.7,1849.4,1848.0,1848.1,3659.2,3659.1,3660.3,2531.6,2530.9,2531.0,2880.0,2879.9,2879.6,27.010000,25.980000,going to home base
2024-04-13T02:58:19Z,2359.2,2358.6,2358.9,2598.0,2598.1,2598.4,5643.8,5643.9,5643.8,2326.8,2326.6,2327.3,3470.0,3469.8,3469.6,4372.3,4372.4,4372.2,6067.5,6066.0,6068.9,8577.7,8579.4,8577.5,5182.4,5180.7,5181.2,7401.0,7400.3,7400.7,6086.3,6084.4,6083.2,1849.2,1847.4,1847.9,3659.6,3659.4,3659.9,2532.3,2531.5,2531.5,2880.1,2879.4,2880.0,27.030001,26.020000,going to home base
2024-04-13T02:58:24Z,2359.7,2359.3,2359.5,2597.5,2597.6,2598.1,5644.0,5643.3,5643.7,2325.8,2326.0,2326.4,3470.0,3470.3,3469.7,4372.8,4372.2,4372.9,6069.8,6069.0,6069.3,8577.3,8576.9,8577.5,5181.6,5181.8,5182.3,7400.9,7400.6,7400.7,6084.8,6084.0,6085.3,1849.2,1847.6,1847.6,3658.9,3659.1,3660.2,2532.6,2530.6,2531.3,2879.0,2879.4,2879.9,27.040001,26.000000,going to home base
2024-04-13T02:58:29Z,2359.7,2359.0,2359.3,2597.8,2597.8,2598.1,5643.3,5643.4,5643.4,2327.0,2326.5,2327.4,3470.2,3469.8,3470.0,4372.1,4372.7,4372.3,6067.1,6067.9,6069.0,8578.3,8577.4,8578.3,5182.5,5182.4,5183.8,7401.0,7400.0,7399.9,6087.6,6086.4,6085.4,1849.6,1847.7,1847.8,3658.7,3658.7,3659.6,2531.8,2531.3,2531.4,2879.7,2879.0,2878.4,27.030001,25.990000,going to home base
2024-04-13T02:58:34Z,2359.6,2359.2,2359.4,2598.0,2598.2,2598.3,5643.7,5643.2,5643.5,2326.6,2326.5,2326.9,3470.7,3470.2,3469.7,4373.2,4373.0,4373.0,6068.7,6067.0,6069.7,8577.0,8574.7,8577.9,5181.6,5181.5,5181.9,7397.8,7398.0,7397.5,6086.5,6086.0,6086.8,1849.1,1848.1,1847.8,3658.9,3659.1,3660.1,2532.2,2531.2,2531.6,2879.7,2879.6,2879.6,27.010000,25.990000,going to home base
2024-04-13T02:58:39Z,2360.0,2359.0,2359.5,2597.5,2597.4,2598.2,5643.3,5643.1,5643.2,2325.9,2326.3,2326.4,3469.5,3468.5,3468.8,4372.9,4372.6,4372.8,6067.5,6066.6,6068.6,8579.0,8577.8,8576.9,5182.9,5181.3,5182.9,7398.2,7398.5,7398.0,6087.6,6084.4,6086.8,1849.1,1847.6,1847.5,3659.3,3659.7,3660.5,2532.1,2531.0,2531.3,2879.3,2878.6,2878.6,27.010000,26.030001,going to home base
2024-04-13T02:58:44Z,2359.8,2359.0,2359.1,2597.3,2597.4,2597.8,5643.4,5642.9,5643.2,2325.9,2325.8,2326.5,3470.3,3469.2,3469.3,4372.8,4372.7,4372.5,6067.8,6067.7,6068.7,8577.3,8576.1,8577.5,5183.0,5182.4,5183.3,7397.6,7396.6,7396.4,6085.3,6085.8,6085.9,1849.9,1848.0,1847.6,3659.4,3659.4,3660.3,2532.6,2531.8,2531.6,2881.1,2880.7,2880.0,27.030001,25.990000,going to home base
2024-04-13T02:58:49Z,2359.9,2359.2,2359.5,2598.3,2598.0,2598.3,5643.2,5642.9,5643.3,2325.8,2325.6,2326.2,3469.6,3469.8,3469.4,4372.3,4372.7,4371.9,6070.3,6071.4,6070.4,8576.7,8576.9,8575.3,5182.7,5182.0,5183.3,7399.6,7396.6,7397.0,6086.2,6085.1,6084.9,1849.1,1848.1,1848.1,3658.5,3658.7,3659.6,2532.5,2531.8,2531.7,2881.0,2880.7,2880.9,27.010000,25.950001,going to home base
2024-04-13T02:58:54Z,2359.8,2359.1,2359.5,2598.3,2598.2,2598.2,5643.2,5642.5,5642.4,2326.9,2326.4,2326.7,3469.3,3469.5,3469.2,4372.7,4372.3,4372.5,6067.8,6069.6,6069.8,8576.2,8576.3,8577.4,5181.2,5181.6,5182.7,7400.3,7400.5,7401.2,6088.8,6088.0,6087.4,1849.1,1847.9,1847.9,3659.5,3659.6,3660.3,2532.7,2531.4,2531.7,2880.0,2879.3,2880.4,27.010000,26.020000,going to home base
2024-04-13T02:58:59Z,2360.0,2359.5,2359.8,2597.6,2597.5,2597.8,5643.6,5643.0,5643.2,2326.4,2325.8,2326.3,3469.2,3468.7,3469.0,4372.4,4372.5,4372.1,6067.5,6068.1,6067.2,8576.1,8576.1,8577.0,5182.7,5182.2,5183.2,7400.3,7399.3,7399.3,6087.1,6085.4,6085.7,1848.8,1847.2,1847.3,3659.4,3659.6,3660.3,2532.2,2532.3,2531.8,2879.8,2879.0,2880.3,27.030001,26.020000,going to home base
2024-04-13T02:59:04Z,2359.6,2358.8,2359.5,2597.3,2597.1,2597.5,5644.3,5643.1,5643.3,2325.0,2325.6,2325.8,3469.6,3469.3,3469.4,4372.4,4372.0,4372.0,6067.6,6067.0,6068.4,8578.7,8577.9,8581.1,5181.4,5181.1,5181.9,7400.2,7398.4,7398.2,6085.2,6084.3,6084.8,1849.2,1847.8,1847.9,3659.3,3660.0,3660.5,2532.5,2531.9,2531.8,2879.9,2879.6,2879.7,27.010000,25.959999,going to home base
2024-04-13T02:59:09Z,2359.4,2358.7,2358.8,2598.1,2597.9,2598.5,5643.3,5643.3,5643.2,2325.4,2325.6,2325.7,3468.7,3468.7,3469.1,4372.1,4371.9,4371.8,6068.4,6065.5,6067.6,8580.2,8577.8,8578.9,5181.2,5180.4,5181.2,7399.6,7398.5,7396.5,6086.4,6087.2,6085.0,1848.9,1847.8,1847.5,3660.2,3660.2,3661.5,2532.6,2532.1,2531.9,2880.5,2881.3,2881.0,27.040001,26.040001,going to home base
2024-04-13T02:59:14Z,2359.8,2358.7,2359.3,2598.1,2597.4,2598.5,5643.2,5643.1,5643.3,2325.4,2325.9,2326.1,3469.5,3469.3,3469.2,4372.9,4372.2,4372.1,6067.7,6067.6,6068.9,8578.2,8576.5,8577.0,5181.8,5181.3,5181.5,7400.0,7399.4,7400.5,6087.3,6086.0,6086.5,1849.3,1848.0,1847.7,3659.8,3660.2,3660.7,2531.2,2530.6,2530.0,2880.6,2880.6,2880.1,27.000000,26.010000,going to home base
2024-04-13T02:59:19Z,2359.5,2358.8,2359.1,2597.6,2597.6,2597.9,5644.1,5643.3,5643.5,2325.6,2325.7,2326.0,3470.4,3470.1,3470.1,4372.1,4371.9,4372.0,6065.8,6065.4,6066.3,8576.9,8576.9,8578.1,5182.2,5181.2,5181.8,7402.4,7401.5,7400.9,6085.1,6083.9,6085.8,1848.6,1847.4,1847.2,3660.7,3660.5,3660.8,2531.6,2530.7,2530.7,2879.8,2879.0,2879.5,27.030001,25.990000,going to home base
2024-04-13T02:59:24Z,2359.5,2358.8,2359.1,2597.8,2597.5,2597.9,5644.1,5643.0,5643.6,2326.3,2326.2,2326.6,3469.8,3469.2,3469.9,4372.3,4371.8,4372.0,6067.2,6066.4,6066.5,8578.4,8577.3,8578.4,5181.8,5182.4,5182.6,7401.3,7401.3,7400.2,6084.7,6084.2,6084.4,1849.2,1847.8,1847.5,3660.0,3659.7,3660.8,2532.3,2530.9,2531.0,2878.9,2879.1,2879.3,27.010000,25.969999,going to home base
2024-04-13T02:59:29Z,2358.9,2358.1,2358.6,2598.5,2598.3,2598.8,5643.5,5643.0,5642.3,2325.3,2325.4,2325.9,3470.5,3470.1,3469.8,4372.7,4372.5,4373.0,6066.2,6065.0,6066.6,8576.7,8577.5,8577.3,5182.4,5181.6,5182.7,7403.0,7401.7,7401.6,6086.4,6087.2,6086.7,1849.0,1847.4,1847.4,3661.3,3661.4,3662.2,2531.5,2530.9,2531.4,2878.5,2877.5,2877.6,27.010000,25.959999,going to home base
2024-04-13T02:59:34Z,2360.1,2359.1,2359.4,2597.8,2597.7,2598.2,5643.2,5642.8,5643.3,2325.5,2325.8,2326.0,3469.7,3469.4,3469.5,4372.9,4372.5,4372.5,6066.1,6066.0,6064.0,8578.8,8577.6,8577.6,5180.0,5179.7,5181.6,7400.6,7397.8,7398.4,6084.8,6085.1,6084.9,1849.4,1848.0,1848.0,3660.4,3660.3,3661.2,2532.0,2531.4,2531.6,2880.9,2880.1,2879.7,27.040001,25.969999,going to home base
2024-04-13T02:59:39Z,2359.3,2358.5,2358.5,2598.4,2597.8,2598.1,5644.2,5643.3,5643.7,2325.9,2325.9,2326.2,3470.5,3470.7,3470.3,4371.8,4371.4,4372.1,6065.8,6065.9,6067.3,8577.8,8577.0,8577.7,5181.7,5181.8,5182.4,7401.2,7399.6,7399.6,6084.9,6085.4,6085.5,1848.7,1847.3,1847.2,3660.1,3660.3,3661.1,2532.0,2531.7,2531.5,2878.3,2877.6,2878.8,27.010000,25.950001,going to home base
2024-04-13T02:59:44Z,2359.6,2358.8,2359.2,2598.7,2598.4,2599.0,5643.3,5642.4,5643.0,2326.4,2326.1,2326.4,3469.5,3469.0,3468.9,4372.4,4371.9,4372.4,6066.9,6066.5,6067.3,8577.2,8577.2,8577.3,5181.0,5180.6,5181.6,7400.5,7399.5,7400.7,6084.1,6084.6,6084.8,1848.9,1847.1,1847.3,3659.8,3659.9,3660.9,2531.6,2530.7,2530.9,2878.8,2878.6,2878.3,27.030001,26.010000,going to home base
2024-04-13T02:59:49Z,2359.1,2358.5,2359.0,2597.5,2597.9,2597.8,5643.4,5642.7,5643.0,2326.1,2325.7,2326.1,3470.2,3469.4,3469.4,4372.3,4372.1,4372.2,6067.2,6066.4,6066.6,8577.3,8577.6,8575.1,5181.3,5181.9,5183.0,7400.5,7400.8,7400.1,6084.7,6084.4,6085.3,1849.2,1847.7,1847.8,3659.3,3659.3,3660.4,2531.1,2530.7,2530.8,2880.0,2879.5,2879.6,27.010000,25.940001,going to home base
2024-04-13T02:59:54Z,2359.9,2358.7,2359.2,2598.3,2598.2,2598.9,5643.3,5642.7,5643.0,2325.7,2326.5,2327.0,3469.1,3468.9,3469.3,4372.1,4372.0,4372.2,6069.0,6067.3,6068.3,8579.3,8578.5,8578.7,5181.8,5182.1,5182.8,7402.0,7400.0,7402.1,6086.5,6084.7,6086.3,1849.3,1848.0,1848.0,3658.8,3658.8,3659.8,2532.3,2531.2,2531.5,2878.9,2879.2,2879.3,27.010000,26.000000,going to home base
2024-04-13T02:59:59Z,2358.9,2358.5,2358.9,2598.0,2598.2,2598.8,5643.3,5642.7,5642.4,2325.4,2325.5,2325.8,3468.6,3469.1,3469.4,4372.5,4372.1,4372.5,6067.2,6067.3,6068.0,8578.4,8579.3,8578.4,5181.4,5181.0,5181.5,7400.1,7398.2,7400.1,6084.6,6084.4,6086.0,1848.9,1847.6,1847.6,3658.4,3658.5,3658.8,2532.4,2531.2,2531.4,2878.3,2878.5,2877.9,27.030001,25.950001,going to home base
2024-04-13T03:00:04Z,2359.4,2358.2,2358.5,2597.7,2597.3,2597.8,5643.4,5643.0,5642.9,2325.5,2325.2,2325.6,3469.5,3469.5,3469.4,4372.0,4372.0,4371.9,6069.1,6069.1,6070.3,8578.6,8579.1,8579.0,5181.5,5180.6,5181.1,7397.9,7398.6,7397.8,6084.5,6085.2,6084.8,1848.6,1847.2,1847.0,3658.7,3659.6,3659.6,2532.2,2531.0,2531.5,2879.1,2878.8,2879.2,27.010000,25.959999,going to home base
2024-04-13T03:00:09Z,2359.0,2358.5,2358.9,2597.6,2597.7,2598.3,5643.2,5642.7,5643.6,2325.8,2326.3,2326.6,3469.7,3469.1,3469.2,4371.8,4371.8,4372.1,6069.6,6070.2,6070.6,8574.5,8574.4,8575.2,5179.1,5179.2,5181.1,7398.3,7398.1,7399.0,6085.7,6084.9,6086.0,1848.7,1847.1,1847.2,3659.6,3659.9,3661.6,2532.5,2531.7,2532.0,2879.0,2878.1,2878.2,27.000000,25.969999,going to home base
2024-04-13T03:00:14Z,2359.3,2358.7,2358.8,2598.0,2597.8,2598.2,5643.7,5642.8,5642.7,2326.3,2326.1,2326.7,3469.6,3468.6,3469.4,4371.8,4371.6,4372.1,6073.5,6071.9,6071.9,8577.5,8576.9,8575.7,5179.5,5180.3,5179.7,7399.0,7398.5,7398.7,6084.3,6083.7,6083.5,1848.7,1847.1,1847.3,3659.0,3659.3,3660.3,2532.7,2531.8,2531.4,2878.2,2877.9,2878.0,27.000000,25.930000,going to home base
2024-04-13T03:00:19Z,2359.3,2359.2,2359.5,2597.7,2597.8,2598.0,5644.4,5643.9,5643.6,2326.3,2326.4,2327.0,3468.6,3468.8,3468.0,4372.1,4371.9,4372.1,6070.5,6071.5,6072.4,8574.6,8575.5,8574.6,5180.4,5180.0,5180.6,7399.6,7399.0,7398.9,6084.8,6085.2,6085.9,1848.7,1847.6,1847.6,3659.6,3659.9,3660.6,2532.9,2531.8,2531.7,2879.3,2878.5,2878.9,27.030001,25.969999,going to home base
2024-04-13T03:00:24Z,2359.7,2359.0,2359.6,2597.9,2598.1,2597.8,5643.7,5643.6,5643.8,2326.3,2326.5,2326.2,3469.4,3468.4,3468.6,4372.5,4372.0,4372.5,6070.6,6069.5,6070.0,8578.7,8578.0,8580.2,5178.9,5179.2,5180.2,7400.3,7400.1,7397.6,6084.6,6084.5,6084.0,1848.6,1847.4,1846.9,3659.8,3660.2,3660.8,2532.6,2531.2,2531.9,2879.6,2879.2,2880.4,27.000000,25.980000,going to home base
2024-04-13T03:00:29Z,2359.9,2358.9,2359.4,2598.4,2597.9,2597.7,5643.4,5643.1,5643.0,2325.9,2325.8,2326.2,3470.2,3469.2,3469.5,4371.8,4371.8,4372.2,6071.6,6071.3,6070.4,8576.6,8575.6,8574.8,5181.6,5181.0,5181.9,7399.5,7397.4,7397.7,6085.2,6085.7,6085.7,1849.0,1847.8,1847.3,3658.8,3659.2,3660.2,2531.5,2531.2,2531.2,2878.9,2878.7,2878.7,27.000000,25.930000,going to home base
2024-04-13T03:00:34Z,2359.4,2358.8,2358.9,2597.5,2597.7,2598.2,5643.2,5642.8,5642.2,2326.1,2325.9,2326.5,3470.1,3469.4,3469.7,4372.4,4372.3,4372.1,6069.0,6069.2,6070.0,8578.7,8576.9,8577.8,5182.7,5181.7,5182.2,7401.1,7398.9,7400.5,6085.1,6085.3,6086.7,1849.1,1847.5,1847.7,3659.4,3659.4,3660.4,2532.4,2531.9,2531.8,2881.2,2879.1,2880.2,27.000000,25.930000,going to home base
2024-04-13T03:00:39Z,2359.9,2359.1,2359.1,2598.2,2597.6,2598.2,5643.5,5642.9,5643.0,2326.2,2325.9,2326.8,3469.0,3468.5,3468.2,4372.2,4372.1,4372.1,6069.4,6071.3,6071.2,8575.2,8575.0,8575.4,5180.8,5179.9,5181.2,7398.3,7398.2,7399.6,6086.3,6084.7,6085.2,1848.9,1847.2,1847.5,3659.4,3659.6,3660.1,2531.7,2531.1,2531.3,2880.1,2879.0,2879.7,27.010000,25.920000,going to home base
2024-04-13T03:00:44Z,2359.6,2358.4,2359.0,2597.4,2597.7,2598.0,5643.3,5642.5,5643.0,2326.2,2325.8,2326.2,3469.8,3469.3,3468.9,4371.9,4371.9,4371.7,6071.4,6069.9,6070.9,8576.2,8576.3,8575.7,5180.2,5179.1,5180.1,7400.6,7399.3,7400.2,6085.3,6086.0,6084.7,1848.8,1847.2,1847.2,3658.8,3659.3,3659.7,2531.7,2530.6,2530.7,2879.4,2879.2,2879.4,27.030001,25.959999,going to home base
2024-04-13T03:00:49Z,2359.8,2359.2,2359.0,2597.3,2597.4,2598.1,5643.2,5643.0,5642.6,2326.1,2326.5,2326.6,3469.5,3469.3,3469.1,4372.7,4372.4,4372.2,6072.4,6071.3,6072.2,8574.2,8575.7,8574.5,5180.7,5180.0,5181.6,7397.1,7398.2,7398.5,6085.8,6085.1,6086.3,1849.5,1847.7,1847.6,3659.7,3659.5,3660.5,2531.2,2531.2,2531.5,2880.9,2879.7,2880.3,27.000000,25.959999,going to home base
2024-04-13T03:00:54Z,2359.0,2358.3,2358.9,2597.5,2597.0,2597.1,5643.4,5643.2,5642.9,2326.2,2326.2,2326.1,3469.3,3469.1,3468.8,4371.9,4371.8,4371.7,6071.2,6070.1,6071.6,8573.7,8573.5,8574.3,5180.9,5181.0,5182.3,7399.9,7398.6,7400.7,6084.5,6084.5,6083.6,1848.3,1847.2,1846.8,3659.2,3659.3,3660.0,2532.6,2531.8,2532.1,2879.1,2878.9,2878.7,26.980000,25.940001,going to home base
2024-04-13T03:00:59Z,2359.8,2359.0,2359.1,2597.0,2596.9,2597.6,5642.9,5642.3,5642.7,2325.8,2325.8,2325.9,3469.3,3468.6,3468.8,4372.0,4371.7,4372.1,6069.2,6069.4,6071.0,8573.4,8573.4,8574.5,5180.3,5179.5,5180.1,7401.5,7400.5,7400.4,6087.0,6086.3,6085.2,1847.9,1846.5,1846.7,3658.2,3658.6,3659.2,2532.2,2531.5,2531.8,2879.1,2878.7,2878.3,27.030001,25.930000,going to home base
2024-04-13T03:01:04Z,2360.0,2358.7,2358.9,2597.1,2597.1,2597.1,5642.2,5641.6,5642.0,2325.4,2325.7,2325.7,3469.1,3468.5,3468.6,4371.7,4371.5,4371.8,6069.9,6069.6,6069.3,8574.9,8573.6,8575.4,5180.3,5180.2,5180.6,7397.7,7397.7,7397.9,6084.6,6084.7,6085.1,1847.9,1846.9,1847.1,3658.9,3659.3,3660.3,2531.8,2531.0,2530.9,2877.9,2877.8,2878.2,27.010000,25.930000,going to home base
2024-04-13T03:01:09Z,2359.8,2358.9,2359.3,2596.4,2596.8,2597.0,5643.0,5642.7,5642.2,2325.3,2325.3,2325.5,3469.1,3469.7,3469.1,4371.9,4371.6,4371.3,6068.6,6069.6,6069.3,8577.9,8576.4,8577.0,5180.2,5180.7,5181.8,7400.4,7399.1,7400.1,6084.4,6084.2,6086.0,1848.1,1846.6,1846.6,3658.9,3658.7,3659.5,2532.3,2531.9,2531.4,2878.2,2877.9,2878.4,27.010000,25.959999,going to home base
2024-04-13T03:01:14Z,2359.6,2358.8,2359.0,2596.8,2596.8,2597.2,5643.2,5642.4,5642.7,2325.8,2326.4,2326.3,3468.7,3468.4,3468.8,4372.8,4372.6,4372.4,6070.5,6070.3,6070.1,8574.4,8575.5,8576.7,5181.8,5181.2,5182.0,7401.2,7396.8,7398.6,6083.3,6083.7,6083.9,1848.2,1846.6,1846.6,3659.3,3658.8,3659.4,2531.8,2531.1,2531.3,2877.1,2876.6,2877.6,27.000000,25.930000,going to home base
2024-04-13T03:01:19Z,2359.4,2358.9,2359.0,2596.8,2596.5,2597.3,5642.5,5642.0,5642.0,2325.4,2325.4,2326.0,3468.3,3468.0,3468.5,4371.5,4371.7,4371.5,6069.4,6068.3,6068.0,8575.8,8574.7,8575.1,5183.6,5182.7,5183.4,7397.8,7398.1,7399.1,6083.9,6084.7,6084.2,1848.7,1847.6,1847.6,3658.2,3658.3,3659.2,2531.9,2531.8,2531.6,2877.6,2878.0,2877.6,27.010000,25.959999,going to home base
2024-04-13T03:01:24Z,2359.5,2359.0,2358.8,2597.0,2596.6,2596.9,5642.9,5642.1,5642.3,2325.4,2325.6,2326.4,3467.8,3467.9,3468.1,4372.1,4371.9,4371.9,6067.9,6068.0,6069.4,8578.9,8576.6,8576.4,5182.3,5181.3,5181.6,7400.8,7399.8,7400.1,6086.0,6085.9,6085.8,1848.1,1846.7,1846.7,3658.6,3658.5,3659.9,2531.5,2530.9,2531.1,2878.2,2878.0,2878.0,27.010000,26.000000,going to home base
2024-04-13T03:01:29Z,2359.8,2358.9,2358.4,2597.0,2596.7,2597.4,5642.7,5642.4,5642.5,2326.5,2326.1,2326.7,3468.4,3468.3,3468.5,4372.0,4371.7,4372.0,6067.7,6068.4,6068.6,8578.5,8575.9,8576.4,5181.8,5181.9,5181.6,7398.0,7397.7,7396.4,6086.2,6086.1,6085.8,1849.4,1847.8,1847.7,3659.0,3659.1,3659.6,2533.2,2531.7,2531.7,2878.1,2877.2,2878.1,27.000000,25.969999,going to home base
2024-04-13T03:01:34Z,2359.7,2358.9,2358.8,2597.5,2597.3,2597.1,5643.5,5642.4,5642.9,2325.9,2325.4,2326.3,3468.7,3468.7,3468.7,4371.8,4371.9,4371.8,6067.5,6068.4,6069.2,8575.1,8576.6,8574.4,5180.2,5180.3,5180.2,7399.7,7399.6,7400.4,6084.4,6085.5,6086.6,1848.8,1847.5,1847.0,3658.6,3658.9,3659.5,2531.5,2531.1,2530.9,2878.0,2876.7,2877.1,27.000000,25.990000,going to home base
2024-04-13T03:01:39Z,2359.3,2358.6,2359.0,2597.1,2597.3,2597.7,5642.7,5642.4,5642.1,2325.8,2325.9,2325.7,3469.0,3468.5,3468.4,4372.7,4372.0,4371.5,6067.7,6068.6,6068.5,8577.5,8575.3,8575.1,5181.5,5179.8,5180.9,7402.1,7401.1,7399.9,6083.8,6083.6,6085.1,1848.9,1847.6,1847.4,3658.4,3658.4,3659.3,2532.0,2531.4,2531.4,2877.6,2877.5,2877.6,27.010000,25.930000,going to home base
2024-04-13T03:01:44Z,2359.4,2358.5,2359.2,2597.2,2596.9,2597.5,5642.5,5642.4,5642.2,2325.9,2325.9,2326.4,3468.1,3467.8,3467.9,4371.8,4371.4,4371.5,6069.2,6068.5,6069.8,8574.5,8576.5,8575.6,5180.8,5180.4,5180.8,7401.4,7400.3,7399.9,6085.2,6085.3,6085.6,1848.8,1847.5,1847.7,3658.0,3658.2,3659.6,2531.5,2530.8,2531.0,2879.3,2879.0,2879.8,27.010000,25.969999,going to home base
2024-04-13T03:01:49Z,2359.3,2358.5,2358.8,2598.0,2598.5,2598.2,5642.8,5642.5,5642.1,2326.5,2326.8,2327.0,3468.5,3468.4,3468.0,4371.8,4371.5,4372.1,6066.1,6066.0,6066.0,8575.0,8576.5,8576.1,5181.2,5180.1,5182.0,7399.8,7400.3,7399.9,6085.3,6084.5,6087.4,1848.5,1847.2,1847.2,3658.1,3658.2,3659.4,2533.1,2531.8,2531.9,2880.0,2879.4,2879.8,27.000000,26.000000,going to home base
2024-04-13T03:01:54Z,2358.9,2358.5,2358.7,2597.8,2597.3,2597.8,5642.7,5642.7,5642.8,2325.8,2325.7,2326.4,3468.4,3468.7,3468.1,4372.1,4371.5,4372.1,6068.4,6066.7,6068.4,8575.2,8573.0,8574.3,5180.6,5180.7,5180.9,7400.7,7400.7,7399.6,6083.8,6082.6,6083.3,1848.8,1847.4,1847.3,3658.2,3658.3,3659.0,2531.9,2531.1,2531.1,2880.4,2879.8,2879.9,27.010000,25.980000,going to home base
2024-04-13T03:01:59Z,2359.4,2358.8,2359.0,2597.6,2597.2,2597.8,5643.1,5642.6,5642.4,2325.4,2325.0,2325.8,3470.3,3469.5,3470.0,4372.3,4372.0,4371.8,6068.5,6068.0,6069.4,8575.7,8575.8,8574.7,5180.1,5180.0,5180.9,7401.0,7400.1,7400.4,6083.6,6083.8,6083.6,1848.3,1846.8,1847.0,3657.9,3658.4,3659.5,2532.1,2531.0,2531.6,2878.7,2877.4,2878.0,26.980000,25.990000,going to home base
2024-04-13T03:02:04Z,2359.3,2359.1,2359.1,2598.4,2597.4,2597.9,5642.0,5642.4,5642.0,2325.2,2325.4,2325.0,3469.2,3469.0,3469.3,4372.2,4372.1,4372.1,6067.7,6068.0,6069.2,8576.3,8574.1,8578.5,5180.0,5178.8,5179.8,7398.7,7397.3,7398.4,6083.3,6084.0,6083.4,1848.1,1846.9,1847.0,3658.9,3658.7,3659.5,2531.8,2530.7,2530.6,2878.7,2878.5,2879.6,27.010000,25.930000,going to home base
2024-04-13T03:02:09Z,2359.7,2358.9,2359.1,2597.3,2597.7,2597.2,5642.2,5642.1,5641.9,2325.9,2326.2,2326.6,3469.2,3468.4,3468.3,4371.8,4371.3,4371.6,6069.5,6068.3,6069.0,8576.5,8576.1,8578.2,5181.7,5180.7,5180.7,7398.7,7398.8,7399.0,6084.9,6085.2,6086.0,1848.3,1846.9,1847.0,3659.0,3658.8,3659.4,2532.1,2530.7,2531.2,2879.2,2878.9,2879.4,27.010000,25.969999,going to home base
2024-04-13T03:02:19Z,2359.5,2358.6,2358.9,2597.4,2597.7,2597.5,5643.4,5642.6,5642.4,2325.8,2325.4,2326.5,3469.3,3468.5,3468.7,4371.5,4371.7,4371.3,6065.9,6066.2,6064.6,8start,26622.4,26621.8,2359.2,2358.5,2358.7,2597.4,2597.3,2597.9,5643.1,5643.0,5642.8,3733.2,87816.3,87780.2,14074.9,14067.8,14077.9,3469.5,3468.9,3468.5,4371.7,4371.6,4371.5,6070.6,16430.8,going to home base
2024-04-13T03:02:29Z,2359.4,2358.4,2358.7,2596.9,2597.1,2597.2,5643.3,5642.4,5642.8,2325.9,2326.3,2327.0,3469.5,3468.9,3468.8,4371.9,4371.8,4372.3,6068.3,6068.5,6068.6,8575.2,8574.8,8574.0,5179.4,5180.3,5180.6,7399.9,7400.2,7400.1,6086.6,6085.5,6086.2,1848.6,1847.3,1847.0,3658.7,3658.5,3659.6,2530.9,2529.7,2529.8,2878.3,2878.9,2879.1,27.000000,25.950001,going to home base
2024-04-13T03:02:34Z,2359.8,2359.0,2359.8,2597.1,2597.3,2597.9,5642.5,5642.7,5643.1,2326.6,2325.8,2326.8,3469.3,3468.9,3468.8,4371.3,4371.5,4372.1,6066.4,6066.6,6069.0,8575.7,8579.6,8577.6,5179.2,5178.7,5180.4,7398.3,7396.7,7398.9,6082.3,6083.2,6080.5,1848.2,1847.3,1846.8,3659.2,3658.5,3659.8,2530.8,2530.4,2530.2,2880.2,2880.3,2880.2,27.000000,25.940001,going to home base
2024-04-13T03:02:39Z,2360.0,2359.2,2359.4,2597.5,2597.9,2597.1,5643.8,5643.2,5643.3,2326.5,2326.2,2327.1,3469.0,3468.5,3468.8,4372.0,4371.5,4371.8,6070.4,6069.2,6070.5,8575.8,8576.7,8576.0,5181.6,5180.5,5182.0,7398.9,7397.6,7398.5,6084.4,6084.6,6085.2,1848.8,1847.3,1847.5,3658.8,3659.2,3660.1,2531.3,2529.8,2530.3,2881.1,2880.4,2880.9,27.010000,25.930000,going to home base
2024-04-13T03:02:44Z,2359.6,2358.7,2358.8,2596.5,2597.1,2597.1,5643.8,5642.8,5643.0,2326.1,2325.8,2326.5,3469.2,3468.6,3468.6,4371.5,4371.4,4371.2,6069.8,6068.4,6068.9,8576.9,8575.3,8575.3,5181.7,5181.0,5181.6,7399.6,7397.6,7398.8,6085.1,6084.7,6086.0,1848.6,1847.1,1846.9,3658.6,3659.0,3659.9,2531.3,2530.9,2531.1,2881.2,2880.6,2880.4,27.000000,25.950001,going to home base
2024-04-13T03:02:49Z,2359.9,2359.0,2359.2,2596.7,2596.0,2596.5,5643.5,5643.1,5643.1,2325.7,2325.7,2326.0,3468.3,3467.7,3468.4,4371.5,4371.4,4371.7,6069.4,6069.0,6069.5,8577.8,8575.5,8577.6,5182.0,5181.7,5182.6,7399.4,7398.2,7400.3,6082.3,6082.4,6082.9,1848.0,1847.1,1847.0,3659.0,3659.1,3659.8,2531.3,2530.4,2530.6,2880.7,2880.0,2879.6,27.010000,25.969999,going to home base
2024-04-13T03:02:54Z,2359.3,2359.0,2359.3,2597.1,2597.1,2597.6,5642.9,5642.8,5643.2,2326.1,2326.2,2326.0,3468.6,3468.4,3468.0,4371.7,4372.0,4371.7,6067.5,6069.1,6067.0,8578.3,8577.2,8574.8,5180.4,5182.1,5182.4,7401.6,7399.7,7400.8,6085.2,6084.1,6084.4,1848.4,1846.7,1846.8,3658.6,3658.8,3659.4,2531.4,2530.5,2530.8,2881.8,2881.1,2880.9,27.010000,25.969999,going to home base
2024-04-13T03:02:59Z,2359.7,2358.8,2359.3,2597.0,2596.5,2596.4,5643.2,5642.8,5643.0,2326.3,2326.6,2326.5,3467.7,3467.6,3466.6,4372.2,4372.0,4372.0,6067.2,6065.9,6067.3,8575.6,8574.4,8574.6,5181.1,5180.7,5181.3,7401.7,7399.4,7399.3,6084.9,6084.6,6084.3,1848.5,1847.4,1847.2,3658.2,3658.6,3659.4,2531.8,2530.8,2530.7,2880.2,2880.4,2880.5,27.000000,25.959999,going to home base
2024-04-13T03:03:04Z,2359.4,2359.0,2359.3,2597.3,2597.1,2597.3,5644.0,5643.4,5643.0,2326.3,2326.6,2326.9,3467.5,3468.1,3468.0,4371.3,4371.4,4371.8,6063.8,6064.0,6064.7,8577.1,8576.3,8576.4,5180.2,5179.9,5180.0,7397.3,7398.2,7398.9,6084.0,6083.6,6081.6,1848.9,1847.0,1847.4,3659.1,3659.1,3659.6,2531.0,2530.4,2529.9,2880.8,2880.3,2880.6,27.000000,25.930000,going to home base
2024-04-13T03:03:09Z,2359.9,2359.2,2359.3,2597.7,2596.8,2598.1,5643.0,5642.7,5642.8,2325.7,2325.7,2326.2,3468.4,3467.7,3467.7,4371.7,4371.6,4371.1,6065.6,6065.7,6066.6,8577.5,8576.5,8576.8,5180.8,5181.0,5180.7,7399.2,7398.9,7398.9,6086.7,6084.7,6084.9,1848.8,1847.5,1847.6,3659.2,3659.2,3660.4,2530.6,2530.1,2530.0,2880.8,2880.3,2880.5,27.000000,25.980000,going to home base
2024-04-13T03:03:14Z,2359.5,2358.6,2358.8,2597.1,2596.8,2597.2,5643.0,5642.6,5642.5,2325.9,2325.7,2325.9,3468.0,3468.1,3467.8,4372.0,4371.5,4371.6,6068.1,6067.0,6068.8,8576.0,8574.4,8576.3,5180.1,5181.4,5182.0,7398.3,7397.2,7397.9,6087.3,6087.6,6087.9,1848.0,1846.3,1846.4,3658.8,3659.0,3659.5,2531.0,2530.5,2530.6,2879.9,2879.8,2880.3,27.010000,26.000000,going to home base
2024-04-13T03:03:19Z,2359.0,2358.4,2358.5,2597.2,2597.5,2597.5,5642.7,5642.7,5642.8,2326.3,2326.2,2326.4,3469.0,3468.4,3468.0,4372.0,4371.3,4372.0,6068.1,6067.7,6069.3,8576.3,8575.4,8576.2,5180.6,5181.0,5180.7,7399.2,7398.6,7398.2,6086.0,6086.1,6085.2,1848.8,1847.6,1847.3,3658.0,3658.0,3658.8,2530.5,2530.1,2530.2,2880.6,2879.9,2880.4,27.010000,25.940001,going to home base
2024-04-13T03:03:24Z,2358.8,2358.0,2358.4,2597.2,2597.4,2597.7,5642.3,5642.6,5642.6,2326.2,2326.0,2326.6,3468.5,3467.8,3467.4,4371.9,4371.4,4371.4,6068.4,6068.4,6066.4,8576.5,8575.5,8576.8,5180.9,5180.8,5181.2,7397.8,7396.6,7396.4,6084.0,6084.2,6085.2,1848.7,1847.1,1847.2,3658.9,3658.3,3659.6,2530.8,2530.2,2530.2,2881.5,2881.0,2880.8,27.000000,25.969999,going to home base
2024-04-13T03:03:29Z,2359.7,2359.1,2359.2,2597.0,2596.6,2597.3,5642.4,5641.8,5642.5,2326.6,2326.6,2326.8,3468.3,3467.8,3468.1,4371.5,4371.4,4371.2,6065.0,6064.2,6064.5,8576.4,8578.2,8578.4,5182.6,5181.1,5181.2,7399.3,7400.0,7398.0,6085.8,6084.9,6085.4,1848.8,1847.3,1847.0,3658.9,3658.9,3659.6,2531.4,2530.0,2530.4,2880.6,2878.9,2880.1,27.000000,25.969999,going to home base
2024-04-13T03:03:34Z,2358.9,2358.5,2358.7,2597.3,2597.1,2597.4,5642.3,5641.7,5642.0,2325.9,2326.1,2326.6,3467.6,3467.5,3467.9,4371.4,4371.3,4371.3,6067.0,6068.1,6067.4,8580.0,8575.2,8577.5,5180.8,5181.0,5181.0,7398.5,7396.6,7397.6,6084.2,6085.1,6084.0,1848.8,1847.0,1847.4,3658.9,3659.4,3660.0,2531.1,2530.3,2530.4,2880.6,2880.5,2881.0,27.000000,26.010000,going to home base
2024-04-13T03:03:39Z,2359.4,2358.2,2358.7,2596.1,2596.3,2596.3,5643.2,5642.7,5642.8,2326.5,2326.8,2327.3,3469.0,3467.3,3468.0,4371.6,4371.4,4371.2,6066.6,6066.1,6066.3,8575.5,8580.3,8577.8,5179.9,5180.9,5180.6,7397.4,7397.9,7398.4,6084.9,6086.5,6086.1,1848.3,1847.2,1847.1,3658.9,3659.0,3659.6,2531.4,2530.5,2530.5,2881.0,2880.7,2880.4,27.000000,26.000000,going to home base
2024-04-13T03:03:44Z,2358.8,2358.3,2358.3,2597.1,2596.9,2596.9,5642.1,5641.6,5641.8,2326.5,2325.8,2326.8,3468.9,3468.1,3468.1,4371.5,4371.4,4371.3,6068.8,6069.4,6068.9,8580.5,8577.9,8579.0,5179.5,5180.3,5181.3,7397.7,7397.1,7397.8,6085.2,6085.8,6084.6,1848.6,1847.4,1847.4,3658.7,3658.5,3659.6,2530.8,2530.2,2530.7,2879.3,2879.2,2880.2,27.010000,25.980000,going to home base
2024-04-13T03:03:49Z,2358.9,2358.3,2358.5,2596.6,2596.5,2596.9,5643.0,5643.0,5642.1,2326.4,2326.4,2326.7,3469.0,3468.6,3468.4,4371.5,4371.3,4371.5,6064.5,6063.8,6063.7,8579.2,8578.0,8576.1,5181.4,5182.0,5181.4,7399.3,7398.0,7397.8,6084.7,6083.6,6084.5,1848.6,1847.0,1846.9,3658.5,3658.8,3659.5,2531.5,2530.5,2530.7,2881.7,2880.1,2880.9,27.010000,25.990000,going to home base
2024-04-13T03:03:54Z,2359.3,2358.5,2358.7,2597.3,2596.6,2597.1,5642.6,5642.5,5642.5,2326.7,2326.3,2326.9,3470.2,3469.2,3469.2,4371.1,4371.3,4371.0,6066.4,6066.9,6067.0,8577.3,8577.8,8578.0,5182.0,5181.1,5182.8,7397.1,7395.8,7396.4,6082.9,6082.3,6085.1,1848.5,1846.9,1847.1,3658.8,3659.2,3660.0,2530.9,2530.1,2530.5,2881.5,2881.1,2881.0,27.000000,25.930000,going to home base
2024-04-13T03:03:59Z,2358.4,2357.6,2357.9,2596.4,2597.0,2597.2,5642.7,5642.6,5642.7,2326.3,2326.1,2326.7,3468.7,3468.9,3468.7,4371.6,4371.1,4371.4,6067.8,6066.7,6068.1,8577.5,8576.1,8578.3,5181.8,5179.9,5180.2,7396.8,7395.2,7395.4,6086.9,6085.7,6087.0,1849.1,1847.2,1847.3,3658.5,3658.7,3659.5,2530.9,2530.8,2530.4,2880.4,2880.5,2881.5,26.980000,25.910000,going to home base
2024-04-13T03:04:04Z,2359.3,2358.8,2358.6,2596.3,2596.5,2596.4,5642.5,5642.1,5642.0,2326.4,2327.0,2326.8,3468.3,3468.5,3467.7,4372.0,4371.3,4371.4,6065.6,6065.7,6067.8,8575.8,8577.3,8577.5,5181.0,5181.0,5181.2,7400.0,7398.1,7398.0,6084.2,6083.5,6084.7,1848.9,1847.3,1847.5,3658.9,3658.9,3660.2,2530.8,2530.2,2530.3,2882.4,2882.1,2882.9,27.010000,25.900000,going to home base
2024-04-13T03:04:09Z,2359.1,2358.3,2358.7,2595.8,2596.1,2596.5,5643.1,5642.8,5642.8,2325.9,2326.0,2326.4,3468.4,3467.0,3467.2,4371.7,4371.3,4371.7,6067.9,6067.8,6068.2,8578.3,8576.0,8574.7,5180.2,5179.6,5181.5,7398.7,7398.3,7398.8,6083.3,6085.8,6084.5,1848.0,1847.2,1847.1,3659.3,3659.4,3660.1,2530.2,2529.6,2530.0,2880.3,2880.3,2881.0,27.010000,25.930000,going to home base
2024-04-13T03:04:14Z,2359.3,2358.5,2358.7,2596.4,2596.5,2597.3,5643.1,5642.4,5642.7,2326.0,2325.9,2326.5,3467.3,3467.6,3466.7,4371.3,4371.4,4371.7,6065.5,6066.7,6067.1,8576.1,8576.5,8578.0,5181.1,5182.3,5182.3,7399.9,7398.6,7399.4,6084.1,6085.5,6085.2,1848.8,1847.4,1847.1,3659.5,3659.2,3660.2,2530.9,2530.6,2530.6,2882.1,2881.1,2880.9,27.000000,25.900000,going to home base
2024-04-13T03:04:19Z,2359.4,2359.0,2358.9,2596.4,2596.1,2596.2,5642.9,5642.7,5642.9,2326.5,2326.5,2326.5,3467.7,3467.2,3467.6,4372.0,4371.5,4371.6,6068.0,6067.4,6068.6,8577.0,8575.8,8575.0,5181.4,5180.3,5181.2,7398.8,7398.5,7397.5,6087.1,6085.6,6087.3,1848.4,1847.0,1847.0,3659.3,3659.5,3660.0,2531.2,2530.5,2530.3,2881.6,2881.3,2882.3,26.980000,25.940001,going to home base
2024-04-13T03:04:24Z,2359.7,2359.0,2359.2,2597.0,2596.6,2596.7,5642.7,5642.2,5642.6,2325.6,2325.7,2326.0,3467.5,3467.0,3466.9,4371.7,4371.6,4371.3,6067.5,6067.7,6068.7,8576.7,8576.3,8576.2,5180.5,5180.9,5181.7,7400.4,7399.7,7400.4,6083.7,6084.1,6084.8,1848.5,1847.3,1847.0,3660.3,3659.6,3660.6,2531.6,2531.2,2531.1,2880.7,2880.0,2880.0,27.000000,25.930000,going to home base
2024-04-13T03:04:29Z,2359.4,2358.6,2359.0,2597.1,2596.6,2597.3,5642.8,5642.0,5642.1,2326.2,2326.2,2326.5,3467.2,3467.1,3466.7,4371.1,4371.2,4371.4,6067.0,6066.5,6065.6,8574.1,8575.3,8573.9,5180.8,5181.0,5182.0,7400.4,7399.1,7399.8,6086.0,6085.4,6083.7,1848.5,1847.2,1847.3,3659.4,3658.7,3660.1,2530.7,2530.3,2530.5,2879.9,2879.6,2879.8,27.010000,25.920000,going to home base
2024-04-13T03:04:34Z,2359.6,2358.8,2359.0,2596.8,2597.0,2597.1,5643.0,5642.3,5642.0,2325.5,2325.7,2326.2,3467.4,3467.4,3466.8,4371.4,4371.0,4371.3,6066.0,6066.3,6066.0,8577.0,8577.5,8577.8,5181.6,5181.4,5182.3,7398.5,7398.5,7398.6,6085.7,6084.1,6085.7,1848.5,1847.3,1847.0,3659.4,3659.0,3660.6,2530.6,2529.8,2530.1,2880.1,2879.5,2880.2,27.010000,25.969999,going to home base
2024-04-13T03:04:39Z,2359.7,2359.0,2359.0,2596.6,2596.2,2596.8,5643.1,5642.4,5642.4,2326.3,2326.7,2326.7,3467.0,3466.8,3466.7,4371.4,4371.1,4371.1,6067.4,6066.1,6065.9,8576.9,8576.4,8578.3,5181.3,5180.2,5181.3,7399.6,7399.7,7396.4,6084.4,6084.6,6086.4,1848.4,1847.3,1846.9,3659.7,3659.3,3660.4,2531.9,2531.3,2530.7,2879.8,2879.5,2879.6,26.969999,25.900000,going to home base
2024-04-13T03:04:44Z,2359.4,2358.8,2359.0,2596.0,2595.6,2596.6,5642.6,5642.4,5642.2,2326.0,2326.0,2326.0,3467.8,3467.4,3467.4,4370.9,4370.9,4370.6,6066.1,6065.6,6065.9,8572.2,8571.9,8571.3,5178.8,5179.1,5180.0,7399.9,7398.8,7399.1,6086.2,6085.4,6086.0,1848.7,1847.1,1847.1,3657.8,3658.7,3659.7,2531.0,2530.1,2530.5,2880.2,2879.8,2880.4,27.000000,25.930000,going to home base
2024-04-13T03:04:49Z,2359.5,2359.0,2359.2,2596.5,2596.9,2596.9,5643.3,5642.2,5642.4,2326.4,2326.0,2326.2,3466.9,3467.2,3467.0,4371.1,4371.2,4371.3,6066.7,6064.6,6065.3,8576.1,8573.6,8577.4,5179.8,5179.5,5180.5,7397.4,7396.5,7396.7,6084.1,6082.5,6082.7,1848.4,1846.9,1846.7,3658.9,3658.7,3659.6,2531.6,2530.7,2530.9,2880.2,2879.9,2880.3,27.000000,25.930000,going to home base
2024-04-13T03:04:54Z,2359.9,2359.1,2359.3,2596.1,2596.7,2596.8,5643.3,5643.2,5643.2,2324.9,2325.3,2325.8,3467.7,3467.4,3466.7,4371.4,4371.4,4370.8,6068.6,6067.2,6067.3,8574.4,8574.8,8573.8,5179.0,5180.2,5180.6,7398.5,7397.5,7397.9,6084.1,6084.2,6083.9,1848.6,1847.3,1847.1,3659.3,3659.4,3659.7,2531.1,2530.2,2530.5,2880.2,2879.3,2879.3,27.000000,25.900000,going to home base
2024-04-13T03:04:59Z,2359.5,2359.1,2359.5,2596.6,2596.4,2596.2,5643.2,5642.3,5642.5,2325.5,2326.1,2326.5,3468.3,3466.7,3467.3,4371.1,4371.4,4371.3,6065.1,6066.0,6065.3,8573.7,8573.7,8573.2,5180.4,5179.4,5180.6,7399.4,7398.2,7398.5,6084.8,6085.4,6084.4,1848.8,1847.5,1847.5,3658.9,3658.8,3659.7,2531.7,2530.4,2530.8,2879.9,2879.5,2879.5,26.959999,25.910000,going to home base
2024-04-13T03:05:04Z,2359.8,2359.0,2359.2,2596.4,2596.3,2596.6,5642.7,5642.5,5642.4,2325.6,2325.2,2326.1,3468.2,3467.6,3467.7,4370.9,4371.0,4371.6,6067.3,6067.1,6068.5,8573.0,8575.1,8575.6,5180.3,5180.6,5180.5,7400.9,7398.8,7399.2,6084.5,6085.1,6084.6,1849.3,1847.8,1847.2,3658.8,3659.4,3660.2,2530.7,2530.2,2529.9,2879.2,2878.3,2879.3,26.980000,25.950001,going to home base
2024-04-13T03:05:09Z,2359.3,2358.7,2359.1,2596.3,2595.8,2596.1,5642.8,5642.3,5642.2,2326.0,2326.0,2326.3,3468.7,3468.1,3468.3,4371.8,4372.0,4371.7,6065.8,6062.8,6064.8,8575.0,8574.2,8574.6,5180.7,5179.8,5180.8,7398.6,7397.6,7395.7,6083.4,6080.8,6084.8,1848.9,1847.4,1847.3,3658.9,3658.9,3659.9,2530.5,2529.7,2529.8,2880.2,2880.0,2880.8,26.969999,25.889999,going to home base
2024-04-13T03:05:14Z,2359.2,2358.4,2358.6,2596.1,2596.5,2596.3,5643.2,5642.1,5642.6,2326.2,2326.1,2326.7,3467.1,3466.7,3466.3,4371.5,4371.4,4371.7,6063.5,6063.5,6064.4,8574.2,8576.3,8574.5,5180.5,5178.8,5181.0,7399.1,7398.2,7399.5,6085.2,6083.7,6084.6,1848.8,1847.3,1847.0,3658.6,3658.9,3660.1,2530.6,2529.8,2529.9,2880.0,2879.8,2880.0,27.000000,25.930000,going to home base
2024-04-13T03:05:19Z,2359.0,2358.5,2358.5,2596.3,2596.6,2596.1,5643.3,5643.1,5643.4,2326.4,2326.0,2327.2,3468.2,3466.9,3467.4,4371.0,4370.7,4370.8,6066.6,6066.4,6065.1,8578.1,8578.3,8576.8,5181.5,5180.5,5181.4,7400.1,7398.1,7400.1,6083.0,6081.9,6083.6,1849.0,1847.7,1847.2,3659.0,3658.7,3659.8,2531.0,2530.5,2530.5,2879.5,2877.9,2877.5,26.969999,25.940001,going to home base
2024-04-13T03:05:24Z,2360.1,2359.3,2359.1,2595.7,2595.9,2596.4,5643.0,5643.2,5642.9,2326.1,2326.0,2326.4,3467.0,3466.6,3466.9,4371.6,4370.8,4371.0,6066.4,6066.2,6066.9,8577.6,8578.5,8578.2,5179.9,5179.5,5179.9,7399.5,7399.6,7398.8,6084.6,6082.9,6085.5,1848.9,1847.4,1847.2,3659.6,3659.7,3660.1,2529.5,2529.6,2529.1,2879.6,2878.7,2879.4,26.980000,25.950001,going to home base
2024-04-13T03:05:29Z,2359.9,2359.1,2359.2,2596.7,2596.9,2597.1,5643.1,5643.2,5642.6,2325.9,2326.2,2326.2,3467.5,3467.5,3467.6,4371.1,4370.9,4371.1,6065.8,6067.3,6067.2,8576.5,8575.4,8575.9,5180.7,5180.3,5180.2,7400.6,7398.9,7397.7,6084.2,6084.4,6084.9,1848.7,1847.4,1847.4,3658.7,3659.1,3660.4,2530.3,2529.9,2530.1,2879.0,2879.9,2881.1,26.980000,25.980000,going to home base
2024-04-13T03:05:34Z,2359.7,2358.9,2358.9,2596.0,2596.2,2596.4,5643.3,5642.5,5642.8,2324.9,2324.8,2325.6,3467.4,3466.6,3467.2,4371.4,4370.8,4371.0,6069.6,6069.1,6069.0,8577.9,8576.5,8576.6,5180.4,5180.1,5181.7,7398.2,7397.8,7397.8,6084.1,6084.9,6085.1,1848.8,1846.9,1847.0,3659.9,3660.2,3660.2,2531.4,2529.9,2530.3,2879.3,2877.7,2878.5,26.969999,25.930000,going to home base
2024-04-13T03:05:39Z,2360.1,2359.0,2359.5,2596.3,2596.1,2596.2,5643.8,5642.8,5642.9,2326.1,2325.7,2325.8,3467.5,3467.7,3466.9,4371.1,4370.7,4371.0,6067.3,6067.6,6067.8,8575.3,8573.7,8574.0,5182.5,5181.6,5182.3,7400.1,7399.5,7398.8,6084.6,6083.0,6085.4,1848.5,1846.9,1846.6,3659.6,3659.9,3660.9,2530.1,2529.5,2529.9,2880.9,2880.3,2880.2,26.969999,25.900000,going to home base
2024-04-13T03:05:44Z,2360.0,2359.1,2359.1,2596.0,2595.7,2596.2,5643.1,5642.4,5642.7,2325.4,2325.1,2325.6,3467.4,3467.0,3467.2,4370.7,4370.7,4370.3,6069.1,6068.5,6069.4,8577.0,8576.8,8576.5,5180.2,5180.6,5182.2,7400.3,7399.4,7399.4,6086.2,6085.0,6084.8,1848.6,1847.5,1847.3,3659.5,3658.9,3660.1,2530.9,2530.0,2530.2,2879.7,2879.5,2879.7,26.969999,25.900000,going to home base
2024-04-13T03:05:49Z,2359.8,2359.2,2359.7,2595.7,2596.1,2597.2,5642.9,5642.4,5642.7,2325.6,2325.4,2325.9,3467.1,3467.2,3466.9,4370.7,4370.6,4370.9,6069.0,6069.2,6068.3,8575.4,8577.4,8573.3,5180.5,5179.9,5180.4,7400.8,7401.8,7400.7,6084.8,6083.8,6083.4,1848.8,1847.2,1846.9,3659.5,3658.5,3660.1,2531.0,2530.2,2530.5,2880.1,2880.7,2879.8,26.980000,25.900000,going to home base
2024-04-13T03:05:54Z,2359.4,2358.5,2358.9,2595.5,2594.9,2596.1,5642.6,5642.2,5642.2,2325.4,2325.7,2325.7,3468.4,3467.6,3468.1,4370.6,4370.5,4370.7,6067.8,6068.5,6069.6,8577.7,8575.9,8578.1,5181.5,5180.3,5181.3,7398.2,7396.4,7398.1,6085.1,6084.9,6086.2,1848.3,1847.5,1847.5,3659.3,3659.3,3660.2,2530.6,2529.5,2529.9,2882.1,2881.7,2881.8,26.980000,25.889999,going to home base
2024-04-13T03:05:59Z,2358.8,2358.1,2358.4,2596.6,2595.9,2596.4,5642.9,5642.5,5642.9,2324.8,2324.5,2324.8,3467.6,3467.2,3467.3,4370.1,4369.5,4369.4,6068.4,6069.8,6068.3,8576.5,8575.8,8577.6,5181.0,5180.3,5181.3,7399.1,7397.2,7399.2,6086.7,6085.1,6086.1,1848.4,1846.5,1846.6,3658.5,3659.1,3659.8,2530.2,2529.6,2530.1,2881.0,2880.5,2880.9,27.000000,25.889999,going to home base
2024-04-13T03:06:04Z,2359.7,2358.6,2359.3,2596.1,2596.0,2596.4,5643.0,5643.5,5642.6,2326.2,2326.4,2326.9,3467.9,3468.2,3467.8,4370.3,4370.5,4370.5,6067.0,6067.4,6067.1,8575.8,8576.4,8576.7,5178.8,5178.1,5180.2,7398.2,7397.7,7396.2,6084.9,6083.6,6084.4,1848.1,1847.1,1847.1,3659.6,3659.6,3660.1,2531.4,2530.2,2529.9,2881.4,2880.5,2881.5,26.980000,25.920000,going to home base
2024-04-13T03:06:09Z,2359.0,2358.7,2358.9,2596.4,2596.3,2596.7,5642.8,5642.2,5642.4,2325.1,2325.1,2325.6,3468.0,3467.6,3467.8,4371.1,4370.8,4371.2,6064.7,6064.8,6066.4,8575.5,8574.9,8575.2,5179.5,5179.4,5180.0,7398.3,7398.4,7399.1,6084.6,6085.8,6085.1,1848.0,1847.1,1847.0,3659.9,3659.9,3661.2,2530.6,2529.6,2529.6,2880.6,2880.0,2880.7,26.980000,25.910000,going to home base
2024-04-13T03:06:14Z,2359.3,2358.8,2358.8,2597.1,2597.1,2597.2,5642.5,5641.8,5641.7,2326.1,2326.3,2326.5,3468.3,3467.5,3467.7,4371.3,4370.7,4370.8,6065.5,6064.6,6065.0,8578.6,8576.9,8576.0,5179.6,5179.6,5179.6,7401.8,7401.0,7401.5,6084.5,6084.2,6085.1,1848.3,1846.8,1847.1,3659.8,3659.6,3660.3,2530.9,2529.9,2530.2,2880.0,2879.9,2880.7,26.980000,25.870001,going to home base
2024-04-13T03:06:19Z,2359.4,2358.7,2359.0,2595.7,2595.9,2596.7,5643.0,5642.3,5642.9,2325.6,2325.4,2325.8,3467.5,3467.2,3467.4,4371.4,4370.7,4370.6,6067.7,6066.9,6066.7,8578.4,8577.0,8576.2,5179.6,5179.1,5179.4,7399.6,7399.5,7398.1,6085.7,6085.8,6085.9,1848.2,1847.1,1847.0,3659.1,3658.6,3659.5,2529.9,2529.2,2529.3,2880.2,2880.6,2879.4,26.980000,25.930000,going to home base
2024-04-13T03:06:24Z,2359.1,2358.6,2358.6,2597.3,2597.2,2597.4,5642.0,5641.0,5642.2,2325.8,2325.5,2325.9,3467.1,3468.0,3467.2,4370.5,4370.6,4370.6,6066.0,6065.7,6065.6,8575.9,8574.6,8575.8,5180.3,5180.0,5180.1,7397.6,7397.4,7398.3,6086.5,6087.4,6087.4,1848.4,1847.1,1846.8,3659.4,3659.0,3659.8,2530.5,2530.2,2530.2,2881.5,2880.4,2880.5,26.980000,25.969999,going to home base
2024-04-13T03:06:29Z,2359.4,2358.5,2359.2,2596.5,2596.6,2596.8,5642.8,5642.0,5642.0,2325.8,2325.4,2326.1,3468.6,3467.5,3467.6,4371.2,4371.0,4371.1,6065.5,6062.9,6064.8,8579.0,8575.4,8575.8,5179.5,5179.0,5179.5,7399.9,7398.4,7397.4,6085.3,6083.1,6084.0,1848.2,1846.7,1847.2,3659.8,3659.7,3660.4,2530.5,2529.7,2529.3,2879.2,2878.9,2880.0,26.969999,25.950001,going to home base
2024-04-13T03:06:34Z,2359.1,2358.6,2358.8,2596.3,2596.4,2597.2,5642.4,5641.6,5641.6,2325.6,2325.5,2325.7,3468.1,3468.4,3468.0,4370.6,4370.6,4370.8,6066.3,6066.6,6065.8,8573.6,8574.0,8572.4,5179.8,5180.9,5180.8,7400.1,7399.0,7398.9,6084.1,6083.2,6083.4,1848.5,1846.8,1846.7,3659.1,3659.6,3659.9,2530.5,2529.4,2529.3,2879.9,2880.3,2880.1,26.969999,25.940001,going to home base
2024-04-13T03:06:39Z,2359.1,2358.4,2358.7,2596.2,2596.2,2596.4,5642.2,5642.2,5642.2,2325.8,2325.8,2326.1,3468.0,3466.9,3466.5,4370.1,4369.4,4370.0,6067.1,6064.9,6066.0,8575.5,8577.1,8576.7,5180.2,5179.5,5179.9,7398.4,7395.9,7396.4,6085.9,6083.6,6085.1,1848.3,1846.7,1846.7,3659.5,3659.4,3660.1,2529.4,2529.2,2529.1,2882.4,2881.4,2881.0,27.000000,25.940001,going to home base
2024-04-13T03:06:44Z,2358.9,2358.5,2358.8,2597.4,2597.1,2597.2,5642.5,5642.1,5642.3,2325.3,2325.0,2325.3,3467.7,3467.1,3466.9,4370.6,4370.9,4370.8,6064.6,6065.2,6065.7,8575.6,8574.8,8575.0,5180.5,5179.9,5180.9,7400.1,7399.4,7400.2,6085.0,6083.9,6084.9,1848.4,1847.1,1847.2,3659.1,3659.0,3659.9,2529.7,2529.2,2529.6,2880.7,2880.1,2881.1,26.980000,25.889999,going to home base
2024-04-13T03:06:49Z,2359.8,2359.3,2359.2,2596.8,2596.5,2597.0,5642.5,5642.2,5642.1,2325.0,2325.4,2325.7,3467.6,3467.6,3467.2,4370.7,4370.5,4370.3,6066.1,6066.6,6066.0,8574.3,8577.0,8577.2,5180.6,5180.0,5181.0,7398.7,7397.9,7397.2,6084.6,6083.9,6084.2,1848.6,1846.8,1846.8,3659.2,3659.2,3660.1,2530.1,2529.2,2529.5,2882.1,2881.1,2882.4,26.969999,25.889999,going to home base
2024-04-13T03:06:54Z,2359.3,2358.6,2359.0,2596.6,2596.3,2596.2,5641.7,5641.5,5641.1,2325.2,2325.2,2325.7,3468.2,3467.7,3467.1,4370.3,4369.8,4370.3,6065.1,6064.5,6065.7,8576.9,8576.6,8576.1,5180.6,5181.6,5182.6,7398.4,7398.3,7398.9,6082.8,6082.0,6084.1,1847.9,1846.4,1846.3,3659.3,3659.4,3660.2,2530.7,2529.7,2530.1,2880.9,2880.7,2881.3,26.980000,25.840000,going to home base
2024-04-13T03:06:59Z,2359.1,2358.6,2358.8,2596.6,2596.4,2596.5,5641.7,5641.8,5641.9,2325.5,2325.7,2326.0,3468.5,3467.9,3467.8,4370.7,4370.3,4370.1,6067.2,6067.0,6067.3,8573.8,8575.7,8574.6,5180.9,5180.2,5181.0,7399.6,7397.6,7397.9,6084.9,6085.2,6085.3,1847.8,1846.8,1846.6,3658.9,3659.1,3659.8,2529.9,2528.7,2528.8,2881.0,2880.4,2880.2,26.980000,25.860001,going to home base
2024-04-13T03:07:04Z,2359.2,2358.5,2358.5,2596.1,2595.9,2596.6,5642.5,5642.3,5642.5,2325.4,2325.1,2325.8,3467.8,3467.4,3467.7,4370.9,4370.8,4370.3,6064.9,6065.9,6066.8,8577.3,8578.2,8576.4,5181.8,5181.6,5182.8,7395.2,7395.2,7395.7,6084.7,6084.7,6084.6,1847.8,1846.4,1846.4,3658.9,3658.8,3659.8,2531.0,2530.0,2529.8,2881.7,2881.8,2882.1,26.980000,25.860001,going to home base
2024-04-13T03:07:14Z,2359.9,2358.7,2359.0,2595.1,2595.5,2595.5,5642.1,5641.4,5642.1,2325.7,2325.8,2326.0,3467.8,3467.4,3467.6,4371.4,4370start,26619.1,26616.3,2359.3,2358.7,5642.5,5642.0,5641.7,2325.5,2325.3,2325.2,3733.1,3733.0,87894.7,87868.1,14076.1,14078.3,4371.3,4370.8,4370.5,6065.9,6065.8,6066.4,16418.8,16420.6,33910.3,33925.2,8577.7,8576.6,5181.3,5181.5,going to home base
2024-04-13T03:07:24Z,2359.0,2358.4,2358.5,2596.2,2596.2,2596.4,5642.4,5641.7,5642.0,2325.8,2325.7,2326.0,3467.1,3466.1,3466.7,4371.2,4370.9,4370.3,6066.2,6066.8,6066.8,8575.5,8576.7,8574.8,5179.5,5179.2,5181.2,7396.6,7396.1,7396.8,6084.7,6085.8,6086.1,1848.9,1847.7,1847.3,3658.9,3658.8,3659.5,2530.4,2529.7,2530.3,2880.6,2880.3,2880.6,26.959999,25.860001,going to home base
2024-04-13T03:07:29Z,2358.9,2358.1,2358.2,2596.1,2596.2,2596.0,5642.7,5642.3,5642.4,2325.9,2325.5,2326.2,3468.3,3468.0,3467.6,4369.7,4370.0,4369.6,6066.3,6065.8,6066.0,8574.0,8573.2,8573.6,5180.9,5181.1,5180.9,7398.2,7397.0,7396.4,6084.1,6083.4,6085.0,1848.9,1847.4,1847.6,3658.3,3658.4,3659.5,2531.0,2529.8,2530.1,2881.1,2880.0,2880.6,26.980000,25.860001,going to home base
2024-04-13T03:07:34Z,2359.1,2358.4,2358.6,2595.4,2595.0,2595.8,5642.8,5642.0,5642.3,2325.1,2325.1,2325.3,3467.6,3467.3,3466.9,4370.2,4370.1,4370.4,6064.5,6064.0,6063.5,8575.5,8574.1,8575.0,5179.9,5179.2,5180.1,7396.3,7394.4,7394.6,6084.5,6084.3,6085.0,1848.6,1847.3,1847.0,3658.3,3658.0,3658.6,2530.3,2529.5,2529.9,2881.3,2880.8,2881.4,26.969999,25.790001,going to home base
2024-04-13T03:07:39Z,2358.7,2357.9,2358.0,2595.3,2595.5,2595.4,5642.9,5641.8,5642.3,2324.4,2324.3,2324.8,3467.7,3467.6,3467.5,4369.7,4369.3,4369.5,6063.9,6064.5,6064.6,8575.4,8574.5,8574.6,5179.6,5179.3,5179.7,7396.3,7395.1,7395.6,6084.5,6085.4,6086.8,1849.3,1847.7,1847.5,3657.9,3658.0,3658.9,2531.0,2529.9,2530.0,2881.8,2881.1,2880.9,27.000000,25.860001,going to home base
2024-04-13T03:07:44Z,2359.0,2358.4,2358.7,2596.0,2595.9,2596.1,5641.7,5641.2,5641.3,2325.0,2324.7,2325.3,3467.9,3467.6,3468.2,4369.9,4370.0,4369.7,6062.7,6064.9,6064.2,8577.3,8574.8,8576.2,5178.8,5178.8,5180.8,7396.8,7396.2,7397.4,6083.9,6086.5,6085.5,1848.8,1847.4,1847.3,3658.2,3658.6,3659.3,2529.9,2529.4,2529.3,2880.5,2880.0,2879.8,26.959999,25.870001,going to home base
2024-04-13T03:07:49Z,2359.0,2358.3,2358.3,2595.6,2595.3,2596.0,5642.6,5642.4,5642.1,2324.6,2324.9,2325.7,3468.0,3467.7,3467.8,4370.0,4370.2,4370.1,6064.4,6063.3,6063.2,8578.1,8579.9,8577.0,5180.5,5179.5,5179.3,7396.9,7395.2,7396.0,6082.3,6084.0,6084.1,1849.1,1847.5,1847.8,3658.1,3658.4,3659.4,2530.2,2529.8,2529.3,2878.6,2878.3,2879.6,27.000000,25.900000,going to home base
2024-04-13T03:07:54Z,2358.6,2357.8,2357.9,2596.4,2596.3,2596.6,5642.3,5642.3,5642.2,2325.7,2325.5,2326.0,3467.9,3467.5,3467.4,4370.1,4369.2,4369.9,6065.9,6064.3,6063.9,8576.9,8576.9,8575.5,5179.4,5179.4,5180.6,7395.7,7395.9,7396.3,6083.8,6081.9,6081.3,1849.4,1847.8,1847.8,3658.4,3658.6,3658.8,2530.8,2529.4,2529.9,2880.2,2880.2,2880.7,26.959999,25.860001,going to home base
2024-04-13T03:07:59Z,2358.8,2358.1,2358.3,2596.2,2596.2,2596.5,5642.4,5641.8,5641.8,2325.2,2325.2,2325.4,3467.1,3467.2,3466.5,4369.8,4370.2,4370.2,6064.1,6064.4,6066.1,8575.9,8575.4,8574.6,5179.1,5178.8,5179.4,7395.7,7396.1,7395.2,6084.5,6083.8,6083.7,1848.9,1847.7,1847.5,3658.1,3658.7,3659.5,2529.8,2528.7,2529.1,2880.5,2880.4,2880.0,26.980000,25.840000,going to home base
2024-04-13T03:08:04Z,2358.3,2357.8,2358.2,2596.0,2596.2,2596.4,5643.0,5642.6,5642.4,2325.7,2325.6,2326.1,3467.5,3466.5,3467.0,4370.3,4369.8,4370.6,6068.7,6068.4,6068.1,8574.3,8572.5,8572.8,5178.3,5178.9,5179.8,7395.2,7393.1,7393.7,6084.2,6083.5,6085.6,1849.6,1848.1,1848.1,3658.4,3658.7,3659.6,2530.2,2529.4,2529.4,2881.3,2880.3,2879.2,26.969999,25.860001,going to home base
2024-04-13T03:08:09Z,2358.9,2358.2,2358.6,2595.8,2596.0,2596.0,5642.7,5642.1,5642.4,2325.1,2325.5,2326.0,3465.8,3466.1,3465.8,4369.3,4369.2,4369.3,6065.7,6064.7,6063.9,8573.4,8573.8,8573.6,5178.9,5178.9,5179.0,7399.0,7396.3,7396.1,6082.8,6084.0,6083.4,1849.5,1848.1,1848.1,3658.7,3658.6,3659.5,2530.3,2529.7,2529.8,2880.4,2880.3,2880.7,26.969999,25.830000,going to home base
2024-04-13T03:08:14Z,2358.9,2358.2,2358.3,2595.3,2595.4,2596.0,5641.7,5641.2,5641.1,2325.4,2325.6,2325.8,3466.9,3466.2,3466.3,4369.8,4370.2,4370.1,6063.9,6064.0,6065.6,8574.7,8574.8,8573.5,5180.1,5178.8,5180.2,7396.1,7395.3,7394.7,6083.4,6083.4,6084.3,1849.0,1847.7,1847.4,3658.5,3658.9,3659.9,2530.0,2529.4,2529.7,2881.3,2881.4,2881.1,26.969999,25.870001,going to home base
2024-04-13T03:08:19Z,2358.5,2357.7,2358.3,2596.0,2596.0,2596.3,5642.2,5641.7,5641.7,2326.3,2325.7,2326.5,3467.1,3466.4,3466.8,4369.3,4369.2,4369.5,6066.4,6065.3,6066.4,8574.2,8574.3,8575.4,5180.3,5180.0,5181.0,7396.8,7397.3,7398.1,6082.9,6083.0,6082.2,1849.0,1847.6,1847.7,3658.2,3658.5,3659.4,2530.4,2529.3,2529.4,2880.7,2879.4,2879.5,26.959999,25.940001,going to home base
2024-04-13T03:08:24Z,2358.9,2358.4,2358.5,2596.0,2595.3,2596.4,5641.9,5641.8,5641.7,2325.5,2325.8,2325.7,3466.9,3466.0,3466.2,4370.0,4369.6,4369.9,6066.9,6066.2,6066.1,8574.3,8573.4,8572.7,5180.9,5180.7,5181.8,7395.8,7395.6,7397.3,6083.4,6083.4,6082.2,1849.8,1847.9,1847.6,3658.4,3658.7,3659.6,2530.3,2529.0,2528.8,2881.9,2880.6,2881.5,26.980000,25.830000,going to home base
2024-04-13T03:08:29Z,2358.6,2358.3,2358.3,2595.8,2595.7,2595.7,5641.7,5641.3,5641.4,2326.1,2325.6,2326.3,3467.1,3467.0,3467.1,4369.8,4369.7,4369.7,6064.8,6064.7,6065.7,8572.5,8572.6,8574.1,5181.5,5180.5,5182.0,7398.1,7396.0,7398.0,6083.6,6083.6,6084.3,1849.2,1847.9,1848.0,3658.2,3658.7,3659.1,2530.7,2529.6,2529.5,2880.9,2879.9,2880.2,26.969999,25.889999,going to home base
2024-04-13T03:08:34Z,2359.0,2358.2,2358.3,2595.1,2595.2,2595.5,5641.7,5640.8,5641.0,2325.6,2326.0,2325.8,3467.5,3466.7,3466.8,4370.3,4370.0,4370.3,6063.0,6065.5,6064.8,8573.4,8574.2,8573.7,5180.4,5180.4,5181.0,7398.1,7397.4,7397.9,6081.5,6081.5,6083.9,1849.4,1847.8,1847.9,3658.4,3658.2,3659.3,2530.0,2529.1,2529.6,2881.3,2881.5,2880.3,26.959999,25.870001,going to home base
2024-04-13T03:08:39Z,2358.6,2357.9,2358.2,2595.1,2595.0,2595.8,5641.8,5641.4,5641.5,2325.5,2325.9,2326.3,3467.8,3467.4,3467.0,4370.0,4370.2,4370.1,6066.5,6065.8,6065.5,8574.1,8573.0,8573.9,5180.1,5179.5,5180.5,7397.2,7396.7,7396.1,6082.7,6082.8,6083.0,1848.9,1847.7,1847.1,3658.8,3658.7,3659.6,2530.1,2528.8,2529.2,2880.4,2880.1,2879.7,26.959999,25.900000,going to home base
2024-04-13T03:08:44Z,2358.3,2357.7,2357.7,2596.0,2595.3,2595.7,5641.5,5641.2,5641.5,2325.8,2325.9,2326.4,3467.3,3467.2,3466.7,4369.6,4369.3,4369.2,6066.1,6067.0,6065.9,8573.4,8573.4,8572.8,5180.7,5179.7,5181.0,7397.6,7396.4,7397.3,6081.3,6081.9,6083.6,1849.2,1847.8,1848.0,3658.8,3658.2,3659.5,2530.9,2529.8,2529.8,2881.2,2880.9,2881.5,26.980000,25.889999,going to home base
2024-04-13T03:08:49Z,2358.7,2358.1,2358.0,2596.0,2595.8,2596.5,5641.9,5641.6,5641.2,2326.0,2326.0,2326.7,3466.4,3466.1,3466.1,4369.8,4369.5,4369.6,6065.0,6065.2,6066.3,8573.5,8574.3,8574.3,5180.1,5179.9,5180.2,7395.4,7395.4,7395.7,6082.1,6083.3,6082.4,1849.2,1847.7,1847.6,3658.9,3659.0,3660.5,2530.5,2529.3,2529.6,2879.6,2879.4,2879.0,26.940001,25.920000,going to home base
2024-04-13T03:08:54Z,2358.7,2357.8,2358.3,2596.2,2595.9,2596.1,5641.8,5642.0,5641.8,2325.4,2325.0,2325.5,3468.2,3467.4,3467.2,4369.8,4369.4,4368.9,6065.0,6064.1,6065.6,8574.0,8574.1,8574.9,5180.5,5180.4,5180.5,7396.3,7396.1,7396.0,6080.3,6081.9,6082.4,1849.1,1847.9,1847.9,3658.8,3659.0,3659.8,2529.8,2529.4,2529.6,2880.6,2880.1,2880.3,26.969999,25.889999,going to home base
2024-04-13T03:08:59Z,2358.7,2357.7,2357.9,2596.0,2595.2,2595.5,5641.5,5641.0,5641.3,2325.2,2325.4,2325.8,3467.2,3466.8,3467.7,4369.9,4369.5,4369.5,6064.3,6062.7,6062.5,8571.2,8571.5,8572.4,5181.5,5180.6,5181.0,7399.7,7396.7,7398.1,6081.4,6082.0,6081.3,1848.6,1846.7,1847.2,3658.8,3658.8,3659.6,2530.5,2529.4,2530.0,2879.6,2879.4,2879.5,26.969999,25.940001,going to home base
2024-04-13T03:09:04Z,2358.1,2357.8,2358.1,2595.5,2595.5,2595.9,5641.4,5640.8,5640.8,2325.7,2325.8,2325.7,3467.7,3467.2,3467.4,4369.8,4369.4,4369.8,6066.2,6066.7,6067.0,8575.4,8575.1,8575.0,5181.4,5181.5,5181.7,7399.2,7398.8,7398.9,6083.3,6083.5,6083.3,1849.1,1847.7,1847.6,3658.7,3659.4,3659.3,2529.3,2528.3,2528.8,2881.0,2880.4,2880.0,26.980000,25.910000,going to home base
2024-04-13T03:09:09Z,2358.2,2357.6,2357.8,2595.4,2595.9,2595.9,5641.7,5641.1,5641.4,2326.0,2325.5,2325.8,3467.9,3467.6,3468.2,4369.3,4369.1,4369.4,6065.2,6065.6,6065.1,8576.5,8577.3,8575.1,5180.2,5179.2,5180.4,7398.8,7396.1,7397.7,6084.7,6082.0,6082.8,1848.7,1847.2,1847.3,3658.7,3658.7,3659.6,2530.0,2528.7,2529.0,2880.5,2878.7,2880.0,26.980000,25.900000,going to home base
2024-04-13T03:09:14Z,2358.7,2357.9,2358.2,2595.8,2595.5,2595.8,5641.6,5641.5,5641.2,2325.0,2325.3,2325.7,3467.4,3467.1,3467.2,4369.5,4369.5,4369.8,6066.7,6065.9,6067.0,8576.8,8576.1,8577.2,5178.0,5179.0,5180.0,7397.0,7397.7,7397.2,6082.8,6082.7,6084.4,1848.6,1847.3,1847.0,3658.7,3659.0,3659.3,2529.2,2528.5,2528.3,2879.8,2880.2,2879.7,26.940001,25.860001,going to home base
2024-04-13T03:09:19Z,2358.2,2357.4,2357.9,2595.9,2595.8,2595.7,5640.9,5640.8,5641.1,2325.6,2326.1,2326.1,3467.2,3466.9,3466.8,4369.6,4369.8,4369.6,6067.6,6066.2,6068.0,8575.2,8572.5,8571.6,5182.4,5181.0,5182.7,7401.0,7400.1,7400.0,6082.3,6080.6,6081.4,1848.5,1847.6,1847.2,3658.0,3658.1,3659.1,2529.4,2528.9,2528.6,2879.1,2878.1,2878.2,26.959999,25.870001,going to home base
2024-04-13T03:09:24Z,2359.0,2357.5,2357.9,2595.2,2596.0,2595.7,5641.4,5640.8,5640.8,2325.1,2324.9,2325.1,3467.4,3467.4,3466.9,4369.7,4369.3,4369.5,6065.8,6065.7,6067.0,8575.3,8574.7,8574.6,5179.5,5179.8,5180.7,7398.6,7397.5,7396.8,6081.2,6080.3,6081.2,1848.5,1847.3,1847.3,3659.1,3658.9,3659.9,2529.8,2528.8,2529.0,2879.9,2879.9,2880.5,26.980000,25.840000,going to home base
2024-04-13T03:09:29Z,2358.7,2358.0,2358.2,2595.9,2595.9,2596.0,5641.0,5640.7,5640.8,2325.0,2324.9,2325.6,3468.0,3467.5,3467.6,4369.7,4369.4,4369.9,6064.1,6066.0,6065.2,8574.8,8573.8,8575.2,5179.3,5178.9,5180.1,7398.0,7395.9,7395.3,6083.2,6081.5,6081.8,1849.1,1848.0,1847.8,3658.6,3658.6,3659.7,2529.2,2528.4,2528.6,2880.5,2880.2,2879.4,26.969999,25.840000,going to home base
2024-04-13T03:09:34Z,2358.3,2357.7,2358.1,2596.3,2595.7,2596.3,5641.5,5641.1,5641.3,2325.1,2325.5,2325.4,3467.2,3466.6,3466.8,4369.2,4369.2,4369.5,6062.6,6063.8,6064.1,8573.8,8573.6,8572.9,5180.5,5179.6,5181.6,7397.5,7396.5,7396.9,6083.2,6082.8,6083.3,1849.5,1847.7,1847.6,3659.3,3659.4,3660.2,2529.3,2527.7,2527.7,2881.1,2879.8,2879.8,26.969999,25.830000,going to home base
2024-04-13T03:09:39Z,2358.5,2357.9,2357.9,2595.1,2595.0,2595.6,5641.4,5641.0,5641.2,2324.5,2324.5,2325.1,3467.7,3467.7,3468.1,4369.5,4369.5,4369.6,6064.2,6064.0,6064.5,8575.7,8574.1,8574.5,5179.4,5178.8,5179.6,7399.3,7398.2,7398.5,6081.0,6080.9,6079.3,1848.8,1847.3,1847.2,3658.9,3658.8,3660.1,2529.0,2529.0,2528.7,2879.9,2879.0,2879.8,27.000000,25.840000,going to home base
2024-04-13T03:09:44Z,2358.4,2357.4,2357.8,2595.8,2595.7,2596.0,5641.8,5641.6,5641.3,2323.9,2324.1,2324.5,3466.5,3466.1,3466.2,4369.1,4369.2,4369.5,6065.0,6065.1,6064.6,8574.4,8574.5,8574.5,5179.3,5180.1,5180.7,7397.4,7398.7,7398.2,6083.3,6083.1,6082.2,1848.8,1847.2,1847.4,3659.1,3658.9,3659.1,2529.4,2529.0,2529.2,2880.9,2880.1,2881.2,26.959999,25.830000,going to home base
2024-04-13T03:09:49Z,2358.9,2358.2,2358.9,2596.2,2595.6,2595.7,5642.1,5642.0,5641.7,2325.2,2325.1,2325.5,3467.1,3466.8,3466.4,4369.4,4369.3,4369.4,6064.7,6064.6,6064.7,8574.5,8573.9,8574.3,5179.5,5178.8,5180.2,7397.8,7397.7,7396.9,6082.8,6081.9,6082.1,1848.0,1846.6,1846.7,3658.5,3658.6,3659.7,2529.7,2528.9,2529.3,2880.1,2879.7,2879.4,26.969999,25.850000,going to home base
2024-04-13T03:09:54Z,2358.5,2357.9,2358.4,2595.3,2595.8,2596.0,5642.0,5641.1,5641.4,2325.6,2325.2,2325.8,3467.0,3466.8,3466.2,4368.6,4368.3,4369.2,6064.3,6064.9,6065.1,8576.2,8575.4,8575.2,5179.8,5180.4,5180.1,7398.6,7398.3,7397.7,6083.7,6084.3,6084.4,1848.2,1846.9,1847.0,3659.6,3659.1,3660.0,2529.2,2528.5,2528.6,2881.5,2880.9,2880.8,26.980000,25.889999,going to home base
2024-04-13T03:09:59Z,2358.2,2357.8,2358.0,2596.1,2596.0,2596.5,5641.4,5640.6,5640.9,2325.2,2325.0,2325.4,3467.1,3466.5,3467.4,4369.3,4369.0,4369.2,6065.9,6064.4,6065.0,8575.8,8574.1,8573.6,5179.7,5179.5,5181.2,7400.6,7398.9,7399.1,6083.9,6084.0,6083.5,1848.9,1847.2,1847.3,3658.8,3658.9,3658.6,2529.1,2528.9,2529.0,2880.7,2880.5,2880.1,26.959999,25.860001,going to home base
2024-04-13T03:10:04Z,2358.5,2357.8,2358.2,2596.3,2595.9,2595.9,5642.0,5641.3,5641.4,2325.6,2325.8,2325.5,3466.3,3466.0,3466.2,4369.0,4369.0,4369.3,6064.4,6063.7,6064.6,8573.0,8572.5,8572.2,5179.4,5178.2,5180.0,7396.7,7396.6,7396.4,6078.3,6079.2,6082.8,1848.0,1847.1,1847.0,3658.5,3658.5,3659.4,2529.9,2528.7,2529.6,2881.6,2880.5,2880.8,26.969999,25.900000,going to home base
2024-04-13T03:10:09Z,2358.6,2357.8,2358.2,2595.6,2595.2,2596.3,5640.9,5640.5,5640.7,2324.7,2325.0,2325.0,3467.4,3467.2,3466.6,4369.0,4369.1,4368.8,6063.8,6063.1,6063.4,8575.7,8573.5,8574.6,5179.5,5178.9,5179.9,7399.7,7398.5,7398.9,6081.9,6082.5,6083.9,1848.8,1847.3,1847.4,3659.1,3659.0,3659.6,2529.6,2529.0,2529.0,2880.6,2879.7,2879.7,26.959999,25.910000,going to home base
2024-04-13T03:10:14Z,2358.6,2358.0,2358.1,2595.0,2595.3,2595.7,5641.3,5641.8,5641.7,2325.4,2325.3,2325.8,3467.7,3467.5,3467.3,4368.9,4368.6,4368.7,6062.5,6063.5,6062.6,8573.2,8574.2,8574.5,5178.9,5178.9,5179.3,7400.6,7399.3,7399.0,6081.2,6081.1,6081.9,1848.6,1847.0,1847.0,3659.1,3659.0,3659.6,2529.5,2528.4,2528.8,2880.7,2880.5,2880.5,26.980000,25.840000,going to home base
2024-04-13T03:10:19Z,2358.7,2357.5,2357.7,2595.8,2595.8,2596.2,5641.6,5641.6,5641.2,2324.4,2324.1,2324.4,3467.0,3467.5,3467.2,4369.3,4369.0,4369.1,6062.9,6061.4,6064.0,8572.7,8573.0,8573.2,5178.6,5178.8,5178.7,7400.9,7400.9,7400.0,6082.4,6082.9,6082.7,1848.5,1846.6,1846.6,3658.7,3658.9,3659.1,2529.2,2528.7,2528.4,2879.1,2877.7,2878.0,26.940001,25.900000,going to home base
2024-04-13T03:10:24Z,2358.5,2358.1,2358.0,2595.4,2595.6,2595.9,5641.5,5640.8,5641.2,2324.4,2324.7,2325.3,3466.8,3466.3,3466.2,4368.9,4369.1,4368.9,6062.8,6062.2,6062.7,8574.8,8573.5,8575.4,5178.4,5178.9,5179.8,7400.1,7399.0,7399.4,6083.3,6083.2,6084.1,1848.4,1847.2,1846.9,3658.2,3658.5,3659.5,2530.1,2528.7,2528.9,2879.5,2879.2,2879.6,26.959999,25.830000,going to home base
2024-04-13T03:10:29Z,2358.4,2357.4,2358.1,2595.2,2595.5,2595.5,5641.9,5641.7,5641.4,2325.1,2325.0,2325.6,3467.3,3467.1,3466.7,4369.5,4369.0,4369.6,6062.3,6060.9,6062.6,8575.5,8575.7,8576.0,5179.5,5180.1,5179.9,7401.4,7399.2,7399.4,6082.7,6082.3,6082.0,1848.4,1846.9,1846.9,3658.9,3658.8,3659.4,2528.4,2527.9,2528.5,2879.9,2879.0,2879.4,26.959999,25.840000,going to home base
2024-04-13T03:10:34Z,2358.5,2357.8,2357.9,2595.2,2594.7,2595.7,5641.6,5641.4,5642.8,2325.2,2325.5,2325.6,3467.5,3467.3,3467.1,4369.1,4369.2,4369.4,6062.5,6063.2,6063.6,8573.6,8573.5,8574.8,5180.0,5179.8,5180.3,7399.5,7398.0,7397.7,6079.3,6079.8,6080.1,1848.5,1846.9,1847.0,3660.0,3660.0,3661.0,2529.4,2528.0,2528.3,2879.5,2879.7,2879.6,26.969999,25.790001,going to home base
2024-04-13T03:10:39Z,2358.1,2357.7,2357.9,2595.6,2594.9,2596.1,5641.5,5641.2,5641.4,2324.6,2324.8,2324.7,3466.7,3466.2,3466.3,4369.3,4369.0,4369.3,6061.8,6062.3,6062.9,8574.2,8573.0,8573.4,5178.1,5178.3,5180.3,7399.2,7399.2,7398.3,6078.3,6078.4,6076.6,1848.7,1847.1,1847.0,3659.0,3658.9,3659.4,2528.7,2527.8,2527.6,2879.7,2879.6,2880.2,26.969999,25.860001,going to home base
2024-04-13T03:10:44Z,2358.1,2357.9,2358.0,2595.5,2595.1,2595.4,5641.9,5641.4,5641.9,2325.5,2325.5,2326.0,3467.1,3466.4,3466.3,4369.0,4369.2,4368.8,6062.5,6062.2,6063.1,8572.2,8570.9,8571.8,5178.7,5179.0,5180.6,7399.8,7398.8,7399.2,6079.4,6081.3,6081.5,1848.3,1846.9,1846.8,3659.7,3659.5,3660.4,2529.0,2528.5,2528.2,2879.5,2878.9,2879.9,26.959999,25.840000,going to home base
2024-04-13T03:10:49Z,2358.4,2357.7,2358.0,2595.3,2595.2,2595.7,5642.1,5641.0,5641.4,2325.3,2325.2,2325.7,3467.2,3466.9,3467.2,4368.9,4368.8,4369.3,6060.6,6059.3,6059.9,8573.2,8573.3,8575.0,5178.9,5178.8,5179.8,7399.2,7396.8,7396.6,6080.6,6080.0,6079.7,1848.3,1847.0,1847.0,3658.9,3659.1,3660.0,2528.1,2527.9,2528.1,2880.9,2880.5,2880.8,26.959999,25.799999,going to home base
2024-04-13T03:10:54Z,2358.8,2357.8,2358.1,2595.1,2595.3,2595.6,5641.5,5641.1,5641.4,2326.0,2325.9,2326.0,3465.9,3465.8,3466.1,4369.3,4369.0,4369.1,6063.4,6062.9,6064.0,8574.8,8574.3,8573.0,5180.3,5179.1,5181.7,7397.8,7396.8,7397.1,6082.9,6081.6,6082.1,1848.7,1847.3,1846.9,3659.8,3659.4,3660.5,2528.5,2527.2,2527.8,2879.8,2878.6,2879.1,27.000000,25.730000,going to home base
2024-04-13T03:10:59Z,2358.5,2358.1,2358.3,2594.8,2595.1,2595.4,5641.4,5641.4,5641.1,2325.4,2325.1,2325.8,3467.7,3466.8,3466.6,4368.9,4369.0,4368.8,6061.9,6061.5,6062.1,8573.4,8573.0,8571.2,5179.8,5179.3,5180.8,7396.3,7396.7,7397.7,6080.1,6078.7,6080.7,1848.1,1846.9,1846.9,3659.0,3659.0,3660.3,2528.6,2528.0,2528.0,2878.2,2877.2,2877.7,26.969999,25.790001,going to home base
2024-04-13T03:11:04Z,2358.7,2357.7,2358.2,2595.4,2595.1,2595.2,5641.3,5641.3,5641.3,2325.4,2325.8,2326.3,3467.0,3467.0,3466.9,4368.5,4368.6,4368.4,6064.7,6063.4,6064.3,8574.3,8573.0,8573.8,5179.4,5179.7,5179.7,7397.6,7398.0,7396.5,6078.5,6078.7,6080.2,1848.5,1847.2,1846.9,3658.5,3658.5,3659.3,2528.3,2528.1,2528.0,2880.1,2879.0,2880.1,26.980000,25.730000,going to home base
2024-04-13T03:11:09Z,2358.3,2357.7,2358.0,2595.8,2595.6,2596.0,5641.8,5641.4,5641.2,2325.6,2325.3,2325.8,3466.7,3466.4,3465.9,4368.4,4368.5,4368.3,6065.0,6063.1,6062.4,8573.9,8571.2,8571.5,5179.4,5178.5,5181.0,7396.8,7396.4,7397.1,6081.3,6079.4,6082.2,1848.6,1846.9,1846.9,3659.3,3658.9,3659.8,2529.0,2527.9,2528.3,2879.4,2878.6,2878.6,26.940001,25.770000,going to home base
2024-04-13T03:11:14Z,2357.7,2356.9,2357.4,2596.1,2595.4,2596.2,5641.0,5640.5,5641.2,2325.0,2325.1,2325.7,3466.9,3465.9,3465.5,4368.9,4368.1,4368.3,6065.1,6064.5,6064.5,8570.3,8570.3,8571.6,5178.6,5178.1,5179.3,7398.4,7398.1,7397.3,6080.3,6080.6,6080.6,1848.4,1846.9,1846.5,3658.4,3658.6,3659.0,2528.2,2527.8,2527.3,2879.6,2878.5,2878.1,26.940001,25.830000,going to home base
2024-04-13T03:11:19Z,2358.5,2357.7,2358.1,2595.2,2594.8,2594.9,5640.9,5640.9,5640.4,2324.9,2325.6,2325.6,3467.4,3466.6,3467.1,4368.7,4368.5,4368.3,6061.7,6061.9,6060.7,8571.2,8570.9,8571.1,5179.3,5178.2,5179.5,7399.6,7399.7,7399.4,6080.0,6080.4,6080.6,1848.4,1847.1,1847.0,3657.5,3658.0,3658.5,2528.6,2527.9,2527.6,2880.6,2879.8,2880.6,26.969999,25.790001,going to home base
2024-04-13T03:11:24Z,2358.9,2357.5,2357.7,2595.7,2595.2,2595.3,5640.9,5641.2,5641.1,2324.9,2324.8,2325.4,3466.3,3466.1,3465.9,4368.9,4368.6,4368.4,6061.9,6062.3,6063.4,8572.3,8572.0,8573.6,5178.6,5179.3,5179.8,7398.7,7398.1,7398.4,6080.2,6079.6,6081.0,1848.2,1847.0,1846.6,3658.4,3658.6,3659.1,2528.8,2527.6,2528.0,2879.7,2878.6,2879.3,26.969999,25.770000,going to home base
2024-04-13T03:11:29Z,2358.9,2357.8,2358.4,2594.9,2595.1,2595.3,5641.8,5641.2,5641.3,2325.3,2325.1,2325.2,3467.1,3466.6,3466.7,4368.7,4368.2,4369.2,6062.9,6061.4,6061.4,8574.4,8575.3,8573.7,5178.6,5178.3,5177.8,7398.4,7397.8,7397.0,6082.4,6082.6,6083.2,1848.5,1846.8,1846.9,3658.1,3657.9,3659.1,2529.2,2528.2,2528.2,2878.2,2878.7,2879.0,26.969999,25.809999,going to home base
2024-04-13T03:11:34Z,2359.0,2358.3,2358.4,2596.0,2595.3,2596.3,5641.5,5640.8,5640.8,2325.0,2324.7,2324.7,3467.6,3467.2,3466.9,4369.0,4368.3,4368.7,6062.6,6063.0,6063.5,8572.9,8572.1,8571.8,5179.3,5179.2,5179.9,7399.3,7398.5,7398.7,6084.1,6083.1,6082.5,1848.5,1846.7,1846.6,3657.9,3658.3,3659.1,2529.1,2527.8,2528.2,2879.2,2879.1,2879.4,26.969999,25.840000,going to home base
2024-04-13T03:11:39Z,2358.7,2358.2,2358.2,2595.4,2595.5,2596.3,5641.4,5640.9,5641.0,2325.1,2325.3,2325.8,3467.4,3466.7,3466.4,4368.8,4368.9,4368.7,6061.6,6061.9,6060.1,8573.0,8573.7,8571.6,5181.1,5180.7,5181.2,7398.6,7397.1,7397.7,6083.4,6083.7,6082.5,1848.3,1847.0,1847.1,3657.8,3658.2,3658.8,2528.9,2528.4,2528.0,2879.5,2878.2,2878.8,26.980000,25.860001,going to home base
2024-04-13T03:11:44Z,2358.5,2357.8,2358.2,2596.5,2596.5,2596.5,5641.5,5640.9,5640.7,2324.7,2324.5,2325.1,3466.0,3465.2,3466.0,4368.7,4368.7,4368.5,6064.1,6062.3,6063.1,8572.8,8573.3,8572.8,5178.9,5178.6,5180.3,7399.4,7398.7,7399.2,6081.8,6080.6,6080.5,1848.3,1846.8,1847.0,3657.4,3657.6,3658.4,2528.2,2528.0,2528.1,2879.8,2879.6,2879.4,26.969999,25.900000,going to home base
2024-04-13T03:11:49Z,2358.9,2358.1,2358.1,2596.1,2596.0,2596.1,5641.0,5640.7,5640.9,2324.3,2325.0,2325.1,3466.8,3466.8,3466.7,4368.5,4368.3,4368.5,6062.1,6062.1,6062.7,8574.5,8571.2,8573.7,5177.5,5177.8,5178.1,7399.9,7398.7,7397.8,6080.7,6081.8,6082.4,1848.4,1846.9,1847.1,3658.4,3658.1,3659.0,2528.5,2527.6,2527.8,2878.1,2878.6,2878.9,26.969999,25.799999,going to home base
2024-04-13T03:11:54Z,2358.6,2357.8,2358.3,2595.8,2595.0,2595.5,5641.3,5640.7,5641.1,2325.4,2325.6,2326.1,3467.0,3466.7,3466.8,4368.6,4368.5,4368.2,6064.6,6062.7,6065.1,8571.8,8572.4,8571.3,5179.1,5179.9,5179.5,7398.1,7398.6,7398.0,6080.4,6081.3,6080.7,1848.3,1847.0,1846.6,3657.7,3658.2,3658.7,2528.3,2527.8,2528.1,2878.9,2878.9,2878.8,26.940001,25.799999,going to home base
2024-04-13T03:11:59Z,2358.9,2358.7,2358.9,2595.2,2595.2,2595.0,5641.5,5641.2,5641.4,2324.5,2324.9,2325.1,3466.9,3467.2,3466.5,4368.0,4368.0,4368.1,6065.9,6063.9,6064.5,8573.7,8574.3,8573.8,5180.0,5178.9,5180.4,7399.3,7399.4,7397.5,6082.5,6082.2,6081.3,1848.6,1846.9,1846.8,3657.1,3656.9,3658.0,2527.9,2527.0,2527.4,2879.2,2877.9,2879.6,26.959999,25.750000,going to home base
2024-04-13T03:12:09Z,2358.5,2357.8,2358.1,2595.9,2596.1,2596.2,start,26609.5,26613.6,2358.4,2357.5,2358.0,2325.4,2326.0,3733.1,3733.0,87813.9,87798.6,14065.8,14060.4,14052.3,4368.8,4368.7,6062.2,6062.1,6061.2,16413.6,16412.0,33868.1,33887.4,8572.0,8572.4,8574.2,7398.9,7398.2,6082.2,6081.2,6081.3,43404.0,43404.2,3696.6,3697.6,1848.3,1846.4,1846.8,3658.9,2528.3,going to home base
2024-04-13T03:12:19Z,2358.8,2357.9,2358.0,2595.5,2595.3,2595.8,5641.3,5640.5,5640.5,2324.8,2325.0,2325.7,3467.2,3466.2,3465.6,4368.4,4368.4,4368.4,6061.8,6063.3,6062.9,8575.2,8572.1,8573.7,5179.4,5178.4,5180.1,7399.5,7399.0,7399.3,6082.8,6081.6,6082.5,1848.9,1846.7,1846.8,3658.0,3657.6,3658.3,2528.3,2527.7,2527.4,2877.7,2877.2,2876.9,26.940001,25.840000,going to home base
2024-04-13T03:12:24Z,2358.5,2357.9,2357.9,2595.5,2595.3,2595.3,5641.2,5641.3,5641.5,2324.7,2324.6,2325.2,3466.4,3465.6,3466.0,4369.0,4368.2,4367.8,6062.3,6061.5,6062.7,8577.4,8575.7,8576.9,5180.1,5180.4,5180.3,7399.4,7399.1,7398.4,6082.3,6082.6,6083.5,1848.4,1846.9,1846.6,3657.1,3657.4,3658.1,2529.0,2527.9,2527.9,2878.3,2878.1,2878.7,26.959999,25.799999,going to home base
2024-04-13T03:12:29Z,2358.1,2357.5,2357.7,2595.0,2594.9,2595.4,5642.1,5641.8,5641.5,2325.2,2325.2,2325.5,3467.3,3467.6,3467.0,4368.4,4368.2,4368.0,6060.6,6061.4,6061.5,8571.5,8571.1,8571.8,5180.5,5180.4,5181.2,7396.5,7396.5,7397.0,6083.1,6083.8,6085.4,1847.8,1847.1,1846.6,3657.2,3657.7,3658.5,2529.0,2527.9,2528.0,2879.4,2878.3,2879.2,26.940001,25.830000,going to home base
2024-04-13T03:12:34Z,2358.6,2357.9,2358.2,2595.9,2595.5,2596.1,5641.4,5641.2,5641.3,2325.8,2325.6,2325.9,3467.5,3467.4,3467.2,4368.0,4368.0,4367.9,6060.5,6060.2,6059.9,8573.5,8573.9,8574.7,5179.0,5178.0,5180.3,7398.4,7398.1,7396.1,6082.6,6082.6,6082.2,1848.7,1847.5,1847.0,3657.3,3657.4,3658.4,2529.7,2528.6,2528.5,2880.0,2879.2,2879.2,26.940001,25.790001,going to home base
2024-04-13T03:12:39Z,2358.5,2357.6,2358.2,2594.9,2595.1,2595.4,5640.8,5640.1,5640.5,2324.5,2324.2,2324.8,3467.8,3467.3,3467.5,4367.8,4367.9,4367.9,6061.1,6063.2,6063.3,8573.2,8573.7,8573.6,5178.3,5178.8,5179.8,7398.7,7398.7,7398.0,6084.0,6082.1,6083.1,1848.8,1847.4,1847.3,3657.5,3657.4,3657.9,2528.9,2528.0,2528.4,2879.9,2879.4,2879.5,26.959999,25.760000,going to home base
2024-04-13T03:12:44Z,2357.7,2357.7,2357.7,2595.1,2594.6,2594.5,5640.6,5639.8,5640.1,2325.1,2324.9,2325.3,3467.2,3467.2,3466.9,4368.5,4368.2,4368.1,6060.0,6060.2,6059.5,8574.5,8575.2,8574.9,5178.8,5179.1,5179.7,7397.9,7397.8,7398.3,6083.7,6083.4,6083.1,1848.7,1847.1,1847.3,3657.0,3657.1,3657.8,2529.1,2528.3,2528.5,2878.3,2878.1,2878.2,26.980000,25.840000,going to home base
2024-04-13T03:12:49Z,2358.4,2358.1,2358.4,2595.2,2595.1,2595.7,5641.2,5640.9,5640.6,2324.3,2324.2,2324.9,3467.6,3466.8,3466.6,4368.7,4368.6,4368.5,6059.3,6060.0,6060.1,8571.9,8571.6,8572.3,5180.4,5180.3,5180.4,7400.6,7397.6,7397.9,6081.2,6081.7,6082.0,1848.5,1846.7,1846.7,3657.1,3656.8,3658.0,2528.4,2528.3,2528.4,2878.9,2879.1,2879.7,26.930000,25.790001,going to home base
2024-04-13T03:12:54Z,2358.8,2358.0,2358.7,2595.2,2595.3,2595.6,5641.3,5641.3,5641.0,2325.5,2325.5,2326.1,3467.5,3467.0,3467.4,4368.8,4368.4,4368.5,6059.3,6059.2,6058.5,8569.0,8570.6,8571.4,5179.9,5177.9,5178.7,7398.3,7397.7,7396.6,6082.0,6082.6,6081.6,1848.6,1846.7,1847.2,3657.2,3657.7,3658.5,2528.8,2528.1,2528.1,2879.6,2878.1,2878.8,26.959999,25.790001,going to home base
2024-04-13T03:12:59Z,2358.5,2357.5,2357.6,2595.4,2595.1,2595.8,5641.0,5641.1,5641.3,2325.1,2324.8,2325.4,3467.2,3466.6,3466.4,4368.3,4368.1,4368.6,6059.2,6059.0,6060.2,8572.5,8573.0,8571.8,5178.9,5179.0,5179.9,7398.0,7398.5,7397.4,6079.8,6079.5,6080.6,1848.6,1847.1,1847.0,3657.8,3658.1,3658.5,2528.3,2528.1,2527.1,2880.3,2879.7,2879.4,26.910000,25.820000,going to home base
2024-04-13T03:13:04Z,2357.7,2357.1,2357.7,2595.0,2595.1,2595.7,5640.4,5640.4,5640.6,2324.7,2324.9,2325.0,3467.3,3467.3,3466.7,4368.7,4368.9,4368.8,6058.1,6058.9,6060.3,8571.4,8571.5,8571.4,5178.7,5178.0,5180.4,7398.5,7397.9,7397.7,6081.9,6082.9,6083.3,1848.5,1846.9,1846.9,3657.4,3657.2,3657.9,2528.3,2527.4,2527.4,2879.0,2878.6,2878.8,26.940001,25.860001,going to home base
2024-04-13T03:13:09Z,2358.4,2357.7,2357.7,2595.6,2595.1,2595.7,5640.5,5640.0,5640.4,2324.4,2324.8,2325.1,3466.1,3465.9,3465.8,4369.0,4368.6,4368.8,6060.3,6059.4,6060.2,8572.9,8571.5,8573.2,5179.2,5179.2,5180.5,7396.7,7397.1,7397.4,6080.3,6080.6,6080.4,1848.8,1847.1,1847.3,3656.1,3656.7,3657.8,2527.1,2526.5,2526.8,2879.2,2880.2,2880.0,26.940001,25.879999,going to home base
2024-04-13T03:13:14Z,2358.2,2357.4,2358.1,2595.1,2595.6,2595.6,5640.3,5640.0,5640.1,2324.4,2325.2,2325.4,3466.6,3466.4,3465.9,4368.7,4368.6,4368.4,6059.9,6059.5,6060.8,8574.0,8575.3,8574.6,5177.6,5178.0,5178.6,7396.9,7395.8,7395.9,6081.2,6080.9,6082.2,1848.4,1847.2,1846.8,3657.0,3657.1,3658.3,2528.0,2527.3,2527.5,2878.3,2878.1,2878.4,26.940001,25.830000,going to home base
2024-04-13T03:13:19Z,2358.9,2358.3,2358.6,2595.4,2595.7,2595.9,5640.5,5639.8,5640.2,2324.6,2324.7,2325.0,3466.0,3466.0,3466.0,4368.8,4368.5,4368.6,6061.5,6061.4,6061.0,8569.4,8570.9,8572.0,5178.3,5177.9,5179.0,7397.9,7397.9,7398.4,6080.8,6080.0,6080.3,1848.4,1846.9,1846.8,3657.2,3656.8,3657.7,2528.5,2527.3,2527.0,2879.3,2879.7,2880.1,26.959999,25.840000,going to home base
2024-04-13T03:13:24Z,2357.9,2357.5,2357.8,2595.7,2595.4,2595.8,5640.3,5640.3,5640.6,2324.9,2324.4,2325.5,3467.4,3466.9,3466.6,4368.2,4368.0,4367.6,6059.7,6060.1,6060.4,8571.8,8571.4,8572.2,5177.7,5177.1,5179.0,7398.2,7395.9,7397.1,6076.9,6077.0,6076.7,1848.7,1847.4,1847.2,3657.5,3657.0,3658.2,2527.2,2526.5,2526.4,2881.7,2880.8,2881.3,26.969999,25.870001,going to home base
2024-04-13T03:13:29Z,2358.6,2358.1,2358.0,2595.1,2595.1,2595.5,5641.0,5640.9,5640.6,2324.3,2324.5,2325.1,3466.5,3466.1,3466.3,4368.6,4368.6,4368.6,6060.0,6060.0,6058.2,8572.2,8571.6,8573.0,5178.8,5179.6,5179.3,7398.7,7397.9,7399.1,6081.3,6081.6,6082.1,1848.7,1847.2,1846.8,3657.1,3657.2,3658.2,2528.0,2527.6,2527.7,2880.8,2880.3,2880.5,26.959999,25.809999,going to home base
2024-04-13T03:13:34Z,2358.3,2357.7,2357.8,2595.6,2595.1,2595.7,5640.5,5640.3,5640.6,2325.2,2325.5,2326.0,3467.1,3466.2,3466.1,4368.9,4368.6,4368.6,6062.9,6061.8,6063.1,8574.0,8575.2,8574.7,5178.1,5178.4,5179.0,7398.8,7398.7,7398.0,6083.0,6082.7,6083.2,1848.7,1846.8,1846.9,3657.3,3657.0,3658.1,2528.0,2527.2,2527.5,2878.8,2879.0,2879.0,26.940001,25.760000,going to home base
2024-04-13T03:13:39Z,2359.1,2358.0,2358.0,2594.5,2594.8,2595.2,5640.4,5640.3,5640.3,2324.7,2324.5,2324.7,3466.8,3466.2,3466.4,4368.3,4368.0,4368.0,6063.5,6061.7,6062.2,8573.2,8572.6,8573.0,5178.8,5179.3,5180.0,7399.1,7399.1,7399.6,6080.4,6081.4,6082.5,1848.5,1846.8,1846.8,3656.7,3656.8,3658.0,2528.7,2527.9,2527.6,2878.7,2878.3,2878.3,26.959999,25.770000,going to home base
2024-04-13T03:13:44Z,2358.3,2358.6,2359.0,2595.5,2595.0,2595.4,5641.0,5640.4,5640.6,2325.3,2324.9,2325.7,3467.3,3466.6,3466.5,4368.1,4368.4,4368.2,6065.4,6064.2,6063.7,8574.9,8575.6,8574.8,5179.4,5178.9,5180.1,7397.7,7396.3,7397.0,6080.3,6081.7,6080.1,1848.0,1847.1,1846.4,3657.2,3657.2,3658.0,2528.2,2527.6,2527.7,2880.7,2880.6,2879.0,26.940001,25.790001,going to home base
2024-04-13T03:13:49Z,2358.7,2358.4,2358.5,2594.8,2595.1,2594.9,5641.2,5640.3,5640.6,2325.0,2325.3,2325.5,3467.2,3466.4,3466.7,4367.7,4368.0,4368.1,6061.9,6060.6,6062.4,8574.4,8572.9,8573.4,5177.6,5177.3,5178.9,7398.8,7398.0,7398.6,6080.4,6080.3,6081.7,1848.5,1846.9,1846.3,3656.6,3656.8,3657.7,2527.9,2527.6,2528.0,2879.6,2879.4,2878.8,26.940001,25.830000,going to home base
2024-04-13T03:13:54Z,2359.0,2358.4,2358.6,2594.4,2594.5,2595.2,5640.7,5640.4,5640.9,2324.6,2324.1,2324.6,3466.7,3466.3,3466.6,4368.0,4368.3,4368.0,6060.9,6059.4,6060.7,8573.1,8571.4,8571.8,5177.1,5176.9,5178.5,7397.6,7396.0,7396.5,6081.6,6082.0,6080.2,1848.1,1846.2,1846.3,3656.7,3656.6,3657.7,2528.9,2528.5,2527.9,2879.4,2879.1,2878.7,26.940001,25.799999,going to home base
2024-04-13T03:13:59Z,2359.7,2359.0,2358.8,2594.6,2595.0,2595.6,5640.8,5640.1,5640.6,2324.4,2324.0,2325.0,3465.8,3466.1,3465.7,4368.0,4367.9,4368.2,6065.1,6063.9,6064.0,8572.2,8571.4,8573.1,5178.2,5178.3,5178.6,7398.1,7398.3,7398.4,6083.5,6082.4,6082.9,1848.0,1846.0,1846.2,3657.5,3656.9,3657.9,2528.8,2528.0,2528.1,2879.8,2879.7,2879.0,26.940001,25.760000,going to home base
2024-04-13T03:14:04Z,2358.9,2358.3,2358.4,2595.3,2594.6,2594.9,5640.9,5640.0,5640.5,2324.5,2324.5,2324.5,3466.4,3466.1,3466.0,4368.1,4367.7,4368.6,6059.9,6060.9,6060.7,8570.4,8570.6,8572.2,5178.9,5178.9,5179.6,7399.5,7398.7,7398.8,6082.1,6081.7,6082.1,1848.3,1846.9,1846.8,3657.4,3657.2,3658.1,2528.6,2527.7,2527.6,2879.6,2879.0,2879.3,26.959999,25.730000,going to home base
2024-04-13T03:14:09Z,2359.2,2358.1,2358.4,2594.6,2595.3,2595.4,5640.4,5640.5,5640.4,2323.9,2324.0,2324.4,3465.7,3465.9,3465.8,4368.2,4367.6,4367.8,6060.4,6061.2,6060.1,8572.5,8571.2,8571.0,5178.6,5177.6,5179.4,7400.7,7398.5,7399.4,6080.8,6081.0,6080.1,1848.1,1846.6,1846.7,3657.3,3657.5,3658.6,2527.5,2527.1,2527.1,2879.4,2878.9,2879.1,26.940001,25.770000,going to home base
2024-04-13T03:14:14Z,2359.0,2358.2,2358.7,2595.7,2595.3,2595.9,5640.3,5640.0,5640.2,2324.2,2324.3,2324.4,3466.2,3465.7,3465.6,4368.2,4367.7,4368.0,6059.9,6061.5,6058.1,8572.5,8571.7,8571.8,5178.1,5178.3,5179.9,7400.2,7397.8,7397.5,6081.5,6078.7,6080.0,1848.0,1846.5,1846.4,3656.7,3657.1,3658.1,2527.8,2526.8,2527.0,2879.4,2879.1,2879.9,26.940001,25.790001,going to home base
2024-04-13T03:14:19Z,2358.4,2357.8,2357.8,2594.9,2595.3,2595.6,5641.3,5640.7,5641.0,2325.3,2324.8,2325.1,3466.0,3466.4,3465.8,4367.6,4367.3,4367.0,6060.2,6059.0,6060.5,8570.5,8570.2,8569.8,5179.0,5178.0,5178.6,7398.9,7397.9,7398.5,6083.1,6082.2,6082.7,1848.4,1847.1,1846.6,3657.2,3657.1,3657.5,2528.1,2527.1,2526.7,2879.0,2879.4,2879.6,26.959999,25.750000,going to home base
2024-04-13T03:14:24Z,2358.9,2358.3,2358.6,2595.0,2594.8,2595.9,5640.8,5640.0,5640.6,2324.8,2324.6,2324.8,3466.3,3465.5,3466.1,4368.2,4368.1,4367.9,6061.2,6062.2,6063.0,8572.5,8571.9,8573.0,5179.1,5178.7,5179.2,7399.4,7399.3,7398.9,6081.6,6080.5,6079.9,1848.1,1846.8,1846.4,3657.3,3657.3,3658.3,2528.0,2527.2,2526.8,2880.0,2879.6,2879.1,26.930000,25.750000,going to home base
2024-04-13T03:14:29Z,2358.4,2357.8,2357.8,2595.5,2594.9,2595.3,5640.2,5640.2,5639.8,2324.8,2324.4,2325.1,3466.3,3465.6,3466.0,4368.0,4367.7,4367.8,6063.7,6063.8,6063.6,8574.8,8572.0,8574.7,5178.0,5177.7,5178.8,7401.0,7398.7,7399.6,6080.3,6081.0,6081.9,1848.9,1847.2,1847.2,3657.1,3656.9,3658.1,2528.0,2527.6,2527.5,2878.8,2878.5,2878.7,26.940001,25.730000,going to home base
2024-04-13T03:14:34Z,2357.2,2356.7,2357.0,2595.0,2595.1,2595.0,5640.1,5639.8,5640.0,2324.0,2324.2,2324.5,3467.2,3466.6,3466.4,4368.1,4368.1,4367.7,6063.8,6062.1,6061.7,8572.2,8571.0,8572.3,5178.3,5177.9,5178.3,7398.7,7396.6,7396.3,6079.4,6078.4,6080.4,1848.4,1846.6,1846.9,3656.9,3656.7,3657.5,2528.3,2528.1,2527.2,2879.3,2878.8,2878.9,26.930000,25.750000,going to home base
2024-04-13T03:14:39Z,2358.3,2357.4,2357.5,2594.9,2595.2,2595.6,5639.9,5639.7,5639.9,2325.2,2325.4,2325.1,3466.3,3465.9,3465.7,4367.5,4367.7,4367.4,6059.5,6059.1,6059.8,8571.5,8574.7,8572.4,5178.1,5178.1,5179.7,7397.8,7397.7,7398.3,6079.5,6079.0,6079.6,1847.5,1847.0,1847.1,3656.6,3657.0,3658.0,2527.1,2527.0,2526.8,2877.8,2877.1,2877.8,26.930000,25.750000,going to home base
2024-04-13T03:14:44Z,2358.0,2357.6,2357.4,2595.1,2595.1,2595.9,5640.8,5640.3,5640.8,2324.3,2324.2,2325.0,3467.5,3466.8,3466.4,4367.1,4367.2,4367.0,6062.8,6063.2,6064.1,8575.6,8572.1,8572.9,5178.7,5177.2,5178.5,7397.3,7396.0,7397.1,6079.7,6080.5,6080.7,1848.7,1847.1,1846.8,3656.5,3656.6,3657.4,2527.2,2526.2,2527.2,2879.3,2878.3,2879.1,26.940001,25.690001,going to home base
2024-04-13T03:14:49Z,2358.0,2357.3,2358.2,2595.0,2595.2,2595.4,5640.5,5639.7,5640.0,2325.1,2325.3,2325.6,3467.2,3466.9,3466.9,4368.0,4367.7,4367.5,6063.1,6062.8,6063.6,8572.0,8571.8,8573.1,5178.7,5179.5,5179.4,7398.8,7396.6,7397.0,6076.7,6075.5,6077.3,1848.2,1846.9,1846.9,3656.4,3656.9,3657.4,2527.7,2526.3,2526.8,2877.9,2877.4,2877.9,26.959999,25.719999,going to home base
2024-04-13T03:14:54Z,2357.9,2357.1,2357.4,2594.6,2595.0,2595.2,5640.3,5640.1,5640.0,2325.5,2325.2,2325.6,3465.4,3465.0,3465.3,4367.4,4367.4,4367.3,6059.3,6061.4,6062.3,8572.0,8572.7,8572.7,5177.3,5176.7,5177.4,7396.2,7395.1,7393.7,6080.1,6078.3,6078.3,1848.0,1846.7,1846.6,3656.3,3656.5,3658.1,2528.3,2526.9,2527.5,2879.4,2878.8,2879.9,26.930000,25.719999,going to home base
2024-04-13T03:14:59Z,2357.9,2357.5,2357.5,2595.4,2595.4,2595.3,5640.0,5639.3,5640.0,2324.0,2324.2,2324.9,3465.8,3465.6,3464.9,4367.1,4366.7,4366.6,6062.8,6062.3,6063.4,8572.0,8570.6,8570.4,5179.3,5178.8,5180.6,7400.0,7399.0,7398.7,6077.5,6077.0,6078.5,1848.5,1847.1,1847.1,3656.3,3656.2,3656.9,2528.5,2527.5,2527.3,2878.9,2878.8,2878.7,26.959999,25.730000,going to home base
2024-04-13T03:15:04Z,2357.8,2357.0,2357.2,2595.3,2594.7,2595.1,5640.9,5640.4,5640.0,2324.4,2324.1,2324.7,3465.5,3464.8,3465.5,4367.6,4367.1,4367.1,6061.2,6060.6,6060.1,8572.3,8571.5,8572.5,5178.5,5180.5,5179.5,7400.0,7398.9,7398.4,6077.1,6079.2,6078.1,1848.7,1847.6,1847.4,3656.8,3656.7,3657.6,2527.8,2527.9,2528.5,2879.9,2878.6,2879.4,26.930000,25.730000,going to home base
2024-04-13T03:15:09Z,2358.3,2357.8,2358.0,2595.4,2595.3,2595.3,5640.6,5639.6,5640.2,2323.9,2324.0,2324.7,3465.9,3464.8,3465.3,4367.1,4367.4,4367.5,6060.2,6061.3,6063.0,8573.6,8571.5,8571.0,5177.3,5176.4,5177.8,7397.4,7397.3,7398.5,6078.4,6079.0,6079.2,1848.3,1846.7,1846.7,3657.4,3657.7,3658.3,2527.3,2526.5,2526.5,2878.2,2877.9,2878.3,26.940001,25.760000,going to home base
2024-04-13T03:15:14Z,2358.2,2357.6,2358.1,2595.1,2595.5,2595.8,5640.6,5640.1,5640.3,2324.3,2324.5,2324.9,3465.4,3464.9,3464.7,4367.1,4367.0,4366.9,6062.6,6060.6,6061.6,8569.8,8568.4,8569.4,5179.2,5178.7,5179.7,7397.6,7396.2,7397.7,6079.8,6079.8,6079.0,1848.5,1847.0,1846.8,3656.4,3655.8,3657.3,2528.1,2526.5,2527.0,2878.6,2878.1,2878.8,26.930000,25.809999,going to home base
2024-04-13T03:15:19Z,2358.6,2358.2,2358.7,2595.9,2595.9,2596.4,5640.0,5639.2,5639.8,2324.0,2323.9,2324.2,3465.3,3465.6,3465.2,4367.1,4367.0,4367.0,6059.6,6058.0,6059.7,8569.8,8569.2,8570.7,5177.5,5177.3,5177.9,7397.8,7397.7,7397.5,6078.1,6078.6,6078.2,1848.2,1846.4,1846.7,3656.8,3656.7,3657.6,2528.5,2527.6,2527.5,2879.5,2880.4,2879.4,26.959999,25.790001,going to home base
2024-04-13T03:15:24Z,2358.5,2357.6,2358.1,2594.9,2594.9,2594.8,5639.7,5639.5,5639.4,2323.8,2324.0,2324.2,3465.9,3465.6,3465.1,4367.5,4366.8,4366.7,6061.4,6059.8,6060.0,8572.8,8571.0,8571.1,5177.6,5177.5,5178.0,7397.1,7395.7,7395.9,6078.7,6079.6,6079.1,1847.6,1846.0,1846.1,3656.4,3656.6,3657.1,2527.7,2527.1,2527.3,2879.6,2879.4,2879.1,26.940001,25.760000,going to home base
2024-04-13T03:15:29Z,2358.3,2357.5,2358.1,2595.0,2594.5,2595.2,5639.5,5640.1,5639.8,2324.2,2324.3,2324.5,3466.2,3465.8,3465.8,4367.1,4367.2,4366.8,6059.1,6061.4,6062.0,8571.9,8569.1,8569.9,5177.2,5176.5,5178.0,7397.2,7395.4,7395.4,6078.6,6078.9,6077.8,1848.0,1846.7,1846.6,3656.4,3656.5,3657.9,2527.9,2527.3,2527.5,2879.4,2878.7,2879.0,26.910000,25.750000,going to home base
2024-04-13T03:15:34Z,2358.7,2357.9,2358.2,2595.2,2595.6,2595.6,5639.9,5639.2,5639.6,2324.7,2324.3,2324.6,3465.5,3465.1,3464.9,4367.0,4367.3,4366.9,6062.1,6063.3,6064.2,8571.4,8572.5,8572.6,5177.1,5177.4,5178.4,7397.5,7396.9,7396.4,6076.9,6076.3,6076.7,1848.4,1846.8,1846.7,3656.6,3656.9,3658.4,2528.4,2527.6,2527.3,2879.6,2878.7,2879.1,26.940001,25.809999,going to home base
2024-04-13T03:15:39Z,2358.9,2358.1,2358.5,2595.1,2595.2,2595.3,5639.1,5639.3,5639.3,2324.2,2324.5,2324.9,3464.6,3464.1,3464.1,4367.0,4367.0,4366.7,6062.0,6061.0,6063.0,8572.0,8573.2,8573.2,5176.5,5176.9,5176.7,7395.9,7395.9,7394.6,6078.0,6079.7,6077.6,1848.8,1847.2,1846.7,3657.1,3657.2,3658.2,2528.0,2526.9,2527.3,2878.9,2877.7,2878.4,26.959999,25.770000,going to home base
2024-04-13T03:15:44Z,2358.0,2357.5,2357.8,2594.7,2594.5,2594.9,5640.3,5639.7,5639.7,2324.7,2324.5,2325.1,3465.3,3464.8,3464.8,4366.6,4366.9,4366.7,6062.5,6063.5,6062.7,8569.4,8570.2,8569.4,5176.1,5176.0,5177.2,7397.2,7396.8,7395.9,6077.7,6077.4,6078.6,1848.3,1847.0,1847.0,3656.6,3656.8,3657.7,2528.2,2527.4,2527.3,2877.6,2876.7,2877.7,26.940001,25.799999,going to home base
2024-04-13T03:15:49Z,2357.8,2357.2,2357.1,2594.5,2594.6,2595.2,5639.9,5639.4,5639.2,2324.3,2324.5,2324.9,3465.0,3465.4,3465.2,4367.2,4367.2,4367.3,6060.4,6060.6,6061.8,8570.7,8570.4,8570.0,5178.0,5177.2,5177.9,7396.8,7395.9,7396.8,6080.2,6081.4,6079.2,1847.8,1846.2,1846.1,3657.3,3656.4,3657.3,2527.1,2526.8,2527.1,2878.1,2877.8,2877.9,26.959999,25.770000,going to home base
2024-04-13T03:15:54Z,2357.8,2357.1,2357.2,2594.7,2595.2,2595.5,5639.7,5638.8,5639.0,2324.4,2324.8,2325.6,3465.2,3464.7,3464.8,4367.6,4367.4,4367.5,6061.2,6061.2,6060.7,8569.4,8569.1,8569.3,5178.9,5178.5,5179.6,7396.8,7396.1,7398.2,6078.7,6078.7,6079.0,1847.3,1845.8,1845.7,3657.3,3657.2,3658.2,2527.1,2526.1,2526.6,2878.0,2877.7,2878.5,26.940001,25.680000,going to home base
2024-04-13T03:15:59Z,2357.7,2356.9,2357.5,2595.1,2594.9,2595.9,5639.2,5639.3,5639.2,2324.5,2324.4,2324.9,3465.3,3465.2,3465.0,4367.6,4367.2,4367.3,6060.6,6059.6,6060.0,8570.9,8571.0,8570.8,5178.4,5177.5,5178.7,7398.2,7398.6,7397.2,6080.3,6080.4,6080.2,1847.7,1846.0,1846.0,3657.0,3657.2,3657.8,2527.8,2526.8,2526.6,2878.1,2878.2,2878.4,26.959999,25.680000,going to home base
2024-04-13T03:16:04Z,2357.8,2357.1,2357.3,2595.1,2594.8,2595.4,5639.4,5639.0,5639.6,2323.9,2324.4,2324.5,3465.9,3465.4,3465.4,4367.4,4367.5,4367.1,6060.9,6059.0,6060.5,8572.1,8568.6,8571.4,5179.3,5178.5,5179.6,7398.2,7398.2,7395.8,6079.4,6080.2,6078.4,1847.4,1846.1,1845.8,3657.4,3657.2,3657.9,2527.1,2525.9,2526.6,2877.7,2877.1,2877.6,26.940001,25.690001,going to home base
2024-04-13T03:16:09Z,2357.9,2357.6,2357.6,2594.7,2594.6,2595.2,5639.6,5638.9,5639.0,2324.5,2324.5,2325.0,3465.6,3465.3,3465.6,4366.9,4366.9,4367.1,6060.2,6060.0,6061.2,8571.6,8571.6,8569.8,5179.4,5180.1,5179.5,7400.1,7398.6,7399.3,6080.0,6079.0,6080.7,1847.8,1846.2,1846.4,3656.5,3656.6,3657.3,2527.9,2526.8,2526.6,2878.1,2877.4,2878.1,26.930000,25.690001,going to home base
2024-04-13T03:16:14Z,2357.5,2357.3,2357.7,2595.7,2595.3,2596.0,5639.4,5638.9,5639.0,2324.2,2324.3,2324.7,3465.0,3464.3,3464.6,4367.3,4367.0,4367.1,6058.7,6059.4,6060.9,8573.5,8571.6,8570.7,5178.0,5178.3,5179.1,7396.5,7396.8,7397.7,6078.8,6077.8,6078.8,1847.7,1846.4,1845.9,3655.9,3656.3,3657.1,2526.6,2525.8,2525.5,2877.0,2876.3,2877.2,26.930000,25.690001,going to home base
2024-04-13T03:16:19Z,2358.2,2357.5,2357.6,2595.1,2594.5,2595.0,5639.6,5638.9,5639.5,2324.2,2324.5,2324.8,3465.9,3465.5,3464.9,4367.2,4367.0,4366.9,6059.1,6060.2,6060.9,8571.5,8571.1,8570.4,5177.1,5177.7,5178.1,7398.4,7396.1,7395.9,6079.0,6079.6,6078.7,1847.5,1845.9,1845.9,3656.8,3656.7,3657.6,2527.9,2527.2,2526.6,2876.5,2876.6,2877.1,26.910000,25.730000,going to home base
2024-04-13T03:16:24Z,2357.8,2356.9,2357.0,2595.1,2594.5,2595.3,5639.5,5639.0,5639.1,2323.9,2323.9,2324.7,3465.9,3465.4,3465.2,4366.7,4366.4,4366.4,6060.7,6061.7,6061.7,8571.0,8570.2,8570.6,5178.2,5178.6,5179.1,7398.2,7398.0,7397.5,6078.0,6076.6,6078.9,1848.2,1846.9,1846.8,3656.7,3656.9,3657.8,2527.5,2526.3,2526.4,2877.1,2876.5,2877.0,26.930000,25.690001,going to home base
2024-04-13T03:16:29Z,2357.6,2356.8,2357.0,2595.3,2595.2,2595.7,5639.2,5638.4,5638.5,2324.5,2324.0,2324.6,3466.5,3466.5,3465.6,4366.9,4366.9,4366.4,6061.5,6061.1,6061.8,8572.4,8572.3,8570.5,5179.8,5179.5,5179.5,7397.1,7395.3,7396.0,6082.9,6081.9,6081.6,1847.5,1846.2,1846.0,3657.0,3656.9,3657.6,2526.7,2526.5,2526.3,2877.9,2877.5,2877.1,26.940001,25.700001,going to home base
2024-04-13T03:16:34Z,2357.4,2357.0,2357.3,2594.9,2594.8,2595.4,5639.2,5638.6,5638.3,2324.0,2323.5,2324.4,3465.9,3465.0,3465.1,4367.3,4366.6,4367.0,6060.9,6060.2,6059.6,8572.1,8571.4,8572.5,5177.6,5177.9,5178.5,7398.0,7395.6,7395.7,6078.9,6077.8,6079.0,1847.9,1846.3,1846.3,3656.3,3656.2,3656.5,2526.8,2526.4,2526.6,2877.0,2876.7,2877.0,26.930000,25.700001,going to home base
2024-04-13T03:16:39Z,2357.5,2356.7,2356.9,2595.3,2595.4,2595.3,5638.8,5639.0,5639.2,2324.6,2324.6,2324.9,3466.8,3466.1,3466.4,4367.0,4367.2,4367.0,6057.3,6056.2,6056.7,8574.0,8573.7,8574.0,5178.3,5178.2,5178.9,7396.3,7396.2,7398.2,6077.9,6077.6,6078.5,1848.3,1846.6,1846.4,3656.6,3656.6,3657.5,2526.8,2526.3,2526.4,2877.3,2876.8,2877.6,26.910000,25.700001,going to home base
2024-04-13T03:16:44Z,2357.1,2356.6,2356.7,2594.6,2594.2,2595.0,5638.8,5638.0,5638.3,2325.1,2324.7,2325.1,3465.6,3465.6,3465.5,4366.8,4367.0,4366.8,6059.6,6058.1,6057.9,8572.9,8571.0,8573.0,5176.7,5177.1,5177.9,7396.5,7395.5,7396.1,6077.7,6077.4,6077.8,1847.7,1846.0,1846.2,3656.1,3656.1,3657.3,2527.5,2526.7,2527.2,2877.6,2877.4,2877.2,26.940001,25.700001,going to home base
2024-04-13T03:16:49Z,2357.3,2356.7,2356.7,2594.7,2594.6,2595.1,5639.1,5638.6,5638.4,2325.1,2324.7,2325.4,3466.1,3465.7,3465.6,4367.3,4367.2,4367.1,6057.1,6056.2,6057.0,8572.9,8572.5,8571.4,5178.4,5178.3,5179.1,7398.5,7397.5,7397.6,6079.0,6078.5,6079.7,1847.7,1846.4,1846.4,3656.5,3656.9,3657.2,2527.1,2526.7,2526.3,2878.5,2878.0,2878.5,26.959999,25.730000,going to home base
2024-04-13T03:16:54Z,2357.7,2357.1,2357.2,2594.8,2594.8,2595.4,5638.1,5637.6,5637.8,2324.4,2324.1,2324.7,3465.3,3465.4,3465.4,4366.7,4366.3,4366.1,6059.0,6058.5,6058.6,8571.4,8567.4,8568.3,5177.1,5177.4,5177.2,7396.9,7397.5,7395.6,6076.1,6077.8,6077.5,1847.6,1846.6,1846.6,3655.7,3655.8,3656.7,2526.5,2526.1,2526.5,2878.4,2877.5,2877.1,26.940001,25.730000,going to home base
2024-04-13T03:17:04Z,2356.8,2356.5,2356.6,2594.4,2595.0,2594.8,5638.2,5638.3,5637.6,2324.8,2325.0,2325.2,3465.4,3465.0,3464.9,4367.0,4366.7,4366.7,6059.6,6060.0,6059.0,8567.6,8568.5,8568.8,5176.5,5177.4,5178.2,7396.4,7395.8,7394.8,6079.3,6079.5,6080.2,1847.3,1846.0,1846.2,3656.9,3656.8,3657.8,2527.8,2526.4,2526.3,2878.6,2877.7,2877.6,26.930000,25.750000,going to home base
2024-04-13T03:17:09Z,2357.1,2356.7,2356.8,2594.5,2594.8,2595.1,5638.9,5638.1,5638.3,2324.5,2324.4,2325.1,3465.1,3464.8,3464.7,4367.0,4366.9,4366.7,6058.0,6059.1,6059.4,8568.2,8569.7,8569.1,5176.1,5176.0,5176.3,7394.5,7395.7,7396.4,6080.9,6079.8,6080.1,1847.0,1845.6,1845.4,3656.5,3656.4,3657.6,2527.4,2527.1,2527.1,2878.9,2878.2,2878.7,26.910000,25.760000,going to home base
2024-04-13T03:17:14Z,2357.0,2356.4,2356.4,2594.9,2594.5,2595.2,5639.0,5638.2,5638.3,2324.2,2324.0,2324.7,3465.7,3465.5,3465.1,4366.8,4366.6,4366.7,6060.6,6059.6,6061.1,8571.3,8571.9,8576.4,5178.0,5177.5,5177.7,7396.8,7395.3,7395.0,6078.8,6078.4,6080.3,1846.9,1845.7,1846.0,3656.6,3656.8,3657.6,2527.4,2526.5,2526.4,2878.5,2878.8,2878.8,26.930000,25.730000,going to home base
2024-04-13T03:17:19Z,2357.2,2356.3,2356.8,2595.1,2594.6,2595.1,5638.5,5638.0,5637.8,2324.5,2324.0,2324.7,3465.2,3464.7,3464.2,4367.0,4366.8,4366.4,6061.4,6059.7,6062.1,8569.8,8571.5,8571.0,5177.4,5177.0,5177.3,7398.5,7398.0,7399.6,6078.6,6076.6,6079.0,1847.7,1846.2,1846.0,3656.3,3656.3,3657.1,2527.5,2526.9,2527.2,2879.3,2878.3,2879.1,26.930000,25.680000,going to home base
2024-04-13T03:17:24Z,2357.4,2356.6,2356.4,2594.8,2594.8,2595.2,5638.6,5637.9,5638.1,2324.4,2324.2,2324.7,3464.7,3464.9,3464.8,4367.8,4367.4,4367.3,6060.2,6060.6,6060.9,8570.7,8570.1,8570.1,5176.8,5175.8,5177.0,7399.1,7398.6,7398.8,6078.7,6078.5,6079.1,1847.1,1845.9,1845.8,3655.7,3655.8,3656.5,2527.0,2526.0,2526.8,2877.7,2877.2,2877.1,26.930000,25.700001,going to home base
2024-04-13T03:17:29Z,2357.2,2356.6,2356.8,2594.6,2595.0,2595.2,5638.5,5638.0,5638.0,2324.6,2324.6,2324.7,3466.0,3465.5,3465.4,4366.8,4366.6,4367.2,6061.7,6061.8,6062.6,8573.6,8571.4,8573.0,5177.6,5177.5,5178.0,7395.9,7394.8,7394.6,6079.6,6081.1,6079.7,1847.4,1846.3,1846.3,3655.9,3655.7,3656.5,2527.6,2527.0,2527.6,2876.6,2876.4,2877.0,26.940001,25.700001,going to home base
2024-04-13T03:17:34Z,2358.2,2357.6,2357.4,2594.6,2594.3,2595.0,5638.3,5637.6,5638.0,2324.7,2324.7,2325.5,3465.8,3465.1,3465.6,4367.0,4367.1,4366.8,6059.8,6058.1,6060.9,8571.4,8572.3,8569.2,5176.0,5176.8,5176.8,7395.3,7394.6,7395.5,6078.0,6079.3,6079.8,1847.3,1845.9,1845.7,3656.2,3656.2,3657.1,2527.2,2526.6,2526.1,2877.0,2876.8,2877.3,26.910000,25.680000,going to home base
2024-04-13T03:17:39Z,2358.5,2356.8,2357.3,2594.2,2593.5,2594.4,5637.7,5637.7,5638.3,2323.9,2324.2,2324.7,3466.0,3465.5,3465.9,4366.6,4366.7,4366.5,6057.5,6056.8,6057.1,8570.4,8569.9,8569.5,5176.8,5176.8,5176.5,7397.1,7395.5,7395.7,6078.9,6078.9,6079.5,1847.7,1846.3,1846.1,3656.6,3656.5,3657.3,2526.6,2525.8,2526.2,2877.6,2877.1,2877.4,26.910000,25.660000,going to home base
2024-04-13T03:17:44Z,2357.5,2356.3,2356.6,2594.0,2593.9,2594.0,5638.1,5637.9,5637.9,2324.8,2325.4,2325.5,3464.9,3464.1,3464.1,4366.8,4366.5,4366.5,6058.9,6058.9,6059.4,8572.9,8572.6,8571.1,5175.7,5176.0,5176.5,7395.2,7394.2,7394.9,6079.7,6078.4,6079.3,1847.7,1846.1,1846.3,3656.2,3656.1,3657.0,2526.9,2526.5,2526.3,2877.5,2876.6,2877.2,26.910000,25.719999,going to home base
2024-04-13T03:17:54Z,2358.0,2357.2,2357.3,2594.2,2594.3,2594.7,5638.8,5638.4,5637.9,2324.0,2323.6,2324.3,3465.5,3465.0,3464.6,4366.4,4366.1,4366.2,6058.5,6060.4,6060.4,8572.4,8572.9,8571.8,5175.1,5175.2,5175.3,7395.1,7393.5,7395.3,6078.1,6077.6,6077.5,1847.3,1846.3,1846.0,3656.0,3656.0,3657.1,2527.8,2526.2,2526.8,2876.3,2875.5,28start,2357.0,2356.2,going to home base
2024-04-13T03:18:04Z,2357.5,2357.2,2357.7,2594.6,2594.4,2594.5,5638.2,5637.7,5637.9,2324.9,2324.4,2324.7,3464.4,3464.2,3464.3,4366.3,4365.9,4365.9,6059.9,6059.8,6060.2,8569.9,8570.5,8569.8,5176.4,5176.4,5177.0,7395.1,7393.6,7394.7,6078.5,6079.1,6078.5,1847.0,1845.5,1845.7,3657.3,3656.9,3657.8,2526.5,2525.9,2526.0,2876.7,2876.6,2876.1,26.940001,25.790001,going to home base
2024-04-13T03:18:09Z,2357.7,2356.8,2357.3,2594.9,2594.8,2595.0,5638.8,5638.0,5638.1,2324.6,2324.6,2325.3,3465.0,3464.5,3464.6,4366.8,4366.7,4366.4,6058.5,6057.9,6058.4,8570.4,8570.8,8571.8,5177.1,5176.8,5177.8,7394.7,7395.4,7394.6,6076.7,6078.3,6078.4,1846.8,1845.2,1845.7,3656.4,3656.2,3657.1,2526.1,2525.8,2525.9,2877.6,2877.6,2877.9,26.930000,25.760000,going to home base
2024-04-13T03:18:14Z,2357.7,2357.3,2357.0,2594.0,2594.5,2594.2,5637.9,5637.4,5637.5,2324.3,2324.1,2324.2,3464.1,3464.4,3464.8,4366.5,4366.5,4366.5,6058.8,6058.4,6058.1,8568.9,8569.5,8569.0,5177.5,5178.3,5178.6,7394.5,7393.0,7393.4,6079.5,6078.2,6080.8,1847.2,1845.7,1845.4,3655.7,3656.1,3656.7,2526.5,2525.9,2526.2,2875.9,2875.7,2875.7,26.940001,25.700001,going to home base
2024-04-13T03:18:19Z,2357.0,2356.4,2356.3,2593.9,2594.7,2594.7,5637.6,5637.1,5637.6,2323.9,2323.8,2323.8,3464.8,3465.1,3464.7,4366.5,4367.0,4366.5,6059.2,6060.6,6060.0,8567.3,8567.8,8568.6,5178.3,5177.0,5178.2,7394.9,7394.8,7393.9,6080.1,6078.8,6079.9,1847.7,1846.0,1846.0,3656.7,3656.7,3657.8,2527.4,2526.0,2526.7,2876.5,2876.0,2876.8,26.910000,25.730000,going to home base
2024-04-13T03:18:24Z,2357.4,2357.3,2356.9,2594.9,2594.1,2594.3,5637.3,5637.1,5637.0,2324.3,2323.9,2324.2,3464.7,3465.0,3464.7,4367.0,4366.4,4367.1,6060.1,6058.5,6059.0,8570.9,8568.9,8571.1,5174.3,5174.7,5175.4,7396.1,7396.7,7395.9,6077.7,6079.3,6078.8,1847.2,1845.9,1845.6,3656.3,3656.1,3657.1,2527.4,2526.5,2526.6,2876.3,2876.2,2876.4,26.940001,25.719999,going to home base
2024-04-13T03:18:29Z,2357.3,2356.9,2357.3,2593.9,2593.8,2594.5,5637.9,5637.6,5637.5,2324.1,2324.1,2324.4,3464.9,3464.4,3464.7,4366.6,4366.4,4366.5,6057.8,6057.6,6058.2,8570.6,8570.8,8571.3,5175.9,5175.1,5177.5,7394.2,7392.7,7393.9,6081.1,6080.7,6080.4,1847.1,1845.5,1845.2,3656.6,3657.2,3657.5,2526.3,2526.4,2526.3,2875.5,2874.8,2875.8,26.930000,25.719999,going to home base
2024-04-13T03:18:34Z,2356.5,2356.1,2356.2,2594.4,2594.3,2594.7,5637.9,5637.4,5637.6,2323.8,2324.1,2324.1,3464.1,3463.6,3464.0,4366.3,4366.0,4366.4,6058.9,6058.2,6059.1,8569.3,8569.4,8570.0,5177.1,5176.7,5177.6,7397.0,7392.8,7395.6,6078.6,6080.0,6080.2,1847.5,1846.3,1846.3,3656.0,3656.8,3656.6,2526.7,2526.1,2526.3,2876.1,2875.9,2876.1,26.930000,25.719999,going to home base
2024-04-13T03:18:39Z,2357.7,2357.1,2357.6,2594.0,2593.6,2594.1,5637.7,5637.4,5637.6,2323.6,2323.8,2324.4,3464.8,3464.3,3464.2,4366.0,4366.0,4366.0,6058.0,6057.1,6058.5,8571.5,8570.6,8570.3,5177.8,5177.0,5179.1,7397.6,7396.5,7395.9,6079.4,6078.0,6078.8,1847.5,1845.9,1846.0,3656.5,3656.7,3657.1,2527.1,2526.0,2526.2,2875.5,2874.7,2875.4,26.910000,25.690001,going to home base
2024-04-13T03:18:44Z,2357.6,2356.6,2357.2,2593.5,2593.2,2594.1,5638.5,5637.8,5637.9,2324.4,2324.3,2324.5,3464.1,3463.9,3464.4,4366.2,4365.5,4365.7,6059.5,6060.2,6060.9,8570.8,8567.4,8567.8,5176.1,5176.4,5177.6,7398.4,7396.6,7395.6,6081.4,6079.4,6080.2,1846.9,1845.0,1845.2,3656.8,3656.1,3657.3,2527.6,2526.7,2526.8,2875.4,2874.5,2875.3,26.930000,25.660000,going to home base
2024-04-13T03:18:49Z,2358.5,2357.7,2357.9,2593.3,2593.2,2593.5,5638.0,5637.6,5637.9,2324.5,2324.4,2324.6,3464.9,3464.2,3464.3,4365.2,4365.1,4365.4,6059.0,6057.1,6058.6,8570.7,8570.7,8569.4,5175.5,5175.4,5176.5,7395.1,7395.1,7396.6,6076.8,6077.4,6077.7,1846.5,1845.3,1845.2,3656.0,3656.1,3656.8,2527.2,2526.0,2526.8,2877.2,2876.6,2876.5,26.930000,25.700001,going to home base
2024-04-13T03:18:54Z,2357.5,2357.3,2357.4,2593.9,2593.6,2594.1,5638.4,5638.3,5638.2,2324.2,2323.9,2324.0,3464.4,3464.3,3464.4,4365.8,4365.6,4365.7,6059.2,6059.1,6060.9,8568.9,8569.3,8569.2,5176.1,5176.5,5175.9,7396.5,7394.3,7396.1,6079.7,6080.4,6079.4,1847.1,1845.2,1845.3,3656.1,3655.4,3657.1,2527.7,2526.6,2526.4,2876.5,2876.8,2876.4,26.900000,25.660000,going to home base
2024-04-13T03:18:59Z,2357.6,2357.2,2357.4,2594.0,2593.8,2594.0,5638.0,5637.2,5637.6,2324.3,2324.4,2324.6,3465.6,3464.9,3464.9,4365.8,4365.5,4365.7,6057.4,6059.1,6058.1,8570.1,8569.8,8570.0,5177.0,5176.4,5177.0,7395.6,7393.9,7392.9,6081.1,6078.7,6079.9,1847.3,1845.8,1845.9,3655.7,3656.0,3656.8,2527.6,2527.2,2526.9,2874.4,2874.6,2874.3,26.900000,25.650000,going to home base
2024-04-13T03:19:04Z,2358.0,2357.3,2357.2,2593.7,2593.5,2593.9,5637.4,5637.3,5637.6,2324.6,2323.6,2324.5,3464.8,3464.4,3464.0,4366.1,4366.4,4366.4,6059.3,6059.9,6059.6,8570.2,8569.6,8568.3,5175.7,5176.8,5176.7,7395.7,7394.5,7394.1,6077.4,6075.8,6076.4,1847.2,1845.6,1845.6,3655.6,3655.8,3656.3,2527.4,2526.4,2526.6,2875.7,2875.8,2876.0,26.900000,25.700001,going to home base
2024-04-13T03:19:09Z,2357.5,2357.1,2357.2,2593.6,2593.7,2593.9,5638.2,5638.0,5638.0,2324.0,2324.1,2324.4,3463.8,3463.7,3463.9,4366.2,4365.8,4365.7,6061.3,6059.6,6061.0,8571.1,8569.8,8569.2,5177.3,5176.6,5178.0,7392.5,7391.9,7392.0,6077.7,6079.8,6079.4,1846.9,1845.7,1845.9,3656.1,3656.2,3657.2,2526.8,2526.4,2526.0,2874.9,2874.8,2875.2,26.910000,25.740000,going to home base
2024-04-13T03:19:14Z,2357.6,2356.4,2356.4,2593.3,2593.2,2593.9,5638.4,5637.9,5637.5,2324.7,2324.6,2324.7,3464.5,3464.4,3464.2,4365.7,4365.0,4365.2,6060.6,6060.7,6059.8,8569.9,8568.1,8570.2,5176.5,5175.7,5175.7,7394.3,7393.3,7394.1,6077.1,6077.6,6076.6,1847.0,1845.7,1845.8,3655.8,3655.8,3656.2,2526.7,2526.2,2526.0,2875.6,2874.9,2874.6,26.910000,25.730000,going to home base
2024-04-13T03:19:19Z,2356.7,2356.1,2356.9,2593.9,2593.8,2594.2,5637.4,5636.5,5637.3,2324.0,2324.3,2324.8,3464.5,3464.7,3464.0,4365.4,4365.2,4365.5,6061.6,6062.4,6062.4,8570.4,8571.2,8570.5,5176.5,5176.0,5176.7,7393.1,7393.4,7393.7,6077.5,6077.2,6078.6,1847.8,1846.0,1846.0,3655.8,3655.8,3656.6,2527.4,2526.9,2526.9,2875.2,2874.8,2874.9,26.940001,25.740000,going to home base
2024-04-13T03:19:24Z,2357.2,2356.7,2357.0,2593.6,2593.3,2593.8,5637.6,5636.9,5636.9,2324.0,2324.4,2324.3,3464.5,3464.1,3464.0,4365.5,4365.0,4365.2,6057.9,6057.1,6057.5,8570.6,8573.1,8577.2,5176.6,5176.6,5176.9,7392.1,7391.3,7393.4,6077.6,6077.1,6077.3,1847.3,1845.8,1845.8,3655.2,3655.6,3656.3,2526.8,2526.7,2526.6,2876.8,2875.7,2876.0,26.910000,25.740000,going to home base
2024-04-13T03:19:29Z,2357.9,2357.1,2357.8,2594.0,2593.9,2594.2,5637.9,5637.5,5637.5,2323.9,2324.2,2325.0,3464.3,3463.7,3463.7,4365.1,4365.2,4365.4,6057.1,6056.5,6056.9,8570.9,8570.6,8568.8,5178.3,5177.3,5177.4,7392.5,7390.6,7391.7,6077.3,6077.3,6078.6,1847.0,1845.2,1845.2,3655.8,3655.7,3656.4,2526.3,2525.6,2525.4,2874.7,2875.3,2875.3,26.900000,25.730000,going to home base
2024-04-13T03:19:34Z,2358.3,2357.5,2358.0,2593.2,2593.1,2593.6,5638.4,5637.4,5637.6,2324.2,2323.9,2324.4,3464.0,3463.6,3463.7,4364.9,4364.6,4365.2,6058.9,6057.2,6059.2,8569.7,8568.6,8569.8,5174.8,5174.2,5175.7,7392.6,7391.1,7390.7,6077.0,6075.4,6075.9,1847.7,1846.3,1846.0,3656.0,3655.7,3656.9,2526.7,2525.7,2525.9,2875.9,2874.8,2875.7,26.879999,25.700001,going to home base
2024-04-13T03:19:40Z,2358.0,2357.0,2357.5,2594.6,2594.3,2594.5,5637.7,5637.7,5637.6,2324.5,2325.0,2324.8,3462.7,3463.5,3463.0,4365.1,4364.7,4364.8,6058.2,6058.4,6058.1,8568.5,8570.6,8569.4,5175.7,5175.6,5176.2,7391.8,7391.3,7391.8,6077.0,6077.5,6077.7,1847.5,1846.3,1846.3,3655.8,3655.5,3656.8,2527.1,2526.2,2526.3,2876.0,2875.8,2875.5,26.910000,25.740000,going to home base
2024-04-13T03:19:44Z,2357.8,2357.0,2357.4,2593.4,2593.8,2594.0,5637.5,5637.7,5637.7,2324.3,2324.1,2324.0,3463.3,3463.1,3462.8,4366.0,4365.5,4365.4,6057.6,6057.5,6058.3,8571.0,8568.0,8568.7,5177.0,5176.7,5177.5,7392.3,7391.0,7390.6,6077.1,6077.0,6077.7,1846.7,1845.9,1845.8,3655.1,3655.3,3656.0,2526.8,2526.4,2526.5,2877.0,2876.1,2876.3,26.900000,25.700001,going to home base
2024-04-13T03:19:49Z,2358.1,2357.3,2357.2,2593.5,2593.6,2593.9,5638.1,5637.4,5637.2,2324.3,2324.1,2324.5,3464.3,3464.3,3464.0,4365.3,4365.3,4365.3,6057.6,6056.7,6056.1,8569.6,8569.8,8569.2,5175.2,5174.9,5176.2,7392.5,7392.2,7392.4,6078.8,6077.6,6078.9,1847.0,1845.0,1845.5,3655.9,3656.1,3657.0,2526.2,2525.8,2525.6,2874.8,2874.2,2874.5,26.930000,25.700001,going to home base
2024-04-13T03:19:54Z,2358.0,2357.4,2357.5,2593.7,2593.4,2593.8,5637.9,5637.5,5637.2,2324.1,2323.3,2324.0,3464.6,3464.1,3464.6,4365.3,4365.5,4365.3,6058.2,6057.5,6057.2,8567.9,8568.5,8568.5,5176.9,5176.2,5178.0,7391.8,7391.3,7391.7,6076.4,6078.2,6077.6,1847.0,1845.5,1845.3,3656.1,3655.9,3656.8,2527.1,2526.2,2525.6,2875.7,2875.0,2875.2,26.930000,25.660000,going to home base
2024-04-13T03:19:59Z,2357.4,2356.9,2356.8,2593.1,2592.8,2593.3,5638.1,5637.5,5637.7,2324.2,2324.1,2324.3,3464.0,3464.4,3464.3,4365.1,4365.1,4365.2,6058.0,6058.3,6057.6,8567.3,8567.7,8567.4,5175.9,5175.8,5176.7,7393.3,7392.8,7393.4,6079.8,6078.7,6078.7,1846.9,1845.6,1845.8,3655.5,3655.4,3656.1,2527.3,2526.3,2526.4,2876.0,2875.9,2877.2,26.910000,25.719999,going to home base
2024-04-13T03:20:04Z,2357.4,2356.9,2357.0,2593.1,2593.5,2593.3,5637.2,5637.1,5637.8,2324.2,2324.2,2324.4,3464.7,3464.0,3464.8,4365.5,4365.4,4365.5,6057.1,6056.2,6056.7,8570.1,8569.3,8568.1,5178.4,5177.9,5178.6,7391.8,7391.0,7390.7,6079.6,6080.5,6079.4,1847.2,1845.1,1845.1,3655.7,3655.6,3656.7,2526.8,2526.1,2526.3,2875.1,2875.4,2875.6,26.900000,25.719999,going to home base
2024-04-13T03:20:09Z,2356.8,2356.5,2356.4,2593.5,2592.7,2593.9,5638.1,5637.6,5637.8,2323.7,2323.7,2323.7,3464.3,3463.9,3463.9,4364.8,4364.9,4364.8,6056.5,6056.3,6056.0,8571.6,8569.6,8570.4,5175.5,5175.1,5176.1,7393.5,7391.9,7391.9,6079.9,6078.6,6079.4,1846.7,1845.1,1845.4,3656.1,3655.6,3656.3,2526.5,2525.0,2525.9,2877.8,2876.5,2877.0,26.930000,25.680000,going to home base
2024-04-13T03:20:14Z,2357.6,2357.1,2357.5,2593.4,2593.0,2593.4,5637.5,5637.0,5637.5,2324.3,2324.2,2324.7,3464.1,3463.4,3463.7,4365.5,4365.2,4365.3,6054.5,6054.5,6056.2,8568.2,8568.4,8573.1,5176.6,5176.5,5176.5,7392.6,7391.6,7390.6,6076.0,6075.6,6077.0,1847.0,1845.7,1845.6,3655.9,3655.4,3656.3,2526.9,2526.5,2525.8,2878.5,2877.5,2877.9,26.900000,25.670000,going to home base
2024-04-13T03:20:19Z,2357.5,2356.7,2357.0,2592.8,2593.2,2593.7,5637.4,5637.1,5637.1,2324.1,2324.6,2325.0,3464.0,3463.0,3463.5,4365.5,4365.2,4365.0,6058.4,6058.0,6057.7,8568.6,8569.7,8570.1,5175.2,5175.1,5176.5,7392.9,7391.4,7392.9,6079.9,6080.3,6082.0,1847.2,1846.1,1845.8,3654.6,3654.4,3655.3,2527.2,2526.0,2525.9,2876.2,2875.8,2876.6,26.930000,25.719999,going to home base
2024-04-13T03:20:24Z,2357.2,2356.8,2356.8,2593.3,2593.1,2593.9,5637.0,5636.9,5636.1,2324.5,2324.7,2324.8,3463.9,3463.7,3464.1,4365.3,4365.4,4365.2,6060.0,6059.5,6059.3,8572.9,8570.0,8570.1,5174.8,5174.0,5175.2,7392.5,7391.5,7392.2,6078.9,6077.9,6078.9,1847.2,1845.6,1845.3,3655.3,3655.3,3655.7,2526.7,2525.6,2526.0,2876.5,2875.8,2876.5,26.900000,25.719999,going to home base
2024-04-13T03:20:29Z,2358.0,2357.2,2357.4,2593.7,2593.8,2593.9,5637.0,5636.3,5636.8,2324.3,2324.3,2324.7,3464.3,3463.5,3463.3,4365.5,4364.9,4365.2,6056.7,6056.5,6057.1,8569.8,8568.7,8569.9,5175.0,5174.5,5174.8,7394.7,7392.8,7392.6,6078.8,6078.1,6078.5,1847.3,1845.7,1845.6,3655.1,3654.9,3655.8,2527.0,2526.7,2526.8,2876.3,2876.3,2876.7,26.910000,25.740000,going to home base
2024-04-13T03:20:34Z,2358.2,2357.4,2357.7,2592.9,2592.8,2593.2,5636.8,5636.1,5636.7,2324.0,2324.2,2324.9,3464.5,3463.3,3463.7,4365.6,4365.6,4366.0,6055.7,6055.8,6055.7,8571.4,8567.3,8568.6,5174.7,5175.0,5175.6,7393.6,7393.0,7392.5,6078.7,6079.1,6078.1,1847.0,1845.3,1845.0,3655.8,3655.7,3656.6,2526.0,2525.7,2526.0,2876.0,2874.9,2875.6,26.900000,25.690001,going to home base
2024-04-13T03:20:39Z,2357.1,2356.6,2356.8,2593.1,2593.1,2593.0,5636.8,5636.3,5636.5,2324.1,2324.3,2324.6,3463.8,3463.4,3462.6,4365.0,4364.9,4365.2,6058.2,6057.8,6057.3,8571.0,8570.9,8570.0,5174.7,5174.9,5175.1,7392.8,7391.2,7392.4,6079.3,6079.5,6078.6,1846.7,1845.2,1844.9,3654.6,3654.6,3655.2,2525.7,2525.3,2525.6,2875.3,2875.0,2875.0,26.930000,25.730000,going to home base
2024-04-13T03:20:44Z,2357.5,2356.7,2356.7,2592.9,2592.7,2593.6,5637.1,5637.1,5637.4,2324.5,2324.3,2324.6,3464.3,3464.2,3464.0,4365.4,4364.8,4365.3,6059.4,6060.5,6060.9,8573.9,8569.8,8570.0,5174.6,5176.6,5176.4,7394.6,7392.7,7392.9,6078.9,6078.9,6078.2,1847.0,1845.8,1846.0,3655.1,3654.5,3655.4,2526.2,2525.0,2525.3,2875.5,2874.7,2875.1,26.910000,25.709999,going to home base
2024-04-13T03:20:49Z,2357.9,2357.1,2357.4,2593.8,2593.4,2593.6,5637.1,5636.8,5636.8,2324.1,2324.1,2324.2,3464.5,3463.8,3463.5,4366.0,4365.5,4365.7,6056.6,6056.0,6057.0,8572.4,8572.0,8571.5,5176.4,5174.3,5175.2,7393.2,7393.1,7393.9,6080.0,6078.0,6079.2,1847.4,1845.5,1845.3,3654.1,3654.2,3655.9,2525.7,2524.8,2525.0,2876.0,2875.0,2876.1,26.930000,25.650000,going to home base
2024-04-13T03:20:54Z,2357.5,2356.9,2357.2,2593.2,2592.9,2593.2,5637.4,5636.7,5637.0,2324.2,2324.4,2324.4,3464.4,3464.1,3464.0,4365.6,4365.2,4365.0,6058.8,6059.2,6058.8,8569.9,8569.9,8569.5,5175.9,5174.8,5176.0,7395.3,7395.1,7395.1,6077.9,6077.9,6077.8,1847.5,1845.9,1846.1,3655.0,3655.4,3656.0,2525.3,2525.0,2524.6,2876.9,2877.1,2876.4,26.930000,25.660000,going to home base
2024-04-13T03:20:59Z,2358.0,2357.5,2357.4,2593.6,2593.0,2593.2,5637.3,5636.9,5636.6,2323.9,2324.4,2324.6,3464.1,3463.7,3463.2,4365.5,4364.9,4365.1,6058.6,6060.6,6060.1,8570.6,8569.1,8569.8,5175.8,5176.6,5177.1,7393.0,7393.3,7392.0,6077.1,6075.7,6078.5,1847.2,1845.4,1845.3,3655.3,3655.0,3655.8,2526.3,2525.3,2525.3,2874.8,2874.1,2875.0,26.910000,25.650000,going to home base
2024-04-13T03:21:04Z,2357.1,2356.7,2356.4,2593.4,2593.1,2593.7,5637.4,5637.3,5637.1,2324.6,2324.0,2324.9,3463.9,3463.9,3463.5,4365.5,4365.4,4365.6,6058.1,6057.2,6056.9,8573.2,8572.2,8571.4,5176.2,5175.7,5176.3,7391.6,7391.2,7391.9,6077.7,6077.6,6078.1,1847.4,1846.2,1845.6,3655.1,3655.4,3656.1,2525.9,2525.2,2525.2,2875.7,2875.9,2875.8,26.900000,25.690001,going to home base
2024-04-13T03:21:09Z,2357.2,2357.0,2357.4,2593.8,2593.1,2593.5,5637.8,5637.1,5637.5,2324.7,2325.1,2324.9,3463.6,3464.0,3463.3,4365.1,4364.9,4365.2,6057.5,6056.9,6058.5,8571.8,8571.7,8570.4,5174.1,5174.1,5174.6,7393.8,7393.2,7392.8,6074.8,6075.1,6075.7,1847.0,1845.4,1845.5,3655.3,3655.2,3655.7,2526.0,2524.9,2525.0,2875.8,2875.7,2876.2,26.910000,25.709999,going to home base
2024-04-13T03:21:14Z,2356.6,2356.7,2356.5,2592.9,2592.9,2593.3,5637.3,5637.4,5637.1,2324.2,2324.0,2324.2,3463.1,3463.6,3462.8,4365.5,4365.5,4365.3,6056.0,6055.7,6056.9,8570.8,8570.5,8570.9,5175.3,5175.0,5175.1,7393.8,7392.2,7393.2,6076.4,6076.6,6076.4,1846.7,1845.4,1845.4,3655.0,3655.1,3655.6,2526.1,2525.4,2525.7,2874.9,2874.3,2875.6,26.900000,25.740000,going to home base
2024-04-13T03:21:19Z,2357.8,2357.2,2357.3,2593.1,2592.9,2593.1,5637.2,5636.7,5637.5,2324.1,2324.4,2324.5,3463.6,3463.9,3463.8,4365.3,4365.0,4365.2,6055.1,6054.2,6055.6,8572.5,8571.6,8571.0,5176.4,5176.2,5176.6,7394.2,7395.8,7394.2,6077.2,6076.6,6077.0,1847.6,1846.0,1845.9,3655.0,3655.6,3656.1,2525.6,2524.9,2524.9,2875.6,2874.3,2874.9,26.910000,25.730000,going to home base
2024-04-13T03:21:24Z,2357.8,2357.0,2357.0,2592.8,2592.6,2592.8,5637.7,5637.0,5637.2,2323.6,2323.9,2324.5,3463.9,3463.8,3463.4,4365.2,4365.0,4365.3,6057.0,6055.9,6057.1,8568.6,8569.8,8569.4,5176.5,5176.3,5177.7,7392.2,7392.2,7392.9,6076.6,6076.5,6076.9,1847.8,1846.1,1846.0,3655.3,3655.6,3655.9,2525.7,2524.7,2525.4,2876.0,2876.1,2875.9,26.910000,25.730000,going to home base
2024-04-13T03:21:29Z,2358.5,2357.6,2357.5,2592.8,2592.6,2593.3,5637.0,5636.7,5636.8,2324.0,2323.7,2324.4,3463.6,3462.2,3463.2,4365.4,4364.6,4365.1,6055.7,6054.8,6057.5,8573.2,8570.6,8569.9,5176.2,5175.5,5176.9,7395.5,7394.9,7394.5,6078.8,6078.6,6079.1,1846.9,1845.7,1845.6,3654.7,3655.0,3656.0,2525.6,2524.6,2524.7,2874.9,2873.7,2874.3,26.910000,25.760000,going to home base
2024-04-13T03:21:34Z,2358.0,2357.0,2357.0,2592.8,2592.7,2592.6,5637.0,5637.2,5637.2,2323.9,2324.3,2324.3,3462.7,3462.5,3462.4,4365.5,4365.4,4365.5,6056.4,6054.7,6055.2,8571.1,8571.1,8570.0,5177.0,5176.1,5176.6,7395.2,7395.2,7394.9,6079.1,6078.8,6080.2,1847.3,1845.8,1845.6,3654.2,3654.1,3655.3,2525.5,2525.1,2524.3,2875.8,2875.2,2874.7,26.900000,25.700001,going to home base
2024-04-13T03:21:39Z,2357.1,2356.6,2356.8,2592.3,2593.0,2593.2,5637.0,5636.6,5636.6,2323.2,2323.3,2323.7,3463.4,3462.5,3462.6,4365.2,4364.7,4365.2,6057.4,6056.2,6056.0,8568.5,8567.6,8567.5,5175.4,5174.7,5175.4,7397.2,7396.1,7395.2,6077.7,6078.0,6081.0,1847.2,1845.5,1845.3,3654.9,3655.1,3656.0,2525.5,2525.2,2524.9,2875.1,2875.3,2875.1,26.910000,25.719999,going to home base
2024-04-13T03:21:44Z,2357.3,2356.2,2356.2,2592.8,2592.9,2593.3,5636.9,5636.7,5636.7,2324.6,2324.6,2324.7,3462.2,3462.5,3462.9,4365.0,4364.6,4364.3,6059.5,6060.3,6059.0,8567.9,8570.8,8567.5,5177.8,5176.5,5177.7,7396.8,7394.4,7393.9,6077.0,6078.0,6078.4,1847.1,1845.7,1845.9,3654.9,3654.2,3655.6,2525.3,2524.2,2524.1,2874.9,2874.5,2874.9,26.900000,25.680000,going to home base
2024-04-13T03:21:49Z,2356.7,2356.0,2356.3,2593.1,2593.1,2593.4,5636.1,5635.5,5635.9,2324.3,2324.6,2325.0,3463.6,3463.2,3463.3,4364.9,4365.2,4365.3,6057.0,6057.0,6057.6,8570.9,8569.9,8570.7,5180.2,5179.2,5179.8,7396.3,7396.5,7397.1,6078.8,6076.8,6079.5,1847.4,1845.9,1845.6,3655.1,3655.1,3655.4,2524.8,2523.9,2524.0,2875.3,2874.8,2874.7,26.900000,25.600000,going to home base
2024-04-13T03:21:54Z,2356.6,2356.3,2356.4,2592.9,2592.7,2593.5,5637.1,5636.4,5636.6,2323.8,2324.1,2324.1,3462.6,3462.9,3463.1,4365.0,4365.2,4364.4,6059.4,6058.0,6059.5,8568.0,8568.4,8571.0,5178.3,5177.9,5179.0,7395.5,7394.7,7394.5,6077.6,6075.4,6077.4,1847.8,1846.1,1845.8,3654.5,3654.3,3655.7,2524.6,2523.9,2524.1,2873.4,2873.5,2872.9,26.900000,25.660000,going to home base
2024-04-13T03:21:59Z,2357.5,2356.8,2356.9,2593.0,2592.8,2593.3,5636.8,5636.8,5636.5,2323.2,2323.2,2323.7,3463.9,3463.0,3463.1,4365.0,4364.6,4364.8,6058.7,6058.1,6058.1,8571.4,8571.0,8572.1,5178.9,5178.9,5178.8,7394.8,7392.7,7394.1,6080.3,6079.6,6080.0,1847.5,1846.2,1846.4,3654.8,3654.4,3655.5,2525.3,2523.5,2524.3,2875.4,2875.0,2875.4,26.900000,25.680000,going to home base
2024-04-13T03:22:04Z,2357.1,2356.5,2357.0,2592.9,2592.8,2592.8,5637.5,5636.8,5636.5,2324.1,2324.0,2324.2,3464.6,3464.4,3463.5,4365.2,4365.1,4364.9,6060.5,6060.6,6060.5,8568.5,8568.3,8571.5,5177.5,5176.7,5178.1,7395.3,7394.4,7393.3,6079.4,6078.4,6079.0,1847.1,1846.1,1846.0,3654.4,3654.8,3655.7,2525.7,2524.9,2524.7,2875.3,2874.4,2875.3,26.910000,25.690001,going to home base
2024-04-13T03:22:09Z,2356.7,2356.2,2356.6,2593.7,2593.7,2593.8,5637.0,5636.4,5636.4,2324.2,2323.9,2324.4,3463.1,3462.8,3462.4,4365.0,4364.8,4365.3,6060.1,6059.5,6059.9,8567.8,8566.8,8567.9,5178.3,5177.9,5178.7,7394.2,7393.0,7393.1,6078.4,6077.2,6077.2,1847.1,1845.9,1846.0,3653.8,3654.5,3655.0,2525.5,2524.9,2524.8,2875.3,2874.8,2875.0,26.930000,25.680000,going to home base
2024-04-13T03:22:14Z,2357.0,2356.6,2356.7,2593.4,2593.5,2594.0,5636.5,5635.9,5636.3,2323.9,2323.9,2324.1,3463.1,3462.7,3462.5,4364.9,4365.0,4364.6,6058.0,6056.5,6056.8,8568.1,8567.7,8568.6,5179.0,5178.6,5179.4,7394.7,7394.2,7394.3,6080.0,6081.5,6082.2,1847.3,1846.0,1845.6,3655.0,3655.0,3655.7,2524.7,2524.5,2524.2,2876.8,2876.3,2876.1,26.900000,25.700001,going to home base
2024-04-13T03:22:19Z,2356.8,2356.1,2356.4,2592.6,2592.4,2593.1,5636.9,5636.5,5636.5,2324.0,2324.3,2324.7,3463.1,3462.4,3462.8,4364.9,4364.5,4364.3,6057.9,6058.2,6059.7,8567.0,8567.8,8566.3,5178.6,5179.2,5177.9,7391.1,7391.6,7390.7,6079.1,6078.3,6078.7,1846.7,1845.4,1845.3,3654.3,3654.8,3655.7,2524.8,2524.0,2524.2,2875.2,2875.4,2875.6,26.879999,25.660000,going to home base
2024-04-13T03:22:24Z,2356.6,2355.9,2356.0,2592.7,2592.6,2593.3,5636.7,5636.4,5636.3,2323.4,2323.5,2323.6,3462.3,3462.2,3462.1,4364.9,4364.7,4365.0,6056.1,6055.1,6057.1,8565.7,8564.2,8565.3,5177.9,5177.7,5178.2,7393.5,7392.5,7392.7,6081.5,6080.3,6080.3,1846.8,1845.9,1846.0,3654.7,3654.4,3655.1,2525.0,2524.2,2524.1,2876.2,2875.7,2876.2,26.910000,25.650000,going to home base
2024-04-13T03:22:29Z,2357.4,2357.0,2357.4,2592.8,2592.6,2593.2,5636.6,5636.1,5636.6,2323.8,2323.8,2324.3,3464.0,3462.7,3462.6,4364.2,4364.0,4364.3,6058.0,6058.4,6060.4,8565.9,8564.4,8566.9,5177.1,5177.0,5178.6,7393.3,7392.8,7392.8,6081.4,6080.5,6080.6,1847.1,1845.8,1845.7,3654.1,3653.9,3654.6,2525.2,2524.5,2524.4,2875.3,2875.3,2875.9,26.910000,25.690001,going to home base
2024-04-13T03:22:34Z,2357.4,2356.8,2357.4,2593.2,2592.4,2592.9,5636.4,5636.3,5636.3,2324.0,2324.3,2324.2,3462.9,3462.9,3462.7,4364.1,4364.0,4363.8,6057.4,6055.8,6057.1,8565.9,8565.6,8564.4,5179.0,5177.4,5178.4,7395.0,7393.9,7394.1,6080.6,6079.9,6081.8,1846.9,1845.3,1845.4,3654.8,3654.7,3655.5,2525.5,2524.4,2524.8,2875.9,2875.2,2876.2,26.910000,25.680000,going to home base
2024-04-13T03:22:39Z,2357.1,2356.0,2356.5,2592.4,2592.9,2593.0,5636.4,5636.1,5636.2,2323.6,2323.6,2323.9,3463.4,3463.4,3463.8,4364.4,4364.5,4364.1,6056.7,6057.5,6057.2,8568.7,8566.1,8566.7,5177.5,5176.8,5178.1,7396.1,7394.9,7394.7,6078.8,6078.6,6080.7,1847.2,1845.7,1845.8,3654.7,3654.9,3655.4,2525.2,2524.7,2524.2,2876.3,2875.3,2875.7,26.879999,25.670000,going to home base
2024-04-13T03:22:54Z,2357.1,2356.6,2356.7,2592.4,2592.6,2592.7,5636.2,5635.7,5636.2,2323.5,2323.8,2324.0,3463.7,3463.1,3463.5,4364.3,4363.8,4364.0,6056.9,6058.5,6057.4,8569.1,8569.5,8571.3,5177.2,5177.0,5176.8,7393.5,7392.8,7394.1,6079.7,6078.2,6079.5,1846.8,1846.1,1846.1,3654.6,3654.4,3655.4,2525.0,2524.2,2524.2,2875.3,2875.3,2875.8,26.900000,25.740000,going to home base
2024-04-13T03:22:59Z,2357.7,2357.0,2357.2,2592.8,2593.2,2593.8,5637.1,5636.4,5636.2,2323.6,2323.4,2324.1,3462.9,3462.6,3462.6,4364.6,4364.9,4364.5,6055.4,6055.2,6056.7,8570.5,8568.4,8569.5,5177.7,5177.0,5178.5,7393.0,7392.6,7392.2,6078.7,6077.3,6079.1,1847.9,1846.2,1846.4,3654.3,3654.3,3655.6,2524.7,2524.2,2524.1,2875.3,2875.2,2875.4,26.910000,25.709999,going to home base
2024-04-13T03:23:04Z,2357.3,2356.6,2356.8,2593.0,2593.2,2593.0,5636.5,5636.1,5636.2,2324.0,2323.7,2323.4,3462.7,3462.5,3462.9,4364.5,4364.2,4364.2,6055.7,6056.6,6056.1,8568.9,8567.6,8565.8,5178.9,5177.7,5179.0,7391.5,7390.5,7389.3,6082.6,6080.1,6083.2,1847.0,1846.0,1845.6,3654.2,3654.5,3655.3,2525.3,2524.2,2524.5,2876.1,2876.0,2876.1,26.910000,25.770000,going to home base
2024-04-13T03:23:09Z,2357.5,2356.7,2356.9,2593.0,2592.6,2593.4,5636.4,5636.1,5636.1,2323.1,2323.1,2323.3,3463.3,3462.6,3462.8,4364.7,4364.2,4364.2,6056.6,6056.4,6056.4,8567.0,8567.3,8566.4,5177.9,5177.0,5177.9,7393.6,7392.2,7392.8,6079.8,6079.5,6079.6,1847.1,1845.9,1845.6,3655.0,3654.7,3656.2,2525.6,2524.5,2524.8,2875.4,2875.3,2875.4,26.879999,25.740000,going to home base
2024-04-13T03:23:14Z,2357.8,2357.1,2357.5,2593.2,2593.1,2593.5,5636.2,5635.6,5635.9,2323.9,2323.6,2324.1,3463.4,3462.4,3463.3,4365.0,4365.0,4364.6,6057.8,6057.2,6058.8,8568.2,8566.6,8567.3,5178.5,5177.8,5178.5,7394.3,7393.7,7393.7,6078.9,6079.8,6079.5,1847.0,1845.4,1845.6,3654.0,3654.0,3655.2,2525.9,2525.2,2524.6,2876.4,2875.9,2875.7,26.900000,25.770000,going to home base
2024-04-13T03:23:19Z,2358.6,2357.7,2357.9,2592.4,2592.3,2593.2,5636.3,5635.9,5635.8,2323.7,2323.8,2323.8,3464.0,3463.7,3463.7,4363.9,4363.9,4363.5,6058.6,6057.0,6058.8,8567.5,8571.7,8569.1,5176.1,5176.3,5176.9,7393.6,7394.5,7392.7,6078.2,6079.0,6078.3,1846.8,1845.3,1845.2,3654.2,3654.6,3655.5,2525.6,2524.9,2525.4,2876.1,2876.1,2876.2,26.930000,25.740000,going to home base
2024-04-13T03:23:24Z,2358.3,2358.0,2358.1,2592.8,2592.8,2593.2,5636.3,5636.2,5636.1,2323.5,2323.1,2323.4,3463.2,3462.7,3462.2,4364.1,4363.4,4364.2,6056.6,6056.4,6057.5,8571.2,8568.3,8571.4,5178.5,5176.3,5177.1,7394.5,7394.3,7393.7,6079.7,6081.4,6081.6,1846.9,1845.4,1844.7,3654.3,3654.9,3656.1,2524.8,2524.6,2524.9,2875.8,2875.6,2876.2,26.900000,25.690001,going to home base
2024-04-13T03:23:29Z,2357.8,2356.8,2357.2,2592.5,2592.5,2592.8,5635.7,5635.3,5635.6,2324.0,2323.5,2324.2,3463.5,3463.9,3463.1,4364.4,4364.2,4363.9,6059.6,6057.9,6058.6,8568.3,8568.3,8567.9,5177.9,5178.2,5178.5,7392.8,7392.3,7392.5,6079.6,6078.4,6078.7,1847.3,1845.9,1845.9,3654.2,3654.5,3655.8,2525.1,2524.8,2524.6,2876.3,2876.3,2876.4,26.879999,25.700001,going to home base
2024-04-13T03:23:34Z,2357.4,2357.1,2357.5,2592.6,2592.9,2593.3,5635.7,5636.0,5635.7,2323.7,2323.8,2324.2,3462.7,3462.2,3462.1,4364.1,4364.1,4364.2,6057.8,6059.6,6058.7,8570.2,8571.0,8567.9,5179.0,5178.0,5177.8,7392.1,7392.8,7391.8,6076.8,6076.6,6078.4,1847.3,1845.1,1845.8,3654.4,3654.9,3654.9,2524.6,2523.6,2523.9,2877.2,2876.4,2876.1,26.900000,25.719999,going to home base
2024-04-13T03:23:39Z,2357.8,2356.8,2357.4,2591.8,2592.0,2592.6,5636.0,5635.5,5635.6,2324.2,2323.8,2324.2,3462.9,3462.5,3462.9,4364.2,4364.4,4364.5,6059.4,6058.4,6058.7,8570.1,8568.3,8569.5,5179.0,5179.5,5181.0,7394.0,7392.3,7392.6,6078.4,6077.4,6078.6,1847.5,1845.6,1845.6,3654.5,3655.1,3655.8,2525.0,2524.0,2524.4,2876.8,2876.0,2876.2,26.879999,25.700001,going to home base
2024-04-13T03:23:44Z,2357.9,2357.2,2357.4,2592.4,2592.1,2592.3,5636.1,5635.6,5635.9,2323.5,2323.4,2323.9,3463.0,3462.9,3462.5,4364.7,4364.6,4364.2,6057.1,6055.3,6056.7,8568.4,8572.6,8570.1,5178.5,5178.1,5179.9,7392.7,7391.3,7391.2,6076.3,6077.1,6076.8,1847.1,1845.5,1845.4,3654.6,3654.4,3655.9,2525.3,2524.4,2524.4,2877.7,2876.5,2876.9,26.900000,25.750000,going to home base
2024-04-13T03:23:49Z,2357.0,2356.4,2356.7,2592.1,2592.1,2592.2,5636.2,5636.0,5635.6,2323.9,2324.2,2324.5,3463.4,3462.8,3462.6,4363.6,4363.6,4363.8,6056.8,6055.7,6056.0,8568.2,8567.2,8567.0,5178.4,5177.7,5179.3,7395.4,7394.7,7395.2,6075.9,6076.3,6076.4,1846.9,1845.7,1845.3,3654.7,3654.7,3655.0,2525.2,2524.2,2524.2,2876.1,2875.9,2875.4,26.879999,25.670000,going to home base
2024-04-13T03:23:54Z,2357.7,2356.8,2357.1,2592.2,2591.8,2592.3,5637.2,5636.2,5636.5,2323.3,2323.1,2323.8,3463.6,3462.5,3463.1,4363.8,4363.7,4364.0,6055.3,6055.7,6056.3,8568.2,8569.4,8570.3,5178.6,5178.1,5178.2,7395.3,7395.2,7395.6,6077.2,6078.6,6077.8,1847.4,1846.0,1845.6,3654.3,3654.3,3655.1,2525.5,2524.1,2524.8,2877.3,2876.3,2877.2,26.900000,25.670000,going to home base
2024-04-13T03:23:59Z,2357.5,2357.2,2357.1,2592.7,2592.7,2592.5,5636.5,5635.9,5635.5,2324.0,2324.0,2324.2,3462.8,3462.1,3462.1,4364.2,4363.8,4363.8,6053.4,6052.7,6052.1,8569.1,8570.2,8567.6,5178.4,5178.2,5177.9,7394.5,7392.9,7393.3,6079.2,6080.3,6078.7,1846.6,1845.5,1845.2,3653.5,3653.4,3654.5,2525.5,2524.3,2524.5,2877.5,2876.2,2876.6,26.879999,25.660000,going to home base
2024-04-13T03:24:04Z,2357.8,2356.6,2357.3,2592.7,2592.9,2593.2,5635.6,5635.6,5635.6,2323.5,2323.7,2324.1,3463.5,3463.3,3463.3,4364.4,4364.3,4364.3,6054.6,6053.1,6054.1,8567.3,8566.3,8568.0,5177.9,5177.7,5178.0,7396.3,7395.3,7394.3,6080.0,6078.5,6081.3,1847.3,1845.5,1845.3,3654.8,3654.8,3655.6,2525.2,2524.1,2523.9,2876.4,2876.3,2876.3,26.900000,25.650000,going to home base
2024-04-13T03:24:09Z,2357.2,2356.5,2356.5,2591.9,2591.6,2593.0,5636.2,5635.7,5635.7,2323.2,2323.3,2323.7,3461.7,3461.5,3462.0,4364.1,4363.7,4363.7,6055.8,6055.4,6055.3,8566.5,8568.7,8566.4,5177.4,5176.1,5178.3,7396.0,7393.2,7393.8,6079.2,6078.1,6078.7,1846.8,1845.5,1845.4,3654.3,3654.4,3655.5,2524.7,2523.8,2523.8,2875.9,2875.4,2875.7,26.900000,25.730000,going to home base
2024-04-13T03:24:14Z,2357.6,2356.5,2356.5,2592.7,2592.3,2592.2,5636.3,5636.0,5635.8,2323.7,2323.4,2324.0,3462.7,3463.0,3462.5,4364.2,4364.4,4364.2,6056.0,6056.0,6054.6,8568.8,8568.3,8567.2,5177.8,5176.4,5176.8,7394.5,7393.1,7393.6,6080.4,6078.7,6078.7,1847.0,1845.6,1845.6,3654.3,3654.8,3655.1,2524.5,2524.4,2523.9,2878.3,2877.8,2877.3,26.879999,25.650000,going to home base
2024-04-13T03:24:19Z,2358.3,2357.5,2357.7,2591.9,2591.6,2592.1,5636.3,5635.7,5635.6,2323.1,2323.3,2323.4,3463.1,3463.1,3462.7,4363.8,4363.9,4364.1,6057.0,6056.6,6056.7,8566.3,8568.6,8572.0,5179.4,5177.7,5178.0,7394.0,7393.7,7392.3,6078.8,6078.2,6080.6,1846.6,1845.2,1845.3,3654.4,3654.7,3655.8,2525.5,2524.2,2524.9,2876.0,2876.3,2876.5,26.870001,25.670000,going to home base
2024-04-13T03:24:24Z,2357.2,2356.7,2356.8,2592.5,2592.0,2592.2,5636.4,5635.5,5635.7,2323.2,2323.1,2323.4,3462.6,3462.1,3462.7,4363.8,4363.8,4363.7,6055.6,6054.3,6055.7,8568.7,8567.8,8567.0,5177.1,5177.1,5177.7,7392.9,7392.2,7391.6,6077.9,6076.8,6077.2,1846.6,1845.2,1845.0,3654.6,3654.3,3655.5,2525.9,2525.4,2525.5,2878.1,2877.8,2878.0,26.870001,25.620001,going to home base
2024-04-13T03:24:29Z,2357.9,2357.1,2357.4,2592.0,2592.2,2592.5,5636.5,5635.8,5636.0,2323.6,2323.5,2323.9,3463.0,3463.3,3462.9,4363.8,4363.4,4364.0,6054.7,6054.7,6054.6,8572.6,8569.7,8570.7,5176.8,5176.2,5176.7,7394.9,7394.1,7394.2,6080.1,6078.9,6079.8,1846.4,1844.8,1845.1,3655.0,3654.9,3656.0,2525.2,2524.3,2524.4,2877.4,2878.0,2877.9,26.879999,25.670000,going to home base
2024-04-13T03:24:34Z,2357.8,2357.2,2357.3,2592.3,2592.0,2592.6,5636.4,5635.9,5636.4,2323.4,2323.3,2324.1,3463.7,3463.3,3463.2,4363.6,4363.7,4363.5,6055.5,6053.5,6056.3,8568.1,8566.0,8567.9,5176.8,5175.1,5176.8,7393.4,7394.0,7395.1,6078.3,6076.9,6078.2,1846.5,1845.1,1845.0,3653.7,3654.0,3655.5,2525.6,2524.7,2524.9,2875.8,2878.3,2877.1,26.900000,25.660000,going to home base
2024-04-13T03:24:39Z,2356.5,2356.0,2356.3,2592.2,2592.0,2591.7,5636.6,5636.8,5636.2,2323.4,2323.3,2323.7,3463.2,3462.5,3462.4,4363.2,4363.2,4363.5,6055.0,6054.5,6054.1,8569.0,8567.9,8567.8,5177.4,5177.8,5178.0,7395.4,7394.9,7395.7,6077.9,6078.1,6079.1,1846.0,1844.6,1844.7,3654.4,3654.3,3655.3,2525.4,2524.4,2524.4,2876.2,2877.2,2876.8,26.900000,25.680000,going to home base
2024-04-13T03:24:44Z,2357.1,2356.5,2356.8,2592.3,2592.2,2592.9,5636.1,5635.7,5635.7,2323.6,2323.4,2323.9,3463.5,3462.8,3463.1,4363.5,4363.6,4363.5,6056.6,6056.1,6056.5,8570.5,8568.5,8567.8,5176.6,5176.8,5177.9,7396.1,7393.6,7393.7,6078.6,6079.8,6079.5,1847.2,1846.1,1845.5,3654.1,3654.2,3655.0,2525.9,2524.9,2524.6,2876.8,2876.7,2877.2,26.879999,25.660000,going to home base
2024-04-13T03:24:49Z,2357.4,2356.7,2357.1,2592.7,2593.1,2593.1,5634.9,5634.9,5634.9,2323.5,2323.5,2323.9,3462.9,3463.3,3462.6,4363.2,4363.7,4363.7,6057.4,6057.1,6056.5,8569.9,8570.4,8568.8,5178.1,5177.4,5178.4,7393.4,7392.8,7393.5,6077.7,6077.6,6077.9,1847.6,1845.9,1845.7,3654.1,3654.7,3655.3,2525.4,2525.3,2525.3,2876.1,2875.6,2876.9,26.900000,25.730000,going to home base
2024-04-13T03:24:54Z,2357.7,2357.1,2357.3,2591.9,2592.3,2592.2,5635.3,5634.8,5635.0,2323.6,2323.7,2324.0,3462.4,3462.0,3461.6,4363.6,4363.5,4363.6,6056.6,6056.1,6057.1,8569.7,8570.0,8568.9,5177.4,5177.2,5179.1,7394.1,7394.1,7394.1,6077.7,6077.9,6078.2,1847.2,1845.8,1845.8,3653.9,3654.5,3655.1,2524.7,2524.0,2524.3,2877.2,2876.2,2876.3,26.910000,25.660000,going to home base
2024-04-13T03:24:59Z,2357.5,2356.7,2356.6,2592.6,2592.5,2592.6,5634.8,5634.8,5634.5,2323.3,2323.3,2324.0,3462.0,3461.5,3461.8,4364.0,4364.0,4364.5,6056.4,6055.9,6057.0,8569.0,8567.1,8567.4,5178.4,5177.6,5179.1,7391.7,7390.9,7390.5,6079.0,6077.2,6079.6,1847.3,1845.9,1846.1,3654.4,3654.2,3656.0,2524.8,2524.3,2524.4,2877.4,2876.1,2876.1,26.879999,25.680000,going to home base
2024-04-13T03:25:04Z,2357.5,2356.9,2357.0,2592.3,2592.1,2592.6,5635.8,5635.4,5635.3,2323.6,2323.0,2323.7,3462.4,3462.5,3462.4,4364.1,4364.0,4364.0,6055.1,6054.7,6053.0,8570.1,8570.1,8568.9,5176.8,5176.9,5177.2,7393.3,7392.4,7392.3,6077.8,6075.6,6075.8,1846.9,1845.3,1845.2,3653.5,3653.2,3654.4,2525.2,2524.4,2524.6,2876.5,2876.1,2876.2,26.900000,25.700001,going to home base
2024-04-13T03:25:09Z,2357.6,2357.0,2357.1,2591.5,2591.2,2592.0,5635.1,5634.4,5634.5,2323.9,2323.8,2323.7,3463.2,3462.5,3463.0,4363.8,4363.4,4363.8,6057.2,6056.5,6057.2,8570.7,8572.1,8569.5,5177.6,5177.7,5178.3,7391.6,7392.0,7391.3,6077.8,6076.8,6077.9,1846.9,1845.3,1845.0,3654.3,3654.1,3654.9,2525.4,2524.5,2524.4,2876.1,2875.9,2877.0,26.879999,25.740000,going to home base
2024-04-13T03:25:14Z,2357.9,2357.5,2357.4,2592.9,2592.5,2593.1,5635.4,5635.2,5635.0,2323.2,2323.1,2323.7,3462.9,3462.2,3462.9,4364.1,4363.8,4364.2,6055.7,6056.6,6057.2,8570.6,8568.0,8569.0,5177.7,5177.9,5178.5,7393.2,7390.3,7390.9,6077.7,6078.4,6077.6,1847.1,1845.7,1845.6,3653.6,3653.8,3654.9,2525.1,2523.8,2524.3,2877.7,2876.9,2876.5,26.879999,25.770000,going to home base
2024-04-13T03:25:19Z,2357.4,2356.7,2357.0,2593.0,2592.3,2592.8,5635.0,5634.7,5634.9,2323.8,2323.5,2324.0,3463.0,3462.8,3463.1,4363.8,4363.8,4363.4,6056.2,6055.8,6055.4,8567.1,8568.7,8568.0,5175.0,5175.9,5176.6,7392.9,7391.7,7393.5,6078.8,6078.8,6080.7,1846.5,1845.2,1844.8,3653.5,3653.3,3654.6,2525.2,2524.4,2524.6,2876.8,2876.7,2877.5,26.870001,25.770000,going to home base
2024-04-13T03:25:24Z,2357.9,2357.2,2357.1,2592.1,2592.2,2592.7,5636.6,5635.7,5635.5,2322.9,2323.3,2323.3,3463.8,3463.5,3463.2,4363.2,4363.3,4363.0,6057.8,6057.2,6057.4,8570.0,8568.7,8568.5,5177.8,5177.2,5176.4,7394.6,7392.9,7393.6,6078.8,6079.8,6077.5,1847.0,1845.5,1845.5,3654.4,3654.4,3655.5,2525.0,2524.3,2523.6,2877.5,2877.3,2878.0,26.900000,25.730000,going to home base
2024-04-13T03:25:29Z,2357.9,2357.5,2357.6,2592.3,2592.2,2592.2,5636.3,5635.4,5635.8,2323.4,2323.5,2323.7,3463.7,3462.8,3462.9,4363.2,4363.1,4363.5,6057.5,6058.0,6057.3,8567.5,8566.8,8568.2,5176.8,5176.9,5177.8,7392.4,7391.3,7391.7,6075.8,6077.9,6079.0,1846.4,1845.4,1845.0,3653.7,3653.8,3655.2,2525.1,2524.2,2524.6,2876.4,2875.5,2875.8,26.900000,25.670000,going to home base
2024-04-13T03:25:34Z,2358.1,2357.5,2357.5,2592.3,2591.8,2592.6,5635.9,5635.7,5636.0,2323.5,2323.7,2323.8,3463.5,3463.2,3462.7,4363.7,4363.3,4363.4,6057.9,6055.3,6056.7,8567.7,8568.0,8568.7,5177.3,5176.8,5178.4,7393.7,7393.2,7393.4,6076.2,6075.6,6076.7,1847.0,1845.6,1845.8,3654.5,3654.5,3655.2,2524.1,2524.0,2523.5,2876.2,2876.3,2876.4,26.900000,25.750000,going to home base
2024-04-13T03:25:39Z,2357.2,2357.3,2357.1,2592.5,2592.6,2593.0,5635.4,5635.0,5634.9,2323.4,2323.6,2324.4,3464.1,3464.1,3464.0,4363.1,4363.3,4363.9,6055.3,6056.8,6054.7,8567.1,8567.4,8568.0,5176.5,5174.9,5176.9,7392.4,7392.3,7392.8,6076.7,6077.2,6076.1,1847.2,1845.8,1845.4,3654.5,3654.9,3655.7,2525.1,2524.1,2524.6,2876.1,2876.0,2876.3,26.879999,25.670000,going to home base
2024-04-13T03:25:44Z,2357.2,2357.1,2357.2,2592.7,2592.6,2592.6,5635.4,5634.9,5635.1,2323.9,2323.7,2324.0,3463.0,3463.2,3462.7,4363.4,4363.1,4363.4,6057.7,6054.5,6055.9,8565.5,8569.0,8567.6,5176.1,5175.2,5176.1,7392.6,7392.9,7392.8,6076.7,6076.4,6076.0,1847.4,1845.8,1845.8,3654.2,3654.4,3655.2,2524.6,2524.0,2524.5,2876.5,2877.4,2876.8,26.910000,25.700001,going to home base
2024-04-13T03:25:49Z,2356.8,2356.3,2356.8,2591.8,2591.2,2591.5,5636.2,5635.2,5635.4,2323.5,2323.6,2324.1,3464.0,3463.9,3463.5,4363.5,4363.3,4363.2,6057.1,6058.9,6060.4,8572.4,8572.3,8570.5,5177.6,5176.9,5177.7,7393.1,7391.5,7391.5,6076.8,6076.7,6076.5,1847.5,1845.6,1845.8,3654.7,3654.8,3655.6,2524.6,2523.9,2524.1,2875.8,2875.2,2876.3,26.870001,25.629999,going to home base
2024-04-13T03:25:54Z,2356.7,2356.3,2356.6,2591.7,2590.9,2591.4,5635.3,5635.1,5634.8,2323.0,2323.1,2323.1,3463.5,3462.8,3463.6,4363.9,4363.3,4363.7,6056.3,6057.6,6056.2,8566.0,8567.5,8564.9,5175.2,5174.9,5176.7,7394.2,7393.6,7393.7,6079.0,6077.4,6077.4,1847.2,1845.7,1845.8,3655.0,3654.4,3655.3,2525.1,2524.3,2524.3,2877.5,2877.2,2876.3,26.879999,25.690001,going to home base
2024-04-13T03:25:59Z,2357.8,2357.4,2357.3,2592.3,2592.5,2593.0,5635.7,5635.4,5635.6,2323.7,2323.6,2323.5,3463.5,3463.2,3463.5,4363.8,4363.7,4363.5,6052.6,6052.4,6052.7,8571.1,8574.1,8571.2,5177.7,5177.9,5178.6,7391.2,7391.3,7390.7,6077.5,6077.0,6078.0,1846.8,1845.3,1845.2,3655.0,3654.8,3656.0,2524.9,2524.1,2523.7,2875.4,2875.3,2875.6,26.879999,25.670000,going to home base
2024-04-13T03:26:04Z,2357.2,2356.5,2356.7,2592.3,2592.0,2592.4,5635.3,5635.2,5635.5,2323.2,2322.6,2323.4,3463.6,3462.9,3463.0,4364.1,4363.4,4363.6,6053.9,6053.5,6055.6,8570.6,8568.1,8569.5,5177.6,5177.6,5178.5,7393.6,7392.5,7391.6,6076.5,6077.9,6077.1,1847.1,1845.6,1845.6,3654.5,3654.6,3655.6,2525.5,2524.9,2524.6,2875.2,2874.6,2874.6,26.879999,25.680000,going to home base
2024-04-13T03:26:09Z,2357.2,2356.2,2356.6,2591.6,2591.5,2591.7,5635.6,5635.1,5635.1,2323.2,2323.7,2324.1,3462.5,3461.9,3462.0,4363.3,4363.1,4363.5,6054.4,6056.3,6056.0,8571.2,8569.1,8568.2,5177.8,5177.1,5178.3,7390.7,7390.1,7389.7,6078.4,6078.3,6076.7,1847.9,1846.2,1845.9,3654.4,3655.1,3656.3,2525.5,2524.2,2524.3,2875.9,2875.0,2875.3,26.879999,25.670000,going to home base
2024-04-13T03:26:14Z,2357.5,2356.7,2357.2,2592.1,2591.6,2592.4,5635.6,5635.6,5635.5,2323.4,2323.4,2324.1,3463.5,3463.4,3463.1,4363.5,4362.8,4363.2,6054.2,6054.6,6056.6,8567.6,8569.6,8569.5,5177.5,5178.0,5177.4,7392.2,7390.3,7389.5,6076.2,6077.3,6076.5,1847.5,1846.1,1845.9,3655.1,3655.0,3655.7,2524.3,2523.5,2524.0,2876.4,2875.8,2876.0,26.879999,25.690001,going to home base
2024-04-13T03:26:19Z,2356.9,2356.1,2356.4,2592.7,2592.7,2592.7,5636.3,5635.8,5635.7,2323.6,2323.9,2324.3,3463.5,3463.2,3463.1,4363.2,4363.2,4362.9,6052.0,6054.0,6052.6,8565.8,8565.7,8564.9,5176.9,5177.1,5177.6,7389.7,7389.1,7389.5,6076.7,6077.3,6076.9,1847.9,1846.4,1845.9,3654.6,3654.4,3655.1,2524.3,2523.9,2524.4,2873.7,2874.5,2873.8,26.900000,25.709999,going to home base
2024-04-13T03:26:24Z,2357.0,2356.1,2356.2,2591.6,2591.6,2592.0,5635.7,5635.0,5635.2,2323.5,2323.3,2323.6,3464.2,3464.2,3464.2,4362.6,4362.2,4362.6,6052.5,6053.5,6054.8,8567.1,8566.8,8567.1,5177.2,5177.1,5177.1,7392.1,7390.3,7389.8,6076.0,6077.3,6077.2,1847.9,1846.6,1846.4,3653.5,3654.5,3654.7,2525.0,2524.1,2524.0,2875.9,2874.8,2875.1,26.860001,25.740000,going to home base
2024-04-13T03:26:29Z,2357.3,2356.8,2356.7,2592.0,2591.9,2592.7,5635.8,5635.3,5635.1,2323.2,2322.9,2323.6,3463.9,3463.0,3463.7,4363.0,4363.3,4363.2,6053.4,6051.2,6052.0,8567.3,8566.8,8567.3,5177.0,5177.0,5177.6,7390.9,7391.7,7391.1,6075.6,6076.9,6075.5,1847.2,1845.6,1845.6,3654.3,3654.9,3655.7,2525.3,2524.0,2524.5,2874.9,2874.5,2875.0,26.870001,25.730000,going to home base
2024-04-13T03:26:34Z,2357.4,2356.7,2356.8,2592.6,2592.7,2593.0,5635.6,5635.1,5634.4,2324.1,2323.9,2324.2,3464.1,3463.4,3463.3,4363.4,4363.1,4363.2,6053.4,6052.6,6053.8,8566.5,8566.9,8566.9,5177.2,5176.5,5176.8,7393.4,7392.5,7391.9,6074.8,6073.2,6075.1,1846.8,1845.6,1845.8,3654.7,3654.4,3655.4,2525.2,2524.1,2524.2,2875.4,2874.5,2874.7,26.860001,25.740000,going to home base
2024-04-13T03:26:39Z,2356.3,2355.5,2355.9,2592.8,2592.2,2592.5,5635.3,5635.2,5635.4,2323.3,2324.0,2324.5,3462.5,3463.0,3462.6,4363.4,4363.4,4362.8,6054.9,6053.4,6054.0,8569.0,8568.5,8569.5,5176.4,5176.5,5177.0,7393.3,7392.1,7393.1,6075.3,6076.5,6076.5,1847.2,1845.9,1846.0,3654.3,3654.4,3655.0,2524.7,2524.4,2524.5,2875.2,2875.5,2875.3,26.900000,25.730000,going to home base
2024-04-13T03:26:44Z,2357.3,2356.6,2356.9,2592.2,2592.7,2593.1,5635.7,5635.3,5635.4,2323.5,2324.1,2324.0,3462.7,3462.7,3462.4,4362.7,4362.9,4362.7,6054.0,6053.6,6054.4,8567.0,8566.6,8567.9,5177.2,5178.0,5178.3,7390.4,7390.6,7388.9,6077.7,6078.7,6077.4,1847.9,1846.4,1846.1,3654.3,3654.2,3654.7,2524.4,2523.5,2523.4,2877.2,2876.4,2876.4,26.879999,25.730000,going to home base
2024-04-13T03:26:49Z,2357.0,2356.8,2356.9,2592.6,2592.6,2592.5,5635.5,5635.1,5635.3,2324.4,2324.0,2324.2,3463.4,3462.9,3463.3,4362.7,4362.3,4362.3,6054.7,6052.5,6053.7,8566.8,8566.7,8566.7,5176.0,5176.4,5176.8,7393.1,7391.7,7392.3,6077.6,6077.8,6078.8,1846.9,1845.8,1845.4,3654.7,3654.5,3655.8,2524.5,2523.2,2523.9,2876.9,2876.5,2876.2,26.879999,25.719999,going to home base
2024-04-13T03:26:54Z,2357.6,2356.7,2357.1,2591.6,2591.6,2592.2,5635.5,5634.7,5635.4,2323.2,2323.0,2323.5,3462.9,3462.6,3463.4,4362.9,4362.5,4362.8,6056.6,6054.5,6055.3,8569.2,8567.9,8567.6,5177.2,5176.2,5176.7,7392.1,7391.0,7390.6,6076.4,6076.8,6077.5,1847.1,1845.8,1845.7,3654.3,3653.9,3655.1,2524.1,2523.9,2523.8,2877.4,2877.0,2877.2,26.870001,25.750000,going to home base
2024-04-13T03:26:59Z,2357.6,2357.0,2357.2,2592.4,2591.9,2592.6,5635.3,5634.6,5634.7,2323.6,2323.1,2323.8,3463.1,3462.6,3463.3,4363.2,4362.9,4362.8,6056.0,6056.0,6056.7,8566.9,8566.6,8568.7,5176.7,5177.3,5177.9,7388.0,7386.8,7387.8,6076.1,6077.4,6076.5,1847.1,1845.7,1845.6,3654.7,3654.1,3655.4,2523.8,2523.1,2523.1,2875.5,2874.6,2874.3,26.900000,25.730000,going to home base
2024-04-13T03:27:04Z,2357.3,2356.7,2357.0,2592.5,2592.6,2592.5,5634.8,5634.7,5635.2,2323.4,2323.3,2323.2,3463.7,3463.6,3462.7,4363.3,4362.9,4363.1,6054.3,6054.7,6054.9,8566.6,8566.4,8566.3,5177.2,5177.6,5178.4,7392.6,7393.4,7391.8,6077.0,6077.0,6076.8,1846.5,1844.8,1844.9,3654.5,3655.0,3655.4,2524.1,2523.3,2523.4,2874.9,2874.5,2875.6,26.879999,25.709999,going to home base
2024-04-13T03:27:09Z,2356.6,2355.9,2356.3,2591.8,2591.5,2592.2,5634.2,5634.2,5634.7,2323.0,2323.0,2323.2,3463.8,3463.2,3462.7,4363.7,4363.0,4362.9,6056.0,6055.3,6054.8,8567.7,8567.7,8566.6,5178.3,5177.1,5178.8,7392.6,7390.9,7392.1,6076.4,6074.4,6075.7,1846.2,1845.0,1844.7,3654.7,3654.4,3655.4,2524.4,2523.1,2523.4,2875.5,2875.1,2875.0,26.879999,25.700001,going to home base
2024-04-13T03:27:14Z,2356.7,2356.0,2356.1,2591.8,2591.6,2591.8,5634.5,5634.3,5634.2,2323.1,2323.1,2323.4,3463.1,3462.6,3462.5,4362.7,4362.9,4363.0,6055.0,6055.4,6056.2,8566.0,8567.4,8566.9,5178.6,5178.0,5179.2,7392.3,7391.1,7390.1,6077.3,6077.0,6078.3,1846.9,1845.6,1845.4,3654.3,3654.6,3655.4,2524.3,2523.5,2523.7,2877.2,2876.2,2876.9,26.879999,25.750000,going to home base
2024-04-13T03:27:19Z,2357.5,2357.4,2357.1,2592.2,2592.0,2592.2,5634.3,5634.1,5633.9,2323.1,2323.1,2323.7,3463.5,3463.0,3463.1,4363.5,4362.8,4362.9,6055.1,6054.2,6053.9,8568.3,8568.7,8569.1,5176.7,5177.0,5178.0,7392.6,7392.3,7391.0,6076.5,6076.3,6076.6,1847.1,1845.3,1845.3,3654.3,3654.3,3655.0,2524.3,2523.6,2523.5,2876.2,2875.7,2876.6,26.870001,25.740000,going to home base
2024-04-13T03:27:24Z,2356.7,2356.4,2356.3,2592.2,2592.3,2592.7,5635.0,5634.8,5634.5,2322.9,2322.8,2323.6,3463.3,3463.2,3463.2,4363.6,4362.9,4363.1,6054.7,6054.7,6055.8,8566.9,8565.5,8565.7,5177.1,5175.6,5177.4,7390.8,7391.2,7391.3,6076.8,6076.1,6076.3,1845.8,1844.6,1845.3,3654.5,3654.6,3655.9,2524.5,2523.3,2523.9,2876.3,2875.2,2875.9,26.860001,25.730000,going to home base
2024-04-13T03:27:29Z,2357.3,2357.0,2357.1,2591.9,2592.1,2592.8,5635.0,5634.6,5634.8,2323.3,2322.9,2323.1,3463.1,3463.2,3462.9,4363.5,4363.5,4362.7,6055.4,6055.4,6056.7,8566.7,8565.7,8568.5,5177.2,5176.0,5178.1,7392.1,7390.5,7390.4,6076.2,6076.2,6075.9,1846.8,1845.1,1845.0,3654.6,3653.7,3655.0,2524.4,2523.6,2523.9,2876.1,2875.0,2875.5,26.879999,25.750000,going to home base
2024-04-13T03:27:34Z,2357.2,2357.1,2356.8,2592.8,2592.7,2592.9,5635.0,5634.6,5634.7,2323.5,2323.2,2323.7,3463.7,3463.1,3462.9,4363.1,4362.9,4362.8,6054.8,6056.6,6056.4,8566.9,8564.2,8566.2,5177.8,5177.2,5177.9,7391.4,7390.6,7390.1,6075.6,6075.3,6074.4,1847.2,1846.0,1845.8,3654.2,3654.4,3655.1,2524.3,2523.4,2523.4,2877.1,2876.5,2876.6,26.900000,25.700001,going to home base
2024-04-13T03:27:44Z,2356.9,2356.2,2356.9,2593.3,2593.2,2593.8,5635.3,5634.8,5634.6,2323.3,2323.2,2323.9,3463.2,3462.8,3463.0,4362.4,4362.4,4362.4,6055.3,6055.8,6055.6,8start,26591.1,26592.1,2357.7,2356.9,2357.2,2592.5,2592.1,2592.8,5635.0,5634.9,5635.3,3730.7,87726.2,87632.1,14045.2,14046.6,14038.1,3462.7,3462.4,3462.5,4362.3,4362.2,4362.2,6056.1,16406.1,going to home base
2024-04-13T03:27:54Z,2357.8,2357.0,2357.1,2591.8,2591.5,2591.9,5635.6,5635.3,5635.5,2322.8,2322.9,2323.3,3463.1,3462.9,3462.8,4362.8,4363.0,4362.3,6057.7,6057.2,6058.6,8566.1,8566.6,8567.0,5176.7,5175.8,5176.7,7389.0,7388.5,7387.7,6073.7,6074.3,6074.1,1847.1,1845.7,1845.8,3653.7,3653.5,3655.1,2523.6,2523.0,2523.1,2875.6,2875.5,2875.6,26.860001,25.639999,going to home base
2024-04-13T03:28:04Z,2357.4,2356.6,2357.0,2592.2,2592.2,2592.1,5635.7,5635.0,5635.3,2322.7,2322.1,2322.3,3463.0,3463.8,3462.7,4362.5,4362.2,4362.1,6053.3,6053.2,6055.3,8567.4,8567.5,8568.7,5176.4,5175.1,5176.4,7388.2,7388.4,7389.0,6076.2,6077.1,6078.7,1847.2,1845.3,1845.4,3654.8,3654.7,3655.4,2523.9,2523.0,2523.0,2874.6,2874.2,2874.5,26.870001,25.639999,going to home base
2024-04-13T03:28:09Z,2356.8,2356.1,2356.4,2592.1,2592.3,2592.3,5635.0,5634.9,5634.6,2322.7,2323.3,2323.3,3462.8,3462.2,3462.6,4363.0,4362.9,4363.3,6054.9,6054.8,6054.4,8565.1,8565.4,8564.8,5177.2,5176.4,5176.9,7388.5,7388.1,7387.7,6076.9,6075.4,6075.8,1846.7,1845.4,1845.4,3654.2,3653.3,3654.4,2523.6,2523.3,2523.3,2874.5,2873.2,2874.1,26.879999,25.629999,going to home base
2024-04-13T03:28:14Z,2357.4,2357.2,2357.4,2592.2,2591.7,2592.2,5634.6,5634.0,5634.5,2323.1,2322.9,2323.6,3462.6,3461.6,3462.9,4362.8,4362.7,4363.1,6057.9,6056.5,6057.0,8568.2,8566.7,8565.9,5176.1,5175.6,5177.2,7389.5,7387.2,7387.1,6076.4,6076.5,6077.9,1846.6,1844.9,1845.0,3653.3,3653.2,3654.3,2523.8,2523.4,2523.5,2873.4,2872.6,2873.2,26.870001,25.660000,going to home base
2024-04-13T03:28:19Z,2357.2,2356.4,2356.6,2591.4,2591.6,2591.8,5635.1,5635.1,5634.9,2322.4,2322.4,2322.9,3463.7,3463.5,3463.0,4363.4,4362.6,4362.5,6053.7,6054.1,6054.3,8566.7,8567.3,8565.8,5175.4,5175.0,5176.3,7389.8,7388.8,7387.3,6074.6,6075.9,6076.9,1847.1,1845.5,1845.6,3653.4,3653.8,3654.2,2524.0,2523.1,2523.4,2875.2,2874.3,2874.6,26.860001,25.660000,going to home base
2024-04-13T03:28:24Z,2357.3,2356.6,2356.8,2592.0,2591.7,2592.1,5635.0,5634.7,5634.5,2322.7,2323.0,2322.9,3463.5,3463.1,3462.0,4363.5,4362.9,4363.0,6056.2,6057.7,6055.4,8568.2,8567.8,8568.9,5177.8,5177.0,5176.8,7389.7,7387.6,7388.1,6077.6,6076.3,6077.0,1846.7,1845.2,1845.2,3654.1,3652.9,3654.7,2523.5,2523.0,2522.6,2876.1,2874.7,2876.2,26.879999,25.700001,going to home base
2024-04-13T03:28:29Z,2357.2,2356.3,2356.7,2592.8,2592.2,2592.4,5635.2,5635.1,5634.8,2323.0,2322.8,2323.1,3463.2,3462.6,3462.5,4362.9,4362.7,4362.4,6052.5,6053.8,6053.6,8567.5,8567.0,8566.8,5176.1,5175.0,5176.0,7390.3,7389.4,7389.0,6073.9,6074.6,6076.5,1846.3,1845.1,1845.6,3653.4,3653.1,3654.4,2523.5,2522.5,2522.3,2875.8,2874.7,2875.9,26.870001,25.600000,going to home base
2024-04-13T03:28:34Z,2356.9,2356.3,2356.4,2591.4,2591.3,2591.9,5635.2,5635.0,5635.0,2323.2,2323.2,2323.4,3463.4,3463.0,3463.1,4362.6,4362.5,4362.5,6052.8,6052.4,6052.7,8566.7,8568.9,8567.8,5178.2,5176.9,5178.2,7389.5,7388.4,7388.2,6074.4,6074.6,6074.4,1847.0,1845.2,1845.0,3653.6,3653.6,3655.4,2523.1,2522.6,2522.6,2875.2,2875.2,2874.6,26.860001,25.660000,going to home base
2024-04-13T03:28:39Z,2357.0,2356.3,2356.4,2591.9,2592.3,2593.1,5635.1,5635.0,5634.4,2322.1,2322.7,2323.1,3463.3,3462.9,3462.4,4362.7,4362.5,4362.6,6054.0,6053.8,6054.4,8566.9,8569.5,8569.0,5175.8,5176.1,5176.9,7389.0,7388.2,7387.7,6073.6,6075.0,6075.8,1847.1,1845.8,1845.5,3653.6,3653.5,3654.3,2523.5,2522.6,2523.1,2874.6,2873.9,2873.6,26.860001,25.700001,going to home base
2024-04-13T03:28:44Z,2356.7,2356.0,2356.2,2592.1,2591.5,2592.0,5635.3,5634.8,5634.8,2322.9,2322.9,2323.5,3463.7,3462.6,3463.3,4362.9,4363.1,4362.8,6053.4,6052.2,6052.7,8567.4,8567.1,8567.2,5176.2,5176.8,5177.7,7388.9,7387.4,7388.3,6076.0,6076.7,6076.5,1847.0,1845.7,1845.4,3653.4,3653.7,3654.3,2523.5,2522.9,2522.9,2874.9,2874.2,2874.2,26.870001,25.709999,going to home base
2024-04-13T03:28:49Z,2356.4,2356.2,2356.7,2591.8,2591.9,2592.1,5634.7,5634.4,5634.4,2323.7,2323.3,2323.9,3464.0,3463.3,3463.1,4362.6,4362.4,4362.5,6051.4,6052.1,6053.1,8568.8,8569.1,8569.1,5176.2,5176.4,5176.6,7386.6,7387.6,7387.9,6074.8,6075.3,6075.9,1847.5,1845.8,1846.1,3653.2,3653.3,3654.0,2523.7,2522.8,2523.2,2875.4,2875.7,2875.5,26.860001,25.700001,going to home base
2024-04-13T03:28:54Z,2356.6,2356.0,2356.4,2591.9,2591.3,2591.3,5634.6,5634.2,5634.6,2322.9,2322.6,2323.2,3463.7,3463.1,3463.4,4362.6,4362.5,4362.2,6051.6,6051.5,6052.1,8570.3,8568.6,8568.2,5175.4,5174.7,5176.3,7387.8,7387.5,7387.3,6074.2,6075.4,6075.4,1847.2,1845.8,1845.6,3653.6,3653.4,3654.5,2523.9,2523.0,2523.3,2874.6,2874.5,2875.8,26.870001,25.750000,going to home base
2024-04-13T03:28:59Z,2357.1,2356.6,2357.0,2591.5,2591.9,2592.4,5635.1,5634.9,5635.4,2322.9,2322.5,2323.0,3463.8,3463.2,3463.3,4363.0,4362.9,4362.7,6050.7,6051.3,6051.0,8569.6,8566.6,8566.7,5176.1,5175.9,5175.9,7388.9,7387.2,7388.0,6076.4,6077.5,6075.6,1847.3,1845.6,1846.1,3653.7,3653.7,3654.6,2523.4,2522.7,2523.1,2875.3,2875.3,2874.6,26.870001,25.670000,going to home base
2024-04-13T03:29:04Z,2356.9,2356.5,2356.5,2591.3,2591.1,2592.0,5635.0,5634.7,5634.5,2323.0,2323.0,2323.1,3462.8,3462.7,3462.1,4363.2,4362.5,4363.1,6051.5,6053.3,6054.8,8567.4,8568.3,8570.9,5175.4,5175.6,5176.8,7386.9,7388.0,7387.0,6077.6,6076.2,6076.6,1846.9,1845.5,1845.2,3652.8,3652.9,3653.9,2524.9,2523.6,2523.6,2876.1,2875.0,2875.7,26.900000,25.700001,going to home base
2024-04-13T03:29:09Z,2357.7,2357.0,2357.0,2592.2,2591.9,2592.3,5634.4,5634.7,5634.1,2323.3,2323.6,2323.7,3464.1,3463.7,3463.8,4362.3,4362.0,4362.2,6050.7,6051.0,6051.2,8566.7,8566.9,8569.9,5174.7,5173.9,5175.4,7388.6,7389.0,7388.7,6077.0,6075.8,6076.4,1846.8,1845.7,1845.4,3652.9,3652.7,3653.4,2523.9,2523.2,2522.8,2876.5,2876.5,2876.7,26.870001,25.670000,going to home base
2024-04-13T03:29:14Z,2357.1,2356.6,2356.7,2592.0,2592.1,2592.2,5634.1,5634.1,5634.0,2323.9,2324.2,2324.5,3463.6,3463.6,3463.6,4362.4,4362.4,4362.4,6054.7,6053.4,6054.2,8566.8,8569.5,8568.0,5175.5,5174.7,5177.0,7387.9,7385.1,7384.2,6074.7,6074.9,6076.1,1847.2,1845.5,1845.7,3653.2,3653.1,3653.5,2524.6,2523.9,2524.6,2876.9,2875.9,2876.1,26.870001,25.680000,going to home base
2024-04-13T03:29:19Z,2357.3,2356.6,2356.8,2591.9,2591.3,2591.7,5634.4,5633.9,5634.1,2323.6,2323.4,2323.8,3462.1,3461.6,3461.1,4362.4,4361.9,4362.3,6054.1,6052.8,6053.4,8567.7,8567.3,8567.2,5174.3,5174.0,5174.6,7387.3,7386.0,7385.7,6075.2,6075.2,6075.5,1846.5,1845.0,1844.9,3652.2,3652.1,3653.8,2523.5,2523.0,2522.4,2874.9,2874.3,2874.6,26.870001,25.660000,going to home base
2024-04-13T03:29:24Z,2356.9,2356.3,2356.2,2591.8,2591.2,2591.5,5633.3,5633.2,5633.2,2323.1,2323.2,2324.0,3462.4,3462.1,3462.1,4361.8,4361.6,4361.6,6052.1,6050.9,6051.2,8565.9,8565.6,8565.8,5175.7,5175.1,5175.7,7385.9,7385.4,7385.5,6077.9,6076.7,6078.9,1847.2,1845.4,1845.6,3653.9,3653.9,3654.8,2523.7,2522.5,2522.6,2874.8,2873.2,2874.5,26.860001,25.570000,going to home base
2024-04-13T03:29:29Z,2357.6,2357.0,2356.8,2591.6,2590.9,2591.4,5633.9,5633.1,5633.4,2323.2,2323.0,2323.5,3463.2,3463.6,3463.1,4362.5,4362.3,4362.2,6052.9,6052.9,6054.3,8565.5,8564.0,8567.4,5173.6,5174.5,5173.5,7388.5,7386.7,7388.2,6075.4,6075.4,6075.3,1847.0,1845.4,1845.5,3653.5,3653.8,3654.0,2523.8,2522.9,2523.1,2875.6,2875.3,2875.5,26.870001,25.670000,going to home base
2024-04-13T03:29:34Z,2356.3,2355.9,2356.4,2591.9,2591.9,2592.6,5634.1,5633.7,5634.2,2323.4,2323.1,2323.6,3463.4,3462.7,3462.5,4362.3,4362.5,4362.1,6051.5,6051.4,6053.5,8566.1,8566.5,8569.1,5174.5,5173.7,5175.8,7386.8,7385.5,7385.8,6075.1,6075.2,6075.5,1847.3,1845.6,1845.7,3652.1,3652.5,3653.7,2524.1,2523.1,2523.2,2876.6,2875.9,2875.6,26.860001,25.700001,going to home base
2024-04-13T03:29:39Z,2356.7,2355.8,2356.1,2591.1,2590.8,2591.7,5634.1,5633.9,5633.9,2323.3,2323.4,2324.3,3462.7,3462.3,3462.2,4361.9,4362.0,4361.9,6052.1,6052.8,6050.6,8563.9,8566.7,8565.4,5174.5,5174.3,5174.9,7387.3,7386.3,7386.7,6075.8,6076.2,6076.9,1846.7,1845.2,1845.3,3653.0,3652.7,3653.7,2524.5,2523.3,2523.6,2877.0,2875.4,2875.1,26.870001,25.740000,going to home base
2024-04-13T03:29:44Z,2356.5,2355.5,2356.0,2591.2,2591.5,2591.5,5634.2,5633.4,5633.8,2323.4,2323.4,2323.9,3463.3,3462.6,3462.2,4362.3,4362.3,4361.9,6053.9,6053.8,6055.3,8563.2,8563.0,8562.1,5173.1,5173.4,5174.7,7387.3,7386.8,7387.4,6075.5,6075.7,6075.6,1847.1,1845.5,1845.5,3653.5,3653.7,3654.5,2524.2,2523.2,2524.0,2877.2,2877.0,2876.2,26.860001,25.740000,going to home base
2024-04-13T03:29:49Z,2356.3,2356.1,2356.1,2591.5,2591.0,2591.7,5634.3,5634.2,5634.7,2323.7,2324.0,2324.2,3464.2,3463.5,3463.3,4361.9,4362.0,4362.1,6051.5,6052.9,6052.8,8564.6,8563.8,8563.9,5174.2,5173.7,5174.0,7386.8,7385.9,7386.0,6075.0,6074.2,6074.3,1846.4,1845.6,1845.7,3652.5,3652.8,3653.6,2525.6,2524.6,2525.0,2875.5,2874.2,2874.1,26.840000,25.709999,going to home base
2024-04-13T03:29:54Z,2355.9,2355.5,2355.7,2591.8,2591.3,2592.0,5634.0,5633.5,5632.6,2323.5,2323.1,2323.5,3462.5,3462.2,3462.6,4362.0,4361.8,4362.1,6050.7,6052.6,6052.4,8566.5,8566.7,8565.5,5172.2,5172.8,5173.8,7387.8,7386.3,7387.7,6075.0,6074.6,6074.7,1846.3,1844.9,1844.8,3652.8,3653.4,3653.7,2524.9,2524.2,2524.5,2874.8,2874.1,2874.7,26.870001,25.730000,going to home base
2024-04-13T03:29:59Z,2356.5,2355.7,2356.0,2591.3,2591.5,2591.9,5633.6,5633.3,5633.3,2323.2,2323.0,2323.4,3462.9,3462.8,3462.7,4362.7,4362.5,4362.4,6050.9,6052.1,6051.6,8567.4,8564.0,8564.1,5175.4,5174.2,5175.2,7387.8,7386.9,7386.4,6074.7,6075.3,6074.3,1846.2,1844.7,1844.6,3652.6,3652.8,3653.2,2524.4,2523.9,2524.0,2875.7,2875.6,2875.6,26.860001,25.740000,going to home base
2024-04-13T03:30:04Z,2356.1,2355.6,2356.1,2591.2,2590.8,2591.4,5633.2,5633.3,5633.2,2323.2,2323.1,2323.3,3462.6,3461.8,3462.5,4362.2,4361.8,4362.1,6051.1,6051.7,6051.9,8566.4,8566.7,8568.1,5174.4,5174.2,5175.3,7388.2,7386.8,7386.6,6075.0,6075.2,6076.1,1847.1,1845.3,1845.1,3652.7,3652.7,3653.8,2525.1,2523.6,2524.5,2876.6,2875.7,2876.1,26.860001,25.719999,going to home base
2024-04-13T03:30:09Z,2356.4,2355.6,2355.9,2592.0,2591.7,2592.6,5633.6,5633.1,5633.2,2322.9,2322.7,2323.6,3463.1,3462.7,3462.4,4361.5,4361.6,4361.3,6049.9,6049.3,6050.6,8566.8,8566.2,8566.0,5175.6,5174.1,5175.0,7389.3,7387.7,7388.4,6073.3,6072.0,6072.0,1846.1,1844.8,1844.4,3653.8,3653.6,3654.2,2524.6,2524.3,2523.8,2876.9,2876.1,2876.6,26.870001,25.750000,going to home base
2024-04-13T03:30:14Z,2356.1,2355.3,2355.4,2592.0,2591.6,2591.4,5633.6,5633.0,5633.1,2323.1,2323.2,2323.6,3462.9,3462.7,3462.5,4361.8,4361.9,4361.7,6053.1,6050.8,6051.0,8567.4,8566.7,8566.1,5174.7,5174.0,5174.2,7388.1,7387.8,7388.4,6072.4,6073.6,6073.0,1846.1,1844.7,1844.6,3653.1,3653.4,3654.1,2523.6,2523.0,2523.3,2877.1,2876.4,2877.2,26.840000,25.670000,going to home base
2024-04-13T03:30:19Z,2356.6,2355.5,2355.7,2591.7,2591.6,2592.1,5633.6,5633.1,5632.8,2322.3,2322.0,2322.5,3462.3,3461.8,3462.1,4362.6,4362.8,4362.3,6052.7,6050.9,6050.7,8564.7,8567.4,8566.5,5174.6,5174.3,5175.1,7387.6,7388.6,7386.9,6075.5,6074.6,6075.2,1846.2,1844.8,1844.8,3653.4,3652.9,3654.1,2524.0,2523.1,2523.5,2877.5,2876.3,2877.0,26.840000,25.670000,going to home base
2024-04-13T03:30:24Z,2356.2,2355.4,2356.3,2591.9,2591.5,2591.9,5633.6,5633.5,5633.2,2322.2,2322.9,2323.0,3463.8,3462.9,3462.8,4361.4,4361.1,4361.6,6050.8,6052.1,6052.4,8564.8,8564.2,8562.7,5173.9,5172.0,5173.5,7390.0,7387.7,7388.3,6077.7,6077.0,6075.8,1846.4,1845.3,1845.0,3652.8,3653.2,3654.0,2524.9,2523.9,2523.7,2878.1,2876.8,2877.5,26.860001,25.719999,going to home base
2024-04-13T03:30:29Z,2356.3,2355.6,2355.8,2591.7,2591.1,2591.6,5633.4,5633.0,5632.9,2322.5,2322.4,2322.9,3463.2,3462.9,3462.7,4361.9,4362.0,4362.1,6051.1,6050.8,6050.2,8567.9,8565.6,8566.1,5173.3,5173.0,5173.4,7387.8,7387.1,7387.8,6075.0,6074.2,6074.9,1846.6,1844.9,1845.1,3653.2,3653.1,3653.8,2524.2,2523.3,2523.1,2877.2,2876.4,2876.0,26.879999,25.709999,going to home base
2024-04-13T03:30:34Z,2356.7,2356.2,2356.5,2591.6,2591.0,2591.7,5633.4,5632.7,5633.1,2323.3,2323.2,2323.3,3463.1,3463.2,3463.1,4361.9,4361.9,4361.3,6050.8,6050.1,6050.2,8568.5,8566.6,8564.4,5173.3,5173.6,5173.5,7386.8,7388.1,7388.7,6073.5,6072.9,6072.7,1846.7,1844.9,1845.3,3653.1,3652.9,3653.6,2524.0,2523.6,2522.7,2876.1,2875.2,2876.3,26.879999,25.730000,going to home base
2024-04-13T03:30:39Z,2356.2,2355.6,2356.1,2591.5,2591.8,2592.2,5633.9,5633.3,5633.7,2322.7,2323.0,2322.8,3463.7,3462.9,3462.6,4361.4,4361.6,4361.8,6052.4,6052.0,6051.9,8564.8,8563.1,8563.0,5174.7,5174.3,5175.6,7389.3,7388.1,7387.0,6073.8,6075.2,6073.8,1846.5,1844.6,1845.0,3653.5,3653.3,3654.1,2524.0,2523.3,2524.1,2876.6,2876.3,2876.9,26.860001,25.730000,going to home base
2024-04-13T03:30:44Z,2356.4,2355.6,2356.1,2591.2,2590.7,2591.3,5633.4,5632.9,5633.5,2322.9,2322.7,2323.9,3463.9,3463.6,3462.6,4361.6,4361.5,4361.7,6053.0,6051.2,6051.0,8564.4,8564.3,8562.7,5174.8,5174.5,5175.0,7389.4,7387.2,7388.4,6073.2,6073.1,6075.3,1846.5,1845.0,1844.7,3653.4,3653.2,3653.7,2524.4,2523.6,2523.4,2874.9,2874.9,2875.4,26.879999,25.700001,going to home base
2024-04-13T03:30:49Z,2356.4,2355.9,2356.1,2591.2,2591.1,2591.4,5633.6,5633.4,5633.3,2322.9,2323.3,2323.6,3462.5,3462.6,3462.0,4361.3,4361.5,4361.3,6050.9,6052.2,6053.5,8566.0,8566.5,8567.1,5172.2,5173.9,5174.2,7389.0,7390.2,7389.2,6074.1,6074.6,6075.6,1846.1,1844.5,1844.5,3653.2,3653.2,3654.3,2524.0,2523.2,2523.7,2875.7,2876.3,2875.9,26.860001,25.730000,going to home base
2024-04-13T03:30:54Z,2356.7,2355.9,2356.0,2590.9,2590.8,2590.9,5633.5,5632.8,5633.5,2322.9,2322.4,2323.1,3463.1,3462.8,3462.9,4361.6,4361.9,4362.1,6053.3,6053.7,6053.9,8561.5,8564.6,8562.4,5174.8,5175.2,5175.8,7387.2,7387.3,7386.6,6071.1,6072.1,6073.3,1846.3,1845.2,1845.0,3652.9,3653.1,3653.7,2524.3,2523.9,2524.0,2876.1,2875.9,2876.3,26.830000,25.660000,going to home base
2024-04-13T03:30:59Z,2356.1,2355.3,2354.8,2591.9,2591.8,2592.0,5634.2,5634.0,5633.7,2323.5,2322.7,2323.6,3462.8,3462.7,3462.6,4360.9,4361.5,4362.2,6052.8,6052.8,6053.5,8563.0,8561.7,8563.8,5174.8,5175.0,5175.3,7388.6,7386.9,7388.0,6074.2,6074.5,6073.9,1846.1,1845.2,1844.9,3652.6,3652.4,3653.4,2523.6,2522.3,2521.9,2874.1,2873.3,2874.7,26.870001,25.680000,going to home base
2024-04-13T03:31:04Z,2356.7,2356.0,2356.1,2590.6,2590.7,2591.2,5634.5,5633.9,5634.2,2322.7,2323.2,2323.5,3462.3,3461.9,3461.7,4361.5,4361.0,4361.5,6053.3,6053.6,6052.6,8562.8,8561.6,8562.1,5172.9,5173.7,5174.9,7389.2,7388.2,7385.8,6073.0,6074.5,6074.9,1846.1,1844.6,1844.5,3652.3,3652.0,3653.4,2523.6,2522.3,2522.7,2873.5,2873.4,2873.2,26.860001,25.709999,going to home base
2024-04-13T03:31:09Z,2356.0,2356.0,2356.0,2591.1,2590.6,2590.9,5634.4,5633.8,5633.7,2323.3,2323.1,2323.2,3464.0,3462.5,3462.6,4361.5,4361.7,4361.3,6054.5,6054.1,6054.4,8561.1,8561.5,8561.5,5173.1,5174.6,5174.5,7387.7,7387.0,7388.5,6075.3,6074.7,6073.5,1846.2,1844.7,1844.7,3652.6,3652.8,3653.6,2523.3,2522.7,2522.4,2874.0,2873.6,2873.7,26.860001,25.730000,going to home base
2024-04-13T03:31:14Z,2356.0,2355.6,2355.6,2591.7,2591.3,2591.5,5634.2,5633.3,5633.7,2323.1,2323.0,2323.1,3464.2,3463.6,3463.7,4362.5,4361.7,4362.0,6053.0,6053.6,6052.5,8564.8,8562.7,8564.3,5174.6,5174.5,5175.3,7389.1,7388.3,7388.2,6074.9,6074.8,6076.1,1846.1,1844.8,1844.6,3652.3,3652.2,3653.1,2523.8,2523.2,2523.3,2873.7,2873.4,2874.0,26.870001,25.700001,going to home base
2024-04-13T03:31:19Z,2356.6,2355.7,2356.2,2591.0,2591.4,2591.1,5633.7,5633.1,5633.2,2322.8,2322.8,2323.3,3462.9,3462.7,3462.9,4361.9,4361.4,4361.8,6050.8,6050.5,6049.9,8564.5,8564.4,8565.3,5174.2,5172.6,5172.3,7385.5,7386.5,7386.6,6072.5,6073.3,6073.8,1846.6,1845.0,1844.6,3652.5,3652.6,3653.4,2523.7,2523.4,2522.9,2874.2,2873.9,2873.6,26.870001,25.670000,going to home base
2024-04-13T03:31:24Z,2356.0,2355.4,2355.4,2591.5,2591.4,2591.8,5633.2,5632.9,5632.7,2323.3,2322.8,2323.1,3462.4,3461.8,3461.2,4361.7,4362.5,4361.8,6050.4,6050.3,6049.9,8567.3,8564.8,8565.0,5172.9,5173.0,5174.2,7385.9,7385.8,7385.7,6076.0,6074.6,6075.0,1846.0,1844.5,1844.1,3652.9,3652.4,3653.1,2523.4,2522.7,2522.8,2874.4,2874.2,2874.3,26.860001,25.700001,going to home base
2024-04-13T03:31:29Z,2356.4,2355.5,2356.1,2591.2,2591.8,2592.0,5633.7,5632.8,5632.9,2322.4,2322.2,2323.2,3462.9,3462.2,3462.6,4361.1,4360.8,4361.3,6049.3,6050.2,6049.5,8567.7,8565.9,8565.0,5173.7,5172.3,5174.1,7385.4,7384.9,7384.4,6073.2,6073.9,6074.1,1846.5,1844.9,1845.2,3652.1,3652.3,3652.9,2523.7,2523.5,2523.4,2874.9,2873.7,2874.3,26.860001,25.660000,going to home base
2024-04-13T03:31:34Z,2356.2,2355.7,2356.0,2591.1,2591.3,2591.9,5632.6,5632.7,5632.5,2323.2,2323.6,2323.8,3462.0,3461.6,3461.5,4361.8,4361.3,4361.0,6052.0,6051.5,6052.1,8565.5,8565.9,8565.4,5170.9,5171.9,5172.5,7386.0,7384.9,7386.4,6073.2,6072.3,6073.4,1846.2,1845.1,1845.1,3651.7,3651.9,3652.3,2523.7,2522.9,2523.2,2875.4,2875.5,2875.5,26.860001,25.740000,going to home base
2024-04-13T03:31:39Z,2355.9,2355.8,2355.7,2592.3,2591.3,2591.8,5633.3,5632.5,5633.0,2322.8,2323.0,2323.6,3461.5,3461.2,3460.4,4361.7,4361.1,4361.7,6051.4,6052.0,6052.4,8568.5,8567.0,8567.4,5172.5,5172.5,5173.6,7387.5,7385.6,7387.3,6072.3,6071.2,6071.5,1845.8,1844.5,1844.9,3651.7,3652.0,3653.0,2523.7,2523.2,2522.9,2876.6,2876.5,2877.0,26.860001,25.709999,going to home base
2024-04-13T03:31:44Z,2355.9,2355.5,2355.8,2591.5,2591.4,2591.8,5633.0,5632.7,5633.0,2322.8,2322.6,2322.8,3462.5,3462.6,3462.2,4361.7,4361.6,4361.6,6053.5,6053.2,6053.6,8566.4,8563.7,8565.9,5172.2,5170.7,5171.6,7390.1,7388.1,7388.8,6071.4,6072.4,6070.9,1845.8,1844.6,1844.2,3652.2,3652.1,3652.6,2524.0,2522.8,2523.5,2875.2,2875.3,2875.0,26.860001,25.700001,going to home base
2024-04-13T03:31:49Z,2355.6,2354.8,2354.7,2591.1,2591.4,2591.7,5633.2,5633.1,5633.1,2322.1,2322.3,2322.7,3463.8,3463.2,3462.8,4361.9,4361.3,4361.3,6051.9,6053.7,6052.8,8565.1,8565.1,8563.2,5174.0,5173.5,5174.0,7385.7,7386.0,7387.8,6074.1,6073.8,6072.6,1845.9,1844.4,1844.4,3652.6,3652.3,3653.4,2524.1,2523.3,2523.5,2876.2,2876.0,2876.4,26.840000,25.730000,going to home base
2024-04-13T03:31:54Z,2355.6,2355.0,2355.5,2591.0,2590.5,2591.1,5633.1,5632.9,5632.9,2322.8,2322.1,2322.3,3463.2,3463.0,3463.2,4361.7,4361.3,4361.5,6052.4,6053.5,6052.7,8565.4,8566.1,8565.5,5173.4,5173.3,5172.3,7386.0,7385.8,7386.6,6073.8,6072.9,6073.5,1845.8,1844.6,1844.8,3652.9,3653.2,3654.5,2523.4,2522.8,2523.0,2875.7,2875.7,2876.0,26.860001,25.670000,going to home base
2024-04-13T03:31:59Z,2356.0,2355.3,2355.8,2591.1,2591.4,2591.5,5633.7,5633.3,5633.1,2322.5,2322.4,2322.7,3462.9,3462.7,3462.3,4360.7,4360.7,4360.4,6049.7,6050.2,6050.4,8567.0,8564.8,8565.1,5172.6,5172.2,5173.4,7385.7,7386.1,7385.5,6072.5,6072.2,6073.8,1846.6,1845.2,1844.8,3652.8,3652.8,3653.7,2523.3,2522.5,2522.5,2876.3,2875.8,2876.2,26.840000,25.700001,going to home base
2024-04-13T03:32:04Z,2356.0,2354.7,2354.9,2590.9,2590.9,2591.0,5633.2,5632.3,5633.0,2322.9,2322.6,2323.1,3463.1,3462.0,3463.1,4361.1,4361.3,4361.7,6050.5,6051.2,6049.6,8564.6,8565.2,8566.2,5171.5,5172.6,5173.1,7387.5,7385.5,7386.2,6072.5,6072.9,6073.1,1846.4,1845.0,1844.6,3652.6,3652.9,3653.4,2523.0,2522.3,2522.6,2876.3,2876.9,2876.3,26.840000,25.670000,going to home base
2024-04-13T03:32:09Z,2355.7,2355.3,2355.6,2590.5,2590.7,2591.2,5633.5,5632.8,5632.9,2322.5,2322.4,2323.4,3463.0,3462.6,3462.3,4361.4,4361.2,4361.5,6050.1,6050.2,6051.2,8567.2,8566.3,8565.2,5174.0,5172.9,5174.2,7388.5,7386.2,7386.9,6072.0,6071.7,6073.0,1846.3,1844.7,1844.6,3651.2,3650.8,3652.2,2522.6,2522.0,2522.2,2877.2,2876.0,2877.0,26.860001,25.650000,going to home base
2024-04-13T03:32:14Z,2356.5,2355.6,2356.4,2589.9,2590.2,2590.1,5632.5,5632.9,5633.3,2323.2,2323.3,2323.7,3463.0,3462.2,3462.5,4360.9,4361.3,4361.3,6052.2,6051.1,6050.2,8566.9,8565.7,8568.6,5174.9,5174.0,5175.0,7387.4,7386.6,7386.3,6073.0,6072.2,6072.3,1845.9,1844.8,1844.8,3652.6,3652.2,3653.1,2523.9,2522.5,2522.7,2875.1,2875.5,2875.0,26.840000,25.670000,going to home base
2024-04-13T03:32:19Z,2356.2,2356.0,2355.9,2590.9,2590.8,2591.6,5633.7,5633.5,5633.1,2323.0,2322.7,2322.9,3462.6,3462.5,3462.3,4361.3,4361.2,4361.6,6051.0,6050.2,6052.3,8565.0,8566.3,8567.0,5172.7,5172.4,5174.0,7387.6,7386.2,7386.6,6071.9,6071.2,6071.2,1845.6,1844.0,1844.0,3651.7,3651.4,3652.7,2523.1,2522.0,2522.0,2875.9,2874.6,2875.9,26.860001,25.660000,going to home base
2024-04-13T03:32:24Z,2356.4,2356.0,2356.0,2591.1,2591.0,2591.0,5633.5,5632.8,5633.4,2322.5,2322.5,2323.0,3463.3,3462.6,3462.5,4361.7,4361.4,4361.3,6050.5,6051.5,6051.1,8565.6,8564.6,8562.7,5174.4,5173.7,5174.4,7386.8,7387.2,7385.6,6072.5,6072.5,6073.3,1845.7,1844.2,1844.3,3651.5,3651.5,3652.7,2523.2,2522.2,2522.5,2876.4,2876.6,2877.4,26.860001,25.680000,going to home base
2024-04-13T03:32:29Z,2356.0,2355.4,2355.9,2590.4,2590.8,2590.7,5632.9,5633.0,5632.5,2323.1,2323.0,2323.6,3462.2,3462.1,3462.3,4361.4,4361.3,4361.5,6053.0,6052.5,6051.2,8564.6,8565.3,8565.1,5172.5,5172.8,5173.7,7388.5,7386.3,7386.2,6073.6,6072.7,6073.4,1845.8,1844.6,1844.1,3651.8,3651.8,3652.7,2523.1,2522.1,2521.8,2876.9,2876.3,2876.1,26.870001,25.670000,going to home base
2024-04-13T03:32:39Z,2356.2,2355.4,2355.9,2591.0,2591.0,2591.0,5633.5,5632.9,5633.1,2322.8,2322.7,2323.3,3463.2,3462.4,3462.8,4361.0,4360start,26572.7,26569.7,2356.4,2355.6,5633.6,5633.6,5633.9,2322.6,2322.7,2322.9,3730.4,3730.3,87726.8,87691.5,14029.0,14029.5,4361.1,4360.7,4360.6,6051.3,6051.6,6050.0,16395.3,16396.6,33911.3,33902.6,8563.9,8565.0,5173.4,5173.6,going to home base
2024-04-13T03:32:49Z,2355.8,2355.2,2355.3,2591.0,2591.2,2591.2,5633.0,5632.8,5632.6,2323.4,2323.5,2323.9,3463.9,3463.6,3463.3,4361.1,4360.6,4360.7,6050.9,6051.2,6050.7,8565.3,8564.9,8565.0,5173.2,5172.2,5173.1,7387.4,7386.8,7386.1,6073.7,6073.8,6075.0,1846.1,1844.6,1844.8,3652.4,3652.2,3652.8,2523.0,2522.9,2522.2,2875.7,2875.7,2876.2,26.860001,25.770000,going to home base
2024-04-13T03:32:54Z,2355.9,2355.2,2355.1,2591.2,2590.8,2591.4,5633.6,5633.2,5633.5,2324.0,2323.8,2323.8,3462.6,3462.2,3462.3,4361.4,4360.9,4361.3,6048.8,6047.7,6049.4,8562.9,8564.2,8561.7,5174.0,5173.5,5173.5,7384.6,7384.5,7384.5,6073.5,6073.5,6074.5,1846.3,1845.0,1845.0,3652.2,3652.8,3653.2,2523.7,2522.8,2522.9,2876.6,2875.7,2875.9,26.840000,25.709999,going to home base
2024-04-13T03:32:59Z,2355.7,2354.9,2355.3,2591.0,2590.4,2591.3,5633.5,5633.2,5632.9,2323.0,2322.7,2323.1,3462.6,3462.2,3462.4,4361.0,4361.0,4361.4,6049.2,6050.5,6051.1,8563.6,8561.4,8560.0,5172.9,5171.7,5173.1,7385.9,7386.0,7384.7,6075.4,6074.9,6076.3,1845.6,1844.3,1844.1,3652.0,3652.7,3653.0,2523.5,2522.8,2523.2,2877.2,2876.4,2876.9,26.870001,25.700001,going to home base
2024-04-13T03:33:04Z,2355.2,2355.0,2354.8,2591.1,2590.2,2591.1,5633.4,5633.2,5633.0,2323.2,2323.2,2323.5,3463.0,3462.3,3462.3,4361.3,4360.5,4360.5,6051.4,6051.0,6049.0,8562.5,8562.5,8561.4,5172.7,5173.5,5174.2,7387.6,7386.3,7386.5,6075.2,6074.2,6074.8,1846.0,1844.4,1844.7,3652.3,3652.1,3652.5,2523.4,2523.1,2523.0,2876.6,2876.0,2875.8,26.860001,25.700001,going to home base
2024-04-13T03:33:09Z,2355.8,2354.7,2355.5,2590.9,2591.0,2591.3,5633.7,5633.5,5633.5,2322.7,2322.4,2323.0,3462.7,3462.0,3462.2,4360.8,4361.1,4360.6,6050.6,6049.8,6049.9,8563.9,8564.1,8564.7,5173.5,5174.1,5174.6,7386.8,7386.1,7385.4,6072.0,6074.0,6073.7,1845.6,1844.5,1844.4,3652.3,3652.6,3653.1,2523.6,2523.1,2522.8,2876.8,2876.9,2876.7,26.860001,25.700001,going to home base
2024-04-13T03:33:14Z,2356.6,2355.9,2356.1,2590.9,2590.7,2590.3,5633.0,5632.9,5632.6,2323.2,2323.5,2323.6,3462.4,3462.2,3462.2,4361.1,4360.4,4360.5,6051.1,6050.6,6050.7,8564.6,8563.7,8563.8,5174.7,5174.4,5175.0,7386.2,7384.5,7384.7,6072.1,6072.5,6072.8,1846.1,1844.6,1844.2,3652.2,3652.1,3652.9,2524.2,2523.3,2523.3,2876.9,2875.8,2876.0,26.830000,25.680000,going to home base
2024-04-13T03:33:19Z,2356.4,2355.5,2355.4,2591.1,2590.7,2591.3,5632.7,5632.3,5632.4,2323.5,2323.5,2323.9,3462.9,3461.5,3461.6,4360.8,4360.7,4360.5,6048.1,6045.5,6048.4,8567.8,8567.9,8567.5,5175.4,5174.7,5175.7,7384.9,7384.6,7385.2,6074.6,6074.0,6073.3,1845.2,1843.9,1843.5,3652.3,3652.3,3652.8,2523.8,2522.9,2523.2,2875.8,2875.8,2875.5,26.840000,25.700001,going to home base
2024-04-13T03:33:24Z,2356.4,2355.7,2355.9,2591.1,2590.7,2591.3,5633.4,5633.4,5633.5,2323.6,2323.6,2324.0,3461.4,3461.5,3461.2,4361.4,4360.9,4360.9,6052.9,6051.7,6050.8,8563.9,8562.3,8563.3,5173.7,5172.3,5172.1,7387.5,7386.9,7386.7,6072.4,6073.4,6074.2,1845.8,1844.5,1844.7,3651.6,3651.9,3653.2,2523.2,2522.7,2523.1,2875.6,2875.7,2876.3,26.830000,25.680000,going to home base
2024-04-13T03:33:29Z,2356.2,2355.5,2355.7,2590.4,2590.4,2591.0,5633.2,5632.6,5632.3,2324.2,2324.1,2324.5,3462.7,3462.2,3463.0,4361.1,4361.2,4361.1,6049.3,6049.4,6048.5,8566.1,8563.7,8563.2,5174.3,5173.0,5173.9,7385.7,7383.5,7384.3,6072.7,6073.3,6071.4,1845.7,1844.4,1844.3,3652.6,3652.3,3653.1,2523.7,2522.8,2522.3,2874.6,2874.3,2874.9,26.860001,25.709999,going to home base
2024-04-13T03:33:34Z,2355.3,2354.7,2354.6,2590.8,2590.9,2591.4,5632.9,5632.0,5632.2,2323.0,2323.1,2323.6,3462.0,3461.2,3461.1,4361.4,4361.1,4361.0,6046.9,6046.5,6047.8,8561.6,8561.3,8560.2,5174.5,5174.5,5174.0,7385.3,7384.9,7384.3,6073.5,6072.5,6073.1,1845.9,1844.6,1844.6,3652.8,3652.3,3653.3,2523.5,2523.0,2523.2,2876.8,2876.8,2876.1,26.830000,25.620001,going to home base
2024-04-13T03:33:39Z,2355.5,2354.9,2355.4,2591.6,2591.6,2592.1,5633.3,5632.1,5633.4,2323.4,2323.2,2323.8,3461.9,3462.0,3462.1,4361.5,4360.9,4360.9,6050.4,6051.4,6051.1,8560.9,8561.4,8563.6,5174.7,5174.2,5175.1,7384.9,7384.6,7384.8,6072.2,6073.0,6073.1,1845.4,1844.0,1844.0,3651.7,3652.1,3653.0,2523.8,2522.4,2522.5,2875.6,2875.3,2876.4,26.870001,25.680000,going to home base
2024-04-13T03:33:44Z,2356.4,2355.8,2356.0,2590.8,2591.0,2591.0,5633.0,5632.8,5633.0,2323.4,2323.5,2323.7,3462.5,3461.9,3461.7,4360.6,4360.6,4360.7,6051.4,6051.0,6051.8,8565.3,8568.6,8563.2,5172.6,5173.6,5175.1,7385.9,7383.8,7385.1,6072.9,6073.5,6073.9,1846.2,1844.9,1844.5,3652.1,3652.0,3652.9,2523.4,2522.6,2522.8,2873.7,2874.5,2874.1,26.840000,25.700001,going to home base
2024-04-13T03:33:49Z,2356.1,2355.4,2355.8,2590.6,2590.2,2590.6,5633.1,5633.3,5633.0,2323.0,2323.0,2323.4,3462.2,3461.9,3461.7,4361.0,4360.9,4360.6,6049.4,6049.0,6050.9,8567.1,8565.5,8565.3,5171.8,5172.2,5173.3,7385.6,7385.5,7385.3,6072.0,6072.3,6072.5,1846.0,1844.4,1844.5,3652.3,3652.4,3653.2,2523.2,2522.3,2522.5,2876.0,2875.4,2875.0,26.840000,25.690001,going to home base
2024-04-13T03:33:54Z,2356.7,2356.2,2356.2,2591.1,2590.9,2591.0,5632.8,5632.4,5632.8,2322.8,2322.5,2323.6,3461.6,3462.1,3461.8,4361.0,4360.8,4361.1,6050.6,6050.9,6050.7,8564.6,8565.4,8564.1,5174.4,5173.6,5174.5,7386.0,7384.9,7384.0,6072.3,6071.9,6073.0,1845.4,1844.4,1844.5,3651.9,3652.2,3652.7,2523.5,2522.5,2522.2,2876.4,2875.2,2875.2,26.840000,25.700001,going to home base
2024-04-13T03:33:59Z,2355.9,2355.0,2355.4,2591.5,2590.7,2591.3,5633.4,5633.4,5633.3,2323.6,2323.5,2323.4,3462.1,3461.8,3461.6,4361.1,4360.6,4360.8,6050.7,6051.3,6049.5,8564.5,8563.5,8562.8,5174.1,5173.5,5173.8,7385.0,7383.0,7383.4,6071.8,6070.8,6072.7,1845.7,1844.3,1843.9,3651.8,3651.2,3652.3,2522.8,2522.2,2521.9,2875.1,2874.0,2874.7,26.830000,25.740000,going to home base
2024-04-13T03:34:04Z,2355.0,2354.6,2354.6,2590.5,2591.3,2591.1,5632.9,5631.8,5632.7,2323.4,2323.5,2323.6,3462.7,3461.4,3460.9,4360.2,4360.6,4360.2,6050.1,6049.3,6049.7,8561.9,8563.3,8564.0,5173.6,5174.2,5175.9,7385.4,7385.5,7384.8,6072.6,6071.7,6072.9,1846.1,1844.5,1844.6,3651.6,3651.6,3653.0,2523.1,2522.4,2522.8,2874.2,2874.2,2874.9,26.830000,25.709999,going to home base
2024-04-13T03:34:09Z,2356.0,2355.1,2355.5,2591.1,2590.8,2591.2,5632.7,5632.8,5632.9,2322.8,2323.3,2323.4,3462.9,3462.6,3462.3,4360.7,4360.2,4360.4,6050.0,6050.1,6050.8,8565.2,8564.4,8564.9,5174.4,5174.3,5174.1,7385.1,7383.9,7384.1,6071.2,6071.7,6072.5,1846.5,1845.1,1845.0,3652.3,3652.2,3653.1,2522.8,2522.3,2522.0,2875.8,2875.6,2876.1,26.840000,25.750000,going to home base
2024-04-13T03:34:14Z,2356.1,2355.1,2355.4,2591.3,2591.3,2591.3,5632.8,5632.3,5632.4,2322.5,2322.8,2322.8,3463.0,3462.8,3462.4,4360.2,4359.6,4359.8,6049.6,6049.9,6049.9,8565.0,8565.0,8566.5,5173.4,5172.1,5174.3,7382.6,7382.8,7382.0,6074.4,6074.3,6073.8,1845.7,1844.9,1844.2,3652.1,3651.9,3652.8,2522.8,2521.8,2522.0,2875.8,2876.7,2877.0,26.830000,25.770000,going to home base
2024-04-13T03:34:19Z,2356.5,2355.7,2355.8,2591.6,2590.7,2591.6,5632.8,5632.5,5632.4,2322.7,2322.6,2323.1,3463.0,3461.7,3461.7,4360.4,4360.3,4360.6,6049.4,6049.9,6049.1,8560.6,8560.4,8560.5,5173.5,5174.8,5175.0,7384.7,7384.2,7384.4,6073.7,6073.0,6074.5,1846.4,1844.5,1844.5,3651.9,3652.3,3653.3,2522.8,2522.8,2522.2,2876.8,2876.0,2875.8,26.830000,25.719999,going to home base
2024-04-13T03:34:24Z,2355.7,2355.3,2355.8,2590.7,2590.8,2591.0,5632.2,5632.1,5632.4,2322.4,2322.7,2323.0,3463.3,3462.5,3462.5,4360.6,4360.6,4360.2,6049.9,6050.8,6050.5,8561.4,8563.6,8561.0,5174.9,5174.1,5174.8,7385.1,7383.3,7384.2,6076.4,6074.6,6075.2,1846.5,1844.8,1844.8,3651.9,3651.9,3652.3,2522.5,2522.0,2522.2,2877.6,2876.5,2876.3,26.870001,25.780001,going to home base
2024-04-13T03:34:29Z,2356.0,2355.4,2356.3,2590.8,2590.8,2591.0,5632.9,5632.7,5632.9,2322.9,2322.5,2322.9,3462.8,3461.8,3462.1,4360.6,4360.4,4360.4,6049.3,6049.5,6049.0,8562.3,8562.7,8562.1,5172.4,5173.1,5173.8,7384.3,7382.9,7382.3,6073.4,6073.1,6074.0,1846.0,1844.6,1844.1,3652.0,3652.0,3652.6,2523.0,2522.4,2522.2,2877.1,2875.9,2877.1,26.840000,25.680000,going to home base
2024-04-13T03:34:34Z,2356.4,2355.8,2355.3,2590.7,2590.3,2590.9,5632.7,5632.5,5632.7,2322.6,2322.4,2323.1,3461.9,3461.9,3461.8,4360.6,4360.0,4360.1,6047.5,6047.2,6047.4,8559.8,8559.3,8560.1,5173.1,5172.5,5174.3,7385.0,7383.0,7383.1,6073.2,6073.1,6073.0,1846.3,1845.0,1844.5,3651.1,3651.3,3652.3,2523.4,2521.9,2522.1,2876.5,2876.3,2875.8,26.840000,25.700001,going to home base
2024-04-13T03:34:39Z,2356.5,2355.9,2356.3,2590.4,2590.8,2591.0,5632.3,5632.3,5632.4,2322.9,2323.0,2323.4,3461.8,3461.5,3461.5,4360.3,4360.0,4360.2,6047.6,6048.4,6047.5,8562.3,8560.6,8561.0,5173.1,5172.3,5173.8,7385.5,7384.6,7385.9,6074.8,6074.4,6074.0,1846.2,1845.4,1845.3,3651.6,3651.5,3652.7,2522.8,2522.0,2522.0,2876.7,2875.5,2876.5,26.840000,25.750000,going to home base
2024-04-13T03:34:44Z,2355.7,2355.3,2355.2,2590.5,2589.9,2590.4,5632.3,5632.0,5632.0,2322.4,2322.6,2322.8,3461.3,3461.1,3461.0,4360.5,4360.6,4360.6,6048.7,6049.4,6049.4,8561.4,8561.8,8561.6,5175.5,5175.1,5176.4,7385.9,7384.6,7383.9,6073.9,6074.9,6073.9,1846.8,1845.3,1844.9,3651.4,3651.8,3652.5,2522.7,2521.9,2522.3,2875.4,2875.9,2875.2,26.840000,25.709999,going to home base
2024-04-13T03:34:49Z,2355.9,2355.7,2355.6,2590.3,2590.0,2590.5,5632.9,5632.4,5632.3,2322.6,2322.4,2322.8,3462.2,3462.1,3461.7,4360.2,4359.7,4360.3,6049.3,6049.7,6050.1,8561.8,8562.0,8561.6,5175.2,5174.0,5175.4,7386.3,7385.0,7386.2,6073.9,6073.5,6073.5,1846.4,1845.3,1844.6,3651.5,3651.8,3652.7,2522.3,2522.1,2521.8,2876.6,2876.6,2876.3,26.860001,25.719999,going to home base
2024-04-13T03:34:54Z,2356.6,2356.0,2356.0,2590.1,2590.0,2590.6,5633.0,5632.3,5632.5,2322.3,2322.2,2322.6,3462.4,3461.9,3461.8,4360.3,4359.8,4360.2,6049.0,6048.8,6049.9,8563.1,8561.1,8563.1,5173.4,5173.0,5172.9,7386.3,7385.4,7384.6,6072.9,6073.7,6073.8,1845.4,1844.4,1844.6,3651.0,3651.1,3652.6,2521.6,2521.4,2520.8,2876.3,2876.3,2877.5,26.820000,25.750000,going to home base
2024-04-13T03:34:59Z,2355.9,2355.0,2355.3,2590.3,2590.6,2591.2,5632.4,5632.3,5632.8,2323.2,2323.3,2323.4,3462.2,3461.8,3461.5,4360.1,4360.1,4360.1,6048.4,6051.0,6050.0,8561.2,8559.3,8561.0,5175.0,5175.0,5175.1,7385.1,7384.1,7383.2,6072.6,6072.7,6073.6,1846.3,1844.5,1844.1,3651.8,3652.1,3653.0,2522.3,2521.6,2521.8,2876.2,2875.8,2876.4,26.840000,25.670000,going to home base
2024-04-13T03:35:04Z,2356.0,2355.1,2355.5,2591.3,2590.8,2591.1,5632.8,5631.9,5632.0,2321.8,2322.2,2322.5,3461.5,3461.2,3461.1,4361.0,4360.4,4360.8,6049.7,6049.2,6048.7,8565.0,8564.0,8567.4,5174.2,5174.0,5174.6,7384.8,7383.6,7384.4,6073.2,6072.5,6072.5,1845.9,1844.1,1844.5,3651.9,3652.0,3652.7,2522.6,2522.1,2522.0,2875.4,2875.2,2876.0,26.840000,25.709999,going to home base
2024-04-13T03:35:09Z,2355.5,2355.0,2355.2,2590.1,2590.5,2590.8,5633.5,5633.2,5633.2,2322.3,2322.5,2323.0,3462.5,3461.2,3461.0,4360.1,4359.9,4359.9,6050.3,6049.9,6050.0,8566.5,8563.9,8566.5,5173.7,5173.5,5174.2,7385.0,7383.8,7383.9,6073.2,6073.5,6072.8,1845.7,1844.4,1844.8,3651.9,3652.3,3653.2,2522.6,2521.3,2521.7,2874.0,2874.0,2874.0,26.860001,25.719999,going to home base
2024-04-13T03:35:14Z,2356.2,2355.3,2355.7,2591.1,2590.4,2590.6,5632.8,5632.2,5632.5,2322.9,2322.7,2322.8,3462.2,3461.1,3461.0,4360.1,4360.2,4360.2,6049.4,6049.0,6049.5,8563.0,8563.7,8566.0,5173.8,5173.0,5174.6,7383.6,7384.0,7384.3,6073.9,6072.1,6071.8,1845.7,1844.9,1844.3,3652.4,3652.4,3653.1,2523.5,2522.7,2522.6,2875.3,2875.2,2874.8,26.830000,25.740000,going to home base
2024-04-13T03:35:19Z,2355.9,2355.3,2355.6,2590.9,2590.9,2591.3,5633.3,5633.2,5633.2,2322.0,2322.1,2322.5,3462.0,3461.2,3461.6,4360.7,4360.7,4360.7,6049.2,6048.5,6047.4,8564.9,8564.6,8565.6,5174.3,5172.4,5174.0,7384.5,7384.9,7385.9,6071.8,6071.6,6071.5,1846.1,1845.0,1845.1,3651.7,3651.1,3652.6,2523.0,2522.2,2521.7,2876.5,2876.1,2876.3,26.840000,25.740000,going to home base
2024-04-13T03:35:24Z,2355.8,2355.0,2355.6,2591.1,2590.1,2590.6,5632.9,5632.3,5632.8,2322.0,2321.8,2322.3,3461.5,3461.1,3461.1,4360.3,4360.0,4360.0,6048.8,6048.4,6048.6,8563.2,8563.4,8567.8,5173.1,5173.3,5173.8,7386.2,7386.0,7385.4,6072.5,6072.0,6072.6,1846.6,1844.7,1844.2,3651.7,3651.8,3652.9,2522.5,2522.6,2523.0,2876.5,2875.9,2876.1,26.820000,25.730000,going to home base
2024-04-13T03:35:29Z,2355.9,2355.1,2355.4,2590.9,2590.7,2590.5,5632.9,5632.5,5632.5,2322.4,2322.6,2323.3,3461.9,3461.5,3461.0,4360.3,4360.5,4360.1,6049.6,6048.4,6049.2,8564.2,8567.0,8567.1,5173.5,5173.0,5174.2,7385.1,7385.1,7385.6,6071.3,6072.1,6073.0,1846.3,1844.9,1844.8,3651.0,3651.1,3652.3,2521.7,2521.3,2521.6,2876.2,2876.1,2876.9,26.840000,25.750000,going to home base
2024-04-13T03:35:34Z,2356.2,2354.9,2355.3,2590.1,2590.2,2590.4,5633.3,5633.0,5632.5,2322.3,2322.4,2322.7,3461.7,3461.5,3461.7,4361.1,4359.9,4360.2,6046.9,6045.2,6048.5,8566.3,8566.0,8564.7,5172.6,5171.3,5172.2,7385.8,7385.3,7385.7,6071.3,6071.8,6070.5,1846.5,1845.4,1844.9,3651.3,3651.2,3651.7,2521.1,2520.8,2520.7,2874.4,2873.7,2874.7,26.820000,25.680000,going to home base
2024-04-13T03:35:39Z,2355.0,2354.4,2354.8,2589.9,2589.9,2590.3,5633.3,5632.5,5633.2,2322.5,2322.7,2322.6,3460.1,3460.4,3460.8,4360.0,4360.3,4360.1,6047.8,6048.6,6048.1,8567.6,8564.1,8564.5,5173.0,5172.4,5173.3,7385.2,7383.8,7383.7,6071.1,6070.5,6069.8,1846.6,1844.8,1844.9,3652.0,3651.8,3653.0,2521.8,2521.4,2521.7,2875.7,2874.9,2873.8,26.830000,25.719999,going to home base
2024-04-13T03:35:44Z,2355.7,2355.0,2355.0,2590.4,2589.8,2590.2,5633.6,5633.7,5633.8,2322.3,2322.0,2322.2,3461.8,3461.4,3461.1,4359.8,4359.5,4359.7,6046.9,6045.5,6045.5,8564.1,8564.3,8567.6,5171.5,5171.5,5170.8,7384.3,7384.6,7384.6,6070.4,6070.7,6071.8,1846.2,1844.4,1844.5,3651.8,3651.8,3652.7,2522.2,2521.4,2521.4,2875.8,2875.9,2875.5,26.830000,25.790001,going to home base
2024-04-13T03:35:49Z,2355.3,2355.1,2355.1,2590.2,2589.9,2590.9,5633.5,5632.9,5632.9,2322.9,2322.6,2323.2,3461.8,3461.4,3461.6,4360.2,4359.6,4360.0,6048.7,6048.3,6049.2,8565.4,8565.6,8566.2,5173.5,5172.8,5173.0,7384.7,7382.6,7384.2,6073.3,6073.5,6073.1,1846.6,1845.0,1844.8,3651.8,3651.5,3652.3,2520.8,2519.9,2519.5,2874.5,2873.8,2874.5,26.840000,25.820000,going to home base
2024-04-13T03:35:54Z,2355.9,2355.1,2355.5,2590.0,2590.0,2590.7,5632.9,5633.2,5633.0,2322.3,2322.5,2322.6,3462.2,3462.0,3461.9,4359.5,4359.9,4359.7,6048.3,6047.1,6048.2,8562.7,8560.4,8563.2,5173.0,5173.3,5173.9,7386.2,7384.3,7384.3,6072.9,6074.1,6076.1,1847.0,1845.3,1844.9,3651.8,3651.8,3652.3,2522.0,2521.3,2520.7,2876.4,2876.0,2877.3,26.830000,25.780001,going to home base
2024-04-13T03:35:59Z,2356.0,2355.1,2355.1,2590.3,2590.2,2590.3,5632.9,5632.7,5633.0,2321.9,2322.4,2322.3,3461.9,3461.3,3460.7,4360.2,4359.7,4359.7,6051.0,6049.2,6050.7,8564.7,8565.2,8564.6,5174.7,5173.7,5174.1,7386.5,7386.4,7386.1,6072.9,6073.2,6073.2,1846.7,1844.9,1845.2,3651.5,3652.2,3652.7,2522.3,2521.3,2521.5,2875.8,2875.6,2874.9,26.799999,25.790001,going to home base
2024-04-13T03:36:04Z,2356.0,2355.1,2355.3,2590.3,2590.0,2590.5,5633.0,5632.9,5632.8,2322.7,2322.5,2323.4,3461.5,3462.3,3461.4,4360.3,4359.9,4360.0,6051.3,6050.2,6050.1,8564.8,8564.7,8566.5,5173.6,5172.5,5173.7,7386.8,7386.4,7386.1,6072.2,6072.3,6072.9,1846.1,1844.9,1844.5,3651.4,3651.0,3651.9,2521.7,2520.6,2521.0,2875.7,2874.9,2875.2,26.860001,25.709999,going to home base
2024-04-13T03:36:09Z,2355.8,2355.2,2355.4,2590.8,2590.4,2590.8,5633.1,5632.6,5632.7,2321.9,2322.2,2322.7,3461.2,3461.2,3461.2,4360.2,4360.0,4360.0,6049.4,6049.6,6050.8,8563.1,8561.9,8562.1,5173.8,5173.6,5174.0,7387.6,7386.8,7386.5,6073.3,6073.8,6072.3,1846.1,1844.7,1844.6,3650.6,3651.2,3652.2,2521.0,2520.7,2520.9,2876.3,2876.8,2876.9,26.840000,25.709999,going to home base
2024-04-13T03:36:14Z,2355.5,2355.1,2355.1,2589.9,2590.2,2590.6,5632.9,5632.4,5632.5,2322.2,2322.1,2322.8,3461.2,3460.8,3460.8,4360.0,4359.7,4359.9,6049.8,6048.7,6048.8,8565.8,8565.0,8563.2,5173.1,5173.2,5174.2,7385.6,7384.6,7384.8,6074.4,6073.2,6073.0,1846.4,1845.0,1844.9,3651.3,3651.3,3652.4,2522.1,2521.4,2521.2,2876.6,2875.4,2875.8,26.820000,25.750000,going to home base
2024-04-13T03:36:19Z,2355.2,2354.7,2354.4,2589.7,2590.1,2590.2,5633.1,5632.5,5632.3,2322.0,2322.1,2322.7,3460.6,3460.7,3460.8,4359.7,4359.3,4359.5,6049.4,6048.6,6049.7,8564.7,8565.4,8563.7,5172.4,5173.1,5173.4,7385.3,7386.6,7385.5,6073.2,6071.6,6072.4,1846.1,1844.5,1844.2,3651.0,3651.2,3651.8,2521.8,2520.7,2520.9,2876.1,2875.6,2875.7,26.820000,25.709999,going to home base
2024-04-13T03:36:24Z,2355.5,2355.6,2355.3,2590.4,2590.1,2590.8,5632.6,5632.1,5632.3,2322.7,2322.4,2322.6,3461.2,3461.1,3461.8,4359.6,4359.2,4359.4,6048.7,6048.7,6048.0,8567.0,8566.3,8563.8,5171.5,5171.5,5172.3,7386.0,7385.0,7384.2,6072.5,6073.1,6073.7,1846.3,1844.9,1844.6,3650.5,3650.4,3651.2,2522.2,2521.1,2520.9,2875.8,2875.8,2875.7,26.820000,25.719999,going to home base
2024-04-13T03:36:29Z,2355.7,2355.0,2355.0,2590.1,2590.1,2590.4,5632.8,5632.2,5632.4,2323.7,2322.7,2323.6,3461.6,3461.5,3461.1,4360.2,4360.2,4360.0,6046.2,6046.8,6047.7,8569.2,8567.6,8566.0,5172.5,5171.8,5172.7,7384.6,7383.6,7384.6,6072.8,6073.6,6073.0,1846.1,1844.7,1844.8,3650.8,3651.0,3651.3,2521.9,2521.2,2520.7,2874.9,2874.5,2873.9,26.840000,25.670000,going to home base
2024-04-13T03:36:34Z,2356.1,2355.7,2355.6,2590.4,2590.3,2590.7,5632.9,5632.6,5632.4,2322.7,2322.7,2323.3,3460.4,3460.3,3460.4,4359.9,4359.7,4359.8,6049.3,6048.0,6048.5,8562.7,8562.7,8561.6,5172.7,5172.8,5173.8,7385.1,7383.8,7384.6,6073.0,6071.8,6075.1,1846.5,1845.2,1845.4,3650.7,3651.1,3651.7,2522.3,2522.3,2522.1,2876.5,2875.9,2875.7,26.840000,25.700001,going to home base
2024-04-13T03:36:39Z,2355.8,2355.1,2355.0,2590.2,2590.0,2590.4,5633.0,5632.1,5632.3,2323.3,2323.8,2323.7,3460.5,3460.4,3460.7,4359.7,4359.4,4359.8,6047.2,6047.7,6047.5,8564.0,8565.0,8562.1,5172.9,5173.4,5174.1,7384.9,7383.9,7384.1,6071.2,6073.1,6072.3,1846.4,1845.1,1844.8,3650.7,3650.5,3651.3,2522.7,2521.6,2521.8,2875.9,2875.7,2876.3,26.820000,25.690001,going to home base
2024-04-13T03:36:44Z,2355.8,2355.4,2355.2,2590.0,2590.0,2590.8,5632.9,5632.2,5632.1,2321.9,2322.4,2322.8,3461.7,3461.0,3460.1,4360.0,4359.4,4359.5,6047.0,6046.6,6047.2,8565.0,8563.4,8563.0,5172.8,5173.3,5173.7,7384.5,7384.4,7385.3,6072.1,6072.7,6073.8,1845.9,1844.5,1844.4,3651.7,3651.8,3652.3,2522.6,2521.8,2521.6,2874.6,2874.7,2874.0,26.830000,25.750000,going to home base
2024-04-13T03:36:49Z,2356.1,2355.0,2355.1,2590.5,2589.8,2590.3,5632.4,5632.1,5632.4,2321.9,2322.1,2322.5,3461.3,3460.7,3460.8,4359.9,4359.8,4359.8,6048.3,6047.5,6047.2,8562.9,8563.3,8564.0,5173.5,5172.7,5174.3,7386.3,7385.4,7384.1,6073.2,6072.8,6072.8,1845.6,1844.2,1843.8,3651.0,3651.6,3652.4,2522.1,2520.6,2521.6,2876.3,2875.2,2876.3,26.820000,25.680000,going to home base
2024-04-13T03:36:54Z,2356.1,2355.6,2355.8,2590.0,2589.8,2590.4,5632.6,5632.5,5632.2,2322.2,2322.4,2322.8,3461.8,3461.4,3461.3,4360.2,4360.1,4359.5,6045.5,6046.4,6046.4,8563.7,8561.8,8563.6,5172.0,5171.5,5172.8,7382.4,7382.6,7381.9,6070.8,6070.3,6071.3,1845.0,1843.5,1843.4,3650.3,3650.6,3651.6,2521.6,2520.7,2521.4,2874.7,2874.2,2874.2,26.820000,25.719999,going to home base
2024-04-13T03:36:59Z,2356.3,2355.7,2355.6,2589.7,2590.3,2590.2,5632.6,5632.4,5632.3,2322.4,2322.7,2322.6,3461.4,3461.0,3461.1,4359.7,4359.0,4359.2,6047.1,6046.9,6048.7,8560.9,8562.9,8561.6,5171.9,5171.3,5173.0,7384.5,7385.7,7384.7,6073.3,6071.5,6071.0,1845.1,1843.8,1843.9,3651.4,3651.7,3652.5,2522.1,2521.3,2521.2,2875.0,2874.9,2875.3,26.820000,25.740000,going to home base
2024-04-13T03:37:04Z,2355.8,2355.4,2355.2,2589.8,2590.1,2590.1,5632.6,5632.2,5632.5,2323.2,2323.3,2324.1,3461.7,3461.2,3460.7,4360.3,4360.4,4359.7,6046.7,6047.5,6046.9,8563.5,8563.6,8562.3,5173.1,5172.7,5173.6,7387.5,7385.2,7386.0,6072.9,6071.8,6073.4,1845.1,1843.8,1843.8,3651.0,3650.7,3652.3,2521.7,2521.1,2520.9,2874.8,2874.6,2874.7,26.830000,25.719999,going to home base
2024-04-13T03:37:09Z,2356.0,2355.0,2355.6,2590.0,2590.0,2590.2,5632.6,5632.7,5632.5,2322.9,2322.8,2323.1,3461.9,3461.4,3460.5,4360.1,4360.3,4360.3,6048.7,6048.1,6046.7,8564.6,8562.8,8562.6,5173.1,5173.1,5173.6,7384.6,7383.9,7384.0,6073.6,6072.9,6073.0,1844.6,1843.1,1843.6,3651.9,3651.8,3653.0,2521.6,2521.0,2521.3,2873.3,2874.0,2873.7,26.820000,25.740000,going to home base
2024-04-13T03:37:14Z,2356.1,2354.9,2355.0,2589.3,2589.9,2590.0,5632.9,5632.5,5632.3,2323.3,2323.3,2323.8,3461.5,3460.8,3461.0,4360.1,4359.7,4359.7,6046.7,6046.8,6048.2,8565.2,8561.9,8560.8,5171.4,5172.3,5173.8,7386.4,7385.4,7385.6,6073.3,6071.8,6072.7,1845.1,1843.5,1843.6,3651.4,3651.7,3652.8,2522.0,2521.3,2521.2,2874.6,2874.4,2874.3,26.830000,25.750000,going to home base
2024-04-13T03:37:19Z,2355.4,2354.8,2354.9,2589.7,2589.7,2589.6,5633.0,5632.3,5632.5,2323.5,2323.1,2323.3,3461.9,3461.1,3461.0,4359.7,4359.8,4359.4,6048.4,6048.2,6048.0,8564.0,8563.8,8562.1,5173.2,5173.2,5173.8,7384.6,7384.1,7384.1,6072.3,6072.6,6072.7,1845.0,1843.8,1844.0,3651.3,3651.6,3652.7,2522.3,2521.7,2521.5,2875.9,2875.2,2875.7,26.830000,25.740000,going to home base
2024-04-13T03:37:24Z,2356.0,2355.4,2355.8,2589.6,2589.6,2589.9,5632.8,5632.7,5632.6,2322.9,2322.7,2323.3,3461.2,3460.3,3460.2,4360.2,4359.8,4360.1,6047.6,6048.9,6048.2,8563.5,8563.3,8563.7,5173.0,5173.3,5174.8,7382.0,7382.8,7383.4,6073.5,6072.5,6071.4,1845.3,1844.5,1843.9,3651.7,3651.9,3652.2,2521.9,2520.9,2521.1,2874.6,2873.7,2874.8,26.830000,25.750000,going to home base
2024-04-13T03:37:34Z,2356.1,2355.8,2355.6,2589.9,2589.8,2590.7,start,26574.6,26569.1,2356.2,2355.5,2355.6,2323.3,2323.4,3731.1,3731.4,87803.0,87834.8,14027.1,14023.8,14029.6,4359.8,4360.0,6047.6,6047.9,6048.6,16390.1,16388.0,33876.8,33892.9,8562.4,8563.0,8561.5,7386.1,7386.8,6072.3,6072.4,6073.0,43305.1,43299.6,3693.6,3694.4,1845.6,1844.1,1844.0,3651.2,2523.2,going to home base
2024-04-13T03:37:44Z,2355.5,2354.8,2355.0,2589.7,2589.9,2589.8,5632.5,5631.6,5631.8,2323.5,2323.4,2323.5,3460.9,3461.3,3461.0,4359.3,4359.4,4359.5,6046.4,6048.0,6047.0,8562.6,8564.3,8562.9,5172.4,5171.9,5173.1,7385.7,7383.1,7383.4,6074.9,6075.0,6074.2,1845.8,1844.2,1844.3,3652.5,3651.9,3652.6,2522.1,2521.9,2521.6,2877.1,2876.5,2877.0,26.830000,25.680000,going to home base
2024-04-13T03:37:49Z,2355.7,2355.1,2355.2,2590.1,2590.3,2590.1,5632.7,5632.3,5632.2,2322.8,2322.3,2323.0,3460.5,3460.6,3460.5,4359.8,4359.1,4359.2,6049.2,6047.2,6048.5,8564.0,8562.1,8563.7,5173.3,5173.0,5172.6,7385.2,7384.0,7383.4,6072.9,6073.9,6073.6,1845.8,1844.5,1844.2,3651.1,3651.0,3651.6,2522.2,2521.2,2520.8,2875.0,2874.5,2876.4,26.820000,25.709999,going to home base
2024-04-13T03:37:54Z,2355.4,2355.0,2355.1,2590.1,2590.2,2590.5,5632.6,5632.1,5632.5,2323.1,2322.8,2323.5,3460.8,3460.8,3460.5,4359.6,4359.9,4359.9,6047.6,6047.0,6047.3,8561.9,8562.6,8564.7,5172.4,5172.3,5173.0,7383.7,7380.5,7382.9,6073.8,6074.9,6075.2,1844.9,1843.5,1843.4,3650.9,3651.0,3651.8,2522.5,2521.6,2521.2,2874.9,2875.0,2874.9,26.830000,25.750000,going to home base
2024-04-13T03:37:59Z,2355.9,2355.0,2355.4,2590.4,2590.1,2589.7,5632.2,5632.0,5632.1,2322.7,2323.2,2323.5,3461.4,3461.3,3461.1,4359.8,4359.9,4360.1,6046.4,6045.7,6047.1,8564.6,8563.5,8564.9,5173.4,5173.0,5173.3,7384.6,7381.9,7381.9,6075.6,6074.9,6072.9,1845.3,1843.8,1843.7,3650.5,3649.9,3650.6,2521.7,2520.9,2521.2,2874.3,2874.7,2873.9,26.820000,25.709999,going to home base
2024-04-13T03:38:04Z,2355.3,2354.7,2354.8,2590.3,2590.2,2590.7,5632.4,5632.3,5632.0,2322.4,2322.5,2322.3,3460.6,3459.8,3459.7,4359.5,4359.2,4359.2,6047.9,6046.7,6047.0,8565.0,8562.5,8561.9,5173.0,5171.8,5172.6,7384.0,7384.8,7386.0,6072.8,6072.4,6072.0,1845.4,1843.9,1843.5,3650.2,3650.3,3651.7,2522.1,2521.2,2521.6,2873.9,2872.8,2873.7,26.830000,25.700001,going to home base
2024-04-13T03:38:09Z,2355.7,2355.2,2355.4,2589.6,2589.8,2590.2,5632.0,5631.6,5632.1,2323.0,2322.9,2323.5,3461.3,3461.5,3460.4,4359.5,4359.4,4359.5,6046.2,6046.1,6046.0,8563.0,8561.1,8561.8,5172.4,5171.1,5171.9,7383.5,7381.7,7381.7,6073.3,6073.7,6073.8,1845.7,1843.9,1844.0,3650.6,3650.4,3651.5,2521.1,2520.5,2520.7,2874.7,2874.6,2875.1,26.830000,25.740000,going to home base
2024-04-13T03:38:14Z,2355.7,2355.2,2355.3,2590.1,2590.1,2590.7,5632.2,5631.7,5631.6,2322.5,2322.6,2322.9,3460.4,3460.0,3460.3,4359.6,4359.0,4359.2,6047.1,6047.0,6047.2,8563.6,8562.1,8564.6,5170.5,5170.3,5171.0,7383.5,7382.0,7382.4,6072.6,6072.7,6073.9,1845.4,1844.2,1844.0,3651.3,3650.9,3651.8,2521.2,2520.9,2521.2,2875.4,2875.6,2875.2,26.840000,25.709999,going to home base
2024-04-13T03:38:19Z,2355.0,2354.2,2355.1,2589.4,2590.0,2590.3,5632.3,5631.5,5631.8,2322.8,2323.1,2323.0,3461.2,3460.8,3460.8,4359.3,4359.0,4359.1,6046.4,6047.4,6047.2,8563.3,8563.4,8563.5,5171.6,5171.9,5171.2,7383.5,7383.9,7383.4,6071.7,6070.8,6071.6,1845.5,1843.9,1844.0,3649.8,3649.9,3651.0,2521.6,2520.6,2520.7,2876.5,2876.3,2875.7,26.830000,25.719999,going to home base
2024-04-13T03:38:24Z,2355.5,2354.9,2355.0,2590.0,2589.9,2589.8,5632.2,5632.1,5631.6,2322.5,2322.1,2323.0,3460.8,3460.8,3460.2,4359.1,4358.8,4359.2,6046.5,6045.9,6047.1,8562.3,8561.6,8562.5,5171.9,5171.0,5172.6,7384.4,7382.8,7384.3,6070.9,6069.8,6070.2,1845.5,1843.8,1843.8,3650.8,3650.6,3650.7,2521.5,2520.3,2520.6,2875.2,2875.2,2874.9,26.830000,25.740000,going to home base
2024-04-13T03:38:29Z,2356.0,2355.2,2355.4,2589.9,2590.3,2590.0,5632.7,5632.5,5632.4,2322.0,2321.9,2322.7,3460.9,3460.2,3460.2,4359.0,4358.9,4359.0,6047.6,6047.9,6047.9,8562.0,8562.5,8562.9,5171.2,5171.8,5172.4,7384.0,7383.6,7383.9,6074.8,6074.5,6073.4,1845.3,1843.7,1843.3,3650.9,3652.2,3651.8,2520.6,2520.1,2520.6,2875.7,2875.0,2875.3,26.820000,25.740000,going to home base
2024-04-13T03:38:34Z,2355.4,2354.5,2355.3,2590.3,2590.1,2590.4,5632.9,5632.4,5632.5,2322.8,2322.6,2322.7,3461.7,3461.7,3460.8,4358.5,4358.6,4358.7,6048.5,6048.4,6048.9,8561.9,8561.5,8561.7,5170.7,5169.8,5169.9,7386.0,7383.7,7385.8,6072.4,6070.5,6071.3,1845.7,1844.1,1843.8,3650.4,3651.0,3651.4,2521.8,2520.8,2521.0,2874.8,2874.9,2875.1,26.830000,25.709999,going to home base
2024-04-13T03:38:39Z,2355.7,2355.0,2355.1,2590.5,2589.8,2590.4,5632.2,5631.6,5631.7,2322.2,2321.9,2322.4,3461.0,3460.0,3459.8,4359.0,4358.8,4358.6,6045.7,6046.2,6047.2,8563.8,8562.3,8563.8,5172.6,5170.9,5172.2,7382.6,7382.4,7382.9,6071.3,6071.4,6071.0,1845.4,1843.9,1843.9,3651.1,3650.4,3651.1,2521.1,2520.6,2520.8,2875.2,2874.4,2875.0,26.840000,25.750000,going to home base
2024-04-13T03:38:44Z,2356.3,2355.3,2355.6,2590.0,2590.2,2590.3,5632.2,5631.7,5631.4,2322.4,2322.5,2323.0,3460.8,3460.3,3460.5,4358.4,4357.9,4358.4,6046.4,6045.6,6046.0,8561.7,8559.9,8560.8,5170.8,5170.8,5171.8,7384.3,7383.0,7384.5,6070.9,6069.3,6071.0,1845.4,1844.1,1844.1,3650.4,3650.2,3651.4,2521.7,2521.3,2521.6,2875.4,2874.8,2875.1,26.830000,25.719999,going to home base
2024-04-13T03:38:49Z,2355.2,2354.7,2354.9,2590.7,2590.6,2590.7,5632.0,5631.2,5631.7,2322.8,2322.7,2322.7,3460.9,3460.2,3460.4,4358.6,4358.7,4358.9,6045.1,6045.2,6047.2,8563.6,8564.2,8562.1,5169.3,5168.4,5170.5,7385.6,7385.6,7383.6,6071.3,6070.4,6072.1,1845.3,1844.2,1843.7,3651.1,3651.4,3651.7,2521.2,2520.8,2521.0,2875.7,2874.8,2876.0,26.830000,25.709999,going to home base
2024-04-13T03:38:54Z,2356.3,2355.3,2356.0,2590.9,2591.1,2591.0,5631.9,5631.4,5631.9,2322.4,2322.7,2323.3,3461.0,3459.8,3460.5,4358.8,4359.2,4358.7,6045.6,6045.7,6046.4,8564.9,8561.8,8561.9,5170.6,5170.9,5171.3,7385.1,7385.1,7383.8,6071.6,6070.2,6070.8,1845.9,1844.4,1844.3,3651.1,3651.2,3651.3,2521.0,2520.0,2520.4,2875.4,2875.1,2874.3,26.820000,25.690001,going to home base
2024-04-13T03:38:59Z,2355.8,2354.9,2355.4,2590.4,2590.5,2590.6,5632.2,5630.8,5631.6,2322.7,2322.1,2322.5,3461.1,3460.6,3460.5,4358.8,4359.1,4358.7,6044.1,6044.4,6044.1,8560.6,8559.9,8561.7,5170.1,5170.2,5171.8,7385.3,7383.2,7383.4,6071.5,6071.9,6072.7,1845.3,1843.9,1843.6,3650.9,3651.1,3651.7,2520.6,2519.9,2520.5,2875.7,2874.4,2874.9,26.820000,25.719999,going to home base
2024-04-13T03:39:04Z,2356.0,2355.5,2355.7,2590.2,2589.9,2591.0,5631.7,5631.7,5632.3,2322.2,2322.0,2322.7,3460.5,3460.3,3459.8,4358.7,4358.5,4358.4,6044.3,6044.8,6044.8,8565.3,8563.7,8560.9,5171.3,5170.9,5171.2,7385.6,7384.5,7385.3,6071.5,6071.7,6070.9,1845.5,1844.3,1844.2,3650.5,3650.8,3651.8,2522.4,2521.3,2521.4,2876.2,2875.9,2876.0,26.790001,25.760000,going to home base
2024-04-13T03:39:09Z,2355.4,2354.8,2355.4,2590.6,2589.8,2590.4,5631.7,5631.1,5631.2,2322.2,2322.2,2322.4,3460.5,3460.4,3460.3,4358.6,4358.6,4358.3,6048.1,6046.0,6045.9,8561.1,8561.4,8562.5,5172.8,5171.4,5172.4,7383.6,7381.8,7381.4,6072.8,6071.2,6073.4,1845.3,1843.8,1843.9,3650.3,3650.3,3651.1,2521.9,2521.4,2521.3,2874.4,2874.9,2873.6,26.840000,25.750000,going to home base
2024-04-13T03:39:14Z,2355.9,2355.4,2355.4,2590.8,2590.2,2590.6,5632.2,5631.6,5631.8,2322.4,2322.6,2323.0,3461.1,3460.7,3461.1,4359.1,4358.5,4359.2,6047.5,6047.6,6046.4,8561.9,8563.0,8561.4,5172.5,5172.4,5172.9,7381.3,7382.1,7382.6,6072.0,6071.8,6071.9,1845.8,1844.8,1844.3,3651.1,3651.0,3652.3,2522.4,2521.3,2520.9,2873.9,2874.2,2874.0,26.820000,25.709999,going to home base
2024-04-13T03:39:19Z,2355.9,2355.2,2355.3,2590.7,2590.3,2590.6,5631.5,5631.6,5631.4,2322.4,2322.5,2323.1,3459.8,3459.6,3459.6,4359.0,4359.0,4359.1,6046.4,6046.4,6047.8,8564.1,8562.0,8561.6,5171.6,5170.3,5171.8,7384.5,7382.7,7382.7,6070.4,6072.5,6071.9,1845.5,1844.5,1844.0,3650.2,3650.7,3651.4,2521.9,2520.9,2521.2,2875.4,2874.4,2874.3,26.820000,25.750000,going to home base
2024-04-13T03:39:24Z,2355.7,2354.9,2355.4,2590.0,2590.0,2590.5,5632.4,5632.0,5631.8,2322.5,2322.3,2323.0,3459.9,3459.0,3459.0,4358.8,4358.4,4358.6,6045.8,6046.1,6044.8,8563.0,8562.6,8563.0,5171.9,5170.9,5171.9,7382.1,7384.0,7383.5,6072.1,6071.7,6073.5,1846.1,1844.2,1843.9,3650.2,3650.2,3651.1,2521.5,2520.9,2521.3,2875.0,2873.9,2874.9,26.820000,25.740000,going to home base
2024-04-13T03:39:29Z,2355.8,2355.2,2355.6,2589.9,2590.6,2590.6,5632.3,5631.7,5631.9,2322.6,2322.4,2322.8,3460.2,3460.0,3459.4,4358.1,4358.3,4358.5,6044.8,6045.4,6045.0,8563.5,8565.3,8561.1,5168.6,5168.9,5169.3,7384.2,7383.4,7384.1,6072.6,6071.4,6072.9,1845.6,1844.0,1844.1,3650.7,3650.6,3651.5,2520.5,2520.1,2520.3,2874.9,2872.9,2874.5,26.820000,25.740000,going to home base
2024-04-13T03:39:34Z,2356.1,2355.4,2355.4,2589.6,2589.9,2590.2,5631.6,5631.2,5631.3,2322.9,2322.4,2322.9,3460.3,3460.5,3460.6,4358.8,4358.5,4358.6,6047.6,6049.9,6048.6,8561.3,8565.7,8562.3,5169.5,5169.8,5170.6,7386.7,7385.0,7385.8,6071.8,6072.2,6071.8,1846.5,1844.7,1844.6,3649.9,3650.1,3651.2,2520.7,2520.5,2520.3,2875.2,2873.5,2874.0,26.820000,25.750000,going to home base
2024-04-13T03:39:39Z,2355.4,2354.8,2355.2,2590.4,2590.0,2590.6,5631.9,5631.5,5631.9,2322.2,2322.6,2323.1,3460.3,3460.4,3460.3,4358.7,4358.7,4358.4,6047.5,6047.1,6047.0,8562.5,8561.9,8564.0,5170.5,5170.2,5172.0,7386.7,7385.5,7386.4,6069.0,6070.3,6070.8,1845.8,1844.3,1844.1,3650.0,3649.9,3650.9,2521.8,2521.6,2521.3,2874.5,2873.5,2874.9,26.820000,25.719999,going to home base
2024-04-13T03:39:44Z,2355.9,2355.1,2355.3,2590.1,2590.0,2590.1,5632.2,5631.5,5631.5,2323.0,2322.8,2323.1,3460.8,3460.7,3460.6,4358.7,4358.6,4358.8,6047.5,6048.1,6047.2,8563.3,8563.7,8564.3,5171.0,5171.1,5171.9,7386.9,7385.5,7386.6,6073.4,6073.6,6074.6,1845.3,1843.9,1843.8,3650.6,3650.8,3651.8,2520.2,2519.5,2519.5,2875.5,2873.3,2874.5,26.830000,25.680000,going to home base
2024-04-13T03:39:49Z,2355.7,2354.8,2355.1,2590.3,2589.5,2590.1,5632.2,5631.3,5631.4,2321.7,2322.0,2322.4,3460.5,3460.6,3460.6,4358.6,4358.1,4358.5,6048.1,6048.4,6049.4,8563.2,8564.0,8563.8,5170.1,5169.7,5170.9,7385.7,7385.2,7384.2,6071.7,6072.5,6072.8,1845.4,1843.8,1844.2,3649.4,3649.7,3650.5,2520.8,2520.1,2519.9,2874.7,2873.9,2874.2,26.799999,25.690001,going to home base
2024-04-13T03:39:54Z,2355.7,2355.0,2355.0,2590.2,2589.7,2590.6,5630.9,5630.8,5631.2,2322.1,2322.3,2322.5,3460.8,3460.2,3460.7,4358.5,4358.5,4358.6,6045.6,6046.7,6047.0,8561.7,8561.5,8560.7,5171.1,5170.4,5171.2,7388.1,7385.9,7385.0,6072.3,6069.8,6071.8,1846.2,1844.5,1844.3,3650.5,3650.2,3651.0,2520.4,2520.3,2520.5,2872.7,2873.7,2873.8,26.799999,25.680000,going to home base
2024-04-13T03:39:59Z,2355.8,2355.1,2355.0,2590.9,2590.8,2590.8,5632.1,5631.6,5631.9,2323.0,2323.1,2323.5,3460.4,3460.3,3460.0,4358.7,4358.1,4358.5,6049.6,6051.1,6049.6,8560.5,8560.4,8560.7,5169.9,5170.2,5171.6,7386.4,7385.7,7384.6,6072.1,6069.3,6071.8,1845.2,1843.9,1844.0,3650.9,3650.7,3651.6,2520.9,2519.4,2520.3,2873.2,2873.6,2873.5,26.820000,25.680000,going to home base
2024-04-13T03:40:04Z,2355.6,2355.0,2354.8,2590.0,2589.8,2590.3,5631.9,5631.7,5632.0,2322.6,2321.9,2322.3,3459.6,3459.4,3459.4,4358.2,4358.4,4357.8,6048.9,6048.6,6050.7,8559.2,8560.7,8560.4,5171.1,5170.6,5171.9,7386.4,7384.2,7384.2,6069.7,6071.6,6072.1,1845.1,1844.0,1844.2,3650.6,3650.5,3651.1,2520.6,2519.6,2519.5,2874.5,2873.6,2874.3,26.799999,25.740000,going to home base
2024-04-13T03:40:09Z,2356.0,2355.1,2355.1,2590.1,2590.0,2589.9,5631.4,5631.1,5631.3,2322.2,2322.2,2322.7,3459.9,3459.2,3458.8,4358.3,4358.5,4358.6,6049.2,6049.0,6050.5,8562.8,8561.1,8562.8,5170.8,5170.7,5171.5,7384.6,7385.4,7383.5,6070.6,6070.6,6072.5,1845.3,1843.6,1843.6,3650.4,3650.5,3650.9,2520.9,2520.5,2520.4,2873.5,2872.4,2872.9,26.830000,25.760000,going to home base
2024-04-13T03:40:14Z,2356.2,2355.7,2356.1,2590.7,2590.7,2591.2,5632.1,5631.5,5631.8,2323.0,2322.4,2323.0,3459.4,3459.1,3459.6,4358.2,4358.3,4357.9,6049.6,6048.2,6049.5,8561.0,8559.0,8560.1,5170.2,5169.2,5171.2,7385.9,7386.1,7386.2,6071.6,6072.5,6072.1,1845.0,1843.6,1843.7,3651.2,3651.3,3652.1,2521.5,2520.3,2520.5,2872.4,2872.2,2873.1,26.790001,25.820000,going to home base
2024-04-13T03:40:19Z,2355.9,2355.2,2355.6,2589.9,2590.3,2590.3,5632.2,5631.7,5631.6,2321.9,2322.2,2322.4,3459.7,3459.3,3459.1,4358.4,4358.2,4358.7,6047.7,6047.5,6047.6,8558.7,8559.2,8559.6,5171.5,5171.8,5171.3,7384.5,7382.4,7383.7,6071.4,6071.0,6070.8,1845.0,1843.6,1843.8,3650.4,3650.4,3651.1,2520.8,2519.6,2519.5,2873.0,2871.3,2871.5,26.799999,25.790001,going to home base
2024-04-13T03:40:24Z,2356.4,2355.8,2356.0,2589.0,2589.2,2589.6,5632.3,5631.7,5631.5,2322.1,2322.2,2322.8,3460.2,3460.1,3460.1,4358.2,4358.0,4358.3,6044.5,6043.4,6044.1,8559.7,8560.1,8562.1,5171.2,5170.0,5170.2,7382.6,7383.6,7384.2,6070.7,6070.3,6073.1,1845.8,1844.3,1844.1,3649.8,3650.8,3651.8,2521.0,2519.7,2520.2,2876.1,2875.1,2874.8,26.799999,25.770000,going to home base
2024-04-13T03:40:29Z,2356.2,2355.6,2355.9,2589.7,2589.8,2590.4,5631.8,5631.5,5631.7,2322.3,2322.1,2323.1,3460.3,3459.6,3459.4,4358.2,4358.0,4358.8,6045.1,6047.3,6047.0,8561.0,8561.2,8561.4,5169.1,5169.0,5170.8,7385.8,7383.4,7384.5,6070.2,6069.9,6069.8,1844.8,1843.0,1842.9,3651.0,3650.4,3651.4,2521.2,2520.5,2519.8,2874.1,2873.7,2873.9,26.820000,25.760000,going to home base
2024-04-13T03:40:34Z,2356.1,2355.6,2355.6,2590.1,2589.7,2590.3,5631.2,5631.0,5631.4,2322.4,2322.3,2322.5,3458.7,3458.8,3458.7,4358.7,4358.1,4358.8,6045.2,6043.4,6045.1,8560.3,8560.7,8560.8,5171.2,5171.3,5172.2,7382.4,7382.9,7381.8,6071.0,6071.6,6070.3,1845.3,1843.8,1843.8,3650.1,3650.3,3651.8,2521.4,2520.1,2520.5,2874.8,2873.0,2874.0,26.820000,25.750000,going to home base
2024-04-13T03:40:39Z,2355.9,2354.9,2354.9,2589.8,2589.9,2590.2,5631.9,5631.0,5631.4,2322.2,2322.4,2322.7,3461.6,3460.3,3460.8,4358.0,4357.9,4358.3,6045.9,6045.7,6045.6,8562.8,8559.5,8561.8,5171.4,5170.0,5171.9,7384.9,7382.9,7382.8,6071.7,6071.5,6071.9,1844.6,1843.4,1843.5,3651.2,3651.2,3652.1,2521.5,2520.3,2520.8,2876.2,2876.0,2876.8,26.799999,25.780001,going to home base
2024-04-13T03:40:44Z,2356.6,2355.7,2355.7,2590.1,2589.8,2589.9,5631.6,5631.5,5631.8,2322.0,2321.7,2322.5,3459.6,3459.2,3459.5,4358.4,4358.4,4358.7,6045.4,6044.9,6044.4,8562.2,8561.3,8561.0,5171.5,5171.3,5171.2,7384.1,7383.3,7384.3,6071.9,6071.5,6071.3,1844.7,1843.4,1843.7,3650.5,3650.9,3651.3,2521.6,2520.6,2520.4,2873.7,2873.9,2873.7,26.830000,25.760000,going to home base
2024-04-13T03:40:49Z,2355.5,2355.1,2354.9,2590.3,2589.5,2589.8,5632.1,5631.4,5631.5,2322.2,2322.3,2322.6,3460.6,3459.8,3458.8,4358.4,4358.4,4357.7,6047.8,6048.0,6047.2,8561.6,8559.9,8562.2,5172.8,5171.8,5172.7,7384.4,7384.2,7384.3,6071.9,6072.0,6073.2,1844.6,1843.2,1843.5,3649.9,3650.7,3651.3,2520.5,2519.9,2519.7,2873.8,2873.2,2874.3,26.799999,25.770000,going to home base
2024-04-13T03:40:54Z,2355.6,2354.7,2355.1,2589.4,2589.4,2589.6,5632.3,5631.9,5631.8,2322.3,2321.7,2322.5,3460.1,3459.9,3459.9,4358.2,4358.3,4358.1,6045.9,6046.2,6046.9,8562.2,8561.5,8563.0,5170.5,5170.5,5172.2,7384.8,7383.1,7384.0,6070.3,6070.5,6071.7,1844.7,1843.1,1843.2,3650.7,3650.3,3651.5,2520.0,2519.8,2519.6,2873.9,2873.5,2874.1,26.799999,25.750000,going to home base
2024-04-13T03:40:59Z,2355.1,2354.2,2354.8,2590.0,2590.1,2590.2,5632.6,5631.6,5631.5,2321.4,2321.2,2321.7,3459.3,3459.7,3459.2,4358.1,4357.9,4358.4,6047.4,6046.6,6047.6,8561.1,8561.6,8558.1,5171.1,5170.7,5171.5,7385.3,7384.9,7385.4,6070.7,6069.4,6070.3,1845.5,1843.6,1843.7,3651.1,3650.6,3652.0,2521.2,2520.1,2520.2,2873.7,2874.0,2873.8,26.820000,25.750000,going to home base
2024-04-13T03:41:04Z,2355.3,2354.8,2355.0,2589.4,2589.1,2589.5,5631.8,5631.7,5631.5,2320.8,2321.0,2321.2,3459.1,3459.5,3458.8,4358.3,4358.1,4358.4,6048.7,6049.1,6048.8,8560.6,8559.6,8560.5,5171.7,5171.0,5170.8,7387.3,7386.8,7385.4,6072.2,6073.7,6073.4,1844.8,1843.3,1843.2,3651.0,3651.7,3652.3,2521.1,2519.8,2520.4,2874.2,2873.4,2873.6,26.799999,25.740000,going to home base
2024-04-13T03:41:09Z,2355.8,2354.9,2355.5,2590.0,2589.5,2589.7,5632.0,5632.2,5631.7,2320.9,2321.1,2321.4,3459.4,3459.1,3459.2,4358.2,4358.1,4358.3,6047.3,6045.9,6047.2,8562.3,8560.5,8558.9,5173.0,5172.2,5173.7,7387.4,7386.7,7384.7,6070.5,6070.3,6072.4,1844.9,1843.6,1844.1,3652.4,3652.0,3653.6,2521.2,2520.3,2520.7,2874.4,2873.7,2874.4,26.820000,25.719999,going to home base
2024-04-13T03:41:14Z,2355.4,2354.9,2355.3,2590.1,2590.0,2589.7,5631.6,5631.4,5631.7,2321.2,2321.3,2321.6,3459.4,3459.1,3458.7,4358.0,4358.0,4358.1,6046.7,6045.5,6046.8,8561.2,8559.7,8561.4,5172.8,5171.8,5173.5,7384.5,7383.4,7384.4,6072.3,6071.8,6072.6,1844.1,1843.0,1843.0,3651.1,3651.6,3651.9,2520.0,2519.5,2519.3,2874.7,2874.0,2873.9,26.799999,25.709999,going to home base
2024-04-13T03:41:19Z,2355.1,2354.5,2354.7,2590.5,2590.3,2590.8,5632.4,5631.5,5631.7,2321.9,2322.0,2322.1,3459.4,3458.8,3459.2,4358.6,4358.2,4358.6,6045.8,6046.2,6046.1,8565.0,8562.9,8564.1,5171.9,5170.6,5172.1,7381.8,7382.5,7381.5,6070.1,6072.5,6074.1,1844.8,1843.2,1843.3,3651.9,3651.9,3652.1,2521.0,2520.3,2520.6,2872.3,2872.5,2873.2,26.820000,25.750000,going to home base
2024-04-13T03:41:24Z,2355.2,2354.7,2355.0,2590.4,2590.0,2590.4,5632.5,5631.8,5632.5,2321.3,2321.4,2321.9,3459.0,3459.1,3459.4,4357.3,4357.6,4357.4,6043.4,6044.3,6043.5,8564.6,8563.1,8561.9,5170.9,5169.9,5172.0,7384.6,7385.0,7386.4,6070.2,6070.8,6070.5,1844.8,1843.0,1843.1,3650.6,3650.9,3652.1,2520.9,2519.5,2520.0,2872.1,2871.8,2872.8,26.799999,25.750000,going to home base
2024-04-13T03:41:29Z,2354.8,2353.9,2354.9,2590.4,2590.2,2590.4,5632.3,5631.8,5631.7,2321.5,2321.4,2321.4,3458.8,3458.7,3458.8,4357.8,4358.2,4358.0,6044.5,6045.4,6043.5,8559.0,8559.8,8562.1,5169.8,5169.5,5170.9,7386.4,7385.5,7385.1,6073.3,6072.3,6073.1,1844.6,1842.9,1842.8,3650.9,3651.0,3651.8,2521.0,2520.2,2520.8,2874.9,2874.4,2874.2,26.799999,25.760000,going to home base
2024-04-13T03:41:34Z,2355.6,2355.0,2355.0,2589.4,2590.1,2590.3,5631.6,5631.4,5631.6,2321.0,2321.2,2321.6,3460.4,3459.4,3459.6,4358.1,4358.2,4358.2,6046.5,6046.5,6047.4,8559.3,8559.7,8560.4,5171.7,5170.9,5171.9,7383.4,7383.0,7383.0,6073.3,6073.9,6072.8,1844.7,1843.6,1843.3,3651.8,3651.1,3652.4,2521.2,2520.0,2520.3,2873.5,2873.0,2873.2,26.790001,25.709999,going to home base
2024-04-13T03:41:39Z,2354.9,2354.2,2354.7,2589.8,2590.2,2589.7,5631.8,5631.7,5631.8,2321.9,2321.8,2322.0,3459.8,3460.2,3459.9,4358.4,4358.4,4358.6,6043.8,6044.4,6044.0,8562.0,8561.6,8561.5,5172.2,5171.0,5173.0,7386.4,7384.8,7385.0,6071.9,6070.5,6070.7,1844.4,1842.6,1842.9,3651.5,3651.4,3652.0,2520.7,2519.7,2520.7,2874.1,2872.1,2873.4,26.820000,25.740000,going to home base
2024-04-13T03:41:44Z,2355.3,2354.4,2354.8,2589.1,2589.6,2590.3,5632.6,5632.2,5631.6,2322.5,2322.5,2322.6,3459.5,3459.4,3458.9,4358.3,4358.7,4358.4,6044.8,6044.5,6043.8,8565.9,8567.3,8564.2,5171.5,5172.4,5172.1,7386.4,7385.4,7385.9,6072.5,6069.9,6072.7,1844.2,1843.0,1842.9,3651.0,3651.3,3652.2,2521.0,2520.4,2520.4,2873.2,2872.6,2873.2,26.790001,25.709999,going to home base
2024-04-13T03:41:49Z,2354.9,2354.4,2354.7,2590.8,2590.2,2590.8,5632.9,5632.1,5632.5,2321.5,2321.5,2321.5,3459.7,3459.6,3458.6,4358.7,4358.8,4358.5,6044.5,6044.7,6045.1,8562.5,8562.5,8560.0,5171.0,5171.0,5172.3,7387.8,7384.5,7383.9,6071.2,6070.6,6071.1,1845.4,1843.5,1843.1,3651.7,3651.8,3651.8,2521.0,2519.6,2520.1,2874.4,2873.8,2873.4,26.830000,25.740000,going to home base
2024-04-13T03:41:54Z,2355.2,2354.4,2354.5,2589.6,2589.6,2589.8,5633.1,5632.6,5632.3,2321.8,2322.0,2322.2,3460.3,3459.1,3459.8,4358.1,4358.1,4357.9,6041.5,6041.0,6042.4,8562.2,8563.0,8562.0,5171.4,5171.2,5171.5,7385.7,7385.6,7385.5,6071.4,6070.6,6070.7,1845.0,1843.6,1843.6,3650.7,3650.2,3651.1,2520.9,2519.5,2520.4,2873.7,2873.0,2872.8,26.799999,25.719999,going to home base
2024-04-13T03:41:59Z,2354.6,2354.0,2354.3,2590.0,2590.1,2590.2,5631.8,5631.5,5631.6,2321.4,2321.3,2321.6,3460.4,3460.2,3460.0,4358.0,4357.9,4358.3,6045.4,6044.6,6046.2,8559.1,8558.6,8559.8,5170.8,5170.6,5171.1,7384.6,7384.9,7383.4,6072.3,6070.7,6072.5,1845.2,1843.4,1843.7,3650.5,3649.8,3651.0,2519.7,2519.1,2519.1,2874.3,2872.8,2874.1,26.799999,25.719999,going to home base
2024-04-13T03:42:04Z,2354.9,2354.1,2354.3,2589.8,2590.1,2590.5,5632.1,5631.7,5631.3,2321.6,2321.4,2321.7,3459.6,3458.8,3459.5,4358.7,4358.7,4358.6,6041.3,6041.9,6042.2,8560.8,8562.1,8561.4,5171.8,5171.0,5172.4,7387.9,7386.8,7387.6,6073.5,6072.8,6073.5,1844.9,1843.5,1843.2,3650.6,3651.0,3651.9,2519.8,2518.9,2519.1,2872.4,2873.1,2874.1,26.799999,25.709999,going to home base
2024-04-13T03:42:09Z,2355.1,2354.0,2354.7,2589.7,2589.3,2589.3,5632.5,5631.5,5631.4,2322.1,2322.1,2322.9,3459.9,3459.5,3459.1,4358.4,4358.1,4358.2,6044.5,6043.1,6043.5,8557.7,8561.0,8560.4,5170.8,5170.8,5171.9,7386.0,7385.0,7386.5,6073.3,6072.0,6073.2,1845.3,1843.8,1843.7,3651.0,3650.8,3651.7,2520.6,2519.8,2520.0,2873.7,2873.3,2873.3,26.820000,25.740000,going to home base
2024-04-13T03:42:14Z,2355.3,2354.5,2354.8,2589.8,2590.1,2590.5,5631.9,5631.5,5631.6,2321.3,2321.1,2321.7,3459.3,3459.2,3459.5,4358.6,4358.5,4358.4,6044.3,6044.2,6044.4,8558.6,8558.4,8559.1,5170.6,5170.0,5171.5,7387.7,7385.7,7385.1,6072.4,6073.0,6073.5,1845.1,1844.3,1843.9,3650.8,3651.0,3652.1,2520.2,2519.2,2519.3,2874.0,2873.2,2873.9,26.799999,25.740000,going to home base
2024-04-13T03:42:19Z,2355.1,2354.4,2354.4,2589.8,2590.2,2590.5,5632.4,5631.5,5632.3,2322.0,2321.4,2322.0,3459.2,3459.1,3458.6,4358.0,4358.3,4358.2,6044.5,6044.8,6044.7,8560.9,8558.7,8561.2,5170.1,5170.7,5171.1,7386.4,7385.5,7385.1,6070.4,6071.2,6070.3,1845.0,1843.3,1843.3,3650.9,3651.0,3651.2,2520.4,2520.3,2520.1,2872.1,2871.5,2871.9,26.820000,25.719999,going to home base
2024-04-13T03:42:29Z,2354.6,2353.8,2354.2,2589.5,2589.1,2589.6,5632.0,5631.8,5631.7,2321.1,2321.1,2321.9,3459.1,3458.9,3458.6,4357.8,4357.4,4357.2,6046.1,6046.0,6045.5,8559.8,8561.9,8561.2,5171.4,5170.8,5171.2,7387.7,7386.3,7387.0,6071.4,6071.5,6072.6,1844.7,1843.4,1843.4,3649.9,3650.4,3650.8,2519.7,2518.5,2519.4,2874.9,2874.3,2875.4,26.799999,25.709999,going to home base
2024-04-13T03:42:34Z,2354.5,2353.8,2354.1,2589.5,2589.7,2589.9,5632.1,5631.7,5631.3,2322.2,2321.9,2322.3,3459.6,3459.2,3459.0,4358.1,4358.0,4357.9,6045.7,6044.9,6044.8,8561.6,8561.5,8560.0,5171.0,5169.5,5171.9,7386.8,7385.1,7386.3,6071.0,6071.6,6072.2,1845.1,1843.7,1843.5,3649.8,3650.2,3650.6,2520.1,2519.3,2519.6,2873.1,2873.4,2873.6,26.790001,25.690001,going to home base
2024-04-13T03:42:39Z,2354.9,2354.2,2354.4,2590.1,2590.0,2589.9,5632.0,5631.3,5632.0,2321.7,2321.7,2322.2,3458.7,3459.5,3458.7,4357.8,4358.0,4357.2,6044.4,6043.4,6043.3,8561.0,8561.1,8561.2,5171.0,5170.4,5172.4,7388.4,7386.3,7385.8,6072.3,6072.3,6073.4,1844.7,1843.2,1843.1,3649.9,3650.5,3651.4,2520.4,2519.6,2520.1,2874.2,2873.7,2874.0,26.790001,25.680000,going to home base
2024-04-13T03:42:44Z,2354.8,2354.1,2354.4,2589.5,2589.9,2590.2,5631.6,5631.4,5631.1,2322.2,2322.3,2322.7,3460.2,3459.4,3459.4,4357.9,4357.7,4357.9,6043.3,6042.9,6043.1,8561.2,8558.9,8561.0,5171.6,5171.1,5172.6,7387.2,7386.2,7385.2,6072.1,6072.5,6072.7,1845.0,1843.7,1843.5,3650.1,3650.2,3651.2,2520.3,2519.5,2520.2,2872.2,2871.9,2872.6,26.820000,25.690001,going to home base
2024-04-13T03:42:49Z,2354.5,2353.9,2354.0,2589.6,2589.5,2590.0,5631.8,5631.2,5631.6,2321.8,2321.6,2321.5,3459.4,3459.2,3458.8,4357.6,4357.9,4357.7,6043.0,6043.6,6041.6,8559.0,8560.1,8558.4,5170.1,5170.3,5170.9,7386.3,7386.1,7386.1,6072.4,6071.2,6072.6,1844.2,1842.8,1843.0,3650.6,3650.1,3651.4,2520.4,2519.5,2520.0,2873.9,2873.1,2872.9,26.820000,25.740000,going to home base
2024-04-13T03:42:54Z,2354.6,2353.8,2354.0,2590.2,2590.4,2590.9,5631.8,5631.4,5631.5,2320.9,2321.4,2321.8,3459.7,3459.2,3459.3,4357.8,4357.4,4357.8,6043.7,6043.6,6043.0,8557.7,8560.2,8559.0,5170.0,5169.7,5170.6,7387.5,7385.8,7387.3,6070.7,6070.9,6072.6,1844.5,1843.2,1843.1,3651.6,3651.2,3652.2,2521.0,2520.2,2520.2,2874.6,2874.6,2875.2,26.799999,25.750000,going to home base
2024-04-13T03:42:59Z,2354.7,2354.4,2354.0,2590.5,2589.8,2590.6,5632.1,5631.7,5631.6,2321.7,2321.4,2322.6,3459.6,3460.0,3460.3,4357.8,4358.0,4358.3,6045.5,6044.3,6046.0,8559.6,8560.2,8561.3,5170.9,5170.1,5171.7,7384.6,7384.9,7384.4,6073.1,6070.9,6071.8,1844.8,1843.4,1843.4,3650.8,3650.4,3651.4,2520.2,2519.1,2519.2,2875.1,2873.5,2873.9,26.799999,25.740000,going to home base
2024-04-13T03:43:04Z,2355.1,2354.8,2354.8,2590.4,2589.8,2590.1,5631.5,5630.7,5630.8,2321.5,2321.4,2321.3,3459.9,3460.2,3459.9,4358.0,4358.2,4358.3,6042.2,6042.3,6043.3,8561.0,8559.6,8559.6,5169.6,5170.1,5170.5,7386.9,7385.5,7386.0,6070.4,6069.5,6070.0,1844.6,1843.2,1843.0,3650.8,3650.9,3651.7,2520.5,2519.8,2520.0,2872.8,2873.2,2874.6,26.820000,25.790001,going to home base
2024-04-13T03:43:09Z,2354.9,2354.3,2354.6,2590.2,2589.8,2590.0,5631.5,5631.3,5631.7,2321.9,2321.4,2321.7,3459.2,3458.4,3458.6,4358.4,4358.4,4358.4,6043.5,6043.5,6044.1,8558.3,8558.9,8559.0,5170.4,5170.3,5171.7,7386.1,7385.5,7385.8,6072.8,6071.8,6072.4,1845.1,1843.7,1843.2,3650.3,3650.6,3651.3,2520.3,2519.7,2519.2,2874.1,2873.3,2874.0,26.770000,25.740000,going to home base
2024-04-13T03:43:19Z,2355.2,2354.6,2354.7,2589.8,2590.0,2590.5,5632.4,5631.6,5631.6,2322.3,2321.8,2322.8,3459.4,3458.7,3458.6,4357.6,4357.8,4357.7,6043.0,6043.0,6044.0,8557.9,8558.0,8557.6,5172.5,5171.7,5172.8,7387.1,7386.5,7385.2,6071.5,6071.9,6074.5,1845.6,1844.2,1844.5,3649.7,3650.2,3651.1,2519.8,2519.1,2519.0,2874.7,2874.0,28start,2354.5,2354.2,going to home base
2024-04-13T03:43:29Z,2355.0,2354.8,2354.4,2589.4,2589.3,2590.3,5632.1,5631.7,5631.7,2321.5,2321.5,2321.9,3459.1,3459.1,3458.9,4357.8,4357.8,4357.7,6044.7,6043.4,6044.6,8560.9,8560.1,8559.0,5170.3,5170.6,5171.6,7387.4,7385.1,7386.0,6070.7,6069.7,6071.9,1845.2,1843.5,1843.6,3650.0,3650.1,3650.6,2520.6,2519.8,2520.0,2871.7,2870.9,2870.7,26.790001,25.740000,going to home base
2024-04-13T03:43:34Z,2355.3,2354.4,2354.7,2589.4,2589.6,2589.8,5632.5,5630.3,5630.6,2321.0,2321.4,2321.8,3460.4,3459.7,3460.1,4358.6,4358.3,4358.0,6041.4,6040.6,6042.4,8560.0,8558.5,8558.4,5168.1,5169.7,5169.9,7387.3,7387.0,7387.9,6070.0,6070.6,6070.4,1845.4,1843.8,1843.6,3650.6,3650.4,3651.7,2520.4,2519.8,2519.9,2872.0,2872.5,2872.2,26.799999,25.750000,going to home base
2024-04-13T03:43:39Z,2355.6,2354.6,2354.4,2589.6,2589.3,2590.0,5631.1,5630.9,5631.6,2321.1,2321.6,2321.3,3459.9,3459.6,3459.5,4357.9,4357.8,4358.0,6043.2,6043.9,6043.7,8559.8,8558.4,8559.0,5171.1,5170.9,5171.9,7387.0,7384.9,7386.1,6071.1,6070.6,6071.2,1844.7,1843.6,1843.5,3650.5,3650.2,3651.6,2520.0,2519.4,2519.7,2872.8,2872.0,2873.0,26.790001,25.719999,going to home base
2024-04-13T03:43:44Z,2355.2,2354.5,2354.6,2590.2,2590.1,2590.3,5631.1,5630.8,5631.6,2321.3,2321.5,2321.7,3460.4,3459.8,3459.8,4358.1,4357.7,4357.7,6042.3,6042.8,6041.5,8558.8,8558.7,8559.5,5172.0,5170.2,5172.3,7387.8,7385.9,7385.3,6070.8,6069.2,6068.7,1845.2,1843.8,1844.0,3650.5,3649.8,3651.0,2520.0,2519.4,2519.7,2874.9,2875.3,2874.8,26.820000,25.740000,going to home base
2024-04-13T03:43:49Z,2354.6,2354.3,2354.5,2590.0,2589.2,2589.5,5631.5,5631.3,5630.5,2321.6,2321.8,2322.1,3460.2,3459.2,3459.4,4357.6,4357.8,4358.1,6042.0,6041.6,6042.8,8559.3,8558.1,8558.5,5170.6,5171.4,5173.4,7386.6,7384.2,7386.2,6070.4,6069.1,6068.6,1845.3,1844.2,1843.7,3650.0,3649.8,3651.1,2521.0,2520.3,2520.5,2875.2,2874.6,2875.4,26.760000,25.750000,going to home base
2024-04-13T03:43:54Z,2355.2,2354.6,2355.0,2589.2,2588.8,2589.5,5631.6,5630.5,5631.3,2321.3,2321.5,2321.9,3460.5,3459.9,3460.3,4358.2,4357.6,4357.6,6040.1,6040.4,6039.7,8561.9,8557.9,8560.9,5170.9,5170.7,5172.1,7385.4,7385.5,7386.1,6069.9,6070.2,6070.9,1844.6,1843.6,1843.0,3650.8,3650.9,3651.6,2519.9,2519.1,2519.1,2874.2,2874.2,2874.9,26.820000,25.690001,going to home base
2024-04-13T03:43:59Z,2355.1,2354.0,2354.8,2589.1,2588.9,2589.0,5631.3,5630.9,5631.2,2321.1,2320.9,2321.4,3460.9,3460.4,3460.4,4357.9,4357.7,4357.5,6041.4,6042.7,6041.8,8559.2,8560.5,8559.3,5170.1,5168.9,5170.4,7383.9,7383.7,7384.8,6070.5,6070.2,6071.5,1845.0,1843.6,1843.3,3650.6,3650.4,3651.5,2519.4,2518.0,2517.9,2874.9,2874.0,2873.9,26.820000,25.690001,going to home base
2024-04-13T03:44:04Z,2355.1,2354.0,2354.4,2589.1,2589.7,2590.0,5632.4,5631.4,5631.7,2321.3,2321.7,2321.8,3460.1,3460.4,3459.6,4357.5,4357.6,4358.1,6041.6,6041.4,6042.3,8560.2,8562.2,8558.5,5171.0,5169.2,5170.5,7384.0,7384.6,7384.3,6072.0,6071.7,6071.8,1844.9,1843.5,1843.5,3650.5,3650.1,3651.2,2519.7,2519.0,2519.0,2875.1,2874.6,2875.5,26.799999,25.719999,going to home base
2024-04-13T03:44:09Z,2354.9,2354.4,2354.7,2588.9,2589.0,2589.4,5631.7,5631.7,5631.9,2321.6,2321.8,2322.1,3459.9,3459.6,3459.4,4357.6,4357.5,4357.5,6042.0,6041.9,6041.0,8557.8,8559.0,8557.6,5171.3,5170.9,5172.5,7382.6,7383.1,7382.5,6070.8,6071.0,6071.9,1844.7,1843.4,1843.3,3651.1,3650.9,3651.7,2519.9,2518.9,2519.1,2874.0,2874.2,2875.3,26.790001,25.760000,going to home base
2024-04-13T03:44:14Z,2354.8,2354.4,2354.4,2589.1,2589.7,2590.0,5632.3,5631.5,5631.4,2321.9,2321.8,2321.9,3460.0,3459.9,3459.6,4358.1,4358.2,4358.0,6043.0,6043.5,6044.0,8558.3,8561.9,8557.3,5171.7,5170.6,5171.7,7384.2,7383.3,7384.3,6069.6,6068.8,6070.1,1844.2,1842.6,1842.6,3650.2,3650.3,3651.2,2520.1,2519.1,2519.1,2874.4,2874.0,2874.0,26.820000,25.760000,going to home base
2024-04-13T03:44:19Z,2354.8,2354.0,2354.1,2589.5,2589.2,2589.5,5631.5,5631.3,5631.6,2321.8,2321.7,2322.3,3460.0,3459.8,3459.7,4357.4,4357.3,4357.4,6044.2,6044.4,6044.3,8556.3,8556.7,8557.5,5170.0,5169.7,5170.3,7386.3,7385.1,7384.6,6067.4,6067.5,6068.6,1844.5,1843.1,1843.0,3650.3,3650.4,3651.1,2519.3,2518.5,2518.6,2874.5,2873.6,2875.0,26.790001,25.790001,going to home base
2024-04-13T03:44:24Z,2355.4,2354.6,2354.8,2588.5,2588.7,2589.2,5632.0,5631.8,5632.1,2321.2,2321.1,2321.6,3460.3,3460.0,3459.1,4356.8,4357.0,4357.2,6041.5,6040.7,6040.6,8559.7,8559.1,8559.7,5169.4,5168.9,5170.1,7383.8,7383.7,7383.5,6067.5,6069.6,6070.2,1844.8,1843.7,1843.3,3650.4,3650.6,3651.5,2520.3,2519.8,2519.9,2874.9,2874.3,2874.9,26.799999,25.760000,going to home base
2024-04-13T03:44:29Z,2355.0,2354.2,2354.3,2589.3,2589.5,2589.7,5631.8,5631.5,5631.1,2321.4,2321.9,2322.3,3459.9,3459.6,3459.7,4357.4,4357.4,4357.5,6044.6,6043.2,6044.4,8558.9,8559.6,8558.1,5170.4,5169.5,5170.1,7385.7,7384.4,7383.4,6071.4,6068.9,6071.1,1844.8,1843.0,1842.9,3650.2,3650.2,3651.1,2520.8,2520.2,2520.1,2874.0,2873.6,2874.2,26.799999,25.750000,going to home base
2024-04-13T03:44:34Z,2355.1,2354.1,2354.3,2589.4,2589.5,2589.7,5631.4,5630.8,5631.0,2321.4,2321.5,2321.7,3459.9,3458.8,3459.7,4357.9,4356.9,4357.4,6043.9,6043.4,6045.6,8559.2,8557.7,8557.7,5171.7,5170.9,5172.3,7385.1,7384.2,7383.8,6068.8,6068.3,6069.3,1844.8,1843.5,1843.3,3650.9,3650.2,3650.9,2520.8,2519.6,2519.9,2873.8,2873.5,2873.4,26.790001,25.809999,going to home base
2024-04-13T03:44:39Z,2355.2,2354.3,2355.0,2589.6,2589.6,2590.1,5631.5,5631.3,5630.9,2321.6,2321.6,2322.0,3460.0,3459.7,3459.9,4358.0,4357.6,4358.0,6042.5,6042.5,6042.5,8556.6,8557.3,8557.1,5169.9,5170.3,5171.0,7387.0,7385.3,7386.3,6070.8,6071.3,6069.0,1844.7,1843.2,1843.5,3651.0,3651.0,3651.9,2519.7,2518.6,2519.4,2874.5,2873.9,2873.8,26.799999,25.780001,going to home base
2024-04-13T03:44:44Z,2355.0,2354.3,2354.5,2590.0,2589.3,2590.2,5631.9,5631.6,5631.2,2321.6,2321.5,2321.9,3458.6,3458.9,3458.4,4357.3,4357.1,4357.3,6044.1,6043.5,6044.4,8561.0,8562.2,8560.9,5171.0,5169.4,5172.4,7385.9,7385.7,7385.4,6071.5,6070.7,6071.3,1845.0,1843.7,1843.5,3651.7,3651.4,3652.6,2520.0,2518.7,2518.8,2875.0,2874.7,2874.6,26.799999,25.740000,going to home base
2024-04-13T03:44:49Z,2354.4,2353.9,2354.0,2590.2,2589.9,2590.1,5632.4,5631.7,5631.9,2321.9,2321.9,2322.5,3459.5,3458.5,3459.5,4357.2,4356.7,4356.8,6043.7,6042.7,6042.6,8558.8,8557.5,8561.4,5170.4,5170.1,5171.5,7385.0,7384.1,7386.0,6071.0,6070.2,6069.7,1845.4,1844.0,1843.7,3650.2,3650.2,3651.3,2520.5,2519.7,2519.4,2873.9,2873.6,2874.3,26.790001,25.760000,going to home base
2024-04-13T03:44:54Z,2354.8,2354.2,2354.5,2589.1,2588.9,2589.7,5632.0,5631.8,5631.5,2321.4,2321.1,2321.4,3458.8,3458.4,3458.2,4356.9,4357.0,4357.4,6043.9,6044.2,6044.1,8556.8,8556.0,8557.7,5170.8,5169.5,5171.1,7387.7,7385.5,7385.8,6071.3,6070.3,6070.7,1844.8,1843.4,1843.5,3649.6,3650.0,3651.3,2520.7,2519.6,2519.8,2873.7,2872.4,2872.7,26.820000,25.719999,going to home base
2024-04-13T03:44:59Z,2355.4,2354.7,2355.2,2589.6,2589.4,2589.5,5631.4,5631.1,5631.5,2321.3,2321.2,2321.4,3459.3,3458.0,3458.3,4357.4,4356.8,4357.2,6043.1,6041.8,6042.0,8561.2,8564.0,8563.5,5171.0,5170.7,5171.8,7385.8,7384.6,7383.8,6071.0,6069.8,6069.0,1844.6,1843.3,1843.2,3650.2,3649.8,3650.8,2519.2,2518.9,2519.2,2875.8,2875.0,2875.8,26.790001,25.750000,going to home base
2024-04-13T03:45:04Z,2355.6,2355.0,2355.1,2588.9,2589.0,2589.3,5631.8,5631.4,5631.6,2320.9,2321.3,2321.6,3459.9,3459.4,3459.4,4357.6,4357.5,4357.3,6043.8,6041.8,6041.8,8564.9,8561.0,8562.3,5169.6,5170.2,5169.9,7386.6,7386.8,7386.0,6068.8,6069.6,6069.9,1844.8,1843.1,1843.3,3650.0,3649.9,3650.9,2519.6,2518.9,2518.8,2873.0,2872.7,2872.6,26.799999,25.719999,going to home base
2024-04-13T03:45:09Z,2355.4,2354.7,2354.9,2588.6,2588.6,2589.1,5631.5,5631.3,5630.9,2321.8,2321.8,2322.0,3458.9,3458.3,3458.2,4357.5,4357.7,4357.2,6043.1,6042.6,6041.7,8561.5,8559.5,8559.8,5170.3,5170.4,5170.3,7386.2,7385.1,7384.8,6070.7,6070.8,6071.0,1844.9,1843.1,1843.0,3651.0,3651.0,3651.7,2519.9,2519.7,2519.1,2873.6,2873.0,2872.4,26.790001,25.709999,going to home base
2024-04-13T03:45:14Z,2355.6,2355.2,2355.5,2589.7,2589.8,2589.9,5631.5,5631.1,5631.5,2321.6,2321.4,2321.9,3459.0,3458.2,3458.1,4357.6,4357.1,4357.6,6043.0,6042.7,6043.4,8559.4,8560.0,8558.1,5168.9,5169.0,5169.6,7386.2,7385.0,7384.6,6070.7,6070.2,6070.3,1844.8,1843.6,1843.2,3651.2,3650.9,3652.2,2519.7,2518.8,2519.4,2874.3,2872.6,2873.8,26.799999,25.700001,going to home base
2024-04-13T03:45:19Z,2355.9,2355.0,2355.3,2589.7,2589.7,2589.7,5631.6,5631.4,5631.4,2321.4,2321.4,2321.9,3460.0,3459.3,3458.7,4357.6,4358.0,4357.7,6040.5,6041.7,6041.1,8560.2,8561.3,8561.9,5170.3,5170.2,5170.0,7385.7,7385.0,7384.4,6070.4,6069.6,6069.7,1845.5,1844.0,1843.7,3649.9,3649.9,3650.9,2519.4,2518.9,2519.0,2874.3,2872.8,2873.1,26.790001,25.740000,going to home base
2024-04-13T03:45:24Z,2355.0,2354.3,2354.7,2589.6,2589.6,2589.2,5632.5,5631.8,5632.4,2321.1,2321.2,2321.6,3460.4,3460.2,3459.9,4357.0,4357.8,4357.6,6045.5,6044.6,6043.3,8559.9,8561.6,8561.1,5170.0,5170.1,5169.7,7386.2,7384.2,7384.8,6069.5,6068.9,6070.4,1845.1,1843.7,1843.7,3650.8,3650.9,3651.3,2520.1,2519.5,2519.5,2872.5,2871.7,2872.7,26.790001,25.750000,going to home base
2024-04-13T03:45:29Z,2354.7,2353.9,2354.1,2588.7,2588.6,2588.7,5631.9,5631.6,5631.6,2321.3,2321.0,2321.3,3459.8,3459.2,3458.8,4357.4,4357.8,4357.8,6043.0,6043.2,6043.0,8561.3,8560.8,8560.0,5171.0,5169.2,5170.2,7387.1,7385.9,7385.4,6071.1,6070.8,6071.2,1845.0,1843.4,1843.1,3651.0,3650.6,3651.4,2519.7,2519.3,2519.4,2872.6,2872.1,2872.8,26.770000,25.740000,going to home base
2024-04-13T03:45:34Z,2355.4,2354.7,2354.7,2589.5,2589.3,2589.7,5631.4,5631.0,5630.9,2321.3,2320.9,2321.8,3458.6,3459.0,3458.9,4357.6,4357.8,4357.8,6043.8,6044.3,6043.6,8560.6,8559.8,8560.5,5170.0,5168.9,5170.2,7386.6,7384.5,7385.2,6073.1,6071.0,6071.6,1844.2,1842.6,1842.9,3650.5,3650.7,3651.8,2520.6,2519.8,2519.1,2873.6,2872.5,2873.4,26.790001,25.719999,going to home base
2024-04-13T03:45:39Z,2355.3,2354.2,2354.5,2589.0,2589.4,2590.2,5630.9,5630.8,5631.1,2321.5,2321.1,2321.9,3460.1,3458.8,3459.2,4357.7,4357.4,4357.3,6043.7,6043.1,6044.3,8560.4,8558.5,8562.0,5169.5,5168.6,5169.9,7385.9,7385.2,7385.6,6069.1,6070.3,6070.7,1845.1,1843.4,1843.4,3650.6,3651.0,3651.3,2520.0,2519.1,2519.8,2872.7,2872.2,2872.4,26.790001,25.690001,going to home base
2024-04-13T03:45:44Z,2354.9,2354.4,2354.6,2588.7,2588.5,2589.4,5631.8,5631.8,5631.8,2322.0,2322.4,2322.6,3460.7,3460.1,3460.2,4358.1,4358.2,4358.2,6042.0,6042.1,6043.1,8561.7,8560.3,8562.5,5170.3,5169.8,5170.8,7385.3,7383.9,7384.6,6071.7,6070.1,6071.3,1844.3,1843.2,1843.3,3650.6,3650.8,3652.1,2519.5,2518.6,2519.3,2872.9,2872.3,2872.8,26.790001,25.690001,going to home base
2024-04-13T03:45:49Z,2355.4,2354.5,2354.7,2589.4,2588.9,2589.6,5631.2,5630.9,5630.6,2321.9,2322.3,2322.0,3460.0,3459.4,3459.1,4357.3,4357.5,4357.7,6043.6,6042.6,6042.5,8560.6,8559.7,8562.3,5168.9,5167.7,5170.3,7383.5,7383.7,7383.9,6070.9,6069.9,6070.2,1844.8,1843.4,1843.6,3650.1,3650.5,3651.5,2519.7,2519.4,2519.2,2873.0,2872.3,2872.7,26.790001,25.780001,going to home base
2024-04-13T03:45:54Z,2355.3,2354.6,2355.0,2589.2,2589.2,2589.5,5631.0,5630.7,5631.4,2321.9,2322.1,2322.5,3460.1,3459.1,3459.5,4358.2,4357.6,4357.5,6040.8,6040.5,6040.7,8559.6,8559.1,8558.4,5169.2,5168.3,5169.8,7385.5,7384.3,7386.6,6071.1,6070.6,6071.3,1845.0,1843.3,1843.2,3650.5,3650.6,3651.0,2520.0,2519.1,2519.2,2873.0,2872.6,2873.3,26.770000,25.700001,going to home base
2024-04-13T03:45:59Z,2355.3,2354.6,2354.9,2589.0,2589.5,2590.1,5631.5,5631.5,5631.0,2321.1,2320.8,2321.6,3460.2,3459.4,3459.4,4357.3,4356.8,4357.4,6042.9,6041.8,6041.9,8560.7,8559.8,8558.4,5169.8,5170.3,5171.2,7385.2,7383.2,7384.3,6070.6,6071.4,6070.8,1845.0,1843.2,1843.2,3650.3,3649.9,3651.4,2520.2,2519.3,2519.6,2873.0,2872.4,2873.1,26.799999,25.780001,going to home base
2024-04-13T03:46:04Z,2355.0,2354.7,2354.3,2588.5,2588.4,2589.0,5631.5,5631.3,5630.9,2320.8,2320.7,2321.2,3460.0,3459.7,3459.8,4357.5,4358.1,4357.8,6042.3,6042.1,6041.0,8557.6,8558.6,8558.5,5170.7,5169.7,5171.4,7387.3,7385.5,7386.1,6071.0,6070.3,6071.7,1845.4,1843.8,1844.1,3650.3,3650.3,3651.1,2519.9,2519.0,2519.1,2873.2,2872.7,2873.3,26.790001,25.760000,going to home base
2024-04-13T03:46:09Z,2355.0,2354.5,2354.5,2589.3,2589.3,2589.4,5631.4,5630.6,5630.9,2322.1,2321.8,2322.4,3460.0,3459.6,3459.3,4357.3,4357.2,4357.1,6041.7,6043.1,6043.3,8558.5,8560.5,8559.9,5169.2,5169.3,5169.5,7385.6,7386.2,7386.7,6071.0,6071.7,6070.4,1844.8,1843.1,1843.4,3650.6,3650.1,3650.8,2519.7,2518.2,2518.9,2873.0,2872.9,2873.5,26.790001,25.790001,going to home base
2024-04-13T03:46:14Z,2355.0,2354.5,2354.8,2589.5,2588.9,2589.4,5631.0,5630.2,5630.5,2322.0,2321.8,2322.1,3459.6,3459.3,3459.2,4357.7,4358.0,4357.5,6040.9,6042.1,6042.6,8558.0,8558.5,8558.0,5168.9,5168.6,5169.9,7385.5,7383.7,7382.7,6071.1,6069.9,6071.6,1845.5,1844.0,1843.9,3650.1,3650.9,3651.6,2519.9,2519.1,2519.4,2873.7,2872.6,2872.7,26.770000,25.770000,going to home base
2024-04-13T03:46:19Z,2354.9,2353.9,2354.3,2589.7,2589.0,2589.0,5630.9,5630.9,5631.0,2321.1,2321.5,2321.8,3459.0,3459.2,3458.9,4358.1,4357.7,4358.4,6041.7,6040.5,6041.5,8557.0,8556.9,8558.0,5170.0,5169.9,5170.7,7384.6,7382.8,7383.4,6068.1,6070.2,6069.9,1844.6,1843.5,1843.4,3651.1,3651.5,3652.7,2519.9,2519.8,2519.5,2871.4,2871.4,2872.4,26.790001,25.780001,going to home base
2024-04-13T03:46:24Z,2354.8,2354.1,2354.5,2589.0,2588.7,2589.0,5631.5,5631.3,5631.2,2321.8,2321.5,2322.3,3459.8,3459.8,3459.0,4357.9,4357.6,4358.1,6042.7,6042.6,6041.5,8559.3,8558.3,8561.5,5170.6,5170.2,5170.5,7386.9,7385.4,7385.2,6070.4,6071.6,6071.5,1844.6,1843.0,1843.3,3650.1,3650.6,3651.4,2519.9,2519.4,2519.5,2871.9,2872.1,2872.8,26.790001,25.719999,going to home base
2024-04-13T03:46:29Z,2355.2,2354.4,2354.7,2589.2,2589.3,2589.6,5632.1,5631.0,5631.2,2321.3,2321.1,2321.4,3459.2,3458.6,3458.2,4357.5,4357.7,4357.2,6043.4,6044.1,6044.0,8559.3,8558.8,8557.1,5169.5,5170.0,5171.5,7383.6,7384.0,7383.6,6070.7,6069.3,6070.7,1845.2,1843.4,1843.3,3650.5,3650.3,3651.0,2519.9,2518.7,2518.8,2874.1,2874.2,2873.9,26.790001,25.780001,going to home base
2024-04-13T03:46:34Z,2354.6,2354.1,2354.3,2589.4,2589.5,2589.6,5631.7,5631.2,5632.2,2321.5,2321.8,2321.9,3458.5,3458.8,3459.0,4357.1,4357.3,4357.8,6045.0,6044.6,6044.9,8561.1,8559.8,8559.7,5170.4,5170.1,5170.9,7384.8,7384.0,7384.0,6069.2,6069.7,6071.1,1845.5,1843.7,1843.7,3650.4,3650.2,3650.9,2519.6,2519.0,2519.3,2872.6,2871.6,2871.8,26.770000,25.750000,going to home base
2024-04-13T03:46:39Z,2355.1,2354.9,2354.9,2589.9,2589.8,2590.1,5631.7,5631.5,5631.8,2321.8,2321.6,2322.1,3459.2,3458.4,3458.5,4357.4,4357.4,4357.0,6045.3,6044.3,6045.5,8559.3,8557.2,8559.3,5169.7,5169.9,5170.1,7387.2,7384.0,7384.7,6069.9,6070.2,6070.7,1844.9,1843.1,1842.9,3649.9,3650.3,3651.2,2519.0,2518.2,2517.9,2873.8,2873.9,2873.7,26.770000,25.740000,going to home base
2024-04-13T03:46:44Z,2354.7,2353.8,2354.3,2589.4,2589.4,2589.6,5631.7,5631.5,5631.6,2322.0,2322.2,2322.4,3458.6,3458.5,3459.2,4357.6,4357.3,4357.3,6044.4,6043.1,6044.0,8560.7,8560.4,8560.7,5171.4,5171.7,5172.7,7385.1,7384.3,7384.5,6070.4,6071.5,6071.3,1844.8,1843.6,1843.5,3650.3,3650.2,3651.4,2519.4,2519.0,2518.7,2871.9,2871.9,2871.5,26.790001,25.760000,going to home base
2024-04-13T03:46:49Z,2354.2,2353.6,2353.9,2589.3,2589.4,2589.4,5632.2,5631.6,5631.5,2321.1,2321.0,2321.6,3459.8,3459.3,3459.1,4357.9,4357.1,4357.3,6045.4,6045.6,6045.2,8558.2,8558.3,8560.0,5171.4,5170.2,5170.7,7386.5,7386.4,7386.5,6070.4,6070.4,6071.7,1845.2,1843.7,1843.8,3650.4,3650.3,3651.1,2519.5,2518.7,2518.5,2873.1,2872.5,2873.1,26.770000,25.719999,going to home base
2024-04-13T03:46:54Z,2354.8,2354.1,2354.0,2589.1,2589.1,2589.6,5631.9,5632.0,5632.3,2321.9,2321.6,2322.3,3459.4,3458.8,3458.9,4357.7,4357.2,4357.5,6047.0,6046.8,6047.2,8559.6,8558.1,8559.9,5171.5,5171.0,5172.8,7384.6,7384.8,7385.8,6070.7,6071.5,6072.0,1845.0,1843.3,1843.5,3650.4,3650.8,3651.4,2518.7,2517.9,2518.4,2873.1,2872.9,2873.2,26.760000,25.740000,going to home base
2024-04-13T03:46:59Z,2354.7,2354.2,2354.4,2588.6,2588.6,2589.2,5631.5,5631.4,5631.6,2321.8,2321.6,2322.2,3460.1,3459.4,3459.6,4357.5,4357.3,4357.4,6046.2,6046.8,6047.6,8561.1,8561.7,8561.3,5171.2,5170.6,5171.9,7386.7,7386.8,7385.0,6072.8,6072.9,6072.8,1845.4,1844.0,1843.8,3651.1,3651.7,3651.6,2518.9,2517.9,2518.3,2872.9,2871.4,2870.8,26.770000,25.760000,going to home base
2024-04-13T03:47:04Z,2355.0,2354.4,2354.4,2589.0,2589.3,2589.9,5631.7,5631.7,5631.8,2322.1,2321.8,2322.7,3460.3,3459.4,3459.6,4357.3,4356.7,4357.2,6046.3,6044.7,6046.0,8559.0,8558.6,8560.2,5170.3,5170.0,5171.1,7386.6,7385.1,7387.4,6072.8,6071.3,6072.7,1845.1,1843.6,1843.5,3650.3,3650.2,3651.4,2519.4,2518.3,2518.5,2872.3,2871.1,2872.9,26.790001,25.740000,going to home base
2024-04-13T03:47:09Z,2354.9,2354.4,2354.0,2589.2,2588.8,2589.9,5631.6,5631.5,5631.8,2322.6,2322.4,2323.1,3459.2,3458.6,3458.8,4357.2,4357.0,4357.3,6045.1,6044.2,6044.8,8562.9,8562.4,8561.2,5170.2,5171.0,5171.7,7387.6,7383.7,7384.3,6071.2,6070.4,6072.4,1845.4,1844.2,1843.9,3650.3,3650.6,3651.5,2519.3,2518.4,2518.9,2873.0,2872.0,2872.1,26.760000,25.740000,going to home base
2024-04-13T03:47:14Z,2354.9,2354.3,2354.2,2589.7,2589.3,2589.4,5632.2,5631.1,5631.1,2321.7,2321.6,2322.0,3459.1,3459.1,3458.8,4357.1,4357.0,4357.1,6044.9,6044.7,6044.4,8562.9,8560.4,8561.5,5169.9,5169.8,5170.5,7383.1,7381.6,7382.1,6070.4,6071.4,6072.7,1844.8,1843.1,1843.3,3651.6,3650.9,3650.6,2518.9,2518.5,2518.8,2874.0,2873.6,2873.2,26.770000,25.740000,going to home base
2024-04-13T03:47:19Z,2354.5,2353.9,2354.0,2589.6,2589.5,2590.3,5631.7,5632.0,5631.3,2321.2,2320.8,2321.1,3459.7,3458.9,3459.4,4356.9,4356.7,4356.7,6039.9,6040.4,6041.0,8558.8,8557.0,8559.8,5170.3,5170.7,5170.5,7383.5,7382.6,7382.7,6072.4,6071.2,6071.7,1844.7,1843.3,1843.1,3650.7,3650.8,3651.8,2518.9,2518.1,2518.7,2872.6,2871.8,2873.1,26.790001,25.790001,going to home base
2024-04-13T03:47:24Z,2355.0,2354.4,2354.3,2589.3,2589.1,2589.6,5631.0,5630.5,5630.3,2321.5,2321.4,2321.7,3460.2,3459.4,3459.8,4356.8,4357.0,4356.5,6045.0,6044.6,6045.7,8561.7,8561.3,8559.7,5169.3,5169.6,5170.3,7384.6,7382.5,7382.8,6068.9,6069.3,6069.8,1844.2,1843.0,1842.9,3650.9,3650.9,3651.5,2519.6,2519.2,2518.5,2872.3,2873.4,2874.0,26.790001,25.760000,going to home base
2024-04-13T03:47:29Z,2354.6,2353.9,2354.4,2589.8,2589.6,2589.9,5631.2,5630.8,5630.7,2322.0,2321.9,2322.3,3460.8,3460.6,3460.2,4357.4,4357.2,4356.9,6047.7,6047.4,6047.8,8560.9,8561.6,8562.8,5169.1,5170.1,5171.3,7384.7,7384.5,7384.7,6071.2,6070.1,6071.5,1844.8,1843.4,1843.2,3650.7,3650.9,3651.9,2519.6,2518.8,2518.9,2872.7,2872.7,2873.2,26.760000,25.750000,going to home base
2024-04-13T03:47:34Z,2354.3,2353.7,2354.0,2589.7,2589.4,2589.9,5631.2,5630.6,5630.2,2321.2,2321.3,2321.7,3459.9,3459.1,3459.7,4357.0,4357.2,4356.7,6044.5,6044.5,6043.0,8559.3,8557.5,8559.1,5168.0,5167.8,5168.2,7384.4,7384.1,7384.7,6069.9,6068.7,6070.5,1844.0,1842.7,1842.3,3651.7,3651.5,3652.3,2519.6,2519.1,2519.1,2872.4,2872.3,2872.4,26.770000,25.740000,going to home base
2024-04-13T03:47:39Z,2354.8,2353.9,2354.5,2589.8,2589.9,2590.0,5631.2,5630.9,5631.2,2321.8,2321.7,2322.2,3459.1,3459.4,3460.0,4357.0,4356.8,4357.2,6045.7,6043.5,6042.9,8560.3,8559.8,8559.9,5166.9,5167.2,5167.4,7383.0,7382.5,7380.4,6070.6,6069.7,6071.4,1844.5,1843.0,1843.0,3650.4,3650.8,3651.6,2519.8,2519.0,2518.8,2872.8,2873.0,2873.0,26.790001,25.750000,going to home base
2024-04-13T03:47:44Z,2355.3,2354.6,2354.7,2588.8,2589.1,2589.6,5631.0,5630.9,5631.1,2321.9,2321.4,2322.1,3460.1,3459.6,3459.6,4356.4,4356.1,4356.7,6045.9,6045.2,6044.7,8559.9,8559.8,8559.9,5169.0,5169.4,5170.2,7383.5,7382.6,7382.8,6071.2,6069.9,6070.8,1844.5,1843.2,1843.3,3651.5,3651.3,3652.1,2519.8,2519.0,2519.0,2872.8,2872.0,2872.5,26.790001,25.790001,going to home base
2024-04-13T03:47:49Z,2354.9,2354.3,2354.8,2589.5,2590.1,2589.7,5631.3,5631.0,5630.9,2321.4,2321.6,2321.7,3460.5,3459.5,3459.3,4356.7,4356.9,4356.9,6047.1,6046.2,6046.5,8559.0,8560.4,8557.5,5171.4,5170.9,5172.6,7384.9,7384.3,7383.2,6070.8,6070.0,6070.3,1844.5,1843.1,1843.5,3652.2,3652.7,3652.7,2519.7,2518.4,2518.5,2874.4,2874.3,2874.2,26.760000,25.760000,going to home base
2024-04-13T03:47:54Z,2355.3,2354.3,2354.9,2589.0,2589.4,2589.4,5631.4,5631.0,5630.5,2320.8,2320.9,2321.5,3459.9,3459.6,3459.6,4357.1,4356.9,4357.0,6043.1,6043.3,6044.9,8559.8,8558.8,8558.1,5171.9,5172.4,5173.8,7385.8,7384.4,7385.7,6069.4,6070.3,6069.8,1844.6,1843.2,1843.2,3650.1,3650.4,3650.8,2519.7,2518.3,2518.4,2875.1,2874.1,2874.8,26.790001,25.790001,going to home base
2024-04-13T03:47:59Z,2355.8,2354.9,2355.2,2589.7,2589.4,2590.1,5630.6,5630.4,5630.5,2321.6,2321.3,2321.7,3460.3,3460.0,3459.8,4356.6,4356.6,4356.6,6044.5,6043.4,6045.7,8557.8,8557.2,8558.6,5171.8,5171.8,5172.5,7387.4,7385.8,7386.6,6070.0,6069.3,6070.7,1844.4,1843.1,1842.9,3650.8,3651.2,3651.3,2519.7,2519.1,2519.5,2873.9,2873.7,2873.9,26.790001,25.790001,going to home base
2024-04-13T03:48:04Z,2355.4,2354.4,2354.9,2590.1,2589.4,2590.3,5630.0,5630.1,5629.7,2321.0,2320.7,2321.2,3459.2,3458.5,3458.1,4357.3,4356.8,4356.8,6044.8,6044.1,6045.2,8560.6,8559.4,8558.4,5172.0,5171.8,5172.2,7385.5,7383.5,7383.5,6069.9,6070.5,6070.2,1845.1,1843.6,1843.2,3651.1,3650.7,3652.0,2519.7,2518.8,2518.4,2873.7,2874.0,2874.0,26.770000,25.799999,going to home base
2024-04-13T03:48:14Z,2355.2,2354.6,2354.9,2589.7,2589.5,2589.9,5631.1,5630.5,5630.7,2321.4,2321.1,2321.5,3459.3,3458.6,3459.4,4356.9,4357.2,4356.8,6042.7,6043.7,6042.5,8556.8,8556.6,8559.2,5172.5,5170.7,5171.2,7386.8,7385.3,7386.5,6070.0,6068.2,6070.0,1844.3,1842.8,1start,26559.7,26566.9,2355.4,2354.9,2354.8,2589.7,2589.8,2589.7,5630.5,2321.7,2321.3,going to home base
2024-04-13T03:48:24Z,2354.8,2354.3,2354.4,2589.4,2588.9,2589.1,5631.4,5630.8,5630.7,2320.9,2321.5,2321.8,3459.2,3459.0,3458.8,4357.3,4356.5,4357.1,6042.3,6041.4,6042.7,8560.8,8561.4,8560.7,5171.3,5171.0,5171.3,7385.2,7383.3,7384.7,6071.0,6071.0,6071.3,1844.2,1842.7,1842.5,3652.0,3651.7,3652.4,2519.3,2518.7,2518.0,2874.3,2872.9,2873.3,26.760000,25.820000,going to home base
2024-04-13T03:48:29Z,2355.2,2354.5,2354.3,2589.6,2589.3,2589.8,5631.5,5630.3,5630.7,2321.3,2321.7,2321.6,3459.5,3458.8,3459.0,4357.0,4356.8,4357.2,6042.8,6042.0,6043.6,8564.5,8561.3,8561.6,5171.9,5171.4,5172.5,7384.7,7385.0,7382.9,6070.5,6071.3,6071.7,1844.0,1842.6,1842.9,3650.8,3651.0,3652.0,2519.9,2519.4,2519.2,2872.3,2872.4,2872.8,26.760000,25.770000,going to home base
2024-04-13T03:48:34Z,2354.4,2354.3,2354.3,2589.1,2588.5,2589.6,5631.4,5631.3,5630.8,2321.5,2321.5,2321.5,3459.6,3458.7,3459.3,4356.8,4357.0,4357.1,6043.9,6042.5,6043.5,8561.7,8563.3,8562.9,5171.8,5170.3,5171.3,7386.4,7384.1,7384.9,6070.8,6070.5,6072.5,1844.9,1843.3,1843.8,3651.1,3650.5,3651.7,2519.0,2518.4,2518.3,2871.4,2870.4,2870.2,26.760000,25.790001,going to home base
2024-04-13T03:48:39Z,2354.6,2354.1,2354.2,2589.1,2588.5,2588.9,5630.3,5630.0,5630.1,2321.8,2321.8,2321.8,3458.8,3457.6,3458.5,4357.6,4357.3,4357.3,6043.4,6044.7,6045.0,8559.0,8557.8,8557.8,5168.9,5169.0,5169.7,7385.0,7384.3,7383.9,6072.4,6071.9,6072.8,1844.5,1843.8,1843.0,3651.0,3651.4,3651.6,2518.8,2517.8,2518.1,2870.3,2869.9,2869.4,26.760000,25.719999,going to home base
2024-04-13T03:48:44Z,2355.1,2354.2,2354.5,2589.4,2589.3,2589.7,5630.1,5630.0,5630.0,2321.3,2321.0,2321.9,3459.2,3459.0,3458.6,4357.2,4357.3,4357.3,6040.5,6040.7,6039.9,8557.3,8558.2,8560.4,5169.3,5170.6,5171.2,7385.0,7384.5,7385.1,6070.9,6069.5,6071.0,1844.5,1843.1,1843.0,3650.3,3650.1,3651.4,2519.8,2519.1,2519.1,2871.4,2871.1,2871.4,26.760000,25.770000,going to home base
2024-04-13T03:48:49Z,2355.0,2354.7,2354.9,2589.5,2589.6,2590.1,5630.8,5630.1,5630.2,2321.0,2321.0,2321.6,3459.0,3458.9,3459.0,4357.6,4357.6,4357.4,6041.2,6041.5,6041.7,8561.0,8560.5,8557.4,5169.9,5170.4,5171.3,7385.5,7383.6,7383.1,6070.9,6071.3,6070.9,1845.0,1843.5,1843.4,3650.4,3650.3,3651.4,2519.4,2518.8,2519.2,2870.3,2870.1,2870.3,26.760000,25.799999,going to home base
2024-04-13T03:48:54Z,2355.5,2355.1,2355.3,2589.0,2588.7,2589.5,5630.9,5630.1,5630.2,2321.6,2321.4,2321.7,3458.9,3458.2,3458.5,4357.5,4357.2,4357.1,6041.4,6039.6,6041.3,8557.0,8558.7,8560.8,5170.7,5170.1,5169.9,7386.6,7385.6,7386.0,6071.0,6069.5,6070.9,1844.3,1843.1,1843.0,3650.2,3650.5,3650.9,2519.2,2518.5,2518.7,2869.3,2869.2,2869.7,26.770000,25.799999,going to home base
2024-04-13T03:48:59Z,2354.8,2354.3,2354.5,2588.1,2588.8,2589.0,5631.6,5631.1,5630.4,2321.5,2321.7,2321.9,3458.8,3458.1,3457.8,4357.0,4357.1,4356.9,6043.6,6043.4,6043.8,8557.6,8557.1,8556.2,5171.8,5171.6,5171.6,7388.3,7387.4,7388.1,6071.2,6072.5,6072.9,1844.5,1843.5,1843.2,3650.5,3650.7,3651.5,2519.1,2518.4,2518.3,2870.8,2870.8,2869.9,26.790001,25.750000,going to home base
2024-04-13T03:49:04Z,2354.4,2353.6,2353.8,2588.4,2588.4,2588.5,5630.9,5630.2,5630.1,2321.5,2321.7,2322.2,3457.8,3457.4,3457.3,4357.2,4357.0,4356.5,6040.9,6040.2,6041.7,8559.1,8558.1,8555.6,5170.2,5168.6,5169.9,7385.9,7385.2,7385.3,6071.9,6072.6,6071.5,1845.1,1843.3,1843.1,3649.3,3649.3,3650.5,2519.0,2518.1,2518.3,2871.8,2871.0,2871.7,26.760000,25.770000,going to home base
2024-04-13T03:49:09Z,2354.0,2353.4,2354.1,2589.2,2589.0,2589.5,5630.8,5630.5,5630.4,2321.4,2321.5,2322.2,3458.6,3457.6,3458.6,4356.8,4356.5,4356.6,6043.5,6043.1,6042.5,8557.6,8557.5,8559.0,5170.3,5169.4,5171.0,7385.7,7383.8,7385.0,6072.8,6073.3,6073.8,1844.7,1843.0,1842.6,3650.7,3650.5,3651.5,2518.8,2518.0,2517.5,2870.0,2869.8,2869.3,26.770000,25.700001,going to home base
2024-04-13T03:49:14Z,2354.7,2354.1,2354.3,2588.9,2588.5,2589.1,5631.0,5630.6,5630.8,2321.8,2321.8,2322.4,3458.0,3457.5,3457.8,4356.6,4356.7,4356.5,6041.9,6042.9,6041.3,8558.4,8560.5,8557.9,5171.5,5171.1,5172.6,7386.3,7385.7,7386.5,6073.0,6072.2,6071.5,1844.9,1843.4,1843.5,3651.5,3650.9,3651.6,2519.0,2518.5,2518.4,2871.9,2870.4,2871.2,26.760000,25.760000,going to home base
2024-04-13T03:49:19Z,2354.9,2354.4,2354.2,2589.0,2588.8,2589.6,5630.1,5630.1,5630.1,2321.6,2322.1,2322.0,3459.7,3458.9,3458.7,4356.6,4356.8,4356.4,6041.0,6040.5,6040.7,8559.0,8558.3,8560.3,5170.1,5170.0,5169.7,7386.3,7384.3,7385.2,6073.5,6070.1,6070.5,1844.7,1843.2,1843.2,3649.7,3650.1,3651.2,2519.2,2518.3,2518.3,2870.9,2870.8,2871.7,26.790001,25.750000,going to home base
2024-04-13T03:49:24Z,2354.6,2354.0,2354.7,2589.4,2588.9,2589.4,5630.6,5630.2,5630.3,2321.3,2321.6,2321.9,3458.8,3459.0,3458.4,4356.9,4357.0,4356.5,6045.1,6045.1,6044.3,8560.7,8560.9,8559.6,5172.1,5170.9,5171.3,7386.4,7384.6,7384.9,6072.1,6070.4,6073.0,1845.6,1843.9,1843.8,3651.1,3650.9,3651.4,2518.9,2518.2,2518.6,2872.8,2871.1,2871.9,26.770000,25.770000,going to home base
2024-04-13T03:49:29Z,2354.5,2353.9,2354.1,2589.4,2589.3,2589.8,5630.5,5630.4,5630.0,2321.5,2321.4,2321.8,3459.5,3458.7,3458.6,4357.1,4357.0,4357.0,6041.9,6042.8,6042.7,8560.4,8559.4,8561.2,5170.1,5169.1,5170.6,7384.3,7384.6,7385.1,6072.8,6071.1,6070.7,1844.8,1843.0,1843.1,3650.6,3650.5,3651.3,2518.6,2517.8,2517.8,2871.5,2871.0,2871.0,26.770000,25.790001,going to home base
2024-04-13T03:49:34Z,2355.1,2354.6,2354.1,2589.0,2588.9,2588.9,5630.8,5630.6,5630.4,2320.7,2320.7,2321.1,3457.8,3457.8,3458.5,4356.7,4357.3,4356.9,6039.2,6040.4,6039.7,8558.8,8558.9,8559.7,5169.2,5169.6,5169.7,7384.3,7383.2,7383.7,6072.7,6072.8,6071.8,1844.6,1843.2,1842.6,3649.8,3650.1,3651.1,2518.3,2517.9,2517.8,2871.4,2870.7,2870.7,26.770000,25.799999,going to home base
2024-04-13T03:49:39Z,2355.0,2354.3,2354.9,2588.6,2588.2,2589.1,5630.6,5630.3,5630.0,2321.9,2321.7,2322.0,3458.5,3457.3,3457.6,4356.4,4356.2,4356.8,6040.5,6039.8,6040.6,8560.2,8559.7,8559.3,5169.1,5168.5,5170.1,7384.4,7384.1,7383.4,6072.8,6071.7,6073.1,1844.0,1842.9,1842.8,3650.1,3649.7,3650.4,2518.9,2518.3,2518.5,2873.6,2873.4,2874.3,26.770000,25.760000,going to home base
2024-04-13T03:49:44Z,2355.1,2354.4,2354.4,2588.4,2588.3,2589.0,5630.9,5630.8,5631.0,2322.0,2322.0,2321.5,3459.3,3458.8,3458.6,4356.9,4356.5,4356.6,6040.3,6038.7,6040.5,8560.6,8560.5,8561.0,5170.4,5170.1,5170.8,7382.3,7383.2,7383.7,6072.1,6073.5,6072.4,1844.3,1843.2,1843.2,3650.2,3650.2,3650.8,2518.3,2517.9,2518.0,2872.5,2872.0,2872.4,26.760000,25.790001,going to home base
2024-04-13T03:49:49Z,2354.6,2354.0,2354.4,2589.0,2588.5,2589.1,5630.9,5630.2,5630.3,2321.1,2321.0,2320.9,3459.1,3458.5,3458.6,4356.7,4356.3,4356.8,6039.9,6039.0,6039.9,8559.6,8561.5,8560.4,5168.6,5169.1,5168.6,7384.3,7382.6,7383.3,6072.8,6072.2,6071.8,1844.7,1843.0,1842.5,3650.1,3650.2,3651.1,2518.9,2518.3,2517.8,2871.0,2871.2,2871.9,26.790001,25.790001,going to home base
2024-04-13T03:49:54Z,2354.8,2354.1,2354.5,2589.2,2589.1,2589.4,5630.7,5630.4,5630.9,2321.3,2321.4,2321.8,3458.6,3458.1,3458.4,4356.9,4356.3,4357.1,6042.5,6041.0,6042.0,8561.8,8562.7,8562.2,5168.2,5167.9,5168.1,7383.8,7383.4,7383.7,6071.0,6070.1,6069.8,1844.6,1842.8,1842.5,3649.9,3650.1,3650.9,2518.1,2517.0,2517.3,2872.8,2871.3,2870.9,26.760000,25.790001,going to home base
2024-04-13T03:49:59Z,2354.9,2354.1,2354.4,2588.2,2588.5,2588.3,5630.6,5629.9,5630.2,2321.5,2321.1,2322.1,3459.9,3459.1,3459.1,4357.1,4356.6,4357.1,6043.4,6044.9,6043.2,8560.6,8561.5,8561.0,5170.8,5170.2,5170.5,7382.6,7382.8,7381.6,6070.3,6070.4,6070.6,1844.0,1842.6,1842.4,3650.4,3650.7,3650.9,2517.6,2517.7,2517.2,2872.8,2871.9,2872.2,26.760000,25.790001,going to home base
2024-04-13T03:50:04Z,2354.6,2353.6,2354.1,2587.6,2587.6,2588.1,5630.6,5629.9,5630.3,2321.2,2321.3,2322.0,3458.9,3458.1,3458.6,4356.9,4357.0,4356.8,6043.2,6041.6,6043.5,8560.9,8560.7,8559.1,5170.4,5169.5,5171.1,7383.9,7382.2,7383.0,6073.9,6071.5,6071.5,1844.4,1843.1,1842.9,3649.7,3650.5,3650.3,2518.7,2517.7,2517.3,2872.1,2872.2,2873.1,26.790001,25.760000,going to home base
2024-04-13T03:50:09Z,2354.8,2353.9,2354.1,2588.4,2588.7,2589.1,5630.4,5629.8,5630.2,2321.8,2321.7,2322.2,3458.7,3458.4,3458.5,4357.3,4357.2,4357.1,6041.3,6043.4,6043.2,8557.7,8559.6,8559.3,5171.7,5170.3,5171.7,7386.0,7384.9,7383.3,6071.3,6069.8,6070.6,1844.8,1843.4,1843.1,3649.4,3649.6,3650.7,2519.0,2517.8,2518.0,2872.7,2871.9,2871.9,26.770000,25.760000,going to home base
2024-04-13T03:50:14Z,2355.1,2354.3,2354.6,2588.5,2588.7,2589.1,5629.6,5629.7,5629.9,2321.3,2321.4,2322.1,3458.4,3458.2,3458.5,4357.1,4356.7,4356.9,6043.4,6043.7,6043.8,8563.1,8561.0,8561.1,5169.9,5170.3,5169.9,7385.5,7383.9,7382.0,6070.9,6071.0,6070.8,1844.1,1842.6,1842.2,3650.0,3650.4,3651.3,2517.9,2517.2,2517.0,2872.0,2872.1,2872.2,26.760000,25.760000,going to home base
2024-04-13T03:50:19Z,2354.7,2354.3,2354.6,2588.4,2587.8,2589.1,5630.5,5630.0,5630.3,2321.3,2321.1,2321.9,3457.9,3457.4,3457.8,4356.6,4356.8,4356.5,6043.7,6043.2,6043.8,8562.8,8562.7,8563.5,5171.9,5170.7,5171.8,7384.6,7383.3,7383.2,6068.9,6069.0,6069.8,1844.8,1843.2,1843.3,3650.2,3650.3,3651.2,2517.6,2516.9,2516.9,2873.4,2872.5,2872.8,26.760000,25.790001,going to home base
2024-04-13T03:50:24Z,2354.5,2353.7,2354.0,2589.7,2588.9,2589.5,5630.6,5629.5,5630.0,2322.0,2322.0,2322.0,3456.9,3456.9,3456.5,4357.2,4356.8,4357.5,6042.2,6041.7,6042.4,8561.9,8562.4,8562.3,5169.0,5168.6,5169.5,7385.8,7384.3,7384.7,6069.7,6070.1,6071.2,1844.9,1843.4,1843.2,3650.4,3649.9,3650.9,2517.7,2517.5,2518.1,2873.6,2872.8,2873.7,26.770000,25.740000,going to home base
2024-04-13T03:50:29Z,2354.3,2353.6,2354.2,2589.0,2589.1,2589.3,5630.5,5629.8,5630.0,2322.1,2322.1,2322.7,3457.9,3458.6,3458.1,4356.6,4356.5,4356.6,6043.5,6043.1,6043.2,8560.9,8561.3,8561.6,5170.1,5168.8,5170.1,7385.7,7384.5,7384.2,6069.5,6069.4,6071.1,1845.0,1843.6,1843.3,3650.5,3650.6,3651.4,2518.7,2517.7,2518.6,2872.1,2871.5,2872.0,26.770000,25.799999,going to home base
2024-04-13T03:50:34Z,2354.3,2354.1,2354.0,2589.7,2588.8,2589.6,5630.2,5629.9,5629.9,2321.3,2321.5,2321.6,3458.4,3458.0,3457.9,4356.9,4356.3,4356.3,6042.5,6041.7,6042.1,8558.3,8559.4,8560.1,5168.8,5168.5,5169.6,7386.3,7386.0,7386.7,6071.0,6071.8,6071.6,1844.6,1843.2,1843.2,3651.0,3651.0,3651.9,2518.3,2517.9,2517.9,2873.7,2873.3,2874.4,26.770000,25.770000,going to home base
2024-04-13T03:50:39Z,2353.9,2353.3,2353.6,2589.1,2588.4,2588.8,5630.8,5630.2,5630.1,2321.9,2321.5,2321.9,3459.6,3459.5,3459.0,4357.0,4357.0,4357.5,6041.3,6042.5,6042.0,8561.1,8559.8,8561.2,5169.3,5170.5,5170.3,7386.5,7384.8,7384.9,6071.7,6072.4,6071.8,1845.0,1843.6,1843.2,3650.2,3650.5,3651.2,2517.9,2516.6,2516.5,2873.6,2873.4,2873.4,26.770000,25.809999,going to home base
2024-04-13T03:50:44Z,2353.9,2353.0,2353.5,2588.8,2588.6,2588.7,5630.3,5629.7,5629.8,2321.0,2321.0,2322.0,3458.4,3458.2,3458.4,4356.6,4356.6,4356.6,6042.3,6042.5,6042.7,8562.3,8560.3,8561.7,5169.2,5169.7,5169.7,7385.6,7384.3,7385.8,6074.1,6073.0,6074.2,1844.6,1843.0,1843.1,3650.2,3650.3,3651.3,2518.6,2517.5,2517.2,2872.6,2872.3,2872.3,26.790001,25.770000,going to home base
2024-04-13T03:50:49Z,2354.6,2353.9,2354.4,2588.2,2588.4,2588.5,5629.9,5630.0,5629.9,2320.6,2320.9,2321.3,3460.0,3459.4,3459.4,4357.7,4357.4,4357.3,6043.0,6044.1,6043.0,8562.9,8562.3,8560.4,5170.0,5168.9,5170.5,7385.9,7386.3,7385.7,6071.1,6072.0,6072.1,1844.2,1842.2,1842.5,3650.0,3650.1,3651.2,2518.6,2517.6,2517.4,2872.6,2871.9,2872.4,26.750000,25.790001,going to home base
2024-04-13T03:50:54Z,2354.3,2354.0,2354.0,2589.4,2589.4,2590.0,5630.4,5629.9,5630.3,2321.3,2321.7,2322.1,3458.5,3458.4,3458.2,4357.5,4357.0,4357.5,6043.7,6042.8,6042.6,8560.1,8562.1,8561.5,5170.1,5169.8,5171.0,7386.7,7386.2,7387.0,6070.0,6071.5,6071.3,1844.5,1843.0,1843.1,3649.4,3650.1,3651.2,2518.7,2517.8,2518.0,2874.0,2873.0,2873.1,26.770000,25.740000,going to home base
2024-04-13T03:50:59Z,2354.1,2354.2,2353.7,2588.8,2588.7,2589.2,5630.4,5629.8,5630.2,2321.4,2321.7,2321.5,3458.9,3459.0,3458.4,4357.4,4356.7,4357.0,6043.2,6041.6,6042.6,8562.0,8560.9,8561.1,5169.8,5169.1,5170.2,7388.5,7386.6,7386.7,6070.3,6069.0,6070.5,1844.8,1843.2,1843.1,3650.8,3650.8,3651.6,2517.9,2517.5,2517.1,2873.3,2873.1,2873.1,26.760000,25.840000,going to home base
2024-04-13T03:51:04Z,2353.9,2353.0,2353.7,2589.0,2589.0,2589.2,5630.1,5629.6,5629.6,2321.7,2321.9,2322.1,3459.0,3458.6,3458.2,4357.0,4356.9,4356.9,6042.7,6040.7,6041.0,8560.0,8560.8,8561.1,5169.5,5169.3,5170.6,7384.7,7384.2,7385.3,6071.3,6071.6,6071.9,1844.7,1843.8,1843.2,3650.6,3650.6,3651.4,2517.8,2517.5,2517.7,2872.3,2872.2,2872.0,26.790001,25.790001,going to home base
2024-04-13T03:51:09Z,2354.1,2353.7,2354.0,2589.6,2589.4,2589.7,5630.0,5629.6,5629.5,2321.4,2321.4,2322.3,3458.3,3458.0,3457.7,4356.7,4356.7,4356.9,6044.2,6042.7,6043.7,8562.8,8562.2,8561.4,5169.8,5168.8,5169.5,7384.9,7386.0,7385.6,6071.3,6071.1,6072.5,1844.0,1842.7,1842.6,3650.0,3649.9,3650.7,2518.8,2518.1,2518.2,2872.3,2871.4,2872.4,26.770000,25.799999,going to home base
2024-04-13T03:51:14Z,2354.0,2353.4,2353.8,2589.3,2589.2,2589.4,5630.3,5629.7,5629.9,2321.1,2321.3,2321.4,3458.2,3457.4,3457.3,4357.5,4357.4,4357.4,6043.6,6044.0,6043.7,8559.7,8558.8,8557.8,5169.5,5169.6,5169.6,7386.4,7386.2,7387.1,6071.6,6071.4,6071.7,1845.3,1843.5,1843.7,3650.4,3650.6,3651.5,2518.5,2517.1,2517.6,2874.4,2873.6,2874.0,26.770000,25.750000,going to home base
2024-04-13T03:51:19Z,2354.6,2354.0,2354.2,2588.9,2589.2,2589.5,5630.2,5629.9,5630.0,2320.7,2320.6,2321.2,3458.0,3456.7,3457.2,4357.3,4357.2,4357.3,6044.2,6043.9,6044.2,8560.1,8561.5,8559.9,5170.2,5170.3,5170.4,7384.9,7382.7,7385.0,6072.6,6071.0,6071.1,1844.9,1843.9,1843.1,3651.5,3651.2,3651.6,2518.8,2517.5,2517.8,2873.0,2872.4,2872.9,26.770000,25.750000,going to home base
2024-04-13T03:51:24Z,2355.0,2354.1,2353.7,2588.7,2588.7,2588.8,5630.0,5630.3,5630.0,2321.4,2321.4,2321.5,3458.4,3457.8,3458.2,4357.4,4357.3,4357.0,6042.8,6043.7,6044.8,8560.1,8560.8,8560.0,5168.6,5167.9,5169.9,7384.7,7382.8,7384.3,6069.8,6069.3,6070.0,1845.7,1843.9,1843.6,3651.2,3651.5,3652.0,2519.0,2517.5,2517.8,2874.3,2874.1,2874.5,26.760000,25.790001,going to home base
2024-04-13T03:51:29Z,2354.7,2354.4,2354.4,2588.8,2588.1,2588.8,5630.2,5630.0,5630.2,2320.7,2321.0,2321.2,3459.2,3458.9,3458.6,4357.4,4357.4,4357.6,6043.9,6043.2,6044.4,8560.6,8561.1,8559.9,5171.5,5172.4,5173.6,7384.7,7384.3,7384.4,6070.5,6069.1,6070.3,1844.4,1843.2,1842.9,3651.1,3651.1,3652.0,2518.6,2518.1,2518.3,2872.0,2871.8,2871.8,26.750000,25.790001,going to home base
2024-04-13T03:51:34Z,2354.2,2353.6,2353.8,2589.7,2589.5,2589.9,5630.7,5630.2,5630.5,2320.7,2320.9,2321.1,3458.4,3458.0,3457.9,4357.2,4357.6,4357.6,6044.2,6044.2,6043.9,8560.5,8561.1,8560.6,5172.0,5171.4,5171.6,7383.5,7381.6,7383.3,6069.4,6069.6,6070.9,1844.6,1843.1,1842.8,3651.6,3651.6,3652.5,2517.7,2517.1,2517.4,2871.7,2871.5,2871.1,26.760000,25.790001,going to home base
2024-04-13T03:51:39Z,2354.4,2353.6,2353.9,2588.6,2588.5,2589.0,5630.8,5630.1,5630.3,2321.6,2321.5,2321.8,3458.8,3458.1,3458.5,4356.8,4356.4,4356.6,6043.3,6042.9,6044.0,8560.6,8559.2,8560.9,5170.3,5170.4,5171.0,7385.5,7383.4,7384.2,6069.7,6069.8,6070.7,1843.9,1842.6,1842.9,3651.5,3651.3,3653.0,2519.3,2518.3,2518.1,2872.1,2871.7,2871.9,26.730000,25.840000,going to home base
2024-04-13T03:51:44Z,2354.3,2353.8,2353.8,2589.2,2588.9,2589.2,5630.4,5630.1,5630.1,2320.9,2320.7,2321.7,3458.5,3458.0,3458.5,4357.0,4356.3,4356.2,6044.6,6042.9,6041.9,8560.8,8559.9,8560.3,5170.9,5170.4,5171.7,7386.9,7385.0,7385.4,6071.0,6070.5,6072.2,1844.4,1843.1,1842.8,3650.8,3651.1,3651.2,2518.9,2517.8,2518.4,2872.1,2871.6,2872.0,26.760000,25.799999,going to home base
2024-04-13T03:51:49Z,2354.2,2353.4,2353.7,2589.3,2589.6,2589.5,5630.9,5630.7,5630.8,2321.6,2321.7,2322.0,3458.1,3457.8,3457.8,4357.3,4356.9,4356.8,6043.8,6043.1,6044.1,8562.0,8561.7,8562.3,5171.8,5171.8,5171.4,7383.8,7383.1,7384.6,6071.5,6070.1,6069.2,1844.2,1842.8,1842.8,3650.5,3650.3,3651.0,2517.8,2517.3,2517.4,2872.3,2871.9,2871.6,26.760000,25.770000,going to home base
2024-04-13T03:51:54Z,2354.5,2353.7,2353.9,2589.5,2588.8,2589.4,5630.5,5629.8,5630.4,2321.2,2321.5,2321.4,3459.4,3458.6,3458.8,4357.1,4356.7,4357.2,6042.9,6044.1,6042.8,8559.0,8558.7,8559.0,5170.4,5170.3,5170.6,7385.2,7384.7,7383.4,6067.8,6068.1,6067.7,1845.0,1843.2,1843.4,3650.1,3650.5,3651.0,2517.9,2516.9,2517.1,2872.3,2872.3,2872.4,26.750000,25.760000,going to home base
2024-04-13T03:51:59Z,2355.1,2354.2,2354.5,2588.7,2588.8,2588.7,5630.6,5630.6,5630.1,2321.2,2321.0,2321.6,3459.2,3458.6,3458.9,4357.6,4357.5,4357.2,6044.6,6043.8,6044.8,8560.6,8560.9,8561.7,5170.2,5169.8,5169.4,7383.6,7384.9,7384.0,6067.9,6068.4,6068.8,1844.8,1843.3,1843.2,3650.7,3650.7,3651.4,2517.9,2517.4,2517.5,2872.9,2872.4,2872.5,26.750000,25.870001,going to home base
2024-04-13T03:52:04Z,2354.3,2353.7,2353.9,2588.5,2588.4,2588.4,5630.5,5630.2,5630.0,2321.3,2320.6,2321.4,3459.2,3459.1,3458.9,4357.5,4357.6,4357.7,6042.1,6041.2,6043.5,8559.0,8559.4,8558.3,5170.2,5169.4,5170.1,7385.7,7384.8,7386.7,6068.7,6068.1,6070.3,1844.7,1843.6,1843.7,3651.2,3651.4,3652.3,2517.6,2517.0,2516.7,2873.8,2872.5,2873.3,26.750000,25.790001,going to home base
2024-04-13T03:52:09Z,2353.8,2353.2,2353.6,2588.8,2588.5,2588.7,5631.2,5630.5,5630.8,2320.8,2320.8,2321.7,3459.2,3458.2,3458.8,4357.2,4357.0,4357.6,6045.6,6045.8,6045.4,8561.2,8560.4,8559.7,5170.4,5169.9,5170.3,7385.6,7382.1,7384.3,6071.7,6070.8,6070.9,1844.7,1843.2,1842.9,3650.0,3650.0,3650.9,2517.8,2517.0,2517.3,2874.3,2872.1,2872.9,26.730000,25.760000,going to home base
2024-04-13T03:52:14Z,2354.5,2353.8,2354.3,2588.3,2588.8,2589.2,5631.2,5630.6,5630.6,2321.4,2321.5,2322.0,3458.7,3458.0,3458.3,4357.7,4357.2,4357.7,6045.0,6045.4,6046.0,8558.9,8558.0,8558.2,5170.2,5169.1,5170.0,7386.9,7384.7,7386.2,6069.8,6069.2,6070.8,1844.9,1843.2,1843.0,3650.2,3650.2,3650.8,2518.2,2517.5,2516.4,2872.4,2872.0,2872.0,26.750000,25.750000,going to home base
2024-04-13T03:52:19Z,2354.8,2353.6,2354.1,2588.8,2589.0,2589.0,5631.2,5630.9,5631.0,2321.7,2321.0,2321.3,3457.9,3457.8,3457.3,4357.3,4357.7,4357.4,6044.1,6045.4,6044.6,8562.2,8561.1,8559.4,5170.0,5170.2,5170.7,7385.2,7383.5,7384.1,6070.6,6069.9,6069.8,1844.4,1843.2,1843.1,3650.4,3650.2,3651.1,2517.0,2516.3,2516.7,2872.5,2871.5,2871.7,26.750000,25.730000,going to home base
2024-04-13T03:52:24Z,2354.4,2353.5,2353.8,2588.9,2589.0,2588.9,5630.7,5630.4,5630.3,2321.3,2321.4,2321.9,3458.5,3458.0,3457.5,4356.9,4357.1,4357.3,6045.3,6043.5,6044.1,8561.4,8559.7,8561.4,5169.5,5170.4,5171.5,7384.7,7384.6,7385.2,6071.3,6070.7,6070.8,1844.3,1842.7,1842.8,3651.4,3651.2,3652.0,2517.9,2517.1,2517.9,2872.5,2872.5,2872.3,26.750000,25.760000,going to home base
2024-04-13T03:52:29Z,2354.3,2354.0,2354.0,2588.9,2588.7,2589.2,5630.5,5630.5,5630.7,2320.8,2321.0,2321.6,3458.3,3458.3,3458.4,4357.7,4357.7,4357.8,6041.5,6041.4,6042.0,8562.7,8560.6,8564.0,5171.2,5171.2,5170.8,7386.0,7384.3,7385.3,6069.8,6067.1,6068.7,1844.2,1843.0,1843.5,3650.6,3650.7,3651.2,2517.9,2517.2,2517.3,2873.7,2873.3,2873.0,26.760000,25.750000,going to home base
2024-04-13T03:52:34Z,2353.8,2353.2,2353.4,2588.3,2587.9,2588.5,5631.2,5630.6,5631.1,2321.2,2321.1,2321.6,3458.2,3457.5,3457.6,4357.0,4357.6,4357.4,6040.3,6040.4,6041.5,8560.5,8560.8,8561.5,5170.1,5169.8,5170.7,7384.7,7384.1,7383.6,6067.4,6068.3,6069.0,1844.4,1842.5,1842.9,3651.1,3651.0,3651.8,2517.0,2516.0,2516.3,2874.6,2873.9,2874.1,26.760000,25.740000,going to home base
2024-04-13T03:52:39Z,2354.3,2353.6,2354.0,2588.3,2588.1,2588.7,5631.2,5630.3,5630.4,2320.8,2320.5,2321.1,3458.6,3458.7,3458.8,4357.4,4357.4,4357.4,6041.9,6041.8,6042.6,8562.0,8561.3,8560.2,5169.5,5169.5,5171.2,7385.4,7383.8,7384.9,6070.8,6070.4,6069.1,1844.8,1843.5,1843.1,3650.4,3650.2,3651.8,2517.6,2517.5,2516.9,2873.9,2873.0,2873.7,26.750000,25.760000,going to home base
2024-04-13T03:52:44Z,2354.0,2353.6,2353.9,2587.8,2588.2,2588.3,5631.6,5631.2,5631.4,2321.2,2321.2,2321.7,3458.4,3458.4,3457.6,4357.1,4357.3,4357.3,6041.5,6040.6,6041.3,8562.3,8560.7,8559.6,5169.0,5169.5,5169.4,7386.0,7385.3,7384.4,6070.2,6070.6,6071.2,1844.7,1843.2,1842.8,3651.2,3651.0,3651.5,2516.9,2516.7,2516.9,2871.2,2870.6,2871.7,26.750000,25.700001,going to home base
2024-04-13T03:52:49Z,2354.6,2354.1,2353.9,2587.9,2587.4,2588.0,5630.7,5629.8,5630.0,2320.2,2319.9,2320.6,3457.9,3457.6,3457.2,4356.5,4356.3,4356.5,6043.5,6042.1,6043.0,8563.5,8561.6,8561.7,5169.9,5169.3,5172.0,7386.5,7386.1,7386.3,6070.9,6068.7,6069.3,1845.1,1843.4,1843.2,3651.5,3651.9,3652.7,2516.9,2516.3,2516.6,2874.1,2874.0,2873.4,26.750000,25.740000,going to home base
2024-04-13T03:52:54Z,2354.5,2354.3,2354.1,2587.7,2587.9,2588.0,5631.0,5630.8,5630.6,2320.5,2319.9,2321.1,3458.7,3458.2,3458.2,4357.2,4356.5,4356.3,6038.3,6038.6,6038.7,8560.5,8560.4,8558.4,5169.3,5169.6,5171.0,7386.1,7384.2,7385.0,6069.9,6071.3,6070.2,1845.6,1843.7,1843.8,3650.7,3651.1,3652.2,2517.7,2516.7,2516.7,2871.1,2871.0,2871.5,26.730000,25.719999,going to home base
2024-04-13T03:52:59Z,2354.9,2354.1,2354.2,2588.1,2588.1,2588.8,5631.3,5630.8,5630.0,2320.3,2320.5,2320.7,3458.5,3458.0,3458.7,4357.1,4357.0,4356.8,6038.8,6037.5,6037.5,8559.5,8559.3,8560.0,5169.7,5170.7,5171.1,7388.2,7386.3,7388.2,6070.6,6068.9,6069.4,1844.8,1843.2,1843.1,3650.9,3651.5,3651.8,2517.7,2516.6,2516.1,2872.3,2872.1,2871.8,26.770000,25.740000,going to home base
2024-04-13T03:53:09Z,2354.3,2353.7,2353.8,2588.0,2587.5,2588.2,5630.5,5630.0,5630.3,2320.6,2320.7,2321.1,3459.0,3458.4,3458.5,4357.1,4357.0,4356.8,6042.9,6042.5,6042.1,8start,26557.6,26549.9,2354.6,2353.8,2354.1,2588.0,2587.7,2588.3,5630.4,5630.0,5630.5,3728.6,87789.0,87797.4,14017.8,14012.3,14011.7,3458.5,3458.7,3458.1,4356.7,4356.9,4356.8,6042.7,16376.7,going to home base
2024-04-13T03:53:19Z,2354.4,2353.4,2354.1,2588.4,2588.4,2588.9,5630.9,5630.1,5630.4,2320.3,2320.2,2321.1,3459.2,3458.8,3458.7,4356.7,4356.7,4356.7,6040.5,6039.6,6043.2,8562.7,8561.1,8559.9,5170.8,5171.2,5171.1,7384.5,7383.5,7384.2,6068.0,6068.5,6068.4,1844.6,1843.2,1843.5,3651.5,3651.9,3652.1,2518.0,2516.9,2516.4,2873.6,2872.9,2873.1,26.770000,25.730000,going to home base
2024-04-13T03:53:24Z,2354.5,2353.8,2353.9,2588.4,2588.1,2588.4,5629.5,5629.8,5630.6,2320.5,2320.5,2321.2,3458.9,3458.7,3458.6,4356.5,4356.7,4356.9,6042.5,6040.6,6041.6,8559.4,8562.0,8560.5,5170.3,5169.7,5170.2,7388.9,7387.0,7385.9,6067.9,6069.4,6069.1,1845.0,1843.7,1843.5,3650.6,3650.8,3651.8,2517.0,2516.9,2516.3,2872.3,2872.2,2873.2,26.760000,25.760000,going to home base
2024-04-13T03:53:29Z,2354.3,2353.1,2353.8,2588.3,2588.1,2587.6,5630.2,5630.1,5629.9,2320.1,2320.5,2320.4,3458.5,3457.7,3456.9,4356.8,4356.8,4356.7,6041.5,6039.5,6042.3,8563.1,8561.7,8560.7,5169.2,5169.2,5172.0,7384.8,7383.5,7384.3,6068.1,6068.0,6069.1,1844.9,1843.6,1843.9,3651.1,3651.0,3651.5,2517.0,2515.8,2516.0,2871.7,2871.0,2871.6,26.730000,25.730000,going to home base
2024-04-13T03:53:34Z,2354.2,2353.5,2354.0,2588.1,2587.7,2588.3,5631.5,5630.7,5630.1,2320.5,2320.7,2321.0,3458.9,3458.8,3458.7,4357.1,4357.4,4356.7,6043.1,6043.0,6042.7,8560.3,8560.6,8562.9,5171.7,5171.8,5173.4,7386.8,7385.8,7386.5,6069.9,6068.8,6069.6,1845.3,1843.6,1843.5,3650.9,3650.5,3652.0,2518.2,2517.5,2517.5,2872.9,2872.1,2872.4,26.730000,25.730000,going to home base
2024-04-13T03:53:39Z,2354.3,2353.9,2354.0,2589.1,2588.8,2589.1,5631.4,5630.9,5630.9,2320.2,2320.2,2320.9,3459.3,3458.8,3458.2,4357.3,4356.6,4356.7,6041.3,6042.1,6043.0,8558.7,8559.9,8559.5,5171.5,5171.2,5171.9,7384.6,7384.8,7383.7,6069.5,6070.1,6070.1,1844.6,1843.0,1842.8,3650.5,3650.9,3652.0,2517.7,2516.4,2516.9,2873.8,2872.6,2872.9,26.750000,25.760000,going to home base
2024-04-13T03:53:44Z,2354.2,2353.8,2353.9,2588.0,2588.1,2588.6,5630.8,5630.4,5630.3,2320.9,2320.9,2321.0,3458.8,3458.4,3458.5,4356.9,4356.9,4356.5,6043.3,6044.8,6045.3,8558.0,8557.6,8558.0,5170.8,5170.1,5171.4,7386.1,7384.5,7384.8,6069.1,6069.8,6070.6,1844.7,1843.0,1843.3,3650.7,3651.2,3651.2,2517.0,2516.0,2516.4,2873.8,2872.8,2873.1,26.750000,25.719999,going to home base
2024-04-13T03:53:49Z,2354.5,2353.7,2353.7,2587.9,2587.7,2588.4,5631.4,5631.1,5630.9,2320.5,2320.7,2321.2,3457.6,3457.6,3457.4,4357.0,4357.0,4357.0,6042.5,6043.6,6043.8,8559.0,8559.1,8558.8,5170.4,5170.2,5171.2,7384.9,7383.0,7384.1,6069.2,6068.1,6067.8,1844.6,1843.4,1843.0,3650.5,3650.8,3651.4,2517.6,2517.3,2517.1,2873.5,2873.8,2873.4,26.750000,25.690001,going to home base
2024-04-13T03:53:54Z,2354.7,2354.0,2354.2,2587.6,2587.6,2588.1,5630.7,5630.2,5630.3,2320.6,2320.8,2321.0,3458.3,3458.1,3458.1,4356.9,4356.7,4356.5,6043.6,6042.7,6042.2,8561.7,8561.7,8562.2,5170.4,5171.5,5171.2,7383.8,7383.4,7383.3,6069.3,6069.7,6070.9,1844.8,1842.8,1843.0,3650.9,3650.5,3651.5,2516.5,2516.2,2516.5,2874.8,2874.5,2874.3,26.750000,25.730000,going to home base
2024-04-13T03:53:59Z,2354.1,2353.2,2353.7,2588.4,2588.2,2588.7,5631.3,5630.6,5630.6,2320.3,2320.5,2320.5,3458.2,3458.0,3457.2,4357.1,4357.6,4357.1,6044.6,6043.2,6043.5,8562.2,8561.2,8563.5,5170.6,5170.7,5170.7,7386.7,7386.9,7386.6,6071.7,6070.4,6071.2,1844.5,1843.0,1843.2,3650.9,3650.7,3651.4,2516.8,2516.1,2516.5,2873.9,2873.5,2873.8,26.770000,25.719999,going to home base
2024-04-13T03:54:04Z,2354.4,2354.0,2354.0,2587.8,2587.6,2588.6,5630.3,5629.8,5629.8,2320.5,2320.3,2320.6,3458.4,3458.2,3457.7,4356.7,4357.0,4356.9,6045.7,6044.0,6044.1,8562.3,8560.5,8560.1,5171.8,5171.5,5171.8,7386.2,7384.7,7386.0,6069.6,6070.2,6071.3,1844.4,1842.7,1842.7,3651.8,3651.2,3651.8,2517.4,2516.3,2516.3,2874.2,2873.8,2875.6,26.760000,25.730000,going to home base
2024-04-13T03:54:09Z,2354.2,2353.1,2353.4,2588.7,2588.1,2589.3,5630.7,5630.0,5630.7,2320.8,2320.6,2321.0,3458.3,3458.3,3458.4,4356.8,4356.7,4356.4,6044.1,6043.3,6043.7,8561.4,8561.7,8559.6,5170.2,5170.5,5170.6,7386.9,7386.0,7385.9,6069.4,6068.2,6068.8,1844.3,1843.1,1842.9,3651.3,3651.7,3652.5,2517.6,2516.4,2516.6,2874.8,2874.3,2874.5,26.760000,25.730000,going to home base
2024-04-13T03:54:14Z,2354.3,2353.3,2353.5,2587.8,2588.0,2587.5,5630.6,5629.6,5630.0,2320.8,2321.2,2321.2,3458.6,3458.0,3458.3,4356.9,4356.8,4357.0,6045.4,6043.5,6043.3,8561.2,8562.8,8562.1,5170.0,5170.9,5171.5,7386.0,7385.3,7385.4,6069.6,6068.7,6071.2,1844.6,1843.1,1842.8,3652.0,3652.3,3652.8,2517.7,2517.0,2517.0,2872.9,2873.3,2873.5,26.760000,25.790001,going to home base
2024-04-13T03:54:19Z,2354.8,2354.2,2354.3,2588.0,2588.0,2588.5,5630.1,5629.9,5629.9,2321.2,2320.7,2321.1,3458.4,3457.9,3457.9,4356.7,4356.5,4356.7,6045.1,6044.3,6045.0,8561.3,8558.0,8560.0,5170.7,5170.0,5171.3,7386.5,7385.1,7385.7,6071.1,6072.5,6069.3,1844.6,1843.0,1843.0,3651.2,3651.4,3652.2,2517.3,2516.1,2516.0,2872.8,2872.4,2872.4,26.760000,25.760000,going to home base
2024-04-13T03:54:24Z,2354.3,2353.6,2354.0,2588.8,2588.4,2589.0,5630.0,5630.0,5630.0,2321.4,2320.8,2321.3,3458.5,3457.7,3457.8,4357.5,4356.6,4356.7,6043.4,6042.1,6042.3,8562.7,8561.0,8561.6,5169.8,5168.2,5169.9,7385.3,7384.4,7385.2,6070.4,6071.2,6072.0,1844.3,1842.8,1842.6,3651.5,3651.2,3652.3,2516.2,2515.7,2515.6,2873.0,2872.4,2872.3,26.750000,25.760000,going to home base
2024-04-13T03:54:29Z,2354.4,2353.6,2353.7,2588.7,2588.4,2589.0,5630.0,5629.8,5629.7,2321.7,2321.4,2321.7,3458.3,3458.3,3458.4,4356.6,4355.9,4356.2,6042.6,6043.2,6042.5,8560.4,8559.7,8559.8,5169.1,5169.7,5171.1,7386.7,7385.8,7386.3,6069.4,6069.3,6069.7,1844.3,1843.2,1842.8,3652.3,3652.2,3653.0,2517.3,2515.9,2516.5,2873.6,2872.6,2873.3,26.750000,25.730000,going to home base
2024-04-13T03:54:34Z,2354.4,2353.7,2353.8,2588.3,2588.1,2588.3,5630.3,5629.8,5630.0,2321.0,2321.1,2321.4,3458.2,3458.0,3457.8,4357.1,4357.0,4356.1,6041.7,6040.7,6041.7,8564.9,8563.6,8563.1,5168.4,5169.3,5170.9,7385.0,7383.4,7383.1,6070.1,6069.3,6069.1,1844.7,1843.3,1842.8,3650.9,3651.2,3651.7,2518.3,2517.4,2517.2,2874.6,2873.1,2874.2,26.730000,25.770000,going to home base
2024-04-13T03:54:39Z,2354.4,2354.0,2354.0,2588.0,2588.0,2588.8,5630.6,5630.5,5630.3,2321.0,2320.5,2320.6,3458.6,3458.4,3457.9,4356.8,4356.7,4356.7,6041.4,6039.4,6040.2,8559.1,8558.5,8559.0,5171.0,5171.0,5171.9,7384.1,7382.2,7382.7,6071.3,6070.9,6071.7,1844.4,1843.2,1843.1,3650.9,3650.7,3651.6,2518.0,2516.8,2517.2,2872.6,2872.4,2872.6,26.719999,25.700001,going to home base
2024-04-13T03:54:44Z,2354.1,2353.2,2353.4,2587.9,2588.0,2588.8,5630.5,5629.7,5629.9,2320.9,2321.0,2321.7,3458.2,3457.5,3457.8,4356.8,4357.0,4356.6,6041.1,6040.1,6041.5,8559.7,8561.6,8560.6,5169.7,5169.5,5169.7,7385.4,7386.9,7386.3,6072.4,6070.8,6071.4,1844.9,1843.5,1843.5,3651.0,3651.1,3652.0,2517.2,2516.6,2516.3,2874.5,2873.6,2874.7,26.750000,25.740000,going to home base
2024-04-13T03:54:49Z,2353.9,2353.3,2353.4,2588.4,2587.8,2588.6,5630.8,5629.9,5630.4,2320.8,2320.7,2321.2,3457.6,3457.3,3458.0,4356.9,4356.8,4356.5,6041.6,6041.3,6043.1,8559.7,8559.8,8560.2,5170.4,5170.1,5170.2,7386.5,7385.1,7386.2,6069.6,6069.5,6070.2,1845.0,1843.1,1843.2,3651.2,3651.1,3651.9,2517.3,2516.2,2516.1,2873.1,2872.5,2872.7,26.750000,25.760000,going to home base
2024-04-13T03:54:54Z,2353.6,2353.0,2353.2,2587.5,2587.2,2586.9,5630.6,5630.5,5630.3,2320.6,2320.7,2321.4,3457.4,3456.5,3456.5,4356.9,4356.2,4356.0,6039.9,6040.6,6040.9,8559.4,8558.9,8557.2,5170.4,5170.5,5171.1,7384.5,7383.8,7383.2,6070.9,6070.0,6070.9,1844.0,1842.6,1842.6,3650.7,3651.0,3651.5,2517.7,2517.2,2516.9,2872.4,2871.1,2871.5,26.730000,25.700001,going to home base
2024-04-13T03:54:59Z,2353.8,2353.2,2353.4,2587.1,2587.4,2588.2,5630.1,5629.6,5630.3,2321.3,2321.8,2322.2,3458.9,3458.2,3456.8,4356.6,4356.6,4357.0,6039.3,6039.7,6041.1,8556.9,8557.5,8557.2,5169.3,5169.4,5169.7,7386.6,7384.3,7386.3,6067.8,6068.2,6068.5,1844.6,1842.9,1842.9,3649.7,3649.6,3650.9,2517.9,2517.0,2517.2,2873.5,2872.3,2873.3,26.719999,25.740000,going to home base
2024-04-13T03:55:04Z,2354.3,2353.4,2353.6,2587.5,2587.4,2587.4,5630.6,5630.1,5630.6,2321.2,2321.1,2321.9,3458.8,3458.0,3458.0,4356.4,4356.5,4356.1,6040.2,6039.6,6040.6,8560.4,8561.9,8558.3,5171.2,5170.9,5171.3,7385.7,7384.5,7385.4,6069.8,6069.6,6071.4,1844.6,1843.1,1843.2,3650.3,3650.3,3651.4,2517.5,2517.0,2517.0,2872.0,2871.9,2872.1,26.719999,25.790001,going to home base
2024-04-13T03:55:09Z,2354.2,2353.6,2353.7,2587.2,2587.1,2587.7,5631.4,5630.8,5630.4,2321.8,2321.5,2321.6,3458.6,3457.9,3458.4,4356.8,4356.1,4356.2,6041.7,6041.3,6041.4,8559.2,8558.0,8556.2,5169.2,5169.5,5170.0,7387.0,7386.0,7386.0,6069.1,6069.3,6069.2,1844.3,1842.7,1842.5,3650.1,3649.6,3650.6,2517.7,2516.9,2516.8,2872.1,2871.2,2871.0,26.730000,25.719999,going to home base
2024-04-13T03:55:14Z,2353.7,2353.1,2353.5,2588.3,2587.5,2588.0,5631.2,5630.5,5630.6,2320.7,2320.3,2320.9,3458.5,3458.4,3458.3,4356.4,4356.5,4356.6,6041.4,6040.2,6041.4,8560.5,8560.0,8560.9,5168.6,5168.0,5167.6,7386.6,7385.1,7385.2,6068.9,6069.1,6070.1,1844.6,1843.3,1843.1,3651.0,3650.8,3651.1,2518.3,2517.7,2517.5,2871.1,2870.5,2871.5,26.719999,25.719999,going to home base
2024-04-13T03:55:19Z,2353.9,2353.1,2353.5,2588.5,2587.9,2588.0,5631.1,5630.6,5630.9,2320.9,2320.6,2321.0,3458.6,3458.5,3458.1,4356.7,4356.2,4356.2,6041.3,6041.5,6040.6,8561.4,8559.4,8559.3,5170.1,5170.1,5169.8,7385.5,7384.2,7385.5,6070.8,6071.5,6070.5,1843.6,1842.3,1842.1,3650.1,3650.6,3651.5,2517.6,2516.8,2517.2,2872.2,2871.6,2871.7,26.750000,25.639999,going to home base
2024-04-13T03:55:24Z,2354.5,2353.7,2353.9,2588.6,2588.5,2588.8,5631.2,5630.5,5630.7,2320.6,2320.9,2320.9,3457.8,3458.3,3458.0,4356.6,4356.2,4356.0,6042.1,6042.8,6041.6,8558.9,8557.6,8557.9,5170.2,5170.8,5170.6,7387.1,7386.3,7386.2,6069.9,6069.9,6070.7,1843.5,1841.7,1841.9,3649.9,3650.3,3651.2,2518.0,2516.8,2517.0,2873.9,2873.3,2873.2,26.750000,25.700001,going to home base
2024-04-13T03:55:29Z,2354.2,2353.7,2353.7,2587.4,2588.2,2587.6,5631.1,5630.5,5630.5,2321.3,2320.9,2321.2,3458.8,3458.5,3458.4,4356.9,4356.4,4356.8,6040.6,6040.2,6040.7,8559.0,8559.3,8558.9,5169.6,5169.1,5170.1,7386.5,7386.0,7385.9,6069.7,6069.6,6069.8,1844.0,1842.2,1842.0,3649.6,3650.0,3650.9,2516.8,2516.5,2516.6,2872.1,2872.5,2872.3,26.750000,25.680000,going to home base
2024-04-13T03:55:34Z,2354.1,2353.8,2353.6,2587.6,2587.4,2588.1,5631.2,5630.4,5630.5,2321.1,2320.9,2321.4,3459.1,3459.0,3458.2,4356.8,4356.9,4357.3,6040.2,6038.0,6039.4,8561.6,8562.2,8561.8,5170.5,5169.7,5171.7,7388.5,7385.8,7386.9,6071.2,6070.9,6071.1,1843.7,1841.8,1842.0,3650.0,3649.5,3650.9,2517.2,2516.7,2516.6,2872.6,2872.4,2871.7,26.730000,25.690001,going to home base
2024-04-13T03:55:39Z,2353.9,2353.3,2354.0,2587.4,2587.4,2588.2,5631.6,5631.1,5630.7,2321.3,2320.9,2321.4,3458.8,3457.6,3458.0,4356.5,4356.6,4356.7,6041.3,6040.7,6041.6,8559.0,8558.4,8559.1,5170.6,5169.4,5171.1,7387.4,7386.4,7387.1,6069.9,6071.3,6072.0,1843.7,1842.2,1842.2,3650.2,3650.2,3651.1,2517.9,2517.2,2518.0,2872.4,2872.2,2873.1,26.750000,25.680000,going to home base
2024-04-13T03:55:44Z,2354.6,2353.9,2353.9,2588.4,2588.0,2588.4,5631.0,5630.5,5630.7,2320.8,2320.4,2320.7,3459.2,3459.0,3458.6,4356.4,4356.6,4356.8,6040.9,6040.1,6042.7,8559.8,8559.4,8562.3,5169.6,5169.8,5171.1,7385.3,7383.8,7385.9,6071.5,6071.1,6070.1,1844.2,1842.9,1842.5,3649.6,3650.1,3651.1,2517.2,2517.0,2517.3,2872.9,2872.1,2872.9,26.750000,25.629999,going to home base
2024-04-13T03:55:49Z,2355.0,2354.0,2354.2,2588.2,2588.3,2588.3,5631.7,5630.8,5630.6,2320.7,2320.8,2321.5,3459.2,3458.5,3459.1,4357.1,4356.9,4356.6,6041.6,6040.4,6041.7,8562.6,8561.1,8559.4,5169.1,5168.8,5169.5,7388.0,7385.7,7385.7,6069.5,6070.0,6070.7,1843.6,1842.5,1842.6,3649.5,3649.5,3650.7,2518.0,2516.8,2517.5,2873.1,2871.5,2872.1,26.750000,25.680000,going to home base
2024-04-13T03:55:54Z,2353.9,2353.3,2353.4,2587.4,2587.2,2587.2,5631.6,5630.8,5631.1,2321.0,2321.0,2321.4,3458.9,3458.9,3458.5,4356.3,4356.3,4356.7,6042.2,6041.5,6042.3,8559.3,8559.9,8558.0,5170.3,5170.3,5170.4,7384.1,7384.9,7383.9,6070.5,6070.3,6070.9,1844.1,1842.7,1842.6,3650.5,3649.9,3651.1,2517.8,2516.8,2517.0,2871.8,2871.5,2871.9,26.730000,25.690001,going to home base
2024-04-13T03:55:59Z,2353.4,2352.8,2353.7,2587.7,2588.0,2587.9,5631.4,5631.1,5631.3,2320.6,2320.1,2320.7,3459.7,3459.0,3458.7,4356.3,4356.4,4356.1,6042.9,6040.9,6041.8,8560.4,8561.6,8560.6,5168.6,5168.3,5169.7,7386.8,7385.9,7386.0,6070.3,6071.6,6071.3,1844.6,1843.4,1843.2,3651.0,3651.1,3652.1,2516.8,2516.0,2516.2,2871.4,2871.8,2872.1,26.719999,25.730000,going to home base
2024-04-13T03:56:04Z,2354.6,2353.6,2353.8,2588.4,2588.1,2588.1,5631.6,5631.2,5631.4,2321.3,2321.1,2321.4,3459.4,3459.6,3459.3,4356.3,4356.0,4355.9,6043.5,6043.2,6044.2,8557.5,8557.4,8557.8,5169.8,5169.8,5169.7,7387.9,7385.0,7386.6,6069.0,6068.5,6068.4,1844.7,1843.2,1843.2,3650.7,3650.6,3651.1,2516.6,2515.5,2515.3,2872.3,2871.6,2871.9,26.700001,25.740000,going to home base
2024-04-13T03:56:09Z,2354.1,2353.5,2353.7,2587.3,2587.8,2587.9,5631.4,5631.2,5630.9,2321.5,2321.2,2321.4,3458.5,3457.9,3457.9,4356.4,4356.3,4356.5,6043.5,6042.5,6043.0,8557.5,8556.4,8556.3,5169.0,5169.6,5170.4,7386.8,7385.5,7385.4,6069.5,6068.6,6070.8,1844.9,1843.6,1843.4,3650.1,3650.0,3650.4,2518.0,2517.5,2517.5,2873.2,2872.4,2872.5,26.719999,25.719999,going to home base
2024-04-13T03:56:14Z,2354.1,2353.7,2353.9,2587.5,2587.1,2587.5,5631.2,5630.8,5630.8,2321.0,2320.9,2321.5,3457.9,3457.3,3457.8,4356.3,4356.1,4355.9,6042.8,6043.3,6044.2,8561.8,8560.0,8561.0,5168.9,5169.1,5169.8,7387.3,7385.3,7387.6,6071.7,6070.9,6069.0,1844.6,1843.5,1843.2,3649.9,3649.8,3650.7,2517.0,2516.0,2516.2,2873.2,2872.8,2873.6,26.730000,25.760000,going to home base
2024-04-13T03:56:19Z,2354.4,2353.7,2353.9,2587.3,2587.0,2587.5,5631.0,5630.5,5630.7,2320.7,2320.7,2321.5,3457.4,3457.6,3457.5,4356.1,4356.4,4356.6,6041.5,6041.6,6042.0,8561.5,8561.6,8564.0,5169.9,5168.9,5169.5,7387.4,7386.2,7386.6,6069.6,6070.6,6070.5,1844.7,1843.4,1843.3,3650.0,3650.1,3651.2,2516.1,2515.8,2515.6,2872.0,2871.9,2872.8,26.730000,25.690001,going to home base
2024-04-13T03:56:24Z,2354.6,2353.6,2353.9,2587.0,2587.2,2586.9,5631.2,5630.6,5630.7,2321.2,2321.5,2321.3,3458.3,3458.5,3457.4,4356.4,4355.9,4356.1,6041.6,6041.9,6043.0,8561.3,8560.1,8560.0,5169.4,5167.8,5170.0,7386.7,7385.8,7386.5,6070.4,6068.8,6069.6,1844.8,1843.5,1843.4,3650.0,3650.0,3651.2,2516.5,2515.7,2516.0,2871.9,2871.4,2871.8,26.730000,25.740000,going to home base
2024-04-13T03:56:29Z,2353.9,2353.1,2353.5,2587.2,2587.2,2588.0,5631.0,5630.6,5631.1,2321.3,2321.0,2321.7,3457.9,3457.2,3457.5,4356.1,4356.1,4356.2,6041.3,6042.1,6042.1,8560.5,8560.6,8560.4,5170.0,5169.4,5170.7,7387.3,7386.6,7385.7,6071.0,6070.1,6071.4,1844.3,1843.0,1842.9,3650.1,3649.6,3650.6,2518.3,2516.8,2517.0,2873.7,2872.8,2873.2,26.700001,25.770000,going to home base
2024-04-13T03:56:34Z,2354.0,2353.3,2353.6,2587.8,2587.5,2587.9,5631.4,5631.0,5630.6,2320.1,2320.5,2321.0,3458.4,3458.0,3458.3,4356.4,4356.7,4356.3,6042.5,6040.9,6041.6,8559.4,8558.2,8557.7,5168.4,5169.4,5170.4,7386.4,7384.9,7384.9,6069.0,6069.0,6069.7,1844.2,1842.6,1842.8,3649.9,3650.2,3650.8,2517.8,2516.7,2516.5,2873.2,2872.6,2873.4,26.700001,25.690001,going to home base
2024-04-13T03:56:39Z,2354.3,2354.0,2354.3,2587.6,2587.2,2587.6,5631.1,5630.5,5630.7,2320.5,2320.3,2321.0,3458.2,3458.3,3458.3,4356.3,4356.0,4356.1,6042.6,6043.3,6042.6,8558.4,8558.8,8559.4,5169.3,5169.0,5169.2,7385.5,7384.4,7384.7,6069.8,6070.9,6070.2,1844.2,1843.0,1843.0,3649.7,3650.2,3651.0,2517.7,2517.2,2516.6,2874.3,2874.1,2873.9,26.719999,25.690001,going to home base
2024-04-13T03:56:44Z,2353.8,2353.1,2353.0,2587.2,2587.2,2588.0,5630.7,5630.3,5630.9,2321.5,2321.1,2321.5,3458.1,3457.7,3457.6,4356.3,4356.1,4356.2,6042.5,6041.0,6041.4,8558.3,8557.9,8558.7,5169.6,5168.8,5169.2,7386.1,7385.2,7385.8,6071.3,6069.9,6070.6,1844.1,1842.6,1843.1,3650.3,3650.7,3651.1,2517.1,2516.3,2516.0,2873.9,2873.8,2874.6,26.700001,25.700001,going to home base
2024-04-13T03:56:49Z,2354.0,2353.3,2353.4,2588.2,2588.3,2588.5,5630.8,5630.8,5630.8,2321.3,2321.3,2321.7,3458.8,3458.0,3458.1,4357.0,4356.6,4356.8,6042.4,6042.0,6042.1,8559.6,8560.0,8559.3,5168.8,5168.7,5170.2,7386.9,7385.6,7385.4,6070.0,6070.5,6071.6,1844.3,1842.9,1842.6,3650.5,3649.9,3651.2,2517.3,2516.0,2516.3,2875.0,2874.2,2873.3,26.719999,25.719999,going to home base
2024-04-13T03:56:54Z,2353.5,2352.7,2353.1,2588.1,2587.8,2587.9,5631.1,5630.6,5630.4,2321.0,2321.3,2321.4,3458.6,3458.0,3458.0,4356.6,4356.9,4356.6,6042.1,6040.9,6041.7,8562.2,8561.0,8558.5,5168.4,5168.6,5169.2,7385.6,7384.4,7385.1,6068.8,6068.3,6069.3,1844.4,1842.6,1842.6,3650.4,3650.7,3651.0,2516.2,2516.4,2516.6,2874.2,2873.4,2874.1,26.719999,25.700001,going to home base
2024-04-13T03:56:59Z,2354.5,2353.8,2354.6,2588.1,2587.6,2587.8,5630.8,5630.4,5630.4,2320.9,2321.0,2321.5,3458.9,3458.3,3458.5,4356.1,4355.6,4355.8,6043.4,6042.4,6043.5,8556.6,8557.3,8558.5,5168.8,5169.5,5169.6,7386.8,7386.3,7386.1,6067.3,6065.7,6067.3,1844.3,1843.0,1842.7,3650.9,3650.6,3651.4,2516.8,2516.4,2516.3,2875.9,2875.7,2875.3,26.730000,25.730000,going to home base
2024-04-13T03:57:04Z,2353.9,2353.2,2353.4,2587.5,2587.2,2587.7,5630.5,5630.1,5630.5,2321.3,2321.6,2321.5,3458.2,3458.3,3457.2,4356.9,4356.3,4356.5,6040.5,6040.1,6041.1,8560.6,8559.0,8561.3,5167.9,5167.8,5168.2,7386.8,7387.2,7384.8,6068.9,6067.4,6069.4,1844.9,1843.4,1843.2,3649.6,3649.6,3650.8,2516.3,2515.3,2516.3,2874.2,2873.9,2874.5,26.730000,25.700001,going to home base
2024-04-13T03:57:09Z,2353.6,2353.2,2353.6,2588.0,2587.5,2588.1,5630.6,5630.2,5631.1,2322.1,2321.6,2322.3,3458.5,3457.9,3457.3,4356.7,4357.0,4357.0,6041.5,6041.2,6041.5,8559.7,8561.9,8560.0,5170.6,5170.1,5169.8,7387.1,7384.8,7386.0,6069.5,6069.0,6068.9,1844.1,1842.5,1842.6,3650.0,3650.0,3650.9,2517.3,2516.4,2516.2,2874.4,2873.5,2874.2,26.730000,25.700001,going to home base
2024-04-13T03:57:14Z,2354.2,2353.6,2353.9,2587.7,2586.9,2587.8,5630.8,5631.3,5630.9,2321.7,2321.5,2321.5,3458.2,3457.7,3457.8,4356.1,4355.8,4355.9,6039.9,6041.9,6040.1,8559.1,8558.8,8558.3,5170.0,5169.8,5171.0,7385.4,7385.6,7386.0,6068.2,6069.0,6069.4,1844.6,1843.0,1842.8,3650.6,3651.2,3651.2,2516.4,2515.3,2516.4,2871.4,2871.6,2873.4,26.730000,25.700001,going to home base
2024-04-13T03:57:19Z,2354.0,2353.3,2353.2,2586.9,2586.6,2587.0,5631.2,5630.8,5630.9,2321.0,2321.2,2321.4,3457.6,3457.4,3457.1,4356.6,4356.3,4356.5,6039.5,6039.9,6040.4,8558.4,8558.6,8557.7,5170.1,5169.6,5170.7,7387.0,7386.0,7386.5,6069.5,6068.8,6069.6,1843.8,1842.2,1842.2,3650.3,3650.4,3651.4,2516.4,2515.4,2515.8,2874.5,2874.1,2873.5,26.700001,25.730000,going to home base
2024-04-13T03:57:24Z,2354.1,2353.1,2353.3,2587.8,2587.4,2587.9,5631.1,5630.3,5630.7,2321.0,2320.8,2321.4,3458.1,3458.0,3458.2,4356.5,4356.5,4356.7,6042.4,6041.4,6042.2,8558.6,8556.2,8557.1,5168.8,5168.0,5169.1,7385.4,7385.0,7384.7,6067.1,6068.8,6068.8,1843.8,1842.5,1842.2,3650.8,3650.8,3651.8,2516.3,2515.4,2515.9,2874.4,2873.8,2874.7,26.700001,25.700001,going to home base
2024-04-13T03:57:29Z,2353.7,2353.0,2353.1,2587.8,2587.4,2587.9,5630.0,5629.8,5629.8,2320.1,2320.2,2321.6,3457.3,3457.4,3457.6,4356.4,4355.9,4355.9,6039.9,6041.4,6042.6,8556.7,8557.2,8557.1,5168.0,5168.6,5169.0,7386.8,7386.0,7385.9,6069.2,6068.3,6068.8,1843.8,1842.3,1842.3,3650.7,3651.4,3651.9,2515.6,2514.7,2515.4,2873.6,2873.6,2874.2,26.719999,25.730000,going to home base
2024-04-13T03:57:34Z,2353.4,2352.8,2353.2,2587.3,2587.4,2588.2,5630.7,5631.5,5630.6,2321.8,2321.4,2321.4,3458.1,3458.5,3458.0,4356.5,4356.6,4356.8,6042.5,6042.6,6042.3,8559.4,8559.4,8561.9,5169.7,5168.4,5169.2,7384.9,7383.9,7385.2,6070.1,6067.4,6067.5,1844.1,1842.7,1842.6,3650.4,3650.4,3651.1,2516.0,2515.4,2515.2,2873.2,2872.9,2873.1,26.750000,25.700001,going to home base
2024-04-13T03:57:39Z,2353.5,2352.9,2353.1,2587.6,2587.8,2588.2,5631.6,5631.2,5631.2,2320.8,2321.0,2321.3,3458.4,3458.3,3458.1,4355.3,4355.5,4355.9,6042.3,6041.5,6042.8,8561.4,8558.7,8558.4,5169.1,5169.8,5170.5,7383.7,7382.7,7383.7,6066.4,6066.6,6069.5,1844.9,1843.0,1842.8,3650.2,3650.2,3651.5,2516.8,2516.0,2516.6,2873.9,2872.7,2873.0,26.719999,25.690001,going to home base
2024-04-13T03:57:44Z,2353.4,2353.1,2353.2,2586.8,2586.9,2587.1,5631.0,5630.4,5630.1,2320.5,2320.8,2321.0,3458.0,3457.4,3456.9,4356.1,4356.1,4356.0,6039.1,6040.1,6041.0,8559.4,8560.1,8559.1,5169.5,5168.8,5170.0,7385.4,7385.0,7384.6,6067.8,6069.8,6068.9,1844.2,1843.0,1843.2,3649.6,3649.5,3650.5,2516.8,2516.0,2516.0,2873.6,2873.7,2873.7,26.730000,25.730000,going to home base
2024-04-13T03:57:49Z,2353.3,2352.6,2353.0,2587.1,2587.3,2587.9,5630.9,5630.9,5630.5,2321.0,2320.5,2321.2,3458.4,3457.9,3457.8,4356.4,4356.0,4356.5,6041.0,6040.3,6040.2,8560.3,8560.4,8558.6,5170.4,5170.4,5171.6,7385.8,7384.9,7384.6,6068.5,6067.9,6068.2,1844.3,1842.9,1842.7,3650.3,3649.9,3650.7,2517.3,2515.5,2516.0,2874.0,2872.8,2873.5,26.719999,25.740000,going to home base
2024-04-13T03:57:54Z,2353.6,2353.4,2353.4,2588.1,2587.5,2588.1,5630.8,5630.6,5630.9,2320.5,2320.5,2321.0,3457.9,3458.1,3457.6,4356.3,4356.6,4356.5,6040.9,6041.4,6039.3,8559.0,8559.2,8558.5,5169.7,5168.7,5169.0,7385.1,7383.8,7382.2,6069.0,6068.5,6069.1,1844.3,1842.8,1842.6,3649.5,3649.7,3650.6,2517.0,2516.4,2516.8,2872.9,2872.4,2872.6,26.719999,25.690001,going to home base
2024-04-13T03:58:04Z,2353.3,2353.2,2352.8,2586.8,2586.7,2587.2,5631.3,5630.6,5630.9,2321.1,2320.8,2321.2,3459.4,3458.7,3459.1,4356.2,4356start,26541.4,26542.0,2353.7,2353.3,5630.7,5630.2,5630.2,2319.7,2320.0,2319.9,3729.0,3729.0,87719.4,87737.2,14017.4,14015.9,4356.7,4356.7,4356.9,6041.1,6039.9,6040.5,16375.9,16376.5,33826.7,33834.0,8560.3,8560.0,5167.6,5169.5,going to home base
2024-04-13T03:58:14Z,2354.1,2353.6,2353.5,2587.0,2587.3,2587.6,5631.3,5630.9,5631.2,2319.9,2320.3,2320.6,3458.6,3458.0,3457.8,4357.0,4356.6,4357.0,6041.6,6040.5,6041.7,8561.7,8559.0,8559.1,5167.7,5167.8,5168.2,7385.6,7384.4,7385.6,6068.4,6067.9,6067.5,1844.3,1843.0,1843.1,3650.3,3650.6,3651.0,2516.1,2515.5,2515.4,2872.0,2872.2,2872.5,26.719999,25.719999,going to home base
2024-04-13T03:58:19Z,2354.0,2353.4,2353.3,2587.3,2587.5,2587.7,5630.8,5630.7,5631.0,2319.8,2319.9,2320.4,3457.2,3457.1,3456.5,4356.0,4356.3,4355.6,6037.9,6037.5,6038.6,8559.8,8559.8,8559.1,5168.1,5167.9,5168.5,7384.8,7385.2,7384.5,6068.8,6067.2,6069.0,1844.4,1843.0,1842.6,3650.7,3650.6,3651.4,2517.4,2516.1,2515.9,2871.4,2870.6,2871.2,26.719999,25.709999,going to home base
2024-04-13T03:58:24Z,2354.1,2353.5,2353.7,2587.0,2586.8,2587.7,5630.9,5630.3,5631.0,2320.3,2320.4,2320.7,3457.3,3457.1,3456.4,4355.9,4356.0,4355.7,6039.7,6039.1,6039.7,8560.6,8560.3,8559.4,5169.0,5168.0,5169.9,7383.3,7381.9,7384.3,6070.2,6068.5,6068.5,1844.5,1842.9,1843.0,3650.4,3650.5,3651.2,2516.3,2515.2,2515.4,2870.8,2870.7,2871.9,26.700001,25.690001,going to home base
2024-04-13T03:58:29Z,2354.3,2353.8,2354.0,2586.6,2587.3,2587.5,5631.7,5631.1,5631.5,2320.2,2320.3,2321.1,3457.4,3457.0,3457.2,4356.7,4356.4,4356.9,6038.7,6038.4,6039.8,8562.4,8560.2,8560.6,5168.0,5168.6,5168.6,7386.9,7384.9,7384.0,6069.1,6071.2,6070.9,1844.5,1843.1,1842.8,3650.0,3650.2,3650.9,2516.2,2515.9,2515.9,2872.0,2870.6,2871.7,26.719999,25.690001,going to home base
2024-04-13T03:58:34Z,2354.1,2353.7,2353.2,2587.2,2587.6,2588.1,5630.8,5630.6,5631.0,2320.3,2320.5,2320.5,3457.6,3457.4,3457.3,4355.9,4355.6,4355.9,6040.0,6038.8,6039.8,8560.6,8558.0,8558.4,5168.8,5168.1,5169.2,7382.8,7382.6,7381.7,6070.8,6070.2,6071.7,1844.5,1842.7,1842.9,3650.0,3650.2,3651.6,2516.0,2515.0,2515.5,2871.3,2871.0,2871.3,26.719999,25.700001,going to home base
2024-04-13T03:58:39Z,2353.9,2353.4,2353.8,2588.2,2587.6,2587.8,5631.5,5630.9,5631.0,2320.5,2320.2,2320.8,3456.5,3455.9,3456.4,4356.2,4355.7,4355.7,6038.7,6038.1,6039.7,8559.0,8560.7,8559.6,5168.3,5167.9,5169.4,7386.5,7384.5,7384.7,6067.4,6068.5,6069.3,1844.0,1842.5,1842.5,3650.8,3650.9,3651.5,2516.0,2514.8,2515.0,2872.1,2871.5,2871.9,26.700001,25.700001,going to home base
2024-04-13T03:58:44Z,2354.1,2353.6,2353.9,2587.2,2587.3,2587.4,5631.6,5630.7,5631.3,2321.6,2321.3,2321.8,3457.7,3457.7,3457.5,4356.0,4355.3,4355.5,6037.8,6037.6,6039.1,8558.5,8559.5,8557.9,5168.8,5168.3,5169.7,7385.4,7385.8,7384.9,6069.0,6068.7,6069.1,1844.1,1842.7,1842.6,3650.5,3650.8,3652.0,2516.2,2515.2,2515.7,2872.3,2871.7,2872.5,26.730000,25.680000,going to home base
2024-04-13T03:58:49Z,2354.1,2353.4,2353.7,2586.3,2586.7,2587.2,5631.4,5631.3,5630.8,2320.0,2319.8,2320.2,3457.8,3457.3,3456.9,4356.1,4355.6,4356.0,6037.5,6037.8,6038.0,8558.6,8557.4,8558.6,5168.5,5168.5,5169.7,7388.2,7385.6,7386.2,6071.4,6070.8,6070.2,1843.9,1842.6,1842.7,3650.2,3650.1,3651.0,2516.1,2515.5,2515.3,2870.8,2870.5,2871.0,26.730000,25.730000,going to home base
2024-04-13T03:58:54Z,2354.0,2353.2,2353.7,2586.6,2586.5,2587.1,5631.7,5631.1,5631.2,2320.8,2320.7,2321.2,3457.4,3457.5,3456.6,4356.0,4355.7,4355.5,6038.1,6037.2,6039.1,8561.2,8556.9,8556.2,5167.8,5168.3,5169.1,7385.9,7384.8,7385.2,6068.3,6068.4,6069.4,1844.0,1842.6,1842.4,3650.4,3650.4,3651.1,2516.7,2516.1,2516.1,2873.0,2873.2,2873.8,26.719999,25.719999,going to home base
2024-04-13T03:58:59Z,2353.7,2353.2,2353.4,2587.1,2587.4,2587.2,5631.1,5630.6,5630.5,2319.6,2319.4,2320.5,3457.8,3457.3,3456.7,4355.9,4355.4,4355.4,6038.7,6040.6,6039.4,8558.5,8558.1,8557.8,5168.9,5168.8,5169.6,7384.8,7383.6,7384.8,6070.4,6071.4,6070.3,1844.1,1842.8,1842.4,3650.6,3650.6,3651.7,2516.8,2516.5,2516.2,2872.5,2871.8,2872.2,26.719999,25.650000,going to home base
2024-04-13T03:59:04Z,2353.7,2353.2,2353.1,2587.2,2587.2,2587.2,5631.4,5630.7,5631.1,2319.8,2320.2,2319.8,3456.7,3456.7,3456.4,4356.2,4356.0,4355.9,6039.8,6040.2,6041.5,8559.7,8557.6,8560.4,5168.3,5166.3,5169.3,7386.6,7384.8,7386.9,6070.0,6071.4,6071.8,1843.9,1842.7,1842.2,3650.2,3650.0,3651.3,2517.3,2516.7,2516.6,2872.5,2872.0,2871.6,26.730000,25.719999,going to home base
2024-04-13T03:59:09Z,2354.3,2353.4,2353.3,2587.2,2587.1,2587.1,5631.1,5630.6,5630.7,2320.0,2320.1,2320.2,3456.8,3457.1,3457.1,4355.8,4355.6,4355.4,6040.5,6040.0,6040.8,8559.5,8561.0,8560.1,5167.9,5168.0,5168.3,7386.0,7386.2,7385.4,6068.2,6070.3,6072.0,1844.1,1842.9,1842.7,3649.8,3650.1,3650.7,2516.6,2516.0,2516.3,2872.6,2872.2,2872.4,26.700001,25.690001,going to home base
2024-04-13T03:59:14Z,2353.7,2352.9,2353.0,2587.0,2587.2,2587.5,5630.7,5630.4,5630.8,2320.0,2320.3,2320.5,3456.0,3455.7,3456.3,4355.6,4355.3,4355.3,6038.5,6038.9,6038.9,8559.2,8557.5,8558.6,5167.4,5168.1,5168.9,7385.3,7384.2,7384.7,6070.8,6069.2,6071.4,1843.7,1842.1,1842.3,3650.6,3649.9,3650.5,2516.3,2515.9,2515.7,2872.9,2873.3,2873.1,26.750000,25.690001,going to home base
2024-04-13T03:59:19Z,2353.6,2352.8,2353.0,2586.8,2587.1,2587.3,5630.5,5630.0,5630.0,2320.3,2320.4,2321.4,3456.8,3456.3,3456.1,4355.7,4355.1,4355.5,6041.0,6040.9,6041.0,8559.7,8560.6,8559.7,5168.2,5168.3,5169.0,7384.5,7384.2,7384.8,6071.8,6071.4,6071.8,1844.5,1842.6,1842.7,3649.9,3649.9,3650.8,2517.3,2516.7,2516.7,2871.9,2871.4,2871.5,26.700001,25.660000,going to home base
2024-04-13T03:59:24Z,2354.3,2353.6,2354.0,2587.1,2587.4,2586.8,5630.4,5630.1,5630.6,2321.0,2320.6,2321.5,3456.7,3456.2,3456.4,4355.9,4354.8,4355.5,6040.8,6040.4,6040.9,8558.9,8558.6,8559.4,5168.0,5168.0,5168.0,7387.6,7387.1,7385.6,6071.6,6070.5,6070.5,1843.8,1842.6,1842.6,3650.6,3650.5,3651.6,2515.8,2514.3,2514.8,2872.6,2872.4,2873.1,26.719999,25.660000,going to home base
2024-04-13T03:59:29Z,2354.1,2353.6,2353.7,2587.1,2587.4,2587.4,5630.9,5630.5,5630.7,2319.5,2319.6,2320.1,3457.3,3457.1,3456.8,4355.4,4355.4,4354.9,6041.2,6040.0,6040.9,8558.1,8557.7,8558.2,5168.0,5167.6,5168.8,7385.6,7384.0,7385.6,6071.8,6071.8,6072.9,1843.9,1842.7,1842.7,3649.8,3649.8,3650.8,2515.3,2515.1,2515.0,2872.7,2871.9,2872.4,26.719999,25.620001,going to home base
2024-04-13T03:59:34Z,2354.1,2353.2,2353.4,2587.4,2587.4,2587.7,5629.8,5629.7,5629.5,2319.8,2320.5,2320.8,3457.9,3457.4,3457.6,4355.6,4355.4,4355.6,6040.3,6039.0,6039.9,8557.1,8556.0,8556.4,5168.8,5169.0,5169.8,7388.1,7386.8,7385.9,6070.7,6071.7,6072.6,1844.1,1842.4,1842.4,3651.1,3651.1,3651.9,2516.4,2515.7,2515.9,2871.8,2871.8,2871.9,26.730000,25.660000,going to home base
2024-04-13T03:59:39Z,2352.8,2352.5,2352.8,2587.6,2587.9,2588.0,5630.4,5630.3,5629.8,2320.3,2319.3,2320.4,3457.2,3456.6,3456.8,4355.1,4355.2,4355.2,6039.0,6038.0,6039.4,8556.3,8556.0,8557.5,5168.9,5167.8,5169.7,7387.4,7386.5,7386.2,6069.3,6069.0,6068.6,1844.6,1842.9,1842.9,3650.4,3650.4,3651.5,2516.6,2516.0,2516.3,2872.2,2871.1,2872.2,26.750000,25.690001,going to home base
2024-04-13T03:59:44Z,2352.9,2352.2,2352.7,2586.5,2587.1,2587.5,5631.4,5630.9,5630.6,2320.0,2319.9,2320.1,3456.9,3457.0,3456.7,4355.0,4354.8,4354.9,6037.5,6038.3,6039.2,8557.2,8559.0,8558.0,5167.9,5167.7,5168.5,7385.8,7385.5,7386.0,6070.5,6070.7,6071.9,1843.8,1842.6,1842.4,3649.4,3649.7,3651.1,2516.2,2515.1,2515.4,2872.6,2871.5,2872.3,26.730000,25.620001,going to home base
2024-04-13T03:59:49Z,2353.7,2352.9,2353.2,2586.8,2586.4,2586.9,5630.9,5630.2,5630.2,2320.1,2320.7,2320.9,3456.6,3456.5,3456.5,4355.4,4355.2,4355.5,6036.6,6037.8,6038.3,8558.3,8557.7,8557.5,5166.9,5166.9,5167.4,7386.2,7386.0,7385.4,6069.6,6069.5,6068.6,1844.3,1842.6,1842.5,3650.3,3650.3,3651.3,2516.7,2515.7,2515.6,2870.9,2870.7,2871.0,26.700001,25.639999,going to home base
2024-04-13T03:59:54Z,2353.7,2352.5,2353.0,2586.4,2586.1,2586.8,5630.9,5630.8,5630.8,2320.1,2320.5,2320.8,3457.1,3457.0,3456.5,4355.6,4355.5,4355.4,6038.8,6039.4,6038.7,8559.1,8558.2,8559.9,5167.6,5168.0,5168.2,7383.7,7385.3,7385.6,6070.2,6069.2,6068.9,1843.9,1842.4,1842.3,3649.8,3649.8,3650.3,2515.4,2515.4,2515.4,2872.5,2872.0,2872.1,26.730000,25.650000,going to home base
2024-04-13T03:59:59Z,2353.8,2352.8,2353.3,2587.1,2587.0,2587.1,5630.5,5630.1,5630.2,2320.6,2320.7,2320.7,3457.6,3457.4,3456.4,4355.0,4355.2,4355.5,6037.7,6036.4,6037.5,8559.9,8557.8,8558.8,5166.9,5168.1,5168.4,7386.6,7385.9,7384.9,6072.4,6070.5,6071.8,1843.7,1842.3,1842.1,3649.8,3650.0,3651.2,2516.6,2515.4,2515.3,2873.1,2873.1,2872.7,26.719999,25.660000,going to home base
2024-04-13T04:00:04Z,2353.4,2353.2,2353.5,2587.2,2587.2,2587.6,5630.8,5629.8,5630.7,2320.5,2320.5,2321.1,3457.0,3457.4,3457.0,4355.7,4355.2,4355.5,6039.1,6038.5,6038.3,8556.0,8557.9,8557.4,5168.0,5167.8,5167.5,7385.9,7384.7,7385.0,6071.9,6071.7,6071.1,1844.3,1842.8,1842.7,3649.7,3650.3,3650.8,2516.4,2515.6,2516.0,2873.0,2872.9,2872.8,26.730000,25.660000,going to home base
2024-04-13T04:00:09Z,2353.3,2352.7,2353.2,2586.9,2587.1,2587.7,5630.3,5630.0,5630.0,2320.2,2320.0,2320.7,3457.2,3457.4,3456.2,4355.0,4355.4,4355.0,6039.2,6038.7,6040.1,8557.7,8561.0,8557.7,5167.4,5167.5,5167.5,7386.0,7384.3,7385.7,6071.7,6070.9,6070.1,1844.2,1842.9,1842.7,3650.6,3650.5,3651.2,2516.4,2515.5,2515.6,2872.7,2871.7,2872.1,26.719999,25.680000,going to home base
2024-04-13T04:00:14Z,2353.9,2353.0,2353.2,2587.5,2587.5,2587.8,5630.8,5630.4,5630.2,2320.5,2320.6,2320.8,3458.1,3457.4,3457.9,4355.4,4355.5,4355.7,6042.8,6041.3,6042.3,8558.3,8557.3,8560.5,5167.8,5168.5,5170.0,7385.7,7385.8,7386.1,6069.6,6070.2,6070.1,1844.6,1843.0,1843.1,3650.0,3649.8,3650.9,2517.3,2516.7,2516.5,2872.5,2871.3,2872.4,26.719999,25.700001,going to home base
2024-04-13T04:00:19Z,2354.3,2353.9,2354.0,2587.0,2587.3,2588.1,5630.5,5630.0,5630.3,2320.5,2320.5,2321.1,3457.7,3457.5,3457.4,4354.4,4354.4,4354.2,6042.6,6042.3,6041.9,8557.4,8557.4,8556.8,5167.9,5167.9,5169.6,7385.6,7384.3,7383.5,6069.0,6069.9,6069.5,1844.2,1842.8,1842.4,3649.8,3650.0,3650.7,2515.5,2515.0,2515.1,2874.1,2873.0,2874.1,26.730000,25.690001,going to home base
2024-04-13T04:00:24Z,2354.0,2353.3,2353.4,2587.6,2587.8,2587.8,5630.9,5630.5,5630.4,2320.3,2320.1,2320.4,3457.4,3456.9,3456.6,4355.1,4355.0,4355.3,6041.6,6042.1,6040.5,8558.6,8558.4,8559.4,5168.4,5168.8,5168.5,7383.6,7384.2,7385.4,6072.0,6071.0,6070.8,1844.2,1842.7,1842.8,3649.8,3650.5,3650.6,2515.5,2514.8,2514.6,2873.6,2873.3,2873.5,26.730000,25.680000,going to home base
2024-04-13T04:00:29Z,2353.7,2353.3,2353.2,2586.7,2587.0,2587.6,5630.5,5629.7,5630.5,2320.2,2320.1,2321.0,3457.1,3456.9,3457.0,4355.1,4355.0,4355.2,6042.2,6041.4,6043.1,8561.0,8556.3,8556.4,5169.1,5168.8,5168.9,7387.7,7386.5,7387.6,6071.3,6069.7,6069.7,1844.2,1842.7,1842.4,3650.6,3650.8,3651.8,2515.6,2515.2,2515.4,2873.1,2872.1,2872.3,26.700001,25.650000,going to home base
2024-04-13T04:00:34Z,2353.4,2353.6,2353.3,2587.5,2588.0,2588.2,5630.5,5630.0,5630.0,2320.4,2320.1,2320.6,3457.9,3457.6,3457.8,4355.3,4355.2,4355.5,6041.2,6039.7,6041.7,8559.2,8558.2,8557.3,5168.6,5168.5,5169.6,7387.1,7385.7,7387.0,6071.1,6071.5,6071.8,1844.3,1842.8,1842.8,3650.8,3650.8,3651.8,2516.0,2515.2,2516.3,2873.4,2873.4,2873.2,26.700001,25.680000,going to home base
2024-04-13T04:00:39Z,2353.5,2353.0,2353.6,2586.9,2587.0,2587.3,5630.7,5630.0,5630.3,2320.5,2320.5,2320.7,3457.9,3457.3,3456.7,4355.1,4354.8,4354.9,6039.0,6039.6,6038.1,8558.6,8556.7,8556.9,5169.0,5169.1,5170.5,7385.5,7385.8,7385.1,6069.5,6069.5,6070.4,1844.8,1843.1,1843.2,3650.3,3650.4,3651.3,2516.6,2515.1,2515.8,2872.6,2871.9,2872.7,26.730000,25.680000,going to home base
2024-04-13T04:00:44Z,2353.5,2352.7,2352.9,2586.9,2587.2,2587.9,5630.1,5629.8,5629.8,2319.9,2319.8,2320.4,3457.4,3457.3,3456.7,4354.9,4355.0,4354.7,6038.8,6038.0,6039.0,8557.2,8556.9,8556.2,5168.4,5168.7,5169.0,7383.5,7383.9,7383.1,6069.8,6070.7,6071.0,1844.2,1842.7,1843.0,3649.4,3649.9,3650.5,2516.1,2514.9,2515.0,2873.7,2873.4,2873.6,26.719999,25.650000,going to home base
2024-04-13T04:00:49Z,2353.0,2352.3,2352.5,2586.4,2586.5,2587.0,5630.8,5630.4,5630.4,2320.9,2320.8,2320.9,3457.8,3457.7,3457.1,4355.2,4355.0,4355.0,6040.9,6040.3,6039.6,8554.9,8555.0,8556.9,5170.5,5170.0,5171.3,7385.6,7384.8,7385.5,6069.9,6069.4,6068.5,1844.8,1843.3,1843.3,3649.4,3649.7,3650.1,2516.2,2515.6,2515.8,2873.3,2872.9,2872.1,26.719999,25.680000,going to home base
2024-04-13T04:00:54Z,2353.5,2352.7,2353.1,2587.2,2587.0,2587.5,5631.7,5630.7,5630.8,2319.7,2319.6,2320.1,3457.5,3457.6,3457.5,4355.1,4354.6,4354.5,6040.1,6039.4,6039.3,8557.6,8557.9,8555.5,5167.8,5167.7,5167.1,7386.3,7385.3,7385.5,6071.1,6069.4,6069.1,1844.8,1843.1,1843.1,3649.4,3649.7,3650.6,2516.3,2515.1,2515.5,2873.3,2872.6,2873.2,26.719999,25.620001,going to home base
2024-04-13T04:00:59Z,2353.4,2352.9,2353.5,2587.4,2587.2,2587.4,5630.9,5630.6,5630.4,2320.3,2320.4,2320.0,3457.6,3457.1,3457.6,4355.2,4355.3,4355.1,6039.8,6037.7,6038.6,8554.8,8555.0,8557.9,5169.7,5169.6,5170.4,7385.5,7385.0,7384.4,6070.2,6069.6,6069.4,1844.4,1843.2,1843.0,3650.0,3650.3,3650.9,2515.4,2514.9,2515.2,2872.5,2871.8,2871.7,26.700001,25.620001,going to home base
2024-04-13T04:01:04Z,2353.2,2352.8,2353.0,2587.3,2586.7,2587.1,5630.7,5630.5,5630.6,2320.0,2320.4,2320.9,3457.3,3457.5,3457.5,4355.0,4355.3,4355.5,6037.1,6035.7,6035.0,8557.2,8557.7,8556.9,5169.0,5167.9,5168.3,7384.5,7385.8,7386.6,6068.9,6070.1,6069.2,1843.7,1842.3,1842.1,3649.6,3649.8,3650.5,2515.7,2514.8,2515.2,2872.8,2872.0,2872.3,26.730000,25.650000,going to home base
2024-04-13T04:01:09Z,2353.4,2353.3,2353.3,2587.9,2587.3,2587.9,5630.8,5630.6,5630.6,2319.8,2319.9,2320.4,3458.2,3457.2,3456.6,4354.7,4354.7,4355.1,6039.4,6040.0,6040.3,8554.7,8554.6,8554.8,5167.7,5167.4,5168.3,7386.6,7383.6,7385.2,6070.2,6069.6,6071.4,1844.3,1843.0,1842.9,3650.0,3650.0,3651.5,2515.9,2515.0,2515.3,2873.7,2873.6,2873.3,26.690001,25.580000,going to home base
2024-04-13T04:01:14Z,2353.8,2353.0,2353.2,2587.7,2587.4,2587.8,5630.6,5630.3,5630.3,2319.4,2319.9,2319.6,3458.2,3457.8,3457.5,4355.1,4355.1,4355.2,6036.5,6036.8,6037.4,8554.1,8557.1,8555.0,5167.9,5167.6,5168.8,7386.0,7385.0,7384.7,6071.1,6070.5,6069.3,1844.3,1843.0,1842.9,3649.3,3649.5,3650.5,2515.3,2515.0,2514.7,2872.0,2872.0,2872.4,26.719999,25.580000,going to home base
2024-04-13T04:01:19Z,2353.1,2352.4,2352.2,2587.4,2586.8,2587.2,5629.8,5630.3,5630.3,2319.6,2319.1,2319.8,3456.9,3456.4,3456.4,4355.2,4355.0,4354.8,6039.9,6040.7,6040.2,8556.3,8557.1,8557.2,5167.1,5166.9,5166.3,7385.0,7384.0,7382.4,6069.8,6070.9,6071.6,1844.5,1843.0,1842.8,3649.6,3649.6,3650.7,2514.8,2514.3,2514.9,2871.4,2871.4,2872.2,26.719999,25.660000,going to home base
2024-04-13T04:01:24Z,2352.8,2352.5,2352.3,2586.7,2586.5,2586.8,5630.3,5629.7,5630.2,2320.6,2320.3,2321.1,3458.2,3457.8,3457.4,4354.9,4354.8,4354.9,6040.4,6040.8,6040.6,8554.9,8554.2,8556.6,5167.1,5167.2,5168.2,7385.5,7383.6,7385.2,6071.7,6070.1,6070.9,1843.9,1842.4,1842.3,3649.2,3649.1,3650.2,2515.2,2514.8,2514.5,2871.7,2871.7,2872.2,26.730000,25.650000,going to home base
2024-04-13T04:01:29Z,2352.7,2351.9,2351.7,2586.6,2586.0,2586.4,5631.0,5630.5,5630.6,2320.2,2320.5,2320.5,3457.2,3457.1,3457.7,4354.9,4355.0,4354.9,6038.8,6036.9,6038.5,8556.6,8554.3,8554.6,5168.3,5167.3,5168.5,7385.5,7385.0,7386.0,6069.2,6070.3,6071.1,1844.2,1843.0,1842.7,3649.3,3649.2,3649.3,2515.2,2514.5,2514.7,2872.5,2871.1,2870.8,26.730000,25.660000,going to home base
2024-04-13T04:01:34Z,2353.4,2352.8,2353.2,2587.4,2587.2,2587.1,5630.6,5630.0,5630.3,2319.5,2319.3,2319.6,3457.6,3457.7,3457.0,4355.3,4355.2,4355.2,6039.7,6040.9,6039.7,8557.2,8552.4,8553.2,5168.0,5167.8,5168.7,7386.0,7383.9,7384.4,6069.1,6069.7,6070.2,1843.8,1842.2,1842.2,3649.2,3649.1,3650.0,2516.4,2515.6,2515.5,2872.6,2872.0,2870.9,26.719999,25.610001,going to home base
2024-04-13T04:01:39Z,2353.2,2352.2,2352.8,2587.1,2587.0,2587.7,5630.8,5630.7,5630.8,2319.9,2319.4,2319.8,3457.0,3457.2,3457.1,4355.1,4355.3,4355.4,6040.3,6039.7,6041.9,8552.9,8553.2,8556.3,5168.2,5168.9,5168.8,7386.5,7383.8,7384.2,6071.4,6070.9,6070.7,1844.3,1842.9,1842.7,3649.2,3649.8,3650.8,2516.0,2516.0,2515.5,2872.6,2872.1,2871.5,26.730000,25.639999,going to home base
2024-04-13T04:01:44Z,2353.2,2352.8,2353.0,2586.6,2586.7,2587.1,5630.4,5629.7,5629.9,2319.7,2319.7,2319.8,3457.4,3456.9,3456.6,4354.8,4354.4,4354.5,6041.7,6040.0,6039.8,8555.2,8555.6,8555.1,5168.7,5168.8,5168.9,7385.5,7385.3,7386.2,6069.9,6067.9,6069.8,1844.0,1842.6,1842.7,3649.2,3649.4,3650.3,2515.8,2515.7,2515.6,2874.0,2873.5,2873.7,26.730000,25.690001,going to home base
2024-04-13T04:01:49Z,2353.9,2353.2,2353.4,2586.9,2586.3,2586.9,5630.4,5630.2,5630.0,2320.2,2320.1,2320.2,3456.9,3455.9,3455.5,4355.4,4355.2,4354.8,6039.4,6039.1,6039.4,8555.4,8551.4,8554.0,5167.6,5168.0,5168.8,7384.1,7384.1,7385.6,6069.8,6070.3,6070.9,1843.7,1842.2,1842.3,3649.4,3649.5,3650.7,2515.9,2515.0,2515.4,2872.3,2872.5,2872.7,26.730000,25.620001,going to home base
2024-04-13T04:01:54Z,2353.1,2352.4,2352.6,2586.2,2586.0,2586.7,5630.8,5630.9,5630.4,2320.1,2320.0,2320.5,3457.3,3457.3,3456.7,4354.9,4354.8,4354.8,6040.9,6040.4,6040.7,8555.9,8553.0,8554.1,5169.2,5167.7,5168.5,7385.5,7384.8,7384.8,6070.5,6069.3,6069.3,1844.0,1842.9,1842.6,3649.8,3650.1,3651.3,2516.8,2515.8,2516.0,2873.4,2872.2,2872.7,26.719999,25.629999,going to home base
2024-04-13T04:01:59Z,2353.2,2352.5,2352.8,2586.9,2586.9,2587.0,5631.1,5631.2,5630.6,2320.0,2319.8,2320.4,3456.6,3456.6,3456.6,4355.1,4354.7,4354.7,6037.9,6038.4,6039.0,8555.3,8555.5,8555.6,5168.2,5166.7,5168.1,7383.7,7382.3,7382.8,6069.3,6070.1,6068.1,1844.4,1842.7,1842.7,3650.0,3649.7,3650.9,2517.2,2515.7,2515.8,2872.5,2871.7,2872.7,26.719999,25.590000,going to home base
2024-04-13T04:02:04Z,2353.4,2352.7,2352.7,2587.2,2586.3,2586.7,5630.3,5629.9,5630.0,2319.3,2319.4,2319.9,3457.0,3456.3,3456.5,4354.7,4354.4,4354.7,6037.6,6039.0,6039.4,8557.2,8557.8,8558.5,5167.1,5166.6,5168.4,7385.1,7383.0,7384.3,6069.9,6069.3,6070.0,1844.5,1842.6,1842.4,3649.4,3649.8,3650.5,2515.0,2514.8,2514.8,2873.1,2873.1,2872.8,26.730000,25.610001,going to home base
2024-04-13T04:02:09Z,2353.4,2352.8,2353.1,2586.2,2586.2,2587.1,5630.6,5630.4,5630.2,2320.4,2320.8,2320.9,3456.8,3457.0,3456.3,4354.6,4354.4,4354.5,6038.5,6037.9,6039.0,8555.9,8555.2,8556.6,5167.6,5167.2,5168.5,7383.2,7383.5,7383.9,6068.3,6069.2,6069.1,1844.4,1842.9,1842.8,3650.1,3649.8,3650.7,2515.5,2514.8,2515.1,2871.4,2871.0,2871.8,26.719999,25.620001,going to home base
2024-04-13T04:02:14Z,2353.7,2353.2,2353.4,2586.7,2585.8,2586.0,5629.9,5629.3,5629.6,2320.6,2321.0,2321.4,3457.4,3457.0,3456.7,4355.0,4355.0,4354.5,6038.4,6038.1,6038.1,8555.1,8555.6,8555.8,5167.3,5167.2,5167.8,7385.0,7385.0,7384.9,6068.7,6068.6,6068.1,1844.2,1842.8,1842.8,3649.7,3649.8,3650.2,2516.4,2515.3,2515.2,2873.4,2872.7,2873.2,26.750000,25.590000,going to home base
2024-04-13T04:02:19Z,2354.0,2353.2,2353.7,2587.2,2587.3,2587.2,5630.4,5629.9,5630.1,2319.8,2320.0,2320.4,3457.8,3457.1,3457.0,4354.8,4354.9,4354.8,6039.7,6040.0,6040.5,8556.5,8556.1,8556.9,5167.9,5167.1,5169.1,7385.2,7383.7,7384.7,6068.7,6068.7,6068.5,1844.3,1842.6,1842.4,3649.7,3649.5,3650.4,2515.3,2513.7,2513.4,2871.3,2871.7,2871.5,26.719999,25.590000,going to home base
2024-04-13T04:02:24Z,2353.8,2353.1,2353.2,2587.3,2587.1,2587.7,5630.4,5630.3,5630.3,2320.1,2320.0,2320.2,3456.3,3456.1,3456.5,4354.7,4354.8,4354.4,6037.8,6036.5,6037.0,8556.1,8554.0,8555.3,5167.9,5168.0,5169.1,7384.7,7382.3,7382.9,6069.5,6069.1,6069.1,1844.0,1842.7,1842.6,3649.7,3649.5,3650.3,2515.2,2514.4,2514.7,2872.3,2872.7,2872.3,26.719999,25.650000,going to home base
2024-04-13T04:02:29Z,2353.7,2353.3,2353.2,2586.8,2586.6,2587.1,5630.1,5629.4,5629.6,2320.2,2319.9,2319.8,3457.3,3457.5,3457.1,4355.1,4355.1,4354.9,6037.5,6036.2,6037.7,8554.4,8555.9,8556.8,5168.5,5169.5,5169.8,7382.6,7383.3,7383.4,6070.2,6070.0,6071.2,1843.5,1842.5,1842.3,3649.5,3649.7,3651.1,2515.1,2514.5,2514.7,2871.7,2871.8,2872.1,26.700001,25.620001,going to home base
2024-04-13T04:02:34Z,2353.3,2352.7,2352.8,2587.4,2587.6,2587.7,5629.8,5629.5,5629.2,2320.5,2320.3,2321.0,3457.4,3457.0,3456.7,4354.8,4354.7,4355.1,6037.6,6037.8,6038.9,8556.6,8557.9,8558.6,5168.7,5168.3,5169.6,7384.4,7384.1,7385.2,6069.3,6068.1,6069.3,1844.4,1843.1,1842.8,3649.6,3650.2,3650.6,2515.7,2515.0,2514.4,2872.8,2871.5,2872.6,26.700001,25.559999,going to home base
2024-04-13T04:02:39Z,2353.3,2352.7,2352.7,2587.4,2587.1,2587.5,5630.2,5629.9,5630.7,2320.1,2320.2,2320.6,3457.9,3457.1,3457.0,4354.0,4354.2,4354.2,6038.8,6039.8,6038.5,8556.0,8557.6,8556.8,5169.5,5169.0,5169.2,7385.1,7384.9,7383.9,6069.0,6069.1,6069.9,1843.9,1842.8,1842.6,3649.6,3650.0,3650.2,2514.8,2514.0,2514.2,2873.7,2873.2,2872.7,26.690001,25.559999,going to home base
2024-04-13T04:02:44Z,2353.3,2352.3,2353.1,2586.8,2586.9,2587.5,5630.0,5629.3,5629.6,2319.8,2320.1,2320.4,3457.7,3457.2,3456.9,4355.2,4355.0,4354.8,6038.1,6036.9,6038.1,8555.4,8556.1,8556.3,5168.6,5168.6,5169.8,7385.5,7385.0,7384.7,6069.7,6069.0,6069.1,1844.3,1842.8,1842.7,3649.9,3650.0,3650.5,2515.0,2514.3,2514.3,2871.7,2871.1,2871.4,26.719999,25.580000,going to home base
2024-04-13T04:02:49Z,2353.5,2353.3,2353.9,2586.9,2587.6,2586.9,5630.9,5630.3,5630.4,2320.7,2320.7,2321.4,3456.6,3456.4,3456.0,4354.8,4354.5,4354.3,6039.3,6038.5,6040.1,8557.8,8557.4,8557.7,5166.3,5166.1,5167.3,7383.0,7383.4,7383.9,6067.8,6067.7,6067.5,1844.2,1842.7,1842.9,3649.4,3649.3,3650.6,2514.8,2514.3,2514.7,2871.8,2871.5,2871.9,26.700001,25.559999,going to home base
2024-04-13T04:02:59Z,2353.3,2352.7,2352.9,2586.5,2586.9,2586.7,5629.9,5629.7,5629.9,2320.9,2320.9,2321.4,2352.4,2352.6,2586.0,2586.0,2586.6,5630.0,5629.5,5629.2,2319.8,87809.2,87823.5,14028.4,14024.6,14025.9,3456.7,3456.4,3456.2,4354.6,4354.6,4354.6,6039.3,33846.5,33862.5,8558.8,8557.4,8558.4,5168.5,5168.2,5168.8,7385.4,7383.8,7384.3,6068.6,43265.1,43267.8,going to home base
2024-04-13T04:03:09Z,2352.9,2352.2,2352.0,2586.9,2586.6,2587.5,5629.7,5629.5,5629.6,2320.2,2320.3,2320.5,3457.2,3456.0,3456.2,4354.5,4354.6,4354.7,6035.4,6035.8,6038.4,8559.4,8557.1,8557.4,5167.9,5167.1,5169.0,7383.6,7383.2,7384.6,6067.8,6068.4,6069.2,1844.1,1842.5,1842.7,3649.1,3649.3,3650.0,2514.9,2514.2,2514.3,2871.4,2872.2,2871.3,26.700001,25.580000,going to home base
2024-04-13T04:03:14Z,2352.5,2351.8,2351.9,2586.9,2586.1,2587.0,5630.1,5629.5,5629.6,2319.1,2319.4,2319.6,3457.6,3457.3,3457.0,4354.8,4354.4,4354.4,6036.4,6036.5,6036.4,8558.5,8558.3,8556.9,5168.0,5166.5,5167.4,7386.7,7384.6,7385.8,6068.7,6068.1,6068.3,1844.5,1842.7,1842.9,3648.7,3649.0,3650.0,2514.5,2513.9,2514.0,2870.8,2870.7,2870.9,26.700001,25.549999,going to home base
2024-04-13T04:03:19Z,2352.4,2352.6,2351.7,2586.2,2586.1,2586.7,5629.6,5629.4,5629.6,2320.1,2320.1,2320.7,3458.2,3457.8,3457.3,4354.5,4354.4,4354.7,6036.2,6036.7,6037.0,8558.1,8560.0,8561.7,5167.7,5167.6,5168.4,7382.3,7381.0,7380.1,6067.4,6069.7,6069.4,1844.2,1842.8,1842.4,3649.0,3649.2,3650.7,2513.5,2513.2,2512.5,2871.2,2871.1,2871.5,26.730000,25.610001,going to home base
2024-04-13T04:03:24Z,2353.4,2352.0,2352.3,2586.7,2586.6,2587.5,5629.9,5629.4,5629.3,2319.7,2318.8,2319.8,3456.8,3456.9,3457.1,4354.9,4354.8,4354.7,6036.7,6035.0,6035.1,8557.5,8557.6,8556.8,5166.9,5167.3,5167.2,7382.3,7381.9,7383.0,6069.0,6069.9,6071.4,1843.9,1842.4,1842.3,3648.9,3648.8,3650.1,2514.8,2513.9,2514.0,2873.3,2871.9,2872.1,26.719999,25.549999,going to home base
2024-04-13T04:03:29Z,2353.7,2353.1,2353.3,2586.9,2587.0,2586.9,5629.4,5629.1,5629.4,2319.3,2319.6,2320.1,3456.6,3455.9,3455.2,4354.6,4354.5,4355.0,6035.5,6035.1,6036.8,8559.0,8560.1,8558.8,5165.4,5165.0,5166.8,7383.1,7382.6,7383.5,6069.9,6071.1,6069.8,1844.2,1842.7,1842.3,3649.2,3649.2,3650.2,2514.9,2514.0,2514.2,2870.8,2870.8,2871.9,26.719999,25.580000,going to home base
2024-04-13T04:03:34Z,2352.7,2352.4,2352.8,2587.1,2587.0,2587.0,5629.2,5628.3,5628.7,2320.3,2319.4,2320.3,3456.2,3455.9,3455.4,4354.7,4354.5,4354.8,6037.0,6035.7,6037.2,8556.2,8556.6,8555.5,5165.7,5166.1,5166.0,7381.6,7379.5,7381.1,6067.7,6069.6,6069.0,1844.4,1842.7,1842.5,3649.0,3648.6,3649.7,2515.0,2514.0,2514.2,2873.3,2872.3,2872.2,26.719999,25.540001,going to home base
2024-04-13T04:03:39Z,2353.1,2352.6,2352.4,2586.4,2586.6,2586.8,5629.5,5629.1,5629.1,2320.3,2319.9,2320.5,3456.5,3457.0,3456.6,4354.5,4354.5,4354.2,6037.3,6035.3,6036.0,8557.2,8557.9,8557.8,5168.2,5168.6,5169.6,7385.3,7384.8,7385.4,6069.6,6069.5,6070.0,1844.5,1842.1,1842.3,3648.9,3648.9,3649.5,2514.5,2514.2,2514.1,2872.7,2873.2,2873.4,26.719999,25.580000,going to home base
2024-04-13T04:03:44Z,2353.1,2352.6,2353.0,2586.5,2586.2,2586.5,5629.7,5629.3,5629.4,2319.9,2319.9,2320.6,3457.0,3456.4,3456.2,4354.0,4353.8,4353.9,6036.8,6036.7,6036.3,8556.6,8555.1,8555.9,5167.2,5165.7,5168.5,7385.3,7383.1,7384.6,6071.1,6069.1,6068.9,1843.9,1842.6,1842.4,3648.9,3648.9,3650.1,2514.9,2513.8,2514.3,2872.8,2872.2,2872.9,26.730000,25.620001,going to home base
2024-04-13T04:03:49Z,2353.0,2352.5,2352.9,2586.6,2586.4,2586.3,5629.8,5629.2,5628.8,2319.9,2319.4,2320.4,3457.0,3456.4,3456.3,4353.9,4354.2,4354.4,6036.6,6036.3,6037.5,8560.6,8557.3,8556.9,5167.9,5168.0,5168.7,7385.5,7384.2,7385.1,6067.4,6066.7,6069.0,1844.0,1842.1,1842.3,3649.5,3649.7,3650.4,2514.1,2514.0,2513.7,2872.7,2871.8,2872.4,26.719999,25.549999,going to home base
2024-04-13T04:03:54Z,2353.5,2353.0,2353.3,2586.0,2585.8,2586.3,5629.4,5629.0,5628.8,2319.9,2320.0,2320.0,3455.9,3455.8,3456.2,4354.1,4354.0,4353.4,6035.3,6035.5,6035.3,8554.8,8553.7,8554.3,5167.3,5167.4,5169.1,7385.1,7384.0,7384.2,6069.3,6068.1,6068.7,1844.1,1842.3,1842.5,3649.4,3649.0,3649.6,2514.2,2513.4,2513.6,2873.0,2871.8,2872.8,26.719999,25.559999,going to home base
2024-04-13T04:03:59Z,2353.4,2352.6,2352.8,2586.3,2586.0,2586.5,5629.9,5629.1,5629.4,2319.9,2319.7,2320.2,3456.7,3456.4,3456.6,4354.6,4353.8,4354.2,6036.7,6036.9,6036.4,8554.8,8554.9,8554.9,5168.2,5167.8,5168.3,7383.6,7384.6,7383.3,6066.0,6067.6,6067.5,1844.1,1842.5,1842.6,3650.1,3650.1,3651.2,2514.0,2513.0,2513.8,2872.2,2871.3,2873.1,26.719999,25.590000,going to home base
2024-04-13T04:04:04Z,2353.1,2352.5,2352.2,2586.4,2586.5,2586.3,5629.0,5629.2,5629.6,2319.8,2319.8,2320.4,3457.8,3457.4,3457.2,4353.7,4353.5,4353.1,6036.5,6035.9,6035.7,8556.5,8554.3,8555.0,5167.5,5168.1,5168.6,7383.8,7383.2,7383.1,6069.2,6069.7,6068.8,1844.0,1842.7,1842.3,3650.0,3649.7,3650.0,2514.4,2514.1,2513.7,2875.0,2873.8,2874.0,26.690001,25.620001,going to home base
2024-04-13T04:04:09Z,2352.5,2352.0,2352.4,2587.0,2585.9,2587.1,5629.2,5628.6,5628.7,2320.1,2320.3,2320.6,3456.9,3456.7,3456.8,4354.1,4353.7,4353.9,6035.1,6034.6,6035.5,8555.7,8557.9,8559.2,5166.9,5167.6,5168.7,7383.4,7382.0,7382.4,6069.8,6069.5,6069.1,1843.9,1842.8,1842.6,3649.0,3648.9,3649.4,2515.4,2513.9,2514.5,2872.3,2871.8,2871.9,26.690001,25.549999,going to home base
2024-04-13T04:04:14Z,2353.5,2352.6,2353.0,2585.8,2585.6,2585.3,5629.4,5628.5,5629.4,2319.9,2320.2,2320.6,3456.2,3455.2,3455.7,4354.4,4353.9,4353.6,6036.8,6037.2,6037.0,8559.5,8557.8,8558.5,5167.9,5167.1,5168.0,7384.2,7382.4,7383.0,6069.0,6069.3,6068.0,1844.4,1842.9,1843.2,3649.2,3649.1,3650.1,2515.1,2514.5,2514.5,2871.9,2871.9,2871.7,26.719999,25.580000,going to home base
2024-04-13T04:04:19Z,2353.2,2352.4,2352.6,2586.3,2586.1,2586.3,5629.2,5629.0,5628.8,2320.8,2320.5,2321.4,3456.9,3456.8,3456.6,4354.5,4354.0,4353.9,6037.8,6036.9,6037.2,8556.5,8556.1,8557.5,5168.6,5167.8,5169.1,7383.9,7382.4,7382.6,6068.4,6069.1,6068.4,1844.2,1842.5,1842.5,3649.6,3649.2,3650.3,2514.7,2513.8,2514.5,2871.2,2869.7,2871.6,26.700001,25.559999,going to home base
2024-04-13T04:04:24Z,2353.4,2352.6,2352.9,2585.8,2585.6,2585.8,5629.9,5629.3,5629.1,2320.3,2320.5,2320.2,3456.5,3456.6,3456.6,4354.0,4353.5,4354.3,6036.9,6038.0,6039.1,8557.8,8557.6,8557.7,5168.7,5167.9,5168.0,7383.8,7382.5,7381.7,6070.5,6071.7,6070.3,1844.3,1842.6,1842.7,3648.8,3648.7,3649.7,2514.9,2514.0,2514.2,2871.6,2873.0,2873.0,26.670000,25.559999,going to home base
2024-04-13T04:04:29Z,2353.3,2352.6,2352.8,2586.0,2586.0,2587.2,5628.9,5628.4,5629.2,2320.2,2320.0,2321.1,3456.0,3455.9,3456.2,4354.3,4354.3,4354.4,6037.3,6037.6,6037.8,8556.7,8560.0,8560.1,5168.5,5166.8,5168.5,7381.6,7382.6,7382.4,6069.1,6067.6,6068.7,1844.0,1842.9,1842.5,3648.8,3648.8,3649.7,2514.4,2513.5,2514.0,2873.2,2873.0,2871.9,26.690001,25.559999,going to home base
2024-04-13T04:04:34Z,2352.5,2352.1,2352.2,2586.5,2586.0,2586.3,5628.8,5628.7,5628.6,2319.0,2319.1,2319.5,3456.0,3455.4,3455.4,4354.4,4354.5,4354.3,6034.1,6035.5,6035.0,8559.3,8562.5,8559.4,5167.5,5167.6,5168.9,7383.3,7381.6,7382.0,6068.6,6067.9,6068.3,1843.7,1842.1,1842.3,3648.6,3649.1,3650.3,2514.3,2513.9,2514.1,2873.0,2872.9,2873.0,26.690001,25.559999,going to home base
2024-04-13T04:04:39Z,2352.9,2352.4,2352.3,2586.0,2586.0,2586.2,5629.3,5629.1,5628.5,2320.4,2319.7,2320.3,3456.6,3455.9,3456.8,4355.0,4354.5,4354.3,6035.8,6035.0,6036.0,8558.2,8558.5,8557.4,5168.6,5167.6,5168.0,7384.2,7382.4,7382.2,6069.4,6069.1,6068.3,1844.0,1842.3,1842.5,3649.0,3649.0,3650.1,2515.5,2514.5,2514.2,2872.8,2870.8,2872.3,26.700001,25.559999,going to home base
2024-04-13T04:04:44Z,2352.8,2352.3,2352.8,2586.8,2586.8,2586.9,5629.1,5629.0,5629.0,2320.5,2320.0,2320.9,3456.4,3456.2,3455.8,4354.8,4354.8,4354.4,6034.6,6033.7,6035.7,8552.0,8552.7,8552.4,5167.8,5167.0,5167.8,7383.0,7382.6,7381.7,6069.4,6068.7,6068.4,1844.0,1842.6,1842.8,3649.1,3649.8,3650.2,2515.0,2514.3,2513.7,2874.0,2873.4,2874.3,26.670000,25.549999,going to home base
2024-04-13T04:04:49Z,2353.5,2352.4,2352.4,2586.5,2586.3,2586.4,5628.7,5628.4,5628.7,2320.5,2321.1,2321.3,3456.9,3457.1,3457.6,4354.4,4354.3,4354.5,6036.5,6034.6,6036.9,8557.5,8557.1,8556.5,5167.8,5167.9,5169.3,7382.6,7382.6,7382.0,6068.4,6068.9,6069.0,1843.8,1842.4,1842.4,3649.1,3649.2,3649.5,2514.6,2514.3,2514.0,2872.6,2872.1,2871.8,26.719999,25.559999,going to home base
2024-04-13T04:04:54Z,2353.0,2352.5,2352.6,2586.7,2586.7,2586.8,5629.1,5629.0,5628.8,2320.0,2319.7,2320.3,3457.1,3456.7,3456.2,4354.0,4354.3,4354.6,6034.5,6034.4,6035.9,8558.4,8559.9,8559.2,5167.9,5167.7,5168.2,7383.2,7382.6,7383.1,6068.3,6068.2,6069.2,1844.5,1842.9,1842.9,3649.7,3649.3,3650.1,2513.4,2513.3,2513.4,2874.0,2873.0,2873.5,26.719999,25.580000,going to home base
2024-04-13T04:04:59Z,2353.2,2352.5,2352.9,2586.7,2586.2,2587.2,5629.5,5629.3,5629.2,2319.9,2319.7,2320.0,3457.1,3456.5,3456.8,4354.2,4354.2,4354.1,6036.2,6034.2,6035.2,8558.0,8554.4,8557.2,5169.2,5168.6,5167.9,7383.1,7383.0,7383.1,6066.8,6065.6,6068.0,1844.0,1842.8,1842.5,3649.5,3649.6,3650.2,2514.0,2513.2,2513.2,2873.5,2873.3,2873.4,26.719999,25.559999,going to home base
2024-04-13T04:05:04Z,2353.4,2352.8,2353.0,2586.1,2586.3,2586.3,5630.1,5629.1,5629.4,2320.0,2320.3,2320.7,3457.2,3457.5,3457.3,4354.3,4354.2,4354.2,6035.5,6035.1,6035.8,8553.1,8551.7,8552.9,5167.4,5168.4,5168.1,7384.6,7384.3,7384.5,6064.8,6067.2,6066.1,1844.6,1842.8,1842.8,3649.2,3649.5,3650.1,2514.3,2513.4,2514.0,2871.4,2871.8,2870.8,26.670000,25.559999,going to home base
2024-04-13T04:05:09Z,2353.6,2352.8,2352.9,2586.0,2586.5,2586.4,5628.7,5628.3,5628.4,2320.4,2320.3,2321.2,3457.9,3457.4,3457.3,4354.8,4354.4,4354.2,6036.1,6036.1,6035.4,8556.5,8555.1,8555.6,5167.0,5166.7,5168.5,7383.8,7383.4,7382.5,6065.1,6067.1,6066.6,1844.5,1842.9,1843.0,3649.1,3648.9,3650.2,2514.0,2513.5,2513.7,2871.4,2871.6,2870.5,26.700001,25.590000,going to home base
2024-04-13T04:05:14Z,2352.9,2352.6,2352.7,2586.9,2586.6,2587.3,5629.4,5629.4,5629.4,2320.2,2320.5,2320.7,3457.6,3456.9,3457.0,4354.1,4354.2,4354.2,6032.3,6032.7,6034.9,8557.5,8556.5,8557.7,5167.6,5168.3,5169.4,7382.9,7382.6,7382.8,6068.2,6066.9,6067.4,1844.2,1842.5,1842.7,3648.9,3649.5,3650.7,2513.6,2513.4,2513.4,2872.1,2871.9,2871.8,26.730000,25.559999,going to home base
2024-04-13T04:05:19Z,2353.1,2352.7,2352.8,2586.9,2586.4,2587.3,5629.6,5628.8,5628.6,2320.8,2320.7,2320.9,3457.6,3457.6,3457.8,4354.5,4354.3,4354.7,6038.0,6036.9,6036.9,8559.1,8556.1,8555.9,5168.2,5168.5,5169.6,7385.4,7384.6,7384.6,6067.2,6067.7,6067.7,1843.1,1842.2,1842.2,3649.1,3649.6,3650.6,2514.5,2514.0,2513.9,2872.4,2871.8,2873.8,26.690001,25.600000,going to home base
2024-04-13T04:05:24Z,2352.5,2352.0,2352.4,2586.7,2586.0,2586.2,5629.1,5628.6,5629.1,2320.5,2320.6,2320.7,3457.2,3457.3,3456.7,4353.9,4354.0,4354.3,6037.6,6037.4,6037.8,8556.6,8558.7,8556.3,5168.5,5168.8,5169.1,7385.9,7384.1,7384.8,6066.7,6065.8,6066.5,1844.0,1842.5,1842.3,3649.6,3650.0,3650.7,2513.5,2512.9,2512.9,2873.5,2872.0,2872.4,26.719999,25.540001,going to home base
2024-04-13T04:05:29Z,2352.8,2352.2,2352.4,2586.4,2586.1,2586.3,5629.0,5628.4,5628.8,2320.4,2320.0,2320.5,3456.9,3456.5,3456.2,4353.7,4354.0,4354.0,6038.2,6038.2,6038.5,8559.0,8558.3,8562.9,5168.0,5168.7,5169.0,7388.5,7386.7,7387.5,6066.5,6066.1,6067.4,1843.9,1842.5,1842.4,3649.6,3649.1,3649.8,2514.7,2513.8,2513.3,2873.6,2873.4,2873.0,26.670000,25.549999,going to home base
2024-04-13T04:05:34Z,2352.4,2351.8,2352.0,2586.0,2586.2,2586.1,5629.3,5628.3,5628.5,2319.2,2319.7,2320.1,3456.3,3456.0,3455.3,4354.1,4354.1,4354.3,6040.1,6039.6,6039.4,8558.4,8561.2,8560.4,5167.2,5168.1,5168.0,7386.8,7384.3,7384.7,6067.8,6067.1,6067.5,1844.4,1843.0,1842.6,3649.3,3649.3,3649.9,2515.5,2514.4,2513.9,2873.2,2872.5,2872.9,26.690001,25.559999,going to home base
2024-04-13T04:05:39Z,2352.0,2351.5,2351.8,2585.9,2586.5,2586.5,5629.0,5628.7,5628.2,2320.2,2320.2,2320.2,3455.6,3455.5,3455.4,4353.9,4353.5,4353.3,6038.1,6037.8,6037.5,8555.9,8555.2,8556.2,5168.4,5166.8,5168.3,7386.9,7385.6,7385.5,6066.6,6066.3,6067.6,1844.4,1843.0,1843.0,3649.8,3649.5,3650.7,2515.3,2514.4,2514.6,2872.7,2871.7,2872.1,26.690001,25.610001,going to home base
2024-04-13T04:05:44Z,2352.9,2352.0,2352.6,2587.2,2586.9,2587.2,5628.8,5628.3,5628.7,2319.4,2319.7,2320.4,3456.5,3455.9,3456.4,4353.6,4353.2,4353.0,6036.8,6037.0,6037.3,8556.1,8557.6,8557.6,5167.1,5167.8,5168.2,7383.2,7384.9,7384.3,6066.9,6066.7,6067.3,1843.8,1842.7,1842.5,3648.4,3649.6,3650.0,2515.3,2514.6,2514.7,2873.1,2872.8,2872.9,26.700001,25.590000,going to home base
2024-04-13T04:05:49Z,2352.8,2351.8,2352.3,2586.0,2586.5,2587.5,5628.9,5629.0,5629.0,2320.3,2320.8,2321.4,3456.7,3456.2,3456.0,4353.7,4353.3,4353.4,6038.4,6037.3,6038.4,8555.4,8555.8,8557.5,5169.5,5168.2,5169.0,7383.8,7383.3,7382.6,6067.4,6068.3,6068.3,1843.6,1842.5,1842.6,3649.7,3649.1,3650.8,2515.2,2514.6,2514.7,2872.1,2871.1,2871.3,26.700001,25.580000,going to home base
2024-04-13T04:05:54Z,2353.5,2352.7,2352.9,2587.1,2587.5,2587.0,5628.8,5628.5,5628.4,2321.3,2321.2,2321.1,3456.3,3456.8,3456.0,4353.5,4353.8,4353.4,6037.5,6037.5,6038.7,8553.7,8555.0,8554.8,5168.0,5169.5,5169.9,7384.8,7383.0,7382.6,6068.2,6069.1,6067.3,1843.5,1842.2,1842.4,3649.0,3649.2,3649.8,2514.0,2513.4,2513.8,2874.1,2874.1,2874.2,26.670000,25.580000,going to home base
2024-04-13T04:05:59Z,2352.7,2352.2,2352.0,2586.6,2587.0,2586.9,5629.0,5628.7,5629.0,2321.5,2321.0,2321.4,3457.1,3456.6,3456.5,4353.8,4353.7,4353.6,6038.4,6038.5,6038.4,8556.6,8555.7,8555.8,5166.5,5166.6,5167.5,7383.7,7382.8,7383.0,6069.6,6069.0,6069.4,1844.0,1842.6,1842.3,3648.8,3648.9,3649.8,2514.0,2513.4,2513.7,2872.9,2872.7,2873.0,26.700001,25.600000,going to home base
2024-04-13T04:06:04Z,2353.1,2352.4,2352.6,2586.5,2586.6,2587.3,5629.0,5628.2,5628.3,2321.2,2321.1,2321.2,3457.2,3457.1,3457.1,4353.7,4353.9,4353.6,6038.4,6038.9,6039.6,8556.9,8554.5,8556.6,5168.5,5167.2,5169.6,7384.6,7384.1,7386.2,6070.5,6069.1,6070.3,1843.9,1842.8,1842.5,3649.0,3648.5,3649.7,2514.6,2513.8,2513.7,2873.1,2871.8,2871.3,26.700001,25.559999,going to home base
2024-04-13T04:06:09Z,2352.9,2351.8,2352.4,2586.7,2586.5,2586.7,5629.4,5629.3,5628.8,2321.0,2321.2,2321.0,3457.5,3457.5,3457.5,4353.6,4353.8,4353.6,6038.0,6037.9,6038.9,8557.3,8557.0,8557.9,5168.3,5167.2,5167.9,7385.0,7383.3,7383.9,6067.3,6067.2,6067.4,1843.8,1842.3,1842.5,3648.6,3648.7,3649.5,2514.6,2514.2,2514.0,2872.2,2872.7,2872.7,26.719999,25.540001,going to home base
2024-04-13T04:06:14Z,2353.1,2352.0,2352.1,2586.5,2586.6,2586.7,5628.8,5628.6,5628.5,2319.3,2319.5,2319.8,3456.6,3456.8,3456.7,4353.6,4353.2,4353.3,6038.5,6039.3,6039.2,8556.1,8556.3,8555.3,5167.8,5168.2,5168.8,7383.8,7384.5,7382.5,6065.1,6064.4,6065.5,1843.6,1842.0,1842.1,3649.5,3649.7,3650.2,2513.8,2513.8,2514.0,2873.1,2872.7,2871.8,26.690001,25.580000,going to home base
2024-04-13T04:06:19Z,2353.4,2352.7,2353.2,2586.2,2586.0,2586.2,5628.9,5629.0,5628.6,2319.7,2319.6,2320.0,3456.9,3456.3,3456.5,4353.3,4353.5,4353.0,6038.6,6037.8,6038.6,8557.7,8556.9,8559.7,5168.4,5167.0,5168.5,7385.8,7385.2,7384.1,6068.8,6068.7,6070.2,1843.7,1842.3,1842.4,3648.9,3648.9,3649.6,2514.0,2512.9,2513.3,2873.2,2873.2,2873.5,26.690001,25.570000,going to home base
2024-04-13T04:06:24Z,2352.5,2352.0,2352.1,2586.2,2586.1,2586.4,5629.2,5628.3,5628.4,2319.6,2320.0,2320.3,3455.8,3455.7,3456.0,4353.9,4354.0,4353.9,6039.2,6037.9,6038.2,8557.9,8557.7,8557.2,5167.0,5166.7,5167.6,7383.8,7382.8,7383.9,6066.4,6067.5,6068.0,1844.0,1842.4,1842.4,3649.6,3649.8,3650.1,2514.5,2513.1,2513.2,2873.3,2872.2,2872.5,26.670000,25.559999,going to home base
2024-04-13T04:06:29Z,2352.9,2352.3,2352.1,2586.2,2586.0,2586.5,5628.6,5628.3,5628.5,2319.8,2319.7,2320.5,3455.8,3456.0,3456.0,4353.8,4353.8,4353.8,6035.3,6035.6,6035.6,8557.3,8556.7,8557.9,5167.6,5166.7,5167.9,7383.5,7383.2,7382.8,6066.5,6065.5,6066.1,1843.6,1842.4,1842.3,3648.8,3648.7,3650.0,2514.0,2513.3,2513.6,2873.3,2873.2,2873.3,26.690001,25.540001,going to home base
2024-04-13T04:06:34Z,2353.1,2352.5,2352.0,2586.2,2586.2,2586.3,5628.6,5628.3,5628.5,2319.6,2319.9,2320.0,3456.5,3456.4,3456.8,4353.8,4352.9,4353.1,6037.5,6035.4,6035.7,8559.0,8559.2,8557.1,5168.7,5167.7,5168.5,7383.6,7384.3,7385.3,6068.6,6066.4,6068.0,1843.3,1841.8,1841.9,3649.2,3648.9,3650.2,2514.7,2514.0,2514.0,2871.3,2871.3,2871.5,26.670000,25.520000,going to home base
2024-04-13T04:06:39Z,2352.7,2352.0,2352.4,2586.7,2586.6,2587.1,5629.3,5628.3,5628.8,2319.8,2318.9,2319.8,3457.6,3457.3,3457.1,4353.4,4353.4,4353.5,6034.4,6032.4,6033.6,8557.3,8555.6,8555.1,5167.2,5167.6,5167.8,7382.2,7383.3,7383.8,6068.0,6066.5,6067.4,1843.9,1842.2,1842.2,3648.7,3648.6,3649.4,2514.0,2513.3,2513.4,2873.3,2873.9,2873.2,26.690001,25.520000,going to home base
2024-04-13T04:06:44Z,2352.9,2352.1,2352.5,2586.2,2586.1,2586.5,5629.6,5629.4,5629.2,2320.7,2320.7,2321.2,3456.3,3456.0,3456.6,4353.7,4353.1,4353.4,6035.6,6035.7,6036.7,8555.7,8556.3,8557.4,5168.2,5167.8,5168.2,7383.3,7383.2,7384.1,6066.9,6065.6,6065.4,1844.2,1842.9,1842.4,3649.1,3648.8,3650.0,2513.7,2512.7,2513.8,2871.6,2871.7,2871.8,26.690001,25.520000,going to home base
2024-04-13T04:06:49Z,2353.4,2352.4,2352.9,2586.3,2585.9,2586.1,5629.6,5628.9,5629.0,2320.5,2320.6,2320.7,3457.0,3456.4,3456.6,4353.6,4353.1,4353.1,6037.5,6037.2,6038.7,8554.7,8554.0,8553.9,5168.2,5167.1,5168.1,7383.7,7383.3,7383.5,6066.3,6066.7,6066.6,1843.3,1841.7,1842.4,3648.5,3648.4,3649.6,2514.3,2514.0,2513.9,2874.1,2873.5,2873.9,26.670000,25.480000,going to home base
2024-04-13T04:06:54Z,2352.9,2352.4,2352.9,2586.2,2586.0,2586.6,5628.8,5628.6,5629.0,2320.5,2320.1,2320.9,3456.5,3456.8,3456.8,4353.9,4353.9,4353.7,6035.5,6035.3,6036.0,8557.4,8556.8,8557.5,5168.2,5168.5,5169.0,7384.6,7383.8,7384.3,6064.1,6064.2,6066.6,1844.5,1843.1,1843.5,3648.9,3648.6,3649.6,2513.8,2512.8,2512.8,2872.9,2872.7,2872.3,26.690001,25.510000,going to home base
2024-04-13T04:06:59Z,2352.8,2352.2,2352.5,2586.1,2586.3,2586.4,5629.9,5629.7,5629.4,2320.3,2320.3,2320.7,3457.7,3457.6,3456.6,4353.7,4353.8,4353.9,6035.9,6036.0,6035.6,8557.6,8555.2,8555.8,5166.2,5167.4,5166.9,7386.2,7384.4,7385.7,6064.2,6063.6,6064.3,1843.1,1842.1,1842.0,3647.8,3647.9,3648.4,2514.0,2513.2,2513.2,2872.9,2872.9,2872.9,26.670000,25.549999,going to home base
2024-04-13T04:07:04Z,2353.7,2352.7,2353.1,2586.4,2586.5,2586.7,5628.8,5628.9,5628.8,2320.5,2320.6,2320.9,3456.7,3456.7,3456.6,4354.1,4353.6,4354.0,6034.1,6034.8,6034.7,8555.8,8558.5,8557.7,5168.5,5168.0,5168.5,7384.8,7383.7,7384.9,6067.5,6067.0,6067.5,1843.7,1842.2,1842.2,3648.1,3648.0,3648.7,2514.4,2514.1,2514.4,2873.2,2873.7,2873.9,26.690001,25.480000,going to home base
2024-04-13T04:07:09Z,2353.9,2353.0,2353.2,2586.8,2586.9,2586.9,5629.3,5628.2,5628.3,2320.2,2320.4,2321.0,3456.7,3456.0,3456.6,4353.9,4353.8,4353.4,6034.0,6033.9,6033.0,8556.1,8557.4,8554.2,5168.4,5168.5,5169.0,7385.7,7385.8,7384.5,6066.3,6067.7,6066.6,1843.8,1842.1,1842.3,3648.5,3648.3,3649.4,2514.6,2513.0,2513.8,2872.2,2871.2,2871.7,26.700001,25.490000,going to home base
2024-04-13T04:07:14Z,2352.7,2352.2,2352.2,2587.1,2586.9,2587.3,5628.5,5628.4,5628.0,2320.4,2320.5,2320.6,3457.6,3457.1,3456.8,4353.4,4353.3,4353.0,6034.6,6036.9,6034.8,8555.0,8554.6,8554.9,5167.6,5167.2,5168.4,7384.6,7384.2,7382.5,6067.4,6067.0,6067.0,1843.8,1842.4,1842.2,3648.3,3648.7,3649.5,2514.5,2513.2,2513.4,2873.9,2872.5,2873.1,26.700001,25.520000,going to home base
2024-04-13T04:07:19Z,2353.1,2352.4,2352.7,2586.5,2586.9,2587.1,5628.4,5628.2,5628.0,2320.0,2319.9,2320.6,3455.7,3456.1,3455.5,4353.6,4353.4,4352.8,6033.4,6033.8,6034.5,8554.7,8553.3,8552.9,5167.4,5166.7,5168.7,7383.8,7384.1,7385.5,6066.3,6066.5,6066.4,1843.6,1842.6,1842.4,3648.4,3648.4,3649.5,2513.5,2512.5,2512.8,2874.0,2872.9,2873.9,26.690001,25.540001,going to home base
2024-04-13T04:07:24Z,2352.6,2352.0,2352.3,2585.9,2586.2,2586.2,5628.8,5627.8,5628.8,2320.6,2320.7,2320.6,3455.6,3455.9,3455.4,4353.5,4352.9,4353.0,6034.6,6033.6,6034.2,8554.8,8555.6,8555.6,5166.7,5166.4,5166.5,7384.5,7384.7,7384.1,6068.8,6068.8,6067.7,1843.2,1842.1,1842.0,3647.6,3648.1,3649.2,2513.1,2512.7,2513.3,2874.3,2873.4,2873.6,26.670000,25.520000,going to home base
2024-04-13T04:07:29Z,2352.6,2351.9,2352.3,2586.6,2586.7,2586.9,5628.7,5628.0,5628.5,2320.8,2320.7,2321.1,3456.5,3456.4,3456.6,4352.8,4353.0,4353.8,6034.9,6035.1,6035.7,8555.4,8553.3,8556.2,5166.5,5166.6,5166.7,7385.4,7384.7,7384.7,6066.6,6066.4,6068.7,1843.9,1842.3,1842.1,3648.0,3648.1,3648.8,2514.1,2513.3,2513.5,2872.5,2872.6,2872.7,26.660000,25.490000,going to home base
2024-04-13T04:07:34Z,2353.0,2352.6,2352.7,2587.0,2586.3,2586.8,5629.0,5628.2,5628.0,2319.8,2319.6,2320.1,3456.9,3455.9,3456.4,4353.7,4353.4,4353.4,6035.7,6036.7,6035.5,8556.0,8555.8,8554.2,5167.2,5167.5,5167.5,7385.3,7384.6,7385.0,6067.5,6066.6,6066.6,1844.0,1842.3,1842.2,3648.4,3648.2,3649.7,2513.6,2512.6,2512.6,2872.8,2872.3,2873.3,26.719999,25.510000,going to home base
2024-04-13T04:07:39Z,2353.3,2352.8,2353.2,2586.5,2586.1,2587.3,5627.8,5627.6,5627.6,2320.3,2320.2,2320.2,3457.1,3456.8,3456.5,4353.2,4353.3,4352.9,6036.9,6035.9,6036.5,8558.0,8556.1,8556.4,5167.2,5167.2,5167.9,7382.8,7381.8,7382.8,6066.4,6065.7,6067.2,1843.6,1842.3,1841.7,3647.5,3647.5,3648.8,2513.9,2513.0,2512.6,2872.0,2870.9,2872.0,26.690001,25.490000,going to home base
2024-04-13T04:07:44Z,2353.3,2352.9,2352.8,2586.0,2585.9,2586.3,5628.8,5628.3,5628.6,2319.8,2319.6,2320.0,3455.5,3455.5,3455.7,4353.2,4353.0,4353.2,6033.8,6035.3,6034.7,8555.2,8556.0,8556.3,5168.5,5169.0,5169.1,7382.9,7383.0,7382.3,6064.8,6065.1,6066.4,1844.2,1842.1,1842.0,3647.3,3647.5,3648.1,2513.6,2512.7,2512.4,2872.6,2871.3,2871.7,26.690001,25.490000,going to home base
2024-04-13T04:07:54Z,2352.9,2352.7,2352.7,2586.4,2586.1,2586.2,5627.9,5627.4,5627.4,2320.1,2320.3,2320.4,3455.7,3456.3,3455.9,4352.7,4352.5,4352.4,6036.3,6035.0,6037.0,8556.9,8557.1,8556.9,5167.3,5167.2,5168.3,7383.6,7384.8,7384.9,6064.8,6064.6,6065.5,1843.5,1842.0,1841.9,3648.3,3648.5,3649.2,2514.1,2513.2,2513.5,2872.0,2871.8,2871.6,26.639999,25.549999,going to home base
2024-04-13T04:07:59Z,2353.2,2352.6,2353.0,2585.7,2585.3,2585.5,5627.8,5627.2,5627.9,2320.8,2319.8,2320.4,3456.1,3455.9,3456.2,4352.7,4352.8,4352.8,6038.4,6036.6,6036.9,8556.5,8555.8,8554.4,5167.7,5167.6,5169.0,7383.6,7382.4,7384.4,6064.6,6064.7,6065.8,1842.8,1841.7,1841.6,3648.1,3648.3,3648.4,2513.6,2513.1,2513.2,2872.6,2872.4,2871.6,26.660000,25.459999,going to home base
2024-04-13T04:08:04Z,2353.6,2353.2,2353.2,2586.4,2586.3,2587.1,5628.4,5627.9,5627.7,2319.6,2319.9,2320.4,3455.8,3455.5,3455.6,4352.7,4352.6,4352.9,6035.0,6034.1,6035.5,8556.8,8556.7,8558.1,5168.7,5167.5,5167.7,7383.5,7383.0,7382.2,6065.3,6064.0,6066.1,1843.1,1841.6,1841.4,3647.7,3647.8,3649.0,2514.1,2513.1,2513.6,2872.8,2872.3,2872.6,26.690001,25.510000,going to home base
2024-04-13T04:08:09Z,2353.0,2352.2,2352.4,2586.5,2586.4,2586.8,5628.3,5627.8,5627.8,2320.3,2320.3,2320.6,3455.4,3454.0,3454.1,4353.6,4353.3,4353.0,6036.3,6036.3,6035.4,8557.1,8557.2,8557.6,5167.7,5167.7,5167.3,7383.3,7384.0,7383.0,6066.6,6065.9,6065.9,1843.3,1841.9,1841.9,3647.7,3647.6,3648.8,2514.2,2513.4,2513.3,2872.4,2872.4,2872.4,26.670000,25.510000,going to home base
2024-04-13T04:08:14Z,2352.6,2352.2,2352.5,2586.1,2585.8,2586.4,5628.3,5627.6,5628.1,2320.2,2320.2,2320.7,3456.2,3456.0,3455.9,4352.9,4352.8,4352.9,6033.6,6033.1,6034.8,8555.4,8555.2,8555.6,5168.0,5167.1,5167.5,7383.5,7382.1,7380.9,6065.2,6065.0,6065.7,1843.4,1842.1,1841.9,3647.7,3647.8,3648.5,2514.6,2513.5,2513.5,2871.7,2871.1,2871.2,26.670000,25.540001,going to home base
2024-04-13T04:08:19Z,2353.0,2352.6,2352.3,2585.8,2586.0,2586.4,5627.8,5627.2,5627.4,2320.0,2320.2,2320.7,3455.5,3454.7,3455.1,4353.2,4353.1,4353.1,6035.5,6033.7,6032.3,8555.0,8556.7,8553.5,5167.2,5167.8,5168.6,7386.8,7385.2,7384.4,6066.3,6065.2,6065.9,1843.4,1841.8,1841.8,3647.9,3647.9,3649.3,2514.2,2513.7,2513.6,2871.6,2871.9,2871.4,26.700001,25.520000,going to home base
2024-04-13T04:08:24Z,2352.5,2351.8,2352.0,2586.5,2586.3,2586.7,5627.2,5626.8,5626.8,2320.2,2320.1,2320.5,3456.4,3455.8,3454.9,4353.1,4353.2,4352.9,6034.0,6033.1,6033.1,8558.5,8557.4,8554.2,5168.3,5167.7,5168.7,7384.2,7383.3,7383.6,6065.3,6063.8,6066.1,1843.3,1842.0,1841.9,3648.4,3647.9,3648.8,2513.4,2512.6,2512.4,2873.2,2872.7,2872.6,26.700001,25.520000,going to home base
2024-04-13T04:08:29Z,2352.8,2352.4,2352.7,2585.8,2585.9,2586.0,5627.9,5627.3,5627.9,2320.2,2320.5,2320.9,3456.1,3455.3,3455.8,4352.8,4353.0,4352.5,6034.4,6034.6,6034.3,8556.4,8557.1,8555.8,5165.4,5165.8,5166.9,7384.4,7382.6,7383.2,6066.7,6066.5,6067.0,1843.4,1842.1,1841.8,3647.6,3647.7,3648.3,2513.6,2513.0,2513.1,2871.9,2870.0,2870.5,26.690001,25.490000,going to home base
2024-04-13T04:08:34Z,2352.9,2351.9,2352.4,2586.1,2586.0,2586.1,5627.9,5627.5,5627.8,2319.2,2318.9,2320.1,3456.4,3456.5,3456.1,4353.3,4353.0,4353.0,6035.6,6035.4,6034.2,8555.0,8555.1,8556.0,5166.1,5165.5,5166.3,7384.1,7384.4,7384.2,6063.9,6063.6,6064.9,1843.4,1842.0,1841.6,3648.4,3648.3,3649.1,2513.9,2512.9,2512.9,2871.1,2870.4,2870.8,26.700001,25.510000,going to home base
2024-04-13T04:08:44Z,2352.7,2352.3,2352.4,2586.3,2586.4,2586.2,5628.8,5627.7,5628.1,2321.0,2320.8,2321.6,3456.1,3456.5,3455.8,4352.7,4353.1,4352.6,6032.9,6032.6,6031.9,8552.7,8553.2,8553.8,5164.5,5164.6,5164.7,7382.2,7382.0,7382.1,6068.3,6066.9,6067.5,1843.7,1842.0,1842.1,3647.6,3647.8,3648.6,2513.5,2513.3,2512.9,2872.7,2871.9,28start,2352.2,2351.5,going to home base
2024-04-13T04:08:54Z,2352.8,2351.7,2352.0,2585.6,2585.4,2586.3,5628.6,5628.4,5628.2,2319.9,2319.6,2320.3,3457.0,3456.9,3456.9,4352.8,4352.5,4352.8,6033.6,6032.5,6034.3,8554.0,8555.5,8555.0,5168.5,5167.0,5167.6,7381.5,7380.4,7380.7,6065.9,6065.0,6065.5,1843.6,1842.4,1842.6,3647.9,3647.7,3648.4,2514.4,2512.9,2513.5,2872.6,2872.2,2872.2,26.670000,25.530001,going to home base
2024-04-13T04:08:59Z,2352.2,2351.9,2351.9,2586.1,2585.9,2586.3,5627.9,5627.7,5627.9,2320.4,2320.2,2320.6,3456.7,3456.7,3456.5,4353.1,4352.6,4352.7,6034.5,6033.5,6033.0,8552.8,8554.3,8553.0,5166.9,5166.1,5166.3,7382.9,7381.7,7381.7,6066.5,6065.9,6066.2,1843.6,1842.4,1842.4,3647.7,3648.1,3648.4,2513.6,2512.2,2512.5,2872.9,2872.5,2872.3,26.660000,25.540001,going to home base
2024-04-13T04:09:04Z,2352.4,2352.0,2352.2,2585.4,2585.5,2585.7,5628.2,5627.4,5627.6,2320.9,2320.4,2320.7,3456.4,3455.0,3454.6,4352.9,4352.8,4352.8,6034.4,6033.4,6033.4,8554.1,8553.8,8552.0,5166.6,5165.7,5166.6,7380.2,7380.1,7379.1,6065.0,6066.9,6066.9,1843.4,1841.9,1841.7,3647.9,3648.0,3648.6,2513.2,2513.2,2513.0,2872.1,2871.6,2871.9,26.670000,25.520000,going to home base
2024-04-13T04:09:09Z,2352.5,2351.8,2351.9,2585.2,2585.3,2585.6,5627.9,5627.5,5627.6,2320.3,2320.2,2320.7,3456.1,3455.6,3455.8,4352.4,4352.1,4352.3,6032.3,6032.8,6032.4,8554.1,8556.5,8555.2,5168.0,5166.6,5167.7,7382.0,7381.0,7381.4,6064.7,6063.9,6065.1,1843.9,1842.5,1842.4,3648.3,3648.4,3649.1,2513.6,2513.2,2513.4,2870.3,2870.7,2870.7,26.690001,25.520000,going to home base
2024-04-13T04:09:14Z,2352.3,2351.4,2351.4,2585.9,2585.9,2585.9,5628.0,5627.5,5627.5,2319.6,2320.0,2320.1,3456.4,3456.4,3455.6,4353.3,4352.8,4352.6,6033.0,6033.0,6033.8,8555.6,8553.4,8555.5,5166.4,5166.5,5167.3,7381.7,7381.2,7380.4,6066.4,6066.2,6068.5,1843.4,1842.0,1841.7,3647.3,3647.3,3647.9,2513.8,2512.8,2512.9,2871.1,2871.2,2871.6,26.700001,25.549999,going to home base
2024-04-13T04:09:19Z,2351.6,2350.7,2351.2,2585.8,2585.8,2586.0,5627.6,5627.1,5627.5,2320.1,2319.8,2320.6,3456.0,3455.5,3454.7,4353.2,4353.1,4353.5,6033.3,6032.9,6032.2,8558.6,8554.3,8555.0,5166.9,5166.5,5166.6,7382.9,7383.4,7384.2,6065.2,6067.0,6067.7,1843.4,1842.1,1841.7,3647.0,3647.5,3648.6,2514.0,2512.8,2513.2,2871.8,2871.7,2871.4,26.670000,25.520000,going to home base
2024-04-13T04:09:24Z,2351.7,2351.3,2351.6,2585.9,2585.8,2586.6,5627.6,5627.4,5627.6,2320.1,2319.6,2319.9,3455.2,3454.7,3454.6,4352.1,4352.2,4351.9,6032.2,6032.3,6033.2,8552.1,8551.9,8552.1,5166.9,5167.7,5167.3,7383.7,7382.1,7382.7,6067.5,6065.9,6065.9,1843.5,1841.8,1842.3,3647.4,3647.2,3648.5,2513.3,2512.4,2512.4,2871.8,2871.1,2870.7,26.690001,25.540001,going to home base
2024-04-13T04:09:29Z,2352.3,2351.5,2351.9,2585.4,2585.7,2585.5,5627.8,5627.3,5627.6,2319.8,2319.9,2320.4,3455.2,3455.2,3455.2,4352.6,4352.5,4352.7,6032.5,6032.5,6033.9,8558.3,8555.6,8554.1,5166.4,5167.2,5167.2,7383.7,7382.9,7382.5,6065.3,6066.1,6065.6,1843.5,1842.0,1842.0,3647.6,3647.7,3648.4,2513.0,2513.3,2512.5,2871.3,2870.5,2871.5,26.670000,25.540001,going to home base
2024-04-13T04:09:34Z,2352.6,2352.0,2352.1,2585.9,2585.7,2586.3,5627.6,5627.6,5627.7,2320.3,2320.0,2320.5,3454.5,3454.0,3454.3,4352.4,4352.4,4352.3,6033.2,6033.8,6034.6,8555.0,8555.9,8556.0,5166.8,5165.8,5167.6,7383.5,7382.9,7383.5,6068.7,6067.8,6066.3,1843.1,1842.0,1842.1,3648.0,3647.6,3648.5,2513.3,2512.5,2512.8,2870.8,2870.9,2870.9,26.660000,25.510000,going to home base
2024-04-13T04:09:39Z,2352.9,2352.1,2352.2,2585.5,2585.3,2585.8,5627.9,5627.1,5627.0,2319.7,2319.6,2320.3,3454.1,3454.2,3454.1,4352.4,4352.2,4352.4,6032.6,6030.7,6031.8,8557.3,8553.2,8553.4,5166.2,5165.6,5167.6,7384.3,7384.9,7382.7,6066.1,6065.3,6066.3,1843.4,1841.9,1842.2,3647.1,3647.4,3648.1,2513.4,2512.6,2512.7,2872.6,2871.4,2871.5,26.670000,25.520000,going to home base
2024-04-13T04:09:44Z,2352.7,2351.8,2352.2,2584.9,2585.4,2585.5,5627.5,5627.0,5627.3,2319.2,2319.2,2319.9,3455.1,3455.2,3455.0,4352.3,4352.4,4352.4,6031.9,6031.1,6032.3,8555.1,8553.2,8551.9,5166.3,5165.2,5165.8,7383.8,7384.7,7382.9,6066.3,6065.9,6065.3,1843.3,1842.1,1842.0,3647.1,3647.4,3648.1,2513.3,2512.5,2513.2,2871.3,2870.0,2871.0,26.670000,25.510000,going to home base
2024-04-13T04:09:49Z,2352.9,2352.5,2352.7,2585.5,2585.4,2585.8,5627.8,5627.1,5627.4,2320.5,2320.4,2320.6,3455.1,3455.0,3454.6,4352.7,4352.6,4352.7,6030.7,6029.8,6030.1,8555.3,8552.4,8554.9,5165.6,5165.9,5165.9,7382.5,7382.7,7383.0,6065.5,6066.4,6067.1,1843.3,1841.9,1841.7,3647.0,3647.1,3648.1,2514.1,2513.3,2513.5,2872.5,2871.8,2872.4,26.670000,25.480000,going to home base
2024-04-13T04:09:54Z,2352.7,2352.1,2352.2,2585.4,2584.9,2585.3,5628.0,5627.4,5627.7,2320.0,2320.2,2321.1,3455.3,3454.8,3454.9,4352.8,4353.1,4353.0,6035.1,6033.8,6035.5,8555.3,8556.7,8554.7,5165.6,5165.6,5167.8,7383.3,7382.5,7382.6,6065.9,6066.4,6066.2,1843.2,1842.2,1842.0,3647.5,3647.7,3648.6,2513.4,2513.5,2513.0,2870.6,2870.4,2871.2,26.700001,25.549999,going to home base
2024-04-13T04:09:59Z,2352.8,2351.9,2352.3,2585.1,2584.9,2585.1,5627.6,5627.2,5627.2,2319.6,2319.9,2320.5,3455.7,3455.0,3455.0,4352.5,4352.5,4352.5,6034.5,6033.5,6033.6,8553.4,8553.5,8553.8,5166.7,5166.2,5166.3,7383.3,7381.7,7381.6,6065.3,6065.5,6067.1,1842.8,1841.3,1841.2,3647.0,3647.1,3648.2,2514.0,2513.3,2513.7,2872.0,2871.1,2871.8,26.700001,25.520000,going to home base
2024-04-13T04:10:04Z,2352.9,2352.3,2352.4,2585.3,2584.8,2585.4,5627.3,5627.2,5627.3,2319.6,2319.8,2320.3,3454.1,3453.5,3453.7,4352.0,4352.3,4352.0,6034.3,6033.5,6032.9,8557.4,8553.5,8555.9,5167.0,5166.7,5167.4,7381.7,7382.3,7381.9,6065.9,6066.0,6066.7,1843.4,1842.0,1841.5,3646.9,3647.2,3647.9,2512.7,2512.1,2512.3,2871.9,2870.9,2871.5,26.690001,25.540001,going to home base
2024-04-13T04:10:09Z,2352.6,2351.9,2352.1,2584.8,2584.2,2584.6,5627.8,5627.1,5627.4,2319.4,2319.8,2320.3,3454.1,3454.0,3454.6,4353.4,4353.0,4352.5,6034.7,6035.0,6034.9,8554.8,8551.4,8551.0,5165.5,5164.5,5165.9,7381.4,7381.7,7381.8,6068.6,6069.2,6068.9,1842.8,1841.7,1841.5,3647.0,3646.8,3648.2,2513.0,2512.2,2512.6,2872.1,2871.8,2871.7,26.660000,25.510000,going to home base
2024-04-13T04:10:14Z,2352.7,2352.2,2351.9,2584.6,2585.1,2585.4,5628.0,5627.3,5627.6,2319.7,2319.5,2319.9,3454.7,3454.5,3455.0,4352.5,4352.5,4352.9,6034.3,6033.2,6035.0,8552.0,8553.0,8553.5,5163.9,5163.8,5164.7,7380.2,7381.3,7381.1,6068.2,6067.8,6067.6,1843.4,1842.1,1842.0,3647.0,3647.1,3647.8,2513.5,2512.4,2512.7,2871.8,2870.6,2871.3,26.670000,25.480000,going to home base
2024-04-13T04:10:19Z,2352.1,2351.5,2352.0,2585.0,2584.6,2584.8,5627.4,5627.4,5627.4,2319.5,2320.1,2320.1,3455.4,3454.9,3454.8,4352.9,4352.7,4353.1,6033.2,6032.5,6033.3,8553.2,8553.6,8553.2,5166.0,5164.6,5165.1,7383.4,7382.6,7382.3,6066.3,6067.0,6067.9,1843.1,1842.1,1841.9,3647.1,3647.6,3648.3,2513.2,2513.0,2512.8,2871.9,2871.7,2872.7,26.660000,25.480000,going to home base
2024-04-13T04:10:24Z,2352.8,2351.7,2351.7,2584.6,2584.5,2585.0,5627.7,5627.4,5626.8,2320.7,2320.9,2321.0,3455.7,3454.5,3454.5,4352.2,4351.9,4352.5,6035.6,6033.9,6033.4,8551.2,8551.4,8551.1,5168.1,5167.4,5168.9,7383.0,7382.8,7382.5,6065.9,6064.7,6065.6,1843.1,1841.9,1841.8,3648.2,3647.2,3648.9,2513.0,2512.1,2512.3,2871.1,2870.7,2871.5,26.670000,25.510000,going to home base
2024-04-13T04:10:29Z,2352.3,2351.9,2351.5,2585.0,2584.8,2585.7,5627.3,5626.9,5626.7,2320.3,2320.3,2320.8,3454.7,3454.3,3455.0,4352.8,4352.2,4352.5,6032.7,6031.3,6031.9,8553.6,8550.9,8551.0,5167.0,5166.9,5168.8,7382.9,7383.2,7382.6,6064.6,6063.9,6064.9,1843.1,1841.8,1842.0,3647.4,3647.4,3648.2,2513.0,2512.4,2513.0,2871.1,2869.6,2870.9,26.660000,25.510000,going to home base
2024-04-13T04:10:34Z,2352.4,2351.6,2351.5,2585.6,2585.3,2586.2,5627.5,5627.2,5627.2,2320.2,2320.2,2320.7,3455.2,3454.3,3454.1,4353.0,4352.4,4352.4,6033.2,6032.9,6033.0,8553.6,8554.1,8555.5,5165.4,5165.8,5167.2,7382.9,7382.4,7381.4,6066.0,6068.0,6066.9,1842.8,1841.4,1841.3,3647.7,3647.3,3648.3,2512.6,2511.3,2511.5,2871.1,2870.6,2871.0,26.670000,25.490000,going to home base
2024-04-13T04:10:39Z,2352.4,2351.6,2351.9,2585.7,2585.5,2585.3,5628.0,5627.1,5627.6,2320.1,2319.8,2320.3,3454.7,3454.0,3454.0,4352.4,4352.7,4352.5,6031.6,6031.7,6033.2,8553.2,8554.8,8556.2,5167.3,5166.9,5167.4,7384.8,7384.0,7383.3,6068.2,6066.5,6067.1,1843.0,1841.7,1841.5,3647.8,3648.0,3648.3,2512.3,2511.1,2511.2,2871.4,2870.8,2871.2,26.690001,25.490000,going to home base
2024-04-13T04:10:44Z,2352.2,2351.5,2351.7,2585.2,2585.6,2585.1,5627.3,5626.7,5626.7,2319.9,2319.7,2320.1,3454.7,3454.4,3454.1,4351.9,4352.3,4352.2,6034.1,6033.3,6035.0,8552.9,8552.6,8552.5,5166.7,5166.5,5166.0,7383.9,7380.3,7382.2,6067.7,6065.6,6066.0,1843.3,1841.8,1841.6,3646.8,3647.1,3647.9,2512.1,2512.2,2512.3,2871.7,2871.0,2871.5,26.660000,25.520000,going to home base
2024-04-13T04:10:49Z,2352.0,2351.9,2351.9,2585.6,2585.2,2585.8,5627.1,5626.5,5626.8,2320.4,2320.2,2320.2,3454.6,3454.5,3454.2,4351.8,4351.8,4351.9,6033.7,6033.5,6034.5,8552.7,8550.6,8550.8,5166.4,5166.0,5167.5,7385.1,7385.6,7385.2,6066.4,6066.6,6067.2,1843.1,1841.6,1841.7,3647.8,3648.0,3648.8,2512.0,2511.7,2512.3,2870.8,2870.2,2870.8,26.639999,25.480000,going to home base
2024-04-13T04:10:54Z,2352.3,2351.4,2351.9,2585.8,2585.6,2585.5,5627.5,5627.6,5627.4,2320.1,2319.7,2320.2,3455.7,3455.7,3454.8,4352.1,4352.1,4351.9,6033.9,6033.7,6035.0,8552.8,8554.0,8558.8,5166.7,5166.7,5166.0,7386.0,7384.7,7384.1,6066.9,6064.6,6067.2,1843.2,1841.9,1841.7,3646.9,3646.8,3647.5,2512.0,2511.8,2511.7,2872.2,2871.2,2871.5,26.629999,25.459999,going to home base
2024-04-13T04:10:59Z,2352.5,2351.6,2352.0,2585.6,2585.2,2585.8,5628.3,5627.3,5627.8,2320.1,2319.6,2320.3,3455.2,3454.7,3454.5,4352.3,4351.8,4352.0,6034.8,6036.0,6035.3,8550.9,8555.7,8554.7,5166.5,5166.3,5166.2,7385.8,7384.3,7385.2,6068.2,6067.3,6067.3,1843.1,1841.7,1841.7,3648.5,3648.5,3648.7,2512.9,2511.8,2511.2,2872.1,2872.0,2871.9,26.660000,25.480000,going to home base
2024-04-13T04:11:04Z,2352.2,2351.8,2351.9,2585.5,2585.6,2585.4,5627.6,5627.5,5627.2,2319.8,2319.9,2320.1,3454.9,3454.7,3454.1,4352.1,4352.4,4351.7,6036.0,6032.9,6033.9,8553.0,8553.2,8556.0,5166.0,5164.5,5166.4,7383.9,7383.0,7383.6,6067.7,6067.0,6068.5,1843.0,1841.8,1841.6,3647.0,3647.2,3648.4,2513.2,2512.0,2512.1,2872.3,2871.4,2871.8,26.660000,25.459999,going to home base
2024-04-13T04:11:09Z,2352.3,2351.4,2351.5,2585.5,2585.2,2585.7,5627.4,5627.5,5627.3,2320.1,2319.6,2320.3,3454.6,3454.0,3454.1,4351.9,4352.2,4351.8,6033.4,6032.9,6033.0,8552.7,8553.0,8552.6,5168.1,5167.2,5168.2,7383.8,7384.4,7384.8,6064.9,6066.1,6066.6,1843.4,1841.9,1841.5,3647.5,3646.8,3647.6,2513.2,2512.5,2512.4,2871.9,2872.1,2872.0,26.690001,25.510000,going to home base
2024-04-13T04:11:14Z,2352.0,2351.5,2351.7,2585.1,2585.2,2585.5,5627.5,5626.7,5626.8,2319.8,2319.3,2319.8,3454.9,3454.7,3454.6,4352.7,4352.0,4352.4,6034.0,6032.6,6032.8,8553.3,8552.9,8552.1,5166.1,5165.3,5166.0,7382.0,7380.9,7382.0,6063.4,6064.1,6065.1,1844.0,1841.9,1842.0,3646.9,3646.6,3648.0,2513.1,2512.3,2511.6,2870.9,2870.3,2870.0,26.670000,25.480000,going to home base
2024-04-13T04:11:19Z,2352.3,2352.0,2351.7,2585.9,2585.4,2586.1,5627.0,5626.3,5626.5,2320.0,2320.2,2320.3,3454.6,3454.7,3454.4,4352.5,4352.2,4352.6,6033.8,6033.7,6033.5,8551.7,8549.5,8550.0,5166.6,5166.7,5167.2,7384.4,7384.1,7382.8,6065.0,6064.7,6064.9,1843.5,1842.0,1842.4,3647.0,3647.4,3648.4,2513.6,2512.6,2512.7,2870.8,2871.2,2871.1,26.660000,25.459999,going to home base
2024-04-13T04:11:24Z,2352.1,2351.4,2351.7,2585.9,2585.1,2586.3,5627.3,5626.8,5626.9,2320.7,2320.6,2320.9,3455.7,3455.1,3455.2,4352.2,4351.9,4351.8,6033.0,6032.3,6032.7,8552.4,8550.8,8551.0,5166.1,5165.5,5166.3,7382.7,7382.2,7382.7,6062.4,6062.4,6064.0,1843.1,1842.1,1841.5,3647.2,3647.7,3647.8,2513.2,2512.3,2512.3,2871.7,2871.5,2871.4,26.670000,25.490000,going to home base
2024-04-13T04:11:29Z,2352.0,2352.0,2351.8,2585.7,2585.8,2586.0,5626.9,5626.6,5626.3,2319.9,2320.0,2320.1,3455.5,3455.5,3455.1,4351.8,4352.1,4352.0,6034.4,6033.7,6034.5,8554.1,8553.0,8551.7,5165.2,5164.7,5166.2,7383.0,7382.1,7380.3,6065.6,6065.1,6065.1,1843.2,1841.9,1841.9,3647.5,3647.4,3648.6,2512.7,2511.8,2512.4,2873.1,2872.3,2872.2,26.660000,25.520000,going to home base
2024-04-13T04:11:34Z,2352.1,2351.5,2351.8,2584.8,2584.7,2585.2,5626.8,5626.9,5627.8,2320.4,2319.8,2320.3,3455.7,3455.1,3455.2,4352.0,4351.6,4351.7,6033.6,6032.5,6032.3,8552.6,8552.1,8555.4,5166.8,5167.1,5168.3,7381.7,7380.7,7380.8,6064.3,6065.1,6066.3,1843.5,1842.4,1842.0,3647.8,3648.1,3648.7,2511.9,2511.1,2511.4,2870.9,2869.7,2870.4,26.660000,25.490000,going to home base
2024-04-13T04:11:39Z,2352.6,2352.2,2352.5,2584.8,2584.9,2585.0,5626.8,5626.6,5626.8,2320.2,2320.0,2320.7,3454.7,3454.4,3454.3,4352.2,4351.9,4352.2,6033.0,6031.5,6032.1,8551.4,8551.1,8550.2,5165.8,5165.0,5166.6,7384.0,7383.6,7382.0,6067.9,6066.2,6066.0,1843.0,1841.8,1841.6,3646.5,3647.0,3647.8,2512.6,2511.6,2512.0,2872.1,2871.7,2871.9,26.670000,25.530001,going to home base
2024-04-13T04:11:44Z,2351.7,2351.3,2351.6,2585.6,2585.5,2585.8,5627.2,5627.0,5627.1,2320.5,2320.6,2320.9,3455.4,3454.6,3454.9,4351.7,4351.4,4351.5,6033.1,6033.8,6032.9,8553.8,8550.4,8550.1,5166.7,5167.5,5167.1,7381.7,7380.8,7381.5,6064.2,6064.3,6064.5,1843.7,1842.1,1841.7,3646.3,3646.6,3647.4,2512.6,2512.3,2511.9,2872.2,2871.1,2871.3,26.670000,25.510000,going to home base
2024-04-13T04:11:49Z,2352.5,2351.3,2351.7,2585.6,2585.4,2585.8,5627.2,5626.8,5626.7,2320.4,2320.7,2321.0,3455.0,3454.4,3455.0,4351.9,4351.9,4351.9,6034.0,6034.3,6033.7,8551.0,8551.3,8550.7,5166.6,5166.2,5167.0,7382.5,7381.4,7381.6,6066.5,6066.7,6067.7,1843.4,1841.9,1841.7,3647.0,3647.0,3647.7,2512.3,2512.0,2511.7,2872.1,2871.6,2872.4,26.660000,25.520000,going to home base
2024-04-13T04:11:54Z,2352.4,2351.8,2352.0,2585.2,2585.0,2585.3,5627.9,5627.0,5627.2,2320.5,2319.8,2320.7,3455.4,3455.0,3454.9,4351.6,4351.2,4351.6,6031.6,6031.1,6032.6,8556.1,8552.9,8555.3,5166.4,5165.5,5168.1,7381.3,7381.3,7382.2,6063.4,6064.2,6064.9,1843.4,1841.7,1841.9,3647.1,3647.5,3648.0,2512.6,2511.9,2512.3,2871.8,2871.7,2871.9,26.690001,25.549999,going to home base
2024-04-13T04:11:59Z,2352.7,2351.9,2351.9,2584.6,2584.9,2584.9,5627.7,5626.7,5626.7,2320.3,2320.0,2320.5,3455.0,3454.9,3454.8,4352.0,4351.8,4351.8,6031.3,6031.8,6033.0,8551.0,8550.4,8550.9,5165.7,5166.1,5166.8,7381.4,7380.8,7381.3,6062.8,6063.2,6063.4,1842.9,1841.6,1841.7,3646.8,3647.1,3647.9,2513.6,2512.6,2512.8,2870.8,2870.2,2870.7,26.660000,25.540001,going to home base
2024-04-13T04:12:04Z,2353.2,2352.6,2352.5,2584.6,2584.3,2584.9,5627.1,5627.1,5627.0,2320.0,2320.0,2320.3,3454.6,3454.5,3454.7,4352.4,4351.8,4351.8,6032.3,6029.9,6031.1,8552.1,8550.8,8552.3,5166.1,5166.0,5167.2,7383.2,7383.2,7381.5,6065.1,6065.0,6065.8,1843.7,1842.6,1842.3,3647.4,3647.3,3648.1,2513.8,2512.9,2512.9,2871.4,2870.8,2870.5,26.670000,25.520000,going to home base
2024-04-13T04:12:09Z,2352.8,2352.2,2352.5,2585.0,2585.2,2585.5,5627.8,5626.7,5627.1,2320.0,2320.1,2319.9,3455.5,3455.5,3455.4,4352.3,4352.3,4351.9,6032.8,6031.9,6032.4,8549.8,8550.4,8550.9,5165.5,5165.9,5166.8,7381.0,7380.2,7381.4,6065.6,6066.5,6067.3,1843.2,1841.5,1841.6,3647.0,3647.5,3648.0,2513.5,2512.3,2512.7,2872.3,2871.2,2872.0,26.660000,25.490000,going to home base
2024-04-13T04:12:14Z,2352.9,2352.0,2352.4,2585.4,2585.3,2585.8,5627.8,5627.0,5627.1,2319.5,2319.6,2319.8,3455.7,3455.0,3454.6,4352.1,4351.9,4351.7,6032.7,6032.5,6032.8,8551.6,8551.8,8551.0,5167.1,5166.8,5166.5,7381.1,7381.2,7380.6,6064.6,6063.9,6065.6,1843.3,1841.7,1841.3,3647.4,3647.4,3648.4,2512.7,2511.9,2511.6,2871.1,2870.0,2870.6,26.660000,25.490000,going to home base
2024-04-13T04:12:19Z,2352.2,2351.5,2351.7,2585.1,2584.8,2585.3,5627.0,5627.0,5626.8,2319.4,2319.6,2320.3,3455.0,3455.0,3454.5,4352.0,4351.6,4351.7,6033.7,6032.9,6032.9,8552.4,8552.2,8552.5,5165.5,5165.4,5166.5,7382.9,7382.0,7381.7,6065.0,6065.4,6065.9,1843.4,1842.2,1842.2,3647.5,3647.8,3648.2,2512.1,2510.8,2511.4,2871.6,2871.0,2871.4,26.660000,25.510000,going to home base
2024-04-13T04:12:24Z,2352.5,2351.8,2351.9,2585.3,2585.2,2585.3,5627.2,5627.4,5627.4,2320.1,2319.7,2320.3,3455.4,3454.3,3454.8,4351.9,4351.8,4351.5,6033.3,6033.5,6034.1,8552.0,8552.1,8553.0,5167.8,5167.7,5168.0,7380.3,7379.7,7378.9,6066.6,6064.8,6064.2,1843.9,1842.4,1841.9,3647.3,3646.5,3647.7,2512.8,2511.7,2511.4,2870.6,2870.7,2870.9,26.660000,25.510000,going to home base
2024-04-13T04:12:29Z,2352.4,2351.8,2352.2,2585.6,2584.9,2585.3,5627.4,5627.0,5627.1,2320.1,2320.3,2321.5,3456.1,3455.4,3455.2,4352.5,4351.9,4352.3,6034.4,6033.4,6034.1,8551.9,8550.5,8551.5,5167.6,5166.2,5167.6,7382.0,7381.4,7380.2,6067.1,6066.7,6067.2,1843.9,1842.4,1842.4,3647.8,3648.2,3648.6,2512.2,2512.5,2512.2,2871.0,2870.6,2871.0,26.670000,25.459999,going to home base
2024-04-13T04:12:34Z,2352.5,2351.7,2351.8,2585.3,2584.7,2585.7,5627.4,5626.8,5627.0,2320.6,2320.8,2320.5,3455.2,3455.3,3454.7,4351.6,4351.9,4351.7,6035.2,6035.8,6035.0,8553.4,8553.6,8552.9,5165.9,5166.9,5166.8,7381.5,7380.2,7380.9,6067.6,6066.6,6068.1,1843.2,1841.7,1841.7,3647.9,3648.1,3649.2,2512.7,2511.5,2511.9,2870.4,2869.5,2870.5,26.670000,25.480000,going to home base
2024-04-13T04:12:39Z,2352.6,2351.8,2351.7,2585.4,2585.5,2586.2,5627.2,5626.7,5626.5,2319.9,2319.7,2320.1,3455.5,3454.6,3454.4,4352.2,4352.2,4352.0,6037.1,6037.8,6034.7,8556.4,8552.3,8552.4,5167.2,5166.5,5166.4,7380.9,7379.8,7380.3,6066.2,6065.8,6067.1,1843.2,1841.9,1841.6,3647.3,3647.5,3648.5,2513.1,2512.1,2512.1,2872.1,2871.8,2871.9,26.639999,25.450001,going to home base
2024-04-13T04:12:44Z,2352.5,2351.3,2352.0,2585.1,2585.4,2585.0,5627.1,5626.6,5626.7,2320.8,2320.7,2320.9,3456.2,3455.5,3455.7,4351.6,4351.3,4351.4,6033.8,6034.9,6035.8,8551.4,8551.4,8550.5,5165.4,5165.1,5165.5,7381.0,7379.6,7380.0,6067.0,6067.8,6066.8,1843.5,1842.3,1842.3,3647.2,3647.2,3648.2,2513.3,2512.9,2512.7,2871.1,2871.2,2871.5,26.660000,25.440001,going to home base
2024-04-13T04:12:49Z,2352.7,2351.5,2352.1,2584.7,2584.8,2585.1,5627.1,5626.9,5626.9,2320.6,2320.3,2320.6,3455.3,3454.9,3454.6,4351.6,4351.7,4351.8,6034.1,6034.4,6033.9,8552.6,8552.4,8555.9,5165.2,5165.9,5166.3,7380.2,7380.2,7378.2,6065.7,6066.5,6065.7,1843.1,1841.2,1841.2,3646.9,3646.7,3647.5,2512.6,2511.6,2511.4,2870.2,2869.3,2870.1,26.639999,25.450001,going to home base
2024-04-13T04:12:54Z,2352.6,2351.9,2352.2,2584.7,2584.9,2585.0,5627.6,5626.9,5627.2,2320.1,2320.3,2320.6,3455.7,3455.3,3455.2,4351.6,4351.6,4351.8,6034.9,6035.3,6036.6,8552.3,8550.4,8551.1,5165.2,5165.3,5167.3,7381.9,7380.9,7382.2,6067.0,6067.2,6067.7,1843.5,1841.9,1841.7,3647.1,3647.0,3647.9,2512.6,2512.0,2512.2,2870.2,2870.6,2869.8,26.660000,25.480000,going to home base
2024-04-13T04:12:59Z,2352.4,2352.1,2352.2,2584.9,2585.2,2585.8,5628.0,5627.1,5627.3,2320.4,2320.1,2320.3,3455.9,3455.6,3455.6,4351.3,4351.3,4351.2,6036.3,6035.8,6036.3,8556.1,8550.1,8552.8,5163.8,5164.0,5164.6,7382.3,7380.9,7380.7,6065.0,6063.7,6064.4,1843.6,1842.2,1842.2,3645.9,3645.7,3647.5,2512.9,2512.6,2512.3,2870.3,2869.6,2871.1,26.639999,25.450001,going to home base
2024-04-13T04:13:04Z,2352.4,2351.8,2351.7,2584.6,2584.8,2585.2,5627.2,5626.6,5626.6,2319.6,2319.5,2320.1,3455.6,3454.4,3454.6,4350.9,4350.5,4350.8,6034.7,6033.7,6033.7,8550.0,8550.5,8550.7,5165.1,5164.2,5164.9,7381.2,7379.7,7379.8,6066.7,6066.6,6066.1,1843.0,1841.4,1841.4,3646.2,3646.4,3646.7,2512.5,2512.0,2512.1,2870.8,2869.8,2869.7,26.639999,25.480000,going to home base
2024-04-13T04:13:09Z,2352.2,2351.6,2351.9,2584.5,2584.4,2584.6,5626.6,5626.2,5626.5,2319.7,2319.6,2320.0,3455.1,3454.9,3454.7,4351.2,4351.0,4351.1,6034.0,6035.6,6034.8,8550.5,8549.6,8550.1,5165.1,5164.5,5165.8,7379.5,7379.4,7378.9,6066.3,6065.2,6067.5,1843.2,1841.8,1842.3,3645.8,3646.1,3646.6,2512.1,2511.3,2511.3,2870.2,2868.9,2869.5,26.660000,25.480000,going to home base
2024-04-13T04:13:14Z,2352.4,2351.8,2351.7,2584.8,2584.0,2584.4,5626.9,5626.6,5626.4,2320.7,2320.8,2321.5,3455.7,3456.1,3455.1,4351.4,4351.1,4351.2,6033.8,6033.8,6032.1,8552.0,8550.0,8550.3,5165.8,5164.2,5166.1,7382.6,7379.5,7380.2,6066.6,6065.1,6066.1,1843.0,1841.6,1841.4,3646.5,3646.5,3647.2,2512.0,2512.0,2511.7,2870.9,2870.2,2869.9,26.660000,25.410000,going to home base
2024-04-13T04:13:19Z,2352.0,2351.7,2351.7,2584.4,2584.3,2584.4,5627.2,5627.1,5626.9,2320.3,2320.5,2320.8,3455.0,3454.4,3453.6,4351.0,4351.0,4351.2,6034.2,6035.0,6034.7,8552.3,8552.8,8552.2,5165.7,5165.9,5166.1,7380.0,7378.4,7378.6,6066.8,6066.4,6065.3,1842.8,1841.5,1841.5,3646.4,3645.5,3647.1,2512.7,2512.0,2512.1,2871.1,2870.5,2871.3,26.629999,25.389999,going to home base
2024-04-13T04:13:24Z,2352.2,2351.4,2351.8,2584.6,2584.7,2584.9,5627.5,5626.6,5627.2,2318.8,2318.5,2319.7,3455.9,3456.0,3456.4,4351.6,4351.0,4350.8,6032.7,6032.2,6033.6,8550.9,8552.2,8551.4,5164.7,5164.5,5165.2,7377.7,7378.0,7377.8,6069.7,6068.6,6068.2,1843.0,1841.5,1841.8,3646.2,3646.8,3647.4,2512.5,2511.7,2511.8,2872.1,2871.6,2872.0,26.629999,25.450001,going to home base
2024-04-13T04:13:29Z,2353.0,2352.4,2352.9,2584.9,2585.0,2585.6,5626.6,5626.5,5626.2,2320.3,2320.5,2320.6,3455.8,3455.0,3455.1,4351.8,4351.4,4351.2,6033.3,6032.5,6032.9,8551.0,8551.9,8551.5,5166.1,5165.9,5165.7,7379.3,7378.3,7379.4,6065.1,6065.9,6066.3,1843.2,1842.1,1842.0,3646.4,3646.2,3647.7,2512.2,2511.6,2511.9,2871.1,2870.9,2870.9,26.639999,25.440001,going to home base
2024-04-13T04:13:39Z,2352.3,2351.9,2352.1,2584.6,2584.9,2585.4,5626.1,5626.3,5625.8,2319.7,2319.6,2319.6,3455.4,3455.2,3455.6,4351.4,4351.4,4351.7,6035.4,6035.7,6033.9,8548.5,8549.8,8547.9,5164.9,5164.4,5165.5,7381.7,7381.7,7380.1,6067.3,6065.8,6067.2,1843.0,1842.0,1start,26544.0,26536.6,2352.7,2351.8,2352.4,2584.9,2585.1,2585.2,5626.8,2319.8,2320.2,going to home base
2024-04-13T04:13:49Z,2352.9,2352.0,2352.1,2584.9,2584.7,2584.6,5627.2,5626.4,5626.7,2319.8,2319.6,2320.2,3455.2,3455.6,3454.0,4351.7,4351.8,4352.0,6032.8,6032.2,6031.8,8551.6,8552.2,8552.9,5164.9,5163.8,5165.1,7381.0,7381.0,7381.0,6067.2,6065.9,6065.8,1843.2,1841.5,1841.8,3645.3,3645.5,3646.4,2512.3,2511.3,2511.7,2871.1,2870.9,2870.7,26.660000,25.440001,going to home base
2024-04-13T04:13:54Z,2352.7,2351.7,2352.0,2584.7,2585.1,2585.3,5626.4,5626.3,5626.0,2319.6,2319.6,2319.7,3456.2,3455.0,3455.2,4351.1,4351.0,4350.9,6034.3,6033.6,6034.8,8552.6,8550.1,8552.1,5164.8,5164.7,5165.9,7381.8,7381.3,7382.6,6066.1,6065.6,6066.8,1842.9,1841.4,1841.3,3645.7,3645.6,3646.8,2511.7,2511.1,2511.4,2870.7,2870.7,2871.3,26.639999,25.450001,going to home base
2024-04-13T04:13:59Z,2353.3,2352.5,2352.6,2584.2,2584.0,2584.9,5626.5,5625.9,5626.4,2319.4,2318.8,2319.3,3456.1,3455.0,3455.1,4350.8,4350.7,4350.8,6034.0,6034.3,6033.4,8550.3,8549.1,8549.1,5164.4,5163.5,5164.8,7380.4,7380.8,7380.6,6067.2,6066.5,6067.3,1843.2,1841.3,1841.6,3646.0,3646.5,3647.4,2511.6,2511.0,2511.3,2870.8,2869.6,2870.2,26.660000,25.459999,going to home base
2024-04-13T04:14:04Z,2352.6,2352.1,2352.3,2584.4,2584.6,2585.0,5626.2,5626.1,5625.9,2320.5,2320.0,2319.9,3455.3,3455.1,3454.7,4350.8,4351.3,4351.0,6034.9,6034.2,6033.9,8553.2,8553.6,8553.6,5165.3,5165.4,5165.6,7383.9,7383.2,7382.3,6065.4,6065.9,6065.8,1843.1,1842.0,1841.6,3645.9,3646.0,3646.5,2512.8,2512.2,2512.1,2870.4,2870.5,2870.7,26.670000,25.420000,going to home base
2024-04-13T04:14:09Z,2352.4,2351.7,2351.9,2584.7,2584.6,2585.2,5626.0,5625.9,5625.7,2320.1,2319.7,2320.0,3454.6,3454.9,3454.8,4351.0,4350.8,4351.1,6034.9,6034.6,6035.0,8551.5,8551.2,8551.0,5165.1,5165.4,5165.2,7382.2,7380.6,7381.1,6066.5,6067.1,6066.9,1842.8,1841.2,1841.2,3646.3,3645.9,3647.4,2512.5,2511.7,2511.6,2870.4,2870.0,2870.2,26.670000,25.450001,going to home base
2024-04-13T04:14:14Z,2352.8,2351.8,2351.9,2584.9,2584.8,2585.1,5626.3,5625.6,5625.8,2319.8,2319.2,2319.7,3454.8,3455.0,3454.7,4351.2,4350.8,4350.5,6035.0,6033.3,6034.2,8554.4,8552.7,8550.8,5165.1,5165.3,5165.0,7380.6,7379.7,7379.1,6068.4,6066.0,6067.0,1843.0,1841.5,1841.1,3645.8,3645.8,3646.6,2513.0,2511.4,2511.8,2870.9,2869.8,2870.4,26.660000,25.440001,going to home base
2024-04-13T04:14:19Z,2352.8,2352.2,2352.6,2583.9,2584.6,2584.5,5626.0,5625.6,5625.6,2320.1,2320.4,2320.7,3454.2,3454.3,3454.3,4350.6,4350.2,4350.6,6033.3,6032.4,6034.7,8551.8,8552.8,8555.8,5165.4,5165.6,5166.7,7382.0,7381.3,7381.6,6065.4,6068.4,6067.3,1842.9,1841.4,1841.5,3645.9,3645.8,3646.9,2511.5,2510.5,2510.8,2868.8,2869.4,2869.6,26.660000,25.389999,going to home base
2024-04-13T04:14:24Z,2352.4,2351.8,2352.0,2584.4,2584.9,2585.2,5626.5,5626.1,5626.2,2319.5,2319.5,2319.8,3454.9,3454.3,3453.9,4350.5,4350.7,4350.4,6033.5,6032.3,6031.8,8552.8,8552.3,8551.2,5165.3,5165.2,5165.8,7381.0,7379.8,7378.3,6066.4,6066.7,6067.7,1842.6,1840.7,1840.9,3645.8,3646.0,3646.6,2512.1,2512.1,2511.9,2870.4,2869.7,2870.2,26.660000,25.410000,going to home base
2024-04-13T04:14:29Z,2352.0,2351.3,2351.7,2584.2,2584.5,2584.6,5625.4,5625.3,5625.5,2320.3,2319.9,2320.4,3454.2,3453.4,3454.2,4350.8,4351.0,4350.6,6031.8,6032.5,6032.5,8550.3,8549.8,8550.9,5164.5,5164.0,5164.2,7380.1,7380.8,7380.3,6066.6,6065.2,6066.7,1842.5,1841.4,1841.6,3645.9,3645.8,3647.1,2512.4,2512.0,2511.3,2870.2,2868.9,2869.8,26.660000,25.420000,going to home base
2024-04-13T04:14:34Z,2352.0,2351.5,2352.1,2584.5,2584.3,2584.3,5626.3,5625.9,5625.9,2319.3,2319.5,2319.8,3454.6,3453.9,3454.2,4350.5,4350.8,4350.6,6032.4,6032.1,6033.2,8550.8,8550.5,8551.3,5163.0,5163.6,5165.6,7379.5,7378.7,7378.7,6067.5,6067.2,6066.9,1842.6,1840.9,1841.0,3645.4,3645.6,3646.5,2512.4,2511.5,2511.2,2870.6,2870.3,2870.1,26.660000,25.450001,going to home base
2024-04-13T04:14:39Z,2351.5,2351.0,2351.3,2584.7,2584.5,2584.4,5626.0,5625.3,5625.6,2320.2,2320.1,2320.1,3454.1,3454.4,3453.1,4350.1,4350.5,4350.4,6031.5,6031.0,6031.5,8551.3,8551.4,8551.4,5165.7,5164.1,5165.0,7378.3,7378.4,7376.5,6066.7,6066.1,6065.8,1842.8,1841.3,1841.2,3646.5,3646.3,3647.1,2512.7,2511.6,2511.7,2870.9,2870.4,2870.4,26.660000,25.440001,going to home base
2024-04-13T04:14:44Z,2351.7,2351.0,2351.7,2583.9,2583.9,2583.7,5625.5,5625.3,5625.2,2320.3,2320.3,2320.6,3452.9,3452.8,3453.5,4350.4,4350.4,4350.8,6033.3,6033.5,6032.9,8552.6,8551.3,8551.7,5163.1,5163.6,5163.8,7380.2,7379.9,7379.7,6064.6,6065.0,6064.8,1842.8,1841.2,1841.3,3645.8,3645.9,3647.1,2511.8,2511.4,2511.5,2869.0,2868.9,2869.6,26.639999,25.420000,going to home base
2024-04-13T04:14:49Z,2352.3,2351.6,2352.1,2584.7,2584.4,2584.9,5625.9,5625.6,5625.4,2320.5,2320.0,2320.3,3454.6,3454.5,3454.1,4350.7,4350.3,4350.5,6033.1,6033.6,6033.3,8552.8,8551.0,8552.2,5164.5,5163.6,5164.3,7381.4,7381.2,7381.6,6066.6,6066.6,6067.1,1843.0,1841.2,1841.5,3646.0,3646.4,3647.0,2512.3,2511.2,2511.4,2869.3,2868.4,2868.5,26.660000,25.450001,going to home base
2024-04-13T04:14:54Z,2352.5,2351.6,2351.7,2584.1,2583.9,2584.6,5626.0,5625.4,5625.4,2319.9,2319.3,2320.0,3455.1,3454.2,3454.1,4351.0,4350.7,4350.5,6030.9,6032.1,6032.8,8550.5,8551.3,8550.1,5163.5,5164.1,5164.2,7380.6,7380.9,7380.5,6066.8,6067.0,6068.2,1843.3,1841.8,1842.0,3645.8,3645.7,3646.4,2512.0,2511.7,2511.7,2870.8,2869.6,2869.3,26.670000,25.420000,going to home base
2024-04-13T04:14:59Z,2352.6,2352.1,2352.3,2584.5,2584.6,2584.9,5625.7,5625.3,5625.6,2320.2,2319.9,2320.4,3454.1,3453.4,3453.7,4350.3,4350.0,4350.1,6034.0,6034.0,6034.9,8551.5,8552.3,8551.9,5164.1,5163.3,5165.3,7380.7,7380.1,7380.1,6066.5,6065.9,6066.1,1842.9,1841.2,1841.5,3645.8,3646.0,3647.5,2511.7,2510.9,2510.8,2869.1,2868.3,2869.1,26.629999,25.480000,going to home base
2024-04-13T04:15:04Z,2352.7,2352.2,2352.1,2584.3,2584.3,2585.2,5625.2,5624.9,5625.6,2320.1,2319.6,2320.0,3454.5,3453.9,3454.1,4350.2,4350.7,4350.4,6033.2,6033.0,6033.3,8550.3,8550.8,8552.5,5163.8,5164.2,5165.6,7380.5,7379.5,7380.1,6067.1,6064.8,6067.7,1843.3,1841.3,1841.6,3645.4,3645.5,3646.8,2511.8,2511.2,2510.7,2869.8,2869.6,2869.7,26.639999,25.389999,going to home base
2024-04-13T04:15:09Z,2352.3,2351.6,2352.1,2582.9,2583.5,2584.2,5625.6,5625.2,5625.3,2319.4,2319.2,2319.8,3454.6,3453.8,3454.4,4350.6,4350.8,4350.6,6033.2,6033.4,6032.8,8550.7,8550.4,8551.0,5165.3,5165.6,5166.7,7379.9,7379.5,7377.8,6067.7,6066.2,6067.9,1843.0,1841.8,1841.5,3645.1,3645.0,3645.9,2511.5,2510.6,2511.5,2870.1,2869.3,2869.2,26.639999,25.389999,going to home base
2024-04-13T04:15:14Z,2352.3,2351.6,2352.0,2583.9,2584.3,2584.2,5626.6,5626.0,5626.2,2319.4,2319.5,2320.3,3453.9,3453.2,3453.0,4351.1,4350.5,4350.1,6032.5,6032.4,6033.4,8550.6,8552.6,8550.4,5164.3,5164.1,5165.9,7380.1,7378.5,7379.0,6064.0,6065.1,6066.3,1843.2,1841.4,1841.5,3645.3,3645.4,3645.9,2512.3,2511.8,2511.9,2868.4,2867.8,2867.9,26.639999,25.440001,going to home base
2024-04-13T04:15:19Z,2352.6,2351.8,2351.8,2584.2,2584.6,2583.9,5626.2,5625.3,5625.6,2318.6,2318.7,2319.4,3454.5,3454.3,3454.1,4350.2,4349.6,4350.0,6035.8,6035.2,6034.6,8550.3,8550.4,8550.7,5165.0,5165.5,5165.2,7377.3,7378.4,7378.0,6066.2,6065.1,6066.2,1842.7,1841.1,1841.2,3645.9,3645.9,3646.3,2511.4,2510.5,2510.7,2868.5,2867.2,2868.2,26.639999,25.459999,going to home base
2024-04-13T04:15:24Z,2352.1,2351.5,2352.0,2582.9,2583.5,2584.1,5625.4,5624.8,5625.1,2320.0,2320.1,2320.0,3454.9,3454.8,3454.8,4349.9,4349.5,4349.7,6032.5,6033.5,6033.8,8549.2,8550.5,8550.2,5164.2,5164.9,5165.6,7377.9,7377.8,7378.3,6067.1,6065.8,6065.7,1843.2,1841.7,1841.6,3645.7,3646.0,3646.8,2512.2,2511.0,2511.3,2869.1,2869.0,2869.4,26.629999,25.420000,going to home base
2024-04-13T04:15:29Z,2352.3,2351.6,2351.7,2584.9,2584.3,2584.5,5625.5,5625.5,5625.7,2319.1,2319.3,2319.9,3453.6,3453.8,3453.2,4350.1,4349.9,4349.7,6033.8,6033.3,6032.6,8552.5,8550.8,8551.8,5164.3,5164.3,5163.9,7378.1,7377.2,7377.8,6065.1,6064.7,6065.2,1843.1,1841.3,1841.1,3645.6,3645.5,3646.8,2513.2,2512.4,2512.4,2869.6,2869.4,2869.5,26.660000,25.490000,going to home base
2024-04-13T04:15:34Z,2352.7,2351.9,2351.8,2583.8,2583.6,2583.7,5626.2,5625.5,5625.6,2320.0,2320.1,2320.7,3453.6,3453.6,3453.9,4350.3,4349.9,4350.2,6032.1,6033.9,6032.7,8548.9,8549.0,8549.2,5165.3,5164.4,5166.3,7377.2,7377.7,7376.6,6064.1,6066.3,6065.9,1843.2,1841.8,1841.4,3645.9,3645.1,3646.2,2512.2,2511.6,2511.7,2870.1,2869.5,2869.0,26.660000,25.420000,going to home base
2024-04-13T04:15:39Z,2352.6,2351.8,2352.3,2584.1,2583.5,2583.8,5626.0,5625.4,5625.7,2319.6,2319.4,2320.1,3453.6,3453.3,3453.2,4350.5,4350.1,4350.7,6034.7,6034.3,6034.2,8548.8,8549.2,8548.8,5163.9,5162.9,5163.9,7378.4,7376.4,7376.9,6063.4,6063.1,6063.0,1842.9,1841.1,1841.2,3645.2,3645.5,3646.1,2511.2,2510.3,2510.9,2870.5,2869.5,2870.0,26.639999,25.410000,going to home base
2024-04-13T04:15:44Z,2351.8,2351.2,2351.2,2583.9,2583.5,2584.2,5625.9,5625.4,5625.6,2319.5,2319.4,2320.2,3453.4,3453.1,3453.5,4349.7,4349.6,4350.2,6034.7,6035.3,6034.2,8547.6,8552.0,8548.6,5163.3,5163.1,5163.4,7378.8,7379.5,7378.2,6066.0,6065.8,6067.2,1842.7,1841.2,1841.1,3645.7,3645.5,3646.3,2512.5,2511.5,2512.1,2869.2,2868.9,2869.1,26.639999,25.459999,going to home base
2024-04-13T04:15:49Z,2352.2,2351.4,2351.9,2583.9,2584.2,2584.3,5626.2,5625.7,5625.8,2318.7,2318.9,2318.9,3454.6,3453.3,3453.2,4350.0,4349.9,4349.8,6032.4,6032.6,6032.2,8548.7,8549.3,8549.2,5163.5,5163.5,5164.5,7379.1,7379.0,7378.1,6066.9,6066.3,6067.8,1842.5,1841.0,1841.3,3646.0,3646.1,3646.9,2511.5,2510.6,2510.9,2870.4,2869.2,2869.7,26.639999,25.450001,going to home base
2024-04-13T04:15:54Z,2352.4,2351.7,2351.9,2583.8,2583.9,2584.3,5625.6,5625.9,5625.6,2319.2,2318.6,2319.5,3453.3,3453.0,3453.3,4350.8,4350.2,4350.1,6034.6,6034.2,6034.2,8550.5,8549.3,8548.4,5163.9,5164.0,5165.5,7381.1,7379.9,7380.4,6068.4,6067.2,6067.6,1843.1,1841.6,1841.2,3645.6,3645.7,3646.8,2511.4,2510.6,2510.9,2868.7,2868.8,2869.2,26.610001,25.420000,going to home base
2024-04-13T04:15:59Z,2352.4,2351.8,2352.1,2584.0,2583.8,2584.4,5625.9,5625.2,5624.9,2318.9,2319.1,2319.5,3453.7,3453.4,3453.5,4350.0,4349.9,4349.8,6031.3,6030.4,6030.7,8552.1,8548.6,8549.6,5165.0,5163.9,5164.9,7379.3,7377.6,7377.5,6065.3,6065.2,6065.0,1842.9,1841.6,1841.3,3645.1,3644.9,3645.9,2511.2,2510.5,2509.8,2869.2,2868.7,2869.3,26.629999,25.420000,going to home base
2024-04-13T04:16:04Z,2352.2,2351.6,2351.9,2584.1,2583.9,2584.0,5626.1,5625.3,5625.9,2319.3,2319.6,2319.8,3453.5,3452.8,3453.9,4349.7,4349.5,4349.9,6033.9,6032.1,6033.2,8551.6,8550.5,8548.0,5164.4,5164.3,5164.8,7379.2,7377.5,7376.8,6067.3,6066.4,6066.4,1842.7,1841.6,1841.2,3645.1,3644.8,3646.0,2512.0,2511.1,2511.3,2868.3,2868.0,2867.4,26.660000,25.480000,going to home base
2024-04-13T04:16:09Z,2351.6,2351.3,2351.4,2584.1,2583.7,2583.8,5626.2,5625.9,5625.9,2319.4,2319.5,2319.8,3453.4,3452.3,3453.1,4349.3,4349.6,4349.8,6032.0,6032.3,6032.1,8550.0,8550.7,8549.9,5163.8,5163.9,5163.8,7379.6,7379.4,7377.9,6066.7,6065.8,6068.0,1843.3,1842.0,1841.5,3644.7,3645.1,3645.4,2511.8,2510.9,2511.3,2869.9,2868.8,2868.8,26.639999,25.459999,going to home base
2024-04-13T04:16:14Z,2352.3,2351.5,2351.8,2584.1,2584.5,2584.4,5625.3,5625.5,5625.4,2319.3,2319.5,2319.8,3453.0,3453.0,3452.7,4349.6,4349.3,4349.4,6033.2,6033.4,6034.6,8549.9,8548.3,8552.0,5164.4,5163.0,5163.5,7378.4,7376.5,7378.2,6065.0,6066.0,6065.8,1843.0,1841.7,1842.0,3645.7,3645.5,3646.2,2511.9,2511.2,2510.9,2868.5,2868.4,2869.0,26.629999,25.450001,going to home base
2024-04-13T04:16:19Z,2352.4,2351.6,2351.8,2583.9,2583.8,2584.2,5625.3,5625.5,5625.4,2319.5,2319.5,2319.6,3453.4,3453.3,3453.1,4349.7,4350.0,4350.1,6031.1,6032.1,6032.7,8551.1,8550.7,8549.0,5163.9,5163.6,5164.9,7377.7,7376.3,7376.8,6067.9,6068.2,6068.3,1842.8,1841.2,1841.4,3645.0,3644.8,3645.7,2512.1,2511.5,2511.3,2869.7,2868.7,2869.2,26.660000,25.440001,going to home base
2024-04-13T04:16:24Z,2351.9,2351.5,2351.4,2583.7,2583.8,2583.8,5625.9,5625.7,5625.6,2319.9,2320.0,2320.1,3454.2,3454.0,3453.6,4350.3,4350.2,4350.3,6033.2,6033.1,6032.8,8555.4,8556.3,8553.2,5162.9,5163.1,5162.9,7378.9,7377.6,7379.7,6065.9,6065.8,6067.3,1843.2,1841.9,1841.9,3645.0,3645.1,3646.4,2511.6,2510.5,2510.9,2870.8,2870.8,2870.2,26.660000,25.420000,going to home base
2024-04-13T04:16:29Z,2352.4,2351.7,2352.1,2584.3,2583.7,2584.1,5624.8,5625.2,5625.5,2319.8,2319.8,2320.2,3453.4,3453.5,3453.6,4350.3,4350.3,4350.0,6032.5,6031.0,6032.7,8548.8,8549.5,8550.3,5163.2,5163.5,5163.7,7378.7,7377.3,7377.2,6065.5,6065.4,6065.3,1842.8,1841.5,1841.9,3645.1,3645.1,3645.9,2511.7,2511.1,2511.0,2870.1,2869.3,2869.7,26.639999,25.459999,going to home base
2024-04-13T04:16:34Z,2352.6,2351.7,2351.9,2583.7,2583.4,2584.0,5625.5,5625.1,5625.6,2319.7,2319.3,2320.1,3453.7,3453.4,3452.5,4350.2,4350.5,4350.1,6031.9,6031.8,6031.3,8549.7,8547.0,8548.6,5164.0,5164.3,5165.5,7378.1,7375.4,7376.6,6067.1,6066.3,6065.6,1842.7,1841.4,1841.3,3645.2,3645.2,3646.4,2511.6,2511.0,2511.3,2869.4,2869.3,2869.6,26.660000,25.520000,going to home base
2024-04-13T04:16:39Z,2353.1,2352.0,2352.2,2584.0,2583.7,2584.0,5625.9,5625.1,5625.4,2319.2,2319.2,2319.6,3453.7,3453.3,3453.3,4349.4,4349.5,4349.3,6033.6,6033.3,6034.5,8551.6,8550.6,8552.0,5163.3,5163.1,5163.3,7378.1,7376.9,7377.4,6064.2,6063.4,6063.9,1842.8,1841.7,1841.3,3644.6,3644.7,3645.7,2512.2,2510.9,2511.4,2869.4,2868.0,2868.1,26.639999,25.490000,going to home base
2024-04-13T04:16:44Z,2352.6,2351.6,2352.0,2584.2,2583.9,2584.5,5626.3,5625.1,5625.5,2319.1,2319.2,2319.7,3453.5,3453.3,3453.0,4349.9,4349.6,4349.6,6031.6,6030.5,6031.3,8546.9,8548.0,8548.1,5162.9,5162.3,5163.6,7378.4,7377.4,7376.1,6068.4,6067.0,6068.0,1842.4,1841.1,1841.2,3645.8,3644.7,3646.1,2511.3,2510.7,2510.7,2869.4,2869.7,2869.2,26.629999,25.459999,going to home base
2024-04-13T04:16:49Z,2352.4,2351.8,2351.8,2583.7,2583.7,2584.2,5625.1,5624.5,5624.8,2318.9,2318.7,2319.3,3453.7,3453.1,3452.7,4350.3,4350.1,4350.0,6031.1,6031.8,6031.7,8546.8,8546.1,8546.1,5165.4,5165.0,5165.8,7379.4,7378.0,7378.3,6066.8,6067.2,6065.3,1842.9,1841.6,1841.4,3646.1,3645.8,3646.6,2511.0,2510.7,2510.4,2868.5,2868.0,2867.5,26.629999,25.459999,going to home base
2024-04-13T04:16:54Z,2352.3,2351.9,2351.9,2584.1,2583.4,2584.1,5626.3,5625.5,5625.9,2320.1,2319.8,2319.9,3454.7,3453.9,3454.2,4349.6,4349.1,4349.4,6030.5,6031.5,6031.0,8551.5,8549.9,8551.0,5164.6,5164.1,5165.0,7379.0,7379.7,7379.1,6066.1,6065.4,6065.5,1842.5,1841.0,1840.9,3645.5,3644.9,3646.0,2512.1,2510.8,2511.2,2868.9,2869.5,2869.5,26.660000,25.459999,going to home base
2024-04-13T04:16:59Z,2351.9,2351.1,2351.6,2584.0,2584.0,2584.6,5625.8,5625.2,5625.3,2319.3,2319.7,2319.1,3453.7,3453.7,3454.3,4350.3,4350.2,4350.1,6031.9,6032.1,6031.0,8547.8,8548.7,8547.9,5164.0,5164.2,5164.7,7377.5,7376.8,7376.4,6066.6,6067.0,6066.9,1842.8,1841.4,1841.2,3645.0,3644.9,3645.3,2511.8,2511.5,2511.3,2870.2,2869.4,2870.4,26.639999,25.450001,going to home base
2024-04-13T04:17:04Z,2352.0,2351.1,2351.4,2584.7,2584.2,2584.7,5625.4,5625.2,5625.8,2319.2,2319.3,2319.8,3454.6,3453.6,3453.8,4349.5,4349.0,4349.3,6031.4,6030.8,6030.9,8549.4,8547.0,8548.0,5164.5,5164.6,5165.2,7378.6,7377.7,7379.7,6066.5,6063.7,6065.8,1842.3,1840.7,1841.0,3645.5,3645.6,3646.6,2511.8,2511.2,2510.9,2869.4,2869.4,2869.9,26.629999,25.440001,going to home base
2024-04-13T04:17:09Z,2352.5,2351.9,2351.9,2584.2,2584.1,2584.0,5625.2,5625.4,5625.2,2319.8,2319.9,2320.1,3454.0,3453.7,3453.7,4349.5,4349.0,4349.6,6034.8,6033.3,6033.6,8551.1,8548.4,8548.1,5163.4,5163.3,5164.3,7378.4,7377.3,7378.5,6068.6,6068.4,6069.1,1842.9,1841.6,1841.6,3645.4,3645.5,3646.3,2511.0,2510.6,2510.3,2868.7,2868.3,2868.5,26.629999,25.459999,going to home base
2024-04-13T04:17:14Z,2352.2,2351.4,2351.6,2584.5,2584.3,2584.6,5625.3,5625.0,5625.2,2320.6,2320.7,2320.3,3455.5,3454.8,3454.3,4349.8,4350.0,4349.8,6031.6,6031.4,6033.1,8549.3,8550.2,8550.5,5160.5,5160.8,5162.1,7377.2,7377.0,7377.2,6068.4,6068.8,6067.6,1843.0,1841.4,1841.1,3645.9,3645.9,3646.1,2511.1,2510.3,2510.3,2869.2,2869.5,2869.4,26.639999,25.490000,going to home base
2024-04-13T04:17:19Z,2352.3,2351.3,2351.6,2584.2,2583.9,2584.6,5625.3,5624.8,5625.2,2319.9,2319.9,2320.3,3454.7,3454.1,3453.8,4350.7,4350.5,4349.9,6034.3,6033.2,6033.9,8551.9,8551.9,8550.8,5163.9,5163.7,5164.5,7377.0,7376.0,7378.4,6065.4,6065.6,6067.6,1842.4,1841.0,1840.6,3645.0,3645.1,3645.9,2511.6,2510.6,2511.0,2871.2,2869.9,2870.3,26.629999,25.430000,going to home base
2024-04-13T04:17:24Z,2351.9,2351.2,2351.6,2584.4,2583.6,2584.7,5625.6,5625.2,5625.1,2320.1,2320.1,2320.1,3454.6,3454.4,3454.2,4350.1,4349.6,4350.1,6034.8,6033.7,6034.4,8551.9,8551.2,8552.7,5163.0,5162.7,5164.6,7377.3,7377.0,7376.6,6066.0,6064.9,6065.3,1843.1,1841.7,1841.1,3645.4,3645.2,3646.3,2510.6,2510.3,2510.3,2868.6,2868.7,2869.6,26.629999,25.410000,going to home base
2024-04-13T04:17:29Z,2351.6,2351.0,2351.5,2584.3,2584.0,2584.7,5625.8,5625.0,5625.2,2320.3,2319.6,2320.0,3453.5,3453.6,3453.6,4350.0,4349.9,4350.2,6033.3,6033.1,6033.1,8552.1,8548.5,8551.3,5164.0,5163.5,5164.0,7378.6,7378.4,7378.6,6068.0,6066.6,6066.8,1842.7,1841.2,1841.5,3645.2,3645.6,3646.2,2511.3,2510.4,2510.9,2867.6,2867.4,2868.2,26.610001,25.410000,going to home base
2024-04-13T04:17:34Z,2352.0,2351.2,2351.2,2584.0,2584.2,2583.9,5625.7,5625.5,5625.6,2319.5,2319.5,2319.7,3454.5,3454.3,3454.2,4350.1,4349.6,4349.8,6031.8,6031.3,6032.7,8550.4,8549.4,8551.9,5162.6,5161.8,5161.5,7379.2,7377.3,7376.4,6063.3,6063.6,6065.9,1842.6,1841.5,1841.3,3645.2,3646.0,3646.5,2511.4,2510.7,2510.9,2868.2,2868.3,2868.8,26.629999,25.490000,going to home base
2024-04-13T04:17:39Z,2352.1,2351.4,2351.6,2583.8,2584.2,2584.0,5625.8,5625.1,5625.2,2319.8,2320.0,2320.3,3454.3,3453.7,3453.6,4349.8,4349.6,4349.7,6031.0,6030.2,6031.9,8552.3,8552.9,8550.0,5162.7,5162.0,5162.9,7377.4,7377.6,7377.0,6066.9,6066.4,6065.6,1843.0,1841.6,1841.4,3646.1,3645.7,3646.7,2511.7,2510.4,2510.6,2870.1,2868.8,2869.8,26.629999,25.490000,going to home base
2024-04-13T04:17:44Z,2352.1,2351.6,2352.0,2582.8,2582.8,2583.5,5625.1,5625.1,5625.1,2319.6,2319.5,2319.9,3453.8,3453.2,3453.3,4349.3,4349.3,4349.3,6032.2,6031.7,6031.5,8550.1,8550.7,8549.0,5162.9,5163.7,5163.6,7377.7,7376.3,7376.7,6068.3,6066.0,6067.8,1842.8,1841.4,1841.3,3645.6,3645.6,3646.2,2511.7,2511.0,2511.0,2869.7,2869.4,2869.2,26.660000,25.469999,going to home base
2024-04-13T04:17:49Z,2351.8,2351.0,2351.3,2583.8,2583.5,2583.8,5625.1,5624.4,5624.8,2319.4,2320.0,2320.2,3453.8,3453.4,3453.6,4349.5,4349.5,4349.4,6032.2,6032.7,6033.5,8551.6,8552.8,8552.5,5164.0,5164.2,5165.1,7377.2,7376.7,7376.3,6063.4,6065.6,6064.6,1842.5,1841.1,1841.2,3645.5,3645.8,3646.3,2512.0,2511.0,2511.3,2868.9,2868.6,2868.5,26.660000,25.410000,going to home base
2024-04-13T04:17:54Z,2352.0,2351.0,2351.5,2583.8,2583.1,2584.1,5625.4,5625.3,5625.0,2319.5,2319.2,2319.8,3453.9,3453.6,3453.6,4349.3,4349.0,4348.8,6031.2,6031.4,6032.2,8552.6,8551.6,8553.0,5164.6,5164.5,5164.9,7377.2,7376.2,7376.4,6064.1,6062.8,6064.6,1842.4,1841.0,1841.0,3645.5,3645.6,3646.1,2510.4,2509.9,2509.9,2870.2,2869.4,2869.1,26.629999,25.420000,going to home base
2024-04-13T04:17:59Z,2351.9,2351.2,2351.6,2583.9,2583.5,2583.5,5625.8,5625.0,5624.5,2319.1,2318.9,2319.3,3453.9,3453.4,3453.6,4349.1,4349.0,4348.9,6031.7,6031.9,6032.6,8549.9,8550.1,8550.1,5164.1,5163.1,5164.9,7377.4,7375.4,7376.0,6063.8,6063.7,6063.4,1843.0,1841.3,1841.5,3644.6,3644.5,3645.5,2512.1,2511.4,2510.8,2868.9,2867.5,2868.0,26.639999,25.430000,going to home base
2024-04-13T04:18:04Z,2351.9,2351.4,2351.7,2583.8,2583.9,2584.3,5624.8,5624.1,5624.5,2319.5,2319.3,2319.7,3453.7,3453.6,3453.0,4349.5,4349.2,4349.2,6031.3,6032.1,6032.7,8549.4,8550.4,8551.5,5163.6,5163.3,5164.1,7375.9,7374.4,7374.8,6065.3,6065.6,6066.0,1842.7,1841.2,1840.9,3645.3,3645.2,3646.5,2511.4,2510.8,2511.5,2868.8,2867.6,2867.9,26.639999,25.420000,going to home base
2024-04-13T04:18:09Z,2351.8,2350.8,2351.5,2583.6,2583.1,2584.0,5624.7,5624.3,5623.8,2319.5,2319.6,2319.9,3453.3,3452.9,3453.2,4349.0,4348.6,4348.9,6033.1,6031.8,6032.5,8550.3,8550.8,8551.9,5165.3,5165.0,5165.6,7377.5,7378.2,7376.5,6067.6,6067.2,6065.7,1842.8,1841.5,1841.4,3646.6,3645.9,3646.7,2511.0,2510.4,2510.4,2868.7,2868.2,2868.5,26.639999,25.459999,going to home base
2024-04-13T04:18:14Z,2351.9,2351.2,2351.1,2583.6,2583.5,2583.9,5625.2,5624.7,5624.7,2319.6,2319.5,2319.8,3452.6,3452.3,3452.6,4349.7,4349.2,4349.5,6033.0,6031.8,6033.3,8550.0,8551.6,8551.2,5163.9,5164.3,5164.4,7376.6,7377.5,7377.3,6065.9,6066.2,6066.1,1842.4,1840.9,1841.0,3645.1,3645.6,3646.7,2510.4,2509.7,2509.3,2870.6,2869.8,2869.0,26.629999,25.450001,going to home base
2024-04-13T04:18:19Z,2351.7,2350.8,2351.0,2583.7,2582.8,2583.4,5625.0,5624.8,5624.4,2319.0,2319.1,2320.2,3452.8,3452.6,3452.8,4349.9,4349.4,4349.3,6032.3,6030.1,6031.5,8553.4,8551.3,8552.9,5164.9,5164.9,5165.1,7377.6,7376.8,7376.2,6066.5,6065.0,6066.2,1842.1,1840.6,1840.9,3647.6,3647.0,3647.9,2510.9,2510.2,2510.5,2870.4,2869.6,2870.2,26.629999,25.450001,going to home base
2024-04-13T04:18:24Z,2351.6,2350.9,2351.1,2583.4,2583.6,2583.4,5625.0,5624.2,5624.2,2318.7,2318.6,2319.7,3453.5,3453.1,3452.6,4350.0,4349.7,4349.7,6031.9,6031.9,6030.9,8551.4,8550.2,8553.7,5163.7,5163.4,5163.9,7377.2,7374.6,7376.1,6067.7,6066.9,6068.5,1842.5,1841.3,1841.0,3646.0,3645.8,3646.7,2510.9,2510.0,2509.8,2868.8,2868.4,2869.4,26.610001,25.430000,going to home base
2024-04-13T04:18:34Z,2352.3,2351.8,2351.8,2583.5,2583.6,2583.4,5624.8,5624.3,5625.0,2319.7,2319.8,2320.1,3453.3,3452.6,3452.8,4349.3,4349.2,4349.1,6032.1,6031.3,6031.2,8start,26533.3,26534.5,2351.4,2351.0,2351.0,2584.0,2583.4,2584.1,5624.7,5624.6,5625.1,3726.7,87718.1,87701.3,13997.9,13996.2,13988.5,3453.7,3453.0,3453.0,4349.5,4349.3,4349.3,6032.5,16359.3,going to home base
2024-04-13T04:18:44Z,2351.8,2350.7,2351.3,2583.2,2583.3,2583.9,5625.3,5624.6,5624.7,2319.3,2319.4,2319.9,3454.2,3453.4,3453.4,4349.8,4349.1,4349.6,6029.0,6028.7,6028.7,8554.5,8554.4,8554.5,5164.3,5163.7,5165.2,7375.0,7374.0,7375.1,6067.4,6066.8,6065.4,1842.9,1841.1,1841.0,3645.6,3645.4,3646.2,2511.1,2510.3,2510.3,2870.3,2870.3,2870.6,26.629999,25.420000,going to home base
2024-04-13T04:18:49Z,2352.4,2351.6,2352.0,2583.9,2583.9,2583.9,5624.7,5624.1,5624.7,2319.1,2319.2,2319.6,3453.9,3454.0,3454.0,4348.9,4349.0,4349.2,6029.0,6029.7,6030.2,8554.1,8553.7,8554.5,5164.7,5164.4,5165.0,7376.4,7376.4,7375.3,6067.6,6066.2,6066.4,1842.4,1840.8,1840.9,3645.5,3645.4,3646.1,2510.8,2509.8,2510.4,2868.8,2869.8,2870.1,26.639999,25.420000,going to home base
2024-04-13T04:18:54Z,2352.2,2351.3,2352.0,2583.3,2583.3,2583.4,5624.8,5624.0,5624.4,2318.6,2318.6,2318.6,3452.7,3453.1,3453.1,4348.6,4348.7,4349.0,6029.3,6028.9,6029.2,8552.8,8551.6,8550.9,5164.9,5165.1,5164.7,7374.8,7374.1,7374.4,6067.5,6066.3,6067.5,1842.4,1841.0,1841.1,3646.1,3646.3,3647.2,2511.4,2510.6,2510.4,2868.9,2868.5,2869.2,26.639999,25.430000,going to home base
2024-04-13T04:18:59Z,2351.7,2351.4,2351.5,2584.0,2583.5,2583.8,5624.5,5624.0,5624.5,2318.9,2318.9,2319.5,3453.6,3453.4,3453.6,4349.4,4349.1,4349.0,6029.7,6027.4,6029.1,8551.6,8552.0,8551.4,5164.2,5163.2,5164.4,7376.6,7376.4,7375.9,6065.3,6066.8,6066.6,1842.7,1841.1,1841.0,3645.3,3645.3,3646.4,2511.7,2510.9,2511.0,2869.1,2867.7,2867.8,26.639999,25.450001,going to home base
2024-04-13T04:19:04Z,2352.0,2351.5,2351.9,2583.7,2583.7,2584.4,5625.1,5624.5,5624.6,2320.2,2320.0,2320.1,3454.2,3454.3,3453.2,4348.9,4348.9,4348.8,6025.9,6027.6,6029.5,8550.9,8550.7,8551.7,5164.1,5164.1,5165.2,7375.7,7376.4,7375.1,6066.2,6065.9,6066.0,1842.8,1841.2,1841.1,3645.3,3645.3,3646.3,2511.6,2510.7,2511.0,2869.0,2868.6,2868.6,26.629999,25.410000,going to home base
2024-04-13T04:19:09Z,2351.8,2351.3,2351.3,2583.9,2583.5,2583.6,5624.7,5624.5,5624.3,2319.7,2319.5,2319.8,3452.9,3452.5,3453.0,4349.3,4349.0,4349.0,6028.7,6027.1,6026.4,8550.7,8550.9,8550.3,5163.8,5162.6,5163.6,7374.8,7374.8,7374.8,6067.9,6066.9,6066.4,1842.2,1840.9,1840.5,3644.9,3645.1,3645.4,2511.4,2510.9,2510.5,2869.7,2869.4,2870.0,26.629999,25.420000,going to home base
2024-04-13T04:19:14Z,2351.6,2350.6,2350.8,2583.7,2583.8,2583.9,5624.9,5624.5,5624.7,2318.7,2318.4,2318.8,3453.0,3452.9,3453.5,4348.8,4348.1,4348.5,6028.3,6027.2,6028.1,8552.4,8552.2,8553.4,5164.3,5162.9,5165.0,7373.1,7372.6,7372.0,6066.6,6065.7,6065.5,1842.6,1841.1,1840.7,3644.5,3644.7,3645.4,2510.7,2509.4,2509.6,2869.3,2869.2,2868.9,26.629999,25.420000,going to home base
2024-04-13T04:19:19Z,2352.4,2351.6,2351.8,2583.8,2583.9,2584.5,5624.9,5624.5,5624.6,2318.6,2318.7,2318.9,3453.8,3453.6,3453.5,4349.3,4349.3,4349.1,6027.7,6028.5,6027.9,8550.5,8550.7,8551.1,5162.4,5162.9,5163.0,7376.8,7375.5,7375.3,6066.6,6064.9,6067.1,1843.3,1841.8,1841.1,3645.4,3645.4,3645.7,2510.5,2509.5,2509.5,2868.4,2868.1,2868.4,26.639999,25.389999,going to home base
2024-04-13T04:19:24Z,2352.4,2351.6,2352.0,2583.8,2583.4,2583.4,5624.5,5623.9,5623.7,2318.7,2318.6,2319.3,3453.2,3453.0,3453.2,4349.4,4349.0,4349.0,6028.8,6028.8,6029.6,8547.9,8549.5,8549.2,5163.0,5161.4,5163.7,7375.2,7375.5,7375.1,6066.7,6065.7,6067.7,1842.8,1841.4,1841.9,3644.7,3644.9,3645.9,2510.8,2510.5,2510.3,2869.5,2869.4,2869.1,26.610001,25.450001,going to home base
2024-04-13T04:19:29Z,2351.8,2351.4,2351.7,2583.5,2582.8,2583.2,5623.6,5623.6,5623.7,2319.4,2319.1,2320.1,3453.7,3453.7,3453.3,4348.8,4348.6,4348.3,6028.6,6029.1,6029.9,8553.2,8549.7,8548.5,5163.2,5162.3,5163.4,7376.0,7374.5,7376.5,6066.0,6065.6,6067.3,1842.8,1841.2,1841.4,3645.6,3645.4,3646.3,2511.4,2510.7,2510.7,2870.7,2869.6,2870.0,26.610001,25.379999,going to home base
2024-04-13T04:19:34Z,2352.1,2351.4,2351.9,2584.1,2584.4,2584.6,5624.7,5624.1,5624.3,2319.2,2319.1,2319.9,3453.1,3452.9,3453.0,4348.3,4348.1,4348.6,6027.8,6027.3,6027.7,8552.2,8550.0,8552.3,5162.8,5162.1,5162.9,7375.2,7375.0,7375.0,6064.5,6065.1,6066.1,1843.4,1841.9,1841.9,3645.3,3645.1,3646.0,2511.7,2510.2,2510.8,2869.5,2869.3,2869.0,26.629999,25.480000,going to home base
2024-04-13T04:19:39Z,2352.0,2351.6,2351.9,2583.9,2583.6,2583.6,5624.7,5624.3,5624.4,2319.2,2319.3,2319.7,3453.5,3452.6,3452.6,4348.4,4348.1,4348.2,6029.6,6029.2,6031.4,8551.6,8550.8,8550.2,5163.2,5162.6,5163.7,7375.8,7374.7,7375.4,6068.2,6068.1,6067.1,1843.1,1841.3,1841.4,3645.4,3645.8,3645.9,2510.7,2510.2,2509.9,2868.2,2867.8,2867.5,26.610001,25.410000,going to home base
2024-04-13T04:19:44Z,2352.1,2351.1,2351.6,2583.3,2583.3,2584.0,5624.5,5624.4,5624.4,2318.6,2318.5,2318.7,3453.3,3453.0,3452.8,4348.7,4348.4,4348.8,6028.8,6028.3,6027.9,8550.3,8552.9,8552.5,5163.5,5163.5,5163.9,7374.1,7374.1,7374.9,6068.9,6067.4,6068.9,1842.6,1841.5,1841.5,3645.1,3645.4,3645.9,2510.8,2509.3,2509.5,2867.9,2867.6,2868.1,26.610001,25.430000,going to home base
2024-04-13T04:19:49Z,2352.2,2351.8,2352.0,2583.3,2583.2,2583.9,5624.6,5624.4,5624.7,2319.2,2319.0,2319.5,3453.6,3453.2,3452.8,4349.5,4348.8,4348.8,6029.0,6027.9,6028.3,8549.9,8551.4,8549.6,5164.0,5163.8,5164.3,7375.4,7374.1,7374.6,6066.5,6064.7,6066.2,1843.0,1841.7,1841.6,3644.6,3645.0,3645.6,2510.7,2510.3,2510.4,2869.4,2869.1,2869.3,26.629999,25.420000,going to home base
2024-04-13T04:19:54Z,2351.8,2351.3,2351.6,2584.0,2583.7,2584.0,5624.3,5623.8,5623.8,2319.4,2319.3,2319.6,3452.4,3452.2,3452.8,4349.5,4349.5,4349.1,6029.2,6026.8,6027.4,8552.2,8549.5,8550.5,5163.6,5163.4,5161.8,7376.2,7375.5,7376.2,6067.0,6065.5,6067.6,1842.9,1841.0,1841.0,3644.5,3643.8,3644.9,2509.5,2508.7,2509.2,2870.2,2869.2,2870.2,26.629999,25.450001,going to home base
2024-04-13T04:19:59Z,2352.1,2351.4,2351.7,2583.6,2583.8,2583.8,5624.0,5623.8,5624.0,2319.5,2319.0,2319.7,3453.2,3453.1,3453.3,4348.4,4348.1,4348.2,6027.3,6028.2,6028.6,8551.2,8552.2,8548.7,5164.3,5163.9,5164.8,7376.3,7376.3,7375.7,6066.8,6065.8,6065.5,1842.4,1841.1,1840.7,3645.4,3645.0,3645.6,2509.6,2509.6,2509.4,2869.7,2868.2,2869.0,26.660000,25.440001,going to home base
2024-04-13T04:20:04Z,2352.2,2351.6,2352.0,2583.7,2583.4,2583.6,5624.2,5624.1,5624.1,2319.2,2319.3,2319.5,3453.3,3452.9,3452.6,4348.5,4348.6,4348.6,6030.3,6029.9,6030.3,8551.2,8549.3,8548.4,5163.9,5163.4,5164.9,7373.7,7373.4,7374.8,6064.9,6064.0,6065.5,1842.9,1841.2,1841.2,3644.4,3644.6,3645.7,2510.5,2509.7,2509.3,2869.6,2869.5,2869.8,26.629999,25.410000,going to home base
2024-04-13T04:20:09Z,2352.0,2351.5,2351.4,2583.8,2583.7,2584.3,5624.4,5623.9,5623.9,2320.0,2319.8,2320.2,3454.0,3453.2,3453.5,4348.7,4348.9,4348.6,6029.7,6030.4,6030.5,8549.2,8549.3,8551.0,5164.1,5164.3,5164.8,7379.3,7377.9,7379.1,6066.0,6066.6,6065.5,1842.3,1840.7,1840.8,3644.7,3645.0,3645.7,2509.6,2508.7,2509.5,2869.8,2868.5,2869.1,26.629999,25.459999,going to home base
2024-04-13T04:20:14Z,2352.3,2351.2,2351.5,2583.5,2583.8,2584.1,5624.6,5624.5,5624.1,2319.9,2319.9,2320.4,3453.1,3453.3,3452.8,4348.6,4348.5,4348.7,6027.9,6028.1,6028.4,8552.3,8552.4,8548.7,5164.8,5162.8,5164.3,7377.8,7377.7,7377.8,6064.1,6064.8,6065.5,1842.6,1840.9,1841.4,3645.2,3645.1,3645.8,2511.2,2510.4,2511.1,2868.8,2868.3,2869.1,26.639999,25.420000,going to home base
2024-04-13T04:20:19Z,2351.4,2350.8,2351.1,2583.5,2583.7,2584.2,5624.4,5623.9,5623.9,2319.2,2319.1,2319.6,3454.3,3454.1,3454.2,4348.4,4348.6,4348.5,6029.5,6030.0,6031.0,8550.4,8548.9,8550.3,5164.0,5164.2,5165.5,7377.5,7377.2,7376.7,6065.8,6065.3,6067.7,1842.9,1841.3,1841.6,3644.9,3645.3,3645.6,2511.0,2510.0,2510.5,2869.5,2868.8,2869.2,26.629999,25.430000,going to home base
2024-04-13T04:20:24Z,2352.0,2351.4,2351.8,2582.7,2583.4,2583.4,5624.2,5623.9,5623.8,2319.2,2319.6,2319.7,3454.9,3453.9,3453.8,4348.7,4348.5,4348.6,6027.5,6027.1,6028.4,8551.0,8550.4,8551.5,5164.0,5163.9,5164.1,7376.4,7375.4,7376.5,6063.6,6063.6,6064.9,1842.7,1841.1,1841.4,3645.3,3645.5,3645.8,2510.7,2509.7,2509.8,2869.6,2869.5,2869.7,26.600000,25.480000,going to home base
2024-04-13T04:20:29Z,2351.8,2351.1,2351.2,2584.2,2583.8,2584.2,5623.9,5624.0,5623.9,2319.3,2319.2,2319.8,3454.1,3453.7,3453.7,4348.8,4348.6,4348.7,6027.7,6027.1,6028.2,8554.1,8553.5,8552.8,5163.8,5163.8,5164.4,7376.4,7376.6,7378.2,6067.2,6065.7,6066.7,1842.6,1841.1,1841.1,3644.6,3644.7,3645.5,2509.8,2509.0,2509.2,2870.6,2870.3,2869.2,26.629999,25.430000,going to home base
2024-04-13T04:20:34Z,2352.2,2351.4,2351.7,2584.0,2583.9,2583.9,5624.0,5624.0,5623.4,2319.4,2319.5,2319.5,3453.1,3452.9,3452.7,4348.4,4348.4,4348.2,6029.2,6028.9,6029.8,8553.1,8552.4,8553.7,5164.2,5164.0,5164.9,7378.5,7378.3,7375.6,6064.0,6064.7,6064.7,1842.6,1841.2,1841.2,3645.2,3645.1,3646.1,2510.9,2510.0,2509.7,2869.4,2869.6,2870.2,26.639999,25.450001,going to home base
2024-04-13T04:20:39Z,2351.8,2351.2,2351.4,2583.7,2583.8,2583.7,5623.8,5624.2,5624.0,2318.8,2319.0,2319.2,3453.8,3452.8,3453.2,4348.6,4348.3,4348.1,6029.0,6031.1,6030.3,8554.2,8554.0,8554.3,5163.3,5163.5,5164.3,7377.3,7377.7,7379.1,6064.9,6064.8,6066.2,1842.5,1840.7,1840.8,3645.1,3645.1,3646.3,2510.9,2510.3,2510.4,2869.3,2869.8,2869.4,26.610001,25.459999,going to home base
2024-04-13T04:20:44Z,2352.0,2351.5,2351.7,2583.2,2583.1,2583.2,5623.8,5623.2,5623.4,2318.5,2318.5,2318.8,3453.0,3453.3,3452.6,4348.3,4348.4,4348.5,6028.5,6029.1,6030.2,8551.3,8552.9,8552.7,5164.1,5163.6,5164.4,7376.1,7376.7,7377.4,6064.5,6062.8,6064.4,1842.2,1840.7,1840.6,3645.5,3645.8,3646.9,2510.9,2509.8,2510.4,2870.2,2869.3,2869.5,26.629999,25.450001,going to home base
2024-04-13T04:20:49Z,2352.0,2351.2,2351.7,2583.4,2583.4,2583.5,5624.2,5623.8,5623.7,2319.2,2319.1,2319.1,3453.3,3452.9,3452.9,4348.0,4348.0,4348.1,6026.0,6025.0,6026.8,8548.5,8552.5,8551.3,5163.4,5163.6,5163.9,7376.9,7375.3,7374.9,6064.5,6065.7,6064.4,1842.1,1841.0,1840.9,3645.5,3645.3,3646.2,2510.5,2509.9,2509.7,2868.5,2868.2,2869.5,26.639999,25.459999,going to home base
2024-04-13T04:20:54Z,2352.1,2351.3,2351.7,2583.5,2582.9,2583.6,5624.1,5623.9,5624.0,2319.0,2319.1,2319.3,3452.8,3452.1,3452.4,4348.4,4348.3,4348.3,6028.8,6029.1,6029.2,8552.2,8551.2,8553.5,5163.3,5163.5,5164.2,7375.2,7375.2,7375.8,6065.1,6065.5,6064.7,1842.9,1841.5,1841.0,3645.9,3646.4,3647.5,2511.0,2510.0,2509.9,2869.0,2868.7,2869.4,26.610001,25.420000,going to home base
2024-04-13T04:20:59Z,2351.5,2351.2,2351.0,2583.6,2583.8,2584.5,5624.1,5623.4,5623.8,2319.0,2319.0,2319.4,3453.6,3453.4,3452.9,4348.0,4348.0,4348.2,6025.3,6026.7,6026.2,8549.3,8549.1,8548.3,5163.6,5163.8,5163.9,7377.1,7375.7,7376.3,6066.0,6063.9,6064.6,1842.7,1841.3,1841.3,3644.5,3644.5,3645.2,2510.1,2509.3,2509.8,2870.0,2868.1,2869.4,26.629999,25.450001,going to home base
2024-04-13T04:21:04Z,2351.2,2350.4,2350.8,2584.8,2584.1,2584.7,5624.1,5623.3,5623.7,2319.0,2319.0,2319.4,3453.5,3453.3,3453.3,4348.1,4348.1,4347.7,6026.8,6025.9,6026.9,8550.7,8550.8,8551.4,5163.7,5163.2,5164.6,7377.8,7376.7,7376.0,6065.4,6067.2,6066.1,1842.4,1840.7,1840.9,3644.9,3644.6,3645.5,2510.8,2509.5,2509.8,2870.1,2869.3,2870.1,26.629999,25.430000,going to home base
2024-04-13T04:21:09Z,2351.6,2351.4,2351.2,2583.8,2583.4,2584.3,5624.1,5623.6,5623.7,2318.3,2318.3,2318.6,3453.6,3453.1,3452.9,4348.0,4347.6,4347.9,6027.9,6028.2,6028.2,8552.3,8551.4,8551.2,5163.9,5163.8,5164.5,7378.2,7377.2,7376.8,6063.7,6065.2,6066.1,1842.5,1841.0,1840.5,3645.2,3645.5,3645.8,2510.0,2509.5,2509.6,2869.2,2868.4,2869.3,26.610001,25.440001,going to home base
2024-04-13T04:21:14Z,2352.0,2351.2,2351.3,2583.3,2583.5,2583.5,5623.8,5623.2,5623.1,2318.7,2319.2,2319.1,3453.2,3452.6,3452.4,4348.9,4348.0,4348.6,6027.0,6028.4,6027.9,8551.5,8551.3,8553.3,5162.8,5162.4,5163.7,7377.8,7375.9,7377.2,6064.7,6063.8,6062.3,1842.4,1840.9,1840.7,3645.5,3645.1,3646.4,2510.8,2510.1,2510.1,2869.6,2869.5,2869.1,26.629999,25.450001,going to home base
2024-04-13T04:21:19Z,2351.5,2351.4,2351.0,2583.8,2583.9,2583.9,5624.1,5623.6,5623.9,2318.4,2318.6,2319.1,3454.2,3453.1,3453.4,4348.2,4348.5,4348.6,6028.7,6027.8,6028.5,8551.5,8549.8,8551.4,5163.3,5163.6,5164.4,7376.0,7375.8,7375.9,6065.6,6065.6,6065.7,1842.2,1840.8,1840.5,3645.1,3645.4,3646.3,2510.2,2509.5,2509.7,2870.4,2869.7,2868.9,26.610001,25.459999,going to home base
2024-04-13T04:21:24Z,2351.4,2350.8,2351.0,2584.1,2583.9,2584.3,5624.2,5624.2,5623.2,2319.1,2318.6,2319.2,3453.8,3453.2,3453.6,4348.5,4348.0,4347.7,6028.8,6028.0,6028.6,8547.0,8547.5,8549.0,5163.9,5162.9,5164.3,7375.0,7373.9,7373.2,6064.3,6064.0,6064.5,1842.9,1841.1,1841.1,3644.8,3644.9,3645.2,2510.2,2509.2,2509.6,2868.7,2868.6,2869.2,26.629999,25.450001,going to home base
2024-04-13T04:21:29Z,2351.9,2351.3,2351.6,2583.9,2584.4,2584.2,5623.1,5623.1,5623.6,2319.0,2318.7,2319.3,3453.6,3453.3,3453.4,4348.6,4348.1,4348.0,6028.5,6027.8,6028.1,8550.6,8548.1,8550.7,5163.6,5163.2,5164.0,7375.6,7375.1,7374.2,6064.4,6064.2,6066.1,1842.2,1840.5,1840.6,3645.5,3645.7,3646.4,2510.3,2509.4,2509.2,2870.3,2870.2,2870.8,26.610001,25.410000,going to home base
2024-04-13T04:21:34Z,2351.6,2350.7,2350.9,2583.0,2583.5,2583.7,5623.9,5622.9,5623.6,2318.8,2318.7,2319.5,3453.7,3452.7,3453.1,4348.4,4348.0,4347.9,6029.0,6028.2,6030.5,8550.8,8548.7,8550.2,5163.2,5161.9,5163.9,7375.3,7375.1,7374.4,6064.9,6065.6,6065.3,1842.8,1841.0,1840.9,3645.0,3644.9,3646.3,2510.3,2509.6,2509.8,2870.4,2869.1,2869.9,26.629999,25.389999,going to home base
2024-04-13T04:21:39Z,2351.3,2350.5,2351.0,2583.8,2583.4,2583.6,5623.5,5623.1,5623.5,2318.6,2318.3,2318.8,3453.5,3453.1,3453.5,4348.0,4348.1,4347.8,6030.3,6030.6,6031.4,8547.3,8546.5,8548.1,5163.1,5162.9,5162.9,7373.6,7372.8,7373.9,6063.4,6062.9,6064.1,1842.4,1840.8,1840.4,3645.7,3645.5,3646.8,2510.3,2509.3,2509.2,2868.9,2868.3,2868.2,26.610001,25.389999,going to home base
2024-04-13T04:21:44Z,2351.9,2351.1,2351.1,2583.4,2583.4,2583.7,5623.9,5623.6,5623.3,2318.8,2318.6,2318.8,3453.7,3453.4,3453.8,4348.4,4347.6,4347.7,6026.1,6026.3,6026.9,8549.2,8548.3,8546.0,5163.5,5164.2,5164.5,7375.8,7375.2,7375.5,6062.4,6062.3,6062.9,1842.6,1841.2,1841.0,3646.8,3646.2,3647.2,2510.4,2509.3,2509.8,2870.0,2869.2,2869.5,26.629999,25.389999,going to home base
2024-04-13T04:21:49Z,2351.6,2351.2,2351.0,2583.7,2583.7,2583.8,5623.2,5623.0,5622.8,2319.4,2319.3,2319.6,3454.0,3453.5,3453.4,4347.9,4348.1,4347.7,6026.5,6026.2,6026.0,8549.5,8548.4,8548.8,5163.5,5162.4,5162.8,7373.8,7373.6,7373.4,6063.6,6064.8,6065.8,1842.7,1841.3,1841.4,3646.0,3646.4,3646.4,2509.9,2509.2,2509.3,2869.9,2869.5,2870.0,26.629999,25.389999,going to home base
2024-04-13T04:21:54Z,2351.5,2351.2,2351.3,2584.2,2583.8,2584.2,5623.8,5623.4,5623.4,2318.9,2318.6,2319.3,3454.0,3453.7,3453.8,4347.9,4347.7,4347.8,6027.9,6026.9,6028.1,8551.3,8551.2,8550.8,5163.0,5163.1,5163.6,7376.2,7374.5,7375.1,6062.7,6063.1,6063.1,1842.3,1840.7,1840.4,3645.4,3645.4,3646.5,2509.9,2508.9,2509.5,2869.0,2869.0,2868.7,26.629999,25.430000,going to home base
2024-04-13T04:21:59Z,2351.7,2350.9,2351.4,2584.3,2584.3,2584.3,5623.6,5623.3,5622.9,2319.1,2319.3,2319.3,3453.1,3453.3,3452.9,4348.2,4348.3,4348.6,6025.3,6025.2,6026.6,8550.0,8549.1,8549.9,5164.5,5163.9,5164.8,7377.7,7377.5,7376.5,6061.9,6061.9,6062.1,1842.7,1841.7,1841.2,3645.6,3645.5,3646.4,2510.2,2509.1,2509.3,2869.4,2869.0,2869.2,26.629999,25.430000,going to home base
2024-04-13T04:22:04Z,2351.6,2350.8,2351.1,2583.6,2583.6,2583.8,5623.1,5622.9,5622.9,2318.5,2318.6,2319.0,3453.3,3452.1,3452.6,4347.9,4348.0,4347.5,6028.4,6028.1,6028.8,8549.1,8549.7,8550.1,5165.0,5164.4,5164.7,7377.2,7376.1,7376.1,6062.8,6061.3,6060.8,1842.7,1841.2,1841.5,3645.4,3645.2,3645.9,2509.6,2509.1,2509.2,2869.8,2868.8,2868.6,26.629999,25.480000,going to home base
2024-04-13T04:22:09Z,2351.4,2350.7,2351.0,2583.1,2583.4,2583.7,5623.3,5622.7,5623.2,2318.1,2318.2,2318.6,3453.9,3453.4,3453.3,4348.1,4348.2,4347.9,6028.2,6028.0,6027.2,8549.7,8549.4,8547.7,5165.1,5164.4,5164.8,7377.4,7376.4,7376.4,6062.6,6062.7,6063.2,1842.9,1841.4,1841.1,3645.4,3645.1,3646.0,2510.1,2508.9,2508.9,2868.6,2868.1,2868.7,26.629999,25.450001,going to home base
2024-04-13T04:22:14Z,2351.6,2350.9,2351.4,2583.5,2583.4,2583.7,5623.4,5622.8,5623.2,2318.3,2318.5,2318.5,3454.0,3452.9,3452.5,4347.7,4347.8,4347.5,6029.6,6028.4,6028.6,8551.2,8548.6,8548.7,5163.1,5162.3,5163.5,7376.2,7375.3,7375.9,6065.3,6065.8,6066.3,1842.5,1841.2,1841.2,3645.5,3645.6,3646.6,2510.4,2509.5,2509.4,2869.2,2868.6,2869.3,26.600000,25.410000,going to home base
2024-04-13T04:22:19Z,2351.7,2351.1,2351.4,2583.8,2582.9,2583.8,5622.4,5622.4,5622.6,2317.7,2317.7,2317.9,3453.9,3453.2,3453.3,4347.7,4347.8,4347.7,6026.5,6026.9,6027.7,8550.0,8549.0,8548.8,5163.5,5163.2,5162.4,7377.1,7377.3,7377.1,6064.1,6064.8,6063.2,1842.5,1840.9,1840.8,3645.3,3645.4,3646.0,2509.6,2508.3,2508.4,2869.7,2868.8,2869.1,26.629999,25.440001,going to home base
2024-04-13T04:22:24Z,2351.9,2351.2,2351.3,2583.4,2583.8,2584.0,5623.6,5623.5,5623.7,2318.1,2318.2,2318.4,3453.2,3453.0,3452.8,4347.5,4347.6,4347.6,6028.2,6028.2,6027.9,8547.0,8548.9,8550.7,5163.8,5163.1,5164.1,7374.8,7374.0,7373.6,6063.0,6063.4,6064.8,1842.3,1841.2,1840.8,3644.8,3644.6,3645.7,2509.6,2509.3,2509.1,2869.7,2869.6,2869.0,26.610001,25.450001,going to home base
2024-04-13T04:22:29Z,2351.2,2350.8,2350.9,2583.5,2583.5,2584.0,5624.0,5623.4,5622.8,2318.1,2317.8,2317.9,3453.5,3453.4,3454.0,4347.8,4347.5,4347.6,6026.8,6027.2,6030.2,8550.7,8550.3,8549.3,5163.6,5163.0,5163.1,7375.2,7373.0,7375.0,6065.4,6063.7,6064.6,1842.3,1840.6,1840.4,3644.2,3644.2,3645.7,2510.1,2509.4,2510.1,2869.2,2868.8,2868.2,26.629999,25.389999,going to home base
2024-04-13T04:22:34Z,2351.5,2350.9,2351.2,2584.1,2584.1,2584.9,5623.0,5622.5,5622.5,2318.1,2318.0,2318.3,3453.3,3452.9,3452.6,4347.7,4347.7,4347.4,6027.4,6028.0,6027.2,8549.8,8549.4,8550.4,5162.1,5163.2,5162.5,7375.1,7374.1,7373.0,6065.7,6065.4,6066.0,1842.3,1840.6,1841.1,3644.9,3645.7,3645.8,2510.2,2509.2,2509.6,2868.1,2868.1,2868.3,26.629999,25.389999,going to home base
2024-04-13T04:22:39Z,2350.8,2350.3,2350.3,2584.1,2583.8,2583.8,5623.3,5623.1,5622.8,2318.7,2318.9,2319.4,3454.1,3453.7,3453.6,4347.8,4347.8,4348.2,6029.5,6028.5,6028.2,8552.3,8550.1,8549.5,5162.5,5160.9,5162.8,7376.5,7374.6,7376.5,6064.1,6061.9,6063.9,1842.5,1840.9,1840.7,3644.4,3644.6,3645.1,2510.1,2509.2,2509.3,2868.4,2867.5,2866.4,26.610001,25.410000,going to home base
2024-04-13T04:22:44Z,2352.0,2351.2,2351.5,2583.4,2583.4,2583.5,5622.9,5622.7,5622.7,2318.3,2318.2,2318.8,3453.6,3452.6,3452.9,4347.9,4347.8,4347.9,6027.7,6025.9,6027.5,8548.5,8548.0,8550.4,5162.6,5162.5,5163.2,7375.5,7376.3,7376.1,6065.9,6066.2,6064.4,1842.9,1841.6,1841.4,3644.7,3644.5,3645.4,2509.9,2508.9,2508.8,2867.8,2867.5,2868.0,26.629999,25.450001,going to home base
2024-04-13T04:22:49Z,2351.5,2351.5,2351.2,2584.1,2582.9,2583.6,5623.1,5622.8,5623.0,2318.4,2318.6,2318.8,3453.5,3453.3,3453.4,4348.0,4347.8,4347.9,6029.8,6028.8,6028.3,8549.3,8548.3,8549.8,5163.1,5164.2,5164.3,7374.2,7375.4,7375.7,6063.7,6062.0,6061.9,1842.6,1841.2,1841.3,3644.3,3644.6,3645.1,2509.3,2508.9,2508.9,2867.9,2867.0,2867.8,26.629999,25.450001,going to home base
2024-04-13T04:22:54Z,2351.4,2350.8,2350.8,2583.7,2583.7,2584.3,5622.8,5622.6,5622.8,2317.9,2318.3,2319.1,3453.6,3453.7,3453.3,4347.5,4347.4,4347.1,6028.4,6028.9,6029.2,8550.3,8550.0,8548.3,5162.1,5162.2,5163.5,7375.5,7375.2,7375.4,6063.5,6063.2,6064.4,1843.0,1841.4,1840.9,3644.0,3644.0,3644.9,2509.7,2508.9,2509.4,2867.9,2867.4,2867.8,26.629999,25.450001,going to home base
2024-04-13T04:22:59Z,2351.8,2350.9,2351.2,2583.5,2583.4,2583.5,5623.0,5622.3,5622.4,2317.9,2318.2,2318.4,3453.9,3452.9,3453.2,4347.5,4347.5,4347.3,6030.2,6029.8,6030.9,8550.9,8550.6,8551.5,5163.5,5163.1,5164.3,7373.9,7370.8,7371.8,6065.2,6063.4,6064.0,1842.5,1840.8,1841.3,3644.2,3644.8,3645.1,2508.8,2508.0,2508.2,2869.0,2868.0,2867.9,26.629999,25.459999,going to home base
2024-04-13T04:23:04Z,2351.5,2351.0,2350.9,2583.1,2582.8,2583.6,5623.3,5622.2,5622.5,2317.9,2318.1,2318.1,3453.6,3453.3,3452.6,4347.5,4347.4,4347.3,6025.7,6027.6,6029.3,8550.4,8549.9,8551.2,5163.1,5162.3,5163.5,7375.3,7374.1,7375.3,6061.5,6062.0,6063.0,1842.8,1841.4,1841.4,3643.8,3644.7,3645.2,2510.6,2509.5,2509.5,2867.5,2868.0,2867.9,26.610001,25.480000,going to home base
2024-04-13T04:23:09Z,2351.5,2350.8,2351.1,2583.7,2584.0,2584.0,5622.7,5622.7,5622.8,2318.4,2317.9,2319.1,3452.7,3452.2,3452.3,4347.7,4347.4,4347.8,6028.4,6026.0,6027.0,8549.4,8549.8,8550.2,5161.8,5163.0,5163.1,7375.5,7374.6,7375.0,6061.6,6062.3,6062.0,1843.0,1841.6,1841.7,3644.6,3644.3,3645.6,2509.9,2509.3,2509.1,2869.9,2869.1,2869.7,26.610001,25.410000,going to home base
2024-04-13T04:23:14Z,2351.1,2350.5,2350.9,2583.6,2584.0,2584.1,5622.5,5622.0,5622.4,2317.9,2317.3,2317.8,3452.6,3452.8,3452.2,4347.8,4348.0,4347.9,6029.5,6026.1,6027.9,8548.5,8549.3,8549.7,5161.1,5161.4,5162.8,7377.5,7376.1,7376.1,6063.6,6063.5,6061.8,1842.9,1841.3,1841.0,3644.8,3644.9,3645.4,2510.0,2508.6,2508.8,2869.7,2869.0,2869.5,26.629999,25.410000,going to home base
2024-04-13T04:23:19Z,2350.7,2350.2,2350.8,2583.5,2583.7,2583.9,5622.6,5622.4,5622.4,2318.1,2318.2,2318.7,3453.7,3452.7,3452.2,4347.6,4347.2,4347.1,6029.0,6028.1,6028.4,8548.7,8548.9,8551.1,5162.8,5161.8,5164.1,7377.0,7375.5,7375.4,6065.0,6063.0,6064.1,1841.8,1840.6,1840.5,3645.0,3644.3,3645.6,2509.7,2508.8,2508.6,2868.6,2867.8,2867.9,26.629999,25.450001,going to home base
2024-04-13T04:23:29Z,2351.0,2350.4,2350.5,2583.5,2583.2,2583.3,5622.5,5622.1,5621.9,2318.2,2318.5,2318.8,3452.8,3452.8,3452.5,4348.0,4347start,26521.0,26524.0,2350.7,2350.0,5623.4,5622.6,5622.6,2318.5,2318.4,2318.9,3725.0,3725.1,87689.6,87690.8,13988.1,13993.5,4347.1,4347.2,4347.1,6028.0,6027.5,6026.5,16355.7,16355.8,33857.6,33873.6,8552.4,8550.3,5162.2,5163.1,going to home base
2024-04-13T04:23:39Z,2350.9,2350.6,2350.4,2583.2,2583.5,2583.3,5622.8,5623.1,5622.9,2318.3,2318.0,2318.6,3452.8,3451.4,3452.0,4347.6,4347.7,4347.5,6029.1,6027.9,6029.5,8550.1,8551.3,8549.8,5163.5,5162.5,5163.2,7374.9,7373.8,7373.5,6063.1,6063.1,6065.1,1842.4,1840.6,1840.8,3643.7,3643.9,3644.7,2510.4,2509.5,2509.1,2868.9,2868.3,2868.4,26.600000,25.410000,going to home base
2024-04-13T04:23:44Z,2350.7,2349.9,2350.4,2583.7,2583.2,2583.4,5623.5,5623.3,5623.5,2318.5,2318.3,2318.7,3453.1,3452.6,3452.5,4347.5,4347.5,4347.2,6028.7,6027.1,6029.0,8551.8,8550.8,8549.3,5161.7,5161.1,5162.3,7375.3,7373.5,7375.1,6059.3,6058.7,6059.3,1842.4,1840.9,1840.6,3644.5,3644.5,3645.5,2509.8,2509.9,2509.2,2871.0,2870.2,2870.5,26.629999,25.420000,going to home base
2024-04-13T04:23:49Z,2350.9,2350.3,2350.7,2584.0,2583.7,2584.1,5623.1,5623.2,5623.2,2318.2,2318.0,2318.3,3452.6,3452.7,3452.8,4347.6,4347.0,4346.9,6028.3,6027.7,6027.9,8546.4,8545.4,8547.0,5162.3,5161.3,5162.4,7375.1,7373.3,7373.9,6062.8,6063.7,6062.5,1842.0,1840.6,1840.5,3645.3,3645.1,3645.9,2509.9,2509.6,2510.0,2870.0,2869.2,2870.3,26.629999,25.469999,going to home base
2024-04-13T04:23:54Z,2351.0,2350.5,2350.8,2583.1,2583.3,2583.5,5622.9,5622.5,5622.9,2317.9,2317.8,2318.3,3452.5,3452.1,3452.0,4347.4,4347.5,4347.4,6028.4,6027.2,6028.5,8546.1,8546.2,8547.7,5161.1,5160.8,5161.5,7372.6,7372.3,7373.5,6060.0,6061.8,6060.9,1842.7,1841.2,1841.3,3645.2,3644.3,3645.5,2509.8,2509.5,2509.2,2869.3,2868.2,2868.4,26.600000,25.450001,going to home base
2024-04-13T04:23:59Z,2351.2,2350.4,2350.6,2583.9,2583.2,2583.6,5622.7,5622.5,5622.2,2317.7,2317.8,2318.0,3452.0,3451.9,3451.8,4347.6,4347.0,4347.5,6027.6,6025.5,6027.1,8546.2,8547.2,8549.1,5161.0,5161.4,5160.9,7374.1,7373.8,7374.5,6060.9,6061.5,6061.5,1842.4,1840.6,1840.7,3645.2,3645.1,3645.6,2510.2,2509.3,2509.2,2868.0,2867.1,2868.1,26.629999,25.450001,going to home base
2024-04-13T04:24:04Z,2351.3,2350.9,2350.7,2583.9,2583.8,2583.9,5622.8,5622.4,5622.4,2318.1,2318.3,2318.6,3453.8,3453.0,3452.0,4347.7,4347.2,4347.3,6027.4,6027.7,6026.7,8545.2,8546.3,8548.1,5162.5,5162.0,5162.2,7373.2,7374.5,7374.0,6061.8,6063.3,6062.4,1841.7,1840.7,1840.6,3645.0,3644.8,3645.2,2511.0,2510.2,2509.6,2868.6,2868.5,2869.5,26.629999,25.420000,going to home base
2024-04-13T04:24:09Z,2351.0,2350.3,2350.5,2583.4,2583.5,2584.0,5622.8,5622.7,5623.1,2317.8,2318.1,2318.3,3452.5,3451.9,3452.3,4347.5,4347.0,4347.0,6028.1,6026.5,6026.8,8547.4,8546.3,8546.6,5162.4,5161.3,5163.4,7373.5,7373.4,7373.6,6058.9,6058.0,6059.6,1842.4,1840.9,1840.5,3645.0,3644.9,3645.9,2510.2,2509.6,2509.8,2867.4,2866.8,2867.8,26.629999,25.410000,going to home base
2024-04-13T04:24:14Z,2350.9,2350.4,2350.3,2583.0,2583.0,2583.3,5623.8,5623.2,5623.0,2317.7,2317.8,2318.2,3453.7,3453.2,3452.7,4347.6,4347.4,4347.4,6027.9,6028.2,6028.7,8546.9,8546.8,8549.3,5160.6,5161.4,5161.2,7371.1,7370.7,7371.1,6062.0,6060.2,6061.7,1841.9,1840.7,1840.3,3644.5,3644.5,3645.2,2509.5,2509.3,2510.0,2867.9,2867.0,2867.7,26.629999,25.420000,going to home base
2024-04-13T04:24:19Z,2350.2,2349.4,2349.8,2583.3,2583.0,2583.9,5623.2,5622.8,5623.2,2317.9,2318.2,2318.5,3453.1,3452.9,3452.7,4347.5,4347.1,4346.7,6026.3,6028.3,6028.0,8547.7,8545.6,8548.6,5161.8,5160.7,5162.4,7372.5,7372.8,7372.7,6061.2,6063.8,6063.9,1841.7,1840.1,1839.8,3645.5,3644.5,3645.2,2509.2,2508.6,2508.7,2869.4,2869.3,2869.2,26.600000,25.410000,going to home base
2024-04-13T04:24:24Z,2351.5,2350.8,2351.0,2583.8,2584.0,2583.5,5622.9,5622.4,5622.5,2318.5,2318.6,2319.1,3453.1,3452.8,3452.8,4347.3,4347.3,4347.3,6027.4,6026.8,6026.2,8547.1,8546.8,8547.0,5163.6,5163.2,5165.0,7373.5,7374.1,7373.7,6062.5,6061.7,6063.0,1841.6,1840.2,1839.6,3645.5,3645.4,3646.1,2510.8,2509.8,2510.1,2870.7,2869.9,2870.2,26.600000,25.430000,going to home base
2024-04-13T04:24:29Z,2351.1,2350.1,2350.3,2583.6,2583.7,2584.0,5623.4,5623.3,5623.3,2317.7,2317.7,2318.2,3452.7,3451.8,3452.3,4347.1,4347.3,4347.0,6026.4,6026.1,6026.9,8545.7,8546.8,8547.6,5161.3,5161.3,5162.7,7373.5,7373.4,7372.2,6060.6,6060.4,6061.6,1841.7,1840.7,1840.3,3644.1,3644.5,3645.5,2510.4,2509.3,2509.7,2869.9,2869.3,2869.7,26.629999,25.410000,going to home base
2024-04-13T04:24:34Z,2350.1,2349.4,2349.8,2584.0,2583.6,2583.9,5623.5,5623.6,5623.1,2318.3,2318.3,2318.5,3453.0,3452.8,3452.4,4347.7,4348.0,4347.5,6024.8,6023.5,6024.7,8545.7,8546.4,8546.7,5163.0,5161.8,5163.0,7375.3,7374.5,7374.5,6062.7,6061.4,6061.6,1841.9,1840.5,1840.3,3644.8,3645.0,3645.7,2509.9,2509.2,2509.1,2868.9,2868.7,2868.4,26.600000,25.430000,going to home base
2024-04-13T04:24:39Z,2350.4,2349.8,2350.6,2583.0,2583.5,2583.5,5623.4,5623.1,5622.9,2318.1,2318.4,2318.8,3452.1,3451.8,3451.9,4347.1,4346.8,4346.9,6025.9,6026.3,6025.5,8544.2,8545.0,8545.5,5160.9,5161.4,5162.6,7374.1,7372.3,7371.9,6060.7,6061.1,6062.1,1841.6,1840.2,1840.4,3644.6,3644.9,3645.7,2509.5,2509.4,2509.5,2868.7,2868.2,2868.8,26.610001,25.430000,going to home base
2024-04-13T04:24:44Z,2350.7,2350.0,2350.1,2583.2,2583.2,2583.7,5623.5,5622.9,5623.1,2318.5,2318.6,2319.3,3452.3,3452.0,3452.4,4347.8,4347.5,4347.4,6028.8,6026.9,6027.0,8546.5,8545.8,8544.5,5162.7,5162.1,5162.9,7374.3,7373.7,7374.0,6060.0,6059.8,6059.4,1841.9,1840.5,1840.4,3645.2,3645.2,3646.1,2509.7,2508.7,2509.0,2868.8,2868.1,2868.4,26.600000,25.410000,going to home base
2024-04-13T04:24:49Z,2350.0,2349.1,2349.5,2583.0,2583.0,2583.2,5623.1,5622.8,5623.0,2318.6,2318.5,2319.0,3452.1,3452.1,3451.6,4346.8,4346.9,4347.1,6025.6,6026.3,6027.0,8549.9,8547.2,8547.7,5161.9,5161.8,5162.3,7373.9,7374.6,7373.4,6061.2,6061.4,6061.2,1842.0,1840.9,1840.5,3644.9,3644.7,3645.3,2509.7,2508.3,2508.7,2869.2,2868.2,2868.5,26.629999,25.360001,going to home base
2024-04-13T04:24:54Z,2350.6,2349.9,2350.7,2583.0,2583.1,2582.9,5623.5,5622.4,5622.8,2318.2,2318.2,2318.2,3452.4,3452.4,3452.3,4347.0,4346.7,4347.2,6027.1,6027.4,6027.7,8547.3,8546.9,8547.1,5163.0,5162.3,5163.9,7372.0,7371.8,7373.1,6062.5,6061.4,6060.7,1841.5,1840.2,1840.3,3645.3,3645.0,3645.9,2510.1,2509.2,2509.0,2868.9,2867.9,2868.4,26.610001,25.440001,going to home base
2024-04-13T04:24:59Z,2350.7,2350.2,2350.3,2582.7,2582.6,2583.3,5623.0,5622.7,5622.6,2318.1,2318.2,2318.2,3452.5,3452.5,3452.5,4347.0,4346.8,4346.9,6026.7,6028.0,6028.5,8545.2,8545.4,8546.0,5162.4,5161.2,5162.3,7373.2,7372.6,7373.0,6064.2,6063.2,6064.3,1842.1,1840.4,1840.5,3644.7,3645.0,3645.3,2510.8,2510.1,2510.1,2867.7,2868.1,2869.0,26.600000,25.420000,going to home base
2024-04-13T04:25:04Z,2350.1,2349.3,2349.4,2583.3,2582.7,2583.4,5623.1,5622.7,5622.9,2318.3,2318.2,2318.8,3452.5,3452.0,3452.1,4347.1,4346.5,4346.5,6027.2,6026.7,6026.8,8544.4,8545.6,8544.4,5160.8,5160.4,5161.4,7374.3,7372.6,7373.3,6060.1,6060.9,6062.1,1841.7,1840.4,1840.1,3643.5,3643.2,3644.1,2510.0,2510.1,2509.6,2868.5,2867.6,2868.8,26.590000,25.420000,going to home base
2024-04-13T04:25:09Z,2349.6,2349.2,2349.3,2583.1,2583.0,2582.8,5623.1,5622.7,5622.7,2318.3,2318.3,2318.9,3452.4,3452.4,3452.3,4347.1,4346.7,4346.8,6024.8,6025.4,6025.7,8544.2,8545.3,8547.1,5162.1,5161.9,5162.2,7371.3,7370.3,7371.0,6061.7,6059.7,6060.0,1842.3,1840.4,1839.9,3643.8,3643.8,3644.8,2509.9,2508.8,2509.2,2869.1,2868.1,2869.0,26.600000,25.350000,going to home base
2024-04-13T04:25:14Z,2350.0,2349.3,2348.9,2583.2,2583.2,2583.6,5623.1,5622.4,5622.7,2317.7,2317.9,2318.3,3452.2,3451.7,3452.1,4346.6,4346.5,4346.7,6026.1,6026.6,6026.8,8543.4,8544.2,8543.1,5161.4,5161.6,5162.4,7372.3,7371.4,7371.6,6058.5,6059.5,6059.1,1841.4,1840.2,1839.7,3643.4,3643.7,3644.8,2510.3,2509.3,2509.2,2869.6,2869.4,2869.4,26.629999,25.360001,going to home base
2024-04-13T04:25:19Z,2350.7,2350.1,2349.7,2583.0,2583.4,2583.2,5622.9,5622.3,5622.7,2318.2,2317.9,2318.5,3452.4,3452.3,3452.1,4347.0,4346.9,4347.3,6029.2,6028.3,6028.3,8543.9,8544.0,8544.9,5162.1,5162.1,5163.4,7372.9,7373.4,7372.6,6058.4,6059.4,6059.5,1841.6,1840.6,1840.6,3644.0,3644.7,3645.8,2509.2,2508.6,2508.3,2869.0,2868.1,2869.3,26.610001,25.389999,going to home base
2024-04-13T04:25:24Z,2350.5,2349.6,2350.0,2583.1,2583.0,2583.5,5621.7,5621.9,5621.8,2318.4,2318.7,2319.0,3452.6,3451.9,3452.3,4346.8,4346.8,4346.7,6027.9,6026.9,6026.0,8545.5,8544.6,8545.0,5163.1,5162.2,5163.4,7371.7,7371.6,7369.5,6060.8,6061.6,6061.2,1841.7,1840.5,1840.6,3644.6,3644.8,3645.2,2508.8,2508.4,2508.0,2868.6,2868.0,2869.6,26.610001,25.389999,going to home base
2024-04-13T04:25:29Z,2350.6,2349.9,2350.3,2582.2,2581.7,2582.5,5621.5,5621.3,5621.7,2318.7,2318.3,2319.1,3452.2,3451.9,3451.9,4346.4,4346.6,4346.2,6026.9,6027.6,6028.0,8545.5,8543.0,8544.8,5162.9,5163.1,5163.2,7372.0,7369.4,7371.5,6060.2,6059.7,6060.3,1841.6,1840.4,1839.8,3644.0,3644.0,3644.7,2509.8,2509.2,2509.3,2869.9,2868.5,2868.8,26.600000,25.420000,going to home base
2024-04-13T04:25:34Z,2350.5,2349.8,2350.3,2582.8,2582.7,2583.0,5621.9,5621.1,5621.7,2317.9,2317.6,2318.4,3453.0,3452.0,3452.2,4346.4,4346.3,4346.5,6026.5,6028.5,6028.4,8545.4,8544.9,8545.6,5162.6,5162.3,5162.7,7373.3,7371.6,7371.4,6061.2,6060.1,6060.9,1841.8,1840.1,1840.5,3644.8,3644.8,3645.7,2509.9,2508.8,2509.3,2867.9,2867.2,2867.3,26.610001,25.469999,going to home base
2024-04-13T04:25:39Z,2351.1,2349.8,2350.4,2583.2,2583.4,2583.5,5621.9,5621.4,5621.8,2318.9,2318.7,2319.0,3452.1,3452.3,3452.1,4346.5,4346.6,4347.0,6027.9,6027.4,6029.3,8546.3,8544.5,8545.0,5159.8,5161.0,5161.0,7372.0,7371.9,7372.0,6059.7,6059.0,6059.4,1841.9,1840.2,1840.3,3644.5,3644.4,3645.2,2509.5,2508.4,2508.3,2869.4,2868.8,2869.2,26.629999,25.450001,going to home base
2024-04-13T04:25:44Z,2350.2,2349.0,2349.2,2583.0,2582.5,2583.0,5621.6,5621.7,5621.8,2318.1,2318.0,2318.7,3452.0,3451.5,3451.8,4346.4,4345.8,4346.4,6025.5,6025.2,6026.4,8546.6,8543.9,8545.1,5160.9,5160.2,5161.8,7374.4,7372.4,7374.0,6060.5,6059.2,6060.7,1842.1,1840.3,1840.0,3644.3,3644.3,3645.1,2508.0,2508.0,2508.3,2869.3,2868.5,2869.7,26.610001,25.430000,going to home base
2024-04-13T04:25:49Z,2350.4,2349.6,2350.2,2581.9,2581.7,2582.2,5622.1,5621.2,5621.6,2317.6,2317.8,2318.4,3451.8,3451.8,3451.0,4346.2,4346.3,4346.3,6029.4,6028.9,6030.0,8543.4,8543.6,8546.4,5161.3,5161.7,5161.9,7372.8,7371.9,7372.8,6059.0,6058.9,6060.2,1842.0,1840.6,1839.8,3645.0,3645.1,3645.5,2508.8,2507.8,2507.6,2868.5,2867.9,2868.3,26.629999,25.379999,going to home base
2024-04-13T04:25:54Z,2351.1,2350.5,2350.4,2582.5,2583.1,2582.3,5621.5,5621.0,5620.9,2318.4,2318.0,2318.6,3452.3,3452.2,3452.0,4346.5,4346.5,4346.5,6026.6,6027.3,6026.8,8550.6,8549.9,8547.4,5161.9,5162.4,5163.3,7373.2,7372.1,7372.0,6062.3,6062.4,6063.1,1841.4,1840.2,1839.9,3645.9,3645.8,3646.6,2509.0,2507.8,2508.3,2869.3,2869.0,2868.7,26.610001,25.379999,going to home base
2024-04-13T04:25:59Z,2350.9,2350.0,2350.3,2583.5,2583.0,2583.1,5621.4,5621.4,5621.0,2318.3,2318.1,2318.5,3452.2,3451.6,3451.6,4346.2,4346.1,4346.3,6026.6,6026.8,6027.3,8545.6,8545.1,8545.0,5161.9,5161.8,5162.6,7373.0,7372.6,7371.4,6060.4,6059.9,6060.3,1842.0,1840.4,1840.1,3644.5,3644.7,3645.6,2509.1,2508.5,2508.8,2869.9,2868.2,2869.4,26.610001,25.420000,going to home base
2024-04-13T04:26:04Z,2350.3,2349.5,2349.5,2582.8,2583.0,2583.6,5621.2,5620.9,5620.9,2317.5,2318.2,2318.2,3452.0,3451.8,3451.9,4346.6,4346.2,4346.1,6028.6,6030.4,6029.4,8548.9,8547.8,8546.9,5161.5,5161.7,5161.2,7373.9,7373.6,7372.9,6061.5,6060.5,6062.2,1841.9,1840.5,1840.5,3643.9,3644.1,3644.7,2509.0,2508.7,2509.2,2868.8,2868.6,2869.0,26.610001,25.410000,going to home base
2024-04-13T04:26:09Z,2351.2,2350.8,2350.8,2581.8,2582.0,2582.2,5622.1,5621.4,5621.3,2318.2,2318.4,2319.0,3452.2,3451.4,3451.5,4346.1,4346.0,4345.9,6027.7,6028.5,6028.8,8544.7,8544.5,8544.6,5162.1,5162.0,5162.7,7375.4,7373.7,7373.8,6059.4,6059.6,6060.2,1841.9,1840.3,1840.5,3645.4,3645.2,3645.9,2509.4,2508.2,2508.4,2869.0,2868.5,2868.9,26.600000,25.420000,going to home base
2024-04-13T04:26:14Z,2350.5,2350.0,2350.0,2582.4,2582.3,2582.9,5621.8,5621.4,5621.7,2317.9,2317.9,2318.7,3452.8,3452.5,3452.3,4346.7,4346.6,4346.6,6025.1,6025.0,6023.3,8544.7,8543.7,8545.5,5162.1,5161.7,5162.5,7374.1,7373.4,7372.6,6060.2,6059.1,6059.7,1841.8,1840.6,1840.0,3644.5,3644.4,3644.9,2509.1,2508.4,2508.3,2868.6,2868.2,2868.3,26.600000,25.420000,going to home base
2024-04-13T04:26:19Z,2350.9,2350.1,2350.4,2582.4,2582.3,2582.5,5621.3,5621.0,5620.6,2318.3,2318.4,2318.8,3453.7,3452.6,3452.7,4346.8,4346.0,4346.5,6025.5,6026.3,6026.5,8545.3,8545.4,8545.2,5162.2,5161.3,5162.5,7372.9,7371.4,7372.5,6061.4,6061.4,6062.1,1841.7,1840.1,1839.9,3644.3,3644.0,3645.1,2509.3,2508.4,2508.0,2868.5,2867.8,2868.6,26.610001,25.410000,going to home base
2024-04-13T04:26:24Z,2351.3,2350.7,2350.5,2582.8,2582.5,2582.7,5621.8,5621.7,5621.7,2318.2,2318.1,2318.6,3452.1,3451.8,3452.1,4346.3,4346.0,4346.3,6028.4,6027.3,6029.0,8544.1,8544.5,8544.1,5162.2,5160.9,5161.7,7371.5,7372.7,7373.0,6060.2,6059.7,6061.3,1841.4,1840.0,1840.0,3645.9,3645.7,3646.1,2509.6,2508.9,2509.3,2868.3,2868.0,2867.9,26.629999,25.430000,going to home base
2024-04-13T04:26:29Z,2350.8,2350.0,2350.4,2582.0,2582.3,2583.1,5621.8,5621.3,5621.4,2318.5,2318.5,2318.4,3451.1,3451.1,3451.5,4346.4,4346.3,4346.7,6026.4,6027.4,6027.3,8545.8,8545.9,8544.8,5161.9,5161.6,5162.0,7373.0,7372.4,7371.3,6061.8,6061.9,6061.9,1842.0,1841.0,1840.5,3644.7,3644.7,3645.9,2509.0,2508.4,2509.0,2866.5,2865.9,2866.8,26.600000,25.430000,going to home base
2024-04-13T04:26:34Z,2350.5,2350.5,2350.4,2583.0,2582.9,2583.2,5621.5,5621.2,5621.5,2317.9,2317.9,2318.3,3451.6,3451.3,3451.3,4346.1,4346.4,4346.3,6026.8,6026.9,6027.2,8548.1,8544.5,8544.8,5161.7,5162.1,5162.4,7373.6,7372.6,7372.3,6060.2,6060.8,6059.9,1842.1,1840.8,1840.5,3644.7,3644.5,3645.5,2509.6,2508.4,2508.3,2867.5,2867.8,2867.3,26.600000,25.430000,going to home base
2024-04-13T04:26:39Z,2350.8,2350.1,2350.0,2582.7,2582.6,2583.2,5621.4,5621.4,5621.6,2318.5,2318.0,2318.6,3451.9,3451.6,3451.1,4346.9,4346.6,4346.7,6025.1,6024.7,6025.2,8546.8,8547.4,8546.4,5162.1,5161.7,5162.7,7373.9,7374.1,7375.3,6059.5,6059.3,6060.3,1842.2,1840.9,1840.7,3645.6,3645.5,3646.4,2510.2,2509.4,2509.7,2867.9,2868.2,2868.1,26.610001,25.410000,going to home base
2024-04-13T04:26:44Z,2350.6,2350.0,2350.3,2582.5,2582.6,2582.8,5622.3,5621.8,5622.2,2317.2,2317.5,2317.5,3451.9,3451.6,3451.1,4346.8,4346.5,4346.3,6026.7,6025.8,6027.2,8545.5,8544.7,8545.6,5162.9,5162.5,5163.3,7373.5,7373.2,7373.3,6062.9,6063.1,6064.4,1842.5,1841.3,1841.1,3644.7,3644.2,3645.3,2510.3,2509.5,2509.5,2868.4,2868.1,2868.8,26.600000,25.459999,going to home base
2024-04-13T04:26:49Z,2350.8,2350.1,2350.4,2582.0,2582.0,2582.2,5621.6,5621.3,5621.5,2318.0,2317.9,2318.0,3451.5,3451.3,3451.2,4346.3,4346.2,4346.3,6026.1,6025.3,6025.3,8545.8,8544.5,8544.3,5163.4,5163.0,5163.4,7374.4,7372.6,7374.0,6060.7,6061.7,6061.7,1842.5,1841.0,1840.9,3645.6,3645.9,3646.7,2509.4,2509.1,2509.3,2869.0,2869.2,2868.9,26.610001,25.430000,going to home base
2024-04-13T04:26:54Z,2350.8,2350.0,2350.4,2582.0,2582.4,2582.4,5621.3,5620.8,5621.2,2317.7,2317.4,2318.1,3452.4,3452.1,3451.4,4345.8,4345.9,4346.2,6025.2,6026.2,6025.9,8545.0,8545.3,8547.2,5162.7,5162.5,5163.2,7374.6,7374.6,7375.6,6063.0,6062.7,6062.5,1842.1,1840.6,1841.0,3645.5,3645.0,3646.3,2509.6,2508.6,2508.9,2867.7,2866.8,2867.3,26.629999,25.389999,going to home base
2024-04-13T04:26:59Z,2351.0,2350.2,2350.2,2582.6,2582.4,2583.0,5621.4,5620.9,5620.7,2316.9,2317.0,2317.6,3451.6,3450.8,3450.6,4346.4,4346.0,4346.3,6026.5,6024.2,6025.9,8549.6,8545.9,8546.1,5162.3,5162.1,5161.9,7373.4,7371.9,7373.0,6061.6,6062.6,6064.2,1841.9,1840.3,1840.4,3644.1,3643.9,3644.9,2509.9,2509.1,2509.0,2867.5,2867.7,2868.8,26.629999,25.420000,going to home base
2024-04-13T04:27:04Z,2350.6,2349.9,2349.9,2582.1,2582.5,2582.4,5621.5,5621.1,5620.8,2318.2,2317.7,2318.6,3452.4,3450.7,3451.6,4347.2,4346.4,4346.0,6026.7,6026.0,6024.6,8547.2,8546.6,8547.2,5161.7,5161.9,5162.8,7372.6,7373.7,7372.9,6063.1,6063.4,6062.1,1841.8,1840.6,1840.5,3644.9,3644.7,3645.9,2509.3,2508.6,2508.7,2867.9,2866.9,2867.7,26.610001,25.420000,going to home base
2024-04-13T04:27:09Z,2350.7,2350.1,2350.2,2581.9,2582.0,2582.6,5622.1,5622.1,5621.7,2318.0,2317.8,2318.0,3452.0,3451.8,3451.1,4346.2,4346.4,4346.4,6023.7,6025.0,6024.5,8545.9,8545.1,8545.2,5162.7,5162.3,5162.8,7372.3,7371.9,7373.3,6063.0,6063.5,6062.0,1841.7,1840.5,1840.5,3644.3,3644.3,3644.9,2509.6,2508.2,2509.4,2868.9,2867.7,2868.1,26.629999,25.450001,going to home base
2024-04-13T04:27:14Z,2350.6,2350.0,2350.2,2582.3,2582.1,2583.0,5622.3,5621.8,5621.7,2317.4,2318.1,2318.5,3452.1,3451.6,3451.9,4346.2,4345.5,4346.1,6024.8,6023.9,6025.2,8544.5,8544.6,8544.8,5160.8,5161.6,5160.5,7373.7,7373.5,7373.6,6062.5,6063.3,6062.3,1842.0,1840.4,1840.3,3644.1,3644.4,3645.8,2509.8,2508.8,2509.2,2868.8,2867.1,2868.0,26.600000,25.450001,going to home base
2024-04-13T04:27:19Z,2350.2,2349.7,2349.6,2581.4,2581.6,2582.1,5621.7,5621.1,5621.2,2317.5,2318.2,2318.3,3451.3,3450.8,3451.5,4346.4,4346.2,4345.9,6023.3,6023.5,6025.9,8547.8,8548.7,8546.6,5161.5,5160.6,5161.7,7374.7,7374.6,7374.0,6063.3,6061.8,6063.9,1841.9,1840.5,1840.4,3644.5,3644.2,3644.9,2509.7,2508.7,2508.7,2868.1,2867.0,2867.6,26.610001,25.430000,going to home base
2024-04-13T04:27:24Z,2350.1,2349.1,2349.7,2581.5,2581.3,2581.3,5621.6,5621.5,5622.1,2317.9,2317.7,2317.7,3452.4,3452.6,3452.2,4346.0,4345.9,4345.5,6024.6,6024.2,6024.6,8545.8,8544.3,8545.8,5161.6,5160.9,5161.5,7375.0,7373.9,7373.7,6062.1,6061.4,6062.9,1841.4,1840.2,1840.2,3644.6,3644.8,3645.1,2509.3,2507.8,2508.6,2867.8,2867.0,2867.7,26.590000,25.430000,going to home base
2024-04-13T04:27:29Z,2350.6,2350.0,2350.4,2581.5,2581.6,2582.1,5621.5,5621.2,5622.0,2317.8,2317.8,2317.7,3451.7,3451.6,3451.3,4346.2,4346.0,4346.0,6024.3,6023.7,6024.4,8543.1,8545.6,8544.5,5160.7,5161.2,5162.2,7373.0,7371.6,7372.5,6064.2,6064.5,6062.8,1841.8,1840.4,1840.4,3644.0,3643.8,3645.2,2509.2,2508.5,2508.4,2867.7,2867.4,2867.9,26.610001,25.469999,going to home base
2024-04-13T04:27:34Z,2350.3,2349.6,2349.9,2582.1,2581.8,2582.2,5621.6,5621.0,5621.3,2317.9,2317.1,2317.8,3451.5,3451.5,3451.4,4345.8,4345.8,4345.7,6026.5,6025.5,6025.7,8543.3,8546.5,8545.1,5160.0,5159.9,5160.8,7373.9,7373.8,7373.4,6063.3,6062.5,6066.2,1841.3,1839.9,1840.0,3644.4,3644.6,3645.5,2508.5,2508.2,2508.4,2867.8,2867.6,2867.6,26.610001,25.410000,going to home base
2024-04-13T04:27:39Z,2350.2,2349.7,2349.9,2582.0,2581.7,2581.9,5621.8,5621.2,5621.8,2318.0,2318.2,2318.4,3451.2,3451.1,3451.0,4345.4,4345.2,4345.4,6027.4,6027.1,6027.1,8544.8,8542.8,8544.4,5161.0,5161.0,5161.3,7375.3,7375.1,7373.3,6062.9,6062.9,6064.4,1841.6,1840.2,1839.9,3644.0,3644.1,3644.7,2510.2,2509.0,2509.1,2867.8,2867.8,2867.7,26.629999,25.450001,going to home base
2024-04-13T04:27:44Z,2350.4,2349.7,2349.9,2581.2,2580.8,2581.1,5620.9,5621.1,5621.1,2318.6,2318.5,2318.7,3452.2,3451.8,3451.5,4345.5,4345.4,4345.0,6025.4,6025.1,6026.3,8543.9,8543.6,8544.6,5160.3,5160.2,5162.0,7374.4,7376.4,7376.2,6062.8,6062.3,6063.5,1841.3,1840.0,1840.4,3644.1,3643.9,3644.8,2509.4,2509.1,2509.2,2868.4,2867.8,2868.7,26.590000,25.450001,going to home base
2024-04-13T04:27:49Z,2350.3,2349.6,2349.6,2581.6,2581.3,2582.1,5621.4,5621.1,5621.1,2318.4,2318.2,2318.2,3451.6,3451.4,3451.1,4346.6,4346.2,4346.7,6025.7,6024.8,6025.2,8546.4,8546.8,8546.0,5160.9,5161.2,5161.5,7375.2,7374.8,7374.1,6061.6,6062.4,6064.9,1841.4,1839.9,1839.9,3643.9,3644.0,3645.1,2508.8,2507.9,2508.0,2869.0,2869.1,2869.4,26.600000,25.440001,going to home base
2024-04-13T04:27:54Z,2350.1,2349.5,2350.0,2581.5,2581.3,2581.3,5620.9,5620.4,5620.7,2318.1,2318.3,2318.4,3451.0,3451.4,3451.6,4345.9,4345.6,4345.9,6026.4,6025.4,6025.6,8545.7,8548.2,8548.6,5161.0,5161.0,5161.7,7375.1,7375.3,7374.8,6064.7,6063.9,6063.6,1841.4,1840.1,1840.0,3644.5,3645.3,3645.9,2508.5,2508.1,2507.6,2869.0,2869.7,2869.6,26.610001,25.430000,going to home base
2024-04-13T04:27:59Z,2350.3,2349.8,2350.3,2582.1,2582.3,2582.7,5621.6,5621.0,5620.6,2318.2,2317.9,2318.3,3452.1,3451.7,3451.4,4346.0,4345.7,4345.6,6027.6,6027.8,6026.1,8544.2,8543.8,8543.4,5161.6,5161.3,5162.9,7374.3,7375.0,7373.6,6063.6,6063.4,6063.6,1841.4,1840.0,1840.0,3643.7,3643.6,3644.8,2508.7,2508.0,2508.2,2868.7,2867.5,2868.5,26.610001,25.420000,going to home base
2024-04-13T04:28:04Z,2349.9,2349.9,2350.0,2582.0,2581.6,2582.3,5620.9,5620.6,5620.8,2318.2,2317.8,2318.2,3450.7,3450.7,3450.8,4345.7,4345.6,4345.8,6026.1,6026.4,6026.7,8543.7,8543.6,8543.9,5162.1,5162.9,5162.5,7374.3,7374.5,7375.3,6064.4,6065.0,6065.4,1841.5,1840.0,1839.8,3643.2,3643.6,3644.3,2509.3,2508.4,2508.6,2868.0,2866.8,2867.2,26.600000,25.420000,going to home base
2024-04-13T04:28:09Z,2350.4,2349.9,2350.4,2581.8,2581.8,2581.8,5621.6,5621.3,5621.5,2317.7,2317.9,2318.2,3452.0,3451.5,3450.9,4345.9,4345.8,4345.6,6027.0,6025.6,6025.9,8542.9,8542.1,8543.5,5161.6,5159.9,5161.7,7375.6,7373.9,7373.9,6064.4,6063.9,6064.4,1841.6,1840.0,1839.9,3644.0,3643.7,3644.2,2509.1,2508.1,2508.5,2868.3,2868.0,2867.7,26.590000,25.420000,going to home base
2024-04-13T04:28:14Z,2350.1,2349.7,2349.7,2581.4,2581.2,2581.9,5622.6,5621.5,5621.8,2317.9,2318.1,2318.4,3452.4,3451.2,3451.3,4346.1,4345.4,4346.1,6026.7,6024.6,6024.4,8545.9,8544.5,8543.8,5161.1,5161.3,5161.4,7376.6,7375.8,7375.8,6064.4,6062.9,6063.6,1841.4,1839.7,1839.9,3643.7,3643.9,3644.5,2508.4,2508.0,2508.3,2868.1,2867.9,2867.5,26.570000,25.389999,going to home base
2024-04-13T04:28:24Z,2350.9,2350.2,2350.2,2581.3,2581.4,2581.3,5621.9,5621.5,5621.6,2318.6,2318.4,2318.9,2350.2,2350.1,2582.6,2582.4,2582.5,5621.8,5621.3,5621.3,2317.9,87671.5,87629.9,13978.2,13974.4,13976.0,3451.9,3451.4,3451.6,4345.3,4345.6,4345.4,6025.3,33823.9,33824.5,8547.7,8542.9,8544.3,5162.0,5160.3,5161.8,7375.4,7375.7,7375.5,6064.8,43148.4,43146.3,going to home base
2024-04-13T04:28:34Z,2350.6,2350.0,2350.3,2582.1,2582.0,2582.1,5622.0,5621.5,5621.0,2318.1,2318.2,2318.6,3451.0,3450.7,3451.1,4345.9,4345.4,4345.6,6027.2,6027.2,6027.1,8546.4,8546.1,8546.2,5161.2,5161.0,5161.8,7374.9,7375.7,7376.6,6062.0,6062.6,6063.0,1841.0,1839.4,1839.5,3643.6,3643.8,3644.4,2509.9,2509.5,2509.2,2869.6,2868.6,2869.6,26.600000,25.410000,going to home base
2024-04-13T04:28:39Z,2350.7,2349.9,2350.5,2582.1,2582.1,2582.2,5622.5,5621.8,5621.7,2317.8,2318.2,2318.8,3452.1,3452.1,3451.4,4346.1,4345.5,4345.4,6028.5,6028.0,6028.2,8545.2,8545.7,8545.9,5162.2,5161.9,5162.6,7376.2,7375.0,7375.7,6061.4,6061.4,6063.1,1841.1,1839.6,1839.9,3643.9,3643.6,3644.5,2508.8,2508.1,2508.2,2869.0,2868.4,2867.9,26.590000,25.450001,going to home base
2024-04-13T04:28:44Z,2351.0,2350.1,2350.5,2582.9,2582.1,2582.8,5622.6,5622.2,5622.5,2318.5,2318.2,2318.7,3452.3,3451.5,3451.4,4345.9,4345.9,4346.1,6025.2,6026.3,6026.3,8546.6,8546.7,8545.3,5162.2,5161.6,5162.4,7375.3,7374.3,7373.9,6062.0,6063.2,6062.4,1841.6,1839.9,1840.0,3643.5,3643.7,3644.3,2509.8,2509.3,2508.9,2867.5,2868.0,2867.4,26.570000,25.430000,going to home base
2024-04-13T04:28:49Z,2350.7,2350.3,2350.4,2581.5,2581.9,2582.1,5622.7,5622.4,5622.4,2318.5,2318.0,2318.8,3451.6,3451.3,3451.1,4345.9,4345.9,4346.0,6026.1,6026.0,6027.0,8545.2,8546.0,8545.9,5163.2,5162.8,5162.7,7374.8,7374.7,7373.7,6063.6,6062.7,6064.3,1841.4,1840.1,1840.1,3642.4,3642.8,3643.5,2508.7,2508.4,2508.5,2867.3,2866.4,2867.6,26.600000,25.410000,going to home base
2024-04-13T04:28:54Z,2350.5,2349.9,2350.1,2582.3,2582.3,2582.3,5621.8,5621.9,5621.6,2317.9,2318.3,2318.6,3451.6,3451.4,3451.7,4345.8,4345.7,4346.0,6026.3,6026.4,6025.7,8544.4,8545.2,8544.1,5161.1,5162.0,5161.5,7377.2,7374.5,7377.3,6059.3,6058.5,6058.8,1841.6,1840.0,1840.0,3643.6,3643.1,3644.0,2509.7,2509.0,2509.1,2868.3,2867.6,2867.5,26.600000,25.389999,going to home base
2024-04-13T04:28:59Z,2350.3,2349.6,2349.7,2582.2,2581.9,2582.5,5621.8,5621.1,5621.9,2318.0,2318.1,2318.3,3452.3,3452.1,3452.5,4346.3,4346.1,4346.5,6024.8,6024.9,6025.6,8547.5,8546.4,8546.1,5161.2,5162.6,5163.0,7377.2,7376.3,7375.9,6057.5,6055.8,6057.5,1841.5,1839.6,1839.8,3642.6,3643.0,3643.7,2508.8,2507.8,2508.4,2868.9,2867.6,2868.5,26.600000,25.410000,going to home base
2024-04-13T04:29:04Z,2350.6,2349.8,2350.3,2582.5,2582.1,2582.6,5621.8,5621.3,5621.5,2317.9,2318.0,2318.4,3451.9,3451.6,3451.1,4345.8,4345.8,4345.9,6026.3,6025.8,6026.2,8543.0,8542.0,8544.0,5161.3,5161.2,5161.0,7376.4,7376.0,7376.7,6061.2,6061.3,6063.6,1841.3,1840.1,1839.9,3642.7,3642.6,3643.2,2509.0,2508.1,2507.7,2868.3,2867.1,2868.0,26.590000,25.410000,going to home base
2024-04-13T04:29:09Z,2350.6,2349.8,2350.1,2581.9,2581.3,2582.1,5621.5,5621.0,5621.0,2318.1,2318.0,2318.5,3451.0,3450.6,3451.4,4345.8,4345.5,4345.7,6028.9,6027.7,6027.5,8545.0,8542.5,8545.2,5161.1,5161.2,5161.8,7377.3,7376.3,7377.0,6062.6,6062.4,6063.0,1841.7,1839.7,1839.8,3643.3,3643.0,3644.2,2509.3,2508.3,2508.5,2868.4,2867.8,2868.4,26.610001,25.450001,going to home base
2024-04-13T04:29:14Z,2350.4,2349.6,2349.8,2581.8,2581.9,2582.4,5620.8,5620.5,5620.5,2318.3,2318.3,2318.3,3451.7,3450.8,3451.3,4345.6,4345.6,4345.9,6026.1,6026.2,6025.2,8545.2,8545.4,8544.5,5163.1,5161.8,5163.9,7376.2,7374.4,7374.6,6064.5,6065.1,6065.4,1841.9,1840.1,1840.0,3644.0,3643.9,3644.4,2509.7,2508.4,2508.7,2868.9,2868.4,2868.5,26.600000,25.410000,going to home base
2024-04-13T04:29:19Z,2350.3,2349.9,2349.7,2582.1,2581.6,2582.3,5621.7,5621.1,5621.4,2317.9,2317.3,2318.2,3451.1,3451.5,3451.4,4346.3,4345.6,4345.7,6026.6,6027.4,6026.2,8547.7,8545.3,8546.0,5161.5,5162.0,5162.1,7374.7,7373.7,7373.2,6063.8,6064.1,6065.4,1841.3,1840.0,1839.8,3643.3,3643.0,3644.0,2509.1,2508.4,2508.8,2869.0,2868.1,2868.7,26.600000,25.410000,going to home base
2024-04-13T04:29:24Z,2350.4,2350.2,2350.4,2582.2,2582.4,2582.4,5621.3,5621.1,5620.9,2318.0,2317.7,2318.4,3451.4,3450.8,3450.8,4345.9,4346.0,4345.6,6027.6,6026.8,6025.6,8546.3,8546.8,8546.9,5162.3,5161.1,5162.2,7376.1,7374.0,7374.6,6065.0,6065.4,6065.0,1841.7,1839.9,1840.1,3642.8,3642.9,3644.0,2508.2,2507.1,2507.6,2867.9,2867.7,2868.5,26.590000,25.459999,going to home base
2024-04-13T04:29:29Z,2350.6,2349.7,2350.1,2582.0,2582.0,2581.8,5621.3,5620.8,5620.8,2317.4,2317.4,2317.8,3452.1,3452.0,3452.1,4345.1,4345.2,4345.6,6025.5,6025.9,6026.7,8544.9,8544.0,8545.3,5161.5,5162.1,5161.7,7377.8,7374.6,7376.1,6066.0,6064.5,6064.1,1841.3,1840.2,1839.8,3643.6,3643.4,3644.3,2508.4,2507.9,2507.5,2868.5,2867.8,2867.8,26.610001,25.450001,going to home base
2024-04-13T04:29:34Z,2350.8,2350.3,2350.6,2582.8,2581.8,2582.3,5621.3,5620.9,5620.9,2317.0,2317.0,2317.1,3450.2,3449.9,3449.8,4345.8,4345.6,4345.9,6024.3,6024.4,6025.5,8545.4,8544.6,8546.2,5161.5,5160.9,5161.5,7376.1,7376.3,7376.1,6063.3,6063.3,6064.1,1841.8,1840.3,1839.7,3643.3,3643.3,3645.4,2508.2,2507.8,2508.0,2869.6,2867.6,2867.2,26.610001,25.430000,going to home base
2024-04-13T04:29:39Z,2351.0,2350.2,2350.4,2581.9,2582.2,2581.7,5621.3,5620.9,5620.2,2317.7,2318.3,2318.4,3452.2,3451.7,3451.3,4345.4,4345.6,4345.5,6024.9,6025.0,6025.3,8545.9,8546.4,8544.1,5162.8,5161.9,5163.2,7376.0,7376.4,7374.6,6064.4,6064.0,6064.5,1842.3,1840.2,1840.2,3643.6,3643.4,3644.6,2508.3,2507.5,2507.7,2868.9,2869.2,2869.1,26.610001,25.420000,going to home base
2024-04-13T04:29:44Z,2350.5,2350.2,2350.4,2581.7,2582.1,2582.1,5621.4,5620.8,5621.2,2317.5,2317.6,2318.2,3452.9,3452.6,3451.9,4345.2,4345.2,4345.0,6024.4,6024.3,6025.7,8544.9,8542.5,8543.7,5161.1,5161.1,5161.4,7375.8,7376.1,7374.0,6060.8,6063.2,6063.1,1841.6,1839.7,1839.8,3643.3,3643.7,3643.8,2509.0,2508.3,2508.1,2868.1,2868.0,2868.3,26.590000,25.450001,going to home base
2024-04-13T04:29:49Z,2350.7,2350.1,2350.2,2581.5,2581.8,2582.2,5621.0,5620.6,5621.0,2317.8,2317.4,2318.1,3452.6,3452.1,3451.7,4345.1,4345.0,4345.0,6024.0,6022.7,6022.9,8542.5,8544.3,8546.2,5159.7,5159.6,5160.0,7374.3,7372.8,7372.5,6065.7,6065.8,6065.2,1841.7,1840.4,1840.4,3642.4,3643.0,3643.9,2508.1,2507.7,2507.9,2868.2,2867.7,2867.5,26.590000,25.440001,going to home base
2024-04-13T04:29:54Z,2350.1,2349.5,2349.6,2582.4,2582.5,2582.6,5621.2,5620.3,5620.5,2317.6,2317.5,2318.0,3450.9,3450.3,3450.0,4345.4,4345.4,4345.3,6027.5,6027.1,6027.7,8547.1,8546.0,8547.7,5161.6,5161.4,5161.9,7376.0,7373.5,7374.8,6064.0,6065.8,6066.0,1841.9,1840.5,1840.3,3643.0,3643.1,3644.3,2508.2,2507.1,2507.2,2867.5,2867.6,2867.8,26.610001,25.420000,going to home base
2024-04-13T04:29:59Z,2350.6,2350.1,2350.3,2581.8,2581.8,2581.6,5621.9,5621.3,5621.4,2317.7,2317.6,2317.7,3451.8,3450.9,3451.7,4345.4,4344.9,4345.5,6024.7,6025.4,6025.2,8550.3,8546.1,8545.1,5161.3,5161.2,5162.1,7375.7,7374.5,7374.9,6063.7,6063.1,6064.1,1841.9,1840.7,1840.5,3644.4,3644.2,3645.2,2507.9,2507.7,2508.2,2868.0,2867.5,2867.7,26.610001,25.410000,going to home base
2024-04-13T04:30:04Z,2350.3,2350.0,2349.9,2581.5,2581.5,2582.2,5621.5,5621.3,5621.2,2317.3,2317.2,2317.7,3451.2,3451.5,3450.7,4345.2,4344.7,4344.9,6024.1,6023.9,6024.6,8543.9,8544.5,8544.3,5161.1,5160.5,5161.6,7374.7,7374.3,7374.1,6063.3,6064.1,6064.8,1841.8,1840.3,1840.1,3642.9,3642.9,3643.9,2508.1,2507.4,2507.9,2867.8,2867.6,2868.3,26.590000,25.440001,going to home base
2024-04-13T04:30:09Z,2350.1,2349.6,2350.0,2581.6,2581.8,2581.9,5621.6,5621.5,5621.4,2318.1,2318.0,2318.3,3451.3,3451.5,3451.0,4345.1,4344.9,4344.9,6023.8,6023.8,6024.7,8544.2,8542.9,8544.3,5161.2,5160.5,5161.4,7374.7,7374.6,7374.9,6064.8,6064.6,6064.5,1842.0,1840.4,1840.5,3644.0,3643.5,3644.4,2508.4,2508.0,2507.9,2868.0,2868.1,2868.2,26.590000,25.469999,going to home base
2024-04-13T04:30:14Z,2350.8,2349.9,2350.3,2582.2,2582.1,2582.3,5621.5,5621.2,5620.8,2317.0,2317.1,2317.7,3451.5,3450.9,3451.4,4344.5,4344.5,4344.6,6023.7,6023.6,6022.4,8545.5,8545.3,8545.1,5160.8,5161.1,5160.4,7375.7,7373.9,7374.0,6062.5,6062.8,6063.7,1842.4,1840.9,1840.7,3643.3,3643.6,3644.7,2507.9,2507.6,2507.3,2867.5,2866.9,2867.6,26.600000,25.459999,going to home base
2024-04-13T04:30:19Z,2350.9,2350.1,2350.0,2581.1,2580.9,2581.4,5621.2,5620.4,5620.9,2318.0,2317.5,2318.4,3452.1,3451.3,3451.3,4344.5,4344.7,4344.7,6024.9,6025.0,6025.5,8549.4,8547.3,8549.5,5161.1,5161.2,5161.4,7374.4,7373.3,7372.6,6062.8,6063.0,6063.6,1841.5,1840.4,1840.4,3644.4,3644.4,3644.5,2507.7,2507.0,2507.5,2869.5,2868.5,2868.2,26.610001,25.500000,going to home base
2024-04-13T04:30:24Z,2350.0,2349.8,2349.9,2582.1,2582.1,2582.4,5621.8,5621.5,5621.5,2317.6,2317.6,2318.2,3451.3,3450.7,3450.7,4344.7,4344.6,4344.8,6025.6,6025.5,6026.0,8546.3,8547.2,8546.1,5160.2,5159.7,5161.2,7374.2,7373.9,7375.3,6061.5,6060.7,6062.1,1842.1,1840.6,1840.6,3644.2,3643.8,3644.9,2508.3,2507.8,2507.6,2869.4,2868.3,2868.5,26.600000,25.440001,going to home base
2024-04-13T04:30:29Z,2350.9,2349.6,2349.9,2581.9,2581.9,2582.3,5621.7,5620.7,5621.6,2318.1,2317.6,2318.0,3451.3,3450.8,3451.5,4345.0,4344.9,4344.8,6025.5,6024.0,6023.8,8547.1,8548.3,8546.3,5161.1,5160.4,5161.8,7373.2,7374.5,7372.9,6060.9,6060.0,6062.4,1842.1,1840.7,1840.6,3643.5,3643.4,3644.5,2507.8,2507.4,2507.9,2868.5,2868.0,2868.0,26.590000,25.469999,going to home base
2024-04-13T04:30:34Z,2350.3,2349.5,2349.8,2582.5,2582.0,2582.3,5621.7,5621.2,5621.1,2318.1,2318.0,2318.1,3452.1,3451.5,3451.6,4344.9,4344.7,4344.8,6023.9,6021.6,6022.8,8543.2,8544.5,8545.6,5160.2,5160.3,5160.9,7374.4,7373.6,7372.9,6062.7,6062.3,6062.3,1841.7,1840.3,1840.6,3643.5,3643.8,3644.4,2508.5,2507.9,2508.3,2867.8,2867.5,2867.2,26.570000,25.450001,going to home base
2024-04-13T04:30:39Z,2350.6,2349.9,2349.6,2581.7,2581.8,2582.1,5621.9,5621.4,5621.5,2317.2,2317.0,2317.7,3451.8,3451.3,3451.6,4345.1,4345.0,4344.9,6024.5,6024.0,6023.8,8545.1,8544.5,8544.1,5160.8,5160.2,5160.8,7373.6,7372.4,7372.0,6061.5,6060.6,6062.1,1841.6,1840.3,1840.2,3643.7,3643.9,3644.2,2508.0,2506.9,2507.7,2867.2,2867.1,2867.5,26.600000,25.450001,going to home base
2024-04-13T04:30:44Z,2350.7,2349.9,2350.4,2582.5,2582.0,2582.7,5621.5,5621.7,5621.4,2317.9,2317.7,2318.2,3451.6,3450.8,3450.2,4344.4,4344.4,4344.5,6021.9,6023.5,6023.5,8543.8,8544.4,8544.7,5159.7,5158.9,5160.4,7374.0,7375.2,7374.7,6062.3,6061.8,6061.9,1841.9,1840.3,1839.9,3644.7,3644.4,3646.0,2507.6,2506.3,2507.2,2866.8,2865.4,2865.5,26.600000,25.480000,going to home base
2024-04-13T04:30:49Z,2350.4,2349.9,2350.1,2581.6,2582.1,2582.0,5621.6,5621.2,5621.0,2318.2,2318.8,2318.7,3451.1,3450.6,3450.6,4344.9,4344.6,4344.5,6021.7,6020.8,6023.0,8545.2,8544.8,8545.9,5159.9,5159.1,5161.5,7374.9,7374.4,7373.7,6060.8,6062.0,6062.7,1841.8,1840.3,1840.5,3644.0,3644.2,3645.1,2508.6,2507.5,2507.7,2867.8,2866.5,2866.3,26.590000,25.420000,going to home base
2024-04-13T04:30:54Z,2351.0,2350.3,2350.3,2582.2,2582.1,2582.3,5621.8,5621.3,5620.4,2317.8,2318.0,2318.1,3450.8,3450.7,3450.6,4344.5,4344.7,4344.5,6022.2,6021.9,6022.8,8545.6,8545.1,8544.2,5161.3,5160.0,5160.7,7372.6,7371.2,7374.1,6062.4,6061.3,6062.4,1841.6,1840.3,1840.1,3644.0,3644.2,3645.2,2508.6,2507.9,2507.5,2867.1,2867.7,2868.1,26.590000,25.410000,going to home base
2024-04-13T04:30:59Z,2350.3,2349.5,2350.0,2582.1,2581.7,2581.7,5621.0,5620.7,5621.1,2318.0,2317.8,2318.6,3451.8,3451.7,3451.5,4345.1,4344.6,4344.9,6020.5,6020.1,6021.1,8547.1,8546.8,8546.7,5160.2,5159.7,5160.7,7373.7,7373.2,7372.9,6061.8,6061.4,6061.6,1841.6,1840.3,1840.3,3643.8,3644.3,3644.6,2508.0,2507.3,2507.0,2865.6,2865.4,2866.9,26.610001,25.450001,going to home base
2024-04-13T04:31:04Z,2350.0,2349.3,2349.4,2582.4,2582.2,2582.5,5621.3,5620.8,5620.9,2317.9,2317.5,2317.9,3451.0,3450.2,3450.6,4344.6,4344.7,4344.3,6021.9,6020.1,6020.3,8544.0,8543.7,8542.2,5161.7,5161.2,5161.6,7375.0,7372.8,7372.7,6062.6,6062.4,6063.1,1841.7,1840.3,1839.9,3644.4,3643.7,3644.9,2508.3,2507.6,2507.8,2867.2,2866.3,2867.7,26.590000,25.459999,going to home base
2024-04-13T04:31:09Z,2350.5,2349.8,2350.0,2582.5,2581.8,2582.1,5621.7,5621.4,5621.3,2318.1,2317.6,2318.3,3450.7,3450.7,3450.3,4345.0,4344.7,4345.0,6023.3,6022.7,6022.2,8544.4,8544.9,8543.0,5160.7,5160.2,5161.2,7373.6,7374.7,7373.1,6061.5,6062.1,6063.3,1841.2,1840.1,1840.3,3644.4,3644.4,3645.0,2508.5,2507.8,2507.9,2866.7,2867.4,2867.0,26.590000,25.459999,going to home base
2024-04-13T04:31:14Z,2350.9,2349.9,2350.1,2582.8,2582.5,2582.7,5621.2,5621.1,5621.0,2317.4,2317.6,2317.4,3450.8,3450.3,3450.0,4345.6,4345.2,4345.0,6022.1,6023.7,6023.7,8544.8,8544.6,8544.0,5161.2,5160.9,5161.8,7374.5,7374.4,7374.7,6063.6,6063.1,6064.0,1841.7,1839.9,1839.7,3644.4,3644.1,3645.0,2508.4,2507.6,2507.6,2867.1,2866.5,2866.6,26.590000,25.410000,going to home base
2024-04-13T04:31:19Z,2350.0,2349.2,2349.4,2581.2,2581.4,2581.1,5621.6,5621.5,5621.3,2318.1,2317.9,2318.0,3450.7,3450.6,3450.5,4345.0,4345.0,4345.0,6024.3,6022.1,6023.4,8545.2,8544.7,8545.7,5159.9,5158.8,5161.0,7377.6,7374.0,7374.6,6063.6,6063.5,6064.1,1841.1,1840.0,1839.9,3643.5,3643.8,3644.4,2508.0,2507.2,2506.9,2867.4,2866.8,2867.6,26.590000,25.389999,going to home base
2024-04-13T04:31:24Z,2349.9,2349.0,2349.2,2582.0,2581.9,2581.8,5622.0,5621.5,5621.9,2317.5,2317.5,2318.1,3451.7,3451.4,3451.3,4344.9,4344.9,4344.7,6021.8,6020.7,6021.3,8543.5,8542.6,8545.3,5159.6,5159.5,5161.1,7373.7,7371.1,7371.3,6062.9,6061.6,6061.8,1841.6,1840.0,1839.8,3643.0,3643.5,3644.1,2508.9,2508.3,2508.1,2867.9,2867.5,2868.4,26.600000,25.430000,going to home base
2024-04-13T04:31:29Z,2349.8,2349.4,2349.3,2582.0,2581.9,2582.0,5621.4,5621.2,5621.0,2318.2,2318.5,2319.1,3451.3,3451.2,3450.6,4344.9,4344.5,4345.3,6022.4,6022.1,6021.3,8544.3,8543.4,8546.4,5159.4,5160.4,5161.6,7374.1,7373.9,7374.6,6064.3,6062.5,6064.0,1841.5,1840.2,1840.2,3643.6,3643.5,3644.3,2508.2,2507.0,2507.4,2868.3,2867.6,2867.9,26.559999,25.480000,going to home base
2024-04-13T04:31:34Z,2349.7,2348.8,2348.9,2582.1,2581.7,2581.8,5621.2,5621.1,5620.9,2318.2,2318.1,2318.5,3451.6,3451.1,3451.1,4344.5,4344.9,4344.6,6022.3,6021.0,6022.8,8543.8,8543.1,8545.4,5160.6,5159.5,5159.6,7375.8,7375.5,7375.2,6064.7,6064.7,6064.7,1841.5,1840.5,1840.0,3644.0,3643.9,3645.0,2508.4,2507.9,2508.0,2867.9,2868.4,2867.7,26.600000,25.469999,going to home base
2024-04-13T04:31:39Z,2350.0,2349.3,2349.4,2581.4,2581.6,2581.9,5621.4,5620.6,5621.1,2318.7,2318.5,2319.1,3452.0,3451.3,3450.8,4344.6,4344.7,4344.7,6020.8,6021.2,6022.4,8544.6,8543.7,8544.9,5159.3,5159.8,5159.5,7374.3,7373.3,7374.8,6063.7,6063.9,6063.8,1841.7,1840.1,1839.9,3643.3,3643.5,3644.3,2508.6,2507.5,2508.4,2869.5,2868.1,2869.0,26.590000,25.400000,going to home base
2024-04-13T04:31:44Z,2350.1,2349.3,2349.4,2582.0,2581.4,2582.2,5621.9,5621.9,5621.9,2317.5,2317.7,2318.1,3451.0,3450.6,3450.4,4344.4,4344.7,4344.3,6024.6,6023.6,6023.8,8546.9,8546.9,8546.5,5159.3,5160.0,5159.7,7373.6,7374.3,7375.6,6062.9,6063.1,6061.8,1841.5,1840.2,1839.9,3643.9,3644.3,3645.2,2508.6,2507.7,2508.3,2870.1,2869.0,2869.0,26.570000,25.450001,going to home base
2024-04-13T04:31:49Z,2349.9,2349.2,2348.8,2581.8,2581.7,2581.9,5621.5,5621.1,5620.8,2318.0,2318.3,2318.3,3450.7,3450.5,3450.5,4345.0,4344.6,4344.3,6022.5,6020.8,6022.1,8546.1,8547.8,8548.2,5160.5,5161.0,5161.2,7375.5,7374.0,7373.9,6061.7,6062.4,6064.1,1841.5,1839.9,1839.4,3643.9,3644.0,3645.0,2508.9,2508.2,2508.0,2867.8,2868.6,2868.3,26.600000,25.480000,going to home base
2024-04-13T04:31:54Z,2349.6,2349.1,2349.3,2581.6,2580.7,2581.0,5621.3,5620.9,5621.2,2317.9,2317.8,2317.8,3451.6,3451.0,3450.9,4344.8,4344.5,4344.2,6020.6,6019.0,6022.1,8546.6,8545.9,8545.5,5160.0,5160.2,5159.9,7373.9,7371.9,7374.2,6063.7,6063.0,6061.5,1841.0,1839.1,1839.1,3644.2,3644.5,3644.8,2508.6,2507.8,2507.8,2868.8,2868.7,2868.4,26.590000,25.420000,going to home base
2024-04-13T04:31:59Z,2349.6,2348.9,2349.5,2581.3,2581.7,2581.9,5621.6,5621.3,5621.1,2317.3,2317.1,2318.0,3450.4,3450.3,3450.0,4344.5,4344.3,4344.6,6021.6,6020.9,6020.6,8546.7,8548.8,8544.9,5160.1,5158.6,5159.8,7373.5,7372.6,7372.6,6061.8,6060.7,6061.9,1841.6,1840.4,1840.1,3643.6,3643.9,3644.4,2508.1,2507.6,2507.4,2869.2,2870.1,2869.7,26.610001,25.440001,going to home base
2024-04-13T04:32:04Z,2349.9,2349.2,2349.6,2581.0,2581.1,2581.6,5621.1,5620.5,5620.6,2317.5,2317.8,2318.0,3450.9,3450.9,3451.1,4344.4,4344.4,4344.4,6022.1,6022.4,6022.9,8545.7,8547.3,8547.8,5161.2,5160.8,5161.9,7374.9,7373.0,7373.6,6062.8,6062.6,6064.0,1841.7,1840.0,1840.2,3642.8,3642.9,3644.3,2508.8,2507.9,2507.9,2869.3,2869.7,2869.5,26.590000,25.440001,going to home base
2024-04-13T04:32:09Z,2350.2,2349.7,2349.8,2581.8,2581.7,2581.8,5621.3,5620.7,5620.7,2317.3,2317.6,2317.8,3452.3,3451.1,3451.5,4344.7,4344.6,4344.3,6025.9,6025.7,6024.6,8547.9,8545.5,8545.2,5159.3,5160.2,5159.9,7373.9,7371.7,7372.6,6064.7,6062.3,6064.5,1842.2,1840.5,1840.2,3643.3,3643.5,3644.2,2509.1,2508.0,2508.0,2868.2,2867.9,2869.2,26.590000,25.490000,going to home base
2024-04-13T04:32:14Z,2349.8,2348.9,2349.1,2581.7,2581.4,2581.8,5621.4,5620.3,5620.5,2317.3,2317.1,2317.3,3450.6,3450.5,3450.5,4344.6,4344.5,4344.4,6024.1,6022.9,6022.8,8547.3,8544.5,8547.8,5159.0,5158.3,5160.4,7374.9,7374.6,7373.7,6063.1,6063.9,6063.4,1841.6,1840.2,1840.3,3643.3,3643.5,3644.9,2508.6,2508.0,2508.0,2866.3,2865.9,2865.8,26.570000,25.400000,going to home base
2024-04-13T04:32:19Z,2349.3,2349.1,2349.1,2581.2,2581.1,2581.9,5621.5,5620.4,5620.5,2317.4,2317.0,2317.5,3450.2,3450.0,3450.1,4344.3,4344.1,4344.1,6022.8,6022.8,6021.5,8544.3,8544.7,8543.6,5160.2,5160.3,5161.0,7375.5,7374.2,7374.5,6062.8,6063.2,6063.4,1841.6,1840.1,1840.1,3643.3,3643.3,3644.3,2508.0,2507.5,2507.7,2868.9,2866.9,2868.6,26.570000,25.480000,going to home base
2024-04-13T04:32:24Z,2349.3,2348.7,2348.9,2581.6,2581.2,2582.1,5621.1,5620.5,5620.8,2317.3,2317.0,2317.4,3451.1,3450.9,3451.1,4344.6,4345.0,4344.6,6024.3,6024.9,6026.5,8545.4,8545.6,8546.0,5159.6,5158.9,5159.9,7373.5,7374.2,7375.1,6062.3,6061.4,6062.6,1841.5,1840.2,1840.0,3643.1,3643.1,3643.7,2509.0,2507.9,2508.4,2866.8,2866.4,2867.2,26.590000,25.410000,going to home base
2024-04-13T04:32:29Z,2349.7,2349.1,2349.0,2581.7,2581.5,2581.8,5620.9,5620.3,5620.8,2316.9,2317.0,2317.6,3451.4,3451.4,3450.8,4344.9,4344.5,4344.4,6023.0,6022.9,6023.6,8545.6,8543.7,8544.4,5159.9,5159.5,5161.5,7376.0,7375.5,7376.4,6060.2,6061.5,6061.8,1841.6,1840.1,1840.1,3643.0,3643.4,3644.3,2508.5,2507.3,2507.6,2866.9,2866.9,2866.0,26.610001,25.420000,going to home base
2024-04-13T04:32:34Z,2349.9,2349.3,2349.4,2581.2,2581.2,2581.8,5621.4,5620.9,5620.8,2317.1,2316.7,2317.1,3451.2,3451.1,3451.0,4344.5,4343.9,4345.1,6024.2,6023.7,6023.9,8544.4,8546.3,8544.9,5160.6,5160.1,5159.4,7375.6,7374.7,7374.0,6063.0,6062.7,6063.9,1841.1,1839.8,1839.4,3643.7,3643.5,3644.1,2508.9,2507.7,2507.8,2868.0,2867.5,2867.6,26.600000,25.430000,going to home base
2024-04-13T04:32:39Z,2349.8,2349.3,2349.6,2582.0,2581.2,2581.5,5621.0,5620.7,5621.0,2317.8,2317.7,2318.3,3451.6,3451.5,3451.1,4344.4,4344.2,4344.2,6023.6,6023.5,6023.9,8542.3,8542.7,8544.8,5159.9,5159.9,5160.3,7373.7,7373.9,7373.6,6058.6,6059.7,6058.6,1841.7,1840.2,1840.0,3643.1,3643.1,3644.1,2508.4,2508.3,2508.0,2867.2,2867.3,2868.1,26.590000,25.430000,going to home base
2024-04-13T04:32:44Z,2349.9,2349.0,2349.7,2581.5,2581.3,2581.8,5620.9,5620.2,5620.4,2317.9,2317.5,2317.8,3451.5,3451.3,3451.5,4344.6,4344.1,4344.4,6023.1,6021.4,6023.3,8542.8,8542.6,8544.9,5160.1,5159.6,5160.7,7375.3,7374.5,7375.2,6061.0,6061.8,6062.8,1842.3,1840.7,1840.5,3644.1,3644.1,3644.6,2508.4,2507.5,2507.8,2868.3,2868.0,2867.4,26.590000,25.430000,going to home base
2024-04-13T04:32:49Z,2349.0,2348.5,2348.9,2580.7,2580.8,2580.9,5620.6,5619.9,5620.6,2317.4,2317.4,2318.1,3452.0,3452.2,3451.2,4344.1,4344.5,4344.5,6024.2,6023.8,6024.3,8543.7,8543.5,8542.7,5162.1,5161.5,5162.0,7375.2,7373.7,7373.3,6062.2,6063.1,6063.2,1841.8,1839.9,1840.1,3643.4,3643.3,3643.6,2508.2,2507.7,2508.2,2866.6,2866.3,2867.4,26.600000,25.379999,going to home base
2024-04-13T04:32:54Z,2349.1,2348.5,2348.8,2580.8,2581.3,2581.6,5621.4,5621.4,5621.5,2317.5,2317.6,2318.2,3451.9,3451.4,3452.0,4345.4,4344.8,4344.1,6022.7,6023.0,6022.3,8543.5,8542.1,8543.3,5161.0,5159.4,5160.9,7375.4,7373.7,7373.8,6060.6,6061.2,6062.6,1841.9,1840.5,1840.3,3643.7,3644.0,3645.1,2508.6,2508.0,2508.1,2868.4,2867.1,2867.8,26.590000,25.420000,going to home base
2024-04-13T04:32:59Z,2349.3,2348.5,2348.7,2580.9,2580.7,2581.6,5621.2,5620.5,5620.8,2317.9,2317.9,2317.9,3451.7,3451.3,3451.2,4344.6,4344.1,4344.4,6023.8,6024.1,6024.8,8542.7,8544.1,8541.8,5160.4,5160.5,5162.3,7373.6,7372.4,7373.2,6060.3,6060.5,6060.0,1842.1,1840.4,1840.3,3644.3,3644.0,3644.8,2508.0,2507.3,2507.9,2867.5,2867.4,2867.9,26.590000,25.459999,going to home base
2024-04-13T04:33:04Z,2348.5,2347.6,2348.4,2581.2,2581.1,2581.3,5620.4,5620.6,5620.5,2317.7,2317.5,2318.2,3451.6,3450.4,3450.8,4344.2,4343.8,4343.8,6023.6,6023.0,6024.2,8543.2,8540.8,8542.7,5160.2,5159.7,5160.7,7373.0,7372.6,7372.2,6061.1,6060.5,6062.3,1841.5,1840.2,1840.5,3643.7,3644.2,3644.5,2508.3,2507.1,2507.7,2868.2,2866.5,2867.5,26.600000,25.440001,going to home base
2024-04-13T04:33:09Z,2349.3,2348.4,2348.8,2581.4,2581.3,2581.2,5621.0,5621.0,5621.1,2317.7,2317.8,2318.0,3451.7,3451.3,3451.3,4344.4,4344.4,4344.6,6025.0,6024.3,6024.3,8544.5,8543.5,8545.0,5159.9,5159.6,5160.4,7373.2,7371.8,7370.8,6061.1,6061.7,6061.7,1841.5,1840.2,1840.0,3644.2,3644.5,3645.5,2508.3,2507.6,2507.7,2868.8,2868.2,2868.2,26.559999,25.440001,going to home base
2024-04-13T04:33:19Z,2349.7,2349.3,2349.4,2580.5,2580.9,2581.1,5621.3,5620.7,5621.1,2318.2,2317.6,2318.4,3452.3,3452.4,3452.2,4344.6,4344.3,4344.3,6023.2,6023.7,6023.0,8544.4,8543.4,8543.9,5160.3,5160.9,5161.4,7371.9,7370.8,7372.9,6062.7,6062.6,6061.7,1842.0,1840.1,1840.2,3644.0,3643.7,3644.6,2508.2,2507.7,2507.7,2867.8,2868.4,2868.6,26.590000,25.440001,going to home base
2024-04-13T04:33:24Z,2349.3,2348.9,2349.2,2581.1,2580.6,2581.0,5621.0,5620.9,5621.5,2318.4,2318.0,2318.6,3451.1,3451.1,3450.8,4344.3,4344.0,4344.4,6023.1,6022.1,6022.4,8545.8,8543.3,8544.8,5160.0,5159.3,5160.0,7373.9,7371.7,7372.4,6062.4,6061.7,6063.8,1841.6,1840.5,1840.4,3643.4,3643.3,3644.8,2507.9,2507.5,2507.1,2869.5,2869.2,2869.8,26.559999,25.410000,going to home base
2024-04-13T04:33:29Z,2349.7,2349.0,2349.0,2581.0,2580.5,2581.7,5620.9,5620.6,5620.5,2318.0,2318.2,2318.6,3452.0,3451.4,3451.4,4344.2,4344.0,4344.1,6021.9,6020.6,6022.0,8544.2,8542.3,8542.5,5159.3,5159.7,5160.0,7371.9,7369.9,7370.1,6063.0,6062.2,6064.1,1841.5,1840.4,1839.9,3642.3,3642.7,3643.4,2507.8,2506.7,2507.3,2869.6,2868.2,2868.7,26.590000,25.420000,going to home base
2024-04-13T04:33:34Z,2349.4,2348.8,2349.1,2581.5,2581.0,2581.6,5621.0,5620.4,5620.5,2318.1,2318.1,2318.4,3452.2,3451.4,3451.4,4344.2,4344.0,4344.2,6021.4,6020.7,6022.4,8544.5,8544.1,8543.9,5159.4,5158.8,5160.5,7373.6,7373.2,7372.9,6060.1,6060.7,6061.8,1841.5,1839.9,1840.1,3643.8,3644.3,3645.0,2507.5,2507.1,2507.0,2869.4,2869.8,2870.3,26.590000,25.430000,going to home base
2024-04-13T04:33:39Z,2349.6,2349.0,2349.3,2581.3,2581.2,2581.6,5621.2,5620.7,5621.0,2318.1,2317.9,2318.5,3452.1,3451.3,3451.4,4344.3,4344.4,4344.3,6020.1,6020.6,6021.2,8546.6,8544.6,8545.1,5160.7,5159.8,5162.2,7374.8,7372.2,7373.3,6059.1,6059.3,6060.7,1841.7,1840.3,1839.9,3644.6,3643.9,3644.7,2507.0,2506.2,2506.7,2869.0,2868.5,2868.9,26.590000,25.379999,going to home base
2024-04-13T04:33:44Z,2349.6,2349.0,2349.0,2581.0,2580.8,2581.4,5620.9,5620.2,5620.4,2318.1,2318.2,2318.7,3451.6,3450.8,3451.2,4344.4,4344.0,4344.1,6020.4,6020.0,6020.2,8544.2,8543.1,8542.4,5161.4,5161.7,5162.3,7372.6,7372.8,7373.0,6062.8,6061.6,6062.9,1841.4,1840.1,1840.3,3644.0,3644.5,3644.8,2507.6,2507.3,2507.3,2870.0,2870.3,2870.7,26.590000,25.400000,going to home base
2024-04-13T04:33:49Z,2349.4,2349.0,2349.3,2581.2,2581.8,2582.1,5620.5,5620.1,5620.1,2317.9,2318.1,2318.7,3452.3,3451.5,3451.2,4344.3,4344.0,4344.1,6021.7,6021.4,6020.6,8545.7,8544.9,8547.5,5160.6,5159.9,5161.0,7373.1,7371.5,7370.5,6062.8,6061.3,6063.1,1841.8,1840.0,1840.1,3644.9,3644.1,3644.9,2507.6,2507.0,2507.2,2869.1,2868.6,2868.3,26.590000,25.389999,going to home base
2024-04-13T04:33:54Z,2350.2,2349.5,2349.5,2580.9,2580.8,2581.3,5620.6,5620.5,5620.4,2318.0,2317.7,2318.6,3451.0,3450.2,3449.9,4344.5,4344.2,4344.3,6022.4,6021.6,6022.1,8544.9,8545.1,8545.6,5159.2,5160.3,5160.9,7374.7,7374.5,7374.5,6059.2,6058.8,6059.8,1841.4,1839.9,1839.3,3644.3,3644.1,3644.4,2507.3,2506.4,2506.5,2866.9,2867.2,2866.6,26.600000,25.469999,going to home base
2024-04-13T04:33:59Z,2349.5,2348.9,2349.0,2581.6,2581.8,2581.6,5619.4,5619.0,5619.7,2318.1,2318.1,2318.7,3451.4,3451.7,3451.4,4344.0,4344.1,4344.2,6021.7,6021.5,6023.2,8545.3,8546.5,8548.3,5160.0,5160.0,5160.8,7372.0,7372.5,7373.4,6061.1,6062.1,6063.4,1841.8,1840.2,1840.1,3644.0,3644.3,3645.1,2507.4,2506.4,2506.6,2869.1,2869.3,2870.1,26.570000,25.400000,going to home base
2024-04-13T04:34:09Z,2349.9,2349.4,2349.8,2581.7,2581.1,2581.7,5621.3,5620.5,5620.9,2317.7,2318.2,2318.5,3450.9,3450.5,3450.9,4344.4,4345.0,4344.9,6024.4,6022.5,6023.9,8542.3,8541.5,8541.7,5160.3,5160.4,5160.6,7373.1,7370.7,7371.1,6066.0,6064.9,6065.1,1842.0,1840.3,1840.6,3644.8,3645.1,3645.3,2508.0,2507.1,2507.1,2868.0,2868.3,28start,2349.8,2349.1,going to home base
2024-04-13T04:34:19Z,2349.3,2348.9,2349.2,2581.1,2581.2,2581.4,5620.8,5620.8,5620.6,2317.6,2317.7,2317.9,3451.1,3450.6,3450.5,4344.9,4344.4,4344.3,6021.5,6021.0,6021.9,8545.4,8544.6,8545.3,5159.3,5159.3,5159.7,7373.5,7372.8,7372.6,6061.1,6061.0,6060.4,1842.0,1840.7,1840.3,3643.9,3644.2,3645.0,2508.6,2507.3,2507.1,2868.9,2867.9,2868.5,26.600000,25.420000,going to home base
2024-04-13T04:34:24Z,2349.3,2348.9,2349.2,2581.5,2581.3,2581.6,5621.6,5620.6,5620.8,2317.7,2317.6,2318.0,3450.7,3450.5,3450.2,4344.6,4344.5,4345.1,6023.0,6023.9,6023.1,8545.5,8545.6,8544.1,5160.3,5159.9,5160.3,7374.1,7372.5,7375.2,6061.9,6061.8,6060.8,1841.8,1840.0,1840.0,3643.4,3643.3,3644.5,2507.8,2507.4,2507.6,2869.6,2868.8,2869.0,26.600000,25.400000,going to home base
2024-04-13T04:34:29Z,2349.6,2348.9,2349.3,2581.2,2580.9,2581.7,5620.6,5620.1,5620.0,2317.9,2317.7,2318.0,3450.8,3450.4,3450.6,4343.9,4344.5,4344.1,6023.4,6023.6,6023.2,8545.5,8543.5,8542.1,5160.9,5161.5,5161.9,7373.1,7371.3,7372.2,6063.1,6062.2,6062.4,1841.6,1840.1,1840.1,3644.0,3643.8,3644.6,2508.0,2507.4,2507.6,2869.0,2868.7,2868.7,26.570000,25.389999,going to home base
2024-04-13T04:34:34Z,2349.3,2348.6,2349.0,2580.9,2581.6,2582.2,5620.6,5619.6,5619.7,2317.2,2317.2,2318.2,3451.9,3451.2,3451.3,4344.2,4344.1,4344.2,6023.6,6024.9,6025.4,8543.2,8541.1,8544.8,5160.5,5159.0,5160.7,7373.5,7372.2,7372.2,6059.2,6060.6,6061.0,1841.6,1840.5,1840.2,3644.0,3643.9,3645.3,2507.8,2506.9,2507.2,2869.2,2868.2,2868.8,26.590000,25.430000,going to home base
2024-04-13T04:34:39Z,2349.4,2349.0,2349.1,2581.1,2581.4,2582.4,5620.2,5619.7,5620.3,2317.1,2317.3,2317.7,3451.9,3452.1,3452.0,4344.5,4344.5,4344.3,6023.2,6022.1,6022.4,8543.8,8546.0,8545.5,5160.0,5159.2,5159.9,7372.6,7371.4,7370.7,6061.9,6058.8,6059.4,1841.4,1840.0,1839.8,3644.0,3644.0,3644.9,2507.5,2507.0,2506.8,2869.7,2868.9,2869.0,26.559999,25.389999,going to home base
2024-04-13T04:34:44Z,2349.8,2349.4,2349.7,2581.4,2581.1,2581.5,5620.3,5619.7,5620.2,2317.9,2317.7,2317.6,3451.5,3451.4,3451.1,4344.5,4344.2,4344.6,6023.5,6023.9,6023.9,8544.9,8543.9,8544.2,5159.3,5160.2,5160.9,7370.4,7371.2,7370.1,6060.4,6060.6,6060.7,1841.3,1840.0,1839.8,3643.2,3643.7,3644.7,2507.8,2506.9,2507.0,2869.7,2869.3,2869.2,26.570000,25.430000,going to home base
2024-04-13T04:34:49Z,2349.9,2349.0,2349.1,2580.7,2580.6,2581.4,5620.4,5619.7,5620.0,2317.6,2317.5,2318.0,3451.1,3451.3,3450.7,4344.1,4343.9,4344.1,6023.8,6023.0,6023.3,8549.5,8544.4,8545.4,5159.9,5159.6,5161.3,7372.1,7371.7,7371.9,6061.2,6058.8,6060.2,1840.7,1839.4,1839.4,3643.6,3643.5,3644.2,2508.0,2507.3,2506.7,2869.3,2868.7,2869.6,26.559999,25.430000,going to home base
2024-04-13T04:34:54Z,2349.3,2348.6,2348.9,2581.9,2581.4,2581.8,5620.7,5620.1,5620.1,2318.1,2318.3,2318.9,3450.0,3450.2,3450.2,4344.1,4344.1,4344.2,6023.0,6022.6,6021.3,8546.1,8545.9,8547.7,5160.9,5160.3,5161.2,7371.5,7371.6,7371.4,6060.5,6060.6,6060.1,1841.2,1839.3,1839.2,3644.0,3643.4,3643.8,2506.5,2505.7,2506.1,2869.2,2869.0,2868.8,26.600000,25.450001,going to home base
2024-04-13T04:34:59Z,2349.1,2348.9,2348.6,2581.1,2580.9,2581.3,5620.4,5619.7,5619.6,2318.5,2318.2,2318.5,3451.3,3450.9,3450.3,4344.3,4345.0,4344.8,6022.8,6022.0,6022.0,8545.0,8544.2,8545.4,5160.5,5160.4,5160.7,7372.7,7372.5,7372.7,6061.1,6062.6,6063.3,1840.7,1839.6,1839.3,3642.6,3643.3,3643.8,2507.5,2506.6,2507.0,2869.1,2868.8,2869.9,26.600000,25.420000,going to home base
2024-04-13T04:35:04Z,2349.8,2348.9,2349.5,2580.8,2580.9,2581.6,5620.4,5619.7,5619.5,2317.6,2317.3,2317.7,3451.7,3450.8,3450.1,4344.7,4344.3,4343.9,6024.0,6024.1,6023.9,8543.5,8543.6,8544.6,5160.4,5159.3,5160.1,7372.3,7371.9,7370.4,6061.3,6061.6,6061.6,1841.6,1840.2,1839.8,3643.2,3643.0,3644.3,2507.6,2506.7,2506.0,2868.8,2868.9,2868.6,26.570000,25.360001,going to home base
2024-04-13T04:35:09Z,2349.3,2348.4,2348.7,2580.2,2580.6,2580.4,5620.3,5619.9,5620.0,2317.1,2316.8,2317.1,3450.8,3449.8,3450.2,4344.8,4344.9,4344.9,6022.6,6022.7,6022.7,8546.0,8544.5,8546.1,5160.6,5160.3,5161.3,7373.2,7370.3,7369.6,6063.7,6063.7,6063.1,1841.6,1840.1,1840.1,3643.1,3642.7,3643.7,2507.8,2506.8,2506.8,2868.7,2867.5,2867.9,26.559999,25.389999,going to home base
2024-04-13T04:35:14Z,2349.1,2348.5,2348.4,2581.1,2581.0,2581.4,5620.3,5619.5,5620.1,2317.4,2317.3,2317.5,3450.5,3450.6,3450.3,4343.8,4343.6,4343.9,6020.9,6021.5,6022.6,8546.3,8545.1,8544.1,5160.7,5159.4,5161.2,7372.7,7372.4,7372.6,6061.7,6060.7,6063.8,1841.6,1840.1,1839.9,3642.3,3642.3,3642.9,2508.3,2507.5,2507.8,2868.2,2868.3,2868.6,26.590000,25.430000,going to home base
2024-04-13T04:35:19Z,2349.4,2348.7,2349.3,2581.3,2580.4,2580.9,5620.8,5620.4,5621.0,2317.1,2317.0,2317.6,3450.4,3449.6,3450.0,4344.2,4344.2,4343.6,6022.4,6021.5,6022.6,8543.9,8545.9,8543.8,5159.1,5158.8,5160.8,7372.7,7371.2,7371.4,6061.8,6061.0,6063.1,1841.4,1839.8,1839.8,3643.0,3643.3,3643.8,2507.4,2507.0,2507.3,2869.5,2869.0,2868.3,26.600000,25.420000,going to home base
2024-04-13T04:35:24Z,2349.8,2349.0,2349.1,2581.4,2581.0,2581.6,5621.0,5620.4,5620.3,2317.6,2317.6,2317.9,3451.2,3450.7,3451.1,4343.8,4343.5,4343.2,6020.9,6020.8,6020.8,8543.7,8543.5,8543.0,5160.4,5160.7,5162.4,7372.8,7372.6,7371.6,6063.8,6063.2,6062.9,1841.8,1840.1,1840.1,3643.1,3643.3,3643.8,2507.6,2506.5,2506.7,2867.7,2867.8,2866.6,26.590000,25.459999,going to home base
2024-04-13T04:35:29Z,2349.4,2348.6,2349.4,2581.1,2581.1,2581.4,5620.2,5620.1,5620.4,2317.3,2317.5,2317.9,3449.8,3450.0,3450.0,4343.6,4343.6,4343.8,6020.4,6021.4,6021.0,8542.9,8541.8,8541.6,5160.9,5161.1,5161.9,7373.5,7372.0,7372.3,6062.4,6061.3,6061.8,1841.4,1840.1,1840.0,3642.7,3643.0,3643.5,2507.5,2506.3,2507.0,2866.0,2864.4,2865.1,26.559999,25.430000,going to home base
2024-04-13T04:35:34Z,2349.5,2348.6,2349.1,2581.1,2581.0,2581.2,5620.8,5620.7,5620.4,2317.6,2317.6,2318.0,3450.9,3450.4,3450.7,4344.6,4343.8,4344.3,6021.4,6019.6,6021.1,8542.2,8541.6,8542.2,5161.1,5159.0,5160.5,7373.7,7373.0,7373.4,6062.6,6060.8,6063.1,1841.6,1840.3,1840.2,3643.0,3643.0,3643.5,2507.2,2506.5,2506.4,2868.7,2866.0,2866.6,26.559999,25.459999,going to home base
2024-04-13T04:35:39Z,2350.1,2349.2,2349.0,2581.3,2580.6,2581.4,5620.7,5620.5,5620.4,2317.5,2317.3,2317.7,3450.0,3450.6,3450.3,4344.2,4344.1,4344.5,6022.0,6022.7,6023.3,8542.1,8542.2,8541.2,5159.0,5158.8,5160.4,7373.6,7371.6,7373.2,6059.1,6059.3,6060.4,1841.5,1840.2,1840.3,3642.8,3643.1,3643.3,2507.0,2506.3,2506.5,2866.0,2866.6,2865.7,26.570000,25.469999,going to home base
2024-04-13T04:35:44Z,2350.1,2349.5,2349.6,2581.1,2581.0,2581.3,5621.0,5620.4,5620.5,2317.2,2317.2,2317.7,3451.3,3450.6,3450.7,4344.2,4344.0,4344.1,6018.5,6020.2,6020.3,8542.1,8542.8,8541.5,5159.7,5159.6,5160.5,7372.0,7371.2,7372.0,6063.2,6061.5,6061.8,1841.2,1839.6,1839.9,3643.3,3643.1,3644.2,2507.4,2507.0,2507.0,2868.3,2867.7,2868.5,26.590000,25.440001,going to home base
2024-04-13T04:35:49Z,2349.6,2348.8,2348.8,2581.1,2580.7,2581.7,5621.0,5620.6,5620.4,2317.5,2317.6,2318.4,3451.6,3451.1,3450.5,4344.1,4343.9,4343.6,6022.5,6022.2,6022.5,8544.3,8543.3,8544.3,5157.9,5157.6,5159.1,7372.1,7370.5,7371.9,6062.4,6062.6,6062.2,1841.2,1839.9,1840.2,3643.4,3642.8,3644.5,2506.9,2506.4,2506.6,2866.5,2866.3,2867.0,26.590000,25.480000,going to home base
2024-04-13T04:35:54Z,2349.8,2349.1,2349.5,2581.3,2580.9,2582.1,5621.3,5621.1,5621.0,2317.5,2317.1,2317.5,3450.5,3450.1,3450.8,4344.4,4344.0,4343.8,6020.3,6019.3,6018.9,8544.8,8543.0,8544.1,5158.4,5157.9,5159.6,7371.6,7371.5,7371.0,6061.0,6060.8,6062.1,1841.6,1840.3,1839.8,3643.3,3642.9,3643.9,2507.9,2506.9,2507.1,2866.6,2866.2,2866.7,26.590000,25.430000,going to home base
2024-04-13T04:35:59Z,2349.4,2348.6,2348.6,2581.6,2581.6,2582.6,5621.7,5621.3,5621.6,2316.8,2317.1,2317.5,3450.2,3450.0,3450.6,4344.0,4343.7,4343.9,6021.1,6020.3,6020.5,8540.3,8541.5,8541.9,5160.7,5159.2,5159.1,7369.8,7370.2,7370.9,6060.5,6061.1,6061.2,1841.2,1839.8,1839.6,3643.8,3644.1,3645.0,2508.4,2507.2,2507.3,2868.1,2867.0,2867.4,26.590000,25.480000,going to home base
2024-04-13T04:36:04Z,2349.6,2348.9,2349.1,2581.3,2581.4,2581.3,5621.3,5620.9,5620.6,2317.5,2317.6,2317.8,3450.1,3450.0,3449.9,4343.3,4343.3,4343.4,6021.6,6021.3,6022.5,8542.1,8542.5,8542.0,5160.9,5160.7,5161.7,7371.4,7371.3,7371.9,6060.8,6059.8,6058.0,1841.3,1839.9,1840.2,3644.0,3643.5,3644.5,2507.6,2507.2,2506.8,2867.4,2866.6,2866.7,26.590000,25.440001,going to home base
2024-04-13T04:36:09Z,2349.4,2348.9,2349.0,2581.3,2581.5,2581.7,5620.7,5620.4,5620.0,2317.3,2317.1,2317.9,3450.6,3449.8,3450.5,4343.9,4344.2,4343.3,6020.9,6019.5,6020.6,8544.3,8542.8,8543.6,5160.2,5159.6,5161.2,7373.6,7373.3,7373.6,6059.5,6059.0,6058.7,1842.0,1840.3,1840.3,3643.8,3643.8,3644.4,2507.6,2506.8,2506.5,2865.7,2864.5,2864.2,26.570000,25.440001,going to home base
2024-04-13T04:36:14Z,2349.5,2348.8,2348.7,2581.1,2580.6,2581.0,5621.3,5620.6,5621.0,2317.7,2318.0,2318.3,3449.6,3449.9,3449.8,4343.7,4343.6,4343.5,6022.1,6021.8,6021.0,8542.6,8544.7,8542.2,5160.8,5160.5,5161.3,7374.5,7372.2,7373.1,6061.5,6061.7,6062.1,1841.6,1840.0,1839.9,3643.6,3643.6,3644.4,2508.2,2507.2,2507.2,2866.6,2866.1,2866.4,26.570000,25.420000,going to home base
2024-04-13T04:36:19Z,2349.6,2349.1,2349.4,2580.6,2580.7,2581.3,5620.8,5620.4,5620.3,2317.2,2317.4,2318.0,3450.2,3450.0,3449.9,4343.2,4343.2,4343.3,6019.2,6020.1,6019.9,8541.7,8542.3,8542.1,5159.9,5159.0,5159.6,7373.1,7372.2,7374.1,6060.9,6061.9,6060.9,1840.7,1839.2,1838.7,3643.0,3642.9,3644.0,2507.8,2507.4,2506.4,2866.2,2866.3,2866.2,26.600000,25.360001,going to home base
2024-04-13T04:36:24Z,2349.3,2348.7,2348.9,2581.0,2580.8,2581.3,5620.8,5620.2,5620.2,2317.2,2317.3,2317.5,3449.9,3449.7,3449.8,4343.7,4343.6,4343.9,6019.8,6018.6,6019.7,8545.7,8541.8,8543.6,5160.8,5160.7,5161.6,7373.3,7371.6,7371.3,6062.2,6060.9,6061.4,1841.4,1839.8,1839.8,3643.3,3643.3,3643.7,2507.6,2506.9,2506.3,2867.5,2867.0,2868.1,26.590000,25.410000,going to home base
2024-04-13T04:36:29Z,2349.3,2348.9,2348.8,2581.5,2581.2,2580.9,5621.2,5620.3,5620.3,2317.2,2317.1,2317.5,3451.5,3451.1,3451.0,4343.9,4343.4,4342.9,6021.4,6020.5,6021.5,8543.0,8543.8,8542.6,5161.5,5160.5,5161.3,7372.5,7371.3,7372.6,6059.7,6060.3,6059.9,1841.1,1840.0,1839.8,3643.7,3643.7,3643.9,2507.8,2507.4,2507.7,2866.8,2866.2,2867.1,26.590000,25.440001,going to home base
2024-04-13T04:36:34Z,2349.4,2348.9,2349.0,2581.2,2581.1,2582.0,5621.1,5620.4,5620.8,2317.5,2317.6,2318.0,3451.0,3450.3,3450.3,4343.7,4343.5,4343.7,6021.7,6022.5,6020.4,8544.6,8543.1,8542.7,5159.7,5160.7,5160.6,7370.6,7370.4,7370.7,6060.9,6060.5,6060.3,1841.7,1840.3,1840.3,3644.4,3643.6,3644.9,2507.1,2506.3,2506.4,2867.7,2867.2,2867.9,26.590000,25.410000,going to home base
2024-04-13T04:36:39Z,2349.0,2348.6,2348.8,2581.6,2581.5,2581.9,5621.1,5620.5,5620.4,2317.8,2317.4,2317.8,3451.0,3450.6,3450.6,4343.5,4343.3,4343.2,6021.2,6020.0,6021.6,8542.4,8545.4,8542.5,5159.5,5158.8,5160.3,7374.4,7372.5,7371.9,6063.0,6063.1,6063.1,1841.2,1839.6,1839.8,3643.1,3642.7,3644.1,2507.2,2506.5,2506.3,2867.9,2867.9,2867.7,26.570000,25.430000,going to home base
2024-04-13T04:36:44Z,2348.8,2348.1,2348.4,2581.7,2581.3,2581.7,5620.2,5620.3,5620.4,2316.8,2316.9,2317.6,3450.7,3450.5,3450.6,4343.6,4343.3,4343.5,6020.3,6019.1,6020.4,8542.3,8540.2,8537.6,5159.6,5159.4,5160.8,7374.8,7373.9,7372.6,6061.8,6061.6,6062.1,1841.3,1839.8,1839.8,3643.6,3643.8,3644.2,2507.7,2506.8,2506.7,2868.2,2866.9,2867.0,26.590000,25.360001,going to home base
2024-04-13T04:36:49Z,2348.6,2348.6,2348.7,2581.6,2581.7,2582.0,5621.3,5620.9,5620.9,2316.2,2316.4,2316.9,3450.2,3450.2,3449.9,4343.9,4343.9,4344.1,6021.2,6019.9,6021.9,8544.4,8542.4,8541.3,5158.1,5157.4,5157.9,7372.0,7370.7,7372.5,6061.6,6061.2,6062.0,1841.7,1839.9,1840.1,3643.7,3643.4,3643.9,2507.8,2507.6,2507.2,2867.4,2867.1,2867.0,26.600000,25.400000,going to home base
2024-04-13T04:36:54Z,2349.3,2348.3,2348.7,2581.6,2581.6,2581.9,5620.8,5620.6,5620.7,2317.4,2316.8,2317.0,3449.9,3450.3,3450.1,4343.9,4344.3,4344.7,6019.2,6018.4,6018.2,8541.6,8541.9,8541.1,5158.6,5158.6,5161.0,7372.1,7371.8,7372.0,6060.8,6060.9,6061.0,1841.3,1839.8,1839.5,3643.0,3643.9,3644.7,2506.9,2506.5,2506.0,2868.1,2866.9,2867.5,26.570000,25.410000,going to home base
2024-04-13T04:36:59Z,2349.2,2348.4,2348.4,2581.6,2581.3,2581.6,5620.8,5620.7,5620.6,2317.0,2316.9,2317.5,3450.6,3450.0,3449.9,4344.5,4344.0,4344.3,6019.1,6018.5,6017.9,8540.9,8541.5,8541.0,5161.6,5159.8,5161.7,7373.8,7373.1,7371.7,6058.7,6058.5,6059.8,1841.7,1840.1,1839.9,3643.0,3643.3,3644.2,2506.9,2506.1,2506.1,2866.6,2866.4,2866.5,26.590000,25.389999,going to home base
2024-04-13T04:37:04Z,2349.7,2349.1,2349.3,2580.8,2580.6,2581.5,5620.8,5620.0,5620.6,2317.0,2316.7,2317.5,3450.6,3451.0,3450.6,4343.6,4343.6,4343.7,6020.0,6019.2,6019.5,8542.9,8542.2,8541.5,5161.2,5161.2,5161.4,7373.0,7373.0,7372.5,6061.3,6061.0,6060.4,1841.2,1839.8,1839.6,3643.6,3643.9,3644.7,2507.5,2506.7,2506.5,2868.3,2867.6,2867.7,26.590000,25.350000,going to home base
2024-04-13T04:37:09Z,2349.9,2349.0,2349.2,2581.3,2581.1,2581.6,5621.2,5620.6,5620.5,2317.0,2317.3,2317.6,3451.4,3451.1,3450.7,4343.7,4343.3,4343.2,6018.5,6019.0,6019.6,8541.4,8540.6,8541.2,5158.1,5158.8,5159.3,7374.1,7372.6,7371.8,6060.9,6060.8,6061.0,1841.0,1840.0,1839.6,3643.4,3643.7,3644.5,2507.4,2505.9,2506.6,2868.6,2868.3,2869.1,26.559999,25.410000,going to home base
2024-04-13T04:37:14Z,2349.6,2348.6,2348.9,2581.9,2581.8,2581.7,5620.5,5620.5,5620.3,2317.6,2317.3,2317.5,3450.7,3449.9,3449.8,4343.9,4343.3,4344.1,6018.5,6018.4,6020.1,8542.2,8541.0,8541.0,5160.6,5159.7,5160.9,7372.9,7370.8,7372.4,6060.2,6061.2,6062.3,1841.1,1839.8,1839.7,3644.2,3644.2,3645.1,2506.6,2505.2,2505.3,2867.5,2867.2,2868.0,26.590000,25.370001,going to home base
2024-04-13T04:37:19Z,2349.9,2349.6,2349.4,2581.4,2581.7,2581.6,5620.7,5619.9,5619.8,2317.0,2316.8,2316.8,3450.1,3449.7,3449.8,4343.5,4343.4,4343.5,6017.7,6018.9,6018.0,8544.1,8543.4,8543.1,5159.4,5159.1,5159.6,7372.2,7372.2,7372.5,6061.9,6062.5,6063.1,1841.6,1840.1,1839.7,3643.0,3643.6,3644.4,2506.0,2505.8,2505.6,2868.2,2867.3,2867.9,26.559999,25.370001,going to home base
2024-04-13T04:37:24Z,2349.5,2348.5,2349.1,2581.6,2581.2,2581.8,5620.7,5620.4,5620.7,2317.3,2317.0,2317.2,3450.4,3450.3,3449.4,4343.4,4343.6,4343.1,6018.4,6018.1,6018.6,8544.5,8544.4,8544.7,5159.5,5159.5,5160.5,7373.3,7372.6,7373.3,6062.4,6060.4,6062.2,1840.7,1839.2,1839.0,3643.1,3643.6,3644.6,2506.2,2505.4,2505.2,2868.1,2867.8,2868.0,26.570000,25.400000,going to home base
2024-04-13T04:37:29Z,2349.9,2349.1,2349.3,2582.1,2581.6,2582.1,5620.8,5620.6,5620.7,2317.0,2316.9,2317.5,3450.7,3450.7,3450.5,4343.8,4343.7,4343.4,6020.1,6019.6,6020.7,8542.1,8543.1,8542.3,5159.0,5158.4,5159.4,7373.5,7373.2,7372.9,6061.3,6061.5,6060.7,1841.4,1840.0,1839.7,3644.0,3643.8,3644.7,2506.7,2506.0,2505.9,2867.7,2867.4,2867.5,26.590000,25.400000,going to home base
2024-04-13T04:37:34Z,2349.3,2348.8,2349.2,2581.4,2581.9,2581.7,5620.8,5620.6,5620.2,2316.6,2316.6,2317.2,3450.2,3449.9,3450.2,4343.3,4343.3,4343.2,6020.2,6020.4,6020.9,8543.6,8544.1,8543.2,5156.1,5157.1,5157.9,7373.6,7373.3,7373.1,6059.1,6059.9,6060.0,1841.0,1839.4,1839.4,3643.7,3643.6,3644.2,2506.5,2505.7,2505.3,2868.8,2867.1,2867.4,26.570000,25.410000,going to home base
2024-04-13T04:37:39Z,2349.2,2348.4,2348.6,2581.4,2581.2,2581.9,5620.6,5620.2,5620.5,2317.2,2316.7,2317.3,3450.2,3449.8,3449.2,4343.9,4343.3,4343.2,6019.2,6019.9,6019.3,8542.9,8543.0,8541.7,5159.1,5158.6,5160.2,7372.4,7371.6,7372.9,6057.5,6057.6,6058.9,1841.2,1839.9,1839.7,3644.1,3644.4,3645.3,2506.4,2505.7,2505.8,2868.7,2868.3,2868.0,26.570000,25.389999,going to home base
2024-04-13T04:37:44Z,2348.9,2348.5,2348.6,2581.3,2581.5,2581.7,5621.0,5620.5,5620.4,2317.6,2317.7,2317.9,3450.4,3449.9,3449.0,4343.8,4343.4,4344.2,6021.6,6020.5,6021.6,8542.3,8542.8,8544.0,5159.7,5159.1,5159.9,7373.5,7373.1,7373.2,6060.6,6061.2,6060.6,1841.4,1839.6,1839.8,3643.5,3643.4,3644.9,2506.6,2505.5,2505.6,2868.8,2868.6,2868.7,26.590000,25.379999,going to home base
2024-04-13T04:37:49Z,2348.8,2348.1,2348.4,2581.6,2581.6,2582.1,5620.6,5619.9,5620.5,2317.3,2317.3,2318.1,3450.4,3450.1,3450.0,4343.6,4343.7,4343.5,6019.9,6019.8,6019.8,8541.9,8543.1,8543.3,5158.7,5158.3,5159.3,7373.5,7372.7,7373.1,6057.2,6056.7,6058.1,1841.5,1839.8,1840.0,3643.7,3643.8,3644.3,2506.7,2505.8,2505.8,2868.2,2867.1,2868.3,26.570000,25.360001,going to home base
2024-04-13T04:37:54Z,2349.0,2348.5,2348.5,2581.6,2581.4,2581.8,5620.9,5620.7,5620.1,2317.7,2317.4,2317.9,3449.6,3449.7,3449.2,4344.1,4343.7,4343.3,6020.3,6020.7,6020.8,8545.1,8545.5,8546.1,5158.4,5158.1,5159.5,7374.5,7373.5,7373.4,6058.9,6056.9,6059.4,1841.0,1839.9,1839.6,3643.5,3643.5,3644.9,2506.8,2505.8,2506.0,2867.3,2867.5,2868.3,26.570000,25.430000,going to home base
2024-04-13T04:37:59Z,2349.2,2348.7,2349.0,2581.5,2581.3,2581.5,5620.7,5620.1,5620.5,2317.1,2317.2,2317.8,3449.8,3449.1,3449.4,4343.2,4343.0,4343.3,6019.7,6020.9,6020.3,8544.2,8544.9,8547.1,5159.2,5158.7,5159.6,7373.4,7372.5,7372.3,6058.9,6058.4,6058.4,1841.6,1840.1,1839.8,3643.5,3643.7,3644.4,2505.9,2505.6,2505.7,2868.2,2867.3,2868.3,26.559999,25.400000,going to home base
2024-04-13T04:38:04Z,2349.5,2348.6,2348.9,2581.8,2581.2,2581.6,5620.4,5619.7,5620.3,2316.8,2316.1,2316.8,3449.3,3449.5,3448.4,4343.3,4342.8,4342.5,6019.7,6020.3,6021.4,8546.3,8544.2,8548.0,5158.9,5159.1,5159.7,7372.1,7371.8,7372.5,6060.5,6060.3,6060.7,1841.3,1839.9,1839.7,3643.3,3643.0,3643.6,2505.8,2505.2,2505.7,2868.3,2868.1,2868.1,26.570000,25.350000,going to home base
2024-04-13T04:38:09Z,2349.3,2348.4,2348.7,2582.0,2581.6,2581.6,5620.4,5619.9,5619.9,2316.9,2316.9,2317.4,3450.4,3449.1,3449.2,4344.0,4343.0,4343.1,6022.1,6022.2,6022.6,8547.5,8543.6,8545.6,5159.4,5158.6,5159.2,7373.5,7371.2,7371.6,6062.1,6061.5,6060.1,1841.3,1839.8,1839.8,3643.6,3643.4,3644.8,2506.3,2505.3,2505.8,2869.9,2867.9,2868.0,26.570000,25.420000,going to home base
2024-04-13T04:38:14Z,2349.2,2348.8,2349.0,2581.9,2581.2,2581.8,5620.6,5619.5,5619.5,2318.3,2318.6,2318.6,3450.6,3450.1,3449.7,4343.0,4343.0,4343.3,6020.3,6019.1,6018.9,8544.6,8548.0,8546.3,5160.1,5160.3,5160.9,7373.4,7371.2,7371.7,6060.1,6060.3,6061.0,1841.5,1840.0,1839.6,3642.6,3642.4,3643.9,2506.3,2506.1,2505.8,2868.0,2867.2,2868.1,26.570000,25.400000,going to home base
2024-04-13T04:38:19Z,2349.2,2348.6,2348.6,2582.0,2582.1,2582.6,5620.9,5619.9,5619.9,2317.3,2317.0,2318.0,3449.8,3449.5,3450.1,4344.0,4343.8,4343.8,6019.8,6020.3,6021.0,8541.5,8542.6,8542.8,5159.7,5159.6,5159.6,7373.2,7371.9,7372.8,6058.8,6059.1,6059.4,1840.9,1839.4,1839.7,3643.0,3642.5,3643.7,2506.9,2505.7,2505.3,2867.6,2867.2,2867.0,26.570000,25.389999,going to home base
2024-04-13T04:38:24Z,2349.3,2348.5,2348.8,2582.2,2582.0,2582.5,5620.5,5620.3,5620.3,2317.8,2317.2,2318.0,3450.6,3450.4,3449.7,4342.8,4343.2,4343.4,6021.0,6020.8,6020.9,8544.3,8544.3,8543.7,5159.4,5159.9,5160.6,7374.9,7373.5,7373.8,6058.1,6058.1,6059.0,1841.5,1839.4,1839.4,3642.2,3642.3,3643.4,2506.7,2506.0,2506.1,2869.0,2867.8,2868.6,26.559999,25.389999,going to home base
2024-04-13T04:38:29Z,2349.2,2348.5,2349.0,2582.0,2582.0,2582.0,5621.0,5619.8,5620.3,2317.1,2317.4,2317.5,3450.4,3449.7,3450.0,4342.8,4342.7,4343.1,6021.3,6021.5,6021.8,8544.5,8545.6,8543.5,5160.5,5159.5,5159.6,7372.4,7372.2,7372.6,6060.8,6061.2,6061.4,1841.1,1839.7,1839.9,3642.8,3643.5,3643.9,2506.4,2505.5,2505.4,2866.9,2866.2,2866.2,26.570000,25.389999,going to home base
2024-04-13T04:38:34Z,2349.3,2348.5,2348.8,2581.2,2581.0,2582.0,5621.0,5620.5,5620.6,2317.0,2317.0,2317.7,3449.6,3450.0,3449.9,4343.0,4343.0,4343.2,6022.3,6021.0,6023.5,8544.8,8543.7,8543.6,5156.4,5155.9,5156.4,7373.5,7372.8,7372.8,6060.1,6060.9,6061.2,1841.4,1839.8,1840.0,3642.8,3642.4,3643.4,2506.3,2505.6,2505.4,2868.9,2867.2,2868.2,26.590000,25.370001,going to home base
2024-04-13T04:38:39Z,2349.3,2348.8,2349.0,2581.7,2581.8,2582.0,5620.9,5620.6,5620.4,2317.1,2317.0,2317.6,3450.2,3449.6,3449.6,4343.2,4343.2,4343.0,6021.8,6022.1,6021.8,8543.3,8541.3,8544.3,5160.1,5159.5,5160.3,7373.3,7373.2,7373.0,6059.8,6059.2,6061.6,1841.6,1839.9,1840.2,3642.7,3642.4,3643.2,2506.4,2505.4,2505.4,2867.6,2867.2,2867.1,26.590000,25.360001,going to home base
2024-04-13T04:38:44Z,2349.6,2348.4,2348.8,2582.4,2582.4,2582.6,5620.2,5620.2,5619.8,2317.1,2317.0,2317.4,3449.6,3449.3,3449.8,4342.6,4342.4,4342.6,6021.7,6021.1,6022.0,8548.4,8546.3,8546.6,5161.0,5159.5,5160.3,7373.0,7371.2,7371.2,6060.8,6059.5,6060.7,1841.4,1840.0,1840.0,3643.4,3643.1,3644.2,2506.8,2506.2,2506.4,2868.3,2867.7,2868.4,26.600000,25.360001,going to home base
2024-04-13T04:38:49Z,2349.0,2348.2,2348.4,2581.3,2581.5,2582.2,5620.6,5620.4,5620.2,2317.7,2317.3,2317.9,3450.3,3449.8,3449.7,4343.2,4343.2,4343.2,6021.1,6021.1,6021.2,8546.2,8545.9,8545.8,5159.2,5158.8,5159.9,7373.2,7372.5,7373.2,6059.0,6059.0,6060.2,1841.4,1840.3,1840.1,3642.9,3642.9,3643.8,2506.4,2505.1,2505.4,2869.9,2868.9,2868.1,26.570000,25.400000,going to home base
2024-04-13T04:38:54Z,2349.1,2348.6,2348.8,2581.5,2581.6,2582.0,5619.8,5619.5,5619.7,2317.4,2317.9,2318.0,3450.3,3449.4,3449.5,4342.9,4342.6,4342.8,6019.5,6020.1,6021.2,8546.1,8542.6,8547.0,5159.2,5158.3,5159.6,7375.4,7373.6,7373.7,6061.0,6061.8,6059.5,1841.3,1840.0,1840.1,3643.6,3644.1,3645.0,2506.2,2505.6,2505.5,2868.3,2867.7,2867.6,26.590000,25.379999,going to home base
2024-04-13T04:39:04Z,2348.8,2348.1,2348.3,2581.1,2580.8,2580.6,5620.5,5619.9,5620.3,2316.6,2316.5,2317.0,3449.1,3449.1,3449.0,4342.6,4342.7,4342.8,6018.3,6017.3,6019.0,8545.9,8546.0,8544.8,5158.7,5158.8,5159.5,7374.2,7372.4,7373.5,6060.6,6060.4,6062.8,1842.1,1840.6,1start,26499.0,26494.6,2349.2,2348.1,2348.4,2581.0,2581.2,2582.0,5621.1,2317.4,2317.1,going to home base
2024-04-13T04:39:14Z,2348.8,2348.0,2348.6,2580.8,2581.5,2581.7,5620.8,5620.7,5620.5,2317.0,2316.5,2317.2,3450.5,3450.2,3450.4,4343.2,4342.7,4342.6,6022.1,6022.4,6022.3,8545.3,8544.3,8544.5,5160.8,5159.6,5159.4,7372.8,7371.7,7371.8,6059.2,6058.7,6058.2,1841.6,1840.2,1839.9,3643.4,3643.4,3644.2,2505.9,2505.1,2505.2,2868.0,2868.7,2869.2,26.570000,25.350000,going to home base
2024-04-13T04:39:19Z,2349.4,2348.6,2348.8,2581.3,2581.0,2581.5,5620.4,5620.1,5620.2,2316.8,2316.9,2317.2,3450.4,3450.5,3450.6,4343.0,4342.9,4343.0,6019.9,6019.3,6019.7,8546.6,8547.6,8547.1,5160.2,5159.7,5159.4,7374.6,7374.2,7372.9,6061.1,6061.5,6060.8,1841.1,1839.7,1840.1,3643.2,3643.5,3644.5,2506.4,2505.1,2505.0,2868.2,2867.2,2869.5,26.549999,25.389999,going to home base
2024-04-13T04:39:24Z,2349.2,2348.7,2349.0,2581.6,2581.7,2582.6,5620.9,5620.2,5620.1,2317.3,2317.4,2317.6,3450.7,3450.0,3450.2,4342.3,4342.2,4342.2,6021.0,6019.1,6019.3,8547.5,8548.5,8547.4,5158.5,5158.3,5158.6,7375.9,7375.7,7375.1,6060.9,6060.6,6062.7,1841.4,1840.2,1839.9,3642.1,3642.8,3642.9,2506.6,2505.9,2505.4,2867.6,2867.5,2867.3,26.570000,25.389999,going to home base
2024-04-13T04:39:29Z,2349.0,2348.5,2348.6,2582.4,2581.9,2582.5,5620.8,5620.3,5620.3,2317.2,2317.1,2317.9,3449.7,3449.6,3449.4,4342.4,4342.2,4342.6,6019.1,6018.8,6018.8,8546.8,8544.2,8546.5,5159.7,5158.6,5160.0,7374.6,7373.8,7373.9,6061.1,6059.7,6061.3,1841.7,1840.3,1840.0,3643.5,3643.7,3644.9,2506.1,2504.6,2505.7,2867.2,2866.4,2866.6,26.559999,25.389999,going to home base
2024-04-13T04:39:34Z,2349.3,2348.9,2349.1,2580.9,2580.6,2580.9,5620.3,5620.2,5619.9,2317.0,2316.8,2317.6,3450.8,3450.2,3450.2,4342.5,4342.8,4342.5,6020.9,6019.8,6019.6,8545.2,8544.6,8544.6,5160.3,5159.8,5161.5,7371.8,7370.7,7371.1,6062.2,6061.8,6062.2,1841.0,1839.6,1839.7,3642.9,3642.7,3643.6,2505.7,2504.9,2504.9,2867.7,2867.2,2866.3,26.600000,25.350000,going to home base
2024-04-13T04:39:39Z,2349.1,2348.0,2348.6,2581.2,2581.1,2581.1,5620.4,5619.8,5619.6,2316.4,2316.4,2316.5,3450.6,3450.1,3449.8,4342.5,4342.0,4342.2,6021.2,6021.3,6022.6,8546.9,8546.4,8545.7,5160.8,5161.3,5161.2,7373.8,7370.7,7372.4,6061.1,6060.3,6061.4,1840.9,1839.7,1839.1,3642.5,3642.5,3643.6,2505.7,2504.5,2504.0,2867.2,2866.1,2866.7,26.570000,25.360001,going to home base
2024-04-13T04:39:44Z,2349.1,2347.9,2348.1,2581.2,2581.0,2582.0,5619.8,5619.5,5619.8,2316.9,2316.9,2317.2,3449.5,3449.5,3449.3,4342.6,4342.7,4342.2,6019.5,6020.0,6019.0,8545.3,8546.0,8544.3,5159.8,5159.7,5159.7,7374.6,7373.5,7373.9,6061.6,6061.8,6063.4,1841.2,1839.7,1839.8,3642.3,3642.6,3643.4,2505.3,2504.5,2505.0,2868.3,2867.3,2868.2,26.570000,25.360001,going to home base
2024-04-13T04:39:49Z,2349.5,2348.2,2348.8,2581.8,2581.2,2581.5,5619.9,5619.7,5619.5,2317.3,2317.4,2317.4,3450.4,3449.5,3449.0,4342.9,4342.6,4342.3,6017.8,6021.2,6020.5,8545.7,8546.4,8546.8,5159.6,5159.3,5160.1,7374.5,7373.3,7372.5,6059.8,6059.7,6061.0,1841.3,1840.1,1840.0,3644.4,3644.0,3644.6,2506.2,2505.2,2505.1,2867.6,2866.6,2866.8,26.570000,25.400000,going to home base
2024-04-13T04:39:54Z,2348.9,2348.5,2348.6,2581.1,2581.3,2581.4,5620.2,5619.5,5619.6,2317.1,2317.3,2317.4,3450.1,3449.5,3449.3,4343.4,4342.8,4343.1,6020.4,6019.5,6020.2,8546.9,8547.1,8546.0,5159.9,5160.6,5160.9,7374.3,7373.6,7372.4,6059.5,6061.4,6062.6,1841.4,1839.8,1839.8,3642.4,3642.8,3643.6,2506.8,2505.6,2505.9,2868.9,2867.5,2868.9,26.570000,25.389999,going to home base
2024-04-13T04:39:59Z,2349.4,2348.8,2348.5,2581.3,2580.8,2581.3,5620.9,5620.4,5620.6,2317.1,2317.3,2317.7,3450.4,3449.9,3449.9,4342.7,4342.6,4343.3,6019.3,6019.4,6019.8,8544.3,8544.4,8544.7,5158.9,5157.8,5158.7,7371.1,7371.1,7370.4,6058.8,6058.9,6058.8,1841.6,1839.8,1840.1,3643.1,3642.7,3643.7,2506.9,2506.0,2505.8,2867.6,2867.3,2867.4,26.570000,25.420000,going to home base
2024-04-13T04:40:04Z,2348.8,2348.8,2348.9,2581.2,2581.0,2581.9,5620.7,5620.5,5620.4,2317.4,2317.4,2317.4,3451.1,3450.7,3450.8,4343.1,4343.2,4343.6,6018.9,6017.6,6018.8,8545.7,8544.0,8549.1,5158.4,5158.1,5158.8,7372.9,7372.4,7372.2,6058.0,6056.9,6058.1,1840.8,1839.2,1839.3,3642.0,3642.2,3642.9,2506.5,2505.9,2505.5,2868.2,2867.9,2867.8,26.590000,25.330000,going to home base
2024-04-13T04:40:09Z,2349.5,2348.7,2348.9,2581.7,2581.0,2581.4,5620.5,5620.1,5620.4,2316.7,2316.8,2317.3,3450.3,3449.8,3449.5,4342.9,4343.0,4342.8,6019.8,6018.9,6019.1,8546.4,8549.1,8546.2,5157.5,5158.1,5158.2,7374.0,7371.7,7371.8,6060.4,6059.1,6059.6,1841.5,1840.0,1840.0,3642.2,3642.3,3643.1,2505.9,2504.4,2504.5,2866.9,2867.8,2868.2,26.590000,25.370001,going to home base
2024-04-13T04:40:14Z,2349.4,2348.7,2349.0,2581.5,2581.2,2581.6,5620.3,5619.8,5620.3,2316.5,2316.6,2317.6,3449.5,3449.6,3449.3,4342.9,4343.3,4343.0,6017.6,6018.5,6018.5,8545.7,8545.4,8546.1,5159.7,5159.5,5160.3,7371.5,7369.5,7370.9,6059.8,6060.5,6061.4,1841.0,1839.8,1839.6,3641.1,3642.0,3642.7,2505.9,2505.3,2505.2,2867.7,2867.5,2868.5,26.559999,25.410000,going to home base
2024-04-13T04:40:19Z,2349.8,2348.7,2348.8,2582.0,2581.6,2581.9,5620.5,5620.3,5620.0,2316.7,2317.2,2317.6,3450.1,3449.6,3449.5,4342.6,4343.2,4343.1,6016.8,6016.2,6017.1,8548.2,8545.6,8546.5,5159.7,5158.7,5159.7,7371.0,7371.2,7370.2,6057.9,6056.2,6057.7,1841.2,1839.6,1839.8,3642.4,3642.3,3643.7,2506.1,2505.2,2505.0,2868.6,2867.3,2867.0,26.559999,25.330000,going to home base
2024-04-13T04:40:24Z,2349.1,2348.7,2349.0,2581.4,2581.2,2581.4,5620.1,5619.8,5619.4,2317.0,2317.0,2316.7,3449.3,3449.5,3449.1,4343.4,4343.6,4343.6,6018.7,6017.2,6019.0,8546.0,8546.3,8546.2,5158.7,5159.4,5160.0,7373.6,7370.8,7372.3,6058.4,6059.5,6059.1,1840.7,1839.0,1839.3,3642.5,3642.3,3643.1,2505.6,2505.1,2505.0,2867.2,2867.6,2867.5,26.570000,25.350000,going to home base
2024-04-13T04:40:29Z,2349.0,2348.6,2348.7,2582.3,2581.9,2582.3,5620.1,5619.6,5619.6,2316.5,2316.8,2317.5,3450.8,3450.8,3450.6,4343.1,4342.9,4343.3,6017.9,6018.8,6018.6,8549.2,8545.1,8545.7,5159.9,5159.6,5160.7,7372.7,7370.7,7371.7,6059.7,6058.2,6059.3,1840.7,1838.8,1838.8,3641.6,3642.0,3642.7,2506.0,2505.2,2505.1,2868.6,2868.6,2869.2,26.549999,25.360001,going to home base
2024-04-13T04:40:34Z,2349.8,2349.1,2349.1,2581.4,2581.2,2581.3,5620.1,5619.9,5619.8,2316.6,2316.7,2316.9,3449.9,3449.6,3449.9,4342.9,4343.1,4343.1,6018.2,6018.1,6018.6,8544.9,8545.5,8545.3,5159.7,5159.1,5161.2,7370.8,7369.9,7370.8,6060.6,6059.9,6059.3,1840.2,1838.8,1838.6,3642.7,3643.1,3644.0,2505.5,2505.3,2505.3,2867.9,2867.6,2868.1,26.570000,25.330000,going to home base
2024-04-13T04:40:39Z,2349.7,2348.7,2349.1,2581.3,2580.6,2581.3,5620.8,5619.8,5620.0,2317.2,2317.3,2317.6,3449.6,3449.1,3449.9,4343.3,4343.1,4343.1,6017.9,6017.5,6017.9,8543.7,8543.1,8543.9,5158.7,5158.8,5159.3,7371.6,7370.2,7370.1,6061.3,6060.8,6060.3,1841.2,1840.0,1839.9,3642.1,3642.1,3643.0,2506.4,2505.4,2505.5,2867.8,2867.1,2867.5,26.570000,25.370001,going to home base
2024-04-13T04:40:44Z,2348.6,2347.8,2348.0,2580.7,2580.5,2581.0,5620.4,5619.9,5620.3,2317.2,2317.3,2317.5,3451.0,3450.0,3450.4,4342.9,4342.4,4342.8,6018.1,6017.7,6019.0,8546.9,8545.8,8546.2,5160.7,5159.9,5161.6,7371.8,7372.6,7371.5,6061.8,6060.9,6060.2,1841.2,1839.5,1839.4,3642.1,3642.3,3643.3,2506.0,2505.3,2505.4,2866.4,2866.4,2865.9,26.570000,25.320000,going to home base
2024-04-13T04:40:49Z,2348.8,2348.5,2348.6,2580.8,2580.7,2581.2,5620.2,5620.0,5620.3,2317.3,2316.9,2316.8,3450.4,3450.0,3450.0,4343.1,4342.5,4342.8,6019.5,6020.2,6019.5,8545.3,8544.0,8545.3,5159.2,5159.6,5160.1,7375.4,7374.6,7374.3,6061.2,6059.4,6058.4,1841.0,1839.3,1839.0,3642.0,3641.9,3642.6,2506.5,2505.4,2505.4,2867.0,2867.1,2867.4,26.570000,25.400000,going to home base
2024-04-13T04:40:54Z,2348.7,2348.5,2348.4,2581.8,2582.1,2582.4,5620.5,5619.7,5619.8,2316.9,2316.7,2317.3,3450.3,3449.8,3449.7,4343.5,4343.3,4343.3,6018.4,6018.8,6019.6,8544.6,8543.8,8543.4,5159.5,5159.2,5160.0,7371.9,7371.7,7371.5,6060.2,6059.5,6059.8,1840.5,1839.3,1839.4,3642.2,3642.6,3643.3,2506.4,2505.3,2505.4,2868.2,2869.0,2868.7,26.559999,25.389999,going to home base
2024-04-13T04:40:59Z,2349.3,2348.2,2348.5,2580.8,2580.8,2581.4,5620.9,5620.3,5620.4,2316.9,2317.0,2317.8,3450.9,3451.1,3450.4,4343.0,4342.6,4342.6,6019.5,6018.9,6019.2,8548.1,8545.0,8548.1,5160.0,5158.7,5159.4,7373.6,7374.7,7372.3,6060.8,6059.4,6061.0,1840.6,1839.3,1839.6,3642.3,3642.6,3643.1,2505.9,2504.9,2505.6,2867.5,2867.5,2867.8,26.559999,25.370001,going to home base
2024-04-13T04:41:04Z,2349.0,2348.2,2348.6,2581.6,2580.4,2581.2,5620.7,5620.1,5620.3,2316.0,2316.4,2317.3,3450.4,3449.4,3449.9,4343.4,4343.5,4343.1,6019.0,6017.4,6018.3,8547.9,8546.7,8547.2,5160.6,5159.1,5160.4,7372.6,7372.6,7371.1,6058.7,6057.6,6058.7,1841.2,1839.9,1839.6,3642.7,3642.4,3643.1,2505.4,2505.3,2505.5,2868.4,2868.5,2869.5,26.549999,25.370001,going to home base
2024-04-13T04:41:09Z,2349.0,2348.6,2348.8,2581.4,2580.9,2581.9,5620.9,5620.4,5620.2,2316.9,2316.4,2317.2,3451.0,3450.4,3450.0,4342.6,4342.5,4342.6,6018.3,6016.8,6018.4,8544.0,8544.8,8544.1,5158.8,5158.7,5159.9,7372.7,7371.9,7371.6,6058.9,6057.6,6057.4,1840.7,1839.3,1839.1,3642.6,3642.4,3642.8,2505.6,2505.4,2505.2,2869.2,2868.4,2869.1,26.570000,25.350000,going to home base
2024-04-13T04:41:14Z,2349.0,2348.2,2348.5,2581.8,2581.6,2581.3,5621.2,5621.1,5620.3,2317.1,2317.0,2317.3,3450.6,3450.4,3450.5,4343.2,4343.1,4343.1,6018.7,6017.6,6019.0,8545.6,8544.6,8543.0,5159.4,5158.9,5159.7,7369.7,7371.8,7372.1,6060.3,6062.5,6061.8,1840.7,1839.8,1839.4,3642.6,3642.7,3643.4,2505.9,2505.3,2505.2,2867.9,2868.1,2868.9,26.549999,25.350000,going to home base
2024-04-13T04:41:19Z,2348.9,2348.3,2348.5,2581.1,2581.1,2581.0,5621.2,5620.7,5620.8,2317.1,2317.2,2317.4,3450.2,3449.7,3450.3,4342.8,4342.6,4342.3,6020.8,6020.5,6020.6,8541.3,8544.1,8544.2,5158.9,5159.7,5160.3,7372.9,7373.7,7373.5,6059.6,6060.5,6059.3,1840.4,1839.3,1839.3,3643.0,3643.1,3643.9,2504.8,2504.0,2504.2,2869.2,2868.8,2868.8,26.559999,25.350000,going to home base
2024-04-13T04:41:24Z,2349.4,2348.7,2348.9,2581.7,2581.9,2582.2,5620.9,5620.6,5620.7,2316.1,2316.0,2316.7,3451.3,3450.8,3450.6,4343.2,4342.8,4342.7,6022.7,6021.1,6022.4,8540.2,8539.7,8540.9,5159.3,5159.3,5159.8,7373.0,7371.1,7371.7,6058.6,6058.1,6059.4,1840.9,1839.4,1839.7,3643.7,3643.7,3644.6,2505.4,2504.5,2504.1,2868.4,2868.4,2868.6,26.549999,25.360001,going to home base
2024-04-13T04:41:29Z,2349.3,2348.6,2349.3,2581.0,2581.1,2581.5,5619.8,5619.8,5620.0,2316.7,2316.5,2316.6,3449.6,3449.7,3449.9,4342.6,4342.6,4343.0,6018.2,6018.0,6019.5,8541.9,8540.5,8542.5,5159.2,5159.6,5160.0,7373.1,7372.2,7371.6,6057.7,6057.6,6056.6,1841.2,1839.5,1839.5,3643.4,3643.4,3643.9,2505.9,2505.0,2505.3,2867.5,2867.7,2868.4,26.559999,25.350000,going to home base
2024-04-13T04:41:34Z,2349.1,2348.5,2348.6,2581.1,2580.9,2581.4,5620.8,5619.9,5620.3,2317.1,2317.2,2317.4,3449.8,3449.9,3449.2,4342.9,4342.5,4342.8,6018.2,6018.8,6018.6,8543.1,8542.4,8542.2,5159.3,5158.9,5159.4,7373.7,7372.7,7373.1,6059.8,6058.8,6058.6,1841.2,1840.0,1840.1,3643.2,3643.5,3643.8,2505.0,2504.3,2504.2,2867.5,2866.9,2867.0,26.559999,25.320000,going to home base
2024-04-13T04:41:39Z,2348.8,2348.4,2348.7,2580.9,2580.5,2581.4,5620.9,5620.1,5620.0,2316.7,2316.5,2317.6,3450.0,3449.6,3449.4,4342.7,4343.0,4342.9,6018.8,6019.6,6019.9,8544.8,8544.1,8544.8,5161.0,5159.1,5160.6,7371.1,7369.3,7370.2,6059.8,6059.1,6061.0,1841.4,1839.8,1840.0,3643.3,3643.6,3644.0,2505.1,2504.2,2504.8,2867.4,2866.7,2867.5,26.549999,25.309999,going to home base
2024-04-13T04:41:44Z,2349.5,2348.5,2348.5,2581.8,2581.6,2581.5,5621.1,5620.6,5620.6,2316.6,2316.8,2317.1,3449.7,3449.4,3449.4,4342.4,4342.4,4342.1,6019.3,6018.5,6019.6,8545.0,8545.2,8545.3,5160.1,5160.2,5161.0,7372.0,7372.6,7373.3,6059.9,6061.1,6061.4,1841.4,1840.2,1839.8,3642.4,3642.2,3643.3,2505.0,2504.5,2503.9,2867.7,2866.8,2866.5,26.549999,25.370001,going to home base
2024-04-13T04:41:49Z,2349.3,2348.7,2348.9,2581.2,2581.6,2582.2,5621.1,5620.2,5620.2,2316.9,2316.9,2317.2,3449.6,3448.9,3449.9,4342.4,4342.7,4342.7,6018.8,6019.9,6021.1,8542.1,8542.7,8544.3,5161.0,5160.6,5161.7,7371.7,7370.8,7372.0,6060.6,6058.3,6060.3,1840.5,1839.2,1839.1,3642.3,3642.4,3643.0,2505.0,2504.9,2504.4,2867.2,2866.5,2866.9,26.549999,25.370001,going to home base
2024-04-13T04:41:54Z,2349.5,2348.9,2349.0,2580.6,2580.8,2581.4,5620.8,5620.7,5621.5,2316.9,2316.8,2316.9,3450.3,3449.9,3449.5,4342.9,4342.5,4342.3,6018.8,6019.6,6021.0,8544.9,8544.9,8543.9,5160.1,5160.4,5160.8,7373.2,7373.8,7373.4,6060.8,6060.7,6060.1,1841.3,1839.7,1839.7,3642.7,3643.0,3643.3,2505.3,2504.4,2504.1,2867.7,2867.1,2866.9,26.570000,25.330000,going to home base
2024-04-13T04:41:59Z,2349.4,2348.6,2348.7,2580.7,2580.7,2581.3,5620.5,5620.6,5619.8,2316.7,2316.7,2317.1,3449.2,3449.5,3449.4,4343.0,4342.5,4343.0,6021.4,6022.2,6021.9,8545.2,8544.7,8546.5,5160.8,5159.5,5160.4,7374.5,7373.7,7372.5,6058.3,6061.1,6061.6,1841.0,1839.8,1839.3,3642.6,3642.2,3643.3,2505.1,2504.5,2504.4,2868.0,2867.5,2867.9,26.559999,25.370001,going to home base
2024-04-13T04:42:04Z,2349.0,2348.4,2348.5,2580.6,2581.2,2581.5,5620.2,5619.9,5620.2,2316.8,2316.9,2316.8,3450.7,3450.3,3449.8,4342.7,4342.7,4342.8,6020.0,6019.4,6020.7,8545.1,8544.4,8545.4,5159.9,5159.9,5160.1,7374.1,7374.4,7374.3,6060.4,6061.0,6060.2,1840.7,1839.2,1839.1,3642.4,3642.6,3643.2,2505.2,2504.3,2504.7,2867.2,2866.8,2867.5,26.570000,25.350000,going to home base
2024-04-13T04:42:09Z,2349.4,2348.6,2348.7,2580.9,2580.7,2581.2,5620.4,5620.2,5620.2,2316.6,2316.5,2317.2,3450.4,3449.8,3449.7,4342.6,4342.4,4342.7,6019.8,6018.7,6019.1,8545.4,8545.0,8543.6,5159.0,5159.0,5159.2,7373.4,7371.7,7373.4,6061.1,6062.1,6060.0,1840.8,1839.4,1839.0,3641.8,3642.1,3642.8,2505.7,2505.1,2505.2,2866.8,2867.2,2867.5,26.559999,25.370001,going to home base
2024-04-13T04:42:14Z,2348.7,2348.0,2348.2,2581.4,2581.1,2581.2,5620.5,5620.0,5620.0,2317.6,2317.5,2317.3,3450.1,3449.4,3449.4,4342.7,4342.0,4342.2,6020.1,6018.6,6019.7,8543.5,8542.6,8544.2,5159.3,5159.8,5159.6,7374.9,7373.6,7374.6,6061.3,6061.3,6059.5,1841.6,1839.6,1839.6,3642.8,3642.3,3643.3,2506.2,2505.2,2504.8,2868.0,2866.9,2868.6,26.549999,25.389999,going to home base
2024-04-13T04:42:19Z,2349.2,2348.6,2348.7,2580.8,2581.2,2581.6,5621.0,5620.1,5620.4,2317.3,2316.9,2317.5,3450.0,3449.2,3449.6,4342.3,4342.1,4342.0,6018.1,6017.9,6018.4,8544.9,8545.0,8545.5,5160.2,5159.5,5160.4,7374.4,7373.6,7372.4,6059.9,6058.7,6059.0,1841.2,1839.3,1839.2,3642.2,3642.3,3643.6,2505.7,2504.5,2504.8,2867.1,2867.4,2867.4,26.570000,25.360001,going to home base
2024-04-13T04:42:24Z,2347.9,2347.3,2347.2,2580.9,2581.2,2581.0,5621.1,5620.2,5620.6,2316.8,2316.8,2317.4,3451.0,3450.3,3450.7,4342.5,4342.2,4342.2,6020.2,6019.2,6020.9,8542.2,8542.8,8543.8,5159.2,5158.6,5159.7,7371.8,7372.1,7371.8,6059.2,6057.8,6058.4,1840.4,1838.9,1838.9,3642.1,3642.2,3643.2,2506.1,2505.0,2504.8,2868.3,2867.7,2868.5,26.549999,25.360001,going to home base
2024-04-13T04:42:29Z,2349.3,2348.6,2348.7,2581.2,2581.2,2581.5,5620.2,5620.1,5620.0,2316.6,2316.4,2316.6,3449.6,3448.8,3449.0,4342.2,4342.0,4342.0,6020.9,6020.5,6021.5,8543.3,8544.2,8544.0,5160.0,5159.3,5160.4,7373.2,7371.0,7370.9,6060.6,6058.9,6059.5,1841.3,1839.6,1839.9,3642.5,3642.2,3642.8,2505.3,2503.9,2504.6,2868.6,2868.4,2869.0,26.549999,25.360001,going to home base
2024-04-13T04:42:34Z,2349.0,2348.4,2348.7,2581.0,2580.7,2580.8,5620.6,5619.9,5620.3,2315.8,2315.7,2316.8,3449.3,3449.0,3449.0,4342.4,4342.7,4342.7,6021.5,6021.8,6021.6,8546.2,8544.7,8545.5,5160.6,5159.4,5160.5,7373.0,7372.5,7373.4,6057.6,6056.4,6057.7,1841.3,1839.8,1839.6,3642.1,3642.0,3642.6,2505.7,2504.8,2505.0,2869.1,2868.6,2868.5,26.559999,25.370001,going to home base
2024-04-13T04:42:39Z,2348.7,2348.1,2348.5,2579.7,2580.2,2580.6,5620.2,5620.3,5620.3,2316.6,2316.1,2316.9,3449.2,3449.2,3449.0,4342.6,4342.4,4342.6,6021.2,6020.0,6020.6,8547.4,8546.2,8545.5,5161.2,5160.5,5160.6,7374.1,7373.1,7372.2,6057.2,6059.0,6058.5,1841.2,1839.3,1839.1,3642.4,3642.6,3643.7,2505.5,2504.4,2504.4,2868.8,2868.5,2868.2,26.559999,25.370001,going to home base
2024-04-13T04:42:44Z,2348.9,2347.6,2347.9,2580.9,2580.7,2581.2,5620.3,5620.2,5619.9,2316.8,2316.6,2317.1,3448.8,3449.5,3449.2,4342.4,4342.8,4342.3,6020.4,6020.3,6021.4,8545.2,8544.9,8543.0,5159.7,5159.0,5160.1,7374.0,7371.8,7372.1,6057.8,6059.5,6058.8,1840.9,1839.8,1840.0,3643.0,3642.9,3643.7,2505.4,2504.6,2504.7,2868.9,2867.9,2867.5,26.549999,25.370001,going to home base
2024-04-13T04:42:49Z,2348.0,2347.7,2347.8,2580.0,2580.1,2580.6,5619.9,5619.3,5619.5,2316.5,2316.1,2316.4,3449.9,3449.4,3449.7,4342.3,4342.2,4342.3,6022.6,6022.0,6021.4,8544.4,8545.6,8545.1,5160.3,5160.2,5161.2,7374.2,7372.8,7372.2,6057.8,6057.3,6059.3,1841.3,1839.8,1839.9,3641.9,3642.4,3643.1,2504.4,2503.4,2503.7,2868.5,2869.7,2869.6,26.549999,25.370001,going to home base
2024-04-13T04:42:54Z,2348.4,2347.6,2347.9,2580.5,2580.4,2580.9,5620.3,5619.8,5620.1,2316.4,2316.8,2316.9,3450.5,3449.8,3449.3,4342.6,4342.2,4342.3,6021.5,6022.4,6020.7,8544.2,8543.4,8544.4,5158.7,5157.9,5158.6,7374.3,7373.7,7373.9,6057.3,6058.2,6057.6,1840.5,1839.2,1839.0,3642.7,3642.9,3643.4,2505.3,2504.6,2504.3,2869.4,2868.4,2867.8,26.559999,25.350000,going to home base
2024-04-13T04:42:59Z,2348.4,2347.6,2348.0,2579.8,2580.4,2580.4,5620.7,5619.8,5620.0,2316.2,2316.4,2316.7,3449.1,3448.4,3448.6,4342.1,4341.9,4341.6,6023.8,6023.5,6023.0,8545.2,8545.4,8542.8,5159.4,5159.5,5160.2,7375.0,7372.5,7373.5,6056.8,6056.8,6055.5,1840.7,1839.2,1839.0,3642.0,3642.0,3642.8,2504.9,2504.2,2504.9,2868.9,2867.5,2867.4,26.570000,25.370001,going to home base
2024-04-13T04:43:04Z,2348.8,2348.1,2348.5,2579.8,2579.3,2580.6,5620.5,5620.4,5620.4,2316.5,2316.2,2315.9,3448.8,3449.1,3448.6,4342.1,4341.8,4342.1,6019.3,6019.8,6019.6,8541.2,8541.7,8542.2,5160.6,5160.7,5160.9,7375.6,7374.5,7374.0,6058.3,6057.7,6057.9,1841.1,1839.6,1839.3,3642.6,3642.7,3643.7,2504.6,2503.8,2504.4,2868.4,2868.1,2868.2,26.570000,25.360001,going to home base
2024-04-13T04:43:09Z,2348.1,2347.9,2348.1,2580.3,2580.2,2580.9,5620.9,5620.4,5620.6,2316.1,2316.2,2316.5,3449.6,3450.0,3449.5,4341.9,4341.6,4342.0,6021.5,6020.2,6020.9,8541.5,8542.1,8541.8,5160.1,5160.0,5160.4,7372.3,7371.7,7372.5,6059.6,6057.2,6059.8,1841.1,1839.7,1839.5,3642.7,3643.2,3644.4,2504.2,2503.5,2503.8,2869.2,2869.2,2868.7,26.559999,25.330000,going to home base
2024-04-13T04:43:14Z,2348.6,2347.4,2348.0,2580.4,2580.3,2580.5,5621.3,5620.4,5620.6,2316.4,2316.6,2316.7,3449.3,3449.7,3449.6,4342.0,4342.0,4342.1,6019.7,6018.5,6018.6,8544.3,8541.6,8543.8,5158.9,5159.0,5159.7,7373.4,7371.9,7373.4,6059.8,6058.5,6060.0,1840.9,1839.5,1839.2,3643.7,3643.7,3644.6,2505.0,2504.0,2504.1,2867.2,2866.6,2866.9,26.549999,25.379999,going to home base
2024-04-13T04:43:19Z,2348.6,2347.8,2348.1,2580.4,2580.2,2581.1,5620.5,5619.6,5620.0,2316.6,2315.9,2316.4,3449.6,3450.0,3449.4,4342.1,4341.6,4341.7,6018.2,6017.9,6017.5,8544.0,8542.9,8542.6,5159.5,5159.4,5160.1,7373.5,7373.7,7372.9,6059.9,6059.1,6059.5,1841.3,1840.0,1840.0,3643.5,3643.2,3644.5,2505.1,2504.1,2504.0,2867.4,2867.3,2868.1,26.530001,25.360001,going to home base
2024-04-13T04:43:24Z,2348.4,2347.5,2348.0,2580.5,2580.5,2581.2,5619.4,5619.2,5619.5,2316.8,2316.7,2316.9,3449.9,3449.2,3448.9,4341.4,4341.8,4341.5,6019.5,6019.0,6018.3,8544.3,8544.8,8545.6,5158.3,5157.7,5159.3,7373.4,7373.0,7372.8,6059.0,6060.3,6059.5,1841.0,1839.3,1839.3,3642.8,3642.9,3644.0,2504.2,2503.8,2504.4,2867.7,2867.4,2867.4,26.559999,25.360001,going to home base
2024-04-13T04:43:29Z,2348.1,2347.7,2348.0,2580.4,2580.2,2580.4,5619.7,5619.2,5619.1,2316.7,2316.9,2317.0,3449.9,3449.2,3448.9,4342.0,4341.8,4342.1,6019.2,6019.4,6019.2,8544.1,8545.1,8545.4,5159.0,5157.8,5159.5,7371.9,7371.0,7371.1,6058.3,6057.7,6057.8,1841.2,1839.7,1839.3,3642.6,3642.4,3643.1,2504.9,2504.5,2503.9,2870.3,2869.4,2868.9,26.549999,25.360001,going to home base
2024-04-13T04:43:34Z,2348.9,2348.3,2348.1,2580.5,2580.2,2581.1,5619.1,5619.1,5619.4,2316.6,2316.6,2317.4,3450.3,3449.5,3449.5,4342.4,4342.4,4342.3,6019.0,6019.2,6019.3,8545.4,8544.7,8545.3,5158.8,5158.8,5160.1,7372.7,7372.9,7372.0,6059.6,6057.4,6059.3,1840.6,1839.3,1839.1,3642.3,3642.8,3643.0,2504.6,2503.7,2504.1,2867.7,2867.2,2867.1,26.570000,25.350000,going to home base
2024-04-13T04:43:39Z,2348.8,2348.3,2348.6,2580.8,2580.6,2581.1,5620.5,5619.8,5619.4,2317.2,2317.6,2317.9,3450.0,3450.1,3449.7,4341.9,4341.6,4341.7,6017.5,6016.6,6017.1,8545.2,8545.3,8545.6,5160.2,5159.7,5161.1,7375.6,7373.4,7373.7,6057.8,6057.6,6058.7,1841.1,1839.7,1839.4,3642.2,3642.6,3643.7,2505.2,2504.8,2504.2,2869.0,2868.3,2868.7,26.559999,25.370001,going to home base
2024-04-13T04:43:44Z,2348.8,2348.1,2348.6,2580.9,2580.6,2580.9,5620.3,5619.7,5620.1,2316.3,2316.3,2317.1,3449.5,3448.8,3448.5,4341.5,4341.6,4341.8,6018.5,6016.9,6017.8,8548.0,8547.4,8547.5,5159.5,5159.5,5159.9,7371.8,7370.0,7371.5,6057.6,6057.7,6058.9,1840.7,1839.0,1839.2,3642.7,3643.2,3643.8,2504.3,2503.3,2503.5,2867.4,2866.8,2867.8,26.559999,25.360001,going to home base
2024-04-13T04:43:49Z,2348.8,2348.1,2348.2,2580.9,2580.6,2580.8,5620.2,5619.3,5620.3,2316.4,2316.5,2317.3,3449.1,3448.8,3448.8,4341.9,4341.5,4341.9,6018.4,6018.8,6019.6,8544.3,8545.4,8546.7,5158.5,5158.7,5159.3,7372.4,7371.3,7371.0,6058.6,6058.3,6057.4,1841.1,1839.9,1839.7,3642.5,3642.2,3643.9,2504.3,2503.3,2503.4,2867.2,2867.2,2867.1,26.549999,25.350000,going to home base
2024-04-13T04:43:59Z,2348.8,2348.0,2348.4,2581.1,2580.8,2581.3,5620.3,5619.8,5620.1,2316.1,2316.1,2316.5,3449.1,3449.4,3449.2,4342.7,4341.9,4342.3,6021.0,6020.4,6020.2,8546.6,8546.0,8546.1,5159.2,5159.6,5160.6,7373.4,7372.9,7372.8,60start,26494.3,26494.9,2580.6,2581.0,5620.2,5619.6,5619.8,2316.6,2316.5,2316.7,3723.9,3723.2,87684.8,87713.6,13976.4,3450.7,going to home base
2024-04-13T04:44:09Z,2348.5,2348.3,2348.3,2580.1,2580.5,2580.4,5620.5,5619.8,5620.4,2316.3,2316.2,2316.6,3449.9,3449.8,3449.2,4342.3,4341.9,4342.1,6018.5,6017.5,6017.5,8546.1,8545.4,8546.3,5159.3,5158.3,5159.5,7371.6,7372.7,7371.6,6059.8,6057.7,6060.0,1841.4,1839.7,1839.7,3643.7,3642.6,3643.5,2503.9,2503.7,2503.7,2865.2,2865.9,2865.9,26.559999,25.350000,going to home base
2024-04-13T04:44:14Z,2347.9,2347.2,2347.6,2581.2,2580.9,2581.1,5619.6,5620.0,5620.1,2316.7,2316.6,2317.1,3450.5,3450.3,3450.4,4341.8,4341.9,4341.7,6018.7,6018.8,6019.1,8544.8,8546.2,8545.2,5158.2,5158.7,5158.6,7373.7,7372.3,7372.8,6060.1,6059.4,6061.5,1841.1,1839.5,1839.3,3642.2,3642.4,3643.4,2504.3,2503.4,2503.6,2866.9,2866.5,2866.0,26.549999,25.370001,going to home base
2024-04-13T04:44:19Z,2348.2,2347.8,2348.4,2580.8,2580.8,2581.5,5619.6,5619.4,5620.0,2317.5,2317.7,2317.8,3450.4,3450.7,3449.8,4342.2,4342.0,4342.1,6019.9,6020.1,6020.5,8546.3,8546.1,8545.0,5159.2,5159.1,5160.0,7371.7,7371.5,7371.0,6059.5,6058.9,6059.5,1840.9,1839.3,1839.7,3642.5,3643.0,3643.9,2504.8,2504.1,2504.2,2867.1,2868.0,2868.4,26.559999,25.360001,going to home base
2024-04-13T04:44:24Z,2348.8,2348.6,2348.5,2580.6,2579.6,2579.9,5620.2,5619.6,5619.4,2317.4,2317.3,2317.5,3449.3,3448.8,3448.7,4341.9,4341.5,4341.6,6019.1,6018.0,6018.8,8546.1,8546.6,8545.0,5158.4,5157.9,5159.2,7374.1,7373.1,7373.4,6060.1,6057.4,6059.5,1840.5,1839.2,1839.2,3643.1,3643.4,3643.7,2504.5,2503.3,2503.7,2868.7,2867.4,2868.0,26.559999,25.320000,going to home base
2024-04-13T04:44:29Z,2348.6,2347.6,2347.6,2580.7,2580.6,2581.4,5619.9,5619.9,5619.5,2316.9,2316.5,2316.9,3450.3,3449.5,3449.6,4341.1,4342.2,4341.4,6019.4,6019.4,6020.6,8547.5,8544.7,8546.4,5159.4,5159.0,5161.4,7373.6,7373.2,7373.8,6058.6,6058.9,6058.6,1840.8,1839.5,1839.3,3643.1,3643.6,3643.7,2504.7,2504.0,2503.9,2867.5,2867.0,2867.3,26.530001,25.330000,going to home base
2024-04-13T04:44:34Z,2348.3,2347.6,2348.0,2580.4,2580.1,2580.1,5621.0,5619.7,5620.1,2317.4,2316.9,2317.6,3449.5,3448.8,3449.0,4341.8,4341.6,4341.7,6018.7,6018.0,6018.2,8546.6,8546.8,8546.5,5157.9,5157.3,5159.2,7374.4,7374.6,7373.3,6060.2,6060.4,6060.4,1840.2,1838.9,1838.8,3642.2,3642.3,3643.3,2503.9,2503.6,2504.2,2868.1,2868.4,2868.8,26.549999,25.350000,going to home base
2024-04-13T04:44:39Z,2348.1,2347.2,2347.7,2580.1,2580.2,2581.3,5620.7,5620.1,5620.1,2317.7,2317.5,2317.9,3450.8,3450.5,3450.3,4342.2,4342.1,4342.0,6020.4,6019.0,6019.8,8543.4,8544.2,8545.6,5159.5,5159.3,5160.4,7373.0,7372.1,7372.5,6059.9,6059.4,6061.0,1840.8,1839.6,1839.0,3642.6,3642.0,3643.2,2505.6,2504.2,2504.8,2868.9,2868.5,2869.1,26.549999,25.400000,going to home base
2024-04-13T04:44:44Z,2348.3,2347.6,2348.3,2580.5,2580.3,2579.9,5619.6,5619.0,5619.5,2316.6,2316.9,2316.6,3449.9,3449.1,3449.9,4342.2,4342.1,4342.2,6017.7,6018.3,6019.3,8546.2,8544.4,8545.3,5159.5,5159.6,5159.9,7371.9,7371.0,7372.7,6062.4,6060.3,6060.5,1841.0,1839.6,1839.7,3642.8,3642.9,3643.4,2505.0,2504.6,2504.4,2867.8,2867.7,2868.2,26.549999,25.379999,going to home base
2024-04-13T04:44:49Z,2348.2,2347.3,2347.3,2581.0,2580.8,2581.1,5620.6,5619.8,5620.3,2316.7,2316.7,2317.2,3449.9,3449.6,3449.8,4341.6,4341.3,4341.4,6019.0,6018.6,6020.0,8546.5,8544.2,8546.0,5159.2,5158.6,5159.6,7372.5,7372.0,7371.7,6058.3,6058.8,6060.3,1841.1,1839.3,1839.2,3642.2,3642.7,3642.9,2505.7,2504.6,2505.0,2869.2,2868.4,2868.8,26.549999,25.360001,going to home base
2024-04-13T04:44:54Z,2348.6,2347.6,2347.9,2580.0,2580.0,2581.2,5620.0,5620.0,5621.0,2317.4,2317.6,2317.7,3449.5,3448.5,3448.7,4341.9,4341.7,4342.0,6019.3,6019.7,6019.6,8547.4,8545.9,8546.0,5160.3,5159.7,5159.7,7374.0,7372.1,7372.0,6059.3,6058.5,6059.3,1840.5,1839.1,1839.5,3641.8,3642.2,3642.9,2504.0,2503.6,2503.7,2868.6,2867.8,2867.3,26.549999,25.370001,going to home base
2024-04-13T04:44:59Z,2348.6,2348.2,2348.5,2580.3,2580.5,2580.7,5620.1,5619.3,5619.8,2317.4,2317.7,2317.5,3450.3,3449.7,3450.0,4341.5,4341.7,4341.7,6019.5,6020.4,6019.9,8545.1,8545.0,8545.1,5159.6,5159.7,5160.1,7372.2,7371.5,7371.9,6059.2,6060.5,6058.0,1840.8,1839.4,1839.5,3642.1,3642.5,3643.3,2504.6,2503.8,2503.9,2868.6,2868.6,2867.9,26.549999,25.330000,going to home base
2024-04-13T04:45:04Z,2348.3,2347.6,2347.8,2580.1,2580.9,2581.2,5620.5,5619.8,5619.8,2317.1,2317.2,2317.5,3450.3,3450.6,3449.9,4341.8,4341.4,4341.9,6019.7,6019.0,6019.4,8544.1,8544.1,8544.9,5160.8,5159.7,5160.3,7371.5,7371.5,7371.7,6059.0,6059.9,6059.8,1840.4,1839.4,1839.1,3642.4,3642.3,3643.2,2503.9,2503.3,2503.7,2869.4,2867.8,2869.1,26.559999,25.360001,going to home base
2024-04-13T04:45:09Z,2348.0,2347.2,2347.6,2581.4,2581.5,2581.4,5620.4,5619.8,5619.8,2317.3,2317.2,2317.4,3450.0,3449.4,3449.5,4342.3,4342.1,4341.6,6017.0,6018.5,6017.9,8546.0,8545.8,8546.0,5159.7,5159.4,5159.9,7372.3,7371.7,7371.1,6060.7,6060.0,6058.3,1840.7,1839.3,1839.3,3642.3,3642.9,3643.7,2505.6,2505.1,2504.6,2869.3,2868.2,2868.6,26.530001,25.350000,going to home base
2024-04-13T04:45:14Z,2348.1,2347.6,2347.9,2580.5,2580.7,2581.0,5620.0,5619.9,5620.5,2316.6,2316.8,2316.7,3449.1,3449.0,3448.6,4342.7,4342.2,4342.6,6016.9,6018.5,6019.3,8546.1,8545.7,8543.7,5160.4,5159.9,5159.6,7369.6,7370.1,7370.3,6057.6,6059.1,6059.6,1840.3,1839.1,1839.0,3642.2,3642.4,3643.6,2505.2,2504.5,2504.8,2868.5,2868.0,2868.4,26.549999,25.350000,going to home base
